system:index,aspect_deg,date,dewpoint_k,elevation_m,fire_label,landcover,ndvi,precip_total_m,slope_deg,temp_mean_k,wind_speed,.geo
0,191.98555278093679,2025-04-15,289.4219886234828,222,0,10,0.2305458768873403,0.009730085709293235,2.369051129465602,304.1134181703841,0.8464750890920731,"{""type"":""Point"",""coordinates"":[80.30784277825451,19.59356286002032]}"
1,294.9218124982463,2025-04-15,287.7686857495989,239,0,40,0.14558768772495967,0.0043979435946539525,1.1004016448386111,303.95555800483334,0.5227714609873296,"{""type"":""Point"",""coordinates"":[82.7793533664545,21.674992188551304]}"
2,180.0,2025-04-15,287.52666682288765,598,0,10,0.6224317138022721,0.006473287918765891,0.4637353428839794,301.9323239553542,0.7758623726077065,"{""type"":""Point"",""coordinates"":[81.57563564999846,19.663593829888605]}"
3,23.729615064571195,2025-04-15,286.4760367075602,469,0,10,0.3189910979228487,0.006876230218608725,8.547771674057154,303.8792233694167,1.0484534075812313,"{""type"":""Point"",""coordinates"":[80.58638728398807,20.49363888551127]}"
4,114.9668928953983,2025-04-15,286.5682114192418,277,0,40,0.1354969061750221,0.004218831637103904,1.098542247319582,304.19437985193156,0.5239937165587103,"{""type"":""Point"",""coordinates"":[81.58327670285571,21.375432844753433]}"
5,119.66334649773638,2025-04-15,289.7376450129918,878,0,10,0.22968469623173546,0.007431194164951194,5.604318425674495,299.1353210721697,0.2856783496044401,"{""type"":""Point"",""coordinates"":[82.62937853244598,18.33437535204941]}"
6,-0.0,2025-04-15,286.4533781324114,418,0,10,0.6278395360077332,0.005427464821536887,25.147489683916906,303.9373346510388,0.4318875052815747,"{""type"":""Point"",""coordinates"":[82.94571129888458,22.122134474614036]}"
7,294.9276293603165,2025-04-15,287.08264478047687,247,0,40,0.1526172230159761,0.009803026893337119,1.100161329214969,303.6433835256667,0.38235718519545336,"{""type"":""Point"",""coordinates"":[82.58962268522933,21.636599176590114]}"
8,90.0,2025-04-15,290.32242575145904,264,0,10,0.42101330144970855,0.009569242575366843,0.4998689688263625,303.29572146279463,1.1480735713722015,"{""type"":""Point"",""coordinates"":[84.12588059473363,21.919054802639636]}"
9,270.0,2025-04-15,287.7686857495989,220,0,40,0.7251680358476476,0.0043979435946539525,0.4992287750832021,303.95555800483334,0.5227714609873296,"{""type"":""Point"",""coordinates"":[82.79648924038753,21.73643121520637]}"
10,-0.0,2025-04-15,286.42720858256024,253,0,40,0.11464280203672272,0.007427439072330344,0.0,303.79655851636613,0.430160214717808,"{""type"":""Point"",""coordinates"":[82.09976891930343,21.578514906840113]}"
11,129.16552351248296,2025-04-15,288.2268156324114,243,0,40,0.18314424635332252,0.008152723291118491,5.126254065758294,303.89598769233345,0.6325368944589649,"{""type"":""Point"",""coordinates"":[83.08379703323158,21.417423620214795]}"
12,90.0,2025-04-15,286.5671999795096,385,0,50,0.3063278399798717,0.006455421426494468,0.9902314104757725,303.765761920384,1.1493999946233988,"{""type"":""Point"",""coordinates"":[81.06788429359796,20.520320528574462]}"
13,180.0,2025-04-15,296.60082744416735,66,0,40,0.2745179636565404,0.010155826785762656,0.4637353428839794,302.45305265699113,2.014590322766444,"{""type"":""Point"",""coordinates"":[83.71700897140519,18.324529036124517]}"
14,144.59826528343336,2025-04-15,287.2102780115037,356,0,40,0.2382608695652174,0.008515894391734946,1.7063030226769103,303.45798778533936,1.1501843217206096,"{""type"":""Point"",""coordinates"":[81.01341984578754,20.27627350280171]}"
15,180.0,2025-04-15,285.93966556730715,296,0,40,0.12568613652357494,0.004776269176204551,0.463735342881014,304.17526131584526,0.4480914337009571,"{""type"":""Point"",""coordinates"":[81.83573568904839,21.48450764673911]}"
16,252.55767151858382,2025-04-15,292.2720107123966,417,0,40,0.401006711409396,0.01804114876051699,4.631276597480631,299.7749695096698,0.4956498669208496,"{""type"":""Point"",""coordinates"":[84.17803993268883,19.51135223517712]}"
17,57.37870413704651,2025-04-15,283.87222462608696,495,0,10,0.3103231879510511,0.003667831399638999,7.6956129134822895,302.4821635200864,0.5360956299138719,"{""type"":""Point"",""coordinates"":[81.40116366845746,22.404404073796034]}"
18,161.00457030668622,2025-04-15,289.7091677529471,494,0,10,0.41123818995524614,0.024912342407901633,10.665066394557721,301.7530491692679,0.7514406785966009,"{""type"":""Point"",""coordinates"":[84.18531387502019,22.435448138717973]}"
19,166.7446037132535,2025-04-15,288.32459976559596,571,0,30,0.33587786259541985,0.00796000657339846,4.279971621211488,301.90843886420845,0.8794513487891377,"{""type"":""Point"",""coordinates"":[81.9962640212583,19.379099400724666]}"
20,138.84145048124665,2025-04-15,290.5200692131406,612,0,30,0.4740882917466411,0.016061544397075522,34.52897826862508,299.4179312842233,0.6067817726989256,"{""type"":""Point"",""coordinates"":[83.11108703001278,18.676812277032127]}"
21,316.4223885871995,2025-04-15,284.7529096149263,799,0,40,0.26026467594163555,0.013477683046062339,5.1075655509991735,298.7912920543126,0.5270477915627231,"{""type"":""Point"",""coordinates"":[83.97226822529977,23.138205472430194]}"
23,337.9294142579873,2025-04-15,289.93592789059596,409,0,10,0.43131828113619813,0.027536094167430747,3.9968247740897076,301.87525317782445,0.7702538804858077,"{""type"":""Point"",""coordinates"":[84.33204040566565,22.350523872376503]}"
24,-0.0,2025-04-15,282.7509739285424,383,0,40,0.2537673297166968,0.0028454512145117405,0.0,302.69365324292863,0.2898119024097073,"{""type"":""Point"",""coordinates"":[80.70495420199491,23.848827975078866]}"
25,90.0,2025-04-15,290.83731832958404,157,0,40,0.26479980348808646,0.003407046177585471,1.4908792862247169,304.06181730542863,0.8878745823626838,"{""type"":""Point"",""coordinates"":[84.04569938561195,21.09964393030872]}"
26,40.570145011947915,2025-04-15,289.2558160509382,207,0,40,0.23097534833869238,0.005990594604213584,3.0496390721045152,305.1074250993275,0.8187334104566732,"{""type"":""Point"",""coordinates"":[83.35601827232023,20.874533353033033]}"
27,262.4192360621491,2025-04-15,284.86315073285783,312,0,10,0.31238686320144815,0.0032816082026556614,3.5108571162707767,304.64427289508643,0.6620593247313776,"{""type"":""Point"",""coordinates"":[80.4315786392382,21.312559650079383]}"
28,144.3192202136255,2025-04-15,290.44065375555135,233,0,10,0.5499681731381286,0.009819820502002585,1.712246437949134,303.3341503597441,1.2161350551303072,"{""type"":""Point"",""coordinates"":[84.19583858642721,21.809409242434203]}"
29,214.55723872586952,2025-04-15,289.2018900371733,352,0,30,0.24090247452692867,0.02370947597285067,12.200366655089129,301.8527282987322,0.7061124530756783,"{""type"":""Point"",""coordinates"":[84.32086091717274,22.491528591166162]}"
30,207.964386708834,2025-04-15,287.8144098009382,618,0,30,0.5232333010648597,0.011343494036395896,1.0499840550272865,301.9858721324376,1.017448217492095,"{""type"":""Point"",""coordinates"":[82.29019031823839,19.64880139432304]}"
31,64.95577093954363,2025-04-15,289.1386111123221,163,0,10,0.22014051522248243,0.004523947813709128,1.0953685878702413,305.1690415427798,0.8107961284514307,"{""type"":""Point"",""coordinates"":[83.51124722536338,20.853101673858223]}"
32,346.71406742896255,2025-04-15,288.72318258739654,406,0,10,0.3299211509199059,0.019496977307994712,4.280507639396928,302.0423034940447,0.7695480480309935,"{""type"":""Point"",""coordinates"":[80.7992489156221,19.76368794305458]}"
33,47.212649307066755,2025-04-15,290.0930323827834,371,0,10,0.31739002066725713,0.020166859009464133,0.6826698880456886,302.30668453943156,0.8288103778975404,"{""type"":""Point"",""coordinates"":[83.8639523260533,22.241015970593686]}"
34,132.97811589104936,2025-04-15,290.9188322339739,126,0,80,0.12200684150513112,0.0045448541428640965,0.680227045663058,304.00718212127686,0.8692507232319736,"{""type"":""Point"",""coordinates"":[83.90816940958457,21.28233277563386]}"
35,306.4986260657114,2025-04-15,282.430562609718,677,0,10,0.5539229276406986,0.004587411859233725,3.1155720821123545,302.0988278616042,0.6866045181174356,"{""type"":""Point"",""coordinates"":[80.9153334454529,22.34608125848924]}"
36,-0.0,2025-04-15,282.9945623307001,618,0,40,0.3461584418688015,0.005827248075206626,1.390963080774087,302.7961981183007,0.6019144954209265,"{""type"":""Point"",""coordinates"":[80.84119579937901,22.100575876003752]}"
37,107.01727657518346,2025-04-15,291.76224508739654,778,0,10,0.42391304347826086,0.0073520839001730565,18.359727622141897,299.83701029277984,0.7096388886795122,"{""type"":""Point"",""coordinates"":[84.08285651957682,19.31997146483396]}"
38,164.7542598639517,2025-04-15,283.06772895086385,625,0,10,0.3655378486055777,0.006740227320392478,1.92192461582116,300.31977512722926,0.7112088645727142,"{""type"":""Point"",""coordinates"":[83.49552769112645,23.471473243787617]}"
39,208.58318680974224,2025-04-15,283.2411618005662,560,0,40,0.16923076923076924,0.00464974341650759,1.0560997333393418,301.36579563504176,0.5965478875092337,"{""type"":""Point"",""coordinates"":[83.27662993995926,23.406994459901934]}"
40,60.972707776713136,2025-04-15,289.2436090196882,374,0,30,0.21127450980392157,0.024794220903118003,2.8648018087516287,301.96139994121734,0.7065330754085175,"{""type"":""Point"",""coordinates"":[83.77212257266687,22.348990583828936]}"
41,12.240900479959508,2025-04-15,295.7505495888846,326,0,10,0.7296251511487304,0.006363064029415,37.305979257179764,302.292129107884,1.2818361678543249,"{""type"":""Point"",""coordinates"":[83.0535007756364,17.84062146727864]}"
42,133.42380995527787,2025-04-15,291.16954721723283,121,0,10,0.22131793121554214,0.008435696342189658,0.6746162316612114,304.6192194166637,1.0145974704321374,"{""type"":""Point"",""coordinates"":[80.42218123836194,18.837244074526257]}"
43,133.04985090958795,2025-04-15,285.99765477861683,286,0,30,0.2727945712523134,0.005079179980953086,0.6793149043297971,304.248927843003,0.6645666539055702,"{""type"":""Point"",""coordinates"":[82.0004656748597,20.909250519966143]}"
44,64.57577998691359,2025-04-15,292.5020958128429,140,0,30,0.27674979887369267,0.009113833286960471,1.08006575396004,304.442525545756,1.3032598833709532,"{""type"":""Point"",""coordinates"":[81.14045314464262,18.064451829659465]}"
45,76.78850221685234,2025-04-15,287.7988603682745,602,0,10,0.37731699654414075,0.015795871594150412,4.051454055643771,302.4676197142829,0.8313022967924016,"{""type"":""Point"",""coordinates"":[81.23646619940192,20.10966452650267]}"
46,270.0,2025-04-15,289.2414466312954,178,0,10,0.43490590358339776,0.0074527263428763035,2.966433751966058,303.89335446130656,0.8827316424362804,"{""type"":""Point"",""coordinates"":[83.67244054448268,20.421428628586682]}"
47,104.89152644918096,2025-04-15,287.2787827083043,359,0,10,0.24936601859678784,0.013344511368472922,3.6042944682086113,303.4678347905477,0.35235624638002405,"{""type"":""Point"",""coordinates"":[82.49615154040536,21.452491138127552]}"
48,270.0,2025-04-15,288.2680870237804,631,0,10,0.6550698780850431,0.010587483623226035,1.4756650829051148,302.00267714545834,0.9617712106465082,"{""type"":""Point"",""coordinates"":[82.18113052088907,19.510781746239715]}"
49,167.75482024003892,2025-04-15,282.13504782177154,877,0,10,0.3677575757575758,0.005261078455646384,2.37135401788455,300.0777910777501,0.573451479405207,"{""type"":""Point"",""coordinates"":[81.69465571254229,22.850751953318575]}"
50,125.09905235533404,2025-04-15,287.0138494400751,432,0,10,0.25299987368952886,0.007725208976467002,2.4181396504488597,303.8020284289405,1.1249513991354818,"{""type"":""Point"",""coordinates"":[81.22762373488776,20.437933278183102]}"
51,14.963326912680618,2025-04-15,290.11286590212865,161,0,40,0.2385834109972041,0.010779678800304282,1.9193713411293583,304.4454494203841,0.6625708063653905,"{""type"":""Point"",""coordinates"":[84.00795342833672,20.70610756883101]}"
52,285.52125395493175,2025-04-15,289.1295837220692,538,0,10,0.3205944798301486,0.014042422154147971,5.184822415359156,302.4813613437471,0.7283678949534588,"{""type"":""Point"",""coordinates"":[83.5877005905144,22.218738882569603]}"
53,36.01944428977645,2025-04-15,285.3545418693906,938,0,10,0.7551249648975007,0.018404275157649863,15.119754883617823,299.81003856658936,0.7547764997701085,"{""type"":""Point"",""coordinates"":[84.2146230651539,23.51864772938595]}"
54,169.76446874912648,2025-04-15,284.34463092259,560,0,10,0.2716388933829477,0.004838570931156028,2.8251784142436978,302.54037943340484,0.4399362046214847,"{""type"":""Point"",""coordinates"":[81.91188279610749,22.630119386118164]}"
55,194.9746283908705,2025-04-15,290.11478414989654,115,0,40,0.4885901844326352,0.006381541469295371,1.9194724918606578,304.93920058295834,0.6662574929296236,"{""type"":""Point"",""coordinates"":[83.91838443974032,20.825330385078253]}"
56,62.39425185270255,2025-04-15,283.9414094289144,427,0,10,0.5094606542882405,0.0038166641976431492,3.996617459955748,302.38840770721436,0.7881911556450015,"{""type"":""Point"",""coordinates"":[83.16020511928687,23.78011715305081]}"
57,320.3116445333412,2025-04-15,287.1316705431257,424,0,10,0.1308338384275695,0.007927954175670493,5.407602876615843,303.8505600974673,1.2005599728608785,"{""type"":""Point"",""coordinates"":[80.92554917163356,20.40951977859839]}"
58,208.41022860782417,2025-04-15,286.28050913129533,405,0,10,0.23701933521616336,0.008426189401347983,5.25764207728334,303.0801743552798,0.2797867957887011,"{""type"":""Point"",""coordinates"":[83.330283386098,22.4311706812188]}"
59,199.86841220906408,2025-04-15,283.9885692596435,616,0,30,0.2531093866269799,0.006186276653011191,4.429027670708833,301.76689543042863,0.47232897087781417,"{""type"":""Point"",""coordinates"":[81.99117464423267,22.71915580016439]}"
60,227.11794523312093,2025-04-15,288.0337701525007,214,0,40,0.1903833658219623,0.00425340233107363,3.4034221684522072,304.1250090371995,0.7238381108530536,"{""type"":""Point"",""coordinates"":[83.07209543397538,21.7709873330936]}"
61,162.63768945479458,2025-04-15,292.33651615324476,150,0,10,0.3547395388556789,0.008358806350429404,17.420298609982463,304.28764738355363,1.242021188690047,"{""type"":""Point"",""coordinates"":[80.64984022635511,18.03519556376938]}"
62,50.622063730968726,2025-04-15,286.2540780022031,534,0,40,0.3484211952839138,0.009314447620113242,5.827506804149539,301.47175847916384,0.34393599228290656,"{""type"":""Point"",""coordinates"":[83.56783334571986,22.577585921293842]}"
63,312.8905646727066,2025-04-15,288.98055912199476,211,0,40,0.5366098294884654,0.005010873058040488,1.3624974935434886,304.0366998854138,0.8708369315355932,"{""type"":""Point"",""coordinates"":[83.29152059840585,21.727829935780377]}"
64,191.91879220583357,2025-04-15,291.5764133816673,298,0,10,0.4035190615835777,0.005985006668765891,4.728868175516893,304.0102803820655,0.9773029008817852,"{""type"":""Point"",""coordinates"":[80.89165310094376,18.64285987000997]}"
65,-0.0,2025-04-15,288.4550115494501,558,0,40,0.7023712183156173,0.009663805344303,0.0,302.04733162834526,0.9014992121359736,"{""type"":""Point"",""coordinates"":[82.24460160007355,19.295628849605173]}"
66,180.0,2025-04-15,288.56022453308105,583,0,10,0.5548743102391172,0.018210247137744773,3.704791833694711,301.80297592708047,0.7048043477373169,"{""type"":""Point"",""coordinates"":[81.18978798722063,19.813267314346778]}"
67,11.942297967838286,2025-04-15,290.3702889397031,384,0,40,0.2514575411913815,0.007876038530071128,2.368672613144958,302.81118370237806,0.7425112091486292,"{""type"":""Point"",""coordinates"":[81.40525733908602,18.98474492853527]}"
68,345.0895763039529,2025-04-15,286.599042892456,556,0,10,0.5676526117054751,0.010596960761745322,1.9188989790338518,302.64274992261613,0.8405100247828584,"{""type"":""Point"",""coordinates"":[81.9782310795189,20.135127241967663]}"
69,329.8120796130518,2025-04-15,294.37479972839355,519,0,10,0.7920519870032492,0.027021735885341513,20.533528886322298,299.8525015967233,0.901256623368935,"{""type"":""Point"",""coordinates"":[84.37043832975277,19.01105006830327]}"
70,277.10020685456027,2025-04-15,285.87086441403346,345,0,40,0.2449677174325864,0.005256131270130027,7.461201332307287,304.5010321026756,0.62356624341819,"{""type"":""Point"",""coordinates"":[82.27238488711023,20.90043791951821]}"
71,73.65907717111703,2025-04-15,291.4292023976644,706,0,10,0.7719843306767527,0.00809106228609835,21.937077673507332,300.8422709419614,1.3402988905166298,"{""type"":""Point"",""coordinates"":[83.4539798404016,19.538516355815542]}"
72,180.0,2025-04-15,283.45203535897394,778,0,40,0.28126352228472523,0.008796751477916587,2.7802885155287553,299.785537311009,0.6441584862941939,"{""type"":""Point"",""coordinates"":[83.70419937566103,23.413985470293433]}"
73,175.35767954539352,2025-04-15,294.0515342894055,106,0,40,0.37801973460360666,0.018671035745342124,6.026214157319721,302.0485988344465,0.7518455076708634,"{""type"":""Point"",""coordinates"":[83.33489953928705,18.68161657016226]}"
74,127.51887057135896,2025-04-15,289.35035078866144,875,0,10,0.475189725627554,0.006410479524333823,25.568245180462437,300.7955645152501,1.0972454731539765,"{""type"":""Point"",""coordinates"":[84.05812404331901,20.20184044947275]}"
75,212.50901448605228,2025-04-15,289.8172755468459,332,0,10,0.2690951821386604,0.014936059692104209,2.7474574629444932,303.1948216302054,0.7417878376236553,"{""type"":""Point"",""coordinates"":[80.62893811630853,19.69750974154975]}"
76,33.05477674839384,2025-04-15,283.3956039973667,1098,0,40,0.20126894606979204,0.009211018660266745,2.7643373299900422,299.1132554099673,0.1812255728443349,"{""type"":""Point"",""coordinates"":[83.26079677879997,22.782084672769003]}"
77,180.0,2025-04-15,282.15660776410783,426,0,40,0.28926553672316385,0.0030976235653952244,2.3174627380815918,302.95907479240776,0.2863040372734103,"{""type"":""Point"",""coordinates"":[80.32383140339009,23.699161856922462]}"
78,145.86442843458016,2025-04-15,291.76224508739654,732,0,10,0.4459016393442623,0.0073520839001730565,26.05545146062221,299.83701029277984,0.7096388886795122,"{""type"":""Point"",""coordinates"":[84.13818717466489,19.262783934768997]}"
79,132.96838935000252,2025-04-15,286.47586813427154,281,0,40,0.12916523531432497,0.00458289680739199,0.6803509935341998,304.1345944631667,0.6007765932513386,"{""type"":""Point"",""coordinates"":[81.71144535747302,21.3325643796703]}"
81,227.45542895915457,2025-04-15,283.4692763373965,535,0,40,0.1590378747083109,0.006092041709621299,0.685815330582114,301.61530735379165,0.5174871862685004,"{""type"":""Point"",""coordinates"":[82.96136055301317,23.398712134572285]}"
82,110.77716897366923,2025-04-15,294.1765924181257,133,0,30,0.39660719508628256,0.01194700596590792,2.6127938570856704,302.36494114285426,0.747735833049399,"{""type"":""Point"",""coordinates"":[83.3012521792072,18.46432420098911]}"
83,113.39187236229576,2025-04-15,287.61840556916735,323,0,30,0.27366532077164646,0.006819367387493003,6.973791686310186,304.31912989843465,0.6700449602262329,"{""type"":""Point"",""coordinates"":[82.55176832100838,20.4072970769962]}"
84,298.8926154327627,2025-04-15,281.5609162648519,536,0,10,0.45553422904670504,0.002870947101314414,2.8769755407688633,301.2259960628691,0.4564208711951945,"{""type"":""Point"",""coordinates"":[81.41161873291462,23.1081246112822]}"
85,98.1121127553387,2025-04-15,290.1506670088995,836,0,10,0.28789986091794156,0.01309347150584017,32.24960112978796,299.397115389506,0.7324610627178143,"{""type"":""Point"",""coordinates"":[83.09017807596626,18.928174728571086]}"
86,221.00284513972522,2025-04-15,281.75132270086385,745,0,30,0.2141684259910861,0.0038395225789145115,3.069536469877778,301.3277096975417,0.34898323965942624,"{""type"":""Point"",""coordinates"":[80.99635636854704,23.043975561555808]}"
87,53.67602981073527,2025-04-15,281.0539756956555,813,0,40,0.1830238726790451,0.00235860047598635,6.238355704043399,301.6169930866787,0.41160832132361697,"{""type"":""Point"",""coordinates"":[80.80611795332321,23.21678453142493]}"
88,60.49392226568979,2025-04-15,289.455476579212,702,0,10,0.5251461988304094,0.021573260405261863,2.822469110637584,300.7051569166638,0.6027431355269951,"{""type"":""Point"",""coordinates"":[81.06966489655069,19.406136215695966]}"
89,303.13765219514073,2025-04-15,284.4294290996733,328,0,10,0.3377981051943809,0.0068067759062842015,4.233961794879819,302.6826145989554,0.4631989200942272,"{""type"":""Point"",""coordinates"":[83.9864012495666,23.941644208634685]}"
90,-0.0,2025-04-15,285.1701401301793,278,0,40,0.29499161274862207,0.0061395913149908665,0.4637353428839794,304.41161269233334,0.32681578068719647,"{""type"":""Point"",""coordinates"":[81.4278635038394,21.63511538814922]}"
91,197.65310142253873,2025-04-15,290.5392923809233,413,0,10,0.2839506172839506,0.005537807920177329,4.854970770066585,301.5839062191191,1.1355065117361818,"{""type"":""Point"",""coordinates"":[83.3462197553285,19.49247010617395]}"
92,246.85032284254868,2025-04-15,290.3647376469204,1101,0,30,0.6542724347515195,0.04286858437319552,10.497435382540415,297.19553661346436,0.46485454012966615,"{""type"":""Point"",""coordinates"":[82.8610761280992,18.170100528403164]}"
93,122.75011792253434,2025-04-15,290.598792938959,621,0,10,0.265546981389015,0.009281307437618125,30.263712722659683,299.6432207652501,0.8004494369380895,"{""type"":""Point"",""coordinates"":[84.23341653767633,19.932300199324267]}"
94,261.2891409939277,2025-04-15,281.4799952734084,515,0,40,0.2698412698412698,0.0010709315325811986,6.100984184575595,302.98394225892565,0.20861249374972263,"{""type"":""Point"",""coordinates"":[80.3487739934781,23.17682373764663]}"
95,187.37505420176618,2025-04-15,288.94129898434596,890,0,30,0.5479494295405489,0.005172595360477317,21.796903167378776,299.53613603682743,0.6101400884484152,"{""type"":""Point"",""coordinates"":[82.80239767000324,18.91022508897931]}"
96,39.34052520924372,2025-04-15,283.415181750343,426,0,40,0.3866738025153867,0.0021830647971228245,4.78584135661186,301.9716131573632,0.18454843380779123,"{""type"":""Point"",""coordinates"":[80.98828935912643,23.793972018346544]}"
97,226.95502289259508,2025-04-15,291.06901359558105,119,0,40,0.1472499603740688,0.0033733695532873753,0.6793767656401161,304.44644923437215,1.0099781887707484,"{""type"":""Point"",""coordinates"":[84.17479736379585,20.93566091618504]}"
98,115.24707603361149,2025-04-15,288.27691096351265,597,0,10,0.5379979912956143,0.008923187830646384,2.1734980393701395,301.9691019966489,0.8996812101172266,"{""type"":""Point"",""coordinates"":[82.0826103962009,19.41468011354701]}"
99,133.1277835216754,2025-04-15,286.25094486418226,364,0,40,0.21254561593845547,0.006267353871066916,2.7114126331804447,303.78558381398517,0.9420286498490101,"{""type"":""Point"",""coordinates"":[81.56989027498895,20.496202255162547]}"
100,208.21706832427617,2025-04-15,290.1786327362061,198,0,40,0.5924464487034949,0.005090281346042502,2.104206133635612,304.28122415996734,0.8070497348834339,"{""type"":""Point"",""coordinates"":[83.51186387340766,21.278214646951035]}"
101,64.96365392096513,2025-04-15,288.92806307474774,212,0,10,0.3828972559029994,0.006868943550784934,2.1905814911303545,305.03081144605363,0.8306347341592796,"{""type"":""Point"",""coordinates"":[83.25175612598807,20.906925143329318]}"
102,340.0372639533487,2025-04-15,283.13231577192033,603,0,10,0.2961408259986459,0.003371819832523215,1.4798436380532711,301.37275364285426,0.1908938433319651,"{""type"":""Point"",""coordinates"":[82.09849907048682,23.41028261068139]}"
103,6.245845463128959,2025-04-15,288.9800592150007,639,0,10,0.4384546271338724,0.012782841899593222,17.61705888280423,301.2388541357858,1.001463563552268,"{""type"":""Point"",""coordinates"":[84.14374882773083,20.424206865000883]}"
104,270.0,2025-04-15,285.8102245330811,255,0,40,0.23883125132331146,0.006625637390811789,0.49952281307925633,304.354629107884,0.2814156385197079,"{""type"":""Point"",""coordinates"":[81.80506045810115,21.820674833341343]}"
105,129.81293627720007,2025-04-15,281.8261983054025,776,0,10,0.5487321028117992,0.005685895660121787,6.490628734887211,301.8491359438216,0.6591739542367139,"{""type"":""Point"",""coordinates"":[80.99957497707098,22.154262259277495]}"
106,110.70405605031549,2025-04-15,290.7638610658192,300,0,10,0.29878658101356176,0.010876864173610556,2.621600955042741,303.4144668124971,0.6559307116521106,"{""type"":""Point"",""coordinates"":[80.6598890876692,19.11286659616072]}"
107,72.97539991947777,2025-04-15,283.71981693449476,556,0,40,0.18714121699196326,0.003284782149989951,3.16463008592059,301.36638273511613,0.18939705846490906,"{""type"":""Point"",""coordinates"":[81.95868431416002,23.277964346457683]}"
108,90.0,2025-04-15,285.93961325145904,312,0,40,0.20684116035150713,0.00829523799677645,0.49728680946037934,304.1552127202352,0.7893774539363467,"{""type"":""Point"",""coordinates"":[80.97278998860683,21.167324553394366]}"
109,180.0,2025-04-15,285.8019470033192,600,0,10,0.47522063815342835,0.0074992924716070775,2.7802885155287553,300.70079144977393,0.3777284805307109,"{""type"":""Point"",""coordinates"":[83.83733286401505,22.92286550535272]}"
110,180.0,2025-04-15,282.7173057737804,383,0,30,0.06925418569254185,0.0017928778912619237,0.463735342881014,302.58579540252686,0.5232601300642785,"{""type"":""Point"",""coordinates"":[80.53616893761205,24.00564228675523]}"
111,226.6184001061506,2025-04-15,288.9872904277983,598,0,30,0.4736203759854457,0.009196072795589316,0.6751418933006753,301.2160793031965,0.8056713309342493,"{""type"":""Point"",""coordinates"":[82.50510143089697,19.08342288978628]}"
112,211.2567210183845,2025-04-15,283.7390284765334,471,0,30,0.2866075323542242,0.005413174607951987,4.870615678507572,301.8993591581072,0.11301645326113517,"{""type"":""Point"",""coordinates"":[81.86334398748598,23.75393298846424]}"
113,90.0,2025-04-15,287.8006332942418,297,0,10,0.33600802407221664,0.008151471593578208,4.991634741109782,304.03020109449113,0.720177740963518,"{""type"":""Point"",""coordinates"":[83.37143470461795,22.074455012876786]}"
114,17.300261857074336,2025-04-15,292.70995249067033,285,0,10,0.35543106131341423,0.009407669284541953,8.200770940093696,301.62566589173815,1.101461725712795,"{""type"":""Point"",""coordinates"":[83.38130766460398,19.215310335244105]}"
115,-0.0,2025-04-15,286.5287536439441,370,0,10,0.3442622950819672,0.004166930892665732,0.4637353428839794,304.5131345022292,0.9217419682962008,"{""type"":""Point"",""coordinates"":[80.43849933594218,20.643177727243973]}"
116,313.3691017951939,2025-04-15,288.9324982961019,563,0,30,0.36885007278020376,0.010379508116443503,2.0251433520361797,301.69788501376195,0.8524553010404573,"{""type"":""Point"",""coordinates"":[81.72368920311061,19.155358190487892]}"
117,152.2575816617755,2025-04-15,291.42591812497096,303,0,10,0.5076260541898439,0.00850789246817385,1.047837215917743,304.052871295384,1.1498242935228022,"{""type"":""Point"",""coordinates"":[80.2990166831275,18.07569127818221]}"
119,90.0,2025-04-15,283.6783014025007,558,0,10,0.29440054963929924,0.003562852719028342,5.536603579852052,301.47199680691676,0.2702803061370649,"{""type"":""Point"",""coordinates"":[82.19208899131372,23.29384541012789]}"
120,15.230497163067566,2025-04-15,282.44782683962865,502,0,10,0.337221269296741,0.002012059071262229,1.9217854404063888,301.84508437202084,0.4505343155282274,"{""type"":""Point"",""coordinates"":[81.23461448261804,23.332018276227867]}"
121,234.98762739783598,2025-04-15,291.4282723381406,148,0,40,0.27803163444639717,0.002201721050937522,2.42335282391639,304.0449657894316,1.1925533942943176,"{""type"":""Point"",""coordinates"":[84.36416722307736,20.92699237228447]}"
122,162.68841483887485,2025-04-15,283.1286536625453,748,0,10,0.3158700459261779,0.0058600455309942845,22.55890588989809,301.2636925379434,0.7788320149933146,"{""type"":""Point"",""coordinates"":[83.42630939892399,23.555685196774878]}"
123,136.30099776361433,2025-04-15,288.07666914803644,286,0,30,0.261172373766686,0.008402615764339316,5.753514163241757,303.7898039590745,0.7222778766979384,"{""type"":""Point"",""coordinates"":[83.2443751906733,21.53364721782473]}"
124,252.79835774074968,2025-04-15,283.64018058776855,514,0,10,0.23580855461917635,0.010877609231670249,10.845352895734534,303.6992975416638,0.5269325188513129,"{""type"":""Point"",""coordinates"":[80.97363088786314,21.759311472158696]}"
125,35.61348428890726,2025-04-15,285.35995365324476,308,0,40,0.2569057498518079,0.005179285981853354,1.7108056054933791,304.07698890141086,0.454396743249039,"{""type"":""Point"",""coordinates"":[80.49490146196563,21.451489816179752]}"
126,294.9643124104819,2025-04-15,287.26558748881024,307,0,10,0.26117440841367223,0.012174949028690207,3.2927197869671803,303.71830563318156,0.38706186566872886,"{""type"":""Point"",""coordinates"":[82.40253240207957,21.393316975449547]}"
127,294.6224532366546,2025-04-15,281.98856344677154,423,0,40,0.1276595744680851,0.002567812779147971,3.335431604447295,302.7064938772292,0.1827817839681254,"{""type"":""Point"",""coordinates"":[80.59185881739472,23.563698948029675]}"
128,146.03464931256173,2025-04-15,292.5725303831555,899,0,10,0.5177210997018881,0.012470856287677634,17.851016922039392,299.3599420729137,0.7484830898961818,"{""type"":""Point"",""coordinates"":[84.21954623396725,19.14700630513448]}"
129,320.6889208103073,2025-04-15,283.76433772132503,499,0,10,0.2918134422995632,0.0034303813960150364,2.3960939735387594,302.3463108880179,0.8018167391149983,"{""type"":""Point"",""coordinates"":[83.72482237470416,23.657912125324586]}"
130,204.7622883511596,2025-04-15,284.6142261141822,668,0,10,0.473928157589803,0.007652640321452964,7.113070598291532,302.84974048251195,0.36248045366359993,"{""type"":""Point"",""coordinates"":[80.50111536698402,21.701660843261312]}"
131,208.17607425760463,2025-04-15,290.89047123136976,158,0,10,0.45145518044237487,0.003186985829074729,1.0520544058567685,304.2455214999971,0.9458363430207193,"{""type"":""Point"",""coordinates"":[84.09366859791976,21.023503638995017]}"
132,246.76577846452756,2025-04-15,291.6429184504918,453,0,10,0.3683517207311049,0.008693367221553672,25.26252308472079,303.5178487414405,1.3284530855262462,"{""type"":""Point"",""coordinates"":[80.2867389781,17.83503147687602]}"
133,270.0,2025-04-15,286.5033746446882,655,0,40,0.5656143020159756,0.008118450620372641,0.4930424403927232,302.0835632596697,0.9663351686835485,"{""type"":""Point"",""coordinates"":[82.050175412618,19.85463339079987]}"
134,-0.0,2025-04-15,289.20739482697985,244,0,40,0.2434279705573081,0.003740087130267966,0.9274099368611016,304.7284607206072,1.0910627934829473,"{""type"":""Point"",""coordinates"":[83.18324854260705,20.524263620518123]}"
135,187.60492759301073,2025-04-15,289.0556207384382,274,0,10,0.3851806491120637,0.004204124191005576,3.7375749748774774,304.7348955699376,1.0399392500268165,"{""type"":""Point"",""coordinates"":[83.18521638086872,20.57496940308143]}"
136,152.02309537860688,2025-04-15,288.11767314729235,301,0,40,0.22129684711481262,0.010210245826442588,2.0995067104412612,303.0167966116042,0.9199588641501242,"{""type"":""Point"",""coordinates"":[82.62432761767028,19.733123915728704]}"
137,133.46916379960865,2025-04-15,289.33584186009,896,0,40,0.3456678700361011,0.015031591036517966,2.021412407346553,298.0909107299079,0.4759952315107457,"{""type"":""Point"",""coordinates"":[82.92922152214643,18.568269657202478]}"
138,90.0,2025-04-15,285.14974857511976,353,0,10,0.2670633531676584,0.008150845744808066,0.5018202971312201,302.752095858256,0.13437306087194872,"{""type"":""Point"",""coordinates"":[82.44665995556124,22.466187760163162]}"
139,208.34966906936108,2025-04-15,289.5303521837507,452,0,10,0.290344592289321,0.01328951118250643,5.254657521078098,303.0036130178542,0.8994447591386288,"{""type"":""Point"",""coordinates"":[83.77461477013233,22.077405491366722]}"
140,227.37542571933145,2025-04-15,281.50100880577446,669,0,40,0.1893590280687055,0.0031483024146155003,2.053540822410193,301.9204773221697,0.4465514651274189,"{""type"":""Point"",""coordinates"":[80.84213356781424,23.024026143415764]}"
141,270.0,2025-04-15,287.40926424662274,366,0,10,0.17395545439765892,0.010342419126232016,2.963337843222495,303.6275143850417,1.156110380077007,"{""type"":""Point"",""coordinates"":[80.84204070794515,20.260280753445034]}"
142,234.63520165106848,2025-04-15,289.0279282161168,598,0,50,0.39021443672606465,0.007234126308162558,2.402329760396275,300.20298871539893,0.6325488691772848,"{""type"":""Point"",""coordinates"":[82.57924905565014,18.858598349430014]}"
143,215.43878060435964,2025-04-15,286.25025894528346,361,0,40,0.29097230547895936,0.006872341015537131,1.7070873643549227,303.9248253504435,0.9876297705982143,"{""type"":""Point"",""coordinates"":[81.51524491577177,20.487084601124927]}"
144,297.27319878440994,2025-04-15,283.9198901766822,686,0,10,0.5220710255559243,0.005221098640163291,9.03266939720826,301.4224711372739,0.6163182724568981,"{""type"":""Point"",""coordinates"":[83.00488776397962,23.576790181755953]}"
145,332.0384048886234,2025-04-15,287.9145772116525,645,0,40,0.6232741617357002,0.008619979002673972,1.0499569026826001,301.8900004341489,0.9665897556017103,"{""type"":""Point"",""coordinates"":[82.0692404543971,19.62942274651988]}"
146,139.79666175256355,2025-04-15,281.50100880577446,658,0,40,0.18646288209606987,0.0031483024146155003,5.448217638740137,301.9204773221697,0.4465514651274189,"{""type"":""Point"",""coordinates"":[80.83357314263155,23.035421851832194]}"
147,133.42437762313037,2025-04-15,290.31126503717326,511,0,10,0.43760896637608965,0.009903281905849326,3.3693125448752497,301.95288408370243,0.7932538947871505,"{""type"":""Point"",""coordinates"":[81.25259978074696,18.833466762852375]}"
148,305.20357076095195,2025-04-15,288.71178354535783,399,0,10,0.4165999466239658,0.024627342798908103,7.201780299887208,301.4170709791637,0.6751944028875855,"{""type"":""Point"",""coordinates"":[80.98355623415739,19.832897580445636]}"
149,-0.0,2025-04-15,284.38805888947985,306,0,40,0.17027693995064436,0.00585797426958834,0.0,304.0499706722441,0.21942228663689647,"{""type"":""Point"",""coordinates"":[81.37357118203775,21.899637820514414]}"
150,83.35251980229528,2025-04-15,293.52623085748576,299,0,30,0.2625175479644361,0.018528804161746848,48.20688384600896,301.7775387991042,0.7625148582507891,"{""type"":""Point"",""coordinates"":[83.25222075737743,18.751783738073787]}"
151,83.48453276904281,2025-04-15,284.46975880577446,332,0,30,0.2774518021793797,0.0027821957852438572,4.07998177688019,302.70655200594945,0.6943320280293045,"{""type"":""Point"",""coordinates"":[83.39640542291248,23.982019223116865]}"
152,46.547001027442185,2025-04-15,289.371242250715,863,0,40,0.5339091490722969,0.006555423119266379,0.6742534195040529,299.23434915996734,0.5134054113068601,"{""type"":""Point"",""coordinates"":[82.8443806224918,18.6648710105892]}"
153,199.79323941663498,2025-04-15,285.63611157735187,271,0,40,0.5725055432372506,0.005051985361774314,1.4782623518536648,304.07766319456556,0.28641367225580744,"{""type"":""Point"",""coordinates"":[82.24852312970889,22.148057513628505]}"
154,237.8946322016739,2025-04-15,290.00061353047687,281,0,40,0.3331459094742761,0.0064411461140707615,1.744577185730603,301.5450064795358,1.2543015830925026,"{""type"":""Point"",""coordinates"":[83.70710388985812,19.75565402304953]}"
155,90.0,2025-04-15,284.42736553010485,378,0,30,0.2580213903743315,0.0036437064196661595,0.5011080133867762,303.31715933481854,0.5479380894499735,"{""type"":""Point"",""coordinates"":[81.40878618265695,22.268368770848998]}"
156,112.01270334517386,2025-04-15,292.1767319270543,310,0,30,0.31103948428686545,0.006840556838710654,3.7066433935776035,301.32078075408936,1.0350509381199098,"{""type"":""Point"",""coordinates"":[83.73330805018523,19.38203695074053]}"
157,180.0,2025-04-15,282.13504782177154,914,0,40,0.22445006813315163,0.005261078455646384,2.3174627380815918,300.0777910777501,0.573451479405207,"{""type"":""Point"",""coordinates"":[81.72187030005136,22.891988987572347]}"
158,83.41665902922382,2025-04-15,284.5402689434233,502,0,10,0.3008595988538682,0.0044533014084890965,4.03823917858686,301.6420465651012,0.06823334353251494,"{""type"":""Point"",""coordinates"":[82.90100838240251,22.590737224127366]}"
159,143.73666925822616,2025-04-15,288.5201099032447,667,0,10,0.22235023041474655,0.0054883509661749486,14.627531008553683,301.2812822886876,0.7692957995349338,"{""type"":""Point"",""coordinates"":[82.82036366494236,19.312180744915715]}"
160,97.61418422833518,2025-04-15,285.9026433853876,420,0,10,0.19801798495136722,0.0038654505993918065,3.49557550514818,304.06565380096436,0.7150178585533256,"{""type"":""Point"",""coordinates"":[81.94552267580951,20.64805509833585]}"
161,38.94097592697457,2025-04-15,283.3000926971435,655,0,10,0.5565085771947528,0.01025773582716738,4.758881241242786,302.91679777417863,0.5967993477454285,"{""type"":""Point"",""coordinates"":[80.91382639308371,21.855470929685875]}"
162,90.0,2025-04-15,290.47285125369115,147,0,40,0.6712328767123288,0.0033297389533117894,0.4970130109235341,304.5548069817679,0.7855664990269772,"{""type"":""Point"",""coordinates"":[83.77225802679882,21.08542450587293]}"
163,185.27815089766523,2025-04-15,293.9731012071882,254,0,10,0.1951905858275774,0.01285982129832064,20.5009779832527,301.08649876004176,0.6147326949058263,"{""type"":""Point"",""coordinates"":[84.38265022240991,19.73500151375545]}"
164,270.0,2025-04-15,290.9188322339739,140,0,40,0.7978985021238543,0.0045448541428640965,2.487248158286202,304.00718212127686,0.8692507232319736,"{""type"":""Point"",""coordinates"":[83.92706768332074,21.30532194409466]}"
165,284.8377384083053,2025-04-15,283.10687283107217,587,0,40,0.5707434052757794,0.004883989670474875,3.617031504891832,302.68183567410426,0.443687026413745,"{""type"":""Point"",""coordinates"":[80.60068331336521,21.996232070932354]}"
166,19.18825601182603,2025-04-15,281.18578256879533,841,0,10,0.4720219704771713,0.0031719356562689427,12.092803984312518,301.50071239471436,0.4596053148053428,"{""type"":""Point"",""coordinates"":[80.90058299720774,23.143800163164805]}"
167,313.09038941502575,2025-04-15,286.26578512645904,367,0,10,0.2686868686868687,0.0038693845059469822,1.3574114840114893,304.17019249144056,0.763125441238991,"{""type"":""Point"",""coordinates"":[81.8367397240587,20.696148982127056]}"
168,190.1021437532146,2025-04-15,289.40079489208404,126,0,30,0.23169637132965765,0.006306916454036582,2.824000844574476,305.2659363065447,0.6994628048384534,"{""type"":""Point"",""coordinates"":[83.71658666073385,20.697364334714333]}"
169,347.84868613836335,2025-04-15,290.53265989394407,219,0,40,0.19903344779346305,0.00988079605360781,2.3705153003531265,303.27752136048815,1.1782732616974783,"{""type"":""Point"",""coordinates"":[84.22829552312768,21.742542591858403]}"
170,260.53887307016794,2025-04-15,290.46387036641437,814,0,10,0.5680867544539117,0.016036465742786277,8.402853224479252,301.4846281778245,0.5436055169794025,"{""type"":""Point"",""coordinates"":[81.03789080994731,19.20915133819555]}"
171,84.20182457676341,2025-04-15,284.4407235100156,410,0,30,0.19701739850869926,0.0036857723977163914,17.76918996892342,301.4742115111579,0.22372351204737445,"{""type"":""Point"",""coordinates"":[81.96708988895372,23.950459593182675]}"
172,138.41703223117347,2025-04-15,283.50426982697985,1029,0,10,0.5758426966292135,0.011899203040798056,16.286290749042497,299.3740789776757,0.6008169334063481,"{""type"":""Point"",""coordinates"":[83.90110693254303,23.321706594886546]}"
173,276.6825447204191,2025-04-15,289.6019725799561,646,0,10,0.4473804796089812,0.008357211926181662,7.919492721041346,301.126345997765,1.1970997213319898,"{""type"":""Point"",""coordinates"":[84.25975684582346,20.39501029891321]}"
174,256.8579893782686,2025-04-15,288.92806307474774,184,0,10,0.505586592178771,0.006868943550784934,2.038787546295524,305.03081144605363,0.8306347341592796,"{""type"":""Point"",""coordinates"":[83.28978523456811,20.94536910112631]}"
175,245.0728760427515,2025-04-15,286.2473757607596,264,0,40,0.3782565130260521,0.005912035682399619,1.1001822046387975,303.7747544334049,0.43970421929632547,"{""type"":""Point"",""coordinates"":[82.0066238193863,21.640367757132715]}"
176,28.556514444609654,2025-04-15,284.0630554017567,865,0,40,0.4277335567658148,0.013318762161929953,3.1646328728392397,299.2655759084792,0.6141885135183996,"{""type"":""Point"",""coordinates"":[83.96609932983276,23.2593017210774]}"
177,65.11953708351844,2025-04-15,290.2532409486317,293,0,10,0.5087229588276343,0.00842416284342562,2.2034116357713756,303.3023132596697,1.0499768840660952,"{""type"":""Point"",""coordinates"":[83.63170370277331,21.945520919258122]}"
178,64.75050788742689,2025-04-15,290.3110615866525,220,0,10,0.18106577609989835,0.011434167602260459,2.173303886680942,303.92772597358345,0.7968416919558955,"{""type"":""Point"",""coordinates"":[80.44324385956355,19.396696725447285]}"
179,90.0,2025-04-15,289.09338115510485,308,0,10,0.32864450127877237,0.0076490342404440526,1.4744236633881764,302.2738476253691,0.8394286919760586,"{""type"":""Point"",""coordinates"":[82.7308414172588,19.37466836937641]}"
180,313.59412405771394,2025-04-15,291.6429184504918,313,0,40,0.14790913784202375,0.008693367221553672,2.016780961381143,303.5178487414405,1.3284530855262462,"{""type"":""Point"",""coordinates"":[80.34842504960393,17.8070226689989]}"
181,143.91553944683275,2025-04-15,283.73641849699476,424,0,40,0.2588811759902001,0.00444006917734896,3.438881439364643,302.2672965185983,0.07472097660363625,"{""type"":""Point"",""coordinates"":[81.65639515026068,23.8303766155289]}"
182,155.47378089145596,2025-04-15,287.97655405317033,411,0,20,0.23295638126009693,0.008325010516841758,3.5635670147310448,304.0933230717977,0.7495698116935762,"{""type"":""Point"",""coordinates"":[82.5162932079706,20.06990788615569]}"
183,90.0,2025-04-15,286.0035141536168,340,0,40,0.2407496395963479,0.005349919178684104,1.003270263463007,304.05290035974406,0.18706823742531517,"{""type"":""Point"",""coordinates"":[82.99636128313921,22.426200834276784]}"
184,289.02107504909384,2025-04-15,281.20617412385485,879,0,10,0.3701938353987925,0.0030787288930014256,4.260825435567123,301.0393273035684,0.4865973152541955,"{""type"":""Point"",""coordinates"":[80.98092976458737,23.175235751441036]}"
185,90.0,2025-04-15,286.6954203106108,316,0,40,0.283096926713948,0.0029715597416952733,2.9734033040846533,303.94719328199113,0.5968920571339106,"{""type"":""Point"",""coordinates"":[82.844947456464,20.780145086292723]}"
186,28.384704788117002,2025-04-15,281.92630758739654,705,0,40,0.19199087568115575,0.004295945146282065,1.0541169648953777,301.9107233229138,0.6889026421468085,"{""type"":""Point"",""coordinates"":[80.95316430418,22.28288002348016]}"
187,120.34803138801858,2025-04-15,289.20739482697985,234,0,10,0.3206933911159263,0.003740087130267966,4.5794794416428335,304.7284607206072,1.0910627934829473,"{""type"":""Point"",""coordinates"":[83.15190084554929,20.485130171621183]}"
188,107.41917313126791,2025-04-15,290.3433579036168,518,0,40,0.30816135084427765,0.01221817729731356,1.5487452129174515,299.41297290438695,0.815711823885462,"{""type"":""Point"",""coordinates"":[83.99946036425831,19.7386540260917]}"
189,199.45099650899803,2025-04-15,288.9373171670096,492,0,40,0.3784011220196353,0.006913691737850058,1.4751189998624321,301.7036746342977,0.8430184476994016,"{""type"":""Point"",""coordinates"":[81.56726283051927,19.28790456498654]}"
190,270.0,2025-04-15,291.0366010211763,577,0,10,0.4508301404853129,0.010811939814288962,2.9310018714748356,302.7286351067679,1.0216522280666778,"{""type"":""Point"",""coordinates"":[81.3995587796012,18.46876644106843]}"
192,172.46708639315148,2025-04-15,289.35262943449476,595,0,10,0.27846097650066964,0.017592519500453818,3.736952583652613,301.9845293590001,0.7977390041319095,"{""type"":""Point"",""coordinates"":[81.97979969124344,19.043344425263875]}"
193,-0.0,2025-04-15,282.40358507065554,457,0,40,0.27172653534183083,0.001743450739581931,0.463735342881014,303.2159862972441,0.5671249732265612,"{""type"":""Point"",""coordinates"":[80.41125475879481,22.62438452415562]}"
194,342.6800739199146,2025-04-15,283.3714166368757,570,0,10,0.35533133351513496,0.003542035796840537,3.396417706996944,301.7367789404733,0.10935091741575388,"{""type"":""Point"",""coordinates"":[81.74040719294908,23.623438002826607]}"
195,256.826669320564,2025-04-15,286.7255077362061,401,0,10,0.32851776943080035,0.0048854350831106785,2.0340296727316223,304.06090468452095,0.5831012799575023,"{""type"":""Point"",""coordinates"":[82.25759650291076,20.572548886152862]}"
196,332.2179296853123,2025-04-15,292.50621713910783,181,0,10,0.29994141769185706,0.008355706908901084,2.0957366372136432,304.74015040624715,1.141529668455563,"{""type"":""Point"",""coordinates"":[80.97981559723003,18.367091206358293]}"
197,19.777441967060913,2025-04-15,282.5532955896287,606,0,10,0.41689539493748096,0.0035808235194281224,2.9542667419414363,302.2899492808751,0.31811655201433603,"{""type"":""Point"",""coordinates"":[80.37076943994961,22.026266449251757]}"
198,290.4330152344304,2025-04-15,286.351461047218,327,0,10,0.2573812580231066,0.008022278526027549,2.65481245739051,304.3042896361579,0.3993348856658311,"{""type"":""Point"",""coordinates"":[82.45994708805199,21.348771379119526]}"
199,-0.0,2025-04-15,285.9019865308489,519,0,40,0.26383083353823455,0.007771819808681357,1.3909630807829783,301.2412374133155,0.36536130394206406,"{""type"":""Point"",""coordinates"":[83.78901661621131,22.847589815665565]}"
200,-0.0,2025-04-15,286.7549441201346,358,0,30,0.24757821184691123,0.004695758202274192,0.9274099368670311,304.1757263456072,0.9318814675594475,"{""type"":""Point"",""coordinates"":[81.60668844678544,20.616669999594624]}"
201,47.01099833689417,2025-04-15,286.5269167763846,292,0,40,0.14575851393188854,0.0049445181872442845,2.0394991955328243,304.00656595684234,0.6696114495552614,"{""type"":""Point"",""coordinates"":[81.68181102353795,21.226416218252222]}"
202,148.07683985750634,2025-04-15,284.8721316201346,436,0,30,0.23628342983181694,0.009336248018939841,3.8190030633959733,301.4430777685983,0.5104293531751944,"{""type"":""Point"",""coordinates"":[82.82959169997075,23.47816527985599]}"
203,199.6211623353258,2025-04-15,286.4064508165632,307,0,40,0.40989473684210526,0.004503265001972068,1.4766736436740222,304.1891947700864,0.705294693865177,"{""type"":""Point"",""coordinates"":[81.85420416690245,20.769121399400746]}"
204,176.31434463137677,2025-04-15,288.84382874625067,777,0,10,0.4577132486388385,0.003137066939075339,14.98410029030099,302.53758925483334,1.044038459452614,"{""type"":""Point"",""coordinates"":[83.25991776559749,19.803551879680644]}"
205,270.0,2025-04-15,290.0199762071882,612,0,10,0.29360117067979247,0.011690840103824485,1.4689854558601332,300.75600792112806,0.6351974775141146,"{""type"":""Point"",""coordinates"":[82.41350476316352,18.761603485526315]}"
206,337.1493560378501,2025-04-15,291.2309834616525,124,0,10,0.4513856270549554,0.005949363091190207,2.514582171581581,304.9644400732858,1.0571230651102104,"{""type"":""Point"",""coordinates"":[80.24841646647938,18.338701077114393]}"
207,270.0,2025-04-15,284.3574831826346,402,0,30,0.22582402615091257,0.0038398057009771946,2.0125960163933083,302.3725443794614,0.28807154681366126,"{""type"":""Point"",""coordinates"":[82.5836101069359,22.882616720761604]}"
208,245.10062383719412,2025-04-15,290.6180219196138,207,0,50,0.3600877192982456,0.006749793865878928,1.1013296615857602,303.3910583768572,1.210613735096868,"{""type"":""Point"",""coordinates"":[84.04104762515838,21.822051891816088]}"
209,28.61026765860936,2025-04-15,282.6978442782447,491,0,10,0.3283582089552239,0.0021412968422964695,1.056371823629568,302.18532339731854,0.1785605999071347,"{""type"":""Point"",""coordinates"":[80.93303794627647,23.555186257195643]}"
210,287.07171343497765,2025-04-15,283.7004135676793,522,0,30,0.24469225820287369,0.006327643969257224,1.5792843720954726,302.04075145721436,0.19894266685609877,"{""type"":""Point"",""coordinates"":[82.8098482869396,22.882800485355922]}"
211,-0.0,2025-04-15,284.0339096614293,593,0,10,0.40342587123449497,0.00420077142973696,8.289099835320444,301.97504275185713,0.46190988850305176,"{""type"":""Point"",""coordinates"":[81.81275409265545,22.598098432253927]}"
212,312.79119947501454,2025-04-15,287.9213317689441,299,0,40,0.6170353251898316,0.01072591541071688,0.6826203542209658,303.3747183935983,0.6588862064969425,"{""type"":""Point"",""coordinates"":[83.53368157278787,22.22221537980749]}"
213,-0.0,2025-04-15,287.8144098009382,594,0,40,0.3291198501872659,0.011343494036395896,1.8543341688414132,301.9858721324376,1.017448217492095,"{""type"":""Point"",""coordinates"":[82.3228400981219,19.572337384179907]}"
214,353.83973987857274,2025-04-15,288.09269523620605,259,0,10,0.35719398711524697,0.00853531060477053,4.65412508917572,303.69414152417863,0.789677007207494,"{""type"":""Point"",""coordinates"":[83.46590021316737,22.104280310640643]}"
215,116.21831328060682,2025-04-15,284.5772736867269,585,0,10,0.2823156225218081,0.0046634971882895115,7.30794365073413,301.5422628039405,0.3083029240587953,"{""type"":""Point"",""coordinates"":[82.16562147824311,23.85583893184035]}"
217,93.7740289637519,2025-04-15,282.29113506135485,527,0,10,0.16803081367356765,0.0015582293059424046,7.01029700384696,303.0160990669614,0.5013288474859661,"{""type"":""Point"",""coordinates"":[80.50314754362891,22.556306317732904]}"
218,331.4235760902913,2025-04-15,282.1508065178281,455,0,40,0.20012277470841006,0.0013626068617895726,3.1652304341702426,302.882222811381,0.14734685265115133,"{""type"":""Point"",""coordinates"":[80.52861078991575,23.36975976594335]}"
219,301.93964956799573,2025-04-15,286.315351486206,365,0,30,0.19588953114964675,0.0065289884593084935,1.752658917088014,304.1536374319167,1.0501753565983085,"{""type"":""Point"",""coordinates"":[81.0608237358557,20.754350148006115]}"
220,42.848312784084264,2025-04-15,289.2018900371733,358,0,10,0.3679921773142112,0.02370947597285067,4.418945237363746,301.8527282987322,0.7061124530756783,"{""type"":""Point"",""coordinates"":[84.26762649983097,22.472022376465794]}"
221,208.5150552928287,2025-04-15,283.7623962220691,562,0,40,0.34842951059167276,0.006213903405864585,1.0554168547684883,301.79205354054767,0.2669259304541331,"{""type"":""Point"",""coordinates"":[83.08434724543375,23.028435442746115]}"
222,244.5954672551287,2025-04-15,293.7482941945394,120,0,10,0.5215281989084294,0.031784996369083274,3.2394691536588414,300.11821378980363,0.6180887256463776,"{""type"":""Point"",""coordinates"":[83.11248948044569,18.219897994360817]}"
223,326.76311217905226,2025-04-15,283.00375248136976,462,0,30,0.39603684063633826,0.0021411776330069188,2.7700720793891707,302.11275550297336,0.12663339165541815,"{""type"":""Point"",""coordinates"":[80.91686853167623,23.70805331171168]}"
224,227.0737180740152,2025-04-15,286.67740622020904,264,0,40,0.1455122926714504,0.011152595260341513,0.6808883273878257,303.93954354240776,0.40625881446736145,"{""type"":""Point"",""coordinates"":[82.1632288360248,21.547809668056203]}"
225,258.30526983745193,2025-04-15,285.5443612053281,591,0,10,0.26851294400963277,0.008440285899837363,4.566054672364529,303.55862022581556,0.7031104198628784,"{""type"":""Point"",""coordinates"":[80.77780713858371,21.33416058914573]}"
226,-0.0,2025-04-15,291.237214860462,188,0,30,-0.023295944779982744,0.0058195590760306,0.0,303.4199948537917,1.14943844974368,"{""type"":""Point"",""coordinates"":[83.71470639153056,21.670513500427266]}"
227,28.222391438757356,2025-04-15,286.13894825889946,279,0,10,0.190534810559431,0.005647331454952109,2.104310951097506,304.20985953013104,0.6587622622273347,"{""type"":""Point"",""coordinates"":[81.25314765974181,21.31113208421119]}"
228,139.0720765711727,2025-04-15,281.5665489378429,577,0,40,0.15849163595123333,0.002776548245151389,3.066060190679956,302.01513413020535,0.4596037960108134,"{""type"":""Point"",""coordinates"":[80.78256853353558,22.68553086877844]}"
229,109.44987060170315,2025-04-15,291.89706302824476,391,0,10,0.5102040816326531,0.021858617642124045,24.789299248333514,300.14616207849406,0.5571931406718543,"{""type"":""Point"",""coordinates"":[83.08168505564264,18.57833671578161]}"
230,-0.0,2025-04-15,290.38504782177154,265,0,80,-0.1984924623115578,0.007560014703472007,0.0,302.5309800193423,0.5053345647263657,"{""type"":""Point"",""coordinates"":[82.84118287519505,24.06833144989536]}"
231,160.37349937094456,2025-04-15,289.2255135490781,151,0,10,0.3113819030334457,0.005404099800784934,1.4767226783142609,305.1019261223929,0.884188830133321,"{""type"":""Point"",""coordinates"":[83.5431326838076,20.81386946154718]}"
232,180.0,2025-04-15,290.15870039803644,225,0,40,0.15335305719921105,0.006888627984722007,1.3909630807829783,303.66684427715484,1.0483049087751395,"{""type"":""Point"",""coordinates"":[83.45443351314373,21.731183809145072]}"
233,96.23446740755469,2025-04-15,284.017005829584,367,0,10,0.2421937550040032,0.007725387790401328,8.478211462235272,302.33238905952084,0.3535912365208856,"{""type"":""Point"",""coordinates"":[80.49397747253083,21.787145266621348]}"
234,180.0,2025-04-15,289.80813189915244,353,0,30,0.26768926274121724,0.02581264076491152,2.7802885155465065,302.0894458861579,0.7392833706301393,"{""type"":""Point"",""coordinates"":[83.87910872980858,22.328476811758158]}"
235,-0.0,2025-04-15,286.6488708314442,255,0,40,0.15472252848217566,0.0064029097344473485,0.0,303.64755135490776,0.443104523294729,"{""type"":""Point"",""coordinates"":[82.13869833345106,21.650704681924488]}"
236,102.95252164808375,2025-04-15,284.03594416663765,868,0,10,0.43108149045743716,0.009039804318149436,2.068067695120388,298.8553034010388,0.43546744835440226,"{""type"":""Point"",""coordinates"":[83.84498519356494,23.076560716573344]}"
237,207.89240751751237,2025-04-15,290.86962627229235,182,0,10,0.25891080151981183,0.013349801280696738,1.0492851964570324,304.16021760304767,0.8187933518804967,"{""type"":""Point"",""coordinates"":[80.36163955386384,19.154220905961992]}"
238,24.174758188266498,2025-04-15,288.75668216886976,668,0,30,0.3113264688067838,0.010708272435863364,16.318676854220357,301.3403759456816,0.8531436994135725,"{""type"":""Point"",""coordinates"":[81.67233366278307,19.074420817708546]}"
239,344.79052986609025,2025-04-15,283.6296244121733,470,0,10,0.4220158426659383,0.004355892517764914,5.747586360330515,301.0409490948632,0.3991849745339062,"{""type"":""Point"",""coordinates"":[82.13464018487468,23.13896738847576]}"
240,35.58415650983635,2025-04-15,286.2549324943906,326,0,40,0.3468085106382979,0.008672669508655417,1.7101791775625064,304.1780863716489,0.4508130002116074,"{""type"":""Point"",""coordinates"":[82.43595482738552,21.293054658435977]}"
241,294.462484109314,2025-04-15,290.03018942333404,493,0,10,0.46211440551063193,0.0214380174662665,15.303885412587837,301.7148004713513,0.5741722302730532,"{""type"":""Point"",""coordinates"":[80.79779119892842,19.546492312306302]}"
242,200.94972115177228,2025-04-15,281.5081528254918,598,0,30,0.1454248366013072,0.0031237303998068455,8.381416182097691,301.77770155952084,0.43834522087417366,"{""type"":""Point"",""coordinates"":[80.83415829688757,22.80095358401696]}"
243,312.5235654642776,2025-04-15,282.1597699664888,399,0,40,0.25953991880920163,0.0017253011252478245,0.6860894208217999,303.1731744947888,0.14015919770086388,"{""type"":""Point"",""coordinates"":[80.28016106909662,23.49609465225219]}"
244,308.34974678378404,2025-04-15,295.6513354891823,98,0,10,0.34785522788203754,0.00897967813273226,3.7318229743938045,302.85031014397026,1.363412819676895,"{""type"":""Point"",""coordinates"":[83.54682406138855,18.305633522653448]}"
245,122.3853394390492,2025-04-15,285.3802231379917,483,0,10,0.4267804747932782,0.016488254049022544,7.744910945511769,300.51622695014584,0.7143366313454566,"{""type"":""Point"",""coordinates"":[84.30534394641037,23.630004848738203]}"
246,-0.0,2025-04-15,291.237214860462,188,0,30,-0.01339764201500536,0.0058195590760306,0.0,303.4199948537917,1.14943844974368,"{""type"":""Point"",""coordinates"":[83.694480294288,21.667859303184503]}"
247,14.974944911885439,2025-04-15,285.94975671314063,398,0,10,0.3018714401952807,0.0033582001711920384,1.9194753260341266,304.4137925193423,0.9228168347043071,"{""type"":""Point"",""coordinates"":[80.40032948569097,20.828531638844062]}"
249,64.8130444573999,2025-04-15,288.59339859372096,664,0,10,0.5311398354876615,0.020649537422855246,8.651216908576101,301.9907200677054,0.7929366430425592,"{""type"":""Point"",""coordinates"":[80.85492207092493,19.852310177232415]}"
250,46.86497080308862,2025-04-15,289.74126643226265,152,0,40,0.2831810854379366,0.005548089721401084,0.6782363762358787,305.0161804471698,1.0815364219214314,"{""type"":""Point"",""coordinates"":[83.5265085797295,20.45781811983729]}"
251,-0.0,2025-04-15,284.27224904014946,325,0,40,0.19432530517980864,0.006723940351207602,0.0,304.0390657243275,0.33399011209336643,"{""type"":""Point"",""coordinates"":[81.2655003860479,21.941950203684613]}"
252,180.0,2025-04-15,291.1528177715483,154,0,10,0.14807852965747703,0.010467052438457358,0.463735342881014,304.2466782615298,0.9772177853236833,"{""type"":""Point"",""coordinates"":[80.38965373583248,18.909669793021255]}"
253,203.5309974843725,2025-04-15,283.3081493377685,551,0,40,0.32738354375272094,0.005451202371318686,2.5273903527712553,301.75151457105363,0.4399061834360419,"{""type"":""Point"",""coordinates"":[82.96305475500283,23.280982079242534]}"
254,15.202210934359751,2025-04-15,283.7933090754917,466,0,30,0.14948624461385482,0.00264011321326052,3.838742475573917,301.81370067596436,0.3240547395788936,"{""type"":""Point"",""coordinates"":[82.44338746307392,23.0714889952715]}"
255,47.56939181926718,2025-04-15,282.62789798918226,388,0,40,0.20867106503298774,0.002420783021648276,0.6873061142607041,303.0441868645804,0.4137841193558324,"{""type"":""Point"",""coordinates"":[80.43085832789832,23.920901964888387]}"
256,151.78851505598317,2025-04-15,285.92880130949476,286,0,30,0.19882578751270183,0.005257949211795676,3.154373100341844,304.5740592139108,0.4477085026724311,"{""type"":""Point"",""coordinates"":[82.51390662112462,21.244223462739445]}"
257,313.3142926234381,2025-04-15,291.8850361960275,442,0,40,0.4432848118648723,0.008415013530452597,1.3517769817872585,301.0415071305775,1.265718638040621,"{""type"":""Point"",""coordinates"":[83.5909028107921,19.468669643200815]}"
258,-0.0,2025-04-15,292.9722641536168,165,0,30,0.4592309790019089,0.019752904751499045,1.390963080774087,301.58311566852393,0.6636335889532529,"{""type"":""Point"",""coordinates"":[83.2124371825848,18.716615091305883]}"
259,111.84369997375715,2025-04-15,285.9745951152983,376,0,40,0.21268614300329658,0.004412859657008994,3.7338253930625425,304.11485976264595,0.9474990590305983,"{""type"":""Point"",""coordinates"":[80.48518801360531,20.71865133729741]}"
260,-0.0,2025-04-15,287.08587092445015,317,0,40,0.23163841807909605,0.005298420765598166,0.9274099368611016,304.24783502306263,0.8060593893291734,"{""type"":""Point"",""coordinates"":[81.70336194012702,20.82325060925503]}"
261,201.89057010488892,2025-04-15,285.44335092817033,362,0,30,0.18381268436578171,0.004480123498638022,3.991775764541702,304.61497602008643,0.9790454499011505,"{""type"":""Point"",""coordinates"":[80.6132112349452,21.046801434493904]}"
262,340.09880622292235,2025-04-15,283.7623962220691,600,0,30,0.2924235711120957,0.006213903405864585,7.357275833895607,301.79205354054767,0.2669259304541331,"{""type"":""Point"",""coordinates"":[83.0690748439492,22.962042712982466]}"
263,294.8891660915036,2025-04-15,290.7494044530959,286,0,10,0.4105263157894737,0.017166703918178428,2.202690922774062,302.97789105914893,1.2104432524456348,"{""type"":""Point"",""coordinates"":[84.33706744796329,21.88885719630644]}"
264,56.486648944123786,2025-04-15,289.74486460004533,568,0,10,0.5078148942690776,0.018673643448551047,5.858924660560934,301.73065217336017,0.7439106119092636,"{""type"":""Point"",""coordinates"":[82.0352717129401,18.909607639554835]}"
265,121.44794362050621,2025-04-15,283.7437194642567,608,0,10,0.2695187165775401,0.006434276678760398,1.7771734643743575,301.07183288392565,0.5747375693963622,"{""type"":""Point"",""coordinates"":[83.001567610147,23.461799234231822]}"
266,208.14250080888925,2025-04-15,286.5269167763846,308,0,40,0.4551148225469729,0.006334215381343711,2.1027408259645095,304.27318495795834,1.0103855226210616,"{""type"":""Point"",""coordinates"":[81.20907261509367,20.812731650508546]}"
267,249.20561520127848,2025-04-15,291.46102205912274,503,0,30,0.19469026548672566,0.0100624710108832,2.610729269727398,303.72153759002686,1.187792475170103,"{""type"":""Point"",""coordinates"":[80.70879986612618,18.308141558296363]}"
268,3.6865431118958405,2025-04-15,283.7024422600156,365,0,10,0.4616376531270148,0.003561198690135825,7.850520394305141,302.445931888762,0.2876809421352245,"{""type"":""Point"",""coordinates"":[81.33618619823434,24.08184536263382]}"
269,270.0,2025-04-15,291.5496392931257,166,0,30,0.3459204315576534,0.004381418206889975,0.9962554132979244,303.9523899895804,0.9510116544837383,"{""type"":""Point"",""coordinates"":[83.90562792031135,21.427119103570487]}"
270,180.0,2025-04-15,283.35790752229235,477,0,30,0.22448979591836735,0.0034815221812323216,0.9274099368611016,301.8976908638364,0.09562783467008584,"{""type"":""Point"",""coordinates"":[81.50942153647993,23.680673346541354]}"
271,278.9069011848247,2025-04-15,288.5241091591971,316,0,40,0.3585591539986781,0.010576441862781394,2.9924792688323816,303.9075262433007,0.9005163576868931,"{""type"":""Point"",""coordinates"":[80.39473572567202,19.895149644783064]}"
272,203.09424868524934,2025-04-15,287.40926424662274,347,0,10,0.09391808026479107,0.010342419126232016,2.519112532056442,303.6275143850417,1.156110380077007,"{""type"":""Point"",""coordinates"":[80.7771814370493,20.27368954060527]}"
273,180.0,2025-04-15,290.11478414989654,116,0,40,0.7554417413572343,0.006381541469295371,0.9274099368611016,304.93920058295834,0.6662574929296236,"{""type"":""Point"",""coordinates"":[83.85956300813969,20.80804200405127]}"
274,144.01240086912517,2025-04-15,281.89200582958404,527,0,40,0.182984965163183,0.0022257864262655858,3.434664744341478,302.3362023035685,0.29695672810301166,"{""type"":""Point"",""coordinates"":[80.79783256886604,23.364057756649622]}"
275,284.4693065679195,2025-04-15,286.4384041740781,881,0,10,0.5015419119708439,0.011724293210704673,12.776032595744676,300.913966905503,0.4804582463769516,"{""type"":""Point"",""coordinates"":[84.04878993627995,22.840026816526855]}"
276,207.83868560857582,2025-04-15,288.57087371462865,911,0,50,0.11795446061963419,0.0067617296959952,5.229839174640648,298.4651201793126,0.5855446216188673,"{""type"":""Point"",""coordinates"":[82.91390894775357,18.776212529333165]}"
277,344.78052741935926,2025-04-15,283.5791338057745,556,0,40,0.1549552838109144,0.0030684917952612523,1.9216848780923135,301.66312403905965,0.3213479358566915,"{""type"":""Point"",""coordinates"":[82.43575942674526,23.23154919847659]}"
278,270.0,2025-04-15,289.24524243672687,217,0,40,0.3626089764288021,0.008168309905727256,1.997774447512168,303.65904921577084,0.985682696512663,"{""type"":""Point"",""coordinates"":[83.48308161405592,21.852217259309203]}"
279,69.86096659465913,2025-04-15,283.1617928459531,512,0,40,0.21948424068767908,0.0018545835997656468,5.371904223091336,301.79100722358345,0.2076894326285381,"{""type"":""Point"",""coordinates"":[81.50630051070378,23.53698857874559]}"
280,312.92223205156733,2025-04-15,287.8829086848668,245,0,30,0.14474408365437536,0.005835145690639365,1.3616878399555172,303.8676383154733,0.6322830470812913,"{""type"":""Point"",""coordinates"":[82.99923018371403,21.568540101358234]}"
281,290.0837685653532,2025-04-15,290.598792938959,846,0,10,0.5510852302805718,0.009281307437618125,9.368937802337765,299.6432207652501,0.8004494369380895,"{""type"":""Point"",""coordinates"":[84.20878627468191,19.918255247880044]}"
282,289.2142150191375,2025-04-15,285.4642947060721,279,0,40,0.33414932680538556,0.00558912751932894,4.219739164983809,304.4186869575863,0.19123793601459038,"{""type"":""Point"",""coordinates"":[81.56783712369159,21.66239164034388]}"
283,113.87591934063474,2025-04-15,288.84382874625067,573,0,10,0.5025477707006369,0.003137066939075339,9.088884861675611,302.53758925483334,1.044038459452614,"{""type"":""Point"",""coordinates"":[83.2611295080223,19.847116481726818]}"
284,270.0,2025-04-15,287.45693561009,313,0,10,0.23099685592750138,0.008353799560268271,8.902498234103389,303.61023271651493,0.419543453681734,"{""type"":""Point"",""coordinates"":[82.69832152531401,21.551252942369793]}"
285,207.97550151783335,2025-04-15,287.5652817317418,629,0,40,0.3771861132863482,0.00649198887606417,1.0500922013450644,301.8945577258155,0.9154884748911423,"{""type"":""Point"",""coordinates"":[81.89468410393424,19.723271099359316]}"
286,-0.0,2025-04-15,289.4934869493757,566,0,10,0.4749316317228806,0.018580690005023826,0.9274099368611016,301.88876229240776,0.7359376790269699,"{""type"":""Point"",""coordinates"":[82.16103252670023,19.00745197461205]}"
287,338.85608731753234,2025-04-15,288.99261501857217,696,0,10,0.6339764201500536,0.00548405943175112,15.980544386004635,301.2337969371251,1.2391375511352918,"{""type"":""Point"",""coordinates"":[83.59039967765179,19.90828943704095]}"
288,270.0,2025-04-15,294.90453256879533,64,0,40,0.3486992240985851,0.011286556699474204,0.9795784221277958,301.71872997283936,1.0585797503642038,"{""type"":""Point"",""coordinates"":[83.89468070624166,18.785292679842975]}"
289,252.7330766938639,2025-04-15,284.9491579873221,426,0,10,0.2707799767171129,0.002616912105281699,1.5619732088998186,304.68009762536906,0.8014753414298081,"{""type"":""Point"",""coordinates"":[80.54687798649194,21.17247931958475]}"
290,126.91895213929773,2025-04-15,292.92155265808105,290,0,10,0.395712954333644,0.018905371406276572,19.991875897448832,300.99150480542863,0.824330705413267,"{""type"":""Point"",""coordinates"":[83.25363042895626,18.891821745950292]}"
291,90.0,2025-04-15,283.31758944193524,458,0,10,0.483055134041477,0.0040059089448050145,2.025507062535426,302.072658311753,0.09161408124062631,"{""type"":""Point"",""coordinates"":[81.64804525063548,23.7326130401503]}"
292,72.9513470164328,2025-04-15,283.6296244121733,497,0,30,0.2618229854689564,0.004355892517764914,3.1603063655990513,301.0409490948632,0.3991849745339062,"{""type"":""Point"",""coordinates"":[82.10017528050545,23.07733071092657]}"
293,339.8670553660074,2025-04-15,288.58243551708404,663,0,10,0.5863574351978172,0.00503005085249697,24.145409916585418,300.72707725706556,0.7577582766664319,"{""type"":""Point"",""coordinates"":[82.83824340003667,19.22577609744042]}"
294,137.22999794827504,2025-04-15,291.9658467429025,229,0,10,0.48294573643410854,0.01876024899740969,5.040811743692536,300.25775178273517,0.7768852357433229,"{""type"":""Point"",""coordinates"":[83.24815853148436,18.931306106019402]}"
295,196.79565740031762,2025-04-15,290.1058730170841,456,0,10,0.4506104328523862,0.005154862978656638,6.750328921588722,302.59890342894056,0.7926274711611747,"{""type"":""Point"",""coordinates"":[81.1385537617709,18.810707566397635]}"
296,-0.0,2025-04-15,285.44335092817033,359,0,40,0.3249181860682562,0.004480123498638022,0.0,304.61497602008643,0.9790454499011505,"{""type"":""Point"",""coordinates"":[80.62327240295038,21.022333561296175]}"
297,301.5853316941686,2025-04-15,281.91503642854235,593,0,30,0.2108377452507007,0.002282217123706687,5.297271040229791,302.503072420756,0.4608632080610857,"{""type"":""Point"",""coordinates"":[80.7271969255004,22.73816188080475]}"
298,68.15760660626594,2025-04-15,286.5415652138846,349,0,10,0.2346143509809191,0.0033721625592306737,3.734037216867682,304.42575540996734,0.5371777239797272,"{""type"":""Point"",""coordinates"":[82.60830398290837,20.7280948505997]}"
299,321.6211937518145,2025-04-15,291.1957400185721,154,0,10,0.36127167630057805,0.006464406826694358,2.364936247284874,304.16390877678276,1.0104748861304307,"{""type"":""Point"",""coordinates"":[80.51697559274386,18.74064450246177]}"
300,133.0179488516914,2025-04-15,285.41210674104235,357,0,40,0.19297484822202948,0.0033656954552725438,3.3947819079776234,304.4371486391339,0.8777874730335126,"{""type"":""Point"",""coordinates"":[80.48884024056971,21.076376289954887]}"
301,171.7893555846677,2025-04-15,288.9211225055513,892,0,30,0.5206820334701611,0.005487114169795859,10.19895675124648,300.16790221986315,0.6956109520731617,"{""type"":""Point"",""coordinates"":[82.82824387863245,19.08163782311245]}"
302,249.79321826548212,2025-04-15,284.4321727752685,494,0,10,0.2574173495337666,0.003718271830280173,2.683230726756589,301.43596281324113,0.4087788248514279,"{""type"":""Point"",""coordinates"":[81.77580114624597,23.05086942892375]}"
303,265.9791408027953,2025-04-15,287.61926587422687,324,0,10,0.31628575994885727,0.005482032873828757,19.100402931363966,304.535054842631,1.0083053922576986,"{""type"":""Point"",""coordinates"":[80.30386213693109,20.407278854743605]}"
304,180.0,2025-04-15,288.3486999330066,364,0,10,0.3071208552273963,0.011429205515582908,0.4637353428839794,303.54265226636613,1.088395571273601,"{""type"":""Point"",""coordinates"":[80.72217116106829,20.2336234496538]}"
305,238.08291868987857,2025-04-15,289.2503170740037,172,0,40,0.2506447831184056,0.0037653893019751195,1.7537664550977197,305.1163071677798,0.7639625808606164,"{""type"":""Point"",""coordinates"":[83.62809567408479,20.885995087688958]}"
306,297.94299389635495,2025-04-15,281.070455187843,674,0,10,0.39169909208819714,0.0028862356926993016,14.525431732395788,301.06223583221436,0.49339851828368175,"{""type"":""Point"",""coordinates"":[81.14895349263823,23.158842097053785]}"
307,98.99264883592616,2025-04-15,291.86722555614654,128,0,10,0.37387133182844245,0.010379463412959922,2.964227128179443,303.92157014211017,1.216353778777997,"{""type"":""Point"",""coordinates"":[80.826796743438,18.28328857489566]}"
308,290.4499412890816,2025-04-15,288.29040845235187,263,0,10,0.2991913746630728,0.009246423819263327,2.652712115316518,304.5181451979138,0.6885240130589254,"{""type"":""Point"",""coordinates"":[83.25041841654652,21.216080656549916]}"
309,350.0550737002052,2025-04-15,296.66538520086385,17,0,10,0.2322185586434291,0.003999859073360312,2.822633759283493,302.35307707105363,1.8630061002493472,"{""type"":""Point"",""coordinates"":[83.52386399124518,18.092477451709392]}"
310,226.96054018716552,2025-04-15,290.89047123136976,126,0,30,0.2085587801278898,0.003186985829074729,1.3587025861090596,304.2455214999971,0.9458363430207193,"{""type"":""Point"",""coordinates"":[84.10138624609017,20.9645839495073]}"
311,327.9810049502654,2025-04-15,284.64200582958404,406,0,30,0.22018970189701897,0.005403205731113303,3.8229803798936968,301.405416170756,0.3187277266769656,"{""type"":""Point"",""coordinates"":[82.23859936969751,23.963848238430742]}"
312,313.16878221447155,2025-04-15,286.3443402789888,445,0,30,0.2912142152023692,0.007363319375713218,0.6778103560502751,303.43951447804767,0.634242335837179,"{""type"":""Point"",""coordinates"":[82.07667936400709,20.275706335079366]}"
313,104.95234105253697,2025-04-15,285.8197634560721,426,0,10,0.28690892504181237,0.004153341033656943,3.5900048025322047,304.08269714173815,0.9592903242551912,"{""type"":""Point"",""coordinates"":[80.4684541704299,20.819773402911398]}"
314,144.21277386770166,2025-04-15,284.68118458702446,348,0,40,0.17375661375661375,0.005364373305042136,1.7145353038854745,303.456214859372,0.2662721291114593,"{""type"":""Point"",""coordinates"":[81.98419938073526,22.363131987943774]}"
315,245.03835350809948,2025-04-15,290.926418031965,400,0,10,0.5764804939657592,0.012013137319286216,16.049972129492364,302.87986278533936,1.0911550108292158,"{""type"":""Point"",""coordinates"":[84.32996005585977,21.410813913741592]}"
316,69.88577591002877,2025-04-15,283.76433772132503,455,0,30,0.24608346041868848,0.0034303813960150364,2.695045522846573,302.3463108880179,0.8018167391149983,"{""type"":""Point"",""coordinates"":[83.72901444052268,23.712482388504277]}"
317,245.03877025897782,2025-04-15,286.9041024162656,276,0,40,0.30108108108108106,0.00882031021376406,2.196743304976887,303.9520935331072,0.39130625279121145,"{""type"":""Point"",""coordinates"":[82.70132125825384,21.4136227835535]}"
318,130.27388749287394,2025-04-15,289.13013594491144,1127,0,30,0.4106966646931123,0.00894458589812075,22.449530395860787,297.57763413020547,0.33962208278856326,"{""type"":""Point"",""coordinates"":[82.7254244232913,18.198859863516354]}"
319,327.610059069544,2025-04-15,291.20423262459894,247,0,10,0.3868124118476728,0.012149363734920371,5.475142083402876,304.6601711000715,1.0218666795634384,"{""type"":""Point"",""coordinates"":[80.34706424642879,18.947565985915737]}"
320,123.373897102307,2025-04-15,293.0717514583043,791,0,10,0.6539923954372624,0.006112411596973288,18.696324546065295,300.59451471056263,0.9028485302092242,"{""type"":""Point"",""coordinates"":[83.95323963084155,19.068775262082053]}"
321,242.36149412003033,2025-04-15,289.6055591219948,681,0,10,0.288231148696265,0.02127705512305056,9.89722217235831,301.3014645803542,0.7048339528696359,"{""type"":""Point"",""coordinates"":[81.24281154213543,19.514331200642395]}"
322,302.20077646715515,2025-04-15,291.0223885490781,217,1,10,0.21295983800202498,0.012272968867023337,1.7399645885983086,303.96446913764584,0.7529527155978476,"{""type"":""Point"",""coordinates"":[80.54922485838159,19.156413532158425]}"
323,270.0,2025-04-15,287.2717491331555,257,0,10,0.2183368869936034,0.0033289342906073216,1.5001348168071016,303.95061706361315,0.4216645390550936,"{""type"":""Point"",""coordinates"":[82.68203525446822,21.998029087203932]}"
324,270.0,2025-04-15,284.4677998679025,344,0,10,0.3302595178500856,0.007210686781604636,1.9968989266809873,302.59433451152984,0.2796817283346714,"{""type"":""Point"",""coordinates"":[80.39544689105112,21.789495947800173]}"
325,208.41531926631325,2025-04-15,286.4812217894054,615,0,40,0.3376321898375032,0.013321340062816489,3.1604124259877175,301.4292489460536,0.42597360559797665,"{""type"":""Point"",""coordinates"":[83.58973292198125,22.460733410270112]}"
326,332.0536218974513,2025-04-15,288.603431610834,244,0,40,0.7751441383728379,0.00802019236346041,1.0498089636313397,302.2296930494762,0.7085731999681728,"{""type"":""Point"",""coordinates"":[82.8661070322215,19.525967161868696]}"
327,-0.0,2025-04-15,291.9416186923072,188,0,80,0.04122990915443746,0.0033150315072134617,0.0,303.48084399813695,1.0360444612898416,"{""type"":""Point"",""coordinates"":[83.80799038537218,21.498090117049735]}"
328,180.0,2025-04-15,284.28213092259,446,0,40,0.19083969465648856,0.004718929507930625,4.166350197281316,301.98455842336017,0.6629034273462364,"{""type"":""Point"",""coordinates"":[82.97886921089035,23.892792300011283]}"
329,199.5103040458816,2025-04-15,288.46178935822985,489,0,10,0.40650653694131955,0.014450818278987754,2.9493628843683664,302.0310148965745,0.7369993703422526,"{""type"":""Point"",""coordinates"":[81.284402873301,19.819322133900176]}"
330,90.0,2025-04-15,286.68294007437567,308,0,40,0.20531514581373472,0.005544215419490683,1.4911638752444725,303.9160130364554,0.6818392329126879,"{""type"":""Point"",""coordinates"":[81.72121498403678,21.128357212430622]}"
331,180.0,2025-04-15,289.07336162385485,156,0,40,0.24906542056074765,0.006282910683353293,1.8543341688295631,305.07380344754176,0.7639761009716669,"{""type"":""Point"",""coordinates"":[83.39387846934925,21.012273660729974]}"
332,283.11631380785525,2025-04-15,286.0910908835275,297,0,40,0.17088074167720185,0.004378586986263144,2.0427082892229596,304.2093945003691,0.7227027023538289,"{""type"":""Point"",""coordinates"":[81.36502314606264,21.24645221557061]}"
333,64.60121456384589,2025-04-15,291.6828877585275,165,0,40,0.3269230769230769,0.007332235553462851,1.0810752029635877,303.8160141990298,1.041671018824906,"{""type"":""Point"",""coordinates"":[81.51555551881967,18.26539650385295]}"
334,126.37901176350806,2025-04-15,283.25561260041735,596,0,40,0.171766472686315,0.0074988007332876805,3.1243767732043177,299.9090550286429,0.21597913098166616,"{""type"":""Point"",""coordinates"":[83.15046366706912,22.945825978208298]}"
335,337.3433603472585,2025-04-15,284.4065031324114,693,0,10,0.6207073295745772,0.008956119396884787,16.604821921839132,300.77459748586017,0.4651973640025744,"{""type"":""Point"",""coordinates"":[82.4790860394522,23.652686224347654]}"
336,313.5706744476186,2025-04-15,291.46080698285783,318,0,10,0.21575673807878368,0.008877322056491721,2.017647734293695,303.85461748214,1.2472679230123098,"{""type"":""Point"",""coordinates"":[80.20102870464851,17.95258767046502]}"
337,132.7908600205486,2025-04-15,282.6477256956554,541,0,10,0.33005922288025424,0.002712294438083518,2.047099558491102,303.08244137536906,0.4657043828630486,"{""type"":""Point"",""coordinates"":[80.45673382203036,22.22365835872851]}"
338,223.56979376980715,2025-04-15,281.18578256879533,829,0,10,0.39093655589123866,0.0031719356562689427,5.106906065953743,301.50071239471436,0.4596053148053428,"{""type"":""Point"",""coordinates"":[80.8541499801444,23.10128191886743]}"
339,19.546892508479818,2025-04-15,289.7161722637358,211,0,30,0.21867321867321868,0.0037523656870916966,1.4759931074747352,304.34175940922336,1.0350332987847932,"{""type"":""Point"",""coordinates"":[83.40293247490439,20.138505296689264]}"
340,331.57206379146896,2025-04-15,288.4804428645543,395,0,40,0.24197384066587396,0.020247265675266135,2.10838025665842,301.4872149058751,0.6109533272602734,"{""type"":""Point"",""coordinates"":[84.02587422487869,22.534234536974573]}"
341,156.2660206886538,2025-04-15,289.2410687946138,498,0,40,0.26641345632121544,0.013345137217243064,8.548053688926238,302.13939589545834,0.8719251006544447,"{""type"":""Point"",""coordinates"":[84.08235520143242,20.525142824478284]}"
342,270.0,2025-04-15,286.12870016552154,392,0,10,0.34592184631523737,0.004651620962818015,3.46632278679554,304.2443821770804,0.6022309179233499,"{""type"":""Point"",""coordinates"":[82.32707337521461,20.71410344796801]}"
343,126.40928831516494,2025-04-15,288.8892679668608,1078,0,10,0.43667296786389415,0.006165504434306968,20.89783721324501,298.78866463615776,0.32879178871081954,"{""type"":""Point"",""coordinates"":[82.5976207340726,18.516082353930887]}"
344,6.031498675174379,2025-04-15,290.7121613820394,555,0,10,0.44291970802919706,0.013649195411403525,13.721332503248542,302.223763920012,0.7948474907003776,"{""type"":""Point"",""coordinates"":[81.4843311257997,18.838676612170826]}"
345,354.90692988055895,2025-04-15,285.906869343349,401,0,30,0.2257515598411798,0.004551753380496848,5.56939649267101,304.2541768664405,0.6399483993108783,"{""type"":""Point"",""coordinates"":[82.06953761797202,20.77083181336885]}"
346,235.26162945091852,2025-04-15,285.3271341777983,348,0,30,0.25910885504794134,0.00806972382326876,2.4400177408933703,303.66705354054767,0.04077236683831399,"{""type"":""Point"",""coordinates"":[82.3863151221514,22.396949618374776]}"
347,319.3523214945758,2025-04-15,285.2763122376941,696,0,10,0.6289381563593932,0.004012867787082541,17.190121565115607,302.10496044158936,0.11742649924885294,"{""type"":""Point"",""coordinates"":[82.89155365099025,22.51619909533698]}"
348,287.23542814823406,2025-04-15,285.2014656975156,324,0,40,0.24892753623188404,0.00882147250433718,1.5647392518813408,304.51597118377686,0.5324005315967565,"{""type"":""Point"",""coordinates"":[80.98070328469294,21.457538186382457]}"
349,90.0,2025-04-15,284.9882204873221,358,0,80,-0.09309309309309309,0.00381755826731478,4.006067774874056,303.25257251376195,0.46172809270652676,"{""type"":""Point"",""coordinates"":[81.58911411791507,22.395373206755632]}"
350,313.182171670396,2025-04-15,288.3486999330066,334,0,10,0.3134461264470169,0.011429205515582908,0.6776415717949449,303.54265226636613,1.088395571273601,"{""type"":""Point"",""coordinates"":[80.7432392652333,20.20291110451109]}"
351,24.244231501986174,2025-04-15,283.98510478791735,375,0,80,0.31600324939073926,0.004018455722530234,8.58149265529549,302.27817821502686,0.10454167142919309,"{""type"":""Point"",""coordinates"":[81.59343865676749,23.88925660810205]}"
352,120.33072906251749,2025-04-15,281.2003670647031,596,0,30,0.16545148625911385,0.0012142210986212376,6.401504216067038,302.69654224032445,0.21343456441408662,"{""type"":""Point"",""coordinates"":[80.42574864719751,23.16188343853619]}"
353,-0.0,2025-04-15,288.63711139134,559,0,40,0.2897196261682243,0.009800195672710288,0.0,302.0227024895804,0.8607805861666274,"{""type"":""Point"",""coordinates"":[81.99307339502434,19.31471702460349]}"
354,180.0,2025-04-15,283.4692763373965,541,0,30,0.1588872292755788,0.006092041709621299,2.7802885155287553,301.61530735379165,0.5174871862685004,"{""type"":""Point"",""coordinates"":[82.97208233812874,23.37196999512786]}"
355,-0.0,2025-04-15,296.5949157533191,35,0,30,0.3005301524188204,0.0053613036658362034,0.0,302.52269667670834,2.0244184964047127,"{""type"":""Point"",""coordinates"":[83.62268187180037,18.15478909251677]}"
356,294.58890533920385,2025-04-15,283.8167523883638,480,0,10,0.4451546918946561,0.0031885951544836644,2.2278609462785828,301.99956725892565,0.1222966453266855,"{""type"":""Point"",""coordinates"":[81.4333822479975,23.764947211942765]}"
357,27.932307498350802,2025-04-15,289.84045146760485,476,0,30,0.2768995410504844,0.015524521448810447,2.0986404129364216,301.77150503794354,0.7343497224137441,"{""type"":""Point"",""coordinates"":[81.3374267039332,19.430081763542436]}"
358,72.56251849766025,2025-04-15,289.4709039415632,246,0,10,-0.008209021096301528,0.01054997740050112,1.547170322838645,303.7736499877204,0.8186428179512308,"{""type"":""Point"",""coordinates"":[80.42820075980674,19.558809914740294]}"
359,282.5004460058059,2025-04-15,290.64172681172687,776,0,10,0.6251411366202484,0.005847454049785483,24.167263161037752,301.3537571770804,1.2300936206496698,"{""type"":""Point"",""coordinates"":[83.3791083210006,19.569432171544417]}"
360,157.1422256415697,2025-04-15,289.38086255391437,857,0,30,0.37668711656441717,0.007159337380130637,7.5057572813984095,299.05809706733334,0.26427381961992835,"{""type"":""Point"",""coordinates"":[82.61199467326074,18.39897780678588]}"
361,331.6625488740667,2025-04-15,284.4246276673817,298,0,40,0.1960423377818684,0.004067689159114707,1.0536478747115317,304.30739370981854,0.2519810103096232,"{""type"":""Point"",""coordinates"":[81.50635379400299,22.00573879997713]}"
362,49.76274690922833,2025-04-15,285.3889947618757,958,0,10,0.568534961154273,0.020103231051166404,16.076602501711125,299.6038153058007,0.6455717176805684,"{""type"":""Point"",""coordinates"":[84.18144501084512,23.108588098826935]}"
363,155.71051669641614,2025-04-15,291.7471781231108,192,0,40,0.24752935705150564,0.007804214933116782,3.556908874286262,302.2297221138364,0.3859615008364383,"{""type"":""Point"",""coordinates"":[82.05524645247343,18.25969969288135]}"
364,196.2411912906819,2025-04-15,286.5287536439441,402,0,10,0.19325030132583368,0.004166930892665732,5.2980839214858895,304.5131345022292,0.9217419682962008,"{""type"":""Point"",""coordinates"":[80.36818724700207,20.573354083825183]}"
365,347.91232989051406,2025-04-15,291.30355135599774,126,0,10,0.4454612911204551,0.002612337448795188,2.369950576586199,304.2777887526013,1.1029560214146017,"{""type"":""Point"",""coordinates"":[84.34004213970312,20.949355617155593]}"
366,301.7377999344728,2025-04-15,284.86745807102744,328,0,10,0.28073510773130544,0.004987537839610923,1.76262439990357,303.25436869121734,0.3086252668772502,"{""type"":""Point"",""coordinates"":[80.20185713833307,21.90738262497786]}"
367,340.38376339767,2025-04-15,289.3703761327834,212,0,30,0.21676006113092205,0.005147308089931357,1.4766284128342513,304.8200250807263,0.9918501259722723,"{""type"":""Point"",""coordinates"":[83.3071851225408,20.72791779235419]}"
368,192.36022530685054,2025-04-15,290.54382642110187,344,0,10,0.3235077376565954,0.013273522236545432,13.511572260283994,302.82540780022026,0.5476658928127957,"{""type"":""Point"",""coordinates"":[80.79092216899049,19.24092374751272]}"
369,133.5205126356609,2025-04-15,289.7376450129918,883,0,40,0.2589094031773293,0.007431194164951194,4.703537420590415,299.1353210721697,0.2856783496044401,"{""type"":""Point"",""coordinates"":[82.58712707710943,18.259749434300076]}"
370,340.440476897878,2025-04-15,289.03038124811076,644,0,10,0.48182665424044735,0.00528886912127291,8.789019260176188,302.3043187005179,0.9260629780257459,"{""type"":""Point"",""coordinates"":[83.71308547628162,20.247154313377955]}"
371,90.0,2025-04-15,289.3131716591971,595,0,10,0.473587786259542,0.006026774623592246,13.105883567806496,301.3771132968721,0.9957650419420803,"{""type"":""Point"",""coordinates"":[84.00644759129956,20.172097444175524]}"
372,115.32108709683156,2025-04-15,288.61001178196494,825,0,40,0.3358085808580858,0.005728498079974997,4.328949362007763,299.6280840465,0.5945002039482511,"{""type"":""Point"",""coordinates"":[82.67455111727132,18.862817163819013]}"
373,267.27894937681936,2025-04-15,292.2242172786168,470,0,10,0.43262806236080176,0.010875314452846396,18.82864844259314,302.5831970487322,0.3434222902847396,"{""type"":""Point"",""coordinates"":[81.91738557749002,18.09477155557333]}"
374,344.78010452071857,2025-04-15,281.0151282719204,530,0,40,0.3190810465858328,0.00239790973921572,1.9216887341177913,301.2605593999227,0.5037202128444263,"{""type"":""Point"",""coordinates"":[81.24739044493029,23.234991973785064]}"
375,294.9838220532119,2025-04-15,285.2901061830067,334,0,10,0.2883836109860423,0.0026765316512182835,1.0978457800451125,304.4327366692679,0.6134476174106742,"{""type"":""Point"",""coordinates"":[80.24093030661346,21.262543034662052]}"
376,270.0,2025-04-15,288.8047139304025,564,0,40,0.12024665981500514,0.009088858940799582,0.49108903915173635,301.4039978299822,0.9396733005735669,"{""type"":""Point"",""coordinates"":[82.35562976364128,19.21357395768511]}"
377,121.75226522544712,2025-04-15,287.022609438215,227,0,80,-0.14111427409516064,0.00507853923102175,1.7619057414970654,303.5542605717977,0.461874605201902,"{""type"":""Point"",""coordinates"":[82.18728273237372,21.826973639838574]}"
378,90.0,2025-04-15,282.47675750369115,875,0,40,0.26787077079623506,0.006999552228649009,3.5247697074287645,298.7344072886876,0.4139873087448653,"{""type"":""Point"",""coordinates"":[83.73555189356989,23.101563842245966]}"
379,151.66498674113535,2025-04-15,287.3575529370989,229,0,10,0.24400181077410593,0.005908280589778769,1.0536237046026473,304.18571867261613,0.547428859644449,"{""type"":""Point"",""coordinates"":[82.95609730917242,21.99090466212268]}"
380,54.71361006526579,2025-04-15,290.3620462871733,470,0,10,0.4318734793187348,0.01473560927172457,14.155110713619639,302.69968700408936,0.5252024347231555,"{""type"":""Point"",""coordinates"":[80.83366967610691,19.338800156342142]}"
381,98.82434227501716,2025-04-15,284.68575350443524,459,0,10,0.2309853501906482,0.004233553984363425,3.020200335815894,304.1008333024525,0.6998626988985016,"{""type"":""Point"",""coordinates"":[80.60452450480142,21.33649310360419]}"
382,163.19001244878308,2025-04-15,282.7607163020543,420,0,30,0.172147001934236,0.0026805251624182347,13.777126896308982,302.1523004713512,0.5398696349012647,"{""type"":""Point"",""coordinates"":[80.60843102993512,24.059326233662265]}"
383,252.45441474733525,2025-04-15,296.31490389506024,17,0,40,0.21704241497898358,0.013065770247180808,3.0736655932785415,302.4573774337768,1.372674755708386,"{""type"":""Point"",""coordinates"":[83.94763301994251,18.463976783494385]}"
384,270.0,2025-04-15,289.00188654945015,378,0,10,0.32608695652173914,0.0050729512955740574,0.4932916247649113,301.87742137908936,1.239643536299397,"{""type"":""Point"",""coordinates"":[83.49620921305683,19.934657383813594]}"
385,112.27607603617308,2025-04-15,284.17352903456907,1028,0,10,0.6378814047207829,0.008846893885333884,4.8816632424403155,299.8748346510387,0.2103556174574109,"{""type"":""Point"",""coordinates"":[83.3692829857684,22.82499315713092]}"
386,36.08010029223333,2025-04-15,289.79410543895904,848,0,10,0.7094886797252608,0.007338106610973227,16.19480087521388,302.01264622097926,0.7941877201947638,"{""type"":""Point"",""coordinates"":[81.22960232501264,18.83669008278433]}"
387,132.476041560273,2025-04-15,284.3640807923816,510,0,10,0.4351360904913397,0.005828335859973777,2.0593434571147005,302.55034269605363,0.6869973288614234,"{""type"":""Point"",""coordinates"":[83.87361729955774,23.71398814133504]}"
388,33.88043248811236,2025-04-15,292.5132507142566,977,0,10,0.5432452830188679,0.008619666078288901,21.78761792993015,301.3621800286429,1.1052198945440412,"{""type"":""Point"",""coordinates"":[83.54360864368968,19.194460680018317]}"
389,342.68014297776557,2025-04-15,282.6978442782447,451,0,10,0.2587880816873117,0.0021412968422964695,3.3964164333940445,302.18532339731854,0.1785605999071347,"{""type"":""Point"",""coordinates"":[80.9319152813377,23.622177586193235]}"
390,212.2242601290046,2025-04-15,291.6330423809233,848,0,30,0.47729852440408627,0.02436564860602175,2.738829912854167,298.2601466860089,0.5278354702794554,"{""type"":""Point"",""coordinates"":[82.29045716437238,17.84416066423141]}"
391,117.67206487293588,2025-04-15,283.13231577192033,622,0,10,0.22177742193755004,0.003371819832523215,3.9878218625638424,301.37275364285426,0.1908938433319651,"{""type"":""Point"",""coordinates"":[82.11560645905337,23.410151824199662]}"
392,7.606680171611304,2025-04-15,285.9026433853876,376,0,10,0.20082196898935176,0.0038654505993918065,3.7375901977613504,304.06565380096436,0.7150178585533256,"{""type"":""Point"",""coordinates"":[81.94279760264469,20.60958717511912]}"
393,121.5530003986505,2025-04-15,283.7847234635127,587,0,10,0.5055685411797057,0.006762012818057883,1.7718673395619253,301.6803301402501,0.19669146667445844,"{""type"":""Point"",""coordinates"":[82.9551696274235,22.91096886641538]}"
394,337.8655753168895,2025-04-15,283.9849129631406,604,0,40,0.2428791377983064,0.006759494521816123,3.9986278255794185,301.3034700212025,0.5159561884152449,"{""type"":""Point"",""coordinates"":[81.96516933627342,22.79062054858267]}"
395,41.75305629896744,2025-04-15,285.9148097265334,358,0,30,0.5819209039548022,0.0023504197384909276,3.724492098442228,304.80683567410426,0.8767260197872646,"{""type"":""Point"",""coordinates"":[80.33575021207479,21.001693430922586]}"
396,173.27628516429144,2025-04-15,287.5871439434233,804,0,40,0.3846801346801347,0.006865009644229758,4.195100999606376,300.233779498509,0.835678187833174,"{""type"":""Point"",""coordinates"":[83.05158478240368,19.528034314825295]}"
397,240.34895447912737,2025-04-15,292.04583186195015,241,0,10,0.324426372349695,0.007178142645557273,8.376379792439646,303.96547476450604,1.1258639409800593,"{""type"":""Point"",""coordinates"":[81.24712013063939,18.42024870797649]}"
398,160.2375375248918,2025-04-15,283.9216805412656,526,0,10,0.3943814993015676,0.00799025593062197,2.953989634623493,303.42687148139595,0.490707083251689,"{""type"":""Point"",""coordinates"":[80.71272869047763,21.909532085450447]}"
399,324.2998932373033,2025-04-15,287.3009878794352,230,0,10,0.2747001713306682,0.004821330287654746,3.4222671587483027,304.11555149441676,0.5376758903034337,"{""type"":""Point"",""coordinates"":[82.89191229246923,21.911305057613657]}"
400,43.72610679154339,2025-04-15,282.47675750369115,917,0,10,0.45871559633027525,0.006999552228649009,15.642577116852866,298.7344072886876,0.4139873087448653,"{""type"":""Point"",""coordinates"":[83.71210335722921,23.0697343368587]}"
401,25.140458900260445,2025-04-15,288.3315635862804,267,0,40,0.42304203205322044,0.007539987542827475,3.58124449693476,302.34576447804767,0.5357053413801436,"{""type"":""Point"",""coordinates"":[82.79674484186845,24.045566984024845]}"
402,121.9379479002375,2025-04-15,286.0489649999709,406,0,10,0.2717391304347826,0.004934087374408591,5.24516619588584,304.5165757224673,0.614943320477688,"{""type"":""Point"",""coordinates"":[82.327859149733,20.764444103342605]}"
403,216.01496192136167,2025-04-15,283.01815096537274,501,0,40,0.2486867106292612,0.0026164501692846898,1.7194727697150622,301.7021923519316,0.13506153229218637,"{""type"":""Point"",""coordinates"":[81.7091630715408,23.496681627362783]}"
404,111.1881498285808,2025-04-15,292.7048662276496,914,0,30,0.41029286323571224,0.019882485249240744,19.712766990020242,298.9019342604137,0.6413841738230655,"{""type"":""Point"",""coordinates"":[84.32311405556736,19.11504967955799]}"
405,183.242005007579,2025-04-15,283.88712301708404,623,0,10,0.32559506317954745,0.010888084747989524,8.756470828490045,303.0785700026013,0.5527068022739273,"{""type"":""Point"",""coordinates"":[80.7845280354638,21.69559452350672]}"
406,139.06954596088895,2025-04-15,283.7437194642567,595,0,10,0.278444352503103,0.006434276678760398,25.238304530421793,301.07183288392565,0.5747375693963622,"{""type"":""Point"",""coordinates"":[83.02471493882436,23.463472208389167]}"
407,270.0,2025-04-15,291.1693612053281,120,0,40,0.22659400544959127,0.0073118805672720555,1.4692468560334175,304.28555474962513,0.9522014696725827,"{""type"":""Point"",""coordinates"":[80.52111462558018,18.791461811531253]}"
408,169.73029463166597,2025-04-15,283.78954233442033,490,0,30,0.28555375202896743,0.003000140168865073,2.8254827284221706,301.5326250621251,0.45148506146650763,"{""type"":""Point"",""coordinates"":[81.72512015537485,23.092928726036778]}"
409,241.20134724680275,2025-04-15,284.5728965940929,510,0,10,0.2658522396742292,0.005299523451526511,20.286084594623482,303.0898295357114,0.30693817443872795,"{""type"":""Point"",""coordinates"":[81.8843178443297,22.40207074883288]}"
410,-0.0,2025-04-15,282.1448425111317,573,0,10,0.3081873970962431,0.0020153969313696507,0.0,303.6023039590745,0.4909772657595086,"{""type"":""Point"",""coordinates"":[80.48306168340594,22.389477867688118]}"
411,227.56497592905424,2025-04-15,282.62789798918226,393,0,20,0.34615384615384615,0.002420783021648276,0.6872481772786233,303.0441868645804,0.4137841193558324,"{""type"":""Point"",""coordinates"":[80.4195972162064,23.900856022210057]}"
413,227.44693414939042,2025-04-15,283.53499666849774,602,0,30,0.2989179440937782,0.0036653429057196263,0.6857045748077825,301.04266389211017,0.22516656153377665,"{""type"":""Point"",""coordinates"":[82.15690828089197,23.359251128325727]}"
414,270.0,2025-04-15,286.172767548334,630,0,40,0.24065535171195918,0.009878113844592917,1.4807728373899032,302.3658305122739,0.835469461522138,"{""type"":""Point"",""coordinates"":[81.89330829490913,20.06165266242898]}"
415,226.77635890611654,2025-04-15,289.5716410137358,349,0,40,0.18697549513259484,0.017961353042323935,2.706589380001543,303.2125683284941,0.8153087595725852,"{""type"":""Point"",""coordinates"":[80.99287941146784,19.975064753630736]}"
416,180.0,2025-04-15,287.42810957772394,634,0,40,0.2561841256184126,0.007708922007282126,2.3174627380815918,301.99863719940186,1.0033918977882412,"{""type"":""Point"",""coordinates"":[82.10779868254778,19.691069106707328]}"
417,295.18757344634395,2025-04-15,288.98140198843817,229,0,10,0.39174964438122334,0.003226697423656333,2.1782917718344503,303.98702889397026,0.7899968966140714,"{""type"":""Point"",""coordinates"":[83.09166229542907,19.847652054881472]}"
418,233.0494376970164,2025-04-15,288.99261501857217,772,0,10,0.500485908649174,0.00548405943175112,6.147988966022563,301.2337969371251,1.2391375511352918,"{""type"":""Point"",""coordinates"":[83.63959585211191,19.906320196055027]}"
419,47.51436619752138,2025-04-15,283.5193891071138,424,0,10,0.28151606701455645,0.00197713074942385,0.6865851595428356,301.83403991517565,0.13230440045124764,"{""type"":""Point"",""coordinates"":[81.12093559562149,23.669852573938908]}"
420,-0.0,2025-04-15,289.43212627229235,127,0,30,0.2903225806451613,0.005060344913204062,1.3909630807829783,305.11461562202084,0.67274575557945,"{""type"":""Point"",""coordinates"":[83.74338154283,20.79033995472634]}"
422,132.81016441521953,2025-04-15,286.76908102489654,269,0,40,0.18460908718788374,0.003445208051402915,0.6823764253036131,303.9204366320655,0.35191130813462096,"{""type"":""Point"",""coordinates"":[82.5862060967001,22.129044924385084]}"
423,324.6477799821658,2025-04-15,288.20218649364654,343,0,10,0.3013905683192261,0.01190665362139498,3.407498167930161,303.8052371342977,0.9777873497952461,"{""type"":""Point"",""coordinates"":[80.56275534882819,19.990908515465016]}"
424,324.2127738663112,2025-04-15,286.34800820123576,302,0,40,0.22892615987802223,0.007551655152042258,5.131378190764111,303.60102512722926,0.24210861703868616,"{""type"":""Point"",""coordinates"":[83.17303916324944,22.362878735366465]}"
425,291.5538469921504,2025-04-15,291.38381549290244,490,0,10,0.2750157331655129,0.008236035683353293,6.286254975117519,303.94218839917863,1.049114777369357,"{""type"":""Point"",""coordinates"":[80.61654553964416,18.559457968952245]}"
426,72.4380141494989,2025-04-15,289.8704226357596,934,0,40,0.2746977907461442,0.02983359990378176,1.5365489185459924,297.0274225416638,0.42072511897167975,"{""type"":""Point"",""coordinates"":[82.91047276811632,18.29265856323629]}"
427,203.0497432519248,2025-04-15,288.26044890994115,271,0,40,0.16773653363103544,0.008520454147060263,2.518280243407242,304.1247590837024,0.8286677306795366,"{""type"":""Point"",""coordinates"":[82.59651546652393,19.937188305382165]}"
428,226.95502289259508,2025-04-15,286.2527119772775,324,0,40,0.413921512460613,0.0039151310708120945,2.7155991628356775,304.827279545012,0.49591971388070955,"{""type"":""Point"",""coordinates"":[82.61144887949932,20.935849279494658]}"
429,156.69731116267022,2025-04-15,293.7482941945394,296,0,10,0.46837735849056605,0.031784996369083274,10.972417074609654,300.11821378980363,0.6180887256463776,"{""type"":""Point"",""coordinates"":[83.09945149674614,18.23587814027664]}"
430,28.322759137328024,2025-04-15,290.5172790345692,200,0,80,0.13122605363984674,0.008882597067554343,2.1062926498524184,303.338271686009,1.15759689442449,"{""type"":""Point"",""coordinates"":[83.99384179598205,21.918846758954587]}"
431,259.3954890766046,2025-04-15,286.27801540919717,366,0,10,0.26190879810137313,0.004437625386913169,2.518339269918032,303.9682475044614,0.8572314187051863,"{""type"":""Point"",""coordinates"":[81.68498550878448,20.588356660485257]}"
432,12.948148999441983,2025-04-15,287.92135502043226,560,0,10,0.4106429583816518,0.020193204262454856,15.32653278546666,301.40939217522026,0.6584336862859437,"{""type"":""Point"",""coordinates"":[84.34887810951989,22.689777082729925]}"
433,125.14941961711011,2025-04-15,286.96793356395904,543,0,10,0.4608920491273432,0.011156350352962363,14.201190469877105,302.8796070189704,0.8421273255000784,"{""type"":""Point"",""coordinates"":[82.05696031164533,20.14885578121385]}"
434,151.69455689865825,2025-04-15,288.0337701525007,232,0,50,0.31629227988639297,0.00425340233107363,1.053330772828146,304.1250090371995,0.7238381108530536,"{""type"":""Point"",""coordinates"":[83.1451568124311,21.815020254494414]}"
435,321.6001078832791,2025-04-15,288.922040939331,734,0,40,0.2100113765642776,0.015396878102023948,2.3656251230209993,301.5769133340745,0.8557533153711929,"{""type"":""Point"",""coordinates"":[81.76287401451576,18.867389528678554]}"
436,324.8529946795444,2025-04-15,291.4250926971436,152,0,10,0.3061703063168694,0.010302633025844443,1.7009484993824808,304.9313473928542,1.0390506965398265,"{""type"":""Point"",""coordinates"":[80.33465756154716,18.751965145343235]}"
437,87.06089279814772,2025-04-15,282.2784978775751,916,0,10,0.37897310513447435,0.004698291399677146,8.970331945078234,301.0669384456816,0.549142601837385,"{""type"":""Point"",""coordinates"":[81.28014884713552,22.457904572873094]}"
438,256.6497926214564,2025-04-15,289.45665077936076,886,0,30,0.2978885006835789,0.008161634185512412,7.981584048827479,298.48980163392565,0.30270036914959214,"{""type"":""Point"",""coordinates"":[82.69507013536916,18.329390840955117]}"
439,103.12915923219852,2025-04-15,288.1100466591971,206,0,40,0.5743562795585917,0.008420810082157004,2.040746439195654,304.59670035044354,0.6844734191919697,"{""type"":""Point"",""coordinates"":[83.24408063277711,21.09644469583064]}"
440,-0.0,2025-04-15,282.790187563215,384,0,40,0.29833606749472696,0.002399176337917197,0.463735342881014,302.6174639293126,0.5635073253492099,"{""type"":""Point"",""coordinates"":[80.56710144852723,24.02539957803409]}"
441,283.1720346442121,2025-04-15,286.3104105449858,416,0,10,0.2618288483611784,0.004739329197605002,2.034226102890945,304.21284153347926,0.9571161439816914,"{""type"":""Point"",""coordinates"":[80.53752796015462,20.588091302272232]}"
442,331.6042311136868,2025-04-15,289.2436090196882,363,0,30,0.21028880866425992,0.024794220903118003,2.1077405913587195,301.96139994121734,0.7065330754085175,"{""type"":""Point"",""coordinates"":[83.84510334642954,22.347678503000893]}"
443,102.93247471768763,2025-04-15,282.91197885785783,478,0,50,0.17759764185703758,0.0012970119502142552,2.0712159590299266,302.08232511792863,0.4172890406305391,"{""type"":""Point"",""coordinates"":[81.36604749286228,23.291361492971433]}"
444,327.26927072402805,2025-04-15,287.093904313587,378,0,10,0.24391480730223122,0.0033047050025061253,29.997650030034237,304.3586051123483,0.5378144642249587,"{""type"":""Point"",""coordinates"":[82.85020373583188,21.014151998318802]}"
445,10.609189195563971,2025-04-15,289.6480221521287,277,0,10,0.34267212898110216,0.01241433618326937,7.968994874307342,303.423970858256,0.7636608283848633,"{""type"":""Point"",""coordinates"":[80.50176816865883,19.587836774479776]}"
446,-0.0,2025-04-15,284.0543709709531,349,0,40,0.4091503267973856,0.005704507210452903,0.9274099368670311,303.9082412265596,0.5123188088128515,"{""type"":""Point"",""coordinates"":[81.28615064409692,22.067119649547227]}"
447,139.53563071201478,2025-04-15,290.09228252229235,1076,0,10,0.2596893990546928,0.01360955832262789,15.461518206201466,299.36874857402984,0.6707037103008784,"{""type"":""Point"",""coordinates"":[83.06246376993717,18.75892321693747]}"
448,141.2736754315121,2025-04-15,284.8721316201346,578,0,10,0.4277559757402783,0.009336248018939841,19.430074362905845,301.4430777685983,0.5104293531751944,"{""type"":""Point"",""coordinates"":[82.78613765021181,23.518462971997497]}"
449,157.16045052298136,2025-04-15,281.4007309504917,848,0,10,0.34660574412532635,0.003960281589229453,23.284195846938776,300.32412315550306,0.46749069215978767,"{""type"":""Point"",""coordinates"":[81.45263091760323,22.97869371808587]}"
450,175.98765602704646,2025-04-15,296.2051743098668,80,0,30,0.18835287334230252,0.006398677804668296,6.939145822877268,302.2648086093721,1.4622736926683422,"{""type"":""Point"",""coordinates"":[83.38680038703839,18.11538067823098]}"
451,256.9495797819783,2025-04-15,284.61311004275365,295,0,40,0.21074138937536485,0.003773748853404868,2.052833253350531,304.44130484263104,0.18112026994358296,"{""type"":""Point"",""coordinates"":[81.56909397499201,22.000435130459522]}"
452,202.76021014192648,2025-04-15,291.1371462685721,229,0,10,0.41727199354318,0.0065428763415411595,11.413428987246053,303.67308148883643,1.1033454665420017,"{""type"":""Point"",""coordinates"":[84.29261090268288,21.14260871095484]}"
453,90.0,2025-04-15,288.097566422962,300,0,10,0.2889046437433534,0.010523185112674582,1.9733665448569677,303.9516691934495,0.955157779486696,"{""type"":""Point"",""coordinates"":[80.44771823669178,20.009233694477537]}"
454,347.9553063054794,2025-04-15,287.61840556916735,305,0,40,0.16581941418542726,0.006819367387493003,2.369571041846875,304.31912989843465,0.6700449602262329,"{""type"":""Point"",""coordinates"":[82.5886782185246,20.392168072237997]}"
455,170.38982326738517,2025-04-15,290.16939608256024,777,0,30,0.4114006514657981,0.014173015930850852,11.59761880094249,299.3276050658454,0.9455620617704087,"{""type"":""Point"",""coordinates"":[83.16620226380407,19.098994356016526]}"
456,270.0,2025-04-15,292.5814822060721,141,0,10,0.3834799886460403,0.009428232886989463,0.48750508830384026,304.3154270989554,1.3414000396886168,"{""type"":""Point"",""coordinates"":[81.10830536357832,17.965963133087058]}"
457,180.0,2025-04-15,286.07679703122096,278,0,30,0.22351160443995963,0.003195568897922385,0.4637353428839794,303.97699006398517,0.2605299536140438,"{""type"":""Point"",""coordinates"":[82.64107995820375,22.197746140553296]}"
458,105.1671225138514,2025-04-15,291.7130798158192,246,0,10,0.36173964149280047,0.01150953767557894,3.5404619698536037,304.1218410219465,0.9976796109563955,"{""type"":""Point"",""coordinates"":[81.56156382132546,18.41874018613942]}"
459,104.89152644845298,2025-04-15,287.3593433016823,359,0,10,0.38543046357615895,0.007071271517474997,3.6042944683803717,303.5244696026757,0.5455020897991213,"{""type"":""Point"",""coordinates"":[82.86749984765257,21.452163869717207]}"
460,294.712955278297,2025-04-15,284.01688957214355,525,0,10,0.5984187568157033,0.005773097255428183,3.3240054283770024,300.68138808295834,0.4880852384619837,"{""type"":""Point"",""coordinates"":[82.0041511047588,23.008836417483273]}"
461,223.84299071514218,2025-04-15,281.91503642854235,565,0,30,0.28613728129205923,0.002282217123706687,21.443705470411267,302.503072420756,0.4608632080610857,"{""type"":""Point"",""coordinates"":[80.72375244199438,22.745642913333597]}"
462,338.4669898796741,2025-04-15,292.2962213243757,132,0,10,0.31425300515168864,0.008578509071071494,3.9819006918003437,304.6329029174079,1.1617489309908777,"{""type"":""Point"",""coordinates"":[80.54869966332373,18.12416787013646]}"
463,132.07847540379242,2025-04-15,295.18220183962865,624,0,10,0.5004063939311839,0.020871624329288352,14.231985490805677,300.51286711011613,1.0582146497282212,"{""type"":""Point"",""coordinates"":[84.25656824286028,18.93563720360041]}"
464,38.83985937032054,2025-04-15,286.4792861030215,272,0,40,0.474719800747198,0.005925849058826316,2.380164675540584,304.38614649999715,0.39915640148544207,"{""type"":""Point"",""coordinates"":[82.67109414160139,21.3331902249222]}"
465,50.27249524743231,2025-04-15,292.15593928382515,1013,0,30,0.5104996379435192,0.05153988299628054,5.065822438942458,298.430068561009,0.5475297216202081,"{""type"":""Point"",""coordinates"":[82.99258213546479,18.24137841827706]}"
466,180.0,2025-04-15,290.0350082942418,178,0,40,0.7979112271540469,0.0037672668482855443,1.3909630807829783,304.3406433377947,0.8357113074732867,"{""type"":""Point"",""coordinates"":[83.59332712948186,21.298158596674796]}"
467,270.0,2025-04-15,287.9578133537656,241,0,10,0.2844858473665353,0.006006389835079062,1.9734919046319597,304.7384181703841,0.9647309637779403,"{""type"":""Point"",""coordinates"":[80.2124274787971,20.019271403618124]}"
468,14.861246864436435,2025-04-15,287.8115266164144,582,0,40,0.48650693568726355,0.006183773257930625,3.832631007090423,301.8205656778245,0.8141465024085505,"{""type"":""Point"",""coordinates"":[81.61678031189243,19.586948781553684]}"
469,186.57447530581476,2025-04-15,289.4042361123221,355,0,10,0.4439302242791029,0.0056879967238501195,16.775757115219395,303.74172569456556,1.039086885297944,"{""type"":""Point"",""coordinates"":[83.60821263857673,20.279525909812893]}"
470,180.0,2025-04-15,287.86315654572985,218,0,40,0.6225467822911912,0.00441582498808657,0.4637353428839794,304.1080180122739,0.647815888421044,"{""type"":""Point"",""coordinates"":[83.02685942842568,21.82401332264216]}"
471,226.67445426958747,2025-04-15,292.1767319270543,240,0,40,0.39997494676186895,0.006840556838710654,2.7014888903261136,301.32078075408936,1.0350509381199098,"{""type"":""Point"",""coordinates"":[83.70465730929817,19.40463470405777]}"
472,180.0,2025-04-15,287.9388750167121,629,0,40,0.34898785425101214,0.005712479331691611,0.463735342881014,301.8662432261876,0.9087910895527885,"{""type"":""Point"",""coordinates"":[81.85509602624325,19.57785143983251]}"
473,35.809736963191796,2025-04-15,289.2018900371733,354,0,40,0.3429132891181528,0.02370947597285067,1.715020885923709,301.8527282987322,0.7061124530756783,"{""type"":""Point"",""coordinates"":[84.26109163067268,22.47830175855414]}"
474,187.55816685120652,2025-04-15,287.80230158851265,614,0,40,0.309822587624405,0.005627095678050864,3.7371701446363805,301.7324309121995,0.8621729480335127,"{""type"":""Point"",""coordinates"":[81.8022912543535,19.59589976243931]}"
475,180.0,2025-04-15,286.0402631305513,440,0,10,0.5358923230309073,0.005841404178340781,2.317462738066788,303.63281572432743,0.6480954540561301,"{""type"":""Point"",""coordinates"":[82.00603345421088,20.36942642708416]}"
476,180.0,2025-04-15,290.4697471800304,231,0,10,0.28324844368986984,0.013208165743549216,0.9274099368670311,303.6465399151757,0.7465856532997669,"{""type"":""Point"",""coordinates"":[80.4955171984089,19.398764922666555]}"
477,270.0,2025-04-15,282.8012494586763,562,0,40,0.28312484043911157,0.004507914164264548,1.5012719139754467,302.7306579862322,0.5292757705539295,"{""type"":""Point"",""coordinates"":[80.71499115821851,22.10572378785567]}"
478,114.77699029122648,2025-04-15,286.2371916089739,555,0,40,0.26877555412093823,0.008730396607120383,2.2120204166415642,301.4892959140596,0.29301293786615357,"{""type"":""Point"",""coordinates"":[83.48156513418544,22.608556753249843]}"
479,180.0,2025-04-15,283.1741335732596,534,0,40,0.28551850159890363,0.004087746122081626,1.3909630807829783,301.458394686381,0.49208215686493195,"{""type"":""Point"",""coordinates"":[83.16377413959766,23.284195572377563]}"
480,58.6418238430697,2025-04-15,283.8109627678281,439,0,40,0.20244364862018116,0.004162088015277732,1.781737359792813,302.3244312377204,0.7469112352135002,"{""type"":""Point"",""coordinates"":[83.42292885342606,23.921270747912533]}"
481,148.1911704188385,2025-04-15,289.6718433016822,535,0,30,0.2872281093139989,0.005297243573863852,12.875682332681745,301.490871202378,1.1319148004474193,"{""type"":""Point"",""coordinates"":[83.79200502024797,19.86473453088793]}"
482,19.684618739472008,2025-04-15,289.81095114208404,208,0,40,0.7116704805491991,0.007256969788272727,1.477257559800853,304.0984674635387,0.7712045287873734,"{""type"":""Point"",""coordinates"":[83.43464076430978,21.290338778794002]}"
483,252.459968621007,2025-04-15,294.82845951261976,79,0,10,0.6136808799156245,0.011646732666690696,1.5384107163792364,302.76096630096436,1.1573981500112158,"{""type"":""Point"",""coordinates"":[83.5043676637338,18.522212086905977]}"
484,72.87917814361023,2025-04-15,288.4804428645543,400,0,10,0.4917804402340485,0.020247265675266135,1.5748917124277455,301.4872149058751,0.6109533272602734,"{""type"":""Point"",""coordinates"":[83.99576193932535,22.464750879064304]}"
485,107.46405137511682,2025-04-15,290.499166125343,433,0,10,0.3259564891222806,0.01322065291662966,22.025769182817037,303.26011180877686,0.5625622040329531,"{""type"":""Point"",""coordinates"":[80.72929448091544,19.29514822079596]}"
486,266.512385824278,2025-04-15,292.5132507142566,444,0,40,0.3967543368774482,0.008619666078288901,14.901251335800481,301.3621800286429,1.1052198945440412,"{""type"":""Point"",""coordinates"":[83.50075971092352,19.150685159922222]}"
487,19.48047544703037,2025-04-15,292.08923076447985,194,0,10,0.43965636691145904,0.010787621119220603,4.418360899313962,301.5192089534941,1.0109313894222811,"{""type"":""Point"",""coordinates"":[83.75522828937255,19.55451608176381]}"
488,57.59581350500742,2025-04-15,292.93016733442033,95,0,10,0.36973569561428987,0.008343547561366904,1.7302274793196655,304.3606105531965,1.3467885761772012,"{""type"":""Point"",""coordinates"":[81.17702088596904,17.808939497575963]}"
489,134.85937335125175,2025-04-15,289.22094463166735,457,0,30,0.4290163508954062,0.012140631654460776,11.03804880089276,302.5694031034197,0.7432733080936345,"{""type"":""Point"",""coordinates"":[84.04389258395892,20.517367278727473]}"
490,295.2723339366857,2025-04-15,288.86820211864654,582,0,40,0.35808500244259894,0.009384274461467612,1.086125142177848,301.7334888549079,0.8927067404410355,"{""type"":""Point"",""coordinates"":[82.32099140061713,19.228265397542543]}"
491,341.8176866763103,2025-04-15,291.0136576152983,378,0,10,0.5773924213230571,0.015553623416622031,7.762050606719568,300.4531456629435,0.5276435338226891,"{""type"":""Point"",""coordinates"":[81.82093542898197,17.924563917154092]}"
492,90.0,2025-04-15,287.4945855821882,265,0,40,0.2757330006238303,0.005797967293460715,0.49497328476837316,304.7166199002947,0.7243625004330173,"{""type"":""Point"",""coordinates"":[82.66900673731827,20.46536643422797]}"
493,-0.0,2025-04-15,290.38415263947985,213,0,40,0.188893946290396,0.0073292106177405,0.9274099368670311,303.3676557540893,1.1597954389653353,"{""type"":""Point"",""coordinates"":[84.10711171456222,21.668170887911277]}"
494,278.79672152895887,2025-04-15,285.07620993114654,266,0,40,0.21797564048719026,0.005879983284671653,3.0295909556608622,304.5728385107858,0.1000487318205579,"{""type"":""Point"",""coordinates"":[81.6325348448276,21.798402328354722]}"
495,160.20647236359338,2025-04-15,285.81738599141437,278,0,40,0.17196996782266713,0.006390109636981833,1.4782650269051385,303.88718700408936,0.18922214702833226,"{""type"":""Point"",""coordinates"":[82.29874091540616,22.15024723771801]}"
496,-0.0,2025-04-15,283.63994807288765,494,0,40,0.7258466135458167,0.006294652798374045,1.3909630807829783,301.6589503969465,0.741708488323511,"{""type"":""Point"",""coordinates"":[83.71826739164094,23.614634531138996]}"
497,157.0025522289227,2025-04-15,289.4871857961019,709,0,10,0.32223120452708165,0.029045075156886924,5.024928833953572,300.781386920384,0.6326811287896482,"{""type"":""Point"",""coordinates"":[81.08152429307476,19.53176347743303]}"
498,180.0,2025-04-15,290.545320329212,114,0,40,0.3023971849571146,0.004164159276683677,0.9274099368611016,304.6894272849673,0.838325082585319,"{""type"":""Point"",""coordinates"":[84.01335947698595,20.890660558993034]}"
499,256.7115103056876,2025-04-15,289.0004333314442,557,0,30,0.31332599118942733,0.011009827234943259,2.0167300811652153,301.5054091953096,0.7975201140981907,"{""type"":""Point"",""coordinates"":[82.31117889508731,19.141688580118803]}"
500,52.56599746328318,2025-04-15,290.7516830989293,302,0,10,0.28095238095238095,0.00560775397082125,19.774666603923425,303.77768412090484,1.049155105586452,"{""type"":""Point"",""coordinates"":[84.34997483743173,20.673065252065456]}"
501,28.0975455237618,2025-04-15,286.25094486418226,385,0,10,0.23618598382749326,0.006267353871066916,1.0512837515008517,303.78558381398517,0.9420286498490101,"{""type"":""Point"",""coordinates"":[81.62307835709429,20.526008086724154]}"
502,7.606186885118191,2025-04-15,286.7908386048816,310,0,30,0.24936458627506355,0.004249230005939353,3.7375859127136266,304.2688136781964,0.583908037940418,"{""type"":""Point"",""coordinates"":[82.57642137335506,20.600022164987433]}"
503,180.0,2025-04-15,287.5053452083043,455,0,40,0.30193756727664156,0.015409365275104392,1.8543341688414132,301.5043919427054,0.5799425609396055,"{""type"":""Point"",""coordinates"":[84.10724230741677,22.619374199676827]}"
504,278.7517529722853,2025-04-15,282.42343021574476,452,0,10,0.26773198766470424,0.001648083307941306,3.045006522896237,303.43149271465484,0.5090050060098328,"{""type"":""Point"",""coordinates"":[80.38886693627872,22.530389807202955]}"
506,199.4962375354381,2025-04-15,289.0336422693162,518,0,10,0.3228021978021978,0.024309232809741843,1.4755307353705795,301.4313183284941,0.6767734489306062,"{""type"":""Point"",""coordinates"":[81.13037430828389,19.69496871017407]}"
507,309.13947782348214,2025-04-15,284.4065031324114,634,0,10,0.509840098400984,0.008956119396884787,5.85705177495833,300.77459748586017,0.4651973640025744,"{""type"":""Point"",""coordinates"":[82.45893742187523,23.715888902889436]}"
508,352.7423848486033,2025-04-15,295.4347653161912,124,0,10,0.5714985308521058,0.012198179938991416,15.069806431681675,302.7192531313214,0.6696461267131011,"{""type"":""Point"",""coordinates"":[83.03652556792348,17.86225753500952]}"
509,215.26101691437793,2025-04-15,287.71995063055135,631,0,10,0.6731517509727627,0.011692494132717002,1.7033367544624165,301.2505205699376,0.9907711186904502,"{""type"":""Point"",""coordinates"":[82.4614768844335,19.450747756978025]}"
510,47.51327465917921,2025-04-15,282.3132821037656,435,0,30,0.320656871218669,0.002981454112727988,5.476094544773795,302.617086092631,0.2204426122643454,"{""type"":""Point"",""coordinates"":[80.61064365482395,23.665435326169458]}"
511,270.0,2025-04-15,283.3081493377685,561,0,40,0.22621326427204144,0.005451202371318686,1.5147587744965507,301.75151457105363,0.4399061834360419,"{""type"":""Point"",""coordinates"":[83.01294495535596,23.330013530516794]}"
512,342.26343278907177,2025-04-15,289.0340782347179,699,0,10,0.2722353736895502,0.006834715583522666,4.8572169173041715,302.6217422031221,0.8820650221554369,"{""type"":""Point"",""coordinates"":[83.73804473411913,20.288833231973005]}"
513,76.87506525858403,2025-04-15,286.9770248958043,297,0,40,0.12815312460387882,0.005038037874896872,2.0413912081453995,303.89265691666384,0.7461023935254338,"{""type"":""Point"",""coordinates"":[81.4713855563058,21.146175923016923]}"
514,21.802782823381968,2025-04-15,286.29952303568524,424,0,10,0.43467543138866066,0.005895763614375937,3.9893323841916084,303.9030270803542,0.5867401193924059,"{""type"":""Point"",""coordinates"":[82.10338492301916,20.375581372160823]}"
515,352.4285136952618,2025-04-15,288.90624155317033,308,0,10,0.3804456268706352,0.011726275065143454,3.737285195831713,303.8654352369762,0.9050091971716778,"{""type"":""Point"",""coordinates"":[80.4906353671312,19.88096235009343]}"
516,64.98685157905292,2025-04-15,285.60105995904826,330,0,80,0.07824627648416195,0.005686491706569541,3.2867167379149143,304.45032060714,0.5399067317294242,"{""type"":""Point"",""coordinates"":[82.43463226175388,21.06526905516775]}"
517,282.88360295696845,2025-04-15,284.30534172058105,316,0,40,0.3052710467149638,0.006321907022197593,2.0789323777941773,302.7427720115298,0.5746790045462512,"{""type"":""Point"",""coordinates"":[83.96082448667492,23.805672901718996]}"
518,312.54828199138944,2025-04-15,284.32010641552154,511,0,40,0.25807754442649433,0.00877557692786013,0.6857669407620463,301.54349513280965,0.4387951836150257,"{""type"":""Point"",""coordinates"":[82.83732928299334,23.382125201578127]}"
519,237.80758958859164,2025-04-15,289.0158839452834,693,0,10,0.3413897280966767,0.008066907503803122,15.294211444606216,301.6443542752947,0.8378925877035696,"{""type"":""Point"",""coordinates"":[81.58932945720039,19.20925204485647]}"
520,115.13990217841032,2025-04-15,289.35035078866144,790,0,30,0.5430735247712212,0.006410479524333823,1.0914704542023168,300.7955645152501,1.0972454731539765,"{""type"":""Point"",""coordinates"":[84.13501379190289,20.18730503654898]}"
521,-0.0,2025-04-15,286.7659478868758,319,0,40,0.1958939264328486,0.005507633068759787,0.0,304.175679842631,0.9780322945225931,"{""type"":""Point"",""coordinates"":[81.4468029808552,20.69922005466605]}"
522,12.029110950751107,2025-04-15,289.3131716591971,693,0,10,0.5607524148449415,0.006026774623592246,24.4730408224619,301.3771132968721,0.9957650419420803,"{""type"":""Point"",""coordinates"":[83.97604334589364,20.185263797970087]}"
523,90.0,2025-04-15,293.28892616998576,101,0,40,0.26366302319381496,0.008232220986087668,0.9748507688358679,304.6330191748483,1.4330127805742767,"{""type"":""Point"",""coordinates"":[80.9948084312883,17.949269608833664]}"
524,180.0,2025-04-15,285.66004317147394,335,0,10,0.27092391304347824,0.0037169605280951146,1.8543341688414132,304.0542838232858,0.20467411973365274,"{""type"":""Point"",""coordinates"":[82.82286419780584,22.345561928825465]}"
525,295.0961267656312,2025-04-15,289.8780549367269,159,0,30,0.2547840349917988,0.0065687894608572606,2.1857049755071944,304.98645341964,0.9872810592663868,"{""type"":""Point"",""coordinates"":[83.59243116284615,20.494701777712024]}"
526,46.65197018231484,2025-04-15,288.7529212406704,648,0,10,0.24395857307249713,0.008687376954753745,2.025931591865831,301.76444239843465,0.8539408159079892,"{""type"":""Point"",""coordinates"":[81.65652781695557,19.27608921330417]}"
527,321.441173774354,2025-04-15,288.6822134653727,244,0,10,0.3973275156803927,0.006975978591640342,2.370840773089054,304.528457232884,0.7757277660673071,"{""type"":""Point"",""coordinates"":[82.79022068439104,19.79735251595395]}"
528,75.07144200571243,2025-04-15,285.61377271016437,361,0,10,0.235657546337158,0.0030958801295355443,3.595579155294927,304.4777980531965,0.8547014286794137,"{""type"":""Point"",""coordinates"":[80.426570607294,21.06949676540871]}"
529,277.4904515712692,2025-04-15,284.12763640994115,530,0,10,0.4197608558842039,0.005897581556041587,3.55283454438627,300.9078110740298,0.48772184910878585,"{""type"":""Point"",""coordinates"":[82.08610842723188,23.017881588633422]}"
530,57.79374630982517,2025-04-15,290.9579644884382,327,0,10,0.389622641509434,0.010950639822681296,1.7397006746859198,303.6753485089257,0.7335787793633283,"{""type"":""Point"",""coordinates"":[80.63456116123241,19.12136165061453]}"
531,11.334744117351335,2025-04-15,286.12720625741144,393,0,10,0.22790099646415943,0.004169434287746299,7.523977745572477,303.93201587313695,0.5268610981640722,"{""type"":""Point"",""coordinates"":[82.49705689235427,20.708444096357987]}"
532,-0.0,2025-04-15,290.8717654091971,237,0,40,0.22068161202539846,0.014385461785991538,0.9274099368611016,303.2295884177798,1.265045615709386,"{""type"":""Point"",""coordinates"":[84.30376622242993,21.834039731211124]}"
533,233.32605967896075,2025-04-15,288.2268156324114,321,0,20,0.26851549755301796,0.008152723291118491,3.10278088034655,303.89598769233345,0.6325368944589649,"{""type"":""Point"",""coordinates"":[83.146791905573,21.434138761070088]}"
534,147.60072503562733,2025-04-15,288.6515621911912,726,0,40,0.1917379511788024,0.011715382316310752,2.7441181092552136,301.0623637153989,0.8468396324662546,"{""type"":""Point"",""coordinates"":[81.66908347631671,19.008337516022333]}"
535,304.4675056127148,2025-04-15,285.01648267110187,438,0,10,0.38744105237031523,0.006826817968089927,2.456774077855147,301.8142761502947,0.5518555130393216,"{""type"":""Point"",""coordinates"":[82.69244329715316,23.757371874428255]}"
536,192.03541308413463,2025-04-15,286.0324796949114,462,0,40,0.27067838629704755,0.007166653850276816,2.3694892733754718,303.3163164683751,0.672436844106317,"{""type"":""Point"",""coordinates"":[81.98007642430741,20.269112685390212]}"
537,342.8972730248528,2025-04-15,293.32451838538765,247,0,10,0.3194995422642661,0.012693732955654013,17.83806417408747,301.1807254155477,0.6163129329207794,"{""type"":""Point"",""coordinates"":[84.32173523111223,19.81525532228205]}"
538,-0.0,2025-04-15,291.5619916461763,133,0,10,0.2865588052271313,0.007068335988719809,1.3909630807829783,305.1979489553542,1.0717338264088785,"{""type"":""Point"",""coordinates"":[80.26413126979278,18.424379932498027]}"
539,304.0809455836682,2025-04-15,289.5751461755662,1175,0,60,0.02889405513118565,0.008487611987789023,4.130726392949989,301.40219583965484,0.8698212476420573,"{""type"":""Point"",""coordinates"":[81.22268724956248,18.702933542343043]}"
540,215.30894588138344,2025-04-15,287.4926847730364,664,0,40,0.2009604728481714,0.006269127109248984,1.7043447635615168,302.0085772105626,0.9737752627345804,"{""type"":""Point"",""coordinates"":[82.04454451313855,19.73663211087854]}"
541,20.01875036358709,2025-04-15,284.0448146093459,387,0,10,0.40498812351543945,0.005527853944499839,7.3627000198225625,302.32197239285426,0.6194111921206806,"{""type"":""Point"",""coordinates"":[83.91595729856319,23.809148029081793]}"
542,222.21894501889986,2025-04-15,283.8495776766822,587,0,40,0.177291222631273,0.004595205166538108,3.75176977677908,301.2903794334048,0.33111757622582083,"{""type"":""Point"",""coordinates"":[82.38003756177693,23.303087061913505]}"
543,47.51097114103816,2025-04-15,283.37606112162274,614,0,10,0.2922293557671021,0.0051319449927405,1.3728844069842456,302.04997648511613,0.8546163827668362,"{""type"":""Point"",""coordinates"":[83.47130045909671,23.65530294239203]}"
544,146.80870378264177,2025-04-15,284.8721316201346,432,0,40,0.3643290714193465,0.009336248018939841,2.7686315304790017,301.4430777685983,0.5104293531751944,"{""type"":""Point"",""coordinates"":[82.75029377293279,23.479729411329156]}"
545,344.82520182194975,2025-04-15,283.95266314915244,579,0,40,0.26787715758798475,0.006999582030971396,1.921278209262733,301.23777294158936,0.5094781765531573,"{""type"":""Point"",""coordinates"":[82.09448730088455,22.815834041422764]}"
546,199.67297732476345,2025-04-15,286.2002449943906,301,0,10,0.3082727780883175,0.004584103801448691,2.952339514335106,304.2514099393572,0.7468499914781626,"{""type"":""Point"",""coordinates"":[81.3330540225694,21.196029144988316]}"
547,272.69612547473315,2025-04-15,289.4219886234828,245,0,10,0.35280831200120466,0.009730085709293235,9.763160020477072,304.1134181703841,0.8464750890920731,"{""type"":""Point"",""coordinates"":[80.3300640935684,19.6403389915294]}"
548,19.56295243119882,2025-04-15,287.5827842894055,349,0,40,0.22006287510717348,0.008495137074191916,5.885082810762785,303.77148759932743,1.1799917781502023,"{""type"":""Point"",""coordinates"":[80.88005559613701,20.27711210063546]}"
549,339.94465316447,2025-04-15,285.45909799848283,223,0,50,0.19658622719246616,0.007599756100375998,1.4807145383632088,303.1884274709792,0.31854535405963386,"{""type"":""Point"",""coordinates"":[84.07242797156049,24.06554417935861]}"
550,302.0814725866875,2025-04-15,288.99261501857217,707,0,10,0.5935828877005348,0.00548405943175112,1.7457370054176726,301.2337969371251,1.2391375511352918,"{""type"":""Point"",""coordinates"":[83.57744161259146,19.903070796200367]}"
551,344.95973954912,2025-04-15,286.5852838243757,250,0,40,0.5806150978564771,0.013584315755565513,1.9200615999702748,303.82968026115776,0.38010754930816726,"{""type"":""Point"",""coordinates"":[82.29610649074058,21.503424010346766]}"
552,318.63765355961124,2025-04-15,289.4782630375454,626,0,10,0.3936599423631124,0.01493540404101168,3.7021066270253966,301.46917175111315,0.8275051519774566,"{""type"":""Point"",""coordinates"":[81.61564889835218,18.828797101536765]}"
553,-0.0,2025-04-15,291.6280549367269,452,0,80,-0.06799336650082918,0.008694827535350669,0.0,301.31455516815186,0.3110465220330455,"{""type"":""Point"",""coordinates"":[82.23570621535886,18.29224041989347]}"
554,150.06290803056328,2025-04-15,291.4089212871733,423,0,10,0.42752517546536467,0.008283317067821372,5.866048208183294,303.6873230252947,0.907080134361801,"{""type"":""Point"",""coordinates"":[80.82911714712075,18.709325834074413]}"
555,106.3497106967956,2025-04-15,293.24450420197985,269,0,10,0.5646727215784528,0.009566515662868369,14.508448738157725,300.0524178913662,0.9356974151752017,"{""type"":""Point"",""coordinates"":[84.14100248527119,19.04243869954428]}"
556,27.9263132011087,2025-04-15,288.28331674848283,581,0,40,0.35835240274599545,0.006186515071590293,1.0496140704238772,301.5868533452352,0.8580919771131758,"{""type"":""Point"",""coordinates"":[81.67850850641044,19.389233083256656]}"
557,307.1866562525733,2025-04-15,291.88518733070015,247,0,10,0.3786127167630058,0.006166949846942771,3.0661302509027992,304.1048906871251,1.0434867767728255,"{""type"":""Point"",""coordinates"":[81.133921834702,18.497164354711774]}"
558,-0.0,2025-04-15,283.7432021186465,576,0,30,0.35693215339233036,0.006511777618129599,0.9274099368670311,301.98082655952095,0.1974838005714662,"{""type"":""Point"",""coordinates"":[82.94894707892415,22.929743053470624]}"
559,249.9148172164185,2025-04-15,283.82250131879533,395,0,40,0.22993374606277833,0.005314066984851706,2.698775498039149,302.2837701979138,0.6993588200626236,"{""type"":""Point"",""coordinates"":[83.53531215432118,23.916315131124847]}"
560,90.0,2025-04-15,291.3993126097179,282,0,40,0.3472012102874433,0.007157132008273948,0.4926092819813361,301.9638936633155,1.2665485154818443,"{""type"":""Point"",""coordinates"":[83.66061299088565,19.714553788816875]}"
561,133.1073121793348,2025-04-15,286.38294937497096,366,0,80,0.2649417852522639,0.006667569258411277,0.6785867886906698,304.0562369482858,1.1204072580366584,"{""type"":""Point"",""coordinates"":[81.12730219836216,20.60562601154888]}"
562,148.88889416783132,2025-04-15,289.9019981565929,597,0,40,0.23405343218714048,0.014866113641460288,3.786051436959228,301.30108093080065,0.6344548596641887,"{""type"":""Point"",""coordinates"":[82.2748430484309,18.76366310082199]}"
563,79.32285726374435,2025-04-15,291.8850361960275,400,0,10,0.4038273501885738,0.008415013530452597,2.501426465108289,301.0415071305775,1.265718638040621,"{""type"":""Point"",""coordinates"":[83.57921590691956,19.49132164405911]}"
564,81.44544510331338,2025-04-15,289.3931335267566,606,0,10,0.5807836822329576,0.00571119783182894,12.278880573098142,300.3928894315447,1.1293495768350559,"{""type"":""Point"",""coordinates"":[83.88439524113004,19.921940212368906]}"
565,46.736788752886,2025-04-15,288.53496179126563,247,0,40,0.2978893935345979,0.008607044794757712,0.6766225854065924,304.37864208221436,0.8434370854095059,"{""type"":""Point"",""coordinates"":[82.72053152942553,19.75582566605178]}"
566,139.1064156447602,2025-04-15,288.7119230542864,402,0,40,0.26819075712881024,0.021034672835071433,3.064471272268637,301.6706400825864,0.6800468404463309,"{""type"":""Point"",""coordinates"":[84.19935122290792,22.51862298626552]}"
567,-0.0,2025-04-15,288.5969851357596,218,0,40,0.19803769687580686,0.0046851187731817845,0.9274099368611016,304.0348746435983,0.8822106591112758,"{""type"":""Point"",""coordinates"":[83.29691455925496,21.751467144475985]}"
568,210.6368182896899,2025-04-15,287.75948397318524,686,0,10,0.29283018867924526,0.0037252902772024754,23.85151699205434,304.241103717259,0.6532946289016848,"{""type"":""Point"",""coordinates"":[82.98754505842373,20.928736566615918]}"
569,47.128691520348696,2025-04-15,287.86315654572985,227,0,40,0.19463087248322147,0.00441582498808657,0.6815916780277802,304.1080180122739,0.647815888421044,"{""type"":""Point"",""coordinates"":[82.98257542743188,21.82526611333585]}"
570,264.1614267131133,2025-04-15,281.4710434504918,631,0,30,0.1665292662819456,0.0011379420544699315,4.549184048658992,302.681283451262,0.41244033277105685,"{""type"":""Point"",""coordinates"":[80.3001711533871,23.029052329569666]}"
571,208.0988420968736,2025-04-15,289.20739482697985,232,0,40,0.26118251928020564,0.003740087130267966,1.0512964504369073,304.7284607206072,1.0910627934829473,"{""type"":""Point"",""coordinates"":[83.22869669702293,20.53451406526701]}"
572,215.94774347901645,2025-04-15,283.4156700315929,524,0,40,0.24412811387900357,0.005148023345668662,1.718009651027202,301.68650341033936,0.2614845319019877,"{""type"":""Point"",""coordinates"":[82.72496375100732,23.16874669474689]}"
573,270.0,2025-04-15,283.76433772132503,441,0,40,0.29815089755702523,0.0034303813960150364,1.012893129222599,302.3463108880179,0.8018167391149983,"{""type"":""Point"",""coordinates"":[83.7484558591475,23.7109247363494]}"
574,297.52571676861044,2025-04-15,289.7583504631406,247,0,10,0.24325874928284566,0.004625782349307883,19.304001575839678,304.5369149616787,1.1421185994189003,"{""type"":""Point"",""coordinates"":[83.49321102573961,20.273815134699632]}"
575,201.21879767902107,2025-04-15,287.38850066775365,464,0,10,0.4649045521292217,0.009396880843837607,24.7106260155537,302.8189148221697,0.15099738030704318,"{""type"":""Point"",""coordinates"":[83.19216225384474,22.579603396226407]}"
576,110.17683486182707,2025-04-15,283.6783014025007,510,0,40,0.2167457207671685,0.003562852719028342,2.6870412747986214,301.47199680691676,0.2702803061370649,"{""type"":""Point"",""coordinates"":[82.24918612750042,23.26664465108347]}"
577,270.0,2025-04-15,292.7052731286912,121,0,40,0.4166208035222895,0.009570404865939963,0.9751175429095585,303.3508449281965,0.6557570661848807,"{""type"":""Point"",""coordinates"":[81.67317919885384,17.997912950889894]}"
578,151.69613470066017,2025-04-15,285.8102245330811,259,0,40,0.19294961784433007,0.006625637390811789,1.0533151550642619,304.354629107884,0.2814156385197079,"{""type"":""Point"",""coordinates"":[81.78760069359971,21.80554388259242]}"
579,132.74466300145733,2025-04-15,285.91287404014946,306,0,40,0.24487895716945995,0.004160374381740439,3.4122219442440946,304.2200146175566,0.05961226307143074,"{""type"":""Point"",""coordinates"":[82.5973071154906,22.4496653534595]}"
580,326.32232339818734,2025-04-15,294.2064880189442,631,0,10,0.47073509015256587,0.016814663984973777,20.284162466322215,302.26575029463993,0.7609619373378508,"{""type"":""Point"",""coordinates"":[83.28023769111198,18.591813993597828]}"
581,133.21789207694758,2025-04-15,286.1946878887358,663,0,40,0.22202665325622328,0.009202778318126548,0.6771918807569708,302.06321239471436,0.888982251625043,"{""type"":""Point"",""coordinates"":[81.93164845214181,20.006429147202148]}"
582,72.93329216575093,2025-04-15,285.72152591886976,746,0,40,0.12676312676312676,0.01925894615908419,1.5797335554191558,299.49974745795834,0.66586550398329,"{""type"":""Point"",""coordinates"":[84.19326888741887,22.925486088076525]}"
583,35.83523578309532,2025-04-15,286.4263657161168,527,0,40,0.2671081677704194,0.009442254879672873,1.715571574018418,301.66233348846436,0.23923717109981094,"{""type"":""Point"",""coordinates"":[83.35961586028402,22.607460305055614]}"
584,106.38288483083839,2025-04-15,281.78740319751563,535,0,10,0.32877563704164076,0.0013672411229208592,12.929313448938567,302.9994626272292,0.1912451469273338,"{""type"":""Point"",""coordinates"":[80.27143141124984,23.259211292447095]}"
585,244.81961828360085,2025-04-15,286.85147267296196,700,0,10,0.5287241625089095,0.009398028233249534,5.433462602074086,301.7695693515596,0.7415947533556875,"{""type"":""Point"",""coordinates"":[81.525961701301,19.899113297917015]}"
586,215.2456132560022,2025-04-15,288.4941961197626,607,0,10,0.5758300927310799,0.011311709859569419,1.7030133011684851,302.0520574933007,0.9738488494436626,"{""type"":""Point"",""coordinates"":[82.33259603233478,19.357919595616977]}"
587,324.57482082757565,2025-04-15,286.3692019326346,411,0,30,0.2542673464863667,0.008247315862377036,1.7067992259929838,304.1136332466489,0.9929951636199728,"{""type"":""Point"",""coordinates"":[81.50940242056753,20.410459392459256]}"
588,90.0,2025-04-15,283.42629596165244,436,0,40,0.2866593164277839,0.003027737119396079,0.5068884337525067,302.35139133816676,0.7444883186373119,"{""type"":""Point"",""coordinates"":[83.72613430002582,23.81410331261525]}"
589,321.2673478994317,2025-04-15,285.94975671314063,401,0,10,0.2640627920014951,0.0033582001711920384,2.376592460814315,304.4137925193423,0.9228168347043071,"{""type"":""Point"",""coordinates"":[80.43799575349755,20.76223168482678]}"
590,180.0,2025-04-15,289.12434051150365,422,0,10,0.38650963597430404,0.019782379248340476,8.7426734122403,302.0503310703096,0.6796607586174422,"{""type"":""Point"",""coordinates"":[80.77373632896226,19.713419963912777]}"
591,286.83873855634806,2025-04-15,290.5282130468459,402,0,10,0.3621278672523182,0.010520026066501487,14.115373402257543,300.37245718638104,0.9675499311605354,"{""type"":""Point"",""coordinates"":[83.93661994653684,19.678634812919412]}"
592,147.54835135526474,2025-04-15,292.9531456175305,647,0,10,0.40932027307806473,0.0171931683804587,2.74570956390687,299.59812450408936,0.45875593172512885,"{""type"":""Point"",""coordinates"":[84.25864315582419,19.34004596392966]}"
593,270.0,2025-04-15,286.79784892854235,665,0,10,0.2567006840865762,0.008330628254611838,0.49324481028531075,302.03836817968465,0.9055838496387625,"{""type"":""Point"",""coordinates"":[81.94388802248194,19.92007536281173]}"
594,94.50163736253165,2025-04-15,288.69836162385485,717,0,40,0.29097303634232125,0.008511915781696189,5.887708198089866,298.75053800855363,0.8947048363546289,"{""type"":""Point"",""coordinates"":[83.14091163419427,19.13223205709852]}"
595,173.10906257576767,2025-04-15,283.7260483333043,449,0,30,0.2684268426842684,0.003505945184429038,4.196557601228589,301.5408386502947,0.3273042248541563,"{""type"":""Point"",""coordinates"":[82.2103300763372,23.16234984274431]}"
596,180.0,2025-04-15,283.46422495160783,350,0,40,0.2677878395860285,0.0018698572899893406,4.166350197307866,302.6832598277501,0.4277314177047486,"{""type"":""Point"",""coordinates"":[81.00433630983571,24.01252166961631]}"
597,156.9129223771691,2025-04-15,287.7862348102388,345,0,40,0.41852952577852437,0.010531336047847617,2.5189782874576827,303.45915617261613,1.1126023445468038,"{""type"":""Point"",""coordinates"":[80.75415777028279,20.2198790715769]}"
598,312.5150157279707,2025-04-15,283.103664125715,519,0,40,0.18667699457784662,0.002124816158016074,0.6862010707881933,301.7580540520804,0.15705043125544962,"{""type"":""Point"",""coordinates"":[81.58192385681404,23.535008103860307]}"
599,223.5711863005684,2025-04-15,288.7509216126941,663,0,10,0.42857142857142855,0.0138645767952994,6.374310059459675,301.05210980914893,0.8454204168571383,"{""type"":""Point"",""coordinates"":[81.68211855355513,18.906917465069043]}"
600,229.66347356483968,2025-04-15,291.76840091886976,572,0,10,0.40088916142879044,0.014152124502857077,17.359945970481313,301.2947739646549,0.3838909299347188,"{""type"":""Point"",""coordinates"":[81.86098284165153,18.00000639516478]}"
601,88.31620780795728,2025-04-15,290.00061353047687,867,0,10,0.5557083906464925,0.0064411461140707615,28.850978061022364,301.5450064795358,1.2543015830925026,"{""type"":""Point"",""coordinates"":[83.69234215438125,19.834038750315482]}"
602,12.116634344437593,2025-04-15,286.46083023434596,283,0,50,0.0771335727723619,0.0042730271603659276,2.3702071864931784,304.23318077269056,0.6076789929961719,"{""type"":""Point"",""coordinates"":[81.63899491540023,21.314353886073437]}"
603,64.72961179105282,2025-04-15,290.86962627229235,195,0,10,0.20114285714285715,0.013349801280696738,2.171626312395455,304.16021760304767,0.8187933518804967,"{""type"":""Point"",""coordinates"":[80.40849089121741,19.24251837515819]}"
604,10.291782776192665,2025-04-15,282.96178354535783,473,0,10,0.5287128712871287,0.002388134577472556,2.8256798921615793,302.49093514397026,0.4326239169234289,"{""type"":""Point"",""coordinates"":[81.14113728007078,23.385163167179662]}"
605,235.3998789872125,2025-04-15,288.98140198843817,279,0,10,0.3072490142553837,0.003226697423656333,17.41042650660683,303.98702889397026,0.7899968966140714,"{""type"":""Point"",""coordinates"":[83.14368579768481,19.827865898502452]}"
606,328.11520089348926,2025-04-15,284.3284711383638,653,0,40,0.27582892839980777,0.021955236771304953,3.8174163105493597,298.82811659858345,0.7110262508831987,"{""type"":""Point"",""coordinates"":[84.33793198152178,23.280704568928627]}"
607,312.62186765843944,2025-04-15,283.71489924476265,1099,0,40,0.22754624470693113,0.004696086027820456,2.0536461446859935,299.8811067399525,0.3575892386098125,"{""type"":""Point"",""coordinates"":[83.55521881661491,23.03697983056141]}"
608,349.9222657619168,2025-04-15,286.11043612162274,436,0,40,0.21775197013687267,0.007207095601756919,2.823787112566903,303.39140133630656,0.7419115828114562,"{""type"":""Point"",""coordinates"":[81.94118030036216,20.319764848512637]}"
609,37.843420828953185,2025-04-15,286.5287536439441,367,0,10,0.2878195488721805,0.004166930892665732,6.432584292470276,304.5131345022292,0.9217419682962008,"{""type"":""Point"",""coordinates"":[80.43051130120523,20.588712948566567]}"
610,143.93976408041266,2025-04-15,290.23062306358696,674,0,10,0.410194624652456,0.0055524110581473,12.422140773072634,301.3759972254435,1.2466111216391675,"{""type"":""Point"",""coordinates"":[84.35330485819895,20.549460230590515]}"
611,346.79499386809874,2025-04-15,283.50404312497096,891,0,10,0.47891058086285854,0.00693093238135134,17.09827511370634,300.928597904387,0.21131447288584324,"{""type"":""Point"",""coordinates"":[83.13839251148661,22.855970004339483]}"
612,180.0,2025-04-15,288.3165140606108,627,0,10,0.440954467981495,0.00915859637518679,0.463735342881014,301.8212225323632,0.9343381473269478,"{""type"":""Point"",""coordinates"":[82.07226760883158,19.507032462718154]}"
613,107.24024345785173,2025-04-15,288.2268156324114,230,0,40,0.2178141796775019,0.008152723291118491,3.1263026841235524,303.89598769233345,0.6325368944589649,"{""type"":""Point"",""coordinates"":[83.09676344484309,21.41448882349655]}"
614,14.729173443089566,2025-04-15,296.5149538857596,38,0,40,0.42685370741482964,0.005658298709590781,1.9172947691595197,302.2814334233602,1.8236528321750929,"{""type"":""Point"",""coordinates"":[83.41783409827492,18.01658730307586]}"
615,72.59144428926183,2025-04-15,289.00089254833404,221,0,40,0.7591849336214881,0.0035628080155447606,1.5496600675908674,304.41226954687215,0.6909649795463871,"{""type"":""Point"",""coordinates"":[82.97673008579727,19.841708019868094]}"
616,151.83987846275906,2025-04-15,285.80559167407813,347,0,40,0.17572229409228116,0.005133613922794211,3.152861185732101,304.5253938493275,0.5859497587577708,"{""type"":""Point"",""coordinates"":[82.431449304218,20.923904170784997]}"
617,188.6941617388369,2025-04-15,285.8994404929025,330,0,40,0.28165623495426095,0.004951670744617331,3.2803642564486593,304.11717909858345,1.0338442195319322,"{""type"":""Point"",""coordinates"":[80.6494556234843,20.899083308949397]}"
618,141.12446049484777,2025-04-15,291.25394430614654,170,0,40,0.27967877094972066,0.006523206808765281,2.381357790529713,303.7688427425566,1.0214818681508813,"{""type"":""Point"",""coordinates"":[84.01073683304251,21.51899029291832]}"
619,252.87569040835615,2025-04-15,287.09313701447985,574,0,10,0.5732484076433121,0.01597176490088259,3.1467866428930793,301.60367579687215,0.5006801698251017,"{""type"":""Point"",""coordinates"":[83.60730215130516,22.435253982396297]}"
620,19.675574092937556,2025-04-15,290.12305005391437,218,0,10,0.4862138533960995,0.004122361519534934,1.4771741934403255,303.70369207291384,0.9366861811917524,"{""type"":""Point"",""coordinates"":[84.14156382185418,21.217152280604513]}"
621,327.9691096410774,2025-04-15,282.6843060993013,398,0,30,0.205204021289178,0.0014870166565970067,3.8234753776104435,302.7282398314704,0.4830674703883505,"{""type"":""Point"",""coordinates"":[80.3767858055946,24.022862847268627]}"
622,184.59861075692828,2025-04-15,289.7826598939441,259,0,10,0.3541024059222702,0.003825604894359458,23.285174705511324,304.49062124888104,1.0434521194306468,"{""type"":""Point"",""coordinates"":[83.27448525752712,20.23006867306729]}"
623,174.35082972217123,2025-04-15,282.97706558590846,480,0,40,0.3250865907966353,0.0014607906128958348,5.112484349488508,301.8980687005179,0.4311912441860549,"{""type"":""Point"",""coordinates"":[81.4606415008381,23.213588989024483]}"
624,98.20127898773073,2025-04-15,291.9013878050305,934,0,10,0.8153759820426487,0.017109170534808982,15.838390289065059,299.6111046473185,0.3696141730457328,"{""type"":""Point"",""coordinates"":[82.25296737350584,17.96818372679259]}"
625,-0.0,2025-04-15,283.5193891071138,472,0,10,0.5877017678708686,0.00197713074942385,0.4637353428839794,301.83403991517565,0.13230440045124764,"{""type"":""Point"",""coordinates"":[81.0520896085333,23.663065709102085]}"
626,-0.0,2025-04-15,284.51870318821494,291,0,40,0.23231334149326804,0.003055691697795737,0.9274099368611016,304.2925592604138,0.23751860595807733,"{""type"":""Point"",""coordinates"":[81.67733127291635,22.094787743476097]}"
627,132.76463823844625,2025-04-15,284.89759781247096,527,0,10,0.31743831438868864,0.005348950603206504,2.048111460854213,303.03683939434234,0.3533600905199637,"{""type"":""Point"",""coordinates"":[81.75462430307458,22.35199204512041]}"
628,270.0,2025-04-15,288.1414245423816,268,0,40,0.2692523889825745,0.007582858183582175,1.4806313943467981,304.2131438028245,0.7871016041401387,"{""type"":""Point"",""coordinates"":[82.62199711599803,20.046437858985097]}"
629,199.62389649947187,2025-04-15,286.3439856937954,355,0,40,0.20046053473199438,0.005769446470935691,1.47669875619982,304.07494277045845,1.0776512198976818,"{""type"":""Point"",""coordinates"":[81.0126114670484,20.791522629689823]}"
630,-0.0,2025-04-15,286.41881479535783,286,0,40,0.1582930418330881,0.007988870122630942,0.0,303.9359918776013,0.569934692561732,"{""type"":""Point"",""coordinates"":[81.89151969337864,21.340851827182554]}"
631,28.68257073926404,2025-04-15,286.4322309039888,329,0,30,0.24548143279658233,0.006791040280063498,1.0571001212801727,302.1513239088512,0.5627345695623156,"{""type"":""Point"",""coordinates"":[82.82393729894041,23.945644840462347]}"
632,347.71028937305084,2025-04-15,284.0977582477388,745,0,10,0.37107921318447634,0.005715072133739341,2.371754345145393,300.56404944828574,0.31704010203031413,"{""type"":""Point"",""coordinates"":[82.44416997101864,23.353975746273466]}"
633,160.42379249488093,2025-04-15,286.82038543337865,422,0,30,0.2591847005535984,0.007110238053996909,4.4209696412511,303.6814287730626,1.1710859582284212,"{""type"":""Point"",""coordinates"":[81.13903978211664,20.390557840338992]}"
634,171.4286425520206,2025-04-15,291.31700815473283,279,0,30,0.2569502948609941,0.014672338941295493,3.2792993182821277,303.53810660044354,0.7770983716508217,"{""type"":""Point"",""coordinates"":[81.71880378918515,18.593900429730763]}"
635,155.63575158335576,2025-04-15,288.6275666554769,1264,0,10,0.45285743759026204,0.007955148794849265,3.5590023939529134,298.4882437842233,0.6841006844853453,"{""type"":""Point"",""coordinates"":[83.01696116088517,18.85334666637101]}"
636,340.1285376014961,2025-04-15,281.91503642854235,512,0,30,0.1840726510653161,0.002282217123706687,1.4789900905344828,302.503072420756,0.4608632080610857,"{""type"":""Point"",""coordinates"":[80.657405026908,22.741017305752933]}"
637,133.52882941612032,2025-04-15,292.17890594119115,173,0,10,0.28677792041078304,0.006773158886630881,0.6733135030169889,304.172750155131,1.2199399993270927,"{""type"":""Point"",""coordinates"":[81.15140068733768,18.208994969152887]}"
638,270.0,2025-04-15,290.3402712685721,584,0,10,0.5862651280607937,0.011316493132312644,10.160692003706455,300.9223316283454,0.3745524529000429,"{""type"":""Point"",""coordinates"":[82.28787034056813,18.48696408577028]}"
639,291.7902896011489,2025-04-15,283.7370579129174,989,0,10,0.5760319573901465,0.01051047442217623,20.338159397765892,299.15532897767565,0.7076584902003258,"{""type"":""Point"",""coordinates"":[83.97656406381422,23.48992517752479]}"
640,279.5956650194964,2025-04-15,284.4894295647031,602,0,10,0.3468894705053352,0.008579567053516257,5.546636088717754,303.07323959895547,0.5124897037689724,"{""type"":""Point"",""coordinates"":[80.72536976140415,21.59256503236259]}"
641,215.13566528694605,2025-04-15,290.5200692131406,732,0,10,0.3307451097506346,0.016061544397075522,8.444379235225309,299.4179312842233,0.6067817726989256,"{""type"":""Point"",""coordinates"":[83.1259422284699,18.68097604012085]}"
642,75.49486252226795,2025-04-15,284.8413815271287,613,0,10,0.3493682447861166,0.007312044480045188,9.178299625664197,303.1015250342233,0.5821962793394853,"{""type"":""Point"",""coordinates"":[80.72932905437816,21.350847656424488]}"
643,202.92171887822906,2025-04-15,295.18220183962865,544,0,30,0.5981941309255079,0.020871624329288352,7.509254462312364,300.51286711011613,1.0582146497282212,"{""type"":""Point"",""coordinates"":[84.30178323138678,18.927088025038724]}"
644,90.0,2025-04-15,297.3385797228132,17,0,10,0.4857369255150555,0.004534080603320945,3.901805486396013,302.2509739739554,2.21645054117671,"{""type"":""Point"",""coordinates"":[84.04443928133117,18.31192560677651]}"
645,28.202232868272777,2025-04-15,286.5345490773519,281,0,40,0.6889859915177998,0.004620179512698996,1.0523118074855529,304.12609023139584,0.6795916446355698,"{""type"":""Point"",""coordinates"":[81.57603230479963,21.186459354480746]}"
646,226.5136486900861,2025-04-15,296.31490389506024,25,0,50,0.30053580126643936,0.013065770247180808,0.6738395496486019,302.4573774337768,1.372674755708386,"{""type"":""Point"",""coordinates"":[83.94758181279147,18.466370472709066]}"
647,287.35858111079057,2025-04-15,287.40926424662274,336,0,40,0.2918572735590119,0.010342419126232016,1.5539814216035455,303.6275143850417,1.156110380077007,"{""type"":""Point"",""coordinates"":[80.79696555836551,20.320893714754426]}"
648,227.4976573380212,2025-04-15,282.332906359718,414,0,40,0.5539009388151506,0.002303317167957175,5.4744754430535325,302.6985825584048,0.1601891413289108,"{""type"":""Point"",""coordinates"":[80.6799798097477,23.59378435287721]}"
649,331.82365910752145,2025-04-15,286.8619416554769,310,0,40,0.16591928251121077,0.006186202147205222,1.0520570278120447,303.9675441469465,0.7133400287283425,"{""type"":""Point"",""coordinates"":[81.68902391257936,21.025395722381575]}"
650,78.4888762919276,2025-04-15,285.3802231379917,637,0,10,0.7234544596507787,0.016488254049022544,13.677306787925062,300.51622695014584,0.7143366313454566,"{""type"":""Point"",""coordinates"":[84.26188727301707,23.588007013549866]}"
651,125.90236661571956,2025-04-15,287.2783641815185,482,0,10,0.32490172620064944,0.012916490414340842,20.438833685292483,302.5891784940447,0.86500642488375,"{""type"":""Point"",""coordinates"":[81.4430084506631,20.208477948031124]}"
652,133.18298766253346,2025-04-15,289.7549499330067,205,0,40,0.23636363636363636,0.0033333450343207005,1.3550730640064472,304.45102396465484,1.1076148359456874,"{""type"":""Point"",""coordinates"":[83.40308628150488,20.198352290216054]}"
653,233.51362180338117,2025-04-15,288.97123527526855,366,0,40,0.25668016194331983,0.023490577914913047,3.116470734298139,301.8180603299822,0.6079693135357233,"{""type"":""Point"",""coordinates"":[83.81730718631003,22.408070488998096]}"
654,312.4411504561874,2025-04-15,283.6924499330066,403,0,30,0.35521134155946443,0.00242118535300051,1.374138014762966,302.2792419706072,0.23768059914651266,"{""type"":""Point"",""coordinates"":[81.10414684564336,23.87311640555253]}"
655,290.23349064841875,2025-04-15,281.5658048902239,659,0,40,0.2965194109772423,0.0023431032683447484,2.679841903999976,302.2547116506667,0.48714464404680363,"{""type"":""Point"",""coordinates"":[80.60367971572552,22.8559603210362]}"
656,306.0872876755092,2025-04-15,290.2532409486317,314,0,10,0.3693830921553694,0.00842416284342562,8.5954620079713,303.3023132596697,1.0499768840660952,"{""type"":""Point"",""coordinates"":[83.63502358354927,21.927631238969294]}"
657,169.58324570778257,2025-04-15,289.93210883367635,864,0,10,0.39415640217702663,0.008840620496471274,35.28851743044278,299.8228152592977,0.2768644501643112,"{""type"":""Point"",""coordinates"":[82.448156929566,18.419175523227974]}"
658,107.07946745362653,2025-04-15,281.99569584074476,506,0,10,0.29470864032150035,0.0011786073233679417,1.5785890840692034,303.0935904639108,0.5635965684801484,"{""type"":""Point"",""coordinates"":[80.35361570775146,22.81799815942838]}"
659,140.1475819632093,2025-04-15,289.1016412462507,533,0,10,0.3330564784053156,0.0036831050898626927,21.31042810820196,302.6282293683007,1.017678003303018,"{""type"":""Point"",""coordinates"":[83.73345992412159,20.119542991257056]}"
660,183.4447441268303,2025-04-15,284.1766098567417,686,0,10,0.3115932383867962,0.006498232462604392,8.303894577583101,302.30207493191676,0.3968962970315433,"{""type"":""Point"",""coordinates"":[82.0670448473126,22.641911462726437]}"
661,125.27284550954523,2025-04-15,290.3110615866525,212,0,30,0.23435707913852427,0.011434167602260459,2.4077709839652424,303.92772597358345,0.7968416919558955,"{""type"":""Point"",""coordinates"":[80.40600382032393,19.41992676451005]}"
662,121.93189066559347,2025-04-15,286.44691421872096,307,0,30,0.23940620782726046,0.0036560445811346653,3.502802964934548,304.63304242633643,0.5095182573232806,"{""type"":""Point"",""coordinates"":[82.63677588370669,20.800239533218807]}"
663,335.28687969164804,2025-04-15,286.8596804482596,339,0,10,0.19567979669631513,0.013978689887721885,3.568884176743344,303.98365161532456,0.423745949899629,"{""type"":""Point"",""coordinates"":[82.29247842792306,21.37441551621406]}"
664,98.71050890937408,2025-04-15,290.5200692131406,499,0,10,0.6470776621297037,0.016061544397075522,30.451246504773398,299.4179312842233,0.6067817726989256,"{""type"":""Point"",""coordinates"":[83.13355264511063,18.71768927410732]}"
665,180.0,2025-04-15,281.6084655580067,614,0,40,0.1370048309178744,0.0027381628539160374,2.3174627380815918,302.0564927146548,0.40270197820553405,"{""type"":""Point"",""coordinates"":[80.8828306944914,23.299109409479286]}"
666,287.49471158558606,2025-04-15,290.6877647581554,296,0,10,0.25912768896783106,0.010922297814090598,1.5422689751304408,303.46306242261613,0.8659892794405762,"{""type"":""Point"",""coordinates"":[80.45286412599407,18.987387470558826]}"
667,280.5410458762184,2025-04-15,287.51400638761976,295,0,40,0.3750705019740553,0.010735735275943625,2.5333090996676058,303.36291826338993,0.38973627708177694,"{""type"":""Point"",""coordinates"":[82.69281882938073,21.502865736488175]}"
668,132.8072350820047,2025-04-15,286.67721439543226,287,0,40,0.27908217716115263,0.006378427126605857,1.3646346173283224,304.09740370795834,0.4633489303721436,"{""type"":""Point"",""coordinates"":[83.03551314739312,22.14307346701881]}"
669,127.0644032382315,2025-04-15,290.4738743191674,492,0,10,0.3932885906040268,0.015380278208454001,6.13192772954155,302.1617405755179,0.543340163061791,"{""type"":""Point"",""coordinates"":[80.86570784498232,19.239867882636844]}"
670,90.0,2025-04-15,286.0966886792864,351,0,40,0.20964594368553108,0.0047342180993155125,0.9923904417653395,304.32121090661906,1.044143927140261,"{""type"":""Point"",""coordinates"":[80.66448357291448,20.851676136250926]}"
671,180.0,2025-04-15,291.86722555614654,133,0,10,0.3633879781420765,0.010379463412959922,0.463735342881014,303.92157014211017,1.216353778777997,"{""type"":""Point"",""coordinates"":[80.83997265439515,18.30171772817112]}"
672,144.38268996942713,2025-04-15,288.12285241626563,287,0,40,0.38184836745987827,0.006967470028598655,1.7108873884471978,303.4680440539405,0.6089332566167165,"{""type"":""Point"",""coordinates"":[83.03101429091035,21.472353603054657]}"
673,107.48366371912155,2025-04-15,288.69836162385485,826,0,40,0.26698176907494936,0.008511915781696189,3.084189415149098,298.75053800855363,0.8947048363546289,"{""type"":""Point"",""coordinates"":[83.11331233997122,19.09834957694201]}"
674,203.010139315493,2025-04-15,283.5193891071138,505,0,10,0.36305912233667276,0.00197713074942385,8.994367270826148,301.83403991517565,0.13230440045124764,"{""type"":""Point"",""coordinates"":[81.08355985592445,23.692731353842305]}"
675,90.0,2025-04-15,289.13430377415244,827,0,40,0.284990253411306,0.004613950827319968,0.48998844762866667,299.3557742436727,0.5736191852731635,"{""type"":""Point"",""coordinates"":[82.82079774578442,18.840536825911386]}"
676,18.617600114147834,2025-04-15,286.17655172802154,346,0,30,0.25903614457831325,0.006969943621356833,6.335640842044891,302.02453935714,0.43487833403891285,"{""type"":""Point"",""coordinates"":[82.47438819697017,24.026037760107783]}"
677,64.67495363066072,2025-04-15,290.11416217258994,618,0,10,0.46674914939684503,0.018482938387592185,2.167251838084281,301.32343723660426,0.6939275156792603,"{""type"":""Point"",""coordinates"":[81.95632900837545,18.832605921180186]}"
678,69.27724154843287,2025-04-15,290.2080574943906,561,0,10,0.5810328028580708,0.021993711569507468,2.619342037308916,301.9677301588512,0.6986983311785565,"{""type"":""Point"",""coordinates"":[82.13348421341304,18.94991809881209]}"
679,10.188847920109167,2025-04-15,284.05438259669717,298,0,40,0.302713987473904,0.005063503959377158,2.8247644347939223,304.2282282057263,0.32743627332091035,"{""type"":""Point"",""coordinates"":[81.4325951651755,21.978131864206173]}"
680,350.0646224441994,2025-04-15,292.8628019605364,127,0,30,0.2449491614947841,0.008618175962169516,2.822551454087812,304.38170546577095,1.3803630932394253,"{""type"":""Point"",""coordinates"":[81.0855856059656,17.920165780520396]}"
681,294.7921869730642,2025-04-15,285.7108651115781,366,0,10,0.4217506631299735,0.005013033726413596,5.512550255438319,302.94907083965484,0.14203209595345656,"{""type"":""Point"",""coordinates"":[83.0121271918909,22.51219497791236]}"
682,41.22313745603577,2025-04-15,284.971822375343,449,0,30,0.2265475430759413,0.006116926648815024,3.0798340731604723,301.68895644233345,0.2532853818569916,"{""type"":""Point"",""coordinates"":[82.11837498507785,24.064761379773326]}"
683,313.04030916371806,2025-04-15,287.00426982697985,304,0,40,0.2217267936765302,0.00580255685110842,0.6794360292440362,303.9066601253691,0.8013103358410141,"{""type"":""Point"",""coordinates"":[81.51322311712799,20.96013618224544]}"
684,35.477552052441276,2025-04-15,286.90552075703937,332,0,40,0.2421805183199285,0.0027839541222647313,1.7079097768304758,304.44242091405965,0.5949449840515226,"{""type"":""Point"",""coordinates"":[82.73727175162028,20.70575384999962]}"
685,12.254865917223954,2025-04-15,283.40051006135485,600,0,40,0.16437098255280075,0.006501182892520774,2.371440962054185,301.7031224114554,0.2132089176251399,"{""type"":""Point"",""coordinates"":[82.8956173646887,22.961001625279994]}"
686,263.41292697895125,2025-04-15,284.9703459058489,700,0,10,0.5582107843137255,0.0038096755530432347,4.035968836040224,302.63286222730363,0.08708260954688972,"{""type"":""Point"",""coordinates"":[82.78943822196958,22.511398966900472]}"
687,135.36574002055144,2025-04-15,291.55398732139946,373,1,10,0.32348596750369274,0.014676555969913352,26.06264240890271,300.2942973091489,0.7361205199201161,"{""type"":""Point"",""coordinates"":[84.0028616909011,19.578658536112915]}"
688,122.30710895119907,2025-04-15,291.3597443898519,227,0,10,0.25557011795543905,0.006428375818927634,3.4665410604475113,303.3448111670358,1.0420440263458897,"{""type"":""Point"",""coordinates"":[81.23826619867481,18.464812039964]}"
689,170.95356601905397,2025-04-15,290.52472532363174,991,0,10,0.7111327491074326,0.016464322784145224,15.13426747168095,298.1905375435239,0.4817787490329918,"{""type"":""Point"",""coordinates"":[82.16561756685644,17.89255183992259]}"
690,160.0065959616804,2025-04-15,283.77005758739654,430,0,20,0.27587168758716873,0.0017602592494085911,2.9582900825899747,301.9984453746251,0.19176529676075948,"{""type"":""Point"",""coordinates"":[81.29123778185968,23.629757801333334]}"
691,207.9102656196516,2025-04-15,289.34908939543226,631,0,30,0.30173243503368624,0.008722349980075705,2.098212982906799,301.9836574281965,0.8125836829265137,"{""type"":""Point"",""coordinates"":[81.5421086303433,19.277908870067172]}"
692,39.11646592300145,2025-04-15,281.5936485472179,794,0,30,0.22854188210961737,0.005104526856143821,2.389469856102443,301.00151457105363,0.4496658142057419,"{""type"":""Point"",""coordinates"":[81.08673256419536,22.730574879330106]}"
693,243.20688369212976,2025-04-15,290.7516830989293,363,0,10,0.3158220024721879,0.00560775397082125,31.40377207047853,303.77768412090484,1.049155105586452,"{""type"":""Point"",""coordinates"":[84.28963612542732,20.657181408402316]}"
694,115.24594273074433,2025-04-15,289.5957121167864,542,0,30,0.2761816496756256,0.01732820270319735,1.0871857206626667,301.25272364843465,0.6677916231695623,"{""type"":""Point"",""coordinates"":[81.20058599856414,19.4228885478186]}"
695,291.9338133228016,2025-04-15,289.2837701525007,233,0,10,0.263768115942029,0.003729537108142722,3.719278463770531,304.17832469940186,0.7984269100780834,"{""type"":""Point"",""coordinates"":[83.07332207499283,20.016472015963107]}"
696,-0.0,2025-04-15,289.52242923918226,498,0,30,0.22096486003573557,0.016364529707630027,1.3909630807829783,301.7731093906221,0.7704738518055895,"{""type"":""Point"",""coordinates"":[81.2948147522224,19.47264179305044]}"
697,99.35261480340883,2025-04-15,289.8589073362805,650,0,10,0.5378998101358259,0.011388763764102805,21.724499082909475,300.3604129155477,0.5573115197221548,"{""type"":""Point"",""coordinates"":[82.4469999785894,18.73369613982101]}"
698,34.521096103302604,2025-04-15,284.54052470979235,404,0,10,0.2924293454385708,0.00521257517596041,6.167464589687173,303.4189194724673,0.27122257221105855,"{""type"":""Point"",""coordinates"":[81.87537656277344,22.30367771330429]}"
699,270.0,2025-04-15,286.79747109186076,294,0,40,0.2469715698393078,0.012715533354480613,0.49770091074231454,303.8913257689704,0.5185110389738365,"{""type"":""Point"",""coordinates"":[82.23544928621358,21.290284475288225]}"
700,6.116538912990371,2025-04-15,286.3090096428281,263,0,40,0.492759735695206,0.0038487463976935032,4.653744832757283,304.6641354787917,0.4406208293077179,"{""type"":""Point"",""coordinates"":[82.72954685301903,21.065139785401712]}"
701,258.46440156809575,2025-04-15,281.71420170011976,612,0,10,0.3136206354199434,0.0012524574782446507,4.627903560300001,302.9207330885387,0.1696180635881481,"{""type"":""Point"",""coordinates"":[80.43182348076083,23.30031569009104]}"
702,47.18398319591243,2025-04-15,284.37638664245605,300,0,40,0.20955483170466885,0.003239005782802451,0.6823012015935991,304.05310381026493,0.2781093992492105,"{""type"":""Point"",""coordinates"":[81.58757100912324,22.100153161506366]}"
703,293.4077934220893,2025-04-15,288.7479337964739,893,0,10,0.4658158614402917,0.00930336115618502,6.969359040785818,301.31618277231854,0.9524923920240589,"{""type"":""Point"",""coordinates"":[83.9796297055663,20.289883792027954]}"
704,294.7160898826469,2025-04-15,283.7800092243013,459,0,10,0.45808383233532934,0.0048953145529821995,5.528353257589453,302.0325494947887,0.2636109917368616,"{""type"":""Point"",""coordinates"":[82.69128255132588,22.98962657458491]}"
705,226.4951820855451,2025-04-15,292.27569026038753,158,0,10,0.2925485648013917,0.009002312996585715,2.692583082075399,304.5219177518572,1.1495377460307865,"{""type"":""Point"",""coordinates"":[80.92014385169523,18.354395475005457]}"
706,-0.0,2025-04-15,286.0040373120989,375,0,80,0.05433052966583314,0.005894362905223716,0.0,303.5882193701608,0.8664617986244735,"{""type"":""Point"",""coordinates"":[81.6626053614294,20.5246021458411]}"
707,299.48992619810156,2025-04-15,289.34833953494115,522,0,10,0.2990501146413364,0.012620940783222068,5.634094531350991,301.9809776941935,0.8012501805201052,"{""type"":""Point"",""coordinates"":[81.39687932728074,19.51316762221986]}"
708,55.575709263281404,2025-04-15,282.99153963724774,355,0,10,0.29961549837326235,0.0026327371384695653,2.45947384263347,302.708882967631,0.5730197822839158,"{""type"":""Point"",""coordinates"":[80.68621174310935,23.96625321851749]}"
709,299.07246969170484,2025-04-15,282.9945623307001,602,0,40,0.21717813691665153,0.005827248075206626,2.86074466847578,302.7961981183007,0.6019144954209265,"{""type"":""Point"",""coordinates"":[80.80460766562736,22.088509515524834]}"
710,150.62758032762287,2025-04-15,292.2503228868757,641,0,10,0.4245656811947577,0.01511669156809603,24.47047129261257,300.7465271268572,0.6580203909516077,"{""type"":""Point"",""coordinates"":[84.02029319671999,19.481876253972437]}"
711,-0.0,2025-04-15,289.7045407068162,574,0,40,0.8186861682007313,0.008769765474994529,0.0,300.0931893757411,0.6245410275502662,"{""type"":""Point"",""coordinates"":[82.54784263840783,18.836337831578515]}"
712,287.15108935729074,2025-04-15,286.9651085081554,346,0,10,0.48527808069792805,0.0076414048459128026,1.5721970606732878,303.8947379248483,0.44096805013594725,"{""type"":""Point"",""coordinates"":[83.19999442281592,22.203287529473876]}"
713,155.26731994471385,2025-04-15,285.73580233256024,264,0,80,0.2014475271411339,0.005670666673381675,3.5694437402508568,304.27483000074113,0.4510844063628344,"{""type"":""Point"",""coordinates"":[81.37451711870524,21.50553816242422]}"
714,207.75080116461714,2025-04-15,292.84783381507503,92,0,10,0.31378299120234604,0.010685801484783042,1.047917848116583,304.7612395059495,1.3154179178112777,"{""type"":""Point"",""coordinates"":[80.85537283177575,18.137237791075854]}"
715,270.0,2025-04-15,293.7080342429025,323,0,10,0.594631691322251,0.011749207952220786,22.673280301780423,301.2859849021548,0.6304449207370375,"{""type"":""Point"",""coordinates"":[83.1808047728318,18.31425698659698]}"
716,270.0,2025-04-15,291.20423262459894,108,0,40,0.2422360248447205,0.012149363734920371,0.9804514110620391,304.6601711000715,1.0218666795634384,"{""type"":""Point"",""coordinates"":[80.29154308293694,18.934488635574944]}"
717,123.10376826694176,2025-04-15,285.51033846537274,434,0,40,0.1687218045112782,0.007544934728343833,4.237787504547642,301.6563404174079,0.37909292734151967,"{""type"":""Point"",""coordinates"":[82.35832700502095,24.10807085997564]}"
718,266.3819674090524,2025-04-15,289.5118556249709,875,0,10,0.5455497382198953,0.009770154931743491,7.308929705576741,299.63603605542863,0.3543283809537092,"{""type"":""Point"",""coordinates"":[82.44531082565801,18.475525178746803]}"
719,294.9488693027741,2025-04-15,285.93966556730715,299,0,30,0.16707616707616707,0.004776269176204551,1.0992848170337686,304.17526131584526,0.4480914337009571,"{""type"":""Point"",""coordinates"":[81.84404570324331,21.496020460217654]}"
720,90.0,2025-04-15,282.43309702192033,482,0,40,0.3621412447597549,0.0016848444726065281,0.504533889940061,301.8600932075864,0.4750843447179917,"{""type"":""Point"",""coordinates"":[81.41789135303819,23.199935574972148]}"
721,141.51314181852422,2025-04-15,292.70109367370605,185,0,40,0.3837863167760075,0.007817015030582297,2.368473938669566,301.84164896465484,0.8835814928526531,"{""type"":""Point"",""coordinates"":[83.83075599035197,19.382579074138132]}"
722,349.93449359845675,2025-04-15,285.875636781965,649,0,10,0.38833115088025605,0.009831979849536765,2.823680248991253,302.2785618645804,0.8417628775336755,"{""type"":""Point"",""coordinates"":[81.81671128424239,20.126462707931687]}"
723,313.8911145859712,2025-04-15,284.6777259281704,604,0,10,0.4795713328868051,0.006618842461307395,13.775306924669833,301.66015947432743,0.5769717010146258,"{""type"":""Point"",""coordinates"":[82.85047960684716,23.62121224401768]}"
724,180.0,2025-04-15,285.2860778626941,332,0,40,0.21165006022117597,0.00215946135779177,0.9274099368670311,304.08346444084526,0.49710797880905533,"{""type"":""Point"",""coordinates"":[80.25819602982637,21.39861445378573]}"
725,180.0,2025-04-15,289.3830888838995,169,0,10,0.7194928684627575,0.0036343931939200047,0.463735342881014,304.862679935637,0.7741061416960846,"{""type"":""Point"",""coordinates"":[83.57364436159392,21.132063417824966]}"
726,190.2474514174696,2025-04-15,281.65113203866144,884,0,10,0.39369043706868223,0.004967763998706687,8.421553924944964,300.647347904387,0.3623091463546932,"{""type"":""Point"",""coordinates"":[81.06687933882439,22.792549559583478]}"
727,28.246055434125132,2025-04-15,291.9416186923072,185,0,40,0.739355581127733,0.0033150315072134617,1.0527437971685845,303.48084399813695,1.0360444612898416,"{""type"":""Point"",""coordinates"":[83.83467373780697,21.45610118543808]}"
728,96.77791060095892,2025-04-15,292.37035288129533,195,0,10,0.34260238778902824,0.008153006413181174,3.9231995876272556,304.2893738065447,1.287137143697458,"{""type"":""Point"",""coordinates"":[81.24942138050673,18.045212845703393]}"
729,31.931588472937182,2025-04-15,289.18073699587865,556,0,10,0.549153763053655,0.00360102949400698,21.356396266397834,302.10337352752686,0.9846613862227853,"{""type"":""Point"",""coordinates"":[83.82370437533056,20.06996602461682]}"
730,274.1027966154837,2025-04-15,286.5666361309233,308,0,10,0.22317161477190442,0.009943395831783164,6.4543279920730185,303.96262645721436,0.5799005592750309,"{""type"":""Point"",""coordinates"":[82.21100435212617,21.17387039748198]}"
731,39.10206189349286,2025-04-15,290.1058730170841,390,0,10,0.4129380053908356,0.005154862978656638,7.721605062202177,302.59890342894056,0.7926274711611747,"{""type"":""Point"",""coordinates"":[81.14700852895105,18.83211459436418]}"
732,203.89254393710715,2025-04-15,290.013570422218,757,0,10,0.29938900203665986,0.006586074807842124,11.99468566491629,301.1123660405477,1.1803747912859401,"{""type"":""Point"",""coordinates"":[83.8215433282188,19.848466244577907]}"
733,227.64315495340148,2025-04-15,291.25699606395904,871,0,30,0.4728183118741059,0.020438536980350364,15.445740091876292,298.23014064062215,0.47388529920366834,"{""type"":""Point"",""coordinates"":[82.26637174749611,17.938497635604147]}"
734,347.79259597038885,2025-04-15,282.1448425111317,503,0,10,0.4009376627886786,0.0020153969313696507,2.3710156457661316,303.6023039590745,0.4909772657595086,"{""type"":""Point"",""coordinates"":[80.52116649877725,22.41363200444505]}"
735,238.07303872009396,2025-04-15,285.8034932272775,362,0,10,0.250225138299241,0.004291057565410483,6.980570364404522,304.1936881201608,0.675397353738344,"{""type"":""Point"",""coordinates"":[82.04659214455134,20.829033037027695]}"
736,138.19230569962372,2025-04-15,290.74529475257515,720,0,30,0.45054945054945056,0.01369754967947756,11.657369222559792,299.4109732764108,0.6695966202857319,"{""type"":""Point"",""coordinates"":[84.07212108911438,19.680210666351137]}"
737,166.48955191783764,2025-04-15,282.430562609718,703,0,10,0.36571165926152904,0.004587411859233725,4.2844900405052755,302.0988278616042,0.6866045181174356,"{""type"":""Point"",""coordinates"":[80.88716105170975,22.349933717631203]}"
738,180.0,2025-04-15,286.42720858256024,262,0,40,0.17689603214465094,0.007427439072330344,0.9274099368611016,303.79655851636613,0.430160214717808,"{""type"":""Point"",""coordinates"":[82.06253509850431,21.567020219937724]}"
739,252.44919692689376,2025-04-15,292.08988761901855,93,0,40,0.6624981166189543,0.009140133836467612,1.5374966564378139,305.62832237425306,1.1255541842228467,"{""type"":""Point"",""coordinates"":[80.37513008230182,18.4093692031566]}"
740,90.0,2025-04-15,283.51980182102744,568,0,10,0.3104875210138368,0.006028234937389243,10.94372481567227,300.5196158545358,0.5684471526288258,"{""type"":""Point"",""coordinates"":[81.7542683751566,22.94249585985193]}"
741,11.17790147222544,2025-04-15,280.56339254833404,741,0,30,0.17456021650879566,0.003583312013347495,5.185635393843607,300.88435032254176,0.48631626708311565,"{""type"":""Point"",""coordinates"":[81.1915684574071,23.057799936139226]}"
742,270.0,2025-04-15,291.14074443635485,99,0,80,0.08512177477694718,0.013685971477229941,0.4904233101340202,304.1232535498483,0.9747006399800331,"{""type"":""Point"",""coordinates"":[80.27169850948091,18.989092489167984]}"
743,65.39391604788965,2025-04-15,282.0579400743757,453,0,40,0.20895191668513183,0.0032736956860617283,1.1136222595794536,302.5241905848185,0.25471173943218794,"{""type"":""Point"",""coordinates"":[80.45876649039792,23.662232928504018]}"
744,288.8390063452425,2025-04-15,286.8540187109084,577,0,10,0.3552140832463076,0.00937280056734835,5.725443315620702,302.9948995226905,0.8538214689651389,"{""type"":""Point"",""coordinates"":[81.55660374679299,20.237737812910233]}"
745,180.0,2025-04-15,285.8197634560721,369,0,30,0.2187538863325457,0.004153341033656943,0.4637353428839794,304.08269714173815,0.9592903242551912,"{""type"":""Point"",""coordinates"":[80.50911986760916,20.77979126154941]}"
746,139.61664160121217,2025-04-15,284.0969967615037,573,0,10,0.22950176539819536,0.004328757503230918,5.46266291440089,302.41823355356854,0.7579123223570494,"{""type"":""Point"",""coordinates"":[83.33740190100323,23.875843631019993]}"
747,60.783090504285575,2025-04-15,285.02577164059596,417,0,10,0.28507670850767086,0.005513742544849265,5.681721256569782,304.27041803087513,0.8148809124017957,"{""type"":""Point"",""coordinates"":[80.71099659345109,21.233196681545664]}"
748,51.14826547891529,2025-04-15,289.2839154743013,589,0,10,0.30142813734427226,0.004247173645694602,4.4267527882042215,300.9713806424822,1.0942088898337319,"{""type"":""Point"",""coordinates"":[83.85368568352683,19.989176526709215]}"
749,121.61617273147111,2025-04-15,284.1766098567417,518,0,10,0.33641975308641975,0.006498232462604392,5.2926646349786415,302.30207493191676,0.3968962970315433,"{""type"":""Point"",""coordinates"":[82.14905259160439,22.57357890784072]}"
750,75.94369005591597,2025-04-15,293.8603721800305,323,0,10,0.548,0.006000682690341819,16.695425112004457,301.8373474393573,1.0813084427156494,"{""type"":""Point"",""coordinates"":[83.63024765072659,18.941771812835437]}"
751,340.0397326958604,2025-04-15,283.2411618005662,559,0,40,0.21381368578128332,0.00464974341650759,1.4798204892020863,301.36579563504176,0.5965478875092337,"{""type"":""Point"",""coordinates"":[83.34149273935634,23.39230726566818]}"
752,208.24469030356497,2025-04-15,286.1211841219948,292,0,40,0.33300099700897307,0.0044290721203879,1.0527303254778644,304.27700401487806,0.5336787405659421,"{""type"":""Point"",""coordinates"":[81.48183527207537,21.447853413570346]}"
753,72.61556146257156,2025-04-15,289.1016412462507,328,0,10,0.46330036439354505,0.0036831050898626927,6.1843580621080605,302.6282293683007,1.017678003303018,"{""type"":""Point"",""coordinates"":[83.66406161719286,20.074524774462166]}"
754,324.54499815168543,2025-04-15,289.59378805614654,163,0,40,0.2684268426842684,0.007612764814098227,1.7074312548157142,304.57328028905965,0.6203208664231684,"{""type"":""Point"",""coordinates"":[83.78003342184917,20.579404939562625]}"
755,312.7438620118298,2025-04-15,284.9703459058489,358,0,10,0.4221682192520589,0.0038096755530432347,4.771775630108683,302.63286222730363,0.08708260954688972,"{""type"":""Point"",""coordinates"":[82.8207246292615,22.45266240885056]}"
756,313.5821560985665,2025-04-15,295.53002666291735,75,0,30,0.5324907063197026,0.007789224364955771,1.3451242143489828,302.57480907440186,0.958965034249242,"{""type"":""Point"",""coordinates"":[83.12766758535749,17.881487577149333]}"
757,19.749276151322466,2025-04-15,284.1515389397031,291,0,40,0.19408945686900958,0.0063291489865378026,1.477854866934387,304.2775969278245,0.16059676382015017,"{""type"":""Point"",""coordinates"":[81.42793759035635,21.806023362839163]}"
758,334.946175174646,2025-04-15,295.8756309690929,41,0,10,0.3030348333084168,0.008534625151355613,4.597307313081653,302.4666605903989,1.0556359212114992,"{""type"":""Point"",""coordinates"":[83.32830845331861,18.051224668011418]}"
759,82.52720522588282,2025-04-15,281.3303835732596,628,0,10,0.291289592760181,0.0018755495335653904,7.0950161960597375,302.1294558842977,0.29841131983891384,"{""type"":""Point"",""coordinates"":[80.66711237454301,23.33812010686206]}"
760,180.0,2025-04-15,282.9945623307001,578,0,40,0.23312668148321442,0.005827248075206626,0.4637353428839794,302.7961981183007,0.6019144954209265,"{""type"":""Point"",""coordinates"":[80.75076314800197,22.058045130418872]}"
761,-0.0,2025-04-15,286.68294007437567,294,0,40,0.17235106866757616,0.005544215419490683,1.8543341688414132,303.9160130364554,0.6818392329126879,"{""type"":""Point"",""coordinates"":[81.67328182572179,21.082785756963663]}"
762,294.8719084300858,2025-04-15,287.44947769528346,229,0,10,0.27944426902431324,0.00646127758284365,1.1024681515345387,304.05161571502686,0.6829156118346382,"{""type"":""Point"",""coordinates"":[83.20893412156767,22.00115590463792]}"
763,-0.0,2025-04-15,289.2255135490781,176,0,10,0.32453371592539454,0.005404099800784934,0.0,305.1019261223929,0.884188830133321,"{""type"":""Point"",""coordinates"":[83.46653587158028,20.767250753710975]}"
764,327.3360194912583,2025-04-15,286.58562678382515,342,0,40,0.5671048608988077,0.00464606282969271,2.752204101240581,304.8129856927054,0.6004157866614162,"{""type"":""Point"",""coordinates"":[82.16034974103276,20.627500771725078]}"
765,144.5395727975452,2025-04-15,289.59378805614654,189,0,10,0.31788079470198677,0.007612764814098227,8.47784221890117,304.57328028905965,0.6203208664231684,"{""type"":""Point"",""coordinates"":[83.8219982950663,20.610008990127294]}"
766,310.92103939701866,2025-04-15,284.89759781247096,568,0,10,0.45053054201319187,0.005348950603206504,10.500660413492692,303.03683939434234,0.3533600905199637,"{""type"":""Point"",""coordinates"":[81.78530813448445,22.38252539106097]}"
767,196.14734195313827,2025-04-15,289.4262087685721,536,0,10,0.5133868808567604,0.02824591098089968,10.502198022330209,301.10375136420845,0.5930174706607424,"{""type"":""Point"",""coordinates"":[80.9032674581303,19.616298862700823]}"
768,247.7392137324689,2025-04-15,284.0126694270543,464,0,30,0.2448,0.005193531491954673,4.884830200652571,302.04941263652984,0.22502788771108717,"{""type"":""Point"",""coordinates"":[82.65143496027326,22.928050723282897]}"
769,221.44658969632727,2025-04-15,292.5483720870245,470,0,30,0.5328549317574223,0.0053426623131827,7.38301683919353,301.61072099776493,0.9625813536154803,"{""type"":""Point"",""coordinates"":[83.65337127213564,19.320501603678643]}"
770,180.0,2025-04-15,291.20423262459894,107,0,40,0.18894482687763278,0.012149363734920371,0.463735342881014,304.6601711000715,1.0218666795634384,"{""type"":""Point"",""coordinates"":[80.31349070169895,18.90807315195349]}"
771,107.48305726968626,2025-04-15,288.9899992261614,586,0,10,0.6049528301886793,0.01017923650999819,1.543264440226586,301.2502880550566,0.8401354784336952,"{""type"":""Point"",""coordinates"":[82.42274636846945,19.10497117233598]}"
772,190.05612402726135,2025-04-15,286.29654684520904,619,0,40,0.45072513417837157,0.00921277699728762,2.8235983455103995,302.1121625900269,0.8307878690113577,"{""type"":""Point"",""coordinates"":[81.77770021763506,19.97689624640801]}"
773,19.70372171971149,2025-04-15,284.9878891536168,341,0,10,0.5414634146341464,0.005646049955089438,2.952905427332557,303.7883507410684,0.5782585770584215,"{""type"":""Point"",""coordinates"":[80.59330721532329,21.443954012715764]}"
774,12.038806708274077,2025-04-15,287.3937845684233,364,0,10,0.3003834682573498,0.006805494406421531,9.39827629135123,304.00412455059234,0.998417196491672,"{""type"":""Point"",""coordinates"":[80.53701898246895,20.314126002415083]}"
775,60.771156669034944,2025-04-15,290.1866603124709,233,0,10,0.4782495101241019,0.0052412748124197606,2.8468034236678683,303.7698599951608,1.0066590190160556,"{""type"":""Point"",""coordinates"":[84.15315916171708,21.161512286441166]}"
776,103.10486968447526,2025-04-15,287.350478671846,268,0,40,0.23688360845336978,0.005713298895557273,2.0444593871755257,303.84758971986315,0.5168619526712848,"{""type"":""Point"",""coordinates"":[82.91830515687617,21.37963151926162]}"
777,-0.0,2025-04-15,285.7493172600156,343,0,30,0.22140941233845404,0.005099087932308066,0.0,304.38585004352393,0.6310714362977875,"{""type"":""Point"",""coordinates"":[82.20366604244154,20.903993692522228]}"
778,133.36254416823235,2025-04-15,293.9550173623221,103,0,40,0.2975835815954982,0.003530696013172019,1.3505715511441292,302.9099909010388,0.856396494518759,"{""type"":""Point"",""coordinates"":[83.78222880941868,19.19290083013105]}"
779,-0.0,2025-04-15,288.6255670275007,583,0,40,0.1953636193681062,0.006021454909046042,1.390963080774087,301.63996555691676,0.8035713783413705,"{""type"":""Point"",""coordinates"":[82.7124472626319,19.284763182166028]}"
780,72.72175925827356,2025-04-15,286.6198820386614,286,0,40,0.6280693007603141,0.005247786619861472,1.5609817633652652,304.0828250249227,0.703515508023799,"{""type"":""Point"",""coordinates"":[81.5772180185889,21.069285936425803]}"
781,180.0,2025-04-15,289.63577443077446,614,0,40,0.22726804654515498,0.004130482652385581,1.390963080774087,302.00270620981854,1.0611458579505946,"{""type"":""Point"",""coordinates"":[83.83982449735431,19.96446529501522]}"
782,180.0,2025-04-15,288.54047820681615,228,0,30,0.24257822947312116,0.004731982925136435,0.9274099368670311,304.24050499144056,0.7301593615183316,"{""type"":""Point"",""coordinates"":[82.89230648503606,20.134887842189848]}"
783,47.0103526411956,2025-04-15,286.2002449943906,295,0,40,0.14901760653227863,0.004584103801448691,2.0394745597786756,304.2514099393572,0.7468499914781626,"{""type"":""Point"",""coordinates"":[81.31679995154711,21.223179615225938]}"
784,308.1468466811254,2025-04-15,282.6978442782447,444,0,30,0.2688771245472276,0.0021412968422964695,4.495474735027979,302.18532339731854,0.1785605999071347,"{""type"":""Point"",""coordinates"":[80.9014524155938,23.605525074616768]}"
785,160.31544992252077,2025-04-15,286.3353942689441,272,0,40,0.2754880694143167,0.004253059604366172,1.4772569267552187,304.1755693980626,0.6193848592213274,"{""type"":""Point"",""coordinates"":[81.5341232289047,21.28964020699824]}"
786,119.66271536801878,2025-04-15,281.6261076245989,870,0,10,0.4923972824328696,0.003274202325542319,14.664176918868542,302.10907595498213,0.5677799501791948,"{""type"":""Point"",""coordinates"":[80.73330002864522,22.258997029362796]}"
787,86.4049878506628,2025-04-15,293.46668960934596,423,0,10,0.5502392344497608,0.016173556425769675,7.355159755816679,300.0141924449376,0.5007899806353376,"{""type"":""Point"",""coordinates"":[84.39160842901047,19.539904969282226]}"
788,180.0,2025-04-15,283.3316798437209,428,0,40,0.23182066703116458,0.002334415891368735,1.8543341688295631,301.8769563493275,0.18816287979618385,"{""type"":""Point"",""coordinates"":[81.35270274955482,23.603142340144146]}"
789,76.8637425292974,2025-04-15,285.8651736123221,304,0,40,0.6717920044730221,0.006964221575458396,2.0396640016236884,304.1532654081072,0.6171833750989044,"{""type"":""Point"",""coordinates"":[82.20821116545635,21.012904880510135]}"
790,276.1371418102717,2025-04-15,290.4543314434233,435,0,10,0.5134357005758158,0.006873756625850547,24.429954202021854,303.56472374144056,1.0085682390629247,"{""type"":""Point"",""coordinates"":[84.2312325727186,21.26966318200268]}"
791,160.29447665439304,2025-04-15,287.77662031991144,268,0,40,0.384765625,0.012187033870418418,2.9529386229647487,303.3235534940447,0.35364055393596533,"{""type"":""Point"",""coordinates"":[82.63737783255527,21.458120989942373]}"
792,168.01865776476103,2025-04-15,288.3165140606108,628,0,30,0.4487684729064039,0.00915859637518679,2.369014219039102,301.8212225323632,0.9343381473269478,"{""type"":""Point"",""coordinates"":[82.075489814054,19.53515417034071]}"
793,152.14911594835573,2025-04-15,290.61515036083404,307,0,40,0.2455193262794213,0.007804423549373496,1.048883213181917,303.15529991331556,0.755751835605353,"{""type"":""Point"",""coordinates"":[80.78261920897685,18.862189146923114]}"
794,273.7524800175766,2025-04-15,284.0630554017567,997,0,10,0.491945107398568,0.013318762161929953,13.892941309881234,299.2655759084792,0.6141885135183996,"{""type"":""Point"",""coordinates"":[83.99842717523478,23.33315643232826]}"
795,180.0,2025-04-15,287.8570123400007,422,0,40,0.25353955978584175,0.017133474328716147,2.317462738066788,301.7037676402501,0.6189733453826085,"{""type"":""Point"",""coordinates"":[84.22971895679764,22.62626066817445]}"
796,133.52188522615333,2025-04-15,296.60082744416735,41,0,10,0.36428571428571427,0.010155826785762656,2.0194546134512685,302.45305265699113,2.014590322766444,"{""type"":""Point"",""coordinates"":[83.70433086146242,18.25185595480695]}"
797,126.37901176490779,2025-04-15,284.4401596614293,550,0,30,0.18694480487074558,0.007143869974811423,6.230282030325881,300.88735557737806,0.5516218315287612,"{""type"":""Point"",""coordinates"":[82.05680837006591,22.946003691062213]}"
798,11.119327468426405,2025-04-15,292.32764571053644,460,0,30,0.5762483130904184,0.016689926364620078,12.555753966398072,300.0382635479882,0.5284238803821629,"{""type"":""Point"",""coordinates"":[84.21354789845975,19.573293531564538]}"
799,301.4081626393819,2025-04-15,283.35790752229235,470,0,40,0.21330275229357798,0.0034815221812323216,1.7791925559199329,301.8976908638364,0.09562783467008584,"{""type"":""Point"",""coordinates"":[81.50202542982944,23.666565249131843]}"
800,132.7733972228437,2025-04-15,284.7057788485573,330,0,50,0.2111179235642755,0.004606887676914084,2.047773291510867,303.4325797217233,0.3557423120545351,"{""type"":""Point"",""coordinates"":[81.69795094139405,22.309547482313796]}"
801,208.2999706822063,2025-04-15,289.30327815101265,203,0,40,0.4800335101926836,0.006277680375774253,1.053276609849995,303.9124323072888,0.9717807534079251,"{""type"":""Point"",""coordinates"":[83.44585452477345,21.78216002084904]}"
802,-0.0,2025-04-15,294.413722719465,64,0,40,0.3937192907498398,0.008860632755954612,1.3909630807829783,301.5969444910685,1.1003667790568659,"{""type"":""Point"",""coordinates"":[83.86033224856868,18.87275428844017]}"
803,180.0,2025-04-15,283.38793100629533,635,0,10,0.5543448651593571,0.0034690201069906834,2.3174627380815918,301.0050604229882,0.17256589186219767,"{""type"":""Point"",""coordinates"":[82.0771165656577,23.623249259380582]}"
804,327.5969994591216,2025-04-15,289.3937613169352,579,0,30,0.20776586496667632,0.011459827401836264,2.744231180101715,301.0836911428542,0.7635799367493501,"{""type"":""Point"",""coordinates"":[82.38096757338879,19.030866641632496]}"
805,160.29079954740413,2025-04-15,285.93966556730715,292,0,40,0.13806375209710844,0.004776269176204551,1.477484367941068,304.17526131584526,0.4480914337009571,"{""type"":""Point"",""coordinates"":[81.83157508221014,21.4879811037984]}"
806,240.90644735531131,2025-04-15,289.5591433388846,736,0,10,0.49777117384843983,0.00804850456972872,14.913698386252472,299.47903038206556,1.0817511626718777,"{""type"":""Point"",""coordinates"":[84.16779965263892,20.115434186207217]}"
807,304.84188353035955,2025-04-15,283.203273500715,586,0,30,0.255684084563223,0.006066560723979819,2.4336886491315926,302.11540617261613,0.3620577302376324,"{""type"":""Point"",""coordinates"":[80.47402841385104,21.853930491511523]}"
808,313.3455071357318,2025-04-15,288.4550115494501,570,0,40,0.17806670435274166,0.009663805344303,0.6755923143981116,302.04733162834526,0.9014992121359736,"{""type"":""Point"",""coordinates"":[82.17945742205019,19.29089243773125]}"
809,229.78250011662885,2025-04-15,284.6455226171584,517,0,10,0.29878438899552145,0.007989317157466758,7.144890975754587,303.1681463604882,0.5473153718357523,"{""type"":""Point"",""coordinates"":[80.83461909616332,21.541749888465954]}"
810,117.12523396359525,2025-04-15,295.0970781417121,103,0,30,0.44170403587443946,0.013006046393115867,7.083572235306517,302.4085028058007,0.5832161582405828,"{""type"":""Point"",""coordinates"":[82.91561963156794,17.939682423324953]}"
811,107.17139221654628,2025-04-15,284.61311004275365,290,0,40,0.28910191725529766,0.003773748853404868,1.570394945040173,304.44130484263104,0.18112026994358296,"{""type"":""Point"",""coordinates"":[81.62204244412122,22.02601500440737]}"
812,147.13905278274638,2025-04-15,286.37064352489654,252,0,40,0.21259425849980157,0.006319791057308066,2.7582900696593042,303.968881107512,0.3392916702544707,"{""type"":""Point"",""coordinates"":[81.84477205729982,21.744498294732754]}"
813,294.5929758918573,2025-04-15,283.65650894528346,485,0,30,0.26293647454774927,0.005455434301097739,3.339171972267595,302.0666826793126,0.09707329571190842,"{""type"":""Point"",""coordinates"":[81.89814120470079,23.741273702841504]}"
814,287.388197961627,2025-04-15,289.4203493935721,392,0,10,0.34118967452300786,0.018862932899196494,1.551417376609945,303.1566833768572,0.7705913059279426,"{""type"":""Point"",""coordinates"":[81.13967728795986,20.038671290883258]}"
815,133.4839419169448,2025-04-15,291.7577924274263,295,0,10,0.3750360334390314,0.01341482994814669,2.020863071418593,304.00790291740776,0.930469346639502,"{""type"":""Point"",""coordinates"":[81.58883489266154,18.480818782277847]}"
816,46.79839943035923,2025-04-15,288.04231507437567,330,0,40,0.27728444571755945,0.011198505737979758,2.031433656417528,303.75913524627686,1.005737589057956,"{""type"":""Point"",""coordinates"":[80.54683180421375,20.096795166714546]}"
817,79.32472022965278,2025-04-15,290.3245300111317,231,0,30,0.09643863324423897,0.014835894086559165,2.501857381824185,303.27517296019056,0.6829699817393512,"{""type"":""Point"",""coordinates"":[80.56639946530557,19.519682865324654]}"
818,-0.0,2025-04-15,285.50687980651855,305,0,40,0.19339083445910837,0.00756029782553469,0.0,304.098531405131,0.1105689191678088,"{""type"":""Point"",""coordinates"":[82.26719196075756,22.28565731933065]}"
819,249.72836565078558,2025-04-15,286.67161659967326,368,0,10,0.32915524219872044,0.007167354204852927,2.6750180460682875,302.7061160405477,0.12207041096935595,"{""type"":""Point"",""coordinates"":[83.0894774032664,22.576067417116892]}"
820,193.2982215561519,2025-04-15,288.3152061644055,337,0,10,0.422680412371134,0.009108185746868003,4.280723733591931,303.51769760676785,0.8892979723956076,"{""type"":""Point"",""coordinates"":[82.37676234691635,19.91488341038798]}"
821,160.64764199603792,2025-04-15,292.57582046872096,173,0,40,0.25433680277555376,0.007758155443866599,1.4742252771744981,304.6055882317679,1.1284368247684282,"{""type"":""Point"",""coordinates"":[81.11103512164645,18.36495333219367]}"
822,133.49033166332063,2025-04-15,291.7130798158192,247,0,40,0.30686330119115146,0.01150953767557894,0.673790206531702,304.1218410219465,0.9976796109563955,"{""type"":""Point"",""coordinates"":[81.63773920510856,18.44204582838281]}"
823,270.0,2025-04-15,286.08468509855726,266,0,10,0.2553808578842925,0.0030180215622976903,1.5024100529968767,303.9991080420358,0.2750190467573745,"{""type"":""Point"",""coordinates"":[82.68162181898084,22.212188216801778]}"
824,133.4398523257623,2025-04-15,297.1737499237061,17,0,40,0.2516443878633567,0.010566562392909873,2.0225032625834,301.80105186644056,1.8316615679494066,"{""type"":""Point"",""coordinates"":[84.36503491752653,18.74268552072623]}"
825,180.0,2025-04-15,290.7759285881406,485,0,30,0.3074538745387454,0.009446859338481772,1.8543341688414132,300.1296767734346,0.24702792997542433,"{""type"":""Point"",""coordinates"":[82.28612318325078,18.24001451495101]}"
826,213.59768703494208,2025-04-15,288.84382874625067,645,0,10,0.4725428471493529,0.003137066939075339,4.445099937045226,302.53758925483334,1.044038459452614,"{""type"":""Point"",""coordinates"":[83.29800268144095,19.816804138396954]}"
827,312.55868046296376,2025-04-15,283.3976036253429,521,0,40,0.14895252738804535,0.006088301518161643,2.0561093123425707,301.6747672217233,0.3988231447135659,"{""type"":""Point"",""coordinates"":[82.9409165211711,23.33321913263192]}"
828,90.0,2025-04-15,286.4052010490781,269,0,40,0.5087090163934426,0.00340363381167208,2.9760456953340606,304.6449646268572,0.5194496983225064,"{""type"":""Point"",""coordinates"":[82.73610053368178,20.91369025890565]}"
829,46.980342760867046,2025-04-15,286.4414675576346,328,0,40,0.37916102841677946,0.007710903861720908,2.03833051023191,304.15759599776493,0.8856367578930064,"{""type"":""Point"",""coordinates"":[80.87027320352344,21.068117476302486]}"
830,180.0,2025-04-15,286.0966886792864,337,0,40,0.01562191022345264,0.0047342180993155125,0.4637353428839794,304.32121090661906,1.044143927140261,"{""type"":""Point"",""coordinates"":[80.71481394690001,20.895954357614336]}"
831,144.27982370002024,2025-04-15,286.89005270458404,269,0,40,0.5859395883453622,0.004458636024196494,1.7130921615121546,303.77825959523517,0.39690779917766256,"{""type"":""Point"",""coordinates"":[82.4575425032887,22.01609834330249]}"
832,257.9465931675228,2025-04-15,291.17859204610187,645,0,10,0.6339451981910083,0.006898403146465171,19.230577256407052,303.0229815074375,1.1169190650567167,"{""type"":""Point"",""coordinates"":[81.33265633881865,18.372518274199972]}"
833,207.8846435425903,2025-04-15,283.3714166368757,722,0,10,0.332425995236475,0.003542035796840537,16.814006273447518,301.7367789404733,0.10935091741575388,"{""type"":""Point"",""coordinates"":[81.73681215764526,23.607176101787676]}"
834,337.0506913120924,2025-04-15,288.84611320495605,579,0,10,0.38629032258064516,0.013149112441737998,2.5164096202561295,301.9926906313215,0.8447738089158165,"{""type"":""Point"",""coordinates"":[82.04046311820886,19.150145746530242]}"
835,117.63024062256439,2025-04-15,291.3777352287656,333,0,40,0.35273264401772525,0.007233276941974509,4.987170143030204,301.4749497459048,1.3411998618629661,"{""type"":""Point"",""coordinates"":[83.49812705368768,19.570703878731585]}"
837,88.96084145662941,2025-04-15,292.70109367370605,284,0,10,0.5458561583318607,0.007817015030582297,24.05095093088916,301.84164896465484,0.8835814928526531,"{""type"":""Point"",""coordinates"":[83.81254427904746,19.401739748112156]}"
838,90.0,2025-04-15,290.6230268024263,194,0,40,0.40173053152039556,0.005015149691303122,3.4830943290701573,303.867074466887,0.880151973631173,"{""type"":""Point"",""coordinates"":[83.50289953769717,21.433051601435135]}"
839,309.0429219362838,2025-04-15,289.74486460004533,572,0,10,0.49163346613545816,0.018673643448551047,4.40858696681011,301.73065217336017,0.7439106119092636,"{""type"":""Point"",""coordinates"":[82.01157553203021,18.880645929647883]}"
840,221.78053270020416,2025-04-15,291.9013878050305,938,0,30,0.5896013864818024,0.017109170534808982,23.468638107185292,299.6111046473185,0.3696141730457328,"{""type"":""Point"",""coordinates"":[82.26375218930211,17.950536634740676]}"
841,260.4988460535348,2025-04-15,285.38027545384,790,0,40,0.28785317556145856,0.016250163295467246,5.600950171750822,298.9198960349673,0.5985804843304718,"{""type"":""Point"",""coordinates"":[84.12095375479292,23.00050361342537]}"
842,108.99827537707489,2025-04-15,282.07315817333404,420,0,40,0.2552204176334107,0.0012501179959372166,4.265731524859829,302.95424429575604,0.19508970083009206,"{""type"":""Point"",""coordinates"":[80.24112879102127,23.3475526071154]}"
843,315.3846148246208,2025-04-15,281.5572715940929,828,0,10,0.3925198337740839,0.005102261879642356,7.129220930816099,300.49106302715484,0.5207751241033889,"{""type"":""Point"",""coordinates"":[81.4992215485134,22.87136506900286]}"
844,215.46279749403854,2025-04-15,286.27801540919717,350,0,30,0.1993483412322275,0.004437625386913169,1.7075966205190924,303.9682475044614,0.8572314187051863,"{""type"":""Point"",""coordinates"":[81.73126890343318,20.622829964827584]}"
845,79.08041521568956,2025-04-15,293.95320955912274,481,0,10,0.4069251257768571,0.01686745879908358,21.03404841175713,300.4536746342977,0.47163370327456805,"{""type"":""Point"",""coordinates"":[84.39842110030855,19.40668469093429]}"
846,70.77458759018714,2025-04-15,288.74183028084894,570,0,10,0.3665218843969262,0.0037579685237005833,26.178866941762223,301.6693438121251,1.0746540532714501,"{""type"":""Point"",""coordinates"":[83.34455944710005,19.680890095699898]}"
847,60.78990217923537,2025-04-15,286.79747109186076,297,0,10,0.23234991927198004,0.012715533354480613,5.682921435057768,303.8913257689704,0.5185110389738365,"{""type"":""Point"",""coordinates"":[82.18578173642149,21.27422888258035]}"
848,-0.0,2025-04-15,286.7095048995246,292,0,40,0.17766246602421548,0.004329726078708518,0.4637353428839794,303.7712783359346,0.3501125104139567,"{""type"":""Point"",""coordinates"":[82.50872711898356,22.120349200826055]}"
849,107.28690490283243,2025-04-15,291.25503712608696,123,0,10,0.27017444334137003,0.004139035918910849,1.5602236447093232,303.9726769129435,1.1088686646598223,"{""type"":""Point"",""coordinates"":[84.30600599965331,20.990011198414756]}"
850,39.100895648100234,2025-04-15,284.7650003887358,472,0,10,0.447887323943662,0.006929665782649863,17.91721188101938,301.5371707280477,0.2981247249448429,"{""type"":""Point"",""coordinates"":[82.20931565445414,24.087934832663503]}"
851,270.0,2025-04-15,287.60605902898885,251,0,40,0.17504587155963303,0.004858419277866233,1.9798644400406593,304.4077878225417,0.9569189055245237,"{""type"":""Point"",""coordinates"":[80.30685841348837,20.519490943893544]}"
852,53.94291108431782,2025-04-15,285.0172034672329,733,0,10,0.5233730522456462,0.005241528132160056,11.654902647187871,301.7357151848929,0.11401007009198667,"{""type"":""Point"",""coordinates"":[82.961322856095,22.747609700717376]}"
853,75.24960024262113,2025-04-15,282.13504782177154,867,0,30,0.23861683848797252,0.005261078455646384,3.63791279813167,300.0777910777501,0.573451479405207,"{""type"":""Point"",""coordinates"":[81.70569596523379,22.853791036633503]}"
854,90.0,2025-04-15,290.7060346149263,239,0,10,0.3515200868621064,0.015458404996593345,2.990811972983987,303.0006891432262,1.154908633275104,"{""type"":""Point"",""coordinates"":[84.26164702943755,21.643916995305162]}"
855,14.95830609561995,2025-04-15,286.26189050220313,385,0,40,0.2093835242771413,0.006689369657237876,3.8343549447215244,304.08472583407445,1.1253044063404862,"{""type"":""Point"",""coordinates"":[80.977484806161,20.65284346062171]}"
856,-0.0,2025-04-15,287.8115266164144,584,0,10,0.34071109018130447,0.006183773257930625,2.7802885155287553,301.8205656778245,0.8141465024085505,"{""type"":""Point"",""coordinates"":[81.56261512503704,19.64159854686878]}"
857,-0.0,2025-04-15,288.8960457756406,223,0,30,0.1616450406861667,0.0041119307066992405,0.9274099368611016,304.41125810714,1.0507577509397898,"{""type"":""Point"",""coordinates"":[83.12389215407421,20.49889010237191]}"
858,22.889385291706027,2025-04-15,292.9722641536168,142,0,40,0.4732735076082716,0.019752904751499045,2.515298526308298,301.58311566852393,0.6636335889532529,"{""type"":""Point"",""coordinates"":[83.2308014400397,18.66239616269138]}"
859,103.00922443230465,2025-04-15,288.7119230542864,410,0,40,0.24630071599045347,0.021034672835071433,2.0592157597525933,301.6706400825864,0.6800468404463309,"{""type"":""Point"",""coordinates"":[84.2130165416108,22.45906659900423]}"
860,-0.0,2025-04-15,283.4692763373965,552,0,10,0.25623130608175476,0.006092041709621299,0.463735342881014,301.61530735379165,0.5174871862685004,"{""type"":""Point"",""coordinates"":[82.99870749493888,23.435910662186846]}"
861,156.31091551791857,2025-04-15,289.64232553754533,1014,0,30,0.5186311787072243,0.008115738609035361,17.650597117724235,299.2370695840745,0.2773616996290963,"{""type"":""Point"",""coordinates"":[82.50716471500704,18.252811939399834]}"
862,160.5010076488337,2025-04-15,293.36120342072985,250,0,10,0.5093544137022398,0.014791712143619407,2.949157005699426,300.8375392641341,0.5421348554793849,"{""type"":""Point"",""coordinates"":[84.26907161602028,19.719439585875076]}"
863,-0.0,2025-04-15,283.3000926971435,625,0,40,0.21343249943655623,0.01025773582716738,1.3909630807829783,302.91679777417863,0.5967993477454285,"{""type"":""Point"",""coordinates"":[80.90895981253637,21.919155151172767]}"
864,-0.0,2025-04-15,286.0282072339739,302,0,40,0.1684967815221507,0.006865709998805869,3.2427514650854445,304.1794988995507,0.6248597010885214,"{""type"":""Point"",""coordinates"":[82.06146848765044,20.98692521826777]}"
865,79.60535604375242,2025-04-15,285.3545418693906,785,0,30,0.3788791633511424,0.018404275157649863,2.568541594188495,299.81003856658936,0.7547764997701085,"{""type"":""Point"",""coordinates"":[84.224576142563,23.481422568311483]}"
866,93.85028475744036,2025-04-15,288.94986134483696,814,0,10,0.46140552995391704,0.016328886130054343,6.872998618687974,301.50744951339,0.7653984692955811,"{""type"":""Point"",""coordinates"":[81.27108500388434,19.57161490518099]}"
867,-0.0,2025-04-15,291.88518733070015,197,0,30,0.28549684714068274,0.006166949846942771,0.0,304.1048906871251,1.0434867767728255,"{""type"":""Point"",""coordinates"":[81.1441544510608,18.459078704888444]}"
869,-0.0,2025-04-15,285.61683028084894,320,0,30,0.3142593447161975,0.009175673105914939,0.4637353428839794,304.64898132142565,0.6136266104929867,"{""type"":""Point"",""coordinates"":[80.98228364290436,21.388618273026953]}"
870,112.12685702194118,2025-04-15,284.03622318449476,445,0,10,0.23538860743852713,0.011335059979160178,8.55433185227554,303.30197611309234,0.5490070466730262,"{""type"":""Point"",""coordinates"":[80.93720251723612,21.661262449086607]}"
871,357.9230552574797,2025-04-15,293.99569584074476,188,0,10,0.630057803468208,0.027639716842372763,13.217871101997284,300.9948995226905,0.5385029391341855,"{""type"":""Point"",""coordinates"":[82.9416598513324,18.039091014832685]}"
872,324.78585670015025,2025-04-15,288.765523547218,567,0,40,0.28226221079691516,0.005482360699375022,1.7023532438842408,301.47526945386613,0.7570966061751915,"{""type"":""Point"",""coordinates"":[82.65317283402594,19.166580948255323]}"
873,195.2817982396863,2025-04-15,283.97369412013467,412,0,10,0.3444414094509697,0.0026265680577353123,3.840191341070899,302.03118928273517,0.12504882543182572,"{""type"":""Point"",""coordinates"":[81.26292911225221,23.796205059812625]}"
874,208.0901236750341,2025-04-15,285.87756084260485,414,0,10,0.3121502076187037,0.004822388270099509,3.150807149694264,303.8708935238066,0.7125242286328114,"{""type"":""Point"",""coordinates"":[81.92812264389548,20.47866284543805]}"
875,180.0,2025-04-15,289.2436090196882,357,0,40,0.2989443378119002,0.024794220903118003,0.463735342881014,301.96139994121734,0.7065330754085175,"{""type"":""Point"",""coordinates"":[83.84734407197907,22.312778651428523]}"
876,270.0,2025-04-15,282.19347881135485,518,1,10,0.316657027183343,0.00208277998228823,3.504639671486314,303.41179289136613,0.4795351371227775,"{""type"":""Point"",""coordinates"":[80.44229878545788,22.315306930551202]}"
877,-0.0,2025-04-15,291.9416186923072,188,0,80,-0.08036454018227009,0.0033150315072134617,0.0,303.48084399813695,1.0360444612898416,"{""type"":""Point"",""coordinates"":[83.80825692160623,21.52451826476041]}"
878,187.55958659307143,2025-04-15,291.55398732139946,944,0,10,0.5668449197860963,0.014676555969913352,3.737182398222748,300.2942973091489,0.7361205199201161,"{""type"":""Point"",""coordinates"":[84.00436400577544,19.62645009240078]}"
879,211.0834571362497,2025-04-15,296.0224873679025,74,0,10,0.35519703782068235,0.00849747655649935,3.784952801942591,301.9860523314704,1.0132818513012753,"{""type"":""Point"",""coordinates"":[84.1015003697566,18.578582110831093]}"
880,334.1024874544349,2025-04-15,284.48770895458404,436,0,10,0.3627537511032657,0.005287602522571433,4.629535259736233,302.01370416368763,0.6254484013790873,"{""type"":""Point"",""coordinates"":[82.94371349259815,23.737685087294462]}"
881,28.63817289209294,2025-04-15,283.0980023883638,482,0,10,0.4861066751836474,0.002113655188281882,2.1125869135024957,301.9578366506667,0.1365218339941526,"{""type"":""Point"",""coordinates"":[81.04397959123277,23.70683322027603]}"
882,148.21546597640923,2025-04-15,281.99569584074476,558,0,30,0.18369453044375644,0.0011786073233679417,3.8132832327912207,303.0935904639108,0.5635965684801484,"{""type"":""Point"",""coordinates"":[80.42137298761264,22.75402248823834]}"
883,250.96041513749032,2025-04-15,291.0046941666376,158,0,10,0.3561847988077496,0.005237355807025779,5.667708828064186,305.07487882886613,1.0338008233630571,"{""type"":""Point"",""coordinates"":[80.20104398610145,18.373188679903862]}"
884,287.2048351515814,2025-04-15,284.49950327192033,284,0,40,0.16202090592334495,0.006488874533374656,1.5674359106084246,304.5066822142829,0.20654597242602762,"{""type"":""Point"",""coordinates"":[81.35404478170061,21.73062620873039]}"
885,104.34498020654034,2025-04-15,289.4042361123221,555,0,10,0.28294260307194824,0.0056879967238501195,21.406148675197624,303.74172569456556,1.039086885297944,"{""type"":""Point"",""coordinates"":[83.60394121810681,20.33302903636343]}"
886,227.594616035532,2025-04-15,282.99153963724774,374,0,40,0.295500143307538,0.0026327371384695653,0.6876373245441961,302.708882967631,0.5730197822839158,"{""type"":""Point"",""coordinates"":[80.6673706990219,24.035011340169866]}"
887,90.0,2025-04-15,283.2332562946138,617,0,10,0.32149651236525045,0.009333565809924949,2.9957853669907024,303.39899294716963,0.5544440378486095,"{""type"":""Point"",""coordinates"":[80.8185367349752,21.882323184589538]}"
888,49.95970859348653,2025-04-15,285.32936050778346,871,0,10,0.63305629606398,0.015263542511661399,7.8793651160851255,300.74646318526493,0.7071137982285175,"{""type"":""Point"",""coordinates"":[84.22212907567128,23.553698321206696]}"
889,312.90555053190866,2025-04-15,290.53265989394407,229,0,40,0.16272360069244085,0.00988079605360781,1.3621141718002285,303.27752136048815,1.1782732616974783,"{""type"":""Point"",""coordinates"":[84.14989166185636,21.65288434389782]}"
890,302.3840010388679,2025-04-15,292.8628019605364,124,0,10,0.3051742344244984,0.008618175962169516,1.7311878992062104,304.38170546577095,1.3803630932394253,"{""type"":""Point"",""coordinates"":[81.08000237706788,17.947175727139317]}"
891,103.7888759867718,2025-04-15,287.61840556916735,403,0,10,0.3395378690629012,0.006819367387493003,20.48296301903801,304.31912989843465,0.6700449602262329,"{""type"":""Point"",""coordinates"":[82.56925623662443,20.438404276988667]}"
892,227.1546233989037,2025-04-15,290.2764343080066,219,0,40,0.12200319659030368,0.01106424627562319,0.6819241827421237,303.33860301971436,1.054879956058344,"{""type"":""Point"",""coordinates"":[83.99300458760142,21.953929746930875]}"
893,180.0,2025-04-15,284.22558330354235,473,0,40,0.19823232323232323,0.003806725123126853,1.8543341688295631,301.30369091033936,0.26035857312204236,"{""type"":""Point"",""coordinates"":[82.11484376685543,23.880093569698747]}"
894,284.9933101892239,2025-04-15,288.8714457012358,269,0,10,0.2615803814713896,0.0038043409373358372,3.5804441299857888,304.7436032522292,1.0769431791738033,"{""type"":""Point"",""coordinates"":[83.07942668140385,20.383351645614372]}"
895,312.7930094266265,2025-04-15,290.0700540996733,351,0,10,0.2886652542372881,0.02037423846979891,2.0470166759129116,302.495486622765,0.8581762870579414,"{""type"":""Point"",""coordinates"":[83.9746331795557,22.213220289248323]}"
896,129.1317871709004,2025-04-15,286.1828180040632,404,0,10,0.4364806224749364,0.006537973859508384,20.401305004243756,303.65524178459526,0.2305201240054432,"{""type"":""Point"",""coordinates"":[82.37590858054138,22.207958169457633]}"
897,90.0,2025-04-15,282.92923727489654,685,0,10,0.5094102885821832,0.003422498681743491,2.022162274889897,301.36197076525,0.11926901968692583,"{""type"":""Point"",""coordinates"":[81.89044311901293,23.51697084267438]}"
898,235.4183635109868,2025-04-15,283.4156700315929,579,0,40,0.25870858113848766,0.005148023345668662,2.449679049021599,301.68650341033936,0.2614845319019877,"{""type"":""Point"",""coordinates"":[82.66224949513347,23.194403982014492]}"
899,226.66528557718235,2025-04-15,288.32459976559596,586,0,10,0.3103134938664244,0.00796000657339846,1.3512664205062708,301.90843886420845,0.8794513487891377,"{""type"":""Point"",""coordinates"":[81.98476663971373,19.352765565359437]}"
900,268.4226216073695,2025-04-15,290.1387971242269,592,0,10,0.485672082717873,0.007325902559955466,16.38516853710852,302.39284874144056,1.0519610930421204,"{""type"":""Point"",""coordinates"":[84.27096915686155,20.565668019271204]}"
901,99.17833751475442,2025-04-15,283.5561264583042,498,0,10,0.44225626063700463,0.004826635101039756,8.655598156497824,301.81841491517565,0.1416031112733153,"{""type"":""Point"",""coordinates"":[82.04722419430121,23.70834911272977]}"
902,72.78536129439222,2025-04-15,286.8541059039888,258,0,40,0.16746641074856047,0.011349499204357016,1.5665707039969043,303.7957156499227,0.3837452611211997,"{""type"":""Point"",""coordinates"":[82.27573657258256,21.643941665023718]}"
903,166.77489770856843,2025-04-15,289.6745055970691,554,0,30,0.31842065755892507,0.008848965146739829,4.279441184968917,301.9406596138364,0.787580503309242,"{""type"":""Point"",""coordinates"":[81.50259282040456,18.988099875133596]}"
904,207.82236554304876,2025-04-15,289.8589073362805,464,0,10,0.4498371335504886,0.011388763764102805,9.35450831693494,300.3604129155477,0.5573115197221548,"{""type"":""Point"",""coordinates"":[82.35795325653001,18.65934559441489]}"
905,252.5964291916775,2025-04-15,289.3478861309233,262,0,40,0.3408968125337655,0.0030757188584402684,1.5500899850993632,303.5995660963513,0.9030073398675675,"{""type"":""Point"",""coordinates"":[83.17039023878804,19.89013828049109]}"
906,12.324191622531446,2025-04-15,282.0579400743757,426,0,30,0.18733509234828497,0.0032736956860617283,2.3720654013489155,302.5241905848185,0.25471173943218794,"{""type"":""Point"",""coordinates"":[80.52355491332787,23.734270103840505]}"
907,-0.0,2025-04-15,283.7623962220691,556,0,40,0.1997037768452234,0.006213903405864585,0.463735342881014,301.79205354054767,0.2669259304541331,"{""type"":""Point"",""coordinates"":[83.09052630948388,23.04151121848203]}"
909,270.0,2025-04-15,285.5443612053281,445,0,10,0.36014769879994724,0.008440285899837363,0.9955450173140066,303.55862022581556,0.7031104198628784,"{""type"":""Point"",""coordinates"":[80.81932305437061,21.323251733007954]}"
910,257.1000452622518,2025-04-15,283.8143691108341,400,0,30,0.22892697816388824,0.0015791058327749852,4.147248724504584,302.01073378608334,0.21434343779313536,"{""type"":""Point"",""coordinates"":[81.22213320208864,23.634765776338046]}"
911,226.9134868694448,2025-04-15,286.07453582400365,352,0,10,0.3199479457148169,0.00373344121237551,6.086933134282007,304.4248253504435,0.9097554606436578,"{""type"":""Point"",""coordinates"":[80.35072880157078,20.716719868309962]}"
912,16.206730643104425,2025-04-15,283.3827575501942,937,0,10,0.38227513227513227,0.01013287899752413,7.205821006507651,299.41698378608334,0.6587626001948311,"{""type"":""Point"",""coordinates"":[83.780142503935,23.440718367425458]}"
914,332.13835040865484,2025-04-15,289.74486460004533,587,0,40,0.18467782851344494,0.018673643448551047,1.0489873505085583,301.73065217336017,0.7439106119092636,"{""type"":""Point"",""coordinates"":[81.9511782570277,18.938582341311744]}"
915,321.20050444219913,2025-04-15,286.02433004833404,284,0,40,0.2535404294198264,0.004337117054660666,2.378817491958932,304.6488825026013,0.42736035068106104,"{""type"":""Point"",""coordinates"":[82.63447441560838,21.119780043884656]}"
916,65.33302261401428,2025-04-15,283.6569449106852,573,0,30,0.24779814329921449,0.004656672456462729,3.329799461247026,301.31425871167863,0.31791298144969365,"{""type"":""Point"",""coordinates"":[82.51087676723891,23.292095833914814]}"
917,334.5052485529453,2025-04-15,292.9938589731852,154,0,10,0.5469585136166963,0.005594760158260215,10.167401930326355,302.0970723742531,0.7523540791892203,"{""type"":""Point"",""coordinates"":[83.85936428379267,19.32279468000769]}"
918,281.4138176854083,2025-04-15,292.8430149441674,500,0,30,0.5868544600938967,0.016517460324962485,6.995253735468404,300.049703280131,0.4906496871501111,"{""type"":""Point"",""coordinates"":[84.30785054160023,19.58646936095251]}"
919,69.81513178824864,2025-04-15,282.9887494586763,630,0,10,0.6066790352504638,0.0023757517125204686,2.6860179493898118,301.149312655131,0.46128669636863984,"{""type"":""Point"",""coordinates"":[83.4182788776646,23.20911460135317]}"
920,340.1960003978288,2025-04-15,282.2527875446138,635,0,10,0.3977018831790616,0.003071665742595542,2.9547586579826577,303.0097921008155,0.488976220182461,"{""type"":""Point"",""coordinates"":[80.61654762175641,22.231363858153625]}"
921,14.718159778109362,2025-04-15,291.3231407347179,762,0,40,0.47395640930919836,0.021765813210208762,1.9171979935044472,297.9403399058751,0.47521708712866945,"{""type"":""Point"",""coordinates"":[82.42623180314176,17.877914258058215]}"
922,50.343854449131534,2025-04-15,294.6388610658192,70,0,40,0.3651632383468579,0.007257729747493613,5.073390202381805,302.89001787276493,1.1271964341160763,"{""type"":""Point"",""coordinates"":[83.57373890646468,18.676255168667083]}"
923,180.0,2025-04-15,286.9335388001942,289,0,10,0.29047340736411453,0.003575474002559531,0.9274099368670311,304.0065543310983,0.6815402871147702,"{""type"":""Point"",""coordinates"":[82.93162805546686,20.8005056097701]}"
924,90.0,2025-04-15,285.05073211306615,349,0,40,0.23584108199492815,0.005208864786823142,0.5079856608261138,301.96856139955065,0.20992464708642006,"{""type"":""Point"",""coordinates"":[82.02579212562988,24.09244097583449]}"
925,117.73868258894232,2025-04-15,291.4250926971436,146,0,10,0.26672811059907836,0.010302633025844443,4.9693019909227445,304.9313473928542,1.0390506965398265,"{""type"":""Point"",""coordinates"":[80.2739569919274,18.813425674624572]}"
926,42.7882953300983,2025-04-15,290.69871039617635,325,0,30,0.30713082537900055,0.00966601071615969,5.042293537999433,303.1520330792382,0.683404217088573,"{""type"":""Point"",""coordinates"":[80.78954346165591,19.03864789509786]}"
927,330.4764975816944,2025-04-15,291.3993126097179,419,0,10,0.4545711859609397,0.007157132008273948,22.712982606541804,301.9638936633155,1.2665485154818443,"{""type"":""Point"",""coordinates"":[83.65400345580775,19.6506343247093]}"
928,87.64522469529523,2025-04-15,292.7840666089739,599,0,10,0.5275393419170243,0.011254653313358176,21.503821498595638,301.06838003794354,0.9773356544813545,"{""type"":""Point"",""coordinates"":[83.4164990708201,18.95023108399562]}"
929,270.0,2025-04-15,283.9414094289144,464,0,10,0.4605697151424288,0.0038166641976431492,3.543649631448427,302.38840770721436,0.7881911556450015,"{""type"":""Point"",""coordinates"":[83.19235989671238,23.808627564605615]}"
930,103.03649782492025,2025-04-15,286.9651085081554,298,0,40,0.24610951008645532,0.0076414048459128026,2.054985716742265,303.8947379248483,0.44096805013594725,"{""type"":""Point"",""coordinates"":[83.22470950467125,22.156889512128178]}"
931,99.49097346599095,2025-04-15,291.5655840010871,203,0,10,0.2729071838511775,0.008188635089595664,16.410517454905193,304.2441380364554,0.9674030339133137,"{""type"":""Point"",""coordinates"":[80.58480756436886,18.6739475919062]}"
932,172.41616276728416,2025-04-15,291.6067333221435,629,0,10,0.33409952878979426,0.016098007538516867,3.7373920673377325,299.94951261792863,1.0495395187065628,"{""type"":""Point"",""coordinates"":[84.36498996330116,20.1406617341229]}"
933,213.2485362311555,2025-04-15,283.73641849699476,414,0,30,0.23957032225830627,0.00444006917734896,2.770440653160306,302.2672965185983,0.07472097660363625,"{""type"":""Point"",""coordinates"":[81.67895750980318,23.765489591087597]}"
934,280.41186881133916,2025-04-15,283.65588115510485,530,0,40,0.35153751537515376,0.007148474433620322,2.564344708033642,301.5269749505179,0.3524882408466248,"{""type"":""Point"",""coordinates"":[82.79453526834061,23.25733326780346]}"
935,228.0482664143489,2025-04-15,287.96413775852744,653,0,10,0.41333333333333333,0.00472979245444094,14.265547730195149,302.259902545384,0.7967152639695737,"{""type"":""Point"",""coordinates"":[83.11593503699245,19.663535874399376]}"
936,28.711355828227383,2025-04-15,285.047767548334,247,0,40,0.3019707565162111,0.010330945232112754,2.1140618613328948,303.1582702909197,0.20286945345007645,"{""type"":""Point"",""coordinates"":[84.28453133055021,24.099367791862207]}"
937,250.41822596082238,2025-04-15,287.2024015699114,418,0,10,0.3111044953855314,0.010687202193935263,6.885104000218417,303.40659618377686,0.45016832866163126,"{""type"":""Point"",""coordinates"":[83.42064454712336,22.348784628110305]}"
938,180.0,2025-04-15,287.6657514118013,242,0,10,0.6134699853587116,0.0061580836560324315,4.166350197307866,304.13525713057743,0.5570978536195439,"{""type"":""Point"",""coordinates"":[83.09484509769115,21.174186602003573]}"
939,241.04450146315776,2025-04-15,282.0066414787655,762,0,40,0.22263222632226323,0.004998892524440635,2.8712765872181127,300.630757967631,0.548777908013311,"{""type"":""Point"",""coordinates"":[81.59040857005213,22.756946736030855]}"
940,270.0,2025-04-15,283.3000926971435,642,0,30,0.2453473132372215,0.01025773582716738,1.998341732404225,302.91679777417863,0.5967993477454285,"{""type"":""Point"",""coordinates"":[80.892904088613,21.892776437261883]}"
941,121.91898349907405,2025-04-15,286.94122341700967,305,0,30,0.1808795411089866,0.0061322450425223,1.7536730406285013,304.0763843627202,0.809265351245605,"{""type"":""Point"",""coordinates"":[81.60794783737292,20.875185950064505]}"
942,295.1073514242904,2025-04-15,286.82038543337865,403,0,10,0.2701105893046508,0.007110238053996909,1.092793252543408,303.6814287730626,1.1710859582284212,"{""type"":""Point"",""coordinates"":[81.1444307843681,20.41642285976916]}"
943,286.7242038701945,2025-04-15,289.4976605914888,712,0,10,0.5534676721473606,0.01077033577223574,20.084797899926805,300.06454935527984,0.4576143759934155,"{""type"":""Point"",""coordinates"":[82.41630421347001,18.62044228212846]}"
944,7.7412540205197,2025-04-15,284.4321727752685,481,0,40,0.21535362103700562,0.003718271830280173,3.7387698946901553,301.43596281324113,0.4087788248514279,"{""type"":""Point"",""coordinates"":[81.75899223247679,23.141790034859792]}"
945,-0.0,2025-04-15,283.5724490029471,1136,0,10,0.3359223300970874,0.007905855753620017,9.195145327303814,299.43486999330065,0.218754251401753,"{""type"":""Point"",""coordinates"":[83.2980115037225,22.914235740945006]}"
946,226.4537943453467,2025-04-15,292.93124271574476,96,0,30,0.3281914893617021,0.010303929426868308,1.3460115814366238,304.7539676030477,1.2851257179103273,"{""type"":""Point"",""coordinates"":[80.81035281928287,18.103120895943707]}"
947,69.70153241157419,2025-04-15,289.33392361232217,300,0,30,0.28054718293531183,0.02505224941035067,2.6716356623478514,301.9706598463513,0.6520949539703346,"{""type"":""Point"",""coordinates"":[83.9391243468935,22.37623000256273]}"
948,132.43060817927312,2025-04-15,285.5757623400008,360,0,30,0.2849477548715052,0.007333621361453879,2.7472490303650257,302.0078273500715,0.49013868137062055,"{""type"":""Point"",""coordinates"":[82.59931911606502,23.920744386898587]}"
949,295.0977215453249,2025-04-15,289.20739482697985,243,0,10,0.2946145723336853,0.003740087130267966,2.185575213562753,304.7284607206072,1.0910627934829473,"{""type"":""Point"",""coordinates"":[83.15889305211856,20.483410040016278]}"
950,208.04194838989758,2025-04-15,286.473542985462,572,0,10,0.22836491502246534,0.009395524838168967,8.347299831349488,303.15679382142565,0.8814550386092961,"{""type"":""Point"",""coordinates"":[81.70825501860686,20.164974895290523]}"
951,302.09005981254796,2025-04-15,288.53496179126563,242,0,40,0.3321319656224009,0.008607044794757712,1.7453199884992787,304.37864208221436,0.8434370854095059,"{""type"":""Point"",""coordinates"":[82.69679707232174,19.849818086298836]}"
952,331.93159365782986,2025-04-15,287.55156916663765,236,0,40,0.243264977885002,0.005895808317859519,2.1012903528807385,304.9284874598185,1.0563503626890012,"{""type"":""Point"",""coordinates"":[80.21450610598536,20.336965207188875]}"
953,227.5617892217271,2025-04-15,283.476472672962,398,0,10,0.41246549469707977,0.0020327418829992894,1.374215090659663,302.297023546128,0.3054126961064833,"{""type"":""Point"",""coordinates"":[81.0138805871075,23.886846318382602]}"
954,72.86474022046474,2025-04-15,284.68920053754533,337,0,30,0.305685618729097,0.0038539767052725438,1.573605128885944,303.50138087499715,0.4113050376956612,"{""type"":""Point"",""coordinates"":[81.58470117482543,22.340406132039703]}"
955,241.79809121747226,2025-04-15,287.35872713724774,534,0,10,0.5637376237623762,0.013307422378261435,3.919098364023789,302.2120509828841,0.9035206646663233,"{""type"":""Point"",""coordinates"":[81.27889969925452,20.212179534535693]}"
956,114.95463786436491,2025-04-15,284.86909148806615,290,0,40,0.15782294366389304,0.008569642880161155,2.1972858727923343,304.4416012991042,0.4963940622082036,"{""type"":""Point"",""coordinates"":[81.20544463702853,21.457321347339537]}"
957,60.94557467640654,2025-04-15,282.18591045197985,688,0,40,0.22534847702632937,0.00467437503596102,5.710510390469629,302.1692159289405,0.6128477727046661,"{""type"":""Point"",""coordinates"":[80.76655285290155,22.192210495303836]}"
958,195.2113943944109,2025-04-15,283.7191484542121,514,1,10,0.48468708388814913,0.0033336281563833836,5.747638492284105,301.5940089906966,0.324947700440705,"{""type"":""Point"",""coordinates"":[82.34046132696746,23.157415973051876]}"
959,130.1623656590428,2025-04-15,288.7479337964739,727,0,10,0.44373437065851623,0.00930336115618502,6.444001078720739,301.31618277231854,0.9524923920240589,"{""type"":""Point"",""coordinates"":[83.96364844458539,20.32976602220363]}"
960,90.0,2025-04-15,286.91385060264946,625,0,10,0.4993906897392152,0.0079470723654822,2.9563959094524312,302.11074424925306,0.7474425162533067,"{""type"":""Point"",""coordinates"":[81.59690771338192,19.89152601979893]}"
961,194.87602298079617,2025-04-15,288.6822134653727,241,0,10,0.7838745800671892,0.006975978591640342,1.918592823492704,304.528457232884,0.7757277660673071,"{""type"":""Point"",""coordinates"":[82.81496764825097,19.753903186834048]}"
962,152.1073531118966,2025-04-15,288.765523547218,571,0,40,0.17734172528693076,0.005482360699375022,1.0492875162565214,301.47526945386613,0.7570966061751915,"{""type"":""Point"",""coordinates"":[82.6659147813599,19.15646654708923]}"
963,133.52398856598654,2025-04-15,294.81989715212865,376,0,10,0.5079979794578212,0.015960976460178244,13.227943539319913,301.90728210267565,0.6851792165344889,"{""type"":""Point"",""coordinates"":[83.18609243974683,18.238783830651446]}"
964,324.51240830752624,2025-04-15,286.9335388001942,308,0,10,0.23385545479527342,0.003575474002559531,1.7081229923138472,304.0065543310983,0.6815402871147702,"{""type"":""Point"",""coordinates"":[82.91423804145701,20.76235449892804]}"
965,-0.0,2025-04-15,282.54263478233696,414,0,80,-0.27602905569007263,0.0015719383742407445,0.0,303.5153259549822,0.5641654702286707,"{""type"":""Point"",""coordinates"":[80.20602579398272,22.812617945528768]}"
966,256.670536695183,2025-04-15,295.2196134839739,62,0,40,0.747859535922571,0.00902695951720034,2.0106475631843805,303.2781840278989,1.170478017672849,"{""type"":""Point"",""coordinates"":[83.62794969969947,18.606097283090968]}"
967,249.18969411709395,2025-04-15,291.9804777417864,188,0,10,0.25134904856574836,0.004618719198901999,5.206873464217534,304.13049638839,1.1660441091618052,"{""type"":""Point"",""coordinates"":[81.25669483921267,18.16255279779401]}"
968,10.059671728240794,2025-04-15,286.8906049274263,608,0,40,0.30547112462006076,0.009772002675731528,2.8236293057438333,302.6043268385387,0.894810632194569,"{""type"":""Point"",""coordinates"":[82.17071350216561,20.03355718981484]}"
969,258.12886918801087,2025-04-15,287.5827842894055,520,0,10,0.2735754748417194,0.008495137074191916,27.089582572491118,303.77148759932743,1.1799917781502023,"{""type"":""Point"",""coordinates"":[80.89022553865755,20.306606838309126]}"
970,38.79865731495995,2025-04-15,286.823396501087,306,0,40,0.19189814814814815,0.008954614379604209,2.378789543396939,303.7865778151012,0.654651618307907,"{""type"":""Point"",""coordinates"":[81.86632794976106,21.115433434029608]}"
971,61.20715461037471,2025-04-15,282.3132821037656,409,0,40,0.18139739916244213,0.002981454112727988,2.8860711430597683,302.617086092631,0.2204426122643454,"{""type"":""Point"",""coordinates"":[80.61394472231868,23.653852988719517]}"
972,313.21405394291077,2025-04-15,288.4709562574114,276,0,10,0.3514299563742123,0.005937352755267966,1.354291129957938,304.3644644873483,0.7701870349006709,"{""type"":""Point"",""coordinates"":[82.7537011942592,20.028671424211428]}"
973,49.320456036359246,2025-04-15,289.4405084337507,424,0,10,0.4656398104265403,0.012768119552333701,14.615078805081769,303.45139017559234,0.7801449851952075,"{""type"":""Point"",""coordinates"":[80.46530982696473,19.716579445361422]}"
974,180.0,2025-04-15,286.5842084430513,262,0,40,0.23335923335923336,0.010052040198047507,0.9274099368670311,303.9837097440447,0.5556799645346935,"{""type"":""Point"",""coordinates"":[82.0343188463438,21.33120469738257]}"
975,210.63131859494032,2025-04-15,285.8019470033192,582,0,10,0.3832752613240418,0.0074992924716070775,5.907409841350688,300.70079144977393,0.3777284805307109,"{""type"":""Point"",""coordinates"":[83.83015349131594,22.902831644954816]}"
976,107.27939377095207,2025-04-15,285.78205535525365,314,0,40,0.5662214802448525,0.004972234347064841,3.1194482602301568,304.5435241971698,0.46886227822539694,"{""type"":""Point"",""coordinates"":[82.51835392272946,21.05903265858983]}"
977,187.76565622858425,2025-04-15,283.17639478047687,634,0,30,0.27704545454545454,0.003857582786281455,3.7389860914398514,301.45919686272026,0.12636180635428534,"{""type"":""Point"",""coordinates"":[81.97167097626811,23.565367570531304]}"
978,313.4099635322017,2025-04-15,290.43697420756024,294,0,40,0.25306881587104774,0.00616547463198458,0.674788537048722,303.02920128050306,0.7326017908172758,"{""type"":""Point"",""coordinates"":[80.855070824383,18.917701473339807]}"
979,259.56908929497024,2025-04-15,283.71489924476265,844,0,10,0.6414009409304757,0.004696086027820456,17.376841636527807,299.8811067399525,0.3575892386098125,"{""type"":""Point"",""coordinates"":[83.5794969769884,23.006193938404238]}"
980,314.84239047658946,2025-04-15,286.4764203571138,341,0,10,0.40098383696416023,0.0032819062258795384,20.745549892599502,304.066299029759,0.5509358781278281,"{""type"":""Point"",""coordinates"":[82.82296061156661,20.894214997571254]}"
981,270.0,2025-04-15,291.30376643226253,226,0,40,0.36505460218408736,0.011375680544574607,0.489021213824408,303.8423406964257,0.8046632464687061,"{""type"":""Point"",""coordinates"":[81.73911738521629,18.505426655971558]}"
982,110.79224838719834,2025-04-15,291.7563217708043,186,0,10,0.4825014343086632,0.008271068313320029,2.6109852863252243,303.6702331815447,0.5397187403524842,"{""type"":""Point"",""coordinates"":[81.93224861885058,18.3281314973526]}"
983,18.098227368097973,2025-04-15,289.4405084337507,290,0,10,0.29914023124814704,0.012768119552333701,6.316765445954706,303.45139017559234,0.7801449851952075,"{""type"":""Point"",""coordinates"":[80.49154322801974,19.697485386329852]}"
984,348.1078766735425,2025-04-15,291.4003705524263,186,0,10,0.3697670345069189,0.007519677260120261,2.3682353825610765,304.4826227369762,1.09591379031234,"{""type"":""Point"",""coordinates"":[80.29145921881697,18.247365301899197]}"
985,312.76975935941744,2025-04-15,286.30391175406317,275,0,40,0.22810931399888454,0.006752476074893821,2.047913723796521,303.93356790996734,0.27908174705967204,"{""type"":""Point"",""coordinates"":[83.10691613083165,22.327221500034344]}"
986,259.2364873432698,2025-04-15,291.42591812497096,369,0,10,0.32138338253901305,0.00850789246817385,2.481612952779969,304.052871295384,1.1498242935228022,"{""type"":""Point"",""coordinates"":[80.29474684895597,18.102806160435488]}"
987,312.8089253373528,2025-04-15,286.76908102489654,272,0,40,0.16244372990353698,0.003445208051402915,1.3645911726779736,303.9204366320655,0.35191130813462096,"{""type"":""Point"",""coordinates"":[82.59853133968095,22.13516370587789]}"
988,40.257186618884944,2025-04-15,290.6186613355364,390,0,10,0.3888888888888889,0.0036850720431402806,19.28972642910756,303.1737906592233,0.987025546344473,"{""type"":""Point"",""coordinates"":[83.64638025800751,21.495990140645077]}"
989,15.23725083084346,2025-04-15,283.4692763373965,541,0,40,0.19739696312364424,0.006092041709621299,1.9218470852758736,301.61530735379165,0.5174871862685004,"{""type"":""Point"",""coordinates"":[83.04564522373431,23.39442662320459]}"
990,90.0,2025-04-15,284.0543709709531,334,0,40,0.3416193181818182,0.005704507210452903,1.0007782899357853,303.9082412265596,0.5123188088128515,"{""type"":""Point"",""coordinates"":[81.33562328546597,22.077854455115887]}"
991,302.01839682134346,2025-04-15,286.3882274627685,537,0,10,0.5436708860759494,0.006107866742809165,3.4943624943723623,302.0225048519316,0.5862410146258739,"{""type"":""Point"",""coordinates"":[82.36348077377586,20.286611375261945]}"
992,220.97764491272207,2025-04-15,284.29662822541735,649,0,30,0.2639671963095848,0.007144346811969626,3.0683657458687725,300.65758437202084,0.25711116171755916,"{""type"":""Point"",""coordinates"":[83.48492751394927,22.92493419832717]}"
993,171.74772010027522,2025-04-15,291.082673844837,913,0,30,0.5271649654264077,0.018402725436885703,13.342780015983207,298.59697355542863,0.4046325480092297,"{""type"":""Point"",""coordinates"":[82.66670332757926,18.00567147132431]}"
994,90.0,2025-04-15,283.89099438985187,602,0,40,0.3990587069606143,0.00670754907389437,0.5027566363519277,301.5213074002947,0.4579574393832909,"{""type"":""Point"",""coordinates"":[82.05071770896014,22.723248795957883]}"
995,50.9236180169543,2025-04-15,290.9274469103132,484,0,30,0.37708504238446816,0.015452489235599387,4.405428037330623,302.4287781034197,0.8314080387807593,"{""type"":""Point"",""coordinates"":[81.49269547456068,18.679293087362055]}"
996,125.24259613401473,2025-04-15,289.6480221521287,262,0,10,0.24652547981469225,0.01241433618326937,7.194908716873709,303.423970858256,0.7636608283848633,"{""type"":""Point"",""coordinates"":[80.49660160352123,19.602117875520335]}"
997,294.75411753194896,2025-04-15,283.95266314915244,581,0,40,0.2971033068443989,0.006999582030971396,1.107380080537891,301.23777294158936,0.5094781765531573,"{""type"":""Point"",""coordinates"":[82.09645895643465,22.751838312673755]}"
998,349.93896859504787,2025-04-15,290.0944332849412,743,0,30,0.30417495029821073,0.01338741181155001,2.8236411744753322,299.1545384270804,1.0368226994494323,"{""type"":""Point"",""coordinates"":[84.3477223063166,20.054966598846526]}"
999,60.81459144214039,2025-04-15,285.14291263761976,319,0,40,0.2613863469022825,0.0023246854331091527,2.850660020786994,304.25317705245243,0.479467166859663,"{""type"":""Point"",""coordinates"":[80.24357461598665,21.42275986960603]}"
1000,10.17699946852662,2025-04-15,287.0694611867269,258,0,40,0.2097683155917345,0.005329191663463462,2.8246596819881122,303.581674076262,0.44987878945305776,"{""type"":""Point"",""coordinates"":[82.06893639885347,21.808333089791788]}"
1001,46.45089371914164,2025-04-15,297.11808586120605,45,0,10,0.30230675839740995,0.0032577216412619237,0.6730628152516916,302.28608372097926,2.3111062728310037,"{""type"":""Point"",""coordinates"":[83.58646274353536,18.08501790569157]}"
1002,300.54168168357035,2025-04-15,283.20058795384,491,0,10,0.36588921282798836,0.001790195682247031,8.157719972451838,302.48863905952095,0.4048433184352434,"{""type"":""Point"",""coordinates"":[81.17714899339786,23.39121116774636]}"
1003,51.7356188058715,2025-04-15,292.8430149441674,596,0,10,0.24425784144233145,0.016517460324962485,25.197244836336832,300.049703280131,0.4906496871501111,"{""type"":""Point"",""coordinates"":[84.32492327091886,19.591165622486283]}"
1004,133.0790631763486,2025-04-15,290.11478414989654,140,0,40,0.32925812725757153,0.006381541469295371,0.6789444630835327,304.93920058295834,0.6662574929296236,"{""type"":""Point"",""coordinates"":[83.88535409349768,20.755712893718325]}"
1005,119.50389582937157,2025-04-15,288.5406409672329,589,0,40,0.17526188557614827,0.011128425576885093,2.822658747984125,301.73481418972926,1.0254544086515545,"{""type"":""Point"",""coordinates"":[82.35641606213109,19.420666690120967]}"
1006,207.96028248801588,2025-04-15,292.08923076447985,434,0,10,0.5215811655282663,0.010787621119220603,19.19881423773585,301.5192089534941,1.0109313894222811,"{""type"":""Point"",""coordinates"":[83.83756045115241,19.62052779221969]}"
1007,192.66740934409444,2025-04-15,289.5433904557001,461,0,10,0.394263862332696,0.011154621818263877,8.9572894135698,301.69250810714,0.9740212447096365,"{""type"":""Point"",""coordinates"":[84.22079693664509,20.502161832709877]}"
1008,222.70638822482,2025-04-15,294.6596885862805,86,0,40,0.6705359347987158,0.009542942025859702,5.0356696174436895,302.97610650743763,1.1105067524760797,"{""type"":""Point"",""coordinates"":[83.45483056918386,18.5554672569954]}"
1009,114.7977923768681,2025-04-15,282.42343021574476,450,0,10,0.3644812861090178,0.001648083307941306,2.210283737184368,303.43149271465484,0.5090050060098328,"{""type"":""Point"",""coordinates"":[80.37210704547307,22.47640974970822]}"
1010,225.40221632466432,2025-04-15,292.4177742912656,677,0,10,0.3191414496833216,0.008683696367938865,15.464880498765273,301.16362394605363,1.0651089488667904,"{""type"":""Point"",""coordinates"":[83.37093258078487,19.095778414471937]}"
1011,180.0,2025-04-15,282.8844025929769,488,0,10,0.10658520027155464,0.002775847890575278,3.704791833694711,302.4055963697887,0.3933898096032134,"{""type"":""Point"",""coordinates"":[80.97514805066525,23.536257727641118]}"
1012,119.68458981783607,2025-04-15,292.32764571053644,620,0,10,0.5270228053733208,0.016689926364620078,20.601674008128015,300.0382635479882,0.5284238803821629,"{""type"":""Point"",""coordinates"":[84.23225431110572,19.644889053636234]}"
1013,208.15588253852167,2025-04-15,285.8994404929025,342,0,40,0.2231025854879066,0.004951670744617331,1.0518559545996462,304.11717909858345,1.0338442195319322,"{""type"":""Point"",""coordinates"":[80.61490743404775,20.897024516891666]}"
1014,58.2868674632088,2025-04-15,285.25264803568524,258,0,40,0.21892021022455804,0.0037823021199301365,1.7638515271558155,304.3582737786429,0.243986998354385,"{""type"":""Point"",""coordinates"":[81.90337016814112,22.043979270324364]}"
1015,19.77930335186221,2025-04-15,286.60627410525365,254,0,40,0.5081513380498308,0.0053111165549353245,1.4781330633394532,303.9203203746251,0.39889044711506494,"{""type"":""Point"",""coordinates"":[82.34171600934893,22.040733194739442]}"
1016,147.1137107747245,2025-04-15,287.794576281593,245,0,40,0.6133950449224067,0.004903361180026877,2.7590774180985718,303.9897667566935,0.6784284425572344,"{""type"":""Point"",""coordinates"":[83.08185674334376,21.883701399651546]}"
1017,230.247763443138,2025-04-15,292.00998969305124,517,0,10,0.4049799196787149,0.012529462554653037,10.048546941350944,301.0204296566191,0.26356171792342936,"{""type"":""Point"",""coordinates"":[82.0554650863062,18.08841704617846]}"
1018,303.2699365322239,2025-04-15,288.74451001485187,648,0,30,0.38618103910016066,0.011784106471736777,11.670760757434033,301.5889634177798,0.8822742746755255,"{""type"":""Point"",""coordinates"":[83.98584034663591,20.393008117999997]}"
1019,352.45317193963064,2025-04-15,287.5264168693905,1058,0,60,0.24618117229129663,0.007165789582927573,3.7370723663525354,300.2355814888363,0.7707259235305728,"{""type"":""Point"",""coordinates"":[82.96640325969776,19.349952490040533]}"
1020,226.75085976071134,2025-04-15,287.2061450594948,648,0,40,0.6672,0.007235258796413291,2.705310500755632,302.03043360937215,0.979902721416465,"{""type"":""Point"",""coordinates"":[82.01131737850409,19.83465150871924]}"
1021,262.3620300215177,2025-04-15,286.1236022767566,586,0,10,0.48430066603235017,0.009006455519397605,3.4847807416978682,302.9054742994763,0.8462187566251216,"{""type"":""Point"",""coordinates"":[81.84827240533781,20.162254494051144]}"
1022,264.03055967869363,2025-04-15,287.09319514320015,599,0,40,0.48617395676219205,0.006991505601604331,4.4502060310353775,301.8878903616042,0.7522319805095828,"{""type"":""Point"",""coordinates"":[81.6246319796786,19.76512965266022]}"
1023,211.2695680739809,2025-04-15,288.8302149999709,280,0,10,0.2469521725539231,0.011043652870853293,3.792377325594149,303.77841654277984,0.8568309051204923,"{""type"":""Point"",""coordinates"":[80.36755360969697,19.78634360193154]}"
1024,318.02551665740475,2025-04-15,282.9945623307001,818,0,40,0.19620034542314335,0.005827248075206626,3.7373763179751256,302.7961981183007,0.6019144954209265,"{""type"":""Point"",""coordinates"":[80.78996625865182,22.128323401274464]}"
1025,47.13702040198618,2025-04-15,285.94990203494115,255,0,40,0.2166984625743463,0.004648178794582236,0.6816984223611939,304.220107623509,0.26244925929561763,"{""type"":""Point"",""coordinates"":[81.92312052543754,21.866100586892767]}"
1026,-0.0,2025-04-15,290.7060346149263,247,0,10,0.3912904769500718,0.015458404996593345,0.463735342881014,303.0006891432262,1.154908633275104,"{""type"":""Point"",""coordinates"":[84.30954928910461,21.59488707706713]}"
1027,270.0,2025-04-15,285.9147167205811,297,0,40,0.19397785243249968,0.004058390834529746,0.5007548645060935,303.7677324840001,0.3043239672912705,"{""type"":""Point"",""coordinates"":[82.76733258867796,22.170074185960456]}"
1028,101.0672242026809,2025-04-15,283.7024422600156,383,0,10,0.3986062717770035,0.003561198690135825,14.197142918613203,302.445931888762,0.2876809421352245,"{""type"":""Point"",""coordinates"":[81.25367783232574,24.106016013059342]}"
1029,90.0,2025-04-15,288.1451215289888,584,0,40,0.2670045345425447,0.006100580074985373,1.966635278292571,301.7543628783454,0.8859534314146081,"{""type"":""Point"",""coordinates"":[81.94554803472195,19.463068495661066]}"
1030,90.0,2025-04-15,283.30551029386976,460,0,40,0.18903855085926613,0.00305914876719271,1.5183931593183373,301.76433776673815,0.11900254072352455,"{""type"":""Point"",""coordinates"":[81.62813636738873,23.645660533185804]}"
1031,196.95137090067138,2025-04-15,289.2601989564441,732,0,10,0.4636607283619738,0.010819777825076926,6.755844300525762,301.29283827827084,1.1003661367698696,"{""type"":""Point"",""coordinates"":[84.1985338185108,20.38545443550093]}"
1032,146.87382634248584,2025-04-15,283.7554440271287,550,0,30,0.23871962977246433,0.003357455113132346,2.7665794917685496,301.26328563690186,0.2931220848401148,"{""type"":""Point"",""coordinates"":[82.06294747861857,23.14986458727756]}"
1033,-0.0,2025-04-15,291.66324025108696,188,0,30,0.486715155113552,0.0050178766038015965,0.0,303.6273167473929,1.1120490570697907,"{""type"":""Point"",""coordinates"":[83.92830857795371,21.59769710825718]}"
1034,61.776699330744876,2025-04-15,286.599042892456,593,0,30,0.3030927835051546,0.010596960761745322,3.91638032878303,302.64274992261613,0.8405100247828584,"{""type"":""Point"",""coordinates"":[81.98154135725667,20.07218323225472]}"
1035,227.40197467193178,2025-04-15,283.69444956098283,515,0,40,0.2507510977582621,0.004750013330180991,2.7385202994513893,301.93787524813695,0.27659090830802613,"{""type"":""Point"",""coordinates"":[82.73936438494269,23.14892293594474]}"
1036,90.0,2025-04-15,295.7215724218459,51,0,40,0.2787940379403794,0.008134096839626181,0.48772791517907066,302.61479582105363,0.9914306818964547,"{""type"":""Point"",""coordinates"":[83.15531634573523,18.04647313086816]}"
1037,256.76870661956116,2025-04-15,288.30797495160783,292,0,10,0.2408127972330307,0.00854739544649874,2.025284367855215,304.19863487425306,0.8952865180342356,"{""type"":""Point"",""coordinates"":[80.31625850088315,19.864602789491077]}"
1038,27.86180711877323,2025-04-15,288.922040939331,631,0,30,0.30002822466836016,0.015396878102023948,4.188944805938516,301.5769133340745,0.8557533153711929,"{""type"":""Point"",""coordinates"":[81.82156267188786,18.939245731842874]}"
1039,253.0049906417815,2025-04-15,283.3566170647031,443,0,10,0.5011467889908257,0.0021909028079107884,4.748902452071858,302.1262181145804,0.3670514152060612,"{""type"":""Point"",""coordinates"":[81.11352037356878,23.521841537741516]}"
1040,180.0,2025-04-15,284.8339177994501,608,0,30,0.24828653548529736,0.007566541412074912,1.8543341688295631,301.2808230717977,0.487133849050262,"{""type"":""Point"",""coordinates"":[82.15589600050615,22.758911951486912]}"
1041,207.79611089933502,2025-04-15,297.0133727845692,12,0,40,0.6142455961194792,0.006826356032092917,1.0483542738323617,302.1683091209048,1.6966212838328454,"{""type"":""Point"",""coordinates"":[84.23679875063628,18.46956071907629]}"
1042,270.0,2025-04-15,289.30327815101265,235,0,40,0.2478819349549057,0.006277680375774253,0.49952669154287443,303.9124323072888,0.9717807534079251,"{""type"":""Point"",""coordinates"":[83.3630392632197,21.821543357217575]}"
1043,146.01132435324686,2025-04-15,282.8221874237061,598,0,30,0.19148029818956336,0.0074133127715185765,4.4653656772968375,303.13768691108334,0.580596260778849,"{""type"":""Point"",""coordinates"":[80.82868112541837,22.028750609827103]}"
1044,28.1454885822068,2025-04-15,285.8197634560721,401,0,40,0.2051884383617608,0.004153341033656943,3.152431182953224,304.08269714173815,0.9592903242551912,"{""type"":""Point"",""coordinates"":[80.47118359337146,20.83189670143392]}"
1045,19.970233826788057,2025-04-15,284.1752380189442,742,0,40,0.20338812140768378,0.007160961606700766,2.957855891237188,300.12366045089,0.3637304737575837,"{""type"":""Point"",""coordinates"":[82.53416591480418,23.464575633050824]}"
1046,199.53574737392046,2025-04-15,288.4709562574114,269,0,40,0.19553072625698323,0.005937352755267966,1.4758912523172565,304.3644644873483,0.7701870349006709,"{""type"":""Point"",""coordinates"":[82.7683366552557,20.04147953167756]}"
1047,126.2162474841037,2025-04-15,283.44912311008994,458,0,30,0.27373527373527373,0.004521459319789756,3.1364598405731834,302.0627648035685,0.08612901490262888,"{""type"":""Point"",""coordinates"":[81.74451235625324,23.736723277581603]}"
1048,65.00378774792364,2025-04-15,286.00395593189063,287,0,10,0.2881406884112431,0.004619151332576621,1.097336666021,304.63573378608334,0.4020008986229213,"{""type"":""Point"",""coordinates"":[82.64805699599047,21.178957313455037]}"
1049,-0.0,2025-04-15,285.3271341777983,350,0,40,0.2850521436848204,0.00806972382326876,1.8543341688414132,303.66705354054767,0.04077236683831399,"{""type"":""Point"",""coordinates"":[82.39057642396435,22.413567985792227]}"
1050,216.2551263663351,2025-04-15,288.5241091591971,358,0,10,0.32166790766939685,0.010576441862781394,16.229102379909275,303.9075262433007,0.9005163576868931,"{""type"":""Point"",""coordinates"":[80.42339222526182,19.882281646931627]}"
1051,90.0,2025-04-15,288.18627666291735,573,0,40,0.20944686140459912,0.006039351203639853,1.9671949645457418,301.96947402045845,0.8414870890654506,"{""type"":""Point"",""coordinates"":[81.64757024291842,19.508926366838875]}"
1052,209.8729476694,2025-04-15,291.3710562388102,445,0,10,0.4831869130566495,0.005480468251903403,5.8622986484601585,303.3858326049079,1.1425118051692251,"{""type"":""Point"",""coordinates"":[81.26601694253354,18.26585679868135]}"
1053,294.69165943813255,2025-04-15,283.784089860462,476,0,40,0.1757082021847806,0.003547221400935996,1.1100043145624097,302.01797081175306,0.29311382363390054,"{""type"":""Point"",""coordinates"":[82.59195106250739,23.140499658790866]}"
1054,132.77101023326148,2025-04-15,287.2024015699114,378,0,60,0.1758769822200865,0.010687202193935263,0.6828803041656469,303.40659618377686,0.45016832866163126,"{""type"":""Point"",""coordinates"":[83.40491527932156,22.3209578717298]}"
1055,90.0,2025-04-15,286.79958116440554,247,0,60,0.11663405088062623,0.012802958467204917,0.9960963327624412,303.84593886420834,0.452366488088835,"{""type"":""Point"",""coordinates"":[82.2059794533668,21.403756642793557]}"
1056,261.3315022906008,2025-04-15,282.4314984821138,410,0,30,0.1851602023608769,0.0034269690301016453,3.0739697259731567,302.78304940178276,0.3594774286497717,"{""type"":""Point"",""coordinates"":[80.54103402547823,23.829106299453848]}"
1057,82.81505059557969,2025-04-15,292.7840666089739,187,0,10,0.38095238095238093,0.011254653313358176,7.374623509269335,301.06838003794354,0.9773356544813545,"{""type"":""Point"",""coordinates"":[83.39399881115955,19.008899039942666]}"
1058,327.3976269412978,2025-04-15,288.78847857884,207,0,40,0.1947756956274844,0.004215687492092002,2.750312686376777,304.87325936272026,0.9549218765120787,"{""type"":""Point"",""coordinates"":[82.98956596693908,20.26380326600651]}"
1059,284.30885298875427,2025-04-15,284.3284711383638,976,0,40,0.3149492017416546,0.021955236771304953,9.299383414118067,298.82811659858345,0.7110262508831987,"{""type"":""Point"",""coordinates"":[84.27831286879936,23.33256401584653]}"
1060,270.0,2025-04-15,289.0340782347179,199,0,10,0.2921832884097035,0.006834715583522666,1.4834047747306986,302.6217422031221,0.8820650221554369,"{""type"":""Point"",""coordinates"":[83.65345868503083,20.338470273514677]}"
1061,31.170326196351066,2025-04-15,290.73931330726265,301,0,10,0.40464820120980577,0.010954260804851401,8.606541605914334,303.2213690167382,1.1008492811223354,"{""type"":""Point"",""coordinates"":[84.24848007625994,21.583737157083632]}"
1062,286.9440145993562,2025-04-15,283.66816375369115,421,0,40,0.22611069744353438,0.0030258148696020726,1.590827814558675,302.1254391897292,0.17783202059668782,"{""type"":""Point"",""coordinates"":[81.31534529136387,23.93741765933023]}"
1063,8.249304576310813,2025-04-15,283.361482438587,866,0,10,0.32556291390728476,0.005331337430675376,6.993963065904008,301.6818705513364,0.3482324993451209,"{""type"":""Point"",""coordinates"":[83.08380044133835,23.123325452789523]}"
1064,-0.0,2025-04-15,288.82214673360187,265,0,80,-0.1641025641025641,0.006680384257037986,0.0,302.5050022942679,0.5509663791385062,"{""type"":""Point"",""coordinates"":[82.86560152324827,24.089587263039203]}"
1065,82.54832176943526,2025-04-15,283.61100578308105,486,0,30,0.1928270042194093,0.005077019312579978,3.5711684091680547,302.1389831815447,0.8384579972132465,"{""type"":""Point"",""coordinates"":[83.33767765035128,23.714366771300007]}"
1066,132.8034012572813,2025-04-15,289.1295837220692,406,0,10,0.25766541151156536,0.014042422154147971,3.4084518813207825,302.4813613437471,0.7283678949534588,"{""type"":""Point"",""coordinates"":[83.64819797755221,22.162057853568637]}"
1067,339.958683552272,2025-04-15,284.29097811381024,429,0,10,0.2624877571008815,0.0056249052073553685,2.9591898598052055,302.30156921205065,0.6219017879071206,"{""type"":""Point"",""coordinates"":[83.56941039440554,23.967854737433218]}"
1068,332.2382977503713,2025-04-15,292.23804028828937,69,0,60,0.0990886735136699,0.009437218287189353,1.0480227548848804,304.9583074933007,1.1750367503954517,"{""type"":""Point"",""coordinates"":[80.63384489705128,18.218259502727044]}"
1069,255.08025115748052,2025-04-15,290.82496597653346,185,0,10,0.5125,0.003706142285068381,7.167149679160506,303.9875811168126,0.8422670124334456,"{""type"":""Point"",""coordinates"":[83.9180752789703,21.161338310060156]}"
1070,312.57179393033067,2025-04-15,283.3976036253429,530,0,30,0.29053606882859034,0.006088301518161643,0.6854605766600503,301.6747672217233,0.3988231447135659,"{""type"":""Point"",""coordinates"":[82.85240895332254,23.272113990787396]}"
1071,47.546742617279065,2025-04-15,283.86156963166735,385,0,40,0.36656118143459915,0.002409055807788718,1.3738207104239624,302.0981012526012,0.129800727976588,"{""type"":""Point"",""coordinates"":[81.16040651796786,23.818174993892033]}"
1072,190.17912761865503,2025-04-15,288.5969851357596,222,0,40,0.23683360258481423,0.0046851187731817845,2.824678487640173,304.0348746435983,0.8822106591112758,"{""type"":""Point"",""coordinates"":[83.30170395258963,21.838935346073157]}"
1073,171.91891267945462,2025-04-15,285.7108651115781,676,0,10,0.5686600221483943,0.005013033726413596,26.504461173063333,302.94907083965484,0.14203209595345656,"{""type"":""Point"",""coordinates"":[83.003290995526,22.53016128541395]}"
1074,112.11076803055022,2025-04-15,289.54629107884,940,0,40,0.3586662661459898,0.011742413022716391,3.6910660021668047,298.76684311458035,0.47199358829302346,"{""type"":""Point"",""coordinates"":[82.7939102443688,18.562327484110423]}"
1075,113.3819218208959,2025-04-15,292.6218235379174,350,0,10,0.6641414141414141,0.016559913733203757,22.190449287523734,300.10855279650013,0.45185319240974586,"{""type"":""Point"",""coordinates"":[82.81602568749526,17.97324160457698]}"
1076,259.4263110077847,2025-04-15,286.3666326432001,312,0,30,0.16178539455173296,0.005255803444583762,2.5255868661708845,304.256722904387,0.9758825312642468,"{""type"":""Point"",""coordinates"":[80.90926960038422,21.037330864614]}"
1077,163.0333055148061,2025-04-15,289.20739482697985,259,0,40,0.32235294117647056,0.003740087130267966,3.3899798474888807,304.7284607206072,1.0910627934829473,"{""type"":""Point"",""coordinates"":[83.17119532962684,20.532022549003283]}"
1078,46.70892520099518,2025-04-15,287.6189636048816,659,0,40,0.3233014135886913,0.012283757307727683,0.6762732507467243,301.54529131026493,1.027272707383648,"{""type"":""Point"",""coordinates"":[82.444404993422,19.60001739779931]}"
1079,241.96433628485445,2025-04-15,290.75135176522383,171,0,10,0.44274151885655244,0.005532056071956504,3.940369137115408,303.6885611670358,0.89158199247334,"{""type"":""Point"",""coordinates"":[84.01926002296186,21.268951961255635]}"
1080,103.2901279782838,2025-04-15,290.15467789059596,434,0,10,0.390016456390565,0.007207483031947959,4.02798924217928,302.9803964069911,0.7486991685467015,"{""type"":""Point"",""coordinates"":[81.45011335543926,19.11974883994917]}"
1081,90.0,2025-04-15,288.3068705059233,616,0,10,0.550655874965113,0.01246038077135836,1.4771983410573692,301.60862255096436,0.7514716095405592,"{""type"":""Point"",""coordinates"":[81.38841851978263,19.677842427405352]}"
1082,90.0,2025-04-15,291.237214860462,188,0,30,0.1035548686244204,0.0058195590760306,1.4972155213088467,303.4199948537917,1.14943844974368,"{""type"":""Point"",""coordinates"":[83.70886504829008,21.720021162505457]}"
1083,90.0,2025-04-15,287.37871760413765,247,0,10,0.43232972814966386,0.003378689267833579,1.4995776647746124,303.7495207559495,0.441590077714519,"{""type"":""Point"",""coordinates"":[82.65731475311516,21.945357517819296]}"
1084,260.7566513982067,2025-04-15,289.1662396930513,577,0,10,0.4243452958292919,0.0028484165455893162,24.39434423238358,303.200082279387,0.9906842980542417,"{""type"":""Point"",""coordinates"":[83.25987526400453,19.900702802363224]}"
1085,19.306926296044022,2025-04-15,291.96717789059596,223,0,40,0.29794382475473724,0.008565783479411948,1.4738154713891758,304.0014564423335,1.2291799543266027,"{""type"":""Point"",""coordinates"":[80.370222406942,17.920600667234222]}"
1086,164.8716312676491,2025-04-15,284.9882204873221,358,0,30,0.19301611665387566,0.00381755826731478,3.8374057736766463,303.25257251376195,0.46172809270652676,"{""type"":""Point"",""coordinates"":[81.57291309924159,22.374149188361546]}"
1087,270.0,2025-04-15,290.3102768489293,114,0,40,0.2724850099933378,0.008110642411907065,0.49607140531899147,304.78428754352393,0.7526838380778338,"{""type"":""Point"",""coordinates"":[84.00204916527903,20.801613312364807]}"
1088,254.791935584025,2025-04-15,292.5757797786168,185,0,10,0.38818297331639134,0.008531466105182517,3.531178204364615,304.31428196316676,1.3265354081998173,"{""type"":""Point"",""coordinates"":[81.17448308470615,17.92511357714049]}"
1089,290.766559614972,2025-04-15,291.6071576618013,272,0,30,0.3274189732670925,0.015788882949550498,2.6140679151216184,303.02625415438695,0.48283501651566674,"{""type"":""Point"",""coordinates"":[82.22759289436728,18.559390723449418]}"
1090,180.0,2025-04-15,286.29654684520904,646,0,10,0.5688682792329866,0.00921277699728762,0.463735342881014,302.1121625900269,0.8307878690113577,"{""type"":""Point"",""coordinates"":[81.81910606860511,20.03932321409606]}"
1091,270.0,2025-04-15,283.7004135676793,536,0,10,0.2894385026737968,0.006327643969257224,0.5032278528045077,302.04075145721436,0.19894266685609877,"{""type"":""Point"",""coordinates"":[82.80125874136333,22.850750700237214]}"
1092,180.0,2025-04-15,286.85840161641437,243,0,10,0.3972602739726027,0.006923824527461875,0.4637353428839794,304.1414769036429,0.5168641054591204,"{""type"":""Point"",""coordinates"":[83.10134221991726,22.1443156810721]}"
1093,312.7365316300488,2025-04-15,284.46534683590846,343,0,40,0.24185078767462598,0.005363583543498862,2.049197686287849,303.40663687388104,0.32202314401448034,"{""type"":""Point"",""coordinates"":[82.04476220810517,22.48889076180267]}"
1094,142.5684518835672,2025-04-15,282.36398197355726,467,0,10,0.3021515434985968,0.0029253810431555394,5.819934681633912,303.070699373881,0.3657581909878061,"{""type"":""Point"",""coordinates"":[80.29506660081486,23.862733466443775]}"
1095,239.2625357975664,2025-04-15,284.0749543507894,905,0,10,0.35978461102451464,0.011811465003688681,9.881573401714013,299.21398085639595,0.520795949176619,"{""type"":""Point"",""coordinates"":[83.94755690866988,23.220727770001623]}"
1096,114.93133325927083,2025-04-15,284.4218491145543,434,0,10,0.2845978508629111,0.010106429436405051,2.1992064238723104,304.15288175855363,0.4930308517858896,"{""type"":""Point"",""coordinates"":[80.96675245668537,21.61188592908763]}"
1097,105.13155161996795,2025-04-15,293.94188608442033,175,0,10,0.41406375140156976,0.012324154355724204,3.548568974882421,302.28460725148517,0.8673037397170188,"{""type"":""Point"",""coordinates"":[83.40827595583161,18.837349868106763]}"
1098,245.02197677660348,2025-04-15,287.39489482697985,267,0,40,0.5579886455798865,0.003976672866542685,2.195362398389411,304.23059404464,0.463573941740584,"{""type"":""Point"",""coordinates"":[82.92109311648855,21.301573698659514]}"
1099,332.0075270474573,2025-04-15,293.32451838538765,139,0,10,0.3001962066710268,0.012693732955654013,1.0502574514627523,301.1807254155477,0.6163129329207794,"{""type"":""Point"",""coordinates"":[84.34266485548781,19.83686461831724]}"
1100,33.91037132403198,2025-04-15,290.73931330726265,297,0,10,0.39799730981916004,0.010954260804851401,21.31117667235523,303.2213690167382,1.1008492811223354,"{""type"":""Point"",""coordinates"":[84.21351457940057,21.606477852173807]}"
1101,270.0,2025-04-15,287.37871760413765,242,0,30,0.3220398800070584,0.003378689267833579,0.4996937003002963,303.7495207559495,0.441590077714519,"{""type"":""Point"",""coordinates"":[82.74041044938629,21.86884018677248]}"
1102,245.08765140052617,2025-04-15,286.27488227117635,264,0,40,0.1384321223709369,0.006069287636478293,1.100792881414132,304.10873880840484,0.2595878922113684,"{""type"":""Point"",""coordinates"":[81.67168297239962,21.737087689657187]}"
1103,180.0,2025-04-15,287.294832047962,250,0,40,0.6299948105864037,0.002748370149333823,0.4637353428839794,304.45602884746734,0.43030888315658133,"{""type"":""Point"",""coordinates"":[82.91274259560123,21.24593790866913]}"
1104,55.52223723215336,2025-04-15,282.60354786827446,380,0,40,0.26865671641791045,0.002690553643901694,2.456134356583606,302.74142923809234,0.18701084326658846,"{""type"":""Point"",""coordinates"":[80.68378541545142,23.707247265313736]}"
1105,212.2402080278936,2025-04-15,295.6422732216971,86,0,40,0.3503600054340443,0.015383690574367392,2.7393098900976702,302.554568654015,0.7131892785322855,"{""type"":""Point"",""coordinates"":[83.05169117912597,17.953754771505025]}"
1106,233.1716560804786,2025-04-15,286.7908386048816,311,0,40,0.19158561411445374,0.004249230005939353,3.091625777024596,304.2688136781964,0.583908037940418,"{""type"":""Point"",""coordinates"":[82.60048591868,20.59606054437516]}"
1107,19.64630414351089,2025-04-15,288.9860522860573,155,0,30,0.2989441930618401,0.0075901597525671605,1.4769047229398906,304.92281990959526,0.7678301024733049,"{""type"":""Point"",""coordinates"":[83.3378659221186,20.977972023929222]}"
1108,295.0324376585427,2025-04-15,289.1386111123221,161,0,30,0.2929358392741413,0.004523947813709128,1.095851159906148,305.1690415427798,0.8107961284514307,"{""type"":""Point"",""coordinates"":[83.51159090715663,20.933932684621585]}"
1109,65.35786676092638,2025-04-15,282.20734832400365,491,0,40,0.22791605661298195,0.0026197880293921116,1.1120950012543487,302.67168058667863,0.375208065154757,"{""type"":""Point"",""coordinates"":[80.8808257745126,23.443719295138138]}"
1110,180.0,2025-04-15,284.92968486604235,373,0,40,0.24923076923076923,0.00855638084669863,0.9274099368670311,303.82673313504176,0.5713547525760954,"{""type"":""Point"",""coordinates"":[80.85648407626458,21.46674792418356]}"
1111,132.95852947321055,2025-04-15,290.6353268396287,168,0,40,0.7720291026677445,0.003671839812000144,0.6804767066604632,303.8274713697888,0.9091935077376445,"{""type"":""Point"",""coordinates"":[83.64309829179929,21.3830874489116]}"
1112,301.8703437205385,2025-04-15,286.1775631677537,300,0,40,0.5268754552075746,0.003996089079578269,3.5088378507351803,304.5513425100417,0.3992527128829783,"{""type"":""Point"",""coordinates"":[82.70572857377246,21.157230359368256]}"
1113,133.32398245823265,2025-04-15,289.8442705245245,451,0,10,0.41815144766146994,0.012458235004146445,0.675861346425702,302.1349664869763,0.7857039335965109,"{""type"":""Point"",""coordinates"":[81.38211601723734,19.41383167762026]}"
1114,115.11274929338873,2025-04-15,286.22233390808105,455,0,10,0.4873224478959246,0.005914315560062278,2.184353294154671,303.7649132410685,0.7204198375675461,"{""type"":""Point"",""coordinates"":[81.94053637241528,20.378378125690535]}"
1115,234.83726941724032,2025-04-15,286.96793356395904,545,0,40,0.4907472475989693,0.011156350352962363,2.4143276265168354,302.8796070189704,0.8421273255000784,"{""type"":""Point"",""coordinates"":[82.08558257108103,20.07181598843634]}"
1116,133.1223913808986,2025-04-15,286.8811822618757,269,0,40,0.21320862760068715,0.004452407338817466,0.6783960852692874,304.58330749330065,0.9431721540210279,"{""type"":""Point"",""coordinates"":[80.39110448202237,20.524938890554846]}"
1117,14.843760057427911,2025-04-15,288.07897104535783,591,0,40,0.2655424112761138,0.010061100104053367,3.832321741538745,301.27719583965484,0.9593500487722121,"{""type"":""Point"",""coordinates"":[82.53210475990205,19.38748248987269]}"
1118,115.28360510153573,2025-04-15,293.4827505747477,186,0,30,0.46967782691092863,0.003954023101528037,1.0856728903556327,302.2525957652501,0.9624032135084396,"{""type"":""Point"",""coordinates"":[83.68129830929841,19.144736289101775]}"
1119,46.806930474996804,2025-04-15,289.309230531965,546,0,40,0.3426113360323887,0.003705590942104209,3.3837399145701665,301.5808951514108,1.0140048485083304,"{""type"":""Point"",""coordinates"":[83.93534617522184,20.143298346931147]}"
1120,337.0430576384288,2025-04-15,287.93303308032813,854,0,30,0.2188575361321404,0.004544183590610373,19.371826913153736,300.0377752667381,0.7783445695857067,"{""type"":""Point"",""coordinates"":[82.90304331474051,19.210646997079845]}"
1122,168.95682215040455,2025-04-15,295.18220183962865,543,0,10,0.6482720178372352,0.020871624329288352,28.192559904935838,300.51286711011613,1.0582146497282212,"{""type"":""Point"",""coordinates"":[84.26889438290675,18.922987238022312]}"
1123,227.16871650521412,2025-04-15,285.77742249625067,262,0,40,0.6357541899441341,0.00465737281103884,0.6821050826126699,304.14011669158936,0.33324623858216174,"{""type"":""Point"",""coordinates"":[82.0605693395899,22.024231187939357]}"
1124,90.0,2025-04-15,281.74500410897394,623,0,40,0.17068702290076335,0.0024990886237219456,1.003479158508965,302.25231093452084,0.5312438283813782,"{""type"":""Point"",""coordinates"":[80.68335517512764,22.45457350618866]}"
1125,90.0,2025-04-15,286.7255077362061,422,0,40,0.3310305123776626,0.0048854350831106785,0.4953741539077092,304.06090468452095,0.5831012799575023,"{""type"":""Point"",""coordinates"":[82.29569691989471,20.58867600582283]}"
1126,325.16030162549214,2025-04-15,284.28213092259,456,0,10,0.31396588486140725,0.004718929507930625,6.1910558502537345,301.98455842336017,0.6629034273462364,"{""type"":""Point"",""coordinates"":[82.98267590397423,23.899868988104714]}"
1127,184.42721105409183,2025-04-15,281.5936485472179,749,0,30,0.2436187887026129,0.005104526856143821,6.484043778992813,301.00151457105363,0.4496658142057419,"{""type"":""Point"",""coordinates"":[81.0562580295953,22.695665098866012]}"
1128,207.8956010675871,2025-04-15,292.70995249067033,237,0,30,0.4053160721663683,0.009407669284541953,4.190247350165909,301.62566589173815,1.101461725712795,"{""type"":""Point"",""coordinates"":[83.38618147204353,19.176532622853834]}"
1129,192.29165745891171,2025-04-15,285.17324420384,633,0,40,0.4577473710883061,0.02159354088564669,2.3717718826686767,298.93789849962513,0.8195172933920684,"{""type"":""Point"",""coordinates"":[84.38798305305806,23.375316138736288]}"
1130,295.417887743105,2025-04-15,292.33834139506024,130,0,30,0.28820729772607084,0.0036111175801352147,1.0803168733160051,303.87124229612806,0.881306737871214,"{""type"":""Point"",""coordinates"":[81.62937749266978,18.114902098340515]}"
1131,151.7157427263908,2025-04-15,286.5912827083042,254,0,40,0.1586641461877757,0.005196899154384482,1.0531211715264894,303.6884449095954,0.4483715429855554,"{""type"":""Point"",""coordinates"":[81.98908352963045,21.687969315254968]}"
1132,180.0,2025-04-15,284.77134804498576,367,0,40,0.2332373508844097,0.006220981457431662,0.9274099368670311,303.234023639134,0.29534260953151875,"{""type"":""Point"",""coordinates"":[82.12401054200741,22.548772684516276]}"
1133,208.66329918663604,2025-04-15,284.30534172058105,316,0,40,0.3252243741143127,0.006321907022197593,2.1130926951442555,302.7427720115298,0.5746790045462512,"{""type"":""Point"",""coordinates"":[84.01788727386318,23.842587411807195]}"
1134,226.85279035015438,2025-04-15,287.2515610286168,340,0,40,0.20039398280802292,0.00985461471339022,1.3559752050629874,303.70451750074113,1.1728968337655905,"{""type"":""Point"",""coordinates"":[80.80150903117233,20.392184978646497]}"
1135,79.57493705187632,2025-04-15,283.4973815736317,516,0,40,0.29115151515151516,0.005788087823589194,2.5611393329891374,301.77436497097926,0.2516363759140943,"{""type"":""Point"",""coordinates"":[82.7695459287005,23.083702919064763]}"
1136,-0.0,2025-04-15,287.17608088538765,261,0,40,0.3292583537082315,0.010260567047794211,0.0,303.9221165520804,0.35852384224605105,"{""type"":""Point"",""coordinates"":[82.639117156017,21.3978096012628]}"
1137,24.639001346002413,2025-04-15,290.82757595607217,454,0,10,0.5644471594379963,0.017063364365299094,26.093515202523445,299.84225350334526,0.46610046512878767,"{""type"":""Point"",""coordinates"":[81.8518663054125,17.938444486936362]}"
1138,263.2706003505055,2025-04-15,290.3620462871733,338,0,10,0.3235294117647059,0.01473560927172457,3.9512607575781935,302.69968700408936,0.5252024347231555,"{""type"":""Point"",""coordinates"":[80.77672425818078,19.274472821916444]}"
1139,270.0,2025-04-15,288.09269523620605,262,0,40,0.16767554479418886,0.00853531060477053,0.5004863822264707,303.69414152417863,0.789677007207494,"{""type"":""Point"",""coordinates"":[83.47061404589483,22.094619839430763]}"
1140,125.52445958767895,2025-04-15,292.7716270628429,735,0,30,0.36349740140629777,0.024537458994586814,4.777590276865785,299.066287404015,0.5649223674352705,"{""type"":""Point"",""coordinates"":[82.54098254284051,17.840534330963443]}"
1141,180.0,2025-04-15,281.3396667298817,632,0,40,0.1633649153028998,0.0015688091303900364,0.463735342881014,302.436892872765,0.5144874452730931,"{""type"":""Point"",""coordinates"":[80.4918281502389,22.91217705535371]}"
1142,313.58984312668383,2025-04-15,293.4301963987805,75,0,40,0.4312968430615489,0.007538557031352866,2.016939117597623,304.76144876934234,1.414768405524651,"{""type"":""Point"",""coordinates"":[80.93952359490517,17.833721504453706]}"
1143,226.91233402347697,2025-04-15,290.11286590212865,159,0,40,0.3024245002126755,0.010779678800304282,0.67883548144392,304.4454494203841,0.6625708063653905,"{""type"":""Point"",""coordinates"":[84.00114286953118,20.710161147931426]}"
1144,350.0580633836067,2025-04-15,291.6216317131406,549,0,30,0.36453526697429134,0.015927329638202536,5.6315815819236965,299.64268598102393,0.3681359494241082,"{""type"":""Point"",""coordinates"":[82.22910009471353,18.03850607457179]}"
1145,144.8807278544095,2025-04-15,295.3511704036168,43,0,80,0.04426337811054834,0.012061506488521445,5.089180753936972,302.69793151673815,1.1587117384365004,"{""type"":""Point"",""coordinates"":[83.74026934805418,18.577895123946472]}"
1146,126.22973613646649,2025-04-15,284.48770895458404,446,0,10,0.2983050847457627,0.005287602522571433,3.1354539811905062,302.01370416368763,0.6254484013790873,"{""type"":""Point"",""coordinates"":[82.92988162587577,23.67183096289717]}"
1147,47.118166511867926,2025-04-15,287.5631077176049,229,0,40,0.20926285160038796,0.0037213712718084935,1.3627209700542289,303.71431800297324,0.4437738381535169,"{""type"":""Point"",""coordinates"":[82.6036800815215,21.77219087682212]}"
1148,195.09723319566965,2025-04-15,284.0543709709531,345,0,40,0.2511978097193703,0.005704507210452903,1.9205753182549645,303.9082412265596,0.5123188088128515,"{""type"":""Point"",""coordinates"":[81.29183565323471,22.070990255962915]}"
1149,301.86937946887844,2025-04-15,286.5269167763846,312,0,50,0.3461215345841501,0.0049445181872442845,1.7561129323560485,304.00656595684234,0.6696114495552614,"{""type"":""Point"",""coordinates"":[81.73215404753635,21.162728238333813]}"
1150,126.86699551016385,2025-04-15,289.0085539136614,231,0,40,0.3073005093378608,0.008612990358074057,3.0888493653950344,303.1766680308751,0.7457971669171013,"{""type"":""Point"",""coordinates"":[83.77969221668044,20.380533872161205]}"
1151,180.0,2025-04-15,287.66991924104235,370,0,10,0.3103448275862069,0.007688999154765952,6.464860749476268,304.36613859449113,1.0117807069057407,"{""type"":""Point"",""coordinates"":[80.34780351399412,20.09901739452472]}"
1152,160.47139288056658,2025-04-15,286.19714092072985,663,0,40,0.2862541332073689,0.009574323871333945,1.4758260343811274,302.35720421019056,0.9168071351919128,"{""type"":""Point"",""coordinates"":[82.03108067434513,19.979828687057932]}"
1153,81.28412860390357,2025-04-15,281.0230163392567,659,0,30,0.17780938833570412,0.0010869502808645848,3.0574212393968376,302.538955279759,0.30669268304799724,"{""type"":""Point"",""coordinates"":[80.42434594267486,23.098647966208905]}"
1154,223.96496790043338,2025-04-15,286.02433004833404,307,0,30,0.21652624099076237,0.004337117054660666,6.416063599914787,304.6488825026013,0.42736035068106104,"{""type"":""Point"",""coordinates"":[82.58364515324995,21.07358286856741]}"
1155,180.0,2025-04-15,281.49614924476265,601,0,10,0.2928560640386649,0.0023149400736883763,1.8543341688414132,302.9904236112322,0.504630873849668,"{""type"":""Point"",""coordinates"":[80.55017771034184,22.36517035300285]}"
1156,-0.0,2025-04-15,284.1470804668608,398,0,40,0.29232359782889633,0.0035723149563864354,0.9274099368611016,301.8567740576608,0.1803765029705448,"{""type"":""Point"",""coordinates"":[81.72359652167958,24.10476448592015]}"
1157,199.91327728643077,2025-04-15,283.0932358333043,715,0,10,0.4043583535108959,0.003684267380435813,1.4793805353810725,300.869533311753,0.38341060571907104,"{""type"":""Point"",""coordinates"":[83.35043712325262,23.051520319100984]}"
1158,332.18335779136055,2025-04-15,295.48406428382503,55,0,40,0.30858130858130856,0.014469712951381553,1.048552368058552,302.29660501934234,1.1990025884048248,"{""type"":""Point"",""coordinates"":[83.7601482541433,18.618288739465697]}"
1159,27.891609793354394,2025-04-15,288.84611320495605,582,0,10,0.5865524060646012,0.013149112441737998,1.049277465699162,301.9926906313215,0.8447738089158165,"{""type"":""Point"",""coordinates"":[82.04251934488789,19.148724180333527]}"
1160,215.56586379110487,2025-04-15,286.2906351543608,283,0,40,0.7218902770233568,0.0043210536028936986,1.7097889123087981,304.1619730903989,0.6973347971493125,"{""type"":""Point"",""coordinates"":[81.48106005153677,21.193087033176663]}"
1161,336.9781031379861,2025-04-15,287.66256014506024,610,0,40,0.2525083612040134,0.010743260362346518,2.5177605436183774,301.95276201338993,0.9868426908456782,"{""type"":""Point"",""coordinates"":[82.3546995264032,19.72234321338727]}"
1162,180.0,2025-04-15,292.2863045647031,170,0,40,0.2827371695178849,0.01207418737669741,2.3174627380815918,300.3645633061727,0.7458068965330711,"{""type"":""Point"",""coordinates"":[84.31799430039747,19.8663958866191]}"
1163,72.48880895687576,2025-04-15,295.97415333702446,66,0,40,0.3388792605430387,0.010054588296611655,3.079501713610707,301.67578447432743,1.185281432953162,"{""type"":""Point"",""coordinates"":[84.22268120602386,18.81960617910089]}"
1164,342.3010578838099,2025-04-15,293.3238324664888,289,0,10,0.486857825567503,0.01296713946123873,9.64362038116064,300.9595688865298,0.7553869508227693,"{""type"":""Point"",""coordinates"":[84.390320062914,19.93429896111056]}"
1165,345.3839928631821,2025-04-15,281.5345665159679,621,0,30,0.20453224869262057,0.0027190744664267186,11.811169379454723,302.02788175855363,0.44736018773908953,"{""type"":""Point"",""coordinates"":[80.65703076491167,23.02673587649241]}"
1166,19.69701325433299,2025-04-15,285.70799936567033,289,0,40,0.1547887462013528,0.005519837119777549,1.4773718776228122,304.3558963139852,0.5459137528020166,"{""type"":""Point"",""coordinates"":[81.42014396539558,21.390319656924774]}"
1167,113.0683695437473,2025-04-15,291.8390854426793,337,0,10,0.5317919075144508,0.0038492977406576756,15.031398324193283,304.1123020989554,0.9454475478806313,"{""type"":""Point"",""coordinates"":[81.62978121882988,18.18610342446561]}"
1168,50.35937099025754,2025-04-15,289.1295837220692,476,0,10,0.5128443206437635,0.014042422154147971,12.170997642767189,302.4813613437471,0.7283678949534588,"{""type"":""Point"",""coordinates"":[83.59980446145931,22.19106082747109]}"
1169,190.24957827761847,2025-04-15,284.8473571595692,479,0,10,0.29355474247115115,0.005823373773296225,19.057777308827614,302.5140703746251,0.36276212509638067,"{""type"":""Point"",""coordinates"":[82.35432048783959,22.820845364778855]}"
1170,283.2698721213353,2025-04-15,288.07897104535783,594,0,40,0.486096807415036,0.010061100104053367,2.0195063664549306,301.27719583965484,0.9593500487722121,"{""type"":""Point"",""coordinates"":[82.48299284993136,19.380018862363837]}"
1171,347.65004486165674,2025-04-15,283.6371811458043,405,0,30,0.1961615710778844,0.002890676238735068,2.3722984298356904,302.48596513839,0.28585737134888256,"{""type"":""Point"",""coordinates"":[81.23576081168625,24.012515131481933]}"
1172,-0.0,2025-04-15,284.4230407533192,312,0,40,0.32741550017070675,0.003612175562579978,0.0,303.8454680215745,0.2757630133875514,"{""type"":""Point"",""coordinates"":[81.6876906842119,22.246469134288674]}"
1173,132.54876060355394,2025-04-15,281.4773911067417,605,0,40,0.1542203147353362,0.0018461197402075413,1.371324984420393,302.5970084326608,0.23167238291083062,"{""type"":""Point"",""coordinates"":[80.65887087542333,23.378876330592668]}"
1174,180.0,2025-04-15,284.267499923706,705,0,10,0.4575074667390714,0.007485762217243064,0.463735342881014,301.66551894233334,0.3481327263830303,"{""type"":""Point"",""coordinates"":[82.23925762744744,22.617942607654456]}"
1175,46.939892894767,2025-04-15,285.87086441403346,375,0,10,0.30443267354335096,0.005256131270130027,0.6791847791954633,304.5010321026756,0.62356624341819,"{""type"":""Point"",""coordinates"":[82.31377187713332,20.856044215441013]}"
1176,65.12697825718627,2025-04-15,287.5464945293608,257,0,10,0.3772032902467685,0.0060357153203085545,1.1024219559691488,304.1033677146548,0.6171910282351946,"{""type"":""Point"",""coordinates"":[83.10587262155781,21.9935740806193]}"
1177,199.7222233455828,2025-04-15,285.9819077083043,286,0,30,0.19556650246305418,0.005189791300495017,1.4776046646913836,304.06132902417863,0.3931840118103265,"{""type"":""Point"",""coordinates"":[81.81855572257489,21.592274119359658]}"
1178,115.2035133925271,2025-04-15,289.8172755468459,277,0,10,0.3353898886032562,0.014936059692104209,1.088895653535666,303.1948216302054,0.7417878376236553,"{""type"":""Point"",""coordinates"":[80.64074258580372,19.732558970927023]}"
1179,278.7395347096298,2025-04-15,287.96413775852744,707,0,10,0.41819205857504926,0.00472979245444094,23.081480992934925,302.259902545384,0.7967152639695737,"{""type"":""Point"",""coordinates"":[83.13448135068514,19.681113804228136]}"
1180,52.2106697951564,2025-04-15,286.71491668337865,269,0,10,0.25173501577287066,0.014428660252292502,7.5245832868137095,303.61733604612806,0.35857988555697734,"{""type"":""Point"",""coordinates"":[82.35367615306399,21.493632335677294]}"
1181,329.4515763211125,2025-04-15,288.69836162385485,922,0,10,0.40852200815637746,0.008511915781696189,26.04549255376773,298.75053800855363,0.8947048363546289,"{""type"":""Point"",""coordinates"":[83.13542195541008,19.100092839513092]}"
1182,212.19302884030552,2025-04-15,289.35035078866144,754,0,10,0.3919402985074627,0.006410479524333823,11.882557226656758,300.7955645152501,1.0972454731539765,"{""type"":""Point"",""coordinates"":[84.14315796783283,20.182249946536558]}"
1183,304.97383310944963,2025-04-15,286.823396501087,311,0,30,0.10167206040992449,0.008954614379604209,4.842695140230001,303.7865778151012,0.654651618307907,"{""type"":""Point"",""coordinates"":[81.86833382297023,21.139489850691607]}"
1184,286.6214145344059,2025-04-15,288.0767447153727,416,0,10,0.38667080938325304,0.009323999264438498,11.20355808958323,303.6793768292382,1.0298476587083825,"{""type"":""Point"",""coordinates"":[80.6333438814273,20.24717671889729]}"
1185,52.503264270876286,2025-04-15,285.38027545384,749,0,40,0.21298701298701297,0.016250163295467246,3.803611590287676,298.9198960349673,0.5985804843304718,"{""type"":""Point"",""coordinates"":[84.09859520027658,22.974217727999505]}"
1186,180.0,2025-04-15,292.2962213243757,177,0,10,0.271889400921659,0.008578509071071494,1.3909630807829783,304.6329029174079,1.1617489309908777,"{""type"":""Point"",""coordinates"":[80.494896958735,18.10613473929176]}"
1187,227.59905938949143,2025-04-15,284.8856988634382,362,0,10,0.3585638039786511,0.006188377716739524,0.6876957155405041,302.627334186009,0.578482208425985,"{""type"":""Point"",""coordinates"":[83.58642040230761,24.05430560195088]}"
1188,151.52649081331606,2025-04-15,282.0066414787655,800,0,40,0.2865185185185185,0.004998892524440635,1.0550016052707647,300.630757967631,0.548777908013311,"{""type"":""Point"",""coordinates"":[81.58085498222496,22.793903694876963]}"
1189,151.6602029735073,2025-04-15,287.08531870160783,237,0,40,0.30546095126247796,0.005515560486514914,1.0536711358773658,304.14626671019056,0.48825285371772353,"{""type"":""Point"",""coordinates"":[82.9169039948745,22.018892562962076]}"
1190,74.42988087681144,2025-04-15,283.05533009483696,734,0,10,0.44312090530077425,0.0031274705912665013,16.780208339423535,300.03036966777984,0.41055614589916756,"{""type"":""Point"",""coordinates"":[83.52593824289296,23.143429612310715]}"
1191,315.5601928577181,2025-04-15,292.7179916926793,333,0,10,0.6894343649946638,0.0044008791234091404,17.018151047459575,301.1066112972441,0.8195855707094488,"{""type"":""Point"",""coordinates"":[83.99444919979938,19.22913447026998]}"
1192,53.26666336377795,2025-04-15,290.47285125369115,143,0,10,0.5843218153687467,0.0033297389533117894,3.0984775473893587,304.5548069817679,0.7855664990269772,"{""type"":""Point"",""coordinates"":[83.78722662902626,21.115873477151904]}"
1193,64.97008919084436,2025-04-15,285.7488057272775,331,0,10,0.31899641577060933,0.0065619498278692845,2.1911078773223847,304.2039769036429,0.60850425430843,"{""type"":""Point"",""coordinates"":[82.2567144370687,20.950910985866116]}"
1194,-0.0,2025-04-15,285.4803556714739,303,0,40,0.2172623949925877,0.009025782325466025,0.0,304.44299638838993,0.6030599891211579,"{""type"":""Point"",""coordinates"":[81.11404048674221,21.397200952447385]}"
1195,340.1765950795879,2025-04-15,284.89759781247096,629,0,10,0.2963449907967394,0.005348950603206504,1.478542582074608,303.03683939434234,0.3533600905199637,"{""type"":""Point"",""coordinates"":[81.78900955980866,22.379111129982235]}"
1196,82.2814490694891,2025-04-15,293.4748566945394,243,0,40,0.3793580520199225,0.010991737225253928,3.448704606283151,301.52160966964,0.5920234723264876,"{""type"":""Point"",""coordinates"":[83.17345112137004,18.424295880613393]}"
1197,-0.0,2025-04-15,289.81095114208404,233,0,30,0.254362251167363,0.007256969788272727,0.4637353428839794,304.0984674635387,0.7712045287873734,"{""type"":""Point"",""coordinates"":[83.40708407101135,21.332947430792945]}"
1198,133.19662672274842,2025-04-15,287.54981367928644,677,0,40,0.1930916758710714,0.016021937110622275,1.3547296105459645,301.7430859066191,0.7985615745428535,"{""type"":""Point"",""coordinates"":[81.33238946126646,20.12328641811305]}"
1199,217.0100987496574,2025-04-15,281.5220514025007,847,0,10,0.7306468716861082,0.005900293567378867,13.122850571926804,300.5930614925566,0.4789869169819227,"{""type"":""Point"",""coordinates"":[81.23642062259464,22.657796040615903]}"
1200,180.0,2025-04-15,289.0336422693162,539,0,40,0.25242449431975617,0.024309232809741843,5.0877851281632935,301.4313183284941,0.6767734489306062,"{""type"":""Point"",""coordinates"":[81.10665982439605,19.661393460462904]}"
1201,14.94478663963313,2025-04-15,285.95608111790244,396,0,10,0.43681917211328974,0.00482231376429354,5.740485780212616,303.88965166182743,0.6459214334065022,"{""type"":""Point"",""coordinates"":[81.9820278831383,20.50807008721321]}"
1202,144.28705724214754,2025-04-15,283.0891726357596,588,0,80,0.2552032406760721,0.008399367311199057,3.422816949335887,302.5621951421102,0.6296815437283941,"{""type"":""Point"",""coordinates"":[80.857711931909,21.978188282839966]}"
1203,31.29333269163853,2025-04-15,284.4294290996733,328,0,10,0.3848266392035702,0.0068067759062842015,4.872497391965815,302.6826145989554,0.4631989200942272,"{""type"":""Point"",""coordinates"":[83.95887713714627,23.940376075935408]}"
1204,249.08778553451754,2025-04-15,283.160298937843,802,0,10,0.36748562467328805,0.00344488022585665,6.468555003645485,300.8235709326608,0.16644024443665714,"{""type"":""Point"",""coordinates"":[82.13401640291835,23.50032750900389]}"
1205,245.10751220005787,2025-04-15,285.94990203494115,253,0,40,0.42105263157894735,0.004648178794582236,1.10161492759343,304.220107623509,0.26244925929561763,"{""type"":""Point"",""coordinates"":[81.94808173794218,21.866871512884046]}"
1206,235.38324223868182,2025-04-15,284.2059822990781,430,0,30,0.20690363673720977,0.0029152035500601414,4.886112091757902,302.08123811086017,0.3545280434266157,"{""type"":""Point"",""coordinates"":[82.37658875044225,23.017825218165886]}"
1207,252.96085063589817,2025-04-15,282.97706558590846,503,0,40,0.2257126236183828,0.0014607906128958348,3.1620132469527276,301.8980687005179,0.4311912441860549,"{""type"":""Point"",""coordinates"":[81.48400763088378,23.156264183448453]}"
1209,90.0,2025-04-15,281.5200634002686,823,0,30,0.27791384526725255,0.004882916786868918,1.0071119246027684,300.0036711465745,0.5665681130224758,"{""type"":""Point"",""coordinates"":[81.59636487062016,22.949526083854547]}"
1210,301.3711891764615,2025-04-15,284.0228768303281,338,0,10,0.34554973821989526,0.009710118153293479,1.7810740381626347,302.60043221428276,0.40111920787520133,"{""type"":""Point"",""coordinates"":[84.30275512341024,23.855471438500654]}"
1211,279.5955900696938,2025-04-15,292.08923076447985,364,0,10,0.48359815479241414,0.010787621119220603,18.77237198735844,301.5192089534941,1.0109313894222811,"{""type"":""Point"",""coordinates"":[83.75823276826814,19.62770954169087]}"
1212,148.2766978072218,2025-04-15,282.1448425111317,513,0,10,0.3452606227421297,0.0020153969313696507,3.8107692748341964,303.6023039590745,0.4909772657595086,"{""type"":""Point"",""coordinates"":[80.50781958911628,22.424864817676983]}"
1213,144.40177665796864,2025-04-15,287.350478671846,274,0,40,0.26138842551007313,0.005713298895557273,1.7104795255277596,303.84758971986315,0.5168619526712848,"{""type"":""Point"",""coordinates"":[82.88488190442185,21.369574432236725]}"
1214,165.08785332272868,2025-04-15,288.85741342817033,585,0,10,0.29595827900912647,0.005312219240863669,1.918914333770799,301.7085690725417,0.9204377016988765,"{""type"":""Point"",""coordinates"":[83.91655344526325,20.154180511654676]}"
1215,139.13254782684575,2025-04-15,285.3135901859829,340,0,10,0.366079956337836,0.0033685415770605687,3.0632639360823513,303.6151155290149,0.1375834359223713,"{""type"":""Point"",""coordinates"":[82.8386589232161,22.390946101345566]}"
1216,47.46886143130328,2025-04-15,284.48017547244115,720,0,40,0.3669724770642202,0.005932867505748618,2.0571855844412807,300.4486523128691,0.3041245417751648,"{""type"":""Point"",""coordinates"":[82.43544749540187,23.461153185961916]}"
1217,-0.0,2025-04-15,288.2372032347179,275,0,30,0.2110319181902696,0.005136921980579245,3.704791833694711,304.54404735565186,0.7870194245614771,"{""type"":""Point"",""coordinates"":[82.69612879668044,20.074203481698508]}"
1218,72.97747485913385,2025-04-15,283.63462929498587,584,0,40,0.28066825775656323,0.006583020069797385,3.165003654439743,301.3627031871251,0.2991286637125735,"{""type"":""Point"",""coordinates"":[82.676683674914,23.294837161185374]}"
1219,176.9819675004944,2025-04-15,291.56240436009006,253,0,10,0.2306451612903226,0.008650779702861655,9.207697974429212,304.62665989285426,1.1167287072439056,"{""type"":""Point"",""coordinates"":[80.50872982957516,18.495728353866326]}"
1220,158.56686510993248,2025-04-15,283.87799099513467,959,0,10,0.6105990783410138,0.00796167550345217,22.22858998222706,299.92079703013104,0.22981520092469637,"{""type"":""Point"",""coordinates"":[83.38188620897125,22.871072919532374]}"
1221,208.3044220776666,2025-04-15,290.8717654091971,243,0,40,0.1715257531584062,0.014385461785991538,1.053320666147571,303.2295884177798,1.265045615709386,"{""type"":""Point"",""coordinates"":[84.27578783682516,21.80894822205893]}"
1222,41.673844069813676,2025-04-15,285.7529968080067,385,0,10,0.2728430436166826,0.0040769129778936986,3.7199179057553864,304.2755101067679,0.6655633749709244,"{""type"":""Point"",""coordinates"":[81.96341276414479,20.582073229488106]}"
1223,-0.0,2025-04-15,283.89099438985187,608,0,40,0.2756547874624302,0.00670754907389437,8.289099835372715,301.5213074002947,0.4579574393832909,"{""type"":""Point"",""coordinates"":[82.12429165364757,22.703786707020203]}"
1224,191.95541339884124,2025-04-15,289.91915775480726,359,0,10,0.5204865556978233,0.010054782011707175,2.3687872290854006,302.25510692596436,0.7417997861231008,"{""type"":""Point"",""coordinates"":[81.36262118929359,19.17139513823299]}"
1225,115.35620329758076,2025-04-15,296.0213596707299,30,0,40,0.49829351535836175,0.009535625555713523,1.0827699135804494,302.23275643303276,1.0829630289820291,"{""type"":""Point"",""coordinates"":[83.96881591415071,18.59433815646077]}"
1226,253.9901825363704,2025-04-15,281.5059555598668,589,0,30,0.39428918590522477,0.0015937685753897313,8.347645245294553,302.50254344940186,0.24246089398837734,"{""type"":""Point"",""coordinates"":[80.64838170186792,23.3383382627134]}"
1227,123.25122263440785,2025-04-15,289.40099252973283,446,0,10,0.33706920706080135,0.00827227530737673,5.899458198086224,304.05661478496734,0.6882573673594993,"{""type"":""Point"",""coordinates"":[83.83140004939159,20.502839505089078]}"
1228,35.38260391350153,2025-04-15,287.5886727287656,237,0,40,0.1831840508523548,0.0051023959900931,1.705898543184231,304.86545848846436,1.0412764697198662,"{""type"":""Point"",""coordinates"":[80.21533672168052,20.166778273350904]}"
1229,35.516289070728256,2025-04-15,289.2558160509382,170,0,40,0.2922137404580153,0.005990594604213584,1.7087330318104443,305.1074250993275,0.8187334104566732,"{""type"":""Point"",""coordinates"":[83.37840630337512,20.92099850012864]}"
1230,333.31675691427347,2025-04-15,282.07518686567033,592,0,10,0.11011342155009451,0.0029384642626837376,13.252979845992055,302.1382914497739,0.4597240709430312,"{""type"":""Point"",""coordinates"":[80.97820442703062,23.31607362593078]}"
1231,43.036202878392665,2025-04-15,283.44445537385485,667,0,10,0.44423129624554675,0.005914881804187644,8.812370151632114,300.80727745237806,0.6332296141667101,"{""type"":""Point"",""coordinates"":[83.47683322748324,23.362891317773734]}"
1232,95.9779206508211,2025-04-15,291.4292023976644,453,0,10,0.4506609283738088,0.00809106228609835,4.4439410203601994,300.8422709419614,1.3402988905166298,"{""type"":""Point"",""coordinates"":[83.46672509501826,19.535897552679142]}"
1233,144.5109146352306,2025-04-15,291.1906537555513,100,0,30,0.2681578286001508,0.003650411942203391,1.7081547230042808,304.2486895152501,1.0810954713141958,"{""type"":""Point"",""coordinates"":[84.30386295172762,20.77030236334007]}"
1234,95.65151357735279,2025-04-15,290.598792938959,793,0,10,0.38033937975424226,0.009281307437618125,9.33480793761481,299.6432207652501,0.8004494369380895,"{""type"":""Point"",""coordinates"":[84.16911390140841,19.93024453077257]}"
1235,114.60045839827153,2025-04-15,283.8539024534679,428,0,30,0.2332375478927203,0.001989558317859519,2.2268807206186736,302.02410339173815,0.11124834511839053,"{""type"":""Point"",""coordinates"":[81.1502184525715,23.696009255239435]}"
1236,133.20666843581424,2025-04-15,288.47852461678644,437,0,10,0.3487894952810833,0.012449428417880881,9.397907496781322,303.487691561381,1.0265931245584652,"{""type"":""Point"",""coordinates"":[80.83999143540636,20.068760927208213]}"
1237,222.3079235740847,2025-04-15,292.20120411827446,558,0,30,0.3140118667275217,0.014479950049121726,4.380964113890523,300.25803661346436,0.5925209676882145,"{""type"":""Point"",""coordinates"":[84.18902345139215,19.656683810045447]}"
1238,19.847830335318623,2025-04-15,285.4957481565929,986,0,10,0.6603662138216184,0.005330905297000754,8.804623649922869,302.1365185238066,0.038723302129397334,"{""type"":""Point"",""coordinates"":[82.75552547097622,22.564570687853067]}"
1239,227.37213293648176,2025-04-15,281.1618219103132,818,0,40,0.170662100456621,0.004745453574855674,7.489455177309425,300.89560404277984,0.4268096255235682,"{""type"":""Point"",""coordinates"":[81.17741914105021,23.009323694230797]}"
1240,199.89284501539748,2025-04-15,284.3574831826346,416,0,30,0.29375591296121095,0.0038398057009771946,1.4791896257334443,302.3725443794614,0.28807154681366126,"{""type"":""Point"",""coordinates"":[82.60884834177199,22.90043749951698]}"
1241,90.0,2025-04-15,283.5139250074114,468,0,10,0.35803053615812525,0.005127057411868918,1.0134375492220904,302.38413524627686,0.8075486470509287,"{""type"":""Point"",""coordinates"":[83.46537084813583,23.78049281779788]}"
1242,100.64312702512655,2025-04-15,286.19714092072985,657,0,40,0.15591197314434913,0.009574323871333945,2.509318397126221,302.35720421019056,0.9168071351919128,"{""type"":""Point"",""coordinates"":[81.97107018486011,20.01202863686611]}"
1243,234.8360272347845,2025-04-15,286.172767548334,634,0,40,0.19104,0.009878113844592917,2.414253413731959,302.3658305122739,0.835469461522138,"{""type"":""Point"",""coordinates"":[81.85428505456639,20.06446186148679]}"
1244,328.7244844828998,2025-04-15,288.71178354535783,424,0,10,0.4371191135734072,0.024627342798908103,3.7926157249099295,301.4170709791637,0.6751944028875855,"{""type"":""Point"",""coordinates"":[80.98103637366795,19.82333005583824]}"
1245,295.16547483122173,2025-04-15,289.5716410137358,348,0,30,0.4154786150712831,0.017961353042323935,4.353861918435987,303.2125683284941,0.8153087595725852,"{""type"":""Point"",""coordinates"":[80.95361988036841,20.005782017055]}"
1247,147.02738675670216,2025-04-15,287.22531009855726,313,0,40,0.3317020119630234,0.007735595085819114,2.76176683632957,303.66698378608334,0.3103094382839989,"{""type"":""Point"",""coordinates"":[83.18177540883636,22.348387354919325]}"
1248,174.4641036629247,2025-04-15,287.47208395458404,318,0,10,0.27109836946783733,0.005688518264491904,5.111499978662222,304.3961853299822,0.9851490739930838,"{""type"":""Point"",""coordinates"":[80.430028204202,20.28698122373613]}"
1249,90.0,2025-04-15,290.0421348753429,262,0,40,0.17996640067198655,0.024245500543315757,0.5011299025228848,302.31626996539893,0.8053877302166746,"{""type"":""Point"",""coordinates"":[84.0759858915744,22.27506484759898]}"
1250,208.1325936385853,2025-04-15,287.4113801320394,291,0,40,0.1771523178807947,0.004259854533870566,1.0516273182506084,304.4445367994762,0.7999347550070546,"{""type"":""Point"",""coordinates"":[82.9469673424189,20.74940990148829]}"
1251,292.57748288823996,2025-04-15,292.52497527712865,307,0,30,0.5153047644397125,0.00680394468565737,13.055943803761343,301.1807254155477,1.0873736958112492,"{""type"":""Point"",""coordinates"":[83.51509583566636,19.09169759212763]}"
1252,313.412433992701,2025-04-15,293.44932074773885,396,0,10,0.45835942391984974,0.012449860551555503,6.716948146694476,301.6373962674822,0.8951517042701899,"{""type"":""Point"",""coordinates"":[83.37447580971748,18.903742940669638]}"
1253,-0.0,2025-04-15,284.4401596614293,521,0,10,0.36002120890774125,0.007143869974811423,0.4637353428839794,300.88735557737806,0.5516218315287612,"{""type"":""Point"",""coordinates"":[82.12749056254569,22.89655405715241]}"
1254,213.03096053182742,2025-04-15,285.15270151410783,595,0,30,0.2232223222322232,0.01018016038199221,2.763591161183088,300.9738336744763,0.16852091770598257,"{""type"":""Point"",""coordinates"":[83.29948884203299,22.657270831906892]}"
1255,67.82514611861716,2025-04-15,291.5821506863548,329,0,10,0.3046594982078853,0.01500767467280184,3.6809623250539296,300.6517656871251,0.3623333745456325,"{""type"":""Point"",""coordinates"":[81.98296078216426,18.00634562589881]}"
1256,116.43548019456686,2025-04-15,289.8704226357596,1107,0,30,0.6396917148362236,0.02983359990378176,11.309287319757193,297.0274225416638,0.42072511897167975,"{""type"":""Point"",""coordinates"":[82.94023601527107,18.349812034347714]}"
1257,245.42974512963963,2025-04-15,290.1847130003429,491,0,10,0.2042459736456808,0.01669396457930361,17.299017152894617,302.41105465661906,0.5535019158368049,"{""type"":""Point"",""coordinates"":[80.8432836010985,19.439808198705972]}"
1258,32.54676362085418,2025-04-15,288.3152061644055,333,0,40,0.3148433487416538,0.009108185746868003,2.748610369105743,303.51769760676785,0.8892979723956076,"{""type"":""Point"",""coordinates"":[82.37810090584439,19.929012161903994]}"
1259,270.0,2025-04-15,289.7826598939441,182,0,50,0.29430548163916975,0.003825604894359458,2.4696181429815383,304.49062124888104,1.0434521194306468,"{""type"":""Point"",""coordinates"":[83.250555579494,20.228978184402013]}"
1260,15.063118641710467,2025-04-15,286.37064352489654,262,0,40,0.5845697329376854,0.006319791057308066,1.9202674494033116,303.968881107512,0.3392916702544707,"{""type"":""Point"",""coordinates"":[81.75164679574384,21.733413363035172]}"
1262,140.67538403214255,2025-04-15,291.46102205912274,575,0,10,0.3038269550748752,0.0100624710108832,5.3795368108305395,303.72153759002686,1.187792475170103,"{""type"":""Point"",""coordinates"":[80.74290962190827,18.300123584956722]}"
1263,208.09271040452708,2025-04-15,286.87116668337865,379,0,30,0.2197130087038344,0.006830513456066001,1.051236402671833,303.7959365390596,1.1058653140773043,"{""type"":""Point"",""coordinates"":[81.18738631420747,20.494530120869786]}"
1264,70.46819440693277,2025-04-15,288.61001178196494,674,0,30,0.2660878447395301,0.005728498079974997,16.199171384020904,299.6280840465,0.5945002039482511,"{""type"":""Point"",""coordinates"":[82.68381587325258,18.91793773985591]}"
1265,180.0,2025-04-15,283.63994807288765,848,0,10,0.43724696356275305,0.006294652798374045,0.9274099368611016,301.6589503969465,0.741708488323511,"{""type"":""Point"",""coordinates"":[83.69857945213685,23.550389366577114]}"
1266,110.77544557133099,2025-04-15,291.88518733070015,201,0,10,0.30219499744767736,0.006166949846942771,2.6130007267136506,304.1048906871251,1.0434867767728255,"{""type"":""Point"",""coordinates"":[81.08865566783534,18.479431844616453]}"
1267,68.12900661498824,2025-04-15,289.5433904557001,527,0,10,0.2527152614488859,0.011154621818263877,3.7294064847188024,301.69250810714,0.9740212447096365,"{""type"":""Point"",""coordinates"":[84.16047306701977,20.508149555598614]}"
1268,-0.0,2025-04-15,282.29113506135485,456,0,40,0.19206008583690987,0.0015582293059424046,0.0,303.0160990669614,0.5013288474859661,"{""type"":""Point"",""coordinates"":[80.47504079529699,22.56637818832828]}"
1269,208.2223914399787,2025-04-15,290.9188322339739,138,0,40,0.5019659239842726,0.0045448541428640965,2.104310951121559,304.00718212127686,0.8692507232319736,"{""type"":""Point"",""coordinates"":[83.92276056148077,21.311027121918375]}"
1271,324.9237552044213,2025-04-15,284.4065031324114,673,0,10,0.40415704387990764,0.008956119396884787,7.88307930844953,300.77459748586017,0.4651973640025744,"{""type"":""Point"",""coordinates"":[82.46335224989667,23.722886420482634]}"
1272,133.32788919491148,2025-04-15,288.32459976559596,557,0,10,0.544577994980848,0.00796000657339846,0.6758124940145621,301.90843886420845,0.8794513487891377,"{""type"":""Point"",""coordinates"":[81.9594779819793,19.39172422765683]}"
1273,180.0,2025-04-15,287.6010483333043,224,0,80,0.16241028208980138,0.0066853910471991185,2.3174627380815918,303.74365556807743,0.42969568418468623,"{""type"":""Point"",""coordinates"":[82.46185143226377,21.701168892059975]}"
1274,294.57676126039763,2025-04-15,283.81579326447985,496,0,10,0.5816821939378034,0.004981383660037864,1.1148679626692304,302.0022818701608,0.08563633714907809,"{""type"":""Point"",""coordinates"":[81.83672004580892,23.837977835265896]}"
1275,208.18301483106808,2025-04-15,288.1100466591971,203,0,40,0.5656623081296192,0.008420810082157004,2.1035362621173337,304.59670035044354,0.6844734191919697,"{""type"":""Point"",""coordinates"":[83.19855400573589,21.06657349368122]}"
1276,190.10308656505293,2025-04-15,286.56289264134,280,0,10,0.2508271045215047,0.003917217233379233,2.8240091108358607,304.73351210639595,0.9099676748155511,"{""type"":""Point"",""coordinates"":[80.29126917944265,20.71159005561838]}"
1277,31.344421359144217,2025-04-15,287.0881205059233,517,0,30,0.4271990393275293,0.009135574081142295,7.557746938619971,303.48052429017565,0.7149299592138327,"{""type"":""Point"",""coordinates"":[82.18742447779381,20.249180683655034]}"
1278,61.1632791431623,2025-04-15,291.76840091886976,505,0,10,0.38526589689380386,0.014152124502857077,10.458752554489314,301.2947739646549,0.3838909299347188,"{""type"":""Point"",""coordinates"":[81.94314481992022,18.00718682228561]}"
1279,296.5051579673575,2025-04-15,290.0700540996733,362,0,10,0.25096525096525096,0.02037423846979891,7.235270304044499,302.495486622765,0.8581762870579414,"{""type"":""Point"",""coordinates"":[83.98615770734884,22.157844843271555]}"
1280,308.31173799052965,2025-04-15,284.36494109744115,321,0,10,0.5120044667783361,0.007321119287212241,13.93171594212845,302.7547232764108,0.5581048628628177,"{""type"":""Point"",""coordinates"":[84.12285491156668,23.817811485580513]}"
1281,252.81532906419085,2025-04-15,286.82987785339355,242,0,40,0.3632785995386077,0.004701301434238303,1.5692186425875816,303.68724164508643,0.4419752702454296,"{""type"":""Point"",""coordinates"":[82.3204593651438,21.909249206044848]}"
1282,90.0,2025-04-15,287.0546616145543,608,0,10,0.5273488615545668,0.00806809959669863,1.4788043013853538,302.25680428459526,0.7898385419585022,"{""type"":""Point"",""coordinates"":[81.658602124984,19.851756853046318]}"
1283,355.65193191251996,2025-04-15,289.63577443077446,564,0,10,0.4484821295050097,0.004130482652385581,24.444924381774726,302.00270620981854,1.0611458579505946,"{""type"":""Point"",""coordinates"":[83.80796884040235,20.04474159554441]}"
1284,107.19147314539276,2025-04-15,285.49382990882503,270,0,40,0.4284876905041032,0.006386235335071433,1.568616779955676,304.4360558191935,0.19227604984747063,"{""type"":""Point"",""coordinates"":[81.66920100157348,21.848917601454286]}"
1285,-0.0,2025-04-15,285.4139726729621,290,0,40,0.2151645207439199,0.007401958086688865,0.463735342881014,304.34172453199113,0.5944341556191718,"{""type"":""Point"",""coordinates"":[81.20464978094999,21.435327235038937]}"
1286,-0.0,2025-04-15,287.5264168693905,874,0,10,0.5389830508474577,0.007165789582927573,12.769178384097833,300.2355814888363,0.7707259235305728,"{""type"":""Point"",""coordinates"":[83.0277989376259,19.43281437213538]}"
1287,182.8945862929587,2025-04-15,289.3969932737804,710,0,10,0.4209692746278112,0.03280790148039614,9.658554696180909,300.8755380085536,0.6096483550156506,"{""type"":""Point"",""coordinates"":[80.97916085347329,19.648140603832037]}"
1288,90.0,2025-04-15,290.5192205338251,178,0,10,0.5894836870446627,0.008682101943691123,0.49832860287297975,303.85887250446143,1.002972579687213,"{""type"":""Point"",""coordinates"":[84.14546544731468,21.47486590137194]}"
1289,242.2559668982285,2025-04-15,284.2059822990781,433,0,30,0.264,0.0029152035500601414,3.9783263312388493,302.08123811086017,0.3545280434266157,"{""type"":""Point"",""coordinates"":[82.38485564423019,23.00267443998299]}"
1290,2.447193974841951,2025-04-15,289.8955109914144,243,0,10,0.29304130856667593,0.011965334394176352,11.449348831758002,303.68771830059234,0.650118613801995,"{""type"":""Point"",""coordinates"":[83.98559898123312,20.618359909490795]}"
1291,313.1141837445964,2025-04-15,286.7908386048816,290,0,40,0.2802501804185711,0.004249230005939353,1.3568094881494168,304.2688136781964,0.583908037940418,"{""type"":""Point"",""coordinates"":[82.64096412634245,20.569404610986766]}"
1293,169.97168828528183,2025-04-15,289.84704907735187,250,0,10,0.1316689899885946,0.010549873092372763,2.823356029730468,303.85337352752686,0.8096155524215702,"{""type"":""Point"",""coordinates"":[80.44721064425218,19.52579189848041]}"
1294,226.65420168081593,2025-04-15,288.8616393861317,557,0,40,0.2939793038570085,0.011422380783756125,0.6755886770844393,301.8886169706072,0.8627746095951752,"{""type"":""Point"",""coordinates"":[81.77580257133171,19.28938940608171]}"
1295,104.04698816495875,2025-04-15,293.76285543895904,542,0,10,0.5328568938469583,0.055808022597034324,18.441960069123326,299.865365482512,0.5965425090309984,"{""type"":""Point"",""coordinates"":[82.98315181988058,18.055878935333027]}"
1296,46.8802039202691,2025-04-15,286.8811822618757,283,0,10,0.2973995271867612,0.004452407338817466,0.6784288964972123,304.58330749330065,0.9431721540210279,"{""type"":""Point"",""coordinates"":[80.37811947659587,20.539598258277767]}"
1297,102.22893945540432,2025-04-15,283.51980182102744,693,0,10,0.2774501544509969,0.006028234937389243,8.690157928079206,300.5196158545358,0.5684471526288258,"{""type"":""Point"",""coordinates"":[81.75462930137783,22.908027800921875]}"
1298,340.49391431118016,2025-04-15,293.32451838538765,139,0,10,0.39574363390330913,0.012693732955654013,1.4756205150982729,301.1807254155477,0.6163129329207794,"{""type"":""Point"",""coordinates"":[84.3471404153638,19.782322439489292]}"
1300,28.197841702285942,2025-04-15,289.48416891552154,174,0,40,0.4861006761833208,0.003801539519031394,1.0522685741487119,304.5257368087768,0.7773715588601763,"{""type"":""Point"",""coordinates"":[83.5899208127405,21.158920841142322]}"
1301,90.0,2025-04-15,290.58174959818524,257,0,40,0.21707843607579755,0.025626465656955588,1.5008409997569359,302.82204796019056,1.0555547805928662,"{""type"":""Point"",""coordinates"":[84.29653326865039,22.06523664721563]}"
1302,248.29976360084714,2025-04-15,286.3104105449858,470,0,10,0.287569573283859,0.004739329197605002,20.41184765338775,304.21284153347926,0.9571161439816914,"{""type"":""Point"",""coordinates"":[80.52654392296219,20.551040887983596]}"
1303,207.8219783782746,2025-04-15,291.41396686009,307,0,10,0.3863822805578343,0.019062846877773154,2.0965057899039934,303.42113417670834,0.7787970700136361,"{""type"":""Point"",""coordinates"":[81.77610696902664,18.656754472041456]}"
1304,207.80662241171066,2025-04-15,291.2094990866525,194,0,10,0.359375,0.00947047767897402,1.0484556669126266,303.49770132700604,1.0942536542301453,"{""type"":""Point"",""coordinates"":[80.73226738959907,18.54586714131774]}"
1305,320.11637203990165,2025-04-15,284.9878891536168,662,0,10,0.5166949632144878,0.005646049955089438,5.422880798188477,303.7883507410684,0.5782585770584215,"{""type"":""Point"",""coordinates"":[80.63252873378694,21.448088953735773]}"
1306,343.1198547590712,2025-04-15,287.66256014506024,626,0,40,0.16273291925465838,0.010743260362346518,3.3884257310742734,301.95276201338993,0.9868426908456782,"{""type"":""Point"",""coordinates"":[82.35462080677857,19.683111998339015]}"
1308,200.2901170136625,2025-04-15,289.98202396574476,562,0,10,0.33849129593810445,0.010779023149211753,12.64564116328242,302.68583493005656,0.8898995742423703,"{""type"":""Point"",""coordinates"":[84.16742504588052,20.56575809653836]}"
1309,312.8252285682397,2025-04-15,288.4057009560721,322,0,40,0.16129032258064516,0.01134350893755709,2.045775431708194,303.14048290252686,0.8563046172678659,"{""type"":""Point"",""coordinates"":[83.6466728577252,22.054518358685538]}"
1310,187.1303604205319,2025-04-15,287.9433683667864,589,0,10,0.283491095780523,0.008508920648296225,7.894772292105159,302.942275592259,0.926036729078048,"{""type"":""Point"",""coordinates"":[82.26356974445541,19.870104616048426]}"
1311,125.08059535750765,2025-04-15,289.74126643226265,177,0,10,0.3557085484796328,0.005548089721401084,2.4192473656998024,305.0161804471698,1.0815364219214314,"{""type"":""Point"",""coordinates"":[83.48294538406412,20.543181741687643]}"
1312,40.538261544745666,2025-04-15,286.26578512645904,339,0,10,0.1868815380265762,0.0038693845059469822,3.0481899708376083,304.17019249144056,0.763125441238991,"{""type"":""Point"",""coordinates"":[81.82113031057656,20.704874322795362]}"
1313,259.26622867654413,2025-04-15,290.99628875369115,161,0,10,0.008751158241531968,0.006058335283000815,9.861320402565477,304.70767970312215,1.0547720598275652,"{""type"":""Point"",""coordinates"":[80.3988123112872,18.591745877564655]}"
1314,215.55528059764416,2025-04-15,286.6198820386614,284,0,40,0.2568845047266749,0.005247786619861472,1.7095632864267059,304.0828250249227,0.703515508023799,"{""type"":""Point"",""coordinates"":[81.64928253494301,21.136308936809613]}"
1315,42.06243458509707,2025-04-15,286.8596804482596,319,0,10,0.2225790096332601,0.013978689887721885,15.245798062574252,303.98365161532456,0.423745949899629,"{""type"":""Point"",""coordinates"":[82.29332165132143,21.428506391976747]}"
1316,302.1542018189469,2025-04-15,290.5073332105364,239,0,10,0.2541974479516454,0.016922667601306784,1.742212618409941,302.67394760676785,0.6066537929182318,"{""type"":""Point"",""coordinates"":[80.69166737511786,19.450462853835926]}"
1317,119.14086399430286,2025-04-15,288.0048336755662,215,0,30,0.27143039103298944,0.004703953840930808,2.8546277194202263,304.02246997469945,0.5854827930951502,"{""type"":""Point"",""coordinates"":[82.94728703063382,21.687759532581754]}"
1318,183.91197525397658,2025-04-15,283.6901480356852,400,0,10,0.354442053489087,0.0028395801570013646,7.395902581412568,302.23168105170845,0.1860677981338595,"{""type"":""Point"",""coordinates"":[81.20029859130646,23.94078403460289]}"
1319,226.8395227839852,2025-04-15,289.1377798716227,219,0,40,0.1587429492344883,0.003708392360408652,1.355640462238882,304.76483186086017,1.0066148384839224,"{""type"":""Point"",""coordinates"":[83.14910495638958,20.320622474105672]}"
1320,132.7638410532874,2025-04-15,285.0949796949114,325,0,10,0.4242679840944692,0.008133620002467978,0.68297268018617,303.74010971614285,0.10032602542314328,"{""type"":""Point"",""coordinates"":[82.34186926983763,22.35602385905304]}"
1321,132.83105940069123,2025-04-15,287.3575529370989,240,0,40,0.2086480854389164,0.005908280589778769,0.6821079602093746,304.18571867261613,0.547428859644449,"{""type"":""Point"",""coordinates"":[82.96863429913097,22.025250090163453]}"
1322,180.0,2025-04-15,288.4057009560721,324,0,10,0.2510385756676558,0.01134350893755709,0.9274099368670311,303.14048290252686,0.8563046172678659,"{""type"":""Point"",""coordinates"":[83.59211157405004,22.096957372488873]}"
1323,294.95447080518994,2025-04-15,285.73580233256024,274,0,40,0.21598002496878901,0.005670666673381675,1.0990539167183928,304.27483000074113,0.4510844063628344,"{""type"":""Point"",""coordinates"":[81.34973699731032,21.458410284536978]}"
1324,346.11855539471867,2025-04-15,280.9979686737061,735,0,10,0.34869043862417165,0.0031530558850363377,10.393798924815414,301.0835167566935,0.4869323004541361,"{""type"":""Point"",""coordinates"":[81.26313149133294,23.125795196661464]}"
1325,313.40739591633644,2025-04-15,289.0279282161168,572,0,40,0.678617157490397,0.007234126308162558,0.6748205025597672,300.20298871539893,0.6325488691772848,"{""type"":""Point"",""coordinates"":[82.57788901102788,18.933457567862156]}"
1326,312.8083619950264,2025-04-15,284.67674936567033,283,0,40,0.6012710693561757,0.0031860619570807103,0.6823995975011936,304.51220444270547,0.23393319268056942,"{""type"":""Point"",""coordinates"":[81.8088285316321,22.137612177308363]}"
1327,270.0,2025-04-15,289.30327815101265,212,0,30,0.06257242178447277,0.006277680375774253,2.4949860701732987,303.9124323072888,0.9717807534079251,"{""type"":""Point"",""coordinates"":[83.44681883188008,21.75697579699465]}"
1328,90.0,2025-04-15,284.5959853217716,525,0,40,0.22886949116457314,0.005739882567127097,1.5092806758373403,302.59062008630656,0.15419388439261472,"{""type"":""Point"",""coordinates"":[82.85759495115845,22.84317327520414]}"
1329,110.06062125449861,2025-04-15,285.6424011048817,223,0,40,0.2601863440411626,0.006731376030643332,2.701938708231832,303.21452726636613,0.4195029229152136,"{""type"":""Point"",""coordinates"":[83.98522268178809,24.087496312588446]}"
1330,-0.0,2025-04-15,287.5631077176049,238,0,40,0.22037845705967976,0.0037213712718084935,0.463735342881014,303.71431800297324,0.4437738381535169,"{""type"":""Point"",""coordinates"":[82.55473902142161,21.765973548400243]}"
1331,193.62855471477462,2025-04-15,283.16808818635485,605,0,10,0.4274225975070366,0.006599977591235984,4.2866142953687385,300.88375740959526,0.7799166749671984,"{""type"":""Point"",""coordinates"":[83.46301020000759,23.57183236020292]}"
1332,54.97108661043376,2025-04-15,292.60018802824476,206,0,10,0.40389211334926595,0.008813664295871604,11.16746914724052,304.45806335267565,1.288574363035704,"{""type"":""Point"",""coordinates"":[80.69400279654295,17.954338772656886]}"
1333,102.57327491495758,2025-04-15,286.3402538299561,466,0,10,0.4183015895746814,0.006747558691699851,10.5313816423048,303.98034990401493,1.1827430601648352,"{""type"":""Point"",""coordinates"":[80.9989051547317,20.486906542282185]}"
1334,256.62211991106267,2025-04-15,292.9546860286168,81,0,30,0.251374532658896,0.009532392003734458,4.002129432865221,304.822635060265,1.3458180746144952,"{""type"":""Point"",""coordinates"":[80.91826529629762,17.954015413265324]}"
1335,180.0,2025-04-15,289.1016412462507,313,0,40,0.2834575260804769,0.0036831050898626927,1.3909630807829783,302.6282293683007,1.017678003303018,"{""type"":""Point"",""coordinates"":[83.65394342012215,20.117001259027834]}"
1336,168.06549064013277,2025-04-15,291.1528177715483,158,0,10,0.33533501896333756,0.010467052438457358,2.368604612310143,304.2466782615298,0.9772177853236833,"{""type"":""Point"",""coordinates"":[80.43982926638793,18.872357978395193]}"
1337,309.8801145091636,2025-04-15,282.85072281247096,991,0,10,0.4186729301233118,0.005824744680126059,7.194596033734198,299.3279712767829,0.46820900683597844,"{""type"":""Point"",""coordinates"":[83.62187102185655,23.206026703468368]}"
1338,32.48853711311238,2025-04-15,287.9388750167121,616,0,10,0.47054243446664934,0.005712479331691611,2.7468329602810084,301.8662432261876,0.9087910895527885,"{""type"":""Point"",""coordinates"":[81.90485234152064,19.57093668715738]}"
1339,259.35694643174827,2025-04-15,288.097566422962,313,0,10,0.3462873004857738,0.010523185112674582,2.5093354945649025,303.9516691934495,0.955157779486696,"{""type"":""Point"",""coordinates"":[80.43952772261275,20.013227313020163]}"
1340,283.09166472403757,2025-04-15,285.1745404743013,304,0,40,0.1754473161033797,0.0072232633616522435,2.0464837500565993,304.40548592522026,0.4696068678587502,"{""type"":""Point"",""coordinates"":[81.251824752386,21.531716911349886]}"
1341,89.17930287855481,2025-04-15,283.5575622376941,835,0,10,0.5065063416241147,0.008663535096843589,29.470017827528704,300.40572425297324,0.6971337657767744,"{""type"":""Point"",""coordinates"":[83.67377167146506,23.538886562549315]}"
1342,304.50805774233777,2025-04-15,283.38174029759,556,0,40,0.5030829596412556,0.006742581703861106,2.4542473115222756,301.0757565725417,0.7696146327964161,"{""type"":""Point"",""coordinates"":[83.63183699308482,23.558474188520822]}"
1343,79.52983048360495,2025-04-15,284.46534683590846,573,0,10,0.3632992137665035,0.005363583543498862,5.090419852397053,303.40663687388104,0.32202314401448034,"{""type"":""Point"",""coordinates"":[81.95189769085393,22.481806739687443]}"
1344,132.76987309091828,2025-04-15,288.3884948548817,435,0,10,0.23384686134743618,0.020911022999484885,2.047909333020493,301.8759972254435,0.655156701377395,"{""type"":""Point"",""coordinates"":[83.69810686576596,22.326271216944487]}"
1345,270.0,2025-04-15,292.71990412757515,123,0,10,0.37703594023421727,0.010706081965167868,0.48784362892330974,304.55430126190186,1.3381241768757033,"{""type"":""Point"",""coordinates"":[80.96040426396053,18.087844074644792]}"
1346,270.0,2025-04-15,288.9427696409679,598,0,40,0.2081799591002045,0.010062515714366782,1.9616169269435217,301.16335074106854,0.8245736676066157,"{""type"":""Point"",""coordinates"":[81.55999056220504,19.043525852544043]}"
1347,331.22147845307944,2025-04-15,287.63521639506024,476,0,10,0.2784372652141247,0.00883626935740267,16.947926450996302,303.6900260107858,1.0546407904643416,"{""type"":""Point"",""coordinates"":[80.57830917789336,20.299363669414397]}"
1348,180.0,2025-04-15,287.2024015699114,419,0,40,0.2192513368983957,0.010687202193935263,4.627367505919335,303.40659618377686,0.45016832866163126,"{""type"":""Point"",""coordinates"":[83.43088079842299,22.336290275353555]}"
1349,180.0,2025-04-15,289.6480221521287,249,0,10,0.24226254002134473,0.01241433618326937,0.9274099368670311,303.423970858256,0.7636608283848633,"{""type"":""Point"",""coordinates"":[80.4599663116377,19.640382097594138]}"
1350,115.12888261453254,2025-04-15,286.58352252415244,514,0,10,0.3399795501022495,0.00705792007704531,1.0919178694092233,303.4325913474673,0.6151834136168532,"{""type"":""Point"",""coordinates"":[82.24811179878208,20.26511208495402]}"
1351,27.939210833458887,2025-04-15,288.3747764769055,602,0,30,0.3755186721991701,0.011912420370777,4.191931576177082,302.1396807261876,0.9998728800296569,"{""type"":""Point"",""coordinates"":[82.32354725455727,19.47640218702687]}"
1353,291.7561967745315,2025-04-15,285.4803556714739,297,0,40,0.16412983678708967,0.009025782325466025,3.748069004549002,304.44299638838993,0.6030599891211579,"{""type"":""Point"",""coordinates"":[81.1265468971144,21.37728147879337]}"
1354,195.2570942024875,2025-04-15,283.4670209430513,553,0,10,0.2760006991784653,0.004393979885776389,5.7488787582054295,301.4524713697888,0.6731539443679996,"{""type"":""Point"",""coordinates"":[83.07962003481262,23.574386634189135]}"
1355,244.69407494747418,2025-04-15,293.8239022209531,164,0,10,0.5611670809891404,0.0051617622162893895,10.722139720851127,302.11097095126195,1.090834119684528,"{""type"":""Point"",""coordinates"":[83.74853800524903,18.977157120910604]}"
1356,151.44318474777987,2025-04-15,283.63462929498587,556,0,40,0.18614061709661103,0.006583020069797385,1.0558351307624156,301.3627031871251,0.2991286637125735,"{""type"":""Point"",""coordinates"":[82.69453203537377,23.260998882681047]}"
1357,295.01920976935577,2025-04-15,286.0282072339739,295,0,40,0.23778861190322878,0.006865709998805869,2.191983812201787,304.1794988995507,0.6248597010885214,"{""type"":""Point"",""coordinates"":[82.14758551525595,21.023921080885682]}"
1358,313.39891686726384,2025-04-15,290.713765734718,341,0,30,0.3180067404910929,0.008075311758716452,2.6978336944126453,303.01525038764584,0.6555939025115171,"{""type"":""Point"",""coordinates"":[81.20272358255754,18.983171739402522]}"
1359,57.80122572256859,2025-04-15,293.9550173623221,117,0,40,0.736537807504818,0.003530696013172019,1.740061085838704,302.9099909010388,0.856396494518759,"{""type"":""Point"",""coordinates"":[83.76856171755324,19.168829854201363]}"
1360,46.83500895957504,2025-04-15,286.1931997934977,417,0,80,-0.16675114039533706,0.0076091289307669285,1.355526631946867,303.54052475520535,0.8177231650166058,"{""type"":""Point"",""coordinates"":[81.77678979080548,20.29570563494283]}"
1361,219.0366058933357,2025-04-15,286.30391175406317,283,0,10,0.325764192139738,0.006752476074893821,2.3867701592393975,303.93356790996734,0.27908174705967204,"{""type"":""Point"",""coordinates"":[83.06500414049549,22.33717624455208]}"
1362,180.0,2025-04-15,290.54033869788765,325,0,40,0.34245840042941494,0.005656272151668418,1.8543341688414132,303.0597595487322,0.8191043533172643,"{""type"":""Point"",""coordinates"":[80.94080493294615,18.835746650126822]}"
1363,242.58785431211004,2025-04-15,292.26726740882515,771,0,10,0.6297861103776076,0.0058656185652807835,26.208998614741976,300.1594909940447,0.7847709560025453,"{""type"":""Point"",""coordinates"":[84.06632624203726,19.15616626443997]}"
1364,68.01317494385303,2025-04-15,287.3147934504918,713,0,30,0.4007989347536618,0.0057846307541922215,3.710777843145002,300.75453726450604,0.8112566837278316,"{""type"":""Point"",""coordinates"":[83.1092017830939,19.591401852255885]}"
1365,270.0,2025-04-15,287.42810957772394,615,0,40,0.6312275295326143,0.007708922007282126,0.9851081092957581,301.99863719940186,1.0033918977882412,"{""type"":""Point"",""coordinates"":[82.13724054153806,19.708543076684528]}"
1366,343.9296110845592,2025-04-15,292.4902549925304,318,0,30,0.43766645529486364,0.018295466878612388,5.293536537268904,301.2021865390596,0.7195595423056355,"{""type"":""Point"",""coordinates"":[83.22250217115565,18.78670182291297]}"
1367,121.9941212210354,2025-04-15,286.98102996462865,438,0,10,0.39607723886270335,0.006811752894122947,3.4967261771496743,303.70132042112806,1.2091077878454384,"{""type"":""Point"",""coordinates"":[80.98822872859421,20.431831777983085]}"
1368,46.7825117331006,2025-04-15,287.9578133537656,284,0,10,0.2795871151450436,0.006006389835079062,6.072219849244694,304.7384181703841,0.9647309637779403,"{""type"":""Point"",""coordinates"":[80.22783559480618,20.00909536308908]}"
1369,19.655429139318898,2025-04-15,290.7072146279471,159,0,10,0.40078947368421053,0.004682436564166892,1.476988679319073,303.785287357512,1.0074345086759027,"{""type"":""Point"",""coordinates"":[84.22487589010372,21.05226533697279]}"
1370,139.80418437361405,2025-04-15,289.79410543895904,1003,0,10,0.5124441608168475,0.007338106610973227,11.96539145763397,302.01264622097926,0.7941877201947638,"{""type"":""Point"",""coordinates"":[81.22717950763966,18.771050348132917]}"
1371,340.0392699868568,2025-04-15,282.0387517838251,399,0,40,0.20542797494780793,0.0015150010373190526,1.479824827659345,303.1810683749971,0.1783242628597915,"{""type"":""Point"",""coordinates"":[80.20404719907813,23.396487110306172]}"
1372,194.87894649499924,2025-04-15,287.26870318821494,619,0,10,0.6339693630744424,0.007183402755458701,1.9186188111932008,301.97225257328586,0.8039323872501859,"{""type"":""Point"",""coordinates"":[81.71813320140824,19.78657958690956]}"
1373,103.28952460495881,2025-04-15,288.92098299662274,598,0,40,0.19086873811033608,0.005947828271587241,2.0165759835486745,300.9312136967977,0.6928160569964237,"{""type"":""Point"",""coordinates"":[82.72079074051271,19.12846898217542]}"
1374,180.0,2025-04-15,289.2410687946138,505,0,10,0.34460770723593015,0.013345137217243064,4.166350197307866,302.13939589545834,0.8719251006544447,"{""type"":""Point"",""coordinates"":[84.08427373033635,20.466514687277275]}"
1375,11.97062344720692,2025-04-15,292.0466282254174,545,0,40,0.34151128557409227,0.016888350227077353,7.074638722451863,299.56794407254176,0.5136762926981064,"{""type"":""Point"",""coordinates"":[84.1909733070887,19.386212226309347]}"
1376,315.7338520740293,2025-04-15,288.1100466591971,432,0,10,0.38269167489305694,0.008420810082157004,20.454880174497394,304.59670035044354,0.6844734191919697,"{""type"":""Point"",""coordinates"":[83.18056304165576,21.14291511105899]}"
1377,39.19908908202089,2025-04-15,281.18578256879533,806,0,40,0.22170963364993215,0.0031719356562689427,4.77623654129308,301.50071239471436,0.4596053148053428,"{""type"":""Point"",""coordinates"":[80.90268026360789,23.129797039566853]}"
1378,151.36797887798056,2025-04-15,282.3132821037656,492,0,10,0.36662106703146374,0.002981454112727988,5.268651653506417,302.617086092631,0.2204426122643454,"{""type"":""Point"",""coordinates"":[80.58512588720025,23.673335989114104]}"
1379,154.98190014343177,2025-04-15,282.35368156433105,471,0,40,0.25392606909881615,0.0015517920043066624,3.5776763706742716,302.0389378411429,0.4546175478381694,"{""type"":""Point"",""coordinates"":[81.29494857588762,23.319135997459274]}"
1380,312.84839016812583,2025-04-15,285.56186957586385,275,0,40,0.265925387093422,0.005182698347766745,1.3635779303140227,304.3856872831072,0.20967890681015425,"{""type"":""Point"",""coordinates"":[81.81729568161745,21.939471411167872]}"
1381,106.04406766265144,2025-04-15,288.1810218266079,863,0,30,0.4457978075517661,0.005095705368717063,11.585124873327334,299.49700378236315,0.7263058672563192,"{""type"":""Point"",""coordinates"":[82.93284678476735,19.108686599083697]}"
1382,160.67389741549061,2025-04-15,292.2957097916376,148,0,10,0.25573945541911375,0.0064832120921209935,1.4739883057228667,304.41315310341963,1.2522947039559622,"{""type"":""Point"",""coordinates"":[81.15949348893872,18.109258984877435]}"
1383,121.87362021912624,2025-04-15,285.78205535525365,322,0,10,0.29478922716627637,0.004972234347064841,3.50851595382095,304.5435241971698,0.46886227822539694,"{""type"":""Point"",""coordinates"":[82.4959083658728,21.138876742726943]}"
1384,164.95027925363163,2025-04-15,285.73509316217326,266,0,40,0.6447105788423154,0.005058690884311545,3.8359900822137387,304.2776085535685,0.31378706306796633,"{""type"":""Point"",""coordinates"":[81.5291562082499,21.598475863025346]}"
1385,227.4529147606295,2025-04-15,283.3022957756406,574,0,40,0.23906212231085328,0.004819095113475669,1.3713686547284114,301.3186823072888,0.624875227902255,"{""type"":""Point"",""coordinates"":[83.40819369871245,23.38734730675732]}"
1386,261.8425340277033,2025-04-15,289.48954582214355,1376,0,30,0.2000659195781147,0.01630021629591738,24.528815950322517,297.5746521268572,0.35658326103275617,"{""type"":""Point"",""coordinates"":[82.84322709620875,18.258123206459807]}"
1387,27.366482838361954,2025-04-15,289.91915775480726,481,0,10,0.5797495917256397,0.010054782011707175,22.29971643180372,302.25510692596436,0.7417997861231008,"{""type"":""Point"",""coordinates"":[81.41919622926837,19.175605283230464]}"
1388,234.87832979856995,2025-04-15,287.5071065085275,238,0,40,0.18825004477879276,0.005148023345668662,2.4167839406558493,304.7322216488066,1.0158202812195323,"{""type"":""Point"",""coordinates"":[80.3054788691133,20.308843057702703]}"
1389,28.556514444609654,2025-04-15,283.1701982588995,844,0,30,0.391304347826087,0.008423089959819663,2.110947633026275,299.98113464173815,0.5567761457318995,"{""type"":""Point"",""coordinates"":[83.72731590111334,23.259304643061412]}"
1390,180.0,2025-04-15,295.60332697913765,47,0,40,0.36908654894266407,0.010868430116374839,0.9274099368670311,302.26653503236315,0.910688774892393,"{""type"":""Point"",""coordinates"":[83.98144251929163,18.737575933895812]}"
1391,-0.0,2025-04-15,290.53592672802154,204,0,40,0.23407859078590787,0.005122452953060019,0.9274099368670311,302.9927952630179,1.0524164520507044,"{""type"":""Point"",""coordinates"":[83.62591913715042,21.648950562479]}"
1392,295.3712732468609,2025-04-15,291.7577924274263,267,0,40,0.32161955691367455,0.01341482994814669,1.0821694749246695,304.00790291740776,0.930469346639502,"{""type"":""Point"",""coordinates"":[81.56570781109332,18.479203842975963]}"
1393,239.88915656547158,2025-04-15,284.0862603868757,505,0,10,0.27929283430505925,0.0033087879206732396,17.042452658646678,302.0792559215001,0.7287565332943049,"{""type"":""Point"",""coordinates"":[83.10119602548846,23.696871095447698]}"
1394,296.25287132770177,2025-04-15,287.97178168523885,314,0,10,0.3857335127860027,0.009357795098026145,18.230157820822757,304.06822890327095,0.6621345575864892,"{""type"":""Point"",""coordinates"":[83.19110552470381,21.312315028216062]}"
1395,332.0059483731951,2025-04-15,288.850972765968,209,0,40,0.7266058328860261,0.005015149691303122,1.050272830271883,304.6016296659197,0.7088905297900489,"{""type"":""Point"",""coordinates"":[82.9053097549107,19.848195853590873]}"
1397,208.34111150235267,2025-04-15,288.9013471149263,300,0,40,0.402680280791321,0.008017137625415671,2.1066561083523583,303.5954796473185,0.8945084827677126,"{""type"":""Point"",""coordinates"":[83.54299633735197,22.02740836106314]}"
1398,90.0,2025-04-15,286.19478670756024,421,0,10,0.29480989740494873,0.0066323727156714085,0.9915835650589482,304.0662467139108,1.1163005703828264,"{""type"":""Point"",""coordinates"":[80.9100711653533,20.728313092950902]}"
1399,-0.0,2025-04-15,290.7494044530959,251,0,40,0.24617196702002356,0.017166703918178428,0.463735342881014,302.97789105914893,1.2104432524456348,"{""type"":""Point"",""coordinates"":[84.29545316299959,21.87199625901183]}"
1400,35.11716425689287,2025-04-15,296.0224873679025,75,0,10,0.46151449049548143,0.00849747655649935,1.700325619798083,301.9860523314704,1.0132818513012753,"{""type"":""Point"",""coordinates"":[84.08605965591946,18.56416798653219]}"
1401,-0.0,2025-04-15,287.9145772116525,627,0,40,0.3527724665391969,0.008619979002673972,0.0,301.8900004341489,0.9665897556017103,"{""type"":""Point"",""coordinates"":[82.14933864720899,19.575808103272504]}"
1403,11.996327173635894,2025-04-15,288.1827889397031,534,0,10,0.3087414755114693,0.0052039176013067845,13.941179126456262,302.6907933098929,0.698109487253968,"{""type"":""Point"",""coordinates"":[82.95927344621526,19.741456336809545]}"
1404,270.0,2025-04-15,281.76053029014946,673,0,10,0.6020278833967047,0.003895431735713828,2.504107853977294,302.004537264506,0.6309145781626005,"{""type"":""Point"",""coordinates"":[80.83665427040556,22.27459669718614]}"
1405,280.6142548720144,2025-04-15,288.8271051134382,496,0,10,0.3894736842105263,0.010026290991504538,2.516056828920939,302.2876648221697,0.7660575779824542,"{""type"":""Point"",""coordinates"":[83.86227633496357,20.444669210135206]}"
1406,270.0,2025-04-15,290.0930323827834,403,0,10,0.3074086490110627,0.020166859009464133,2.0031418762088125,302.30668453943156,0.8288103778975404,"{""type"":""Point"",""coordinates"":[83.90471912084277,22.23153626061202]}"
1407,18.538232835966777,2025-04-15,291.6443135397775,318,0,40,0.32666153451372854,0.007165759780605185,9.213144926532504,302.2915594464257,1.3369243437643068,"{""type"":""Point"",""coordinates"":[83.55855569866826,19.66035704129653]}"
1408,117.70283966555118,2025-04-15,286.89202326820015,526,0,10,0.34391343552750225,0.009943664052684653,13.698536689414796,303.05824820200604,1.0598997511121295,"{""type"":""Point"",""coordinates"":[81.16950789951179,20.34150160482317]}"
1409,248.41621546766834,2025-04-15,289.92481949215846,486,0,10,0.20443173695496783,0.021621480562885154,15.962278686493276,301.4378636223929,0.5473239165879681,"{""type"":""Point"",""coordinates"":[80.85150339606015,19.37689740218475]}"
1410,238.4313736667189,2025-04-15,291.76224508739654,866,0,10,0.4051747132568685,0.0073520839001730565,23.407530401083747,299.83701029277984,0.7096388886795122,"{""type"":""Point"",""coordinates"":[84.08217438272318,19.3312457872277]}"
1411,280.44133929632085,2025-04-15,283.7847234635127,598,0,40,0.19148936170212766,0.006762012818057883,2.557196369350615,301.6803301402501,0.19669146667445844,"{""type"":""Point"",""coordinates"":[82.95919502418586,22.867563093715823]}"
1412,307.06943481136346,2025-04-15,288.8626624516078,561,0,30,0.1903871829105474,0.00687733290453707,3.0744115235965763,301.5558823630923,0.8169659913918722,"{""type"":""Point"",""coordinates"":[82.56107557060753,19.20998586715672]}"
1413,305.74881356524645,2025-04-15,281.8261983054025,785,0,10,0.6951316839584996,0.005685895660121787,5.539056656989197,301.8491359438216,0.6591739542367139,"{""type"":""Point"",""coordinates"":[80.98243540508084,22.250258893924507]}"
1414,141.69344761389522,2025-04-15,289.8704226357596,970,0,40,0.3994786575431737,0.02983359990378176,4.717155314326085,297.0274225416638,0.42072511897167975,"{""type"":""Point"",""coordinates"":[82.94645953823024,18.29719822311317]}"
1415,82.46201890900284,2025-04-15,289.24952652340846,430,0,10,0.5509004042631386,0.012442961313922751,3.530617417852448,302.876601764134,0.8790882172413154,"{""type"":""Point"",""coordinates"":[83.65354587338807,22.13650830773244]}"
1416,137.12072584156186,2025-04-15,289.30342928568524,738,0,10,0.4020108785231581,0.028197333195407737,5.049683556052557,301.064334279015,0.6597155169836109,"{""type"":""Point"",""coordinates"":[81.08942864952805,19.559460870933606]}"
1417,226.54971946401693,2025-04-15,289.5751461755662,1169,0,60,0.014634146341463415,0.008487611987789023,6.7123058394745385,301.40219583965484,0.8698212476420573,"{""type"":""Point"",""coordinates"":[81.1927852744217,18.68109892626729]}"
1418,252.8751740948207,2025-04-15,286.34800820123576,324,0,10,0.248063952035973,0.007551655152042258,1.5745346853091111,303.60102512722926,0.24210861703868616,"{""type"":""Point"",""coordinates"":[83.23252289164547,22.430145261454886]}"
1419,316.25953030007906,2025-04-15,284.1013447897775,315,0,10,0.47056659308314935,0.008790895321567405,10.162176698668326,302.8128287451608,0.4056605119593349,"{""type"":""Point"",""coordinates"":[84.23464637204222,23.887691302466774]}"
1420,72.90626440805404,2025-04-15,285.46704419453937,412,0,10,0.2882231404958678,0.006638750412662375,3.152235573082837,302.98239022209526,0.2288130592419039,"{""type"":""Point"",""coordinates"":[82.53181040807829,22.696015851057798]}"
1421,258.0725176770891,2025-04-15,284.7444635118757,414,0,10,0.4329810434490857,0.011520206906993735,6.700847276296374,301.684701420012,0.6381771674274929,"{""type"":""Point"",""coordinates"":[84.32626771741808,23.744773752741573]}"
1422,160.54949181214974,2025-04-15,290.3620462871733,376,0,10,0.41386554621848737,0.01473560927172457,5.88102145111262,302.69968700408936,0.5252024347231555,"{""type"":""Point"",""coordinates"":[80.76245812220057,19.283516284872707]}"
1423,-0.0,2025-04-15,286.5877542949858,335,0,80,0.40561896400351183,0.010180979945857871,1.390963080774087,302.44172336941676,0.3529232836362534,"{""type"":""Point"",""coordinates"":[83.36609490245377,22.398704244071165]}"
1424,35.5853837399786,2025-04-15,284.5792035602388,411,0,10,0.4001904157410346,0.004064142682750571,14.507954825372428,302.3591631480626,0.6582422096884653,"{""type"":""Point"",""coordinates"":[83.46014296407313,23.96767869832304]}"
1425,188.78236324494316,2025-04-15,282.01268686567033,878,0,10,0.33352651405389744,0.004334285834033835,12.915615945984708,301.84213724590484,0.6692851671996509,"{""type"":""Point"",""coordinates"":[81.01011161475495,22.379300188482407]}"
1426,-0.0,2025-04-15,283.3976036253429,540,0,40,0.24763629048481192,0.006088301518161643,1.3909630807829783,301.6747672217233,0.3988231447135659,"{""type"":""Point"",""coordinates"":[82.8747845480033,23.275410565635404]}"
1427,151.93714512749918,2025-04-15,287.5071065085275,251,0,30,0.24245348035837352,0.005148023345668662,1.0509442968701272,304.7322216488066,1.0158202812195323,"{""type"":""Point"",""coordinates"":[80.25028083225077,20.301698729636225]}"
1428,144.31247283507065,2025-04-15,287.6278689248221,242,0,10,0.6421145116415288,0.0038641989018515233,1.7123911670240093,303.9514134270804,0.5210891086240902,"{""type"":""Point"",""coordinates"":[82.80731049497517,21.84580135705223]}"
1429,27.809238706219123,2025-04-15,291.10098439171196,271,0,10,0.3947863477559796,0.015999093630512107,2.0962600850072737,303.30089491889595,0.6326131254093125,"{""type"":""Point"",""coordinates"":[81.9926816247218,18.56486157305641]}"
1430,180.0,2025-04-15,292.12511362348283,165,0,10,0.30470685383980184,0.00741042194624697,1.8543341688295631,304.4818786893572,1.064259983394645,"{""type"":""Point"",""coordinates"":[80.93004416158156,18.47123853732267]}"
1431,144.31173407333557,2025-04-15,285.8102245330811,262,0,40,0.34429974868631485,0.006625637390811789,1.712407016150139,304.354629107884,0.2814156385197079,"{""type"":""Point"",""coordinates"":[81.79534879080404,21.84906319017169]}"
1432,270.0,2025-04-15,290.15870039803644,193,0,40,0.35789340422838334,0.006888627984722007,0.4989611360556658,303.66684427715484,1.0483049087751395,"{""type"":""Point"",""coordinates"":[83.53192107940977,21.658623194340844]}"
1433,90.0,2025-04-15,288.78847857884,217,0,40,0.1737704918032787,0.004215687492092002,0.9886973848659132,304.87325936272026,0.9549218765120787,"{""type"":""Point"",""coordinates"":[83.03146753293666,20.28198359615256]}"
1434,71.10509970387699,2025-04-15,290.5282130468459,833,0,10,0.584977033234261,0.010520026066501487,16.69545578905794,300.37245718638104,0.9675499311605354,"{""type"":""Point"",""coordinates"":[83.90939552323552,19.735835492639612]}"
1435,90.0,2025-04-15,287.9145772116525,642,0,30,0.4636900179625353,0.008619979002673972,1.967939171534233,301.8900004341489,0.9665897556017103,"{""type"":""Point"",""coordinates"":[82.14278419713254,19.57019812832966]}"
1436,255.98332993242747,2025-04-15,283.3892272767567,573,0,10,0.3331040412725709,0.005611121633251059,5.72493554928291,302.2028898965745,0.8654781745508725,"{""type"":""Point"",""coordinates"":[83.37484427145279,23.746371427783917]}"
1437,90.0,2025-04-15,285.15308516366133,307,0,10,0.3762076423936554,0.006052702644069541,0.9991637289925094,303.568990389506,0.2464703376525064,"{""type"":""Point"",""coordinates"":[80.24827244149982,21.8486559134961]}"
1438,-0.0,2025-04-15,289.68737529572985,230,0,40,0.2513281569268492,0.004254072883327353,0.9274099368611016,304.6360418683007,0.9699727145868751,"{""type"":""Point"",""coordinates"":[83.27577338626268,20.075350972227064]}"
1439,3.7621262629410546,2025-04-15,289.7658665066674,1140,0,30,0.5957034689205846,0.008984461405475486,14.55079709524444,298.7478873389108,0.2825593407369305,"{""type"":""Point"",""coordinates"":[82.43385562703115,18.106045766275297]}"
1440,42.20272845649715,2025-04-15,293.8876054854621,255,0,10,0.664328116567728,0.005420029142101157,4.373691030808526,301.8063764572144,0.9508136571155219,"{""type"":""Point"",""coordinates"":[83.86886563212447,19.054640224722696]}"
1441,290.49176469857167,2025-04-15,286.5214294251942,327,0,30,0.17495547335251405,0.006202280500133384,2.6475374794815627,304.1605082466489,0.9721298463086786,"{""type"":""Point"",""coordinates"":[81.18110555135759,20.88424043725539]}"
1442,100.39665596128684,2025-04-15,282.8844025929769,467,0,10,0.2403282532239156,0.002775847890575278,2.568050643337683,302.4055963697887,0.3933898096032134,"{""type"":""Point"",""coordinates"":[80.96966119149936,23.455211412737402]}"
1443,313.15719074398373,2025-04-15,287.7149806249709,284,0,40,0.2733615748816347,0.008037164786060202,0.6779565731443326,304.4048290706816,0.7292037775672291,"{""type"":""Point"",""coordinates"":[82.60958286026337,20.33804253088848]}"
1444,-0.0,2025-04-15,285.68535822913753,389,0,10,0.2918108419838524,0.003920063355167258,0.0,304.30008692968465,0.9560108274982302,"{""type"":""Point"",""coordinates"":[80.47673688737571,20.96080010221703]}"
1445,347.65097539146797,2025-04-15,283.46422495160783,359,0,40,0.20966969842029679,0.0018698572899893406,2.3722900041477835,302.6832598277501,0.4277314177047486,"{""type"":""Point"",""coordinates"":[80.98610382620267,24.00236607418171]}"
1446,107.48498621744257,2025-04-15,290.8513971056257,298,0,10,0.28094302554027506,0.012156531193454612,3.083963861128373,303.0268586930775,0.618493446157614,"{""type"":""Point"",""coordinates"":[80.81483680010493,19.085197013195657]}"
1447,264.965529757185,2025-04-15,291.0136576152983,455,0,10,0.620077648363838,0.015553623416622031,24.757425733679213,300.4531456629435,0.5276435338226891,"{""type"":""Point"",""coordinates"":[81.83617289064021,17.931607155850756]}"
1448,331.79489584546485,2025-04-15,285.94704210190554,337,0,50,0.1556480999479438,0.006391823270519126,1.0523400820634126,304.15936311086017,0.7802799200409594,"{""type"":""Point"",""coordinates"":[81.14216486963109,21.204015982284076]}"
1449,110.56137461410499,2025-04-15,288.7479337964739,680,0,30,0.4233794412801736,0.00930336115618502,7.872600289569801,301.31618277231854,0.9524923920240589,"{""type"":""Point"",""coordinates"":[83.98894679164907,20.3202184379546]}"
1450,125.40959122085039,2025-04-15,290.1411687760126,531,0,10,0.3426947509194249,0.010182812788684714,2.3996903095304556,301.77024945758643,0.9523070151150568,"{""type"":""Point"",""coordinates"":[81.34848964965708,18.57846119097267]}"
1451,180.0,2025-04-15,290.53592672802154,223,0,30,0.3669814392705959,0.005122452953060019,2.7802885155465065,302.9927952630179,1.0524164520507044,"{""type"":""Point"",""coordinates"":[83.64470804361059,21.5621943380731]}"
1452,32.43650478655544,2025-04-15,288.84585743858696,832,0,40,0.20472895040369088,0.007581770398815024,8.185899355042213,299.3000055494762,0.9375762447017423,"{""type"":""Point"",""coordinates"":[83.05598341512008,19.245316053585018]}"
1453,207.02139257890045,2025-04-15,291.6422615959531,288,0,10,0.3204973926995588,0.008405849316318381,16.69022348544107,304.20325029464,1.140273106378646,"{""type"":""Point"",""coordinates"":[80.41617480322421,18.06697964798458]}"
1454,262.872158021837,2025-04-15,284.4019865308489,679,0,10,0.4599783248180833,0.014036089160640586,11.072166559816278,299.4308649244762,0.7291596818862104,"{""type"":""Point"",""coordinates"":[84.05816665489463,23.50410886661224]}"
1455,132.7905205369117,2025-04-15,285.4498032161168,284,0,40,0.1686582967780971,0.005527257898052085,0.6826290914047494,303.99878252120243,0.1672400721375177,"{""type"":""Point"",""coordinates"":[82.21690779789992,22.225414173507737]}"
1456,327.43758089159445,2025-04-15,292.2242172786168,998,0,10,0.6033106710020691,0.010875314452846396,15.050712109093915,302.5831970487322,0.3434222902847396,"{""type"":""Point"",""coordinates"":[81.89708600853722,18.05910319121373]}"
1457,305.32294487508557,2025-04-15,288.99227205912274,578,0,30,0.37757559539737756,0.007553428390224326,2.4048025829252446,301.1992394129435,0.7403220486204801,"{""type"":""Point"",""coordinates"":[82.55821666063557,19.116252483861896]}"
1458,180.0,2025-04-15,286.37064352489654,259,0,40,0.5236075770426916,0.006319791057308066,0.463735342881014,303.968881107512,0.3392916702544707,"{""type"":""Point"",""coordinates"":[81.75399879602824,21.725990225888705]}"
1459,285.0755703900423,2025-04-15,292.6242881956555,497,0,30,0.3859743040685225,0.017832547404964316,3.561405874320173,299.6862767083304,0.4535983458205728,"{""type"":""Point"",""coordinates"":[84.29367578424173,19.47743760680061]}"
1460,238.268201848081,2025-04-15,287.18966556730726,240,0,40,0.28600702576112413,0.0044138133313254,1.7629227829425547,303.98633134932743,0.4772904370221088,"{""type"":""Point"",""coordinates"":[82.79026638573607,21.940494803513]}"
1461,50.391849625475146,2025-04-15,294.36901592072985,71,0,80,0.23795210900711353,0.005914062240321982,5.078497282028361,302.3651562191192,1.12673091042191,"{""type"":""Point"",""coordinates"":[83.82075548201853,18.96341875898689]}"
1462,216.11293659365342,2025-04-15,288.1540326618013,325,0,30,0.18549222797927462,0.0075627714182928685,3.4401249291687983,302.3382426216489,0.4991184451854302,"{""type"":""Point"",""coordinates"":[82.72966869311885,23.964867937823826]}"
1463,167.7316016194121,2025-04-15,284.54476229349774,507,0,40,0.2730835734870317,0.004403561332424033,2.3715625551711907,300.86137785230363,0.3625015672989716,"{""type"":""Point"",""coordinates"":[81.90594610954642,23.1153957073594]}"
1464,245.05724493542715,2025-04-15,285.35995365324476,307,0,40,0.42482380579483164,0.005179285981853354,1.099536975650172,304.07698890141086,0.454396743249039,"{""type"":""Point"",""coordinates"":[80.52102432992696,21.53625204460928]}"
1465,345.0699013125193,2025-04-15,286.76685469491144,385,0,50,0.2858907832962688,0.00989210603495394,1.9190744349528743,303.89966724032445,0.933677714192781,"{""type"":""Point"",""coordinates"":[81.4547248678081,20.3499605729557]}"
1466,349.6605841214683,2025-04-15,284.62918263389946,361,0,30,0.2727272727272727,0.00457836685438906,2.8261068034668226,301.37165501004176,0.2716614095114221,"{""type"":""Point"",""coordinates"":[82.0764856218906,24.001819752688576]}"
1467,180.0,2025-04-15,286.51650592259,300,0,40,0.4028690974297669,0.007216736653049338,0.9274099368670311,302.2105687005179,0.44831344799586326,"{""type"":""Point"",""coordinates"":[82.63010221192953,24.10158743531391]}"
1468,180.0,2025-04-15,289.33141245160783,327,0,10,0.394585448392555,0.013143032767970908,2.7802885155465065,303.72229326338993,0.9044405942634793,"{""type"":""Point"",""coordinates"":[80.55119517555562,19.87956578029517]}"
1469,140.3826962448958,2025-04-15,287.8901631491525,636,0,10,0.3843283582089552,0.01548220215101992,5.402080589736593,301.988179842631,0.7705475827628013,"{""type"":""Point"",""coordinates"":[81.28013538900157,20.016690491487704]}"
1470,213.31592957399175,2025-04-15,296.0251322246733,38,0,40,0.2798667301285102,0.00694173572321688,4.430736251319541,302.35638459523517,1.395661821568536,"{""type"":""Point"",""coordinates"":[83.32887610846052,18.02953415273036]}"
1471,132.9943790910101,2025-04-15,286.53434562683105,310,0,40,0.1436248168050806,0.00599530337115084,0.6800199440534764,303.868312608628,0.6575898372714527,"{""type"":""Point"",""coordinates"":[81.78350503839766,21.19896405343171]}"
1472,90.0,2025-04-15,285.29762222653346,330,0,30,0.1615864854939405,0.006544500568111289,1.4953466676126692,303.58520830245243,0.49164893426368966,"{""type"":""Point"",""coordinates"":[80.60395217507872,21.53915205069429]}"
1473,18.476654567569057,2025-04-15,291.6434241703579,238,0,10,0.29159082635602473,0.009664177873332847,19.284168975009866,303.85622183481854,1.1582076959479553,"{""type"":""Point"",""coordinates"":[80.82194876870852,18.392354904655775]}"
1474,115.21936025629141,2025-04-15,289.5261262257894,239,0,40,0.7022317334148579,0.008892223217685569,1.0882563148446496,304.114388920012,0.7891384863543005,"{""type"":""Point"",""coordinates"":[82.83195108882938,19.61763521018903]}"
1475,256.98524207194254,2025-04-15,283.87222462608696,471,0,30,0.22666666666666666,0.003667831399638999,4.111412757950884,302.4821635200864,0.5360956299138719,"{""type"":""Point"",""coordinates"":[81.35200592285626,22.397909771831333]}"
1476,227.01325914124044,2025-04-15,284.55365017482217,403,0,40,0.19454198856225544,0.0032769143368795994,2.0395854605126824,304.6880554471697,0.8160674589151967,"{""type"":""Point"",""coordinates"":[80.57441651154939,21.238430773255505]}"
1477,32.73325404594381,2025-04-15,286.3466596149263,298,0,40,0.5850394970175722,0.006358131745059836,2.7543377808974676,304.1857942399525,0.9294407291302662,"{""type"":""Point"",""coordinates"":[81.11759172775892,21.028051304463773]}"
1478,199.4630630222266,2025-04-15,290.3110615866525,208,0,10,0.21059151440074325,0.011434167602260459,2.9485040246070784,303.92772597358345,0.7968416919558955,"{""type"":""Point"",""coordinates"":[80.40580458367327,19.397851519956305]}"
1479,132.61031654410368,2025-04-15,282.1608337220691,1109,0,10,0.3382041008720245,0.005010619738300193,1.3697231940652697,298.8923662730626,0.4117047597924317,"{""type"":""Point"",""coordinates"":[83.64373625196889,23.09143465477635]}"
1480,144.21959840063516,2025-04-15,284.54052470979235,337,0,30,0.25683910281343186,0.00521257517596041,1.7143881981548457,303.4189194724673,0.27122257221105855,"{""type"":""Point"",""coordinates"":[81.94604383578144,22.328368016536455]}"
1481,259.2453521848417,2025-04-15,297.0850396837507,50,0,10,0.49024045261669025,0.005800828316409934,2.4836318568701965,302.29337306249715,2.4417249529186087,"{""type"":""Point"",""coordinates"":[83.6977811887828,18.250035787569455]}"
1482,286.12261162448334,2025-04-15,287.22531009855726,357,0,30,0.23331581713084604,0.007735595085819114,8.291571689844593,303.66698378608334,0.3103094382839989,"{""type"":""Point"",""coordinates"":[83.20764663528257,22.332005438558838]}"
1484,295.1292769025984,2025-04-15,289.5970490773519,225,0,10,0.3985091743119266,0.003328710773189414,6.523863924495173,304.5398039590745,1.1285812416901064,"{""type"":""Point"",""coordinates"":[83.33168520639181,20.262893537260158]}"
1486,221.69233813277864,2025-04-15,281.49614924476265,510,0,10,0.398706519839189,0.0023149400736883763,10.44052185628034,302.9904236112322,0.504630873849668,"{""type"":""Point"",""coordinates"":[80.58495437806758,22.397899773581738]}"
1487,121.35598541186398,2025-04-15,283.66816375369115,408,0,30,0.19633572666501609,0.0030258148696020726,1.781849087765025,302.1254391897292,0.17783202059668782,"{""type"":""Point"",""coordinates"":[81.32673331217335,23.932496872716605]}"
1488,180.0,2025-04-15,287.18263199215846,242,0,40,0.30909949250560603,0.0049301385666922215,1.3909630807829783,304.618795077006,0.9432310022745692,"{""type"":""Point"",""coordinates"":[80.22054144872489,20.553433373649682]}"
1489,314.91963976929975,2025-04-15,292.6607523418608,588,0,10,0.47395099971838917,0.007760584333141196,12.286521182953873,299.9260518664405,0.8585423787731935,"{""type"":""Point"",""coordinates"":[84.1294192108689,19.14114535155916]}"
1490,340.3495099883943,2025-04-15,286.1453075408936,305,0,40,0.16133992311916528,0.004117652752597678,1.4769432300325998,304.77060985565186,0.4702047649109409,"{""type"":""Point"",""coordinates"":[82.57955752842018,21.012177437445075]}"
1491,151.9463437717279,2025-04-15,287.5469072432746,253,0,40,0.2101630489146744,0.005778998115260947,1.0508543877397838,304.547256061009,1.0117763302107807,"{""type"":""Point"",""coordinates"":[80.33264070971785,20.241546053622105]}"
1492,199.9283875136728,2025-04-15,281.4799952734084,576,0,30,0.24435775982167734,0.0010709315325811986,10.24824820834168,302.98394225892565,0.20861249374972263,"{""type"":""Point"",""coordinates"":[80.31401789441799,23.161831420092184]}"
1493,7.58327767598679,2025-04-15,289.41908218747096,588,0,40,0.3302752293577982,0.004084438064296592,11.087583397761206,299.98392482030965,1.1317652804671872,"{""type"":""Point"",""coordinates"":[84.073163496833,20.12905395778915]}"
1494,226.4889305108003,2025-04-15,289.48954582214355,1031,0,30,0.38028169014084506,0.01630021629591738,15.130189162388197,297.5746521268572,0.35658326103275617,"{""type"":""Point"",""coordinates"":[82.84626782834792,18.317255500352832]}"
1495,346.82774897401094,2025-04-15,291.5538187481108,127,0,10,0.3002849002849003,0.009564921238620627,4.278518946127731,304.453256107512,1.1502844837369195,"{""type"":""Point"",""coordinates"":[80.62900776436709,18.283330611950607]}"
1496,75.64599858983216,2025-04-15,288.0767447153727,403,0,10,0.4129115320949053,0.009323999264438498,16.374567265144318,303.6793768292382,1.0298476587083825,"{""type"":""Point"",""coordinates"":[80.58495889149407,20.231681232409567]}"
1497,60.12157179134011,2025-04-15,284.78898429870605,809,0,10,0.47702479338842974,0.01699596641321932,9.228501118504818,299.35003112611315,0.5926023992551461,"{""type"":""Point"",""coordinates"":[84.08906134819802,23.184859323539666]}"
1498,340.0030792553634,2025-04-15,284.58841696239654,572,0,10,0.3493026076409945,0.007112994768817771,1.4801645373661902,301.20456981658936,0.4001084304578762,"{""type"":""Point"",""coordinates"":[82.36219883454135,23.654700917222538]}"
1499,15.027363827056035,2025-04-15,290.73272732325967,177,0,10,0.6223813312118801,0.003546625354488242,1.9199456136303625,303.91831493377686,0.9251049552962607,"{""type"":""Point"",""coordinates"":[83.65759690659313,21.372534270943873]}"
1500,-0.0,2025-04-15,289.1917523883638,155,0,40,0.26031328470644505,0.0049620270516470555,0.0,305.2119928541638,0.791183236523583,"{""type"":""Point"",""coordinates"":[83.554612159623,20.76929828611513]}"
1501,270.0,2025-04-15,291.48758688427154,134,0,40,0.2859931673987311,0.01624971626063143,0.49078962479419347,304.2001345952352,0.9899868785471028,"{""type"":""Point"",""coordinates"":[80.21541021908226,19.11275178210739]}"
1502,289.5860887406623,2025-04-15,289.5408037276496,686,0,10,0.5315807442813247,0.00811123845835482,8.243021790800055,299.41021179017565,0.26546732752278035,"{""type"":""Point"",""coordinates"":[82.45500072669479,18.409135698897842]}"
1503,312.65166641981807,2025-04-15,281.3396667298817,487,0,40,0.2761740629039207,0.0015688091303900364,4.780065927124071,302.436892872765,0.5144874452730931,"{""type"":""Point"",""coordinates"":[80.53617335947362,22.8962560371136]}"
1504,47.61154739021009,2025-04-15,284.17118644714355,364,0,40,0.20264900662251656,0.00380133090277468,2.062787134751545,302.153457232884,0.19237715394426314,"{""type"":""Point"",""coordinates"":[81.61056719126678,24.11089775235604]}"
1505,131.40236739478246,2025-04-15,291.86722555614654,649,0,30,0.2357620108176901,0.010379463412959922,62.35556290641991,303.92157014211017,1.216353778777997,"{""type"":""Point"",""coordinates"":[80.77216314261948,18.283874016787806]}"
1506,41.020081108715644,2025-04-15,281.23664519900365,732,0,10,0.3335378950598343,0.0020117014433935765,9.141475152814829,302.21666059039893,0.3535348523637913,"{""type"":""Point"",""coordinates"":[80.55955775579405,23.126060147056435]}"
1507,-0.0,2025-04-15,281.70529056730726,572,0,30,0.17237928446334752,0.0010885149027899388,0.9274099368670311,302.938619295756,0.5262034454572317,"{""type"":""Point"",""coordinates"":[80.32466754370546,22.881276892749614]}"
1508,47.315950186498576,2025-04-15,281.53725787571494,749,0,40,0.2968980797636632,0.00405918059607302,0.6840032159219858,301.1871312005179,0.42158482198339076,"{""type"":""Point"",""coordinates"":[81.00064538509586,22.741398448533385]}"
1509,278.83994031177315,2025-04-15,285.34708976745605,385,0,40,0.2675246782456579,0.003831341841419089,6.013242233489983,304.35169360751195,0.8930331056053579,"{""type"":""Point"",""coordinates"":[80.55174514450098,21.071444224394895]}"
1510,226.5618421968901,2025-04-15,291.44318816775365,175,0,30,0.3892053159750475,0.00958104429503237,1.348688792999839,303.88047313690186,0.8503643279879103,"{""type"":""Point"",""coordinates"":[80.71282913812963,18.75312105030006]}"
1511,133.20778235158508,2025-04-15,289.38703582400365,581,0,10,0.4319211297628564,0.0038860738064840916,2.707385636040306,300.82883739471436,1.0678992581533218,"{""type"":""Point"",""coordinates"":[83.96003216012691,20.06292408901047]}"
1512,312.5216401494564,2025-04-15,282.10769825889946,493,0,30,0.33865046208380806,0.0019290596034124974,0.6861145587725744,302.76577354612806,0.16380660583076176,"{""type"":""Point"",""coordinates"":[80.62871887159525,23.504634092373756]}"
1513,167.99116398782482,2025-04-15,289.1662396930513,309,0,10,0.4542384329618372,0.0028484165455893162,2.3692554860084964,303.200082279387,0.9906842980542417,"{""type"":""Point"",""coordinates"":[83.27670436338886,19.912177531719262]}"
1514,64.56016578023547,2025-04-15,292.4720258258638,132,0,10,0.36813970064148255,0.007849112131793845,2.1581284509868026,304.1124881108603,1.3174944641049087,"{""type"":""Point"",""coordinates"":[80.73579921479786,17.940733152803602]}"
1515,155.01391659706707,2025-04-15,293.9035443805513,449,0,10,0.5571823653814869,0.009405285098750937,16.88863151663287,301.4710667473929,1.0827329781179122,"{""type"":""Point"",""coordinates"":[83.67957740236926,18.789949205187607]}"
1516,53.96455107914673,2025-04-15,286.20133200145904,361,0,30,0.16557219157691971,0.00669093427916323,5.501131865374845,304.3184497924079,1.0762394495739203,"{""type"":""Point"",""coordinates"":[80.73726100406152,20.71634156925746]}"
1517,115.19851812233625,2025-04-15,286.95907474699476,611,0,30,0.5422960725075529,0.007071480133731711,1.0890973597659044,302.1438136781965,1.037836693740587,"{""type"":""Point"",""coordinates"":[82.14411208340562,19.76916920174311]}"
1518,268.41187796130106,2025-04-15,289.84704907735187,248,0,10,0.2965641952983725,0.010549873092372763,16.280238460185032,303.85337352752686,0.8096155524215702,"{""type"":""Point"",""coordinates"":[80.3873222063159,19.498715103196982]}"
1519,304.78399980503366,2025-04-15,285.9147167205811,314,0,40,0.20121711817824892,0.004058390834529746,2.4372228029061747,303.7677324840001,0.3043239672912705,"{""type"":""Point"",""coordinates"":[82.8146018434806,22.159300452483272]}"
1520,169.69876750801592,2025-04-15,282.51668030875067,490,0,10,0.2508908325234856,0.0024209618355826024,2.8257644198656786,302.4991138549079,0.3078912075075837,"{""type"":""Point"",""coordinates"":[80.93855975202655,23.50976044445068]}"
1521,83.06038120511106,2025-04-15,289.79410543895904,785,0,10,0.6081003993154592,0.007338106610973227,31.08598799844471,302.01264622097926,0.7941877201947638,"{""type"":""Point"",""coordinates"":[81.24812395529756,18.79569817594673]}"
1522,294.6782988100277,2025-04-15,283.4547906603132,529,0,40,0.2638477801268499,0.00397622583170687,5.536238517314694,301.72768760862806,0.27586433428806373,"{""type"":""Point"",""coordinates"":[82.57000890292463,23.222644178771688]}"
1523,23.592168752987927,2025-04-15,283.58066840398885,460,0,10,0.3152445555158872,0.004244104006488669,2.528565822811603,302.1596770059495,0.8336028684308755,"{""type"":""Point"",""coordinates"":[83.58464222903706,23.66555143800829]}"
1524,180.0,2025-04-15,286.8906049274263,523,0,10,0.27596223674655046,0.009772002675731528,9.646463364773247,302.6043268385387,0.894810632194569,"{""type"":""Point"",""coordinates"":[82.22513711422992,20.023271492769798]}"
1525,226.82937492976725,2025-04-15,289.7583504631406,185,0,50,0.17219223849910048,0.004625782349307883,0.6777871182691731,304.5369149616787,1.1421185994189003,"{""type"":""Point"",""coordinates"":[83.47927876242127,20.26578769942908]}"
1526,67.32652534162351,2025-04-15,289.078296752203,336,0,10,0.32754174019275145,0.017196744659145224,4.800881586595879,302.9322832652501,0.8759646365296153,"{""type"":""Point"",""coordinates"":[80.93834872760677,19.95258795448119]}"
1527,103.35367645924553,2025-04-15,291.6828877585275,179,0,40,0.3559496273451555,0.007332235553462851,2.007070819588302,303.8160141990298,1.041671018824906,"{""type"":""Point"",""coordinates"":[81.49100491832492,18.283102011790742]}"
1528,193.7318621331449,2025-04-15,288.84585743858696,919,0,10,0.3968012185833968,0.007581770398815024,18.001543141876567,299.3000055494762,0.9375762447017423,"{""type"":""Point"",""coordinates"":[83.0508377318338,19.201459934007698]}"
1529,270.0,2025-04-15,286.04748853047687,335,0,40,0.21813791253018514,0.004907757022579062,3.4678599509729207,304.3583551588513,0.5789286860929882,"{""type"":""Point"",""coordinates"":[82.44928867872899,20.78128502758471]}"
1530,-0.0,2025-04-15,287.42810957772394,651,0,40,0.46752935537982265,0.007708922007282126,0.4637353428839794,301.99863719940186,1.0033918977882412,"{""type"":""Point"",""coordinates"":[82.0656972677161,19.692316571194933]}"
1531,312.8363223809507,2025-04-15,287.08531870160783,251,0,40,0.32450331125827814,0.005515560486514914,0.6820403874380624,304.14626671019056,0.48825285371772353,"{""type"":""Point"",""coordinates"":[82.86212664829299,21.999264595017713]}"
1532,119.68031205046196,2025-04-15,292.23804028828937,68,0,80,0.08116026955757398,0.009437218287189353,2.80742059930709,304.9583074933007,1.1750367503954517,"{""type"":""Point"",""coordinates"":[80.61587325074844,18.214485047609333]}"
1533,237.84217592990046,2025-04-15,288.38549541291735,608,0,30,0.2744618395303327,0.007963895776470054,1.7420375328331335,301.67161083221436,0.8682685612583273,"{""type"":""Point"",""coordinates"":[81.81573617227485,19.428703595537332]}"
1534,240.87420307075922,2025-04-15,284.4677998679025,713,0,10,0.42571186918522697,0.007210686781604636,5.697823347168055,302.59433451152984,0.2796817283346714,"{""type"":""Point"",""coordinates"":[80.42766513211537,21.776280571417395]}"
1535,47.12658429198945,2025-04-15,289.30327815101265,232,0,40,0.46161019583462853,0.006277680375774253,0.6815646790202607,303.9124323072888,0.9717807534079251,"{""type"":""Point"",""coordinates"":[83.35666799108719,21.814465814670637]}"
1536,232.917461862759,2025-04-15,280.9070088522775,948,0,10,0.4227714033539276,0.0038184970404699925,17.15754819476845,300.7924255643572,0.4655717505460451,"{""type"":""Point"",""coordinates"":[81.13904904134061,23.055287943775717]}"
1537,255.11607958845013,2025-04-15,284.0862603868757,473,0,10,0.47502514247401945,0.0033087879206732396,15.833135045144955,302.0792559215001,0.7287565332943049,"{""type"":""Point"",""coordinates"":[83.05640300907746,23.728522171099517]}"
1538,157.19119279249614,2025-04-15,292.5814822060721,164,0,10,0.3619109947643979,0.009428232886989463,2.513810326693124,304.3154270989554,1.3414000396886168,"{""type"":""Point"",""coordinates"":[81.1231280465702,17.982253259342837]}"
1539,151.69177056524018,2025-04-15,284.64856274922687,473,0,40,0.19790441569549877,0.009650215485294211,2.106005139068125,303.2917454583304,0.4844436788334269,"{""type"":""Point"",""coordinates"":[80.72159755204416,21.831573253675263]}"
1540,287.1450123316111,2025-04-15,287.2024015699114,319,0,10,0.4040053404539386,0.010687202193935263,4.708767378670289,303.40659618377686,0.45016832866163126,"{""type"":""Point"",""coordinates"":[83.3743182737809,22.256642243420742]}"
1541,40.83957597279915,2025-04-15,284.42736553010485,363,0,10,0.20452446906740535,0.0036437064196661595,3.0619777720684462,303.31715933481854,0.5479380894499735,"{""type"":""Point"",""coordinates"":[81.3560233118043,22.25391381544119]}"
1542,133.37314517539568,2025-04-15,288.75668216886976,554,0,40,0.2617373122980422,0.010708272435863364,2.0249922026370917,301.3403759456816,0.8531436994135725,"{""type"":""Point"",""coordinates"":[81.74642291637093,19.132264569162384]}"
1543,316.52987460246976,2025-04-15,287.5053452083043,567,0,30,0.24309214063003978,0.015409365275104392,5.0985213146051,301.5043919427054,0.5799425609396055,"{""type"":""Point"",""coordinates"":[84.05676218413905,22.628108276613403]}"
1544,124.84428571943884,2025-04-15,288.18212627229235,217,0,40,0.6458762886597939,0.004194349029262412,2.4335422558097375,304.1363499505179,0.803563332557207,"{""type"":""Point"",""coordinates"":[83.24379916895029,21.84159926433962]}"
1545,140.8294052820602,2025-04-15,284.2059822990781,392,0,30,0.23437842578381934,0.0029152035500601414,2.391305813470023,302.08123811086017,0.3545280434266157,"{""type"":""Point"",""coordinates"":[82.35134585473307,22.992694089318224]}"
1546,232.87585157841684,2025-04-15,288.7509216126941,664,0,40,0.21953650635434838,0.0138645767952994,3.0705390529319643,301.05210980914893,0.8454204168571383,"{""type"":""Point"",""coordinates"":[81.70220930997831,18.880728258244552]}"
1547,12.3426794315167,2025-04-15,283.6757669902983,551,0,10,0.34251345362456476,0.004403948762615073,2.3722325685950443,301.53300871167863,0.14105366947162498,"{""type"":""Point"",""coordinates"":[81.85297507573578,23.934694293604448]}"
1548,42.97473642821956,2025-04-15,283.3892272767567,566,0,10,0.5145299145299145,0.005611121633251059,20.61243988300344,302.2028898965745,0.8654781745508725,"{""type"":""Point"",""coordinates"":[83.40658481045959,23.72661423848686]}"
1549,270.0,2025-04-15,285.57471021016437,281,0,10,0.5507961426328774,0.00396542248984133,1.994566870738536,303.7828808284941,0.30629841289922943,"{""type"":""Point"",""coordinates"":[80.26411410061782,21.62072113707429]}"
1550,9.400213865776559,2025-04-15,291.89706302824476,1096,0,10,0.7455093925682161,0.021858617642124045,22.70476121504859,300.14616207849406,0.5571931406718543,"{""type"":""Point"",""coordinates"":[83.06353948799656,18.646477617271067]}"
1551,290.6653303119048,2025-04-15,292.70109367370605,217,0,10,0.39327187836705374,0.007817015030582297,5.241593348695709,301.84164896465484,0.8835814928526531,"{""type"":""Point"",""coordinates"":[83.82122089519581,19.447928492816278]}"
1552,270.0,2025-04-15,282.6843060993013,381,0,30,0.22765273311897105,0.0014870166565970067,2.0304590627390664,302.7282398314704,0.4830674703883505,"{""type"":""Point"",""coordinates"":[80.40624181913138,24.049181027764142]}"
1553,203.60954192801879,2025-04-15,282.2464805784679,398,0,40,0.22402027685708714,0.003291353562076438,2.5289003908770473,303.1018970580329,0.3195586713204397,"{""type"":""Point"",""coordinates"":[80.25321707804203,23.77380347503064]}"
1554,244.847399762541,2025-04-15,287.66991924104235,358,0,10,0.32241459990641086,0.007688999154765952,1.0909553933450036,304.36613859449113,1.0117807069057407,"{""type"":""Point"",""coordinates"":[80.32780604634276,20.097632520446737]}"
1555,22.170344257417668,2025-04-15,284.1650596800304,496,0,10,0.3937789543348776,0.0035814195658758763,3.9996452199779244,302.2257926123483,0.31558331896597325,"{""type"":""Point"",""coordinates"":[82.64240354570548,23.034302529174987]}"
1556,69.50533674265903,2025-04-15,289.84045146760485,738,0,10,0.430952380952381,0.015524521448810447,25.895019234208476,301.77150503794354,0.7343497224137441,"{""type"":""Point"",""coordinates"":[81.30150900949505,19.378792104008408]}"
1557,340.4719018922901,2025-04-15,286.29654684520904,645,0,10,0.6543478260869565,0.00921277699728762,1.4758213862454173,302.1121625900269,0.8307878690113577,"{""type"":""Point"",""coordinates"":[81.84320779701487,19.97551220622543]}"
1558,180.0,2025-04-15,291.7563217708043,174,0,40,0.6548881036513545,0.008271068313320029,0.463735342881014,303.6702331815447,0.5397187403524842,"{""type"":""Point"",""coordinates"":[81.89281648669883,18.344286332450398]}"
1559,256.7576972998917,2025-04-15,287.66256014506024,601,0,40,0.19765453212802345,0.010743260362346518,2.0236320232536964,301.95276201338993,0.9868426908456782,"{""type"":""Point"",""coordinates"":[82.3535990871081,19.727624802698667]}"
1560,294.9768621792798,2025-04-15,286.802394594465,290,0,40,0.3209142857142857,0.004636764505107749,1.098131991452641,304.27098769233345,0.44656502424139743,"{""type"":""Point"",""coordinates"":[82.79098917246417,21.309153975282303]}"
1561,108.47973653560769,2025-04-15,291.16954721723283,252,0,10,0.23188715537508015,0.008435696342189658,8.71063276373183,304.6192194166637,1.0145974704321374,"{""type"":""Point"",""coordinates"":[80.37868744428542,18.754967390652414]}"
1563,12.267118691986283,2025-04-15,283.0932358333043,703,0,40,0.32968672302337143,0.003684267380435813,2.3715510505912074,300.869533311753,0.38341060571907104,"{""type"":""Point"",""coordinates"":[83.35103930095609,23.10105496984293]}"
1564,226.6097772074688,2025-04-15,290.8515017373221,298,0,10,0.3375694996028594,0.012001097181041587,6.052971339925886,303.79236743563695,0.9305102553085894,"{""type"":""Point"",""coordinates"":[80.42905392913711,19.032876310726447]}"
1565,-0.0,2025-04-15,286.9770248958043,308,0,40,0.182493010700858,0.005038037874896872,0.0,303.89265691666384,0.7461023935254338,"{""type"":""Point"",""coordinates"":[81.45803472410645,21.102972142686127]}"
1566,276.0262803120064,2025-04-15,292.4500357309977,185,0,10,0.2336065573770492,0.009424924829204429,4.408549962453552,304.25270620981854,1.2660937059148583,"{""type"":""Point"",""coordinates"":[81.11570813191283,18.173988458011195]}"
1567,193.1711926082904,2025-04-15,291.3725152696882,174,0,30,0.23266635644485809,0.0066222995307043675,4.278500518175481,303.9651492436727,0.6646587193559413,"{""type"":""Point"",""coordinates"":[81.79663294154814,18.26847239873182]}"
1569,345.1894925416325,2025-04-15,293.8239022209531,120,0,10,0.3673525377229081,0.0051617622162893895,1.9180119363775845,302.11097095126195,1.090834119684528,"{""type"":""Point"",""coordinates"":[83.74449775115453,19.00125057069762]}"
1570,107.06776239192357,2025-04-15,286.2163699013846,896,0,10,0.596749924766777,0.009619370081622947,3.1568800813796947,300.6306998389108,0.44028192374267955,"{""type"":""Point"",""coordinates"":[83.92121393300835,22.91655307074371]}"
1571,257.0184059699889,2025-04-15,283.9849129631406,594,0,30,0.25732767333737616,0.006759494521816123,2.0635194388856375,301.3034700212025,0.5159561884152449,"{""type"":""Point"",""coordinates"":[81.95418955242884,22.761840652772253]}"
1572,66.66279881303326,2025-04-15,284.14376712980726,758,0,10,0.48856900931414055,0.004707172491748679,9.283150279072533,300.5956889107114,0.24371397845489043,"{""type"":""Point"",""coordinates"":[82.25889372318903,23.536317015125118]}"
1573,133.14586980743348,2025-04-15,289.7656746818906,172,0,40,0.24204119850187267,0.004354298093517173,0.6780994653698275,304.9941438493275,1.1504064538123842,"{""type"":""Point"",""coordinates"":[83.40205119100557,20.399806727736525]}"
1574,24.120542705951227,2025-04-15,287.4345444270543,409,0,10,0.24761733501168853,0.008926510789592612,6.074454329945523,303.39732465289893,0.4646001888226443,"{""type"":""Point"",""coordinates"":[82.77173802224473,21.475338998951635]}"
1575,312.61397372047225,2025-04-15,281.0230163392567,644,0,30,0.14504716981132076,0.0010869502808645848,4.102641284036786,302.538955279759,0.30669268304799724,"{""type"":""Point"",""coordinates"":[80.41535640053736,23.074761092802287]}"
1576,-0.0,2025-04-15,291.237214860462,188,0,30,0.7850145618215515,0.0058195590760306,0.0,303.4199948537917,1.14943844974368,"{""type"":""Point"",""coordinates"":[83.68436195563802,21.701592792040024]}"
1577,226.86083709790748,2025-04-15,286.47247341700967,419,0,30,0.2916866890917828,0.005811512448985923,1.3561783417443958,304.0798197700864,0.5622234926414,"{""type"":""Point"",""coordinates"":[82.22873232623756,20.435451025461965]}"
1578,151.69947324662684,2025-04-15,284.7471432458787,293,0,40,0.20318725099601595,0.005558475830753196,1.0532821128361392,304.4314752760387,0.06590580017167484,"{""type"":""Point"",""coordinates"":[81.49717341984609,21.785736548229725]}"
1579,-0.0,2025-04-15,284.267499923706,485,0,10,0.40832282471626735,0.007485762217243064,9.646463364773247,301.66551894233334,0.3481327263830303,"{""type"":""Point"",""coordinates"":[82.23586843538737,22.561879335636288]}"
1580,28.28619395855973,2025-04-15,285.4642947060721,274,0,40,0.21301648469278528,0.00558912751932894,1.0531403226212335,304.4186869575863,0.19123793601459038,"{""type"":""Point"",""coordinates"":[81.56275175176468,21.699396449619243]}"
1581,129.9720457428546,2025-04-15,284.1013447897775,329,0,10,0.4184826472962066,0.008790895321567405,7.890414611701848,302.8128287451608,0.4056605119593349,"{""type"":""Point"",""coordinates"":[84.17941442274301,23.868435348820075]}"
1582,28.230892291611074,2025-04-15,284.9878891536168,330,0,10,0.2595700052438385,0.005646049955089438,1.0525942136843602,303.7883507410684,0.5782585770584215,"{""type"":""Point"",""coordinates"":[80.57846467201068,21.363164404153757]}"
1583,284.7351905463116,2025-04-15,285.21829977489654,966,0,10,0.39142776043145044,0.008156254866321433,3.64157458511291,299.5878124691191,0.3954864464062914,"{""type"":""Point"",""coordinates"":[83.82383637893214,22.999608226779486]}"
1584,114.97628149745127,2025-04-15,286.46083023434596,280,0,50,0.08072009291521487,0.0042730271603659276,2.1955055288723107,304.23318077269056,0.6076789929961719,"{""type"":""Point"",""coordinates"":[81.63208321498567,21.313365849906976]}"
1585,151.2948164774438,2025-04-15,285.0518191201346,345,0,10,0.26479750778816197,0.003379270413120139,3.1691096956733538,302.8707714534941,0.628539365316498,"{""type"":""Point"",""coordinates"":[83.44815341192877,24.065973660205707]}"
1586,12.257846928908076,2025-04-15,284.6466735658191,550,0,40,0.3205934121196882,0.005693346240718711,2.371467734892553,300.7786490576608,0.47849256805666773,"{""type"":""Point"",""coordinates"":[81.89951010985219,22.995098869545618]}"
1587,237.75457999351715,2025-04-15,294.2607453664144,446,0,10,0.6373120589137772,0.009751155951221335,5.200717771451674,301.1577238809495,1.0305321881158098,"{""type"":""Point"",""coordinates"":[83.98124796755188,18.868340958427893]}"
1588,313.5038974073045,2025-04-15,296.78561283293226,21,0,10,0.5188818048062775,0.013809591510494101,0.6736221152187661,302.3245300565447,1.6258821528260987,"{""type"":""Point"",""coordinates"":[83.85287980250033,18.360048454876544]}"
1589,295.41591411747584,2025-04-15,292.74596323285783,87,0,40,0.2483891082934941,0.009862646439273703,1.08039516810779,304.8789036614554,1.2587898929787824,"{""type"":""Point"",""coordinates"":[80.74385186706263,18.129818881620764]}"
1590,235.3659524366959,2025-04-15,281.3396667298817,703,0,40,0.19325153374233128,0.0015688091303900364,2.446437822868792,302.436892872765,0.5144874452730931,"{""type"":""Point"",""coordinates"":[80.45228807058669,22.930444850332616]}"
1591,252.4892436421511,2025-04-15,292.4902549925304,340,0,30,0.32066869300911854,0.018295466878612388,3.0795756212075633,301.2021865390596,0.7195595423056355,"{""type"":""Point"",""coordinates"":[83.22444848937299,18.823818789088584]}"
1592,337.91057544312633,2025-04-15,286.7838631584531,308,0,40,0.2746478873239437,0.006352767327030051,3.99735616970723,303.5353571119763,0.1682621407903492,"{""type"":""Point"",""coordinates"":[83.09539984644101,22.481652757995906]}"
1593,144.5173822895077,2025-04-15,287.0709260304769,319,0,30,0.29441786283891547,0.0033188611056402806,1.70801734484335,304.23507576897026,0.6905397787503504,"{""type"":""Point"",""coordinates"":[82.84557845114819,20.734335691678424]}"
1594,313.14380751144915,2025-04-15,287.0138494400751,444,0,10,0.35134291068082446,0.007725208976467002,8.74743992453094,303.8020284289405,1.1249513991354818,"{""type"":""Point"",""coordinates"":[81.18453912550672,20.41041345313159]}"
1595,186.7150649283696,2025-04-15,290.3620462871733,487,0,10,0.37139749864056554,0.01473560927172457,27.177641187837043,302.69968700408936,0.5252024347231555,"{""type"":""Point"",""coordinates"":[80.76415470902224,19.316849741635693]}"
1596,151.66536162722232,2025-04-15,284.57203628903346,278,0,40,0.24792801326071512,0.003495648482044089,1.0536199880811683,304.6772900081816,0.17422660121285705,"{""type"":""Point"",""coordinates"":[81.66617541112053,21.9882150080767]}"
1597,262.4747816542405,2025-04-15,284.9882204873221,357,0,10,0.29931662870159453,0.00381755826731478,3.5365556780857297,303.25257251376195,0.46172809270652676,"{""type"":""Point"",""coordinates"":[81.61416120741701,22.37642670969943]}"
1598,115.20581580807287,2025-04-15,288.11767314729235,309,0,40,0.2763018065887354,0.010210245826442588,1.0888027112226157,303.0167966116042,0.9199588641501242,"{""type"":""Point"",""coordinates"":[82.61186574718313,19.715653232788203]}"
1599,313.49781460926954,2025-04-15,292.08988761901855,89,0,10,0.23119098385622905,0.009140133836467612,2.692929394276269,305.62832237425306,1.1255541842228467,"{""type"":""Point"",""coordinates"":[80.37338661709795,18.39680073334533]}"
1600,10.28084613859859,2025-04-15,282.90174820309596,544,0,40,0.3330232558139535,0.0038932263638571385,2.8255821660052316,301.31810683295834,0.4378924692419211,"{""type"":""Point"",""coordinates"":[83.21978033826531,23.24050804537425]}"
1601,57.80105156323498,2025-04-15,289.0158839452834,657,0,30,0.24804585721730069,0.008066907503803122,1.7400526915830759,301.6443542752947,0.8378925877035696,"{""type"":""Point"",""coordinates"":[81.6314672779883,19.168038202152303]}"
1602,171.7995943888268,2025-04-15,289.458667845953,926,0,10,0.31316146540027134,0.009623289087016929,25.756026841902166,299.03660106658936,0.8941871712258803,"{""type"":""Point"",""coordinates"":[84.01411408307331,19.79575017850319]}"
1603,47.38095840493681,2025-04-15,284.54476229349774,497,0,80,-0.246875,0.004403561332424033,1.3694965838511064,300.86137785230363,0.3625015672989716,"{""type"":""Point"",""coordinates"":[81.94514706874699,23.050766480941167]}"
1604,248.53336442005752,2025-04-15,283.20058795384,445,0,30,0.19875222816399288,0.001790195682247031,3.7960503756522295,302.48863905952095,0.4048433184352434,"{""type"":""Point"",""coordinates"":[81.17146836655625,23.428506776228694]}"
1605,138.39030554814585,2025-04-15,288.4978466033935,597,0,10,0.33765408565256066,0.005219161489208091,3.7162269186549635,301.95433730170845,0.8960095584732444,"{""type"":""Point"",""coordinates"":[83.83953440084852,20.23408947678425]}"
1606,232.66162977709163,2025-04-15,283.91759409223283,520,0,10,0.258130081300813,0.0039421319748953465,7.601083695016766,302.2882867994762,0.7826704189213862,"{""type"":""Point"",""coordinates"":[83.24709042341509,23.73390884873569]}"
1607,90.0,2025-04-15,289.39542379833404,224,0,40,0.22002398081534771,0.0038849860217169407,1.973450109563539,304.29858139583047,0.8884404359856684,"{""type"":""Point"",""coordinates"":[83.17126904738386,20.0158036110106]}"
1608,-0.0,2025-04-15,283.7511773790632,482,0,30,0.3221222169587873,0.00267198679705416,1.8543341688414132,301.9645388921102,0.31537441903202673,"{""type"":""Point"",""coordinates"":[82.4828212934636,23.082842112378856]}"
1609,226.90793564345,2025-04-15,286.26578512645904,373,0,10,0.2731822196055343,0.0038693845059469822,1.357369082915399,304.17019249144056,0.763125441238991,"{""type"":""Point"",""coordinates"":[81.8161634863284,20.687214675967287]}"
1610,158.1793571148632,2025-04-15,286.19169425964355,661,0,30,0.2979815258296271,0.00496080515642916,3.9898284842347063,302.56805451711017,0.5497321248884263,"{""type"":""Point"",""coordinates"":[82.44132936825568,20.513231102523388]}"
1611,245.31573718650077,2025-04-15,284.5999206361316,719,0,10,0.45314900153609833,0.02011266348620211,2.2197987090430926,299.25074145907445,0.6371560162845076,"{""type"":""Point"",""coordinates"":[84.16544650342719,23.1855615907015]}"
1612,227.12569737234514,2025-04-15,290.6926533835275,219,0,30,0.08610885458976442,0.006275668719013083,1.3629138083234158,303.3832109996251,1.2225286454376232,"{""type"":""Point"",""coordinates"":[83.88030363263046,21.809845252706538]}"
1613,49.66374550496436,2025-04-15,292.0466282254174,630,0,30,0.493872898261613,0.016888350227077353,6.421132993308589,299.56794407254176,0.5136762926981064,"{""type"":""Point"",""coordinates"":[84.22112671319637,19.352112067854495]}"
1614,352.1565608909811,2025-04-15,289.458667845953,817,0,10,0.6667351551263612,0.009623289087016929,23.806945295543475,299.03660106658936,0.8941871712258803,"{""type"":""Point"",""coordinates"":[84.00253777384852,19.777557531535038]}"
1615,353.2337908721109,2025-04-15,287.5742684318906,253,0,10,0.3038476287869104,0.005535647251804221,4.195467678230674,304.51908688318156,0.9950445702444596,"{""type"":""Point"",""coordinates"":[80.21655136791715,20.528268242447645]}"
1616,74.87471655068381,2025-04-15,288.94129898434596,810,0,40,0.18333333333333332,0.005172595360477317,3.5500015469842556,299.53613603682743,0.6101400884484152,"{""type"":""Point"",""coordinates"":[82.76912626867465,18.910209297250425]}"
1617,76.76575758922797,2025-04-15,288.5806509653727,280,0,10,0.30058177117000645,0.009185418465335715,4.044637816861693,304.1115115483602,0.8373861147561242,"{""type"":""Point"",""coordinates"":[80.29736843637191,19.827749971868137]}"
1618,242.02936726845365,2025-04-15,284.5419663020543,371,0,10,0.35003170577045023,0.0095761269118384,3.948761645996146,303.18886924925306,0.4956105412511195,"{""type"":""Point"",""coordinates"":[80.67633109169115,21.66787948462108]}"
1619,72.92585288508008,2025-04-15,284.6767377399263,611,0,40,0.21570376979701092,0.006087839582164634,3.1557370430395566,300.77756786346436,0.29042911516285386,"{""type"":""Point"",""coordinates"":[83.6266333642743,22.86300234187419]}"
1620,205.12471693823508,2025-04-15,291.6071576618013,263,0,10,0.4540750323415265,0.015788882949550498,4.599959928672619,303.02625415438695,0.48283501651566674,"{""type"":""Point"",""coordinates"":[82.2004497333016,18.60790518309862]}"
1621,82.95455520176283,2025-04-15,290.1411687760126,631,0,30,0.4137829044661343,0.010182812788684714,11.197754388484011,301.77024945758643,0.9523070151150568,"{""type"":""Point"",""coordinates"":[81.31611371022728,18.64451816091218]}"
1622,332.0998408047787,2025-04-15,288.6976524534679,548,0,40,0.16098203987477344,0.010211676337917197,1.0493603346142713,301.91356581733334,0.8435176497431033,"{""type"":""Point"",""coordinates"":[82.17183419478557,19.208426057301313]}"
1623,270.0,2025-04-15,286.7469339824858,315,0,40,0.24934612031386225,0.004123836734493125,2.4770894265458483,304.2988429750715,0.8376656434403984,"{""type"":""Point"",""coordinates"":[81.66215353780012,20.693310746902974]}"
1624,64.57992915772999,2025-04-15,292.93124271574476,84,0,40,0.25310231795832355,0.010303929426868308,1.0802302832968909,304.7539676030477,1.2851257179103273,"{""type"":""Point"",""coordinates"":[80.78730427728902,18.09806909450686]}"
1626,180.0,2025-04-15,283.6132146744501,586,0,40,0.29726443768996963,0.0032686739947394017,1.8543341688414132,301.6288804099673,0.22886550184010768,"{""type"":""Point"",""coordinates"":[82.10018133974849,23.319996457206866]}"
1627,15.235118848187284,2025-04-15,282.1508065178281,563,0,30,0.20357142857142857,0.0013626068617895726,1.9218276220530655,302.882222811381,0.14734685265115133,"{""type"":""Point"",""coordinates"":[80.45467091964112,23.374632608869035]}"
1628,346.0877759909209,2025-04-15,284.94000271388467,518,0,10,0.23536606674820898,0.006426885702808249,18.014589606062856,303.51390761420845,0.6956160280251463,"{""type"":""Point"",""coordinates"":[80.68267594713217,21.30741259101288]}"
1629,312.88935009204215,2025-04-15,288.98055912199476,212,0,10,0.3431793770139635,0.005010873058040488,0.6813606176758736,304.0366998854138,0.8708369315355932,"{""type"":""Point"",""coordinates"":[83.31278959884266,21.734197072116594]}"
1630,79.39907965573167,2025-04-15,286.3518272581554,416,0,30,-0.0033687154388864172,0.007661238291461814,2.519181396133541,304.02732372283936,1.128352288073259,"{""type"":""Point"",""coordinates"":[80.75538409147963,20.64073199793444]}"
1631,180.0,2025-04-15,289.48791240510485,191,0,10,0.43911198171727067,0.006215348818500388,0.9274099368670311,304.9530817213512,0.8990843283808124,"{""type"":""Point"",""coordinates"":[83.36683202608293,20.805228728886146]}"
1632,270.0,2025-04-15,286.73934237162274,315,0,40,0.20009707559762166,0.006038695552547324,0.49592906077728865,304.1717154639108,0.9319136285315119,"{""type"":""Point"",""coordinates"":[81.40514775508666,20.758898018088573]}"
1633,270.0,2025-04-15,283.31758944193524,473,0,40,0.20857203479736897,0.0040059089448050145,2.5301181951153553,302.072658311753,0.09161408124062631,"{""type"":""Point"",""coordinates"":[81.6399720204893,23.673248233673053]}"
1634,47.101164019801516,2025-04-15,290.6368905022031,310,0,10,0.4422848076160254,0.006774097659786094,17.179052584423797,303.40787501562215,1.1722803559084114,"{""type"":""Point"",""coordinates"":[83.99287143681471,21.686835613668094]}"
1635,143.86348343478545,2025-04-15,283.7024422600156,364,0,40,0.24015629696423205,0.003561198690135825,1.7221309630337442,302.445931888762,0.2876809421352245,"{""type"":""Point"",""coordinates"":[81.2922690032213,24.07608177503498]}"
1636,-0.0,2025-04-15,288.1571076711019,197,0,40,0.21384117500622354,0.00594124195833956,0.463735342881014,304.78296802157445,0.6572147593830848,"{""type"":""Point"",""coordinates"":[83.06003905763973,20.952979525737167]}"
1637,176.48572052278905,2025-04-15,290.6412036532447,321,0,10,0.25961032122169564,0.011251673081119407,15.844986284867645,303.5083737600417,1.0371963449412798,"{""type"":""Point"",""coordinates"":[84.22450119491143,21.492000236731243]}"
1638,175.96087313950994,2025-04-15,289.7494393303281,674,0,10,0.2646370023419204,0.010316893437106955,13.68093192041851,299.6116684959049,1.0438201477561875,"{""type"":""Point"",""coordinates"":[83.17957004767473,19.246372371805563]}"
1639,139.33152428268517,2025-04-15,283.6757669902983,476,1,10,0.4642174871418075,0.004403948762615073,8.49681205774929,301.53300871167863,0.14105366947162498,"{""type"":""Point"",""coordinates"":[81.91853619640358,23.86603660603889]}"
1640,12.336716818449128,2025-04-15,286.4322309039888,341,0,40,0.20196842321099037,0.006791040280063498,2.3721786249534396,302.1513239088512,0.5627345695623156,"{""type"":""Point"",""coordinates"":[82.76133062874547,23.869496983966627]}"
1641,169.29195435544403,2025-04-15,291.56652568635485,549,0,10,0.2866776016037908,0.011415138819415915,24.763410950481294,300.8271167845954,1.080919527096162,"{""type"":""Point"",""coordinates"":[83.25582433203189,19.20770410374689]}"
1642,47.354534779527896,2025-04-15,284.9174371446882,640,0,10,0.29715627445864856,0.005683064439494956,3.41861596586767,300.6249160312471,0.32327100316463225,"{""type"":""Point"",""coordinates"":[83.6648415925023,22.925325479422895]}"
1643,-0.0,2025-04-15,291.76840091886976,317,0,80,-0.12753623188405797,0.014152124502857077,0.0,301.2947739646549,0.3838909299347188,"{""type"":""Point"",""coordinates"":[81.90415203916811,17.981943604770372]}"
1644,216.9359557393428,2025-04-15,289.13013594491144,893,0,40,0.21093013864584736,0.00894458589812075,4.05450596296314,297.57763413020547,0.33962208278856326,"{""type"":""Point"",""coordinates"":[82.74740742840527,18.17694293091626]}"
1645,180.0,2025-04-15,283.45220974513455,638,0,10,0.5314057826520439,0.005593523361881125,2.3174627380815918,301.5280212674822,0.76529885496367,"{""type"":""Point"",""coordinates"":[83.33883910682087,23.55984244070984]}"
1646,-0.0,2025-04-15,289.2002973102388,912,0,30,0.4177784019098441,0.0073832869317129735,2.7802885155287553,298.53708934783936,0.27882954731246007,"{""type"":""Point"",""coordinates"":[82.70056196083638,18.44824624008326]}"
1647,199.4736637874859,2025-04-15,288.2680870237804,597,0,40,0.28497632371932846,0.010587483623226035,1.4753251495667272,302.00267714545834,0.9617712106465082,"{""type"":""Point"",""coordinates"":[82.2090528227012,19.493219764311135]}"
1648,103.31194486159788,2025-04-15,290.54033869788765,308,0,10,0.5117955439056356,0.005656272151668418,2.0132435500843635,303.0597595487322,0.8191043533172643,"{""type"":""Point"",""coordinates"":[80.91487299790334,18.83726071804211]}"
1649,25.690948442912312,2025-04-15,291.59989157177154,804,0,30,0.5521281328785407,0.01384517548342501,16.509746556436014,300.3486302239554,1.0014709166381441,"{""type"":""Point"",""coordinates"":[83.27060474882909,19.11576237188947]}"
1650,28.37424825794143,2025-04-15,284.6093200501942,289,0,40,0.32920536635706915,0.004127055385310996,1.0540130645056494,304.0222839627947,0.24323040467198895,"{""type"":""Point"",""coordinates"":[81.83180061748187,22.22209301637249]}"
1651,302.3548633166528,2025-04-15,292.5844932737804,80,0,50,0.48129032258064514,0.009183049180705893,1.7325765266782833,304.85512901487806,1.209806903297055,"{""type"":""Point"",""coordinates"":[80.63268902108187,18.144240811465803]}"
1652,321.63099228382214,2025-04-15,291.7794860658191,159,0,10,0.36818181818181817,0.00985299048682009,2.364616374340635,304.1063787823632,0.9250648071977761,"{""type"":""Point"",""coordinates"":[80.66437660112464,18.680659962512795]}"
1654,90.0,2025-04-15,282.07518686567033,466,0,30,0.10007165034631,0.0029384642626837376,1.0101177763420157,302.1382914497739,0.4597240709430312,"{""type"":""Point"",""coordinates"":[80.95417170605491,23.349211463339774]}"
1655,39.526653971335385,2025-04-15,292.6242881956555,616,0,30,0.5725232621784346,0.017832547404964316,15.818630205113276,299.6862767083304,0.4535983458205728,"{""type"":""Point"",""coordinates"":[84.34179772379433,19.503110876007288]}"
1656,344.08552925508747,2025-04-15,289.8372602008638,778,0,10,0.595678134773955,0.014564931371410239,12.343365788095223,301.390041124253,0.6196230756603636,"{""type"":""Point"",""coordinates"":[81.23142064519692,19.224401697159685]}"
1657,281.4797781823317,2025-04-15,289.0414954594204,917,0,30,0.4790401850245736,0.007856398799617637,6.9559847066233775,298.95241905394056,0.4469989614555072,"{""type"":""Point"",""coordinates"":[82.5239274185372,18.60688460555182]}"
1658,-0.0,2025-04-15,285.9019865308489,561,0,10,0.44080604534005036,0.007771819808681357,2.7802885155287553,301.2412374133155,0.36536130394206406,"{""type"":""Point"",""coordinates"":[83.7909517339957,22.77417348421339]}"
1659,-0.0,2025-04-15,291.0290268489293,270,0,10,0.2719427727943681,0.0068902075078085545,0.0,301.9167280197143,0.3881662887670707,"{""type"":""Point"",""coordinates"":[82.20469461965723,18.419929577416966]}"
1660,336.1764124623067,2025-04-15,291.9615219661168,821,0,30,0.5319396051103368,0.01207205651064669,6.060575867461851,299.55988743191676,0.5905527863714669,"{""type"":""Point"",""coordinates"":[84.18886879470216,19.32491546944149]}"
1661,-0.0,2025-04-15,283.61100578308105,460,0,40,0.2730844793713163,0.005077019312579978,0.463735342881014,302.1389831815447,0.8384579972132465,"{""type"":""Point"",""coordinates"":[83.26310673131412,23.660018272192048]}"
1662,301.3572999865735,2025-04-15,282.6860615866525,394,0,30,0.19822888283378748,0.0028056353118017796,7.092968946253174,302.88451308295834,0.45670707314634496,"{""type"":""Point"",""coordinates"":[80.45814559036569,23.926204375929117]}"
1663,-0.0,2025-04-15,287.6624380747477,333,0,10,0.3857605177993528,0.00903420148154055,0.463735342881014,303.8604303541638,1.004110550458451,"{""type"":""Point"",""coordinates"":[80.51401308282539,20.212480427715604]}"
1664,213.57297170505694,2025-04-15,287.96413775852744,876,0,10,0.4824313072439634,0.00472979245444094,24.999280088540477,302.259902545384,0.7967152639695737,"{""type"":""Point"",""coordinates"":[83.06592300386832,19.667093639020703]}"
1665,115.00411631223756,2025-04-15,286.2604779743013,324,0,10,0.29690451969190523,0.008859187343318808,1.0970121610880352,304.02609139397026,0.5988399937373946,"{""type"":""Point"",""coordinates"":[82.23047524359211,21.125754856242317]}"
1666,340.3562573015565,2025-04-15,285.7488057272775,362,0,10,0.22479901051329623,0.0065619498278692845,1.4768811642919413,304.2039769036429,0.60850425430843,"{""type"":""Point"",""coordinates"":[82.298993870075,20.95618439541846]}"
1667,90.0,2025-04-15,294.325111298334,105,0,10,0.5684828936758438,0.006903633454044211,0.4898023956902986,302.78837399255656,1.0392999533213931,"{""type"":""Point"",""coordinates"":[83.52476240517025,18.77684657525278]}"
1668,35.511070990128715,2025-04-15,289.2503170740037,163,0,30,0.22746521476104054,0.0037653893019751195,1.7086220432913368,305.1163071677798,0.7639625808606164,"{""type"":""Point"",""coordinates"":[83.55109427336875,20.8926050685153]}"
1669,162.49732522409138,2025-04-15,292.2121613820394,502,0,10,0.4152892561983471,0.01232355830927645,4.85095372121365,302.27368486495243,0.4821867076276934,"{""type"":""Point"",""coordinates"":[81.75146681805307,17.950942294986287]}"
1670,65.21790761486389,2025-04-15,287.8570123400007,420,0,10,0.2846354524234519,0.017133474328716147,1.1062091356403714,301.7037676402501,0.6189733453826085,"{""type"":""Point"",""coordinates"":[84.20566851052507,22.575734573402304]}"
1671,305.31325926657826,2025-04-15,288.60076931544717,374,0,10,0.27541478129713426,0.0042292177464560154,19.292771727054163,304.5194995970954,0.8129938806465149,"{""type"":""Point"",""coordinates"":[83.09367726495503,20.76029279979561]}"
1672,237.6965805316412,2025-04-15,296.55834116254533,26,0,40,0.33044941119923094,0.006543427684505332,1.73503474643397,302.3393877574375,1.2949450710775559,"{""type"":""Point"",""coordinates"":[84.1466128507858,18.4882588312233]}"
1673,159.53208709807097,2025-04-15,289.0340782347179,273,0,10,0.41715022566086396,0.006834715583522666,9.803116185026358,302.6217422031221,0.8820650221554369,"{""type"":""Point"",""coordinates"":[83.66964641801763,20.328775788837355]}"
1674,63.12572273763764,2025-04-15,288.84382874625067,660,0,10,0.46854332711548247,0.003137066939075339,20.607004346434554,302.53758925483334,1.044038459452614,"{""type"":""Point"",""coordinates"":[83.2955868784369,19.757364969534233]}"
1675,90.0,2025-04-15,289.5097571781704,193,0,30,0.31049120679199516,0.005827009656627524,1.4856641249541056,304.90930498213993,1.0235958530216536,"{""type"":""Point"",""coordinates"":[83.47050021642563,20.571452922521722]}"
1676,226.4556995307368,2025-04-15,292.558492297218,147,0,10,0.664280031821798,0.009075522401531089,3.3619023235618104,303.48805777231854,0.4685387149897256,"{""type"":""Point"",""coordinates"":[81.77194340897528,18.11512258115819]}"
1678,312.8714194143515,2025-04-15,290.6926533835275,230,0,40,0.19452403693091372,0.006275668719013083,0.6815902565973763,303.3832109996251,1.2225286454376232,"{""type"":""Point"",""coordinates"":[83.86115698203035,21.824488272839773]}"
1679,90.0,2025-04-15,293.0509995051793,145,0,80,0.4949290060851927,0.006350651362140525,1.4712575942485673,301.44731535230363,1.046338725162692,"{""type"":""Point"",""coordinates"":[83.44990430357892,19.020448368898993]}"
1680,252.88733388425567,2025-04-15,284.55378968375067,590,0,10,0.7507066139061617,0.0040311366107061986,1.5756194561794077,302.77594607216963,0.4464770948640326,"{""type"":""Point"",""coordinates"":[81.74807557828464,22.53507726966173]}"
1681,19.3049093794377,2025-04-15,291.3231407347179,771,0,10,0.7531216553692472,0.021765813210208762,4.413616483593968,297.9403399058751,0.47521708712866945,"{""type"":""Point"",""coordinates"":[82.40165697499211,17.901615752727277]}"
1682,-0.0,2025-04-15,290.99871272132503,145,0,40,0.17991320520768753,0.00392146406431948,0.0,304.1560090837025,1.0202143857595867,"{""type"":""Point"",""coordinates"":[84.22111069609757,20.992758707296616]}"
1683,270.0,2025-04-15,283.2361452920096,519,0,10,0.4717364323592463,0.004391074159343589,2.023975508614692,301.6601943515596,0.10255379411190046,"{""type"":""Point"",""coordinates"":[81.9016219170552,23.633907937640892]}"
1684,238.36243921701674,2025-04-15,282.11145337422687,642,0,10,0.4509643003693065,0.003697857239444602,8.771743154331475,302.359267779759,0.5703673499664855,"{""type"":""Point"",""coordinates"":[80.93198415977362,22.457245422194763]}"
1685,252.94803158470216,2025-04-15,283.35761687869115,515,0,30,0.2539815590947192,0.0060081332709387425,6.30031994542044,301.82090282440186,0.22598054501750955,"{""type"":""Point"",""coordinates"":[82.82122661347273,23.049106577520526]}"
1686,85.53158215471142,2025-04-15,286.76685469491144,406,0,40,0.22776628748707342,0.00989210603495394,5.9310791139138,303.89966724032445,0.933677714192781,"{""type"":""Point"",""coordinates"":[81.48503967415581,20.320044405890965]}"
1687,112.9292826448005,2025-04-15,291.3777352287656,370,0,10,0.25853921965708115,0.007233276941974509,24.56291900911936,301.4749497459048,1.3411998618629661,"{""type"":""Point"",""coordinates"":[83.53885208337994,19.57908644982964]}"
1688,321.5569951019908,2025-04-15,288.9899992261614,578,0,30,0.2578707041576544,0.01017923650999819,2.367035864814765,301.2502880550566,0.8401354784336952,"{""type"":""Point"",""coordinates"":[82.42350836014806,19.12433944421797]}"
1689,324.3605842694688,2025-04-15,284.92200606209894,283,0,40,0.2064343163538874,0.007561221697528708,1.7113602448844147,304.3410153616042,0.3541869064284012,"{""type"":""Point"",""coordinates"":[81.28762160297286,21.590750921129725]}"
1690,46.54681364144917,2025-04-15,290.98486064729235,310,0,10,0.4236760124610592,0.005859449484546531,2.022006812058923,303.38462352752686,0.8960494806134703,"{""type"":""Point"",""coordinates"":[80.90445415123777,18.66398300191854]}"
1691,157.02125204794376,2025-04-15,290.3110615866525,198,0,40,0.05223158767445074,0.011434167602260459,2.516956847256585,303.92772597358345,0.7968416919558955,"{""type"":""Point"",""coordinates"":[80.36280736320077,19.383855944347747]}"
1692,6.880018275097303,2025-04-15,286.3921104612804,744,0,30,0.39141620863056953,0.02201265094538485,4.196461371523862,299.69471118563695,0.7358709484125137,"{""type"":""Point"",""coordinates"":[84.30359046372234,22.946850494252207]}"
1693,290.1117016254947,2025-04-15,284.58841696239654,594,0,10,0.25461613216715256,0.007112994768817771,2.695369064314747,301.20456981658936,0.4001084304578762,"{""type"":""Point"",""coordinates"":[82.35860245029913,23.729898662079787]}"
1694,51.62819354902059,2025-04-15,282.65354438055135,643,0,10,0.5099699535645998,0.004986435153682578,4.4732390279656284,301.63367021651493,0.6147896083381603,"{""type"":""Point"",""coordinates"":[81.06243280929533,22.518098487788773]}"
1695,106.48170482800798,2025-04-15,290.09228252229235,1258,0,30,0.23392357875116496,0.01360955832262789,15.922818316515386,299.36874857402984,0.6707037103008784,"{""type"":""Point"",""coordinates"":[83.06596746593975,18.777662526866358]}"
1696,218.3887311019772,2025-04-15,290.39752224513467,531,0,10,0.5386138613861386,0.018125638344486106,4.722486564767789,302.0019505364554,0.7646159974543091,"{""type"":""Point"",""coordinates"":[81.90891477746138,18.800093813288747]}"
1697,324.58593251745776,2025-04-15,286.22050866626563,443,0,30,0.15215545703235545,0.008338510968883384,1.7065639748603711,303.56431684039893,0.8964685153335188,"{""type"":""Point"",""coordinates"":[81.73504912842728,20.347297254643834]}"
1698,230.4945152637559,2025-04-15,288.2868393489292,1102,0,10,0.4771668219944082,0.004324361660678733,14.959249337230686,301.2545837674822,0.9621888151775566,"{""type"":""Point"",""coordinates"":[83.17701311984176,19.560915889318398]}"
1699,8.88035266639067,2025-04-15,283.476472672962,391,0,30,0.2735166425470333,0.0020327418829992894,3.282008900106568,302.297023546128,0.3054126961064833,"{""type"":""Point"",""coordinates"":[80.9922198666708,23.891197847560456]}"
1700,90.0,2025-04-15,287.30594625927154,309,0,30,0.1497670290658975,0.006700515725810874,5.063687680366847,302.35461166926785,0.5837521097040868,"{""type"":""Point"",""coordinates"":[82.87620500510802,24.014910499921264]}"
1701,-0.0,2025-04-15,285.4139726729621,287,0,40,0.20010587612493383,0.007401958086688865,0.0,304.34172453199113,0.5944341556191718,"{""type"":""Point"",""coordinates"":[81.2131608742232,21.413403042831554]}"
1702,33.23453985572978,2025-04-15,283.0980023883638,520,0,10,0.4470552334452243,0.002113655188281882,2.769997811817994,301.9578366506667,0.1365218339941526,"{""type"":""Point"",""coordinates"":[80.9897328378538,23.696409893550058]}"
1703,165.22978243274568,2025-04-15,295.9711538950602,52,0,40,0.3173948887056884,0.014304891207416404,1.917656128370697,302.7556998389108,1.2752564235833834,"{""type"":""Point"",""coordinates"":[83.71603179524826,18.52133571738728]}"
1704,226.53876731759695,2025-04-15,291.2050348009382,364,0,10,0.5536382874816864,0.0050591528203085545,1.3481157468265192,303.6858814330329,0.9714738942375986,"{""type"":""Point"",""coordinates"":[81.0371961306067,18.616305622359558]}"
1705,243.86944503180484,2025-04-15,289.24645151410783,379,0,10,0.36971674328933707,0.010140418985088218,11.428611022764056,303.29270458221436,0.6520800173536698,"{""type"":""Point"",""coordinates"":[83.89181550308986,20.525032428362774]}"
1706,320.9200524302676,2025-04-15,284.1766098567417,368,0,40,0.2549450549450549,0.006498232462604392,2.3882340080276934,302.30207493191676,0.3968962970315433,"{""type"":""Point"",""coordinates"":[82.08370074432709,22.551836175603555]}"
1707,132.71999170660445,2025-04-15,282.0168256305513,613,0,40,0.1581569115815691,0.002063795902927268,3.413809002968828,302.31432265327095,0.47386200926512745,"{""type"":""Point"",""coordinates"":[80.65717573157002,22.568842739343904]}"
1708,180.0,2025-04-15,283.8495776766822,571,0,40,0.21487054658110202,0.004595205166538108,0.9274099368611016,301.2903794334048,0.33111757622582083,"{""type"":""Point"",""coordinates"":[82.35497490911517,23.299956152897835]}"
1709,213.01309384210978,2025-04-15,285.6491091591971,361,0,10,0.3177004538577912,0.007870212176044333,2.763031969779362,302.8954529081072,0.17600116158938822,"{""type"":""Point"",""coordinates"":[82.53708351323898,22.563290838717872]}"
1710,27.815869884894834,2025-04-15,291.38381549290244,325,0,20,0.19653281443481338,0.008236035683353293,5.228746100446932,303.94218839917863,1.049114777369357,"{""type"":""Point"",""coordinates"":[80.57577354385772,18.61272237032144]}"
1711,-0.0,2025-04-15,286.4406595684233,252,0,40,0.461205088773941,0.005986779906947959,0.0,304.01987162090484,0.3387587470680604,"{""type"":""Point"",""coordinates"":[81.89634799903305,21.816275825876964]}"
1712,27.7816900097386,2025-04-15,294.1407269977388,101,0,40,0.26023912490460444,0.007952645399768699,3.141843768285074,302.41014203571143,0.7482846980840152,"{""type"":""Point"",""coordinates"":[83.28751816165574,18.3643109702474]}"
1713,301.4560922812218,2025-04-15,284.9487452734084,633,0,40,0.20912065871424046,0.019665181615550864,1.7767605482401003,299.22487417856854,0.7293064837178957,"{""type"":""Point"",""coordinates"":[84.16340684340827,23.41997181405182]}"
1714,270.0,2025-04-15,287.5631077176049,237,0,40,0.17425174251742517,0.0037213712718084935,1.4982473675184687,303.71431800297324,0.4437738381535169,"{""type"":""Point"",""coordinates"":[82.6175704253529,21.819099554978344]}"
1715,-0.0,2025-04-15,292.27569026038753,159,0,10,0.30561023622047245,0.009002312996585715,1.8543341688295631,304.5219177518572,1.1495377460307865,"{""type"":""Point"",""coordinates"":[80.89248870047086,18.44795606732323]}"
1716,143.0618674002889,2025-04-15,291.5496392931257,171,0,10,0.49022042843837316,0.004381418206889975,5.782293869579249,303.9523899895804,0.9510116544837383,"{""type"":""Point"",""coordinates"":[83.94971048349755,21.40560574371401]}"
1717,289.19846594950985,2025-04-15,291.07832581656317,287,0,10,0.4022603599832566,0.007267072775562156,4.2230580055421205,303.2759693236579,1.1684557927459733,"{""type"":""Point"",""coordinates"":[83.74927511021642,21.789782694300182]}"
1718,107.5523973316276,2025-04-15,292.04583186195015,199,0,20,0.2734765969973506,0.007178142645557273,1.537361468370886,303.96547476450604,1.1258639409800593,"{""type"":""Point"",""coordinates"":[81.18005884568753,18.393334023499648]}"
1719,107.33359926337799,2025-04-15,290.0492963336763,385,0,10,0.32214060860440713,0.013732239582736838,3.110009783863309,303.17969072432743,0.7589934585281468,"{""type"":""Point"",""coordinates"":[84.06942586918737,20.556348277572194]}"
1720,107.27289301430989,2025-04-15,285.61377271016437,337,0,40,0.35964644925327643,0.0030958801295355443,1.5614500778774816,304.4777980531965,0.8547014286794137,"{""type"":""Point"",""coordinates"":[80.43578133178337,21.11828827288394]}"
1721,154.95772956421564,2025-04-15,289.51271011715846,546,0,10,0.596551724137931,0.004334986188609946,12.589946384756518,301.3992894036429,1.1064615441379961,"{""type"":""Point"",""coordinates"":[83.33977970549033,19.648987187280962]}"
1722,312.5786930134843,2025-04-15,282.97635641552154,563,0,40,0.2522766428747231,0.00477634368201052,1.3705454270578097,301.4921732857114,0.4241332378833748,"{""type"":""Point"",""coordinates"":[83.09688431195367,23.239968685404005]}"
1723,65.32305796657442,2025-04-15,283.105855578468,506,0,30,0.22494827076559268,0.0013961344744757298,4.434181307548134,301.9508379527501,0.3897567243091436,"{""type"":""Point"",""coordinates"":[81.55320532006756,23.23063162308121]}"
1724,320.65562994677794,2025-04-15,283.8167523883638,456,0,30,0.27239003709591947,0.0031885951544836644,4.786103400613203,301.99956725892565,0.1222966453266855,"{""type"":""Point"",""coordinates"":[81.3640595317263,23.81228670813264]}"
1725,194.78642065646676,2025-04-15,291.4089212871733,427,0,10,0.5582305145952453,0.008283317067821372,11.359864003053112,303.6873230252947,0.907080134361801,"{""type"":""Point"",""coordinates"":[80.84217141653241,18.71601180212144]}"
1726,208.48379854949715,2025-04-15,284.2260250818162,583,0,10,0.3795051406620721,0.006704732754428733,1.055104364388217,300.877339998881,0.5590357435713633,"{""type"":""Point"",""coordinates"":[81.89743166619611,22.852532234187763]}"
1727,2.1357361742319707,2025-04-15,284.5728965940929,437,0,10,0.3424557116676848,0.005299523451526511,13.218352431214594,303.0898295357114,0.30693817443872795,"{""type"":""Point"",""coordinates"":[81.93454329911768,22.384959327068707]}"
1728,61.832701455113984,2025-04-15,288.4923708779471,258,0,40,0.27792585413133025,0.004316747167308677,3.923505054009147,304.7257402965001,1.0243682728717234,"{""type"":""Point"",""coordinates"":[83.0414037883323,20.43728767986386]}"
1729,23.451331201570618,2025-04-15,281.65113203866144,787,0,30,0.2525469168900804,0.004967763998706687,2.525865426580614,300.647347904387,0.3623091463546932,"{""type"":""Point"",""coordinates"":[81.14749068666342,22.768403170425117]}"
1730,119.19541635479226,2025-04-15,285.20959790547687,306,0,50,0.4005657360718239,0.003407031276424277,2.8497703526982363,304.44482744307743,0.5291522501723335,"{""type"":""Point"",""coordinates"":[80.38334485748352,21.362534116995914]}"
1731,61.07094716615749,2025-04-15,285.6270202455067,804,0,30,0.37607549264501805,0.015423938610751975,11.353361176629072,299.30730651673815,0.5841785949825647,"{""type"":""Point"",""coordinates"":[84.0563051411801,22.905102778931663]}"
1732,227.4065926148934,2025-04-15,283.188875016712,540,0,40,0.25407608695652173,0.00565682349463259,0.685179293188209,301.62557869865776,0.3185561198499637,"{""type"":""Point"",""coordinates"":[82.91994770655245,23.170778239272405]}"
1733,337.45392699089217,2025-04-15,281.5658048902239,590,0,10,0.3005464480874317,0.0023431032683447484,16.59222142216055,302.2547116506667,0.48714464404680363,"{""type"":""Point"",""coordinates"":[80.55925766178241,22.929087718627425]}"
1734,245.1197934017253,2025-04-15,287.7023550669352,217,0,60,0.1359375,0.0050851702477530125,3.3031154276239705,304.04455888838993,0.7516066182507651,"{""type"":""Point"",""coordinates"":[83.21275290769582,21.947301632391465]}"
1735,245.39078400597543,2025-04-15,282.332906359718,417,0,40,0.21236777868185516,0.002303317167957175,2.2261383120898506,302.6985825584048,0.1601891413289108,"{""type"":""Point"",""coordinates"":[80.68774707178582,23.643227913023896]}"
1736,119.04401998918338,2025-04-15,283.9360092708043,378,0,40,0.2772958420580317,0.0034615844275549534,5.712365487604855,303.28727535974406,0.6214466845875186,"{""type"":""Point"",""coordinates"":[81.31778997678998,22.25244242499427]}"
1737,295.0114261406289,2025-04-15,290.61923099699476,179,0,10,0.43816393442622953,0.003602474906642783,1.0967122419523223,303.90124834151493,0.9369260078603279,"{""type"":""Point"",""coordinates"":[84.12320126003456,21.07674185121081]}"
1738,295.28561525540135,2025-04-15,288.1810218266079,829,1,30,0.42442477876106194,0.005095705368717063,7.555945938999408,299.49700378236315,0.7263058672563192,"{""type"":""Point"",""coordinates"":[82.93922592002124,19.12886191617646]}"
1740,195.03161556579562,2025-04-15,284.9878891536168,404,0,10,0.4040281485076438,0.005646049955089438,1.91998383954928,303.7883507410684,0.5782585770584215,"{""type"":""Point"",""coordinates"":[80.64449290988082,21.41543879950786]}"
1741,222.39583576409356,2025-04-15,288.25941421872096,344,0,10,0.3059235571798386,0.011927902677257407,4.387072132879494,303.6616998854138,1.0532324908803061,"{""type"":""Point"",""coordinates"":[80.7437892241012,20.143943322031383]}"
1742,208.33182815527775,2025-04-15,282.8838096800304,637,0,10,0.37346600331674956,0.004150122382839072,1.0535921306059561,302.1882182075864,0.3774481536720592,"{""type"":""Point"",""coordinates"":[80.50607926760169,21.97264530414638]}"
1743,76.9704241957927,2025-04-15,290.0930323827834,380,0,40,0.2849637227920941,0.020166859009464133,4.106833530431242,302.30668453943156,0.8288103778975404,"{""type"":""Point"",""coordinates"":[83.86430258490913,22.233459135840484]}"
1744,346.3931300476568,2025-04-15,282.1508065178281,553,0,10,0.29408060453400503,0.0013626068617895726,8.525001133089448,302.882222811381,0.14734685265115133,"{""type"":""Point"",""coordinates"":[80.46771712187054,23.354356439313264]}"
1745,63.483968566667606,2025-04-15,293.46668960934596,655,0,10,0.37018425460636517,0.016173556425769675,26.081593942171565,300.0141924449376,0.5007899806353376,"{""type"":""Point"",""coordinates"":[84.38517810877414,19.53708636316221]}"
1746,107.57336073670487,2025-04-15,292.0045255933489,149,0,10,0.35522066738428415,0.003706648924548972,1.5355861570462443,304.1051638921102,1.0806897541484193,"{""type"":""Point"",""coordinates"":[81.39082358759343,18.17267153161351]}"
1747,113.79159029867395,2025-04-15,292.53189840770904,442,0,10,0.6681389870435807,0.005002379396159995,15.689558359326698,301.2683253969465,1.0094796320078852,"{""type"":""Point"",""coordinates"":[83.61916802496717,19.13747438496155]}"
1748,180.0,2025-04-15,282.0673569270543,447,0,30,0.24721906923950057,0.0015880018260077122,4.166350197281316,302.9531340371995,0.11242985754154787,"{""type"":""Point"",""coordinates"":[80.42982949049498,23.548085339526605]}"
1749,138.3188959704701,2025-04-15,286.3518272581554,381,0,40,0.1694660658200191,0.007661238291461814,3.720336377566903,304.02732372283936,1.128352288073259,"{""type"":""Point"",""coordinates"":[80.81970612131992,20.62015677677251]}"
1750,215.00725302567938,2025-04-15,292.8457528068906,124,0,30,0.25442980463425713,0.008091285803516257,1.6980393109571883,304.5544175193423,1.3490551848950956,"{""type"":""Point"",""coordinates"":[80.76247060596083,17.85323680764246]}"
1751,251.86137644930295,2025-04-15,288.7296930040632,858,0,10,0.4801051709027169,0.004615142920215476,13.169677317044174,299.1488825026013,0.5637322481510285,"{""type"":""Point"",""coordinates"":[82.73942797836926,18.845764781167453]}"
1752,139.86942339034212,2025-04-15,296.6090177808489,21,0,10,0.38307408383865016,0.01690344510336672,3.0298634593274416,302.29899992261613,1.5931082136530546,"{""type"":""Point"",""coordinates"":[83.84532241839219,18.377642563654387]}"
1753,331.69437122186986,2025-04-15,287.022609438215,255,0,40,0.1874922753676925,0.00507853923102175,1.0533326108274823,303.5542605717977,0.461874605201902,"{""type"":""Point"",""coordinates"":[82.23125609553115,21.816340104101183]}"
1754,226.8357266741197,2025-04-15,288.4080609821138,550,0,10,0.43203230148048455,0.00731906292696749,9.405186886274054,302.177133060637,0.809692149034058,"{""type"":""Point"",""coordinates"":[83.84801791964172,20.29925861116429]}"
1755,224.58987272663754,2025-04-15,284.1470804668608,446,0,10,0.40340285400658615,0.0035723149563864354,6.484082489579204,301.8567740576608,0.1803765029705448,"{""type"":""Point"",""coordinates"":[81.7363437796137,24.08020592785664]}"
1756,301.9177471956001,2025-04-15,285.99765477861683,299,0,40,0.6618896639188332,0.005079179980953086,1.7537337528171368,304.248927843003,0.6645666539055702,"{""type"":""Point"",""coordinates"":[81.95406756097827,20.882679589412444]}"
1757,34.35796902579826,2025-04-15,284.50335139320015,447,0,10,0.4987822698490015,0.005184113958080161,8.915443144327712,301.4787048612322,0.3464654069906359,"{""type"":""Point"",""coordinates"":[82.26366992075327,23.90382667101641]}"
1758,6.889805677334317,2025-04-15,281.3454330989293,781,0,10,0.17066290550070523,0.0022709220435217503,8.348546507450601,302.0396586372739,0.41553071508494005,"{""type"":""Point"",""coordinates"":[80.66156168144326,23.139745093875593]}"
1759,340.5205789021585,2025-04-15,289.6055591219948,671,0,10,0.5255761663856099,0.02127705512305056,7.338130995737146,301.3014645803542,0.7048339528696359,"{""type"":""Point"",""coordinates"":[81.2185987184912,19.54506822382084]}"
1760,100.4024658857978,2025-04-15,282.993800844465,460,0,30,0.24488078541374475,0.0012749880339697484,2.5666340292255927,302.12960701897026,0.3957975663736729,"{""type"":""Point"",""coordinates"":[81.25241222563447,23.37970845955809]}"
1761,96.73845992221085,2025-04-15,288.1810218266079,782,0,30,0.5467459530888669,0.005095705368717063,7.854896812100018,299.49700378236315,0.7263058672563192,"{""type"":""Point"",""coordinates"":[82.90739182019038,19.050915102246925]}"
1762,337.01632848384355,2025-04-15,289.5957121167864,524,0,10,0.39711934156378603,0.01732820270319735,2.5170484561325313,301.25272364843465,0.6677916231695623,"{""type"":""Point"",""coordinates"":[81.23463595947305,19.422644488937898]}"
1763,-0.0,2025-04-15,285.95667984372096,292,0,40,0.1632878732030962,0.005118489244182456,0.4637353428839794,304.2440159661429,0.6355737150957907,"{""type"":""Point"",""coordinates"":[81.41846750335318,21.313417735520947]}"
1764,46.91013416192327,2025-04-15,286.7659478868758,324,0,40,0.20670391061452514,0.005507633068759787,1.357424739139417,304.175679842631,0.9780322945225931,"{""type"":""Point"",""coordinates"":[81.43043305666535,20.698502494156056]}"
1765,295.4180991019011,2025-04-15,292.71990412757515,179,0,10,0.3407769960232487,0.010706081965167868,1.0803084893396546,304.55430126190186,1.3381241768757033,"{""type"":""Point"",""coordinates"":[81.03566676750215,18.113205459100715]}"
1766,207.83338834848215,2025-04-15,290.8202575501942,632,0,30,0.3381438168698681,0.017904937246044028,3.1433362786566397,302.7038373947144,0.8020575874717705,"{""type"":""Point"",""coordinates"":[81.69545978935048,18.73797952708005]}"
1767,232.31338791498,2025-04-15,282.8221874237061,572,0,10,0.3386892177589852,0.0074133127715185765,3.787321483390242,303.13768691108334,0.580596260778849,"{""type"":""Point"",""coordinates"":[80.793473048164,22.025002795818324]}"
1768,301.3688954865862,2025-04-15,281.9551278068906,418,0,40,0.22700911350455674,0.0030070543076590184,1.7811909134986041,302.9682765688215,0.3401567178214471,"{""type"":""Point"",""coordinates"":[80.21860344932075,23.86674656042545]}"
1769,180.0,2025-04-15,286.3835655394054,284,0,40,0.2971246006389776,0.007201671579082358,0.9274099368611016,304.1562764758155,0.6431789796496027,"{""type"":""Point"",""coordinates"":[81.98286592477938,21.049919948317697]}"
1770,240.9772650681653,2025-04-15,285.71927052452446,354,0,40,0.28,0.00434657929201876,2.865211811418792,303.58363882700604,0.1623335958633188,"{""type"":""Point"",""coordinates"":[82.89625856807399,22.374892669962094]}"
1771,332.26972363727464,2025-04-15,295.1648794809976,99,0,40,0.4840989399293286,0.03498062489290987,1.047720487223744,301.6994254248483,0.6305920351560924,"{""type"":""Point"",""coordinates"":[82.98105407948005,17.984293575409218]}"
1772,121.56199511893696,2025-04-15,285.9426824478876,480,0,10,0.2554794520547945,0.011852055766780722,3.5394495812213127,299.82763994307743,0.5044049125865665,"{""type"":""Point"",""coordinates"":[83.95640491387167,22.86368725487077]}"
1773,90.0,2025-04-15,290.7446030208043,307,0,10,0.40738255033557047,0.008190184810359824,2.4510323006974293,303.17812124888104,0.6584949376549202,"{""type"":""Point"",""coordinates"":[80.89983512925532,19.013202616688496]}"
1774,67.25749567908828,2025-04-15,281.35891896202446,869,0,10,0.5217152281473337,0.004044875481326926,5.9761266330291205,300.7976164590745,0.33321498321191134,"{""type"":""Point"",""coordinates"":[80.96476300774589,22.749964629648076]}"
1775,90.0,2025-04-15,289.89527847653346,196,0,40,0.17918373539675314,0.0038689821745947484,0.9880476568696898,304.3034990855625,1.1210065970885945,"{""type"":""Point"",""coordinates"":[83.45757320305727,20.178935483711758]}"
1776,6.731457192981377,2025-04-15,288.0385076432001,573,0,30,0.44561748097225634,0.010762676575382102,8.345830154585276,302.10170523325604,0.9570703078023084,"{""type"":""Point"",""coordinates"":[82.53274497147798,19.715141615311428]}"
1777,90.0,2025-04-15,284.8721316201346,430,0,40,0.16086105675146772,0.009336248018939841,1.0116095851700329,301.4430777685983,0.5104293531751944,"{""type"":""Point"",""coordinates"":[82.82000268341393,23.54456097114194]}"
1778,358.2726424179859,2025-04-15,288.5409723009382,898,0,30,0.4444444444444444,0.005665630080898154,15.823513389686585,298.9720781871251,0.5289473191104851,"{""type"":""Point"",""coordinates"":[82.55487114325804,18.663337463373445]}"
1779,61.13717567126793,2025-04-15,282.07518686567033,509,0,30,0.22538149083324185,0.0029384642626837376,5.744893622216012,302.1382914497739,0.4597240709430312,"{""type"":""Point"",""coordinates"":[81.03462495103628,23.271950523036786]}"
1780,107.60359096724076,2025-04-15,291.6067740122477,567,0,30,0.2779805352798054,0.01951815185805117,6.110327742231764,299.8289245877947,0.5314280217912151,"{""type"":""Point"",""coordinates"":[82.04792387148888,17.84992702942921]}"
1781,270.0,2025-04-15,288.1890203385126,618,0,10,0.6955190648483162,0.012868255355556357,0.4920205671627334,301.7528457187471,1.0500147620695113,"{""type"":""Point"",""coordinates"":[82.41134117267289,19.522446491712156]}"
1782,143.91472180804521,2025-04-15,283.86156963166735,398,0,40,0.22098022355975924,0.002409055807788718,1.721008521948001,302.0981012526012,0.129800727976588,"{""type"":""Point"",""coordinates"":[81.17315060572152,23.833945489685107]}"
1783,54.72364751570377,2025-04-15,290.3110615866525,202,0,30,0.17151301363333016,0.011434167602260459,2.407562896516013,303.92772597358345,0.7968416919558955,"{""type"":""Point"",""coordinates"":[80.37492984226157,19.39923546020113]}"
1784,260.2425789875963,2025-04-15,291.0748787834531,284,0,10,0.302939211756847,0.009388297774989951,5.456108225497506,303.8614127295358,0.9121012126318647,"{""type"":""Point"",""coordinates"":[80.50971073342197,18.94954347555677]}"
1785,295.0837377504877,2025-04-15,286.1221083686465,385,0,10,0.48261758691206547,0.004388347246845115,1.09375509490785,304.4541803541638,0.6238059956800283,"{""type"":""Point"",""coordinates"":[82.14848841173988,20.580574542995276]}"
1786,344.72162467656517,2025-04-15,284.40307353791735,590,0,10,0.3801485482781904,0.0039301961447790745,1.9222231152001392,301.76437264397026,0.2981694339432627,"{""type"":""Point"",""coordinates"":[82.1715385888724,23.7656661216775]}"
1787,90.0,2025-04-15,288.44103159223283,211,0,40,0.6530612244897959,0.004719272234638083,1.4970768456152264,304.0491917473929,0.7252291580813557,"{""type"":""Point"",""coordinates"":[83.11532017742506,21.70649798183582]}"
1788,318.88669575412473,2025-04-15,284.6777259281704,504,0,40,0.2759968725566849,0.006618842461307395,3.0746856159780926,301.66015947432743,0.5769717010146258,"{""type"":""Point"",""coordinates"":[82.92198965730068,23.562071263758053]}"
1789,270.0,2025-04-15,290.90905498322985,265,0,10,0.4140992167101828,0.019552022197444785,0.4896219179383411,302.9045849300566,0.7308315036801064,"{""type"":""Point"",""coordinates"":[81.9114962124044,18.715202312672844]}"
1790,160.40762547841365,2025-04-15,286.4760367075602,414,0,10,0.40517503805175037,0.006876230218608725,1.4764094914930148,303.8792233694167,1.0484534075812313,"{""type"":""Point"",""coordinates"":[80.6406470613157,20.52766237468425]}"
1791,90.0,2025-04-15,292.20120411827446,640,0,10,0.4722378014582165,0.014479950049121726,4.423612993008528,300.25803661346436,0.5925209676882145,"{""type"":""Point"",""coordinates"":[84.15766358492678,19.67236696248764]}"
1792,313.16150359944754,2025-04-15,287.55156916663765,249,0,10,0.27978216473791695,0.005895808317859519,1.355614576325106,304.9284874598185,1.0563503626890012,"{""type"":""Point"",""coordinates"":[80.2120986731361,20.315072086249927]}"
1793,270.0,2025-04-15,288.09269523620605,260,0,40,0.3615944321417273,0.00853531060477053,2.0016549763837097,303.69414152417863,0.789677007207494,"{""type"":""Point"",""coordinates"":[83.47774257290617,22.127423230460693]}"
1794,295.34721744753307,2025-04-15,291.1957400185721,345,0,10,0.13324647637095818,0.006464406826694358,2.1654829913129805,304.16390877678276,1.0104748861304307,"{""type"":""Point"",""coordinates"":[80.49418943177261,18.6642171977219]}"
1795,107.20145431545801,2025-04-15,290.8717654091971,238,0,10,0.3868682097307511,0.014385461785991538,1.5677345164616086,303.2295884177798,1.265045615709386,"{""type"":""Point"",""coordinates"":[84.32025982864276,21.760791728419115]}"
1796,336.6256658958462,2025-04-15,285.9460539136614,354,0,40,0.289702868852459,0.004701539852817405,2.524397968176969,303.87834562574113,0.23019004780737462,"{""type"":""Point"",""coordinates"":[82.87481456832053,22.259339546426986]}"
1797,270.0,2025-04-15,289.9765773046584,745,0,10,0.5362318840579711,0.010049432494838584,5.909668208450936,299.8261867250714,1.1528965461045884,"{""type"":""Point"",""coordinates"":[84.29764395056475,20.2276658893323]}"
1798,57.309406142280196,2025-04-15,289.2295651208787,1179,0,10,0.519056974459725,0.007373586275775779,20.538262722030037,298.13330981844945,0.3122606212094925,"{""type"":""Point"",""coordinates"":[82.56411100969258,18.231392458473646]}"
1799,203.11186448098212,2025-04-15,289.8757356007893,164,0,30,0.24102722772277227,0.005239874103267539,2.51944253344311,304.99342886606854,1.1383782791230161,"{""type"":""Point"",""coordinates"":[83.51213070274535,20.405908231094784]}"
1800,160.43179505792747,2025-04-15,289.5970490773519,166,0,40,0.2590194264569843,0.003328710773189414,1.4761880760198898,304.5398039590745,1.1285812416901064,"{""type"":""Point"",""coordinates"":[83.33234528960874,20.322416425983523]}"
1801,252.8112959237269,2025-04-15,284.27224904014946,314,0,40,0.19915922228060956,0.006723940351207602,1.5688617300756071,304.0390657243275,0.33399011209336643,"{""type"":""Point"",""coordinates"":[81.3059588781549,21.873641691912802]}"
1802,331.3994018620653,2025-04-15,288.7998659951346,698,0,10,0.45113788487282463,0.018521621802051413,19.77515502765057,302.27422546205065,0.7186247778223718,"{""type"":""Point"",""coordinates"":[81.18840637150974,19.854574280486393]}"
1803,318.58800352644494,2025-04-15,291.0599803924561,326,0,10,0.30366666666666664,0.014408141353328574,3.704926863953251,304.1098083768572,0.9196593804978145,"{""type"":""Point"",""coordinates"":[80.29210651570914,19.12000741401722]}"
1804,27.92291751248438,2025-04-15,289.0527956826346,544,0,10,0.4243469689502218,0.008807331302364219,2.0984582656912387,301.99553893861315,0.8211630932805833,"{""type"":""Point"",""coordinates"":[81.53637811247371,19.36516570684123]}"
1805,313.30791459421135,2025-04-15,288.1451215289888,611,0,40,0.43675751222921033,0.006100580074985373,2.027434637061006,301.7543628783454,0.8859534314146081,"{""type"":""Point"",""coordinates"":[81.87796373570693,19.504684394327267]}"
1806,79.43276132893195,2025-04-15,285.34708976745605,373,0,40,0.34787806335923493,0.003831341841419089,2.527108992280522,304.35169360751195,0.8930331056053579,"{""type"":""Point"",""coordinates"":[80.63355403000753,21.12932016228724]}"
1807,-0.0,2025-04-15,287.3593433016823,277,0,40,0.3568702290076336,0.007071271517474997,2.3174627380815918,303.5244696026757,0.5455020897991213,"{""type"":""Point"",""coordinates"":[82.91323472964034,21.47033784279978]}"
1808,251.5508494989537,2025-04-15,283.45203535897394,985,0,10,0.4030281182408075,0.008796751477916587,5.8412871488442955,299.785537311009,0.6441584862941939,"{""type"":""Point"",""coordinates"":[83.744677599237,23.44760427734975]}"
1809,350.14937672875203,2025-04-15,283.87799099513467,676,0,10,0.41373194831517607,0.00796167550345217,11.605741350800102,299.92079703013104,0.22981520092469637,"{""type"":""Point"",""coordinates"":[83.40729107524396,22.861229664011365]}"
1810,100.48008338145485,2025-04-15,284.42736553010485,412,0,40,0.0333773959021811,0.0036437064196661595,2.547860030351377,303.31715933481854,0.5479380894499735,"{""type"":""Point"",""coordinates"":[81.36591621340028,22.347231462270628]}"
1811,129.4084131876327,2025-04-15,285.3135901859829,336,0,10,0.3596520575443292,0.0033685415770605687,5.823759317312737,303.6151155290149,0.1375834359223713,"{""type"":""Point"",""coordinates"":[82.81047503857828,22.42734353953175]}"
1812,156.02021554182946,2025-04-15,281.8261983054025,766,0,10,0.4389750505731625,0.005685895660121787,8.564046454509867,301.8491359438216,0.6591739542367139,"{""type"":""Point"",""coordinates"":[81.04448149750158,22.223114976778266]}"
1813,54.59650003965062,2025-04-15,290.9079156603132,508,0,30,0.24699029126213592,0.01240035889406954,2.400048814621057,302.33981209709526,0.9352672074798106,"{""type"":""Point"",""coordinates"":[81.39674799649659,18.616966212552157]}"
1814,207.98178021922254,2025-04-15,290.2527061644055,350,0,40,0.2662162162162162,0.006524115779598105,2.0996015391987255,301.86590607961017,1.3174727488850961,"{""type"":""Point"",""coordinates"":[83.64925430929829,19.765158101366602]}"
1815,300.0140741478069,2025-04-15,287.4945855821882,442,0,10,0.34697718183956716,0.005797967293460715,30.908653916122617,304.7166199002947,0.7243625004330173,"{""type"":""Point"",""coordinates"":[82.69451677241564,20.483247815820864]}"
1816,294.8842200008105,2025-04-15,287.16486785525365,250,0,40,0.6311173974540312,0.004134252646167624,1.101957536036681,303.5791629155477,0.4236104255861967,"{""type"":""Point"",""coordinates"":[82.54276740707458,21.92131793253602]}"
1817,90.0,2025-04-15,283.7432021186465,548,0,10,0.3958434026099565,0.006511777618129599,2.0122917053614393,301.98082655952095,0.1974838005714662,"{""type"":""Point"",""coordinates"":[82.87281421536704,22.861880518190784]}"
1818,321.56879153970897,2025-04-15,290.4391075315929,374,0,30,0.3011647254575707,0.010207802036006797,2.366649560207031,302.66890784672336,0.6864458952991738,"{""type"":""Point"",""coordinates"":[81.28226454302934,19.0544610976284]}"
1820,72.86351917948589,2025-04-15,285.7358895256406,296,0,60,0.05974499089253188,0.003276288488109458,1.5734964211698603,304.2999881108602,0.16237490182743208,"{""type"":""Point"",""coordinates"":[82.64979135156425,22.33027577629093]}"
1821,124.82618086030989,2025-04-15,290.32242575145904,231,0,40,0.13970095960723053,0.009569242575366843,2.434646134566712,303.29572146279463,1.1480735713722015,"{""type"":""Point"",""coordinates"":[84.05954796505797,21.937571853348885]}"
1822,46.654589930929916,2025-04-15,290.7711794716971,198,0,10,0.24271162627327011,0.012622907736499656,0.6755935269174232,304.0305324281965,0.7888443863051336,"{""type"":""Point"",""coordinates"":[80.42292600974909,19.291831759895018]}"
1823,188.59674073983837,2025-04-15,288.9899992261614,605,0,10,0.38438880706921946,0.01017923650999819,3.2795181488706584,301.2502880550566,0.8401354784336952,"{""type"":""Point"",""coordinates"":[82.43482672716695,19.09816064135133]}"
1824,245.27854271102797,2025-04-15,281.811183656965,686,0,30,0.1799334527770668,0.00444374976416384,3.322936463257591,300.93137064434234,0.38443362062466924,"{""type"":""Point"",""coordinates"":[81.10914262343066,22.955685820201595]}"
1825,90.0,2025-04-15,289.4934869493757,524,0,10,0.5673352435530086,0.018580690005023826,1.470703222619779,301.88876229240776,0.7359376790269699,"{""type"":""Point"",""coordinates"":[82.1871817922251,18.95761942949423]}"
1826,122.13584715830301,2025-04-15,289.30342928568524,729,0,10,0.305045105245573,0.028197333195407737,15.317112154848953,301.064334279015,0.6597155169836109,"{""type"":""Point"",""coordinates"":[81.13685448017569,19.56609743919365]}"
1827,-0.0,2025-04-15,285.34708976745605,386,0,40,0.2083632447954056,0.003831341841419089,0.0,304.35169360751195,0.8930331056053579,"{""type"":""Point"",""coordinates"":[80.5797906178513,21.095411194701008]}"
1828,270.0,2025-04-15,289.8757356007893,175,0,40,0.27877482651352,0.005239874103267539,1.4836287553027407,304.99342886606854,1.1383782791230161,"{""type"":""Point"",""coordinates"":[83.45830466416511,20.36189235489527]}"
1829,347.8526017492839,2025-04-15,290.38415263947985,210,0,10,0.3995263253780288,0.0073292106177405,2.370480464253982,303.3676557540893,1.1597954389653353,"{""type"":""Point"",""coordinates"":[84.09793777383129,21.694642790481932]}"
1830,144.28535652254126,2025-04-15,285.25264803568524,270,0,40,0.19872148131819684,0.0037823021199301365,1.7129732893492013,304.3582737786429,0.243986998354385,"{""type"":""Point"",""coordinates"":[81.90930946703195,21.987184312542173]}"
1831,227.32082717546797,2025-04-15,284.8339177994501,575,0,10,0.4206896551724138,0.007566541412074912,4.777588234838538,301.2808230717977,0.487133849050262,"{""type"":""Point"",""coordinates"":[82.24091127068202,22.76488997479229]}"
1832,173.7946762663925,2025-04-15,281.0230163392567,645,0,30,0.1598639455782313,0.0010869502808645848,4.654519909898655,302.538955279759,0.30669268304799724,"{""type"":""Point"",""coordinates"":[80.35915377971592,23.11478754184969]}"
1833,164.84078542951474,2025-04-15,285.46704419453937,366,0,10,0.2550626808100289,0.006638750412662375,3.83796326335383,302.98239022209526,0.2288130592419039,"{""type"":""Point"",""coordinates"":[82.53096967074156,22.668954909228717]}"
1834,116.65698228725324,2025-04-15,285.76587813241144,948,0,10,0.4408530489836721,0.01025974748392855,12.215306421826579,299.5742045357114,0.45141954957325836,"{""type"":""Point"",""coordinates"":[83.87758490882426,23.02352641319175]}"
1835,169.77210048360334,2025-04-15,281.98721486046196,508,0,30,0.23785594639865998,0.0019630789544180516,2.8251106010425975,302.5796337581816,0.4894642551820906,"{""type"":""Point"",""coordinates"":[80.57769730167763,22.52514087453441]}"
1836,180.0,2025-04-15,288.56661869230726,566,0,30,0.24324324324324326,0.008682817199428428,0.4637353428839794,302.0620963232858,0.8226777875847288,"{""type"":""Point"",""coordinates"":[81.54720086721608,19.538403079941844]}"
1837,312.8332998013666,2025-04-15,285.25264803568524,254,0,40,0.29149710858856287,0.0037823021199301365,2.0454648238457835,304.3582737786429,0.243986998354385,"{""type"":""Point"",""coordinates"":[81.92633609801631,22.014649726401608]}"
1838,37.889522267066,2025-04-15,287.5871439434233,814,0,40,0.5012123311395913,0.006865009644229758,8.745697596669448,300.233779498509,0.835678187833174,"{""type"":""Point"",""coordinates"":[83.09305670927512,19.547704214918664]}"
1839,114.91192546807952,2025-04-15,291.237214860462,188,0,40,0.5014023060143347,0.0058195590760306,1.1008103808188379,303.4199948537917,1.14943844974368,"{""type"":""Point"",""coordinates"":[83.70423617618333,21.73931708116161]}"
1840,183.1926776351609,2025-04-15,288.5637471335275,1167,0,30,0.3092217383071388,0.008040621855457175,17.12122717170532,299.9037478764852,0.926271647746921,"{""type"":""Point"",""coordinates"":[83.05873396959726,19.34375086055427]}"
1841,267.3010080075923,2025-04-15,292.54361134483696,316,0,10,0.4111431316042267,0.011219158747394431,18.971462384468087,301.43645690736315,0.9310308877519535,"{""type"":""Point"",""coordinates"":[83.76134743760029,19.46909072384613]}"
1842,133.0260567200615,2025-04-15,285.7447715940929,318,0,40,0.34162706178361757,0.00478079912920748,2.0380867846616875,304.5874695096697,0.5022406779733073,"{""type"":""Point"",""coordinates"":[82.53880294765938,21.03421726835483]}"
1843,127.65111995850636,2025-04-15,289.2187822432745,326,0,10,0.3057199211045365,0.019386529901225913,3.7903527201109437,302.4395435424079,0.8064510274866993,"{""type"":""Point"",""coordinates"":[83.77851276688243,22.205546306274435]}"
1844,133.0710715508735,2025-04-15,285.84127689543226,366,0,40,0.17757370710488157,0.005370929815967429,0.6790457473320245,304.1270726067679,1.0232697282497045,"{""type"":""Point"",""coordinates"":[80.5656478524435,20.798075749292924]}"
1845,357.2508765502383,2025-04-15,288.8147120702834,867,0,40,0.36582091555913543,0.00617918370028292,10.107969734765998,299.29527387164893,0.5967576704832799,"{""type"":""Point"",""coordinates"":[82.6317499404136,18.806595975809785]}"
1846,294.9355371251134,2025-04-15,288.79662822541735,230,0,40,0.679160419790105,0.0064163058783606175,1.0998348172739696,303.97388017745243,0.8246615422991324,"{""type"":""Point"",""coordinates"":[83.25128163035812,21.584423682453107]}"
1847,152.17352649518017,2025-04-15,295.3093467894054,46,0,80,-0.1951219512195122,0.012120023348529685,1.0486472984929236,302.08764970870243,1.0279160720629512,"{""type"":""Point"",""coordinates"":[83.92645819972078,18.688876024010067]}"
1848,263.3416647335866,2025-04-15,291.25503712608696,157,0,10,0.47023639988607235,0.004139035918910849,3.9931043980912326,303.9726769129435,1.1088686646598223,"{""type"":""Point"",""coordinates"":[84.26779712352118,20.95122186265434]}"
1849,278.86663459311694,2025-04-15,286.0952645256406,386,0,10,0.24136775058665771,0.0069766789462164525,3.005935133074775,304.19919290996734,1.1561102018427554,"{""type"":""Point"",""coordinates"":[81.00025287905406,20.610325560342265]}"
1850,46.8643504379011,2025-04-15,289.74126643226265,154,0,40,0.8202995008319468,0.005548089721401084,0.6782285392191871,305.0161804471698,1.0815364219214314,"{""type"":""Point"",""coordinates"":[83.47483531177222,20.45376302486309]}"
1851,142.75726507835378,2025-04-15,288.73055912199476,407,0,40,0.19824102685999526,0.018863603451450217,4.070896202000266,302.37974652789893,0.7443095962558332,"{""type"":""Point"",""coordinates"":[81.17590580091995,20.01844783844708]}"
1852,236.10494358729497,2025-04-15,288.71178354535783,477,0,10,0.40601719197707736,0.024627342798908103,4.150582606516236,301.4170709791637,0.6751944028875855,"{""type"":""Point"",""coordinates"":[81.0235048811011,19.849473078235185]}"
1853,107.55950099041512,2025-04-15,294.7758995237804,99,0,40,0.2882189437673722,0.008684515931804526,3.0713109142067503,302.4864824840001,0.7845383233819001,"{""type"":""Point"",""coordinates"":[83.28895948412409,18.318892731909617]}"
1855,196.20191665084712,2025-04-15,289.45665077936076,1182,0,30,0.3083320257335635,0.008161634185512412,13.735508211204062,298.48980163392565,0.30270036914959214,"{""type"":""Point"",""coordinates"":[82.70920603901504,18.303646039545974]}"
1856,144.8305288187711,2025-04-15,288.61662101745605,853,0,30,0.22137203166226913,0.005482852437694419,5.092304096303631,298.93863673437215,0.6484321463915339,"{""type"":""Point"",""coordinates"":[82.88521404583045,18.89160449725429]}"
1857,121.68080693659091,2025-04-15,290.45458139692033,263,0,10,0.3570923490312544,0.024969860890109885,1.765462710150721,302.6777957280477,0.9436876032552926,"{""type"":""Point"",""coordinates"":[84.27026425313194,22.222114031496105]}"
1858,46.764488620063545,2025-04-15,289.1353152138846,970,0,30,0.21437446239128358,0.008424758889873374,6.070203202703683,298.87740975334526,0.879921359227791,"{""type"":""Point"",""coordinates"":[84.13516006627992,19.909836382840634]}"
1859,308.364558681021,2025-04-15,289.7281293414888,589,0,10,0.34334763948497854,0.003419488647182334,29.281553583985282,303.89055846986315,1.095122813276014,"{""type"":""Point"",""coordinates"":[83.52602512954532,20.13998501891217]}"
1860,15.038341700568834,2025-04-15,285.73580233256024,274,0,40,0.18040496407576748,0.005670666673381675,1.9200443365768616,304.27483000074113,0.4510844063628344,"{""type"":""Point"",""coordinates"":[81.36790403889155,21.483378765241383]}"
1861,132.96395013334288,2025-04-15,288.2268156324114,239,0,40,0.12316384180790961,0.008152723291118491,0.6804075851635899,303.89598769233345,0.6325368944589649,"{""type"":""Point"",""coordinates"":[83.11504124679702,21.355444593787265]}"
1862,25.82265809500355,2025-04-15,290.4526515234084,785,0,10,0.5503355704697986,0.019346952417095054,12.177782613581055,302.338521639506,0.6591845128764084,"{""type"":""Point"",""coordinates"":[81.97879081903876,18.710834414282008]}"
1863,162.86275627066195,2025-04-15,290.3433579036168,684,0,10,0.24897119341563786,0.01221817729731356,14.711950113143406,299.41297290438695,0.815711823885462,"{""type"":""Point"",""coordinates"":[84.0327685363169,19.689555470652408]}"
1864,171.80089592603215,2025-04-15,288.7296930040632,833,0,30,0.26202440775305097,0.004615142920215476,10.198666773323119,299.1488825026013,0.5637322481510285,"{""type"":""Point"",""coordinates"":[82.67552698025099,18.843264328463263]}"
1865,121.87024730581912,2025-04-15,286.2906351543608,297,0,40,0.19787700473058728,0.0043210536028936986,1.7560701760874329,304.1619730903989,0.6973347971493125,"{""type"":""Point"",""coordinates"":[81.50769397736705,21.158797601812047]}"
1866,127.59057384739897,2025-04-15,288.7119230542864,416,0,40,0.24748110831234257,0.021034672835071433,3.795538268097898,301.6706400825864,0.6800468404463309,"{""type"":""Point"",""coordinates"":[84.18385548462494,22.510147086059124]}"
1867,19.365441296668585,2025-04-15,289.4592142559233,957,0,40,0.20378806041716616,0.014769896843631614,5.877967568001217,298.2159397942679,0.3975314497970108,"{""type"":""Point"",""coordinates"":[82.8180218982166,18.490628631897074]}"
1868,312.59648654209116,2025-04-15,282.43309702192033,495,0,40,0.30482590103848506,0.0016848444726065281,1.3700826106642279,301.8600932075864,0.4750843447179917,"{""type"":""Point"",""coordinates"":[81.43569205882964,23.156538854858784]}"
1869,332.22188168554857,2025-04-15,294.7758995237804,98,0,40,0.19610501663996055,0.008684515931804526,2.095660555839264,302.4864824840001,0.7845383233819001,"{""type"":""Point"",""coordinates"":[83.33255266549071,18.338576433893152]}"
1870,215.33491145539796,2025-04-15,288.7998659951346,387,0,10,0.372966577935522,0.018521621802051413,3.406769951014986,302.27422546205065,0.7186247778223718,"{""type"":""Point"",""coordinates"":[81.17641777123404,19.888996460807014]}"
1871,76.73699739628712,2025-04-15,291.4292023976644,394,0,10,0.5252601417584075,0.00809106228609835,2.020532745619041,300.8422709419614,1.3402988905166298,"{""type"":""Point"",""coordinates"":[83.53562787636216,19.466925120500523]}"
1872,270.0,2025-04-15,285.3135901859829,327,0,30,0.17580930571458311,0.0033685415770605687,1.5039383704214304,303.6151155290149,0.1375834359223713,"{""type"":""Point"",""coordinates"":[82.79776255243898,22.354308778027008]}"
1873,312.6842819152063,2025-04-15,286.8437822432745,469,0,30,0.2301679212507238,0.009936049559314597,4.777128426467412,301.708388873509,0.42834760886366086,"{""type"":""Point"",""coordinates"":[83.92558740889456,22.74076148698376]}"
1874,79.64128271539113,2025-04-15,284.50335139320015,458,0,40,0.22141119221411193,0.005184113958080161,2.577340312504917,301.4787048612322,0.3464654069906359,"{""type"":""Point"",""coordinates"":[82.3308873647321,23.943240401083283]}"
1875,115.09037836086343,2025-04-15,286.5694437481108,439,0,10,0.3971363978899774,0.005098268368442405,1.0934844168611821,304.13308311644056,0.9793137359673132,"{""type"":""Point"",""coordinates"":[80.50887808376433,20.534804645739182]}"
1876,208.64742038834865,2025-04-15,284.0840456826346,391,0,30,0.32644628099173556,0.003913134315212119,1.0567457217552865,301.98173336755656,0.6889002952140753,"{""type"":""Point"",""coordinates"":[82.95939386770448,23.75695856511356]}"
1877,316.08001211293595,2025-04-15,287.88515826634,723,0,30,0.42107057620184113,0.005003049948413718,13.885531610236901,300.66404247283936,0.7805905759918437,"{""type"":""Point"",""coordinates"":[82.91997137184761,19.261352743784407]}"
1878,160.45868801243645,2025-04-15,288.0347176506406,409,0,10,0.34032197678771997,0.009290665366847861,2.949927980807223,303.6494463511876,0.7540116565552674,"{""type"":""Point"",""coordinates"":[82.3922203441654,20.089982769978448]}"
1879,274.76335872215975,2025-04-15,284.40736343747096,690,0,10,0.46864310148232613,0.004743665435512412,5.566981159530404,300.94601908184234,0.27997196420420434,"{""type"":""Point"",""coordinates"":[82.33227299562289,23.564409830605182]}"
1880,303.84245488670786,2025-04-15,286.5275096893311,573,0,10,0.36270676691729326,0.00861722228785311,4.156243940952273,302.89731302715484,0.771810597543429,"{""type"":""Point"",""coordinates"":[81.92722744539782,20.16185615345454]}"
1881,142.31926259014278,2025-04-15,286.2526712871733,263,0,30,0.20272904483430798,0.006393626311023581,4.094731705576094,303.99484139397026,0.21341980993286044,"{""type"":""Point"",""coordinates"":[83.09764697792143,22.35860203629766]}"
1882,259.48143083342467,2025-04-15,284.2453005654471,573,0,10,0.28059701492537314,0.008380472638805259,2.538654284560513,302.72297336941676,0.42486593243164295,"{""type"":""Point"",""coordinates"":[80.5717220765818,21.817409957828627]}"
1883,323.28910050740166,2025-04-15,284.9487452734084,775,0,10,0.6345044572627163,0.019665181615550864,29.92015925019002,299.22487417856854,0.7293064837178957,"{""type"":""Point"",""coordinates"":[84.19752513602823,23.42564826287165]}"
1884,72.75630527076879,2025-04-15,291.5496392931257,158,0,30,0.23511604439959638,0.004381418206889975,1.5640122511959376,303.9523899895804,0.9510116544837383,"{""type"":""Point"",""coordinates"":[83.89581862284791,21.382907256812224]}"
1885,144.01000390967906,2025-04-15,283.3022957756406,552,0,40,0.4427860696517413,0.004819095113475669,1.7189287810643359,301.3186823072888,0.624875227902255,"{""type"":""Point"",""coordinates"":[83.35028919453032,23.37576416820529]}"
1886,10.021645143535913,2025-04-15,288.32459976559596,571,0,40,0.18574662860517768,0.00796000657339846,2.8232980518207853,301.90843886420845,0.8794513487891377,"{""type"":""Point"",""coordinates"":[81.99326088944586,19.415663631419587]}"
1887,270.0,2025-04-15,284.8263726915632,230,0,40,0.2619690645715689,0.007345661499698508,0.5076779740653207,302.907125155131,0.4353788838178052,"{""type"":""Point"",""coordinates"":[83.95810190080124,24.015328489808592]}"
1888,304.36558948132006,2025-04-15,281.83726601373576,733,0,10,0.2779727095516569,0.0032321810509756688,16.001702251643533,301.9991777965001,0.4864693583782145,"{""type"":""Point"",""coordinates"":[80.93928804043698,22.606084620561074]}"
1889,-0.0,2025-04-15,283.76433772132503,491,0,10,0.30987239758227,0.0034303813960150364,1.390963080774087,302.3463108880179,0.8018167391149983,"{""type"":""Point"",""coordinates"":[83.65425045980916,23.721079251056572]}"
1890,256.8847845068258,2025-04-15,288.6549569084531,238,0,40,0.519978830378407,0.009242743232448447,2.0428762118683825,304.08024992261613,0.7250986530025669,"{""type"":""Point"",""coordinates"":[83.28014421178713,21.2588890446683]}"
1891,308.16943450031414,2025-04-15,283.3566170647031,434,0,10,0.40169014084507043,0.0021909028079107884,4.4932290083978295,302.1262181145804,0.3670514152060612,"{""type"":""Point"",""coordinates"":[81.11049984125103,23.498160862690938]}"
1892,280.36503412479385,2025-04-15,282.6860615866525,375,0,40,0.22344322344322345,0.0028056353118017796,2.5757888342626885,302.88451308295834,0.45670707314634496,"{""type"":""Point"",""coordinates"":[80.53697002348615,23.86263370148741]}"
1893,46.439321536554736,2025-04-15,297.08646383739654,23,0,40,0.3441285834232938,0.003841638543804038,2.0180175471185064,302.2561299914405,2.237124746187453,"{""type"":""Point"",""coordinates"":[83.46839146989794,18.01449994641227]}"
1894,205.12363861495984,2025-04-15,291.5685834430513,454,0,10,0.39846615538512836,0.014607787111003745,4.599919504956362,303.0241498947144,0.9134876499295662,"{""type"":""Point"",""coordinates"":[81.48476985557721,18.59963135388686]}"
1895,72.87143380287185,2025-04-15,282.5959388187954,494,0,10,0.09492998551424432,0.0017677396323279027,1.574201329566622,303.27603907812215,0.48649851328342625,"{""type"":""Point"",""coordinates"":[80.40813920448495,22.39828834995287]}"
1896,14.66734313732006,2025-04-15,282.2017679668608,895,0,10,0.6009897927621404,0.006163760998447287,13.638097966190454,300.95560450780965,0.47694105729799513,"{""type"":""Point"",""coordinates"":[81.37487265163142,22.74649680352952]}"
1897,20.054547710106796,2025-04-15,282.76289031619115,346,0,40,0.33107049608355094,0.001970186808307517,1.4807070025617084,302.39457516443156,0.4713540251992352,"{""type"":""Point"",""coordinates"":[80.35280691724532,24.060176963570758]}"
1898,324.5379927957393,2025-04-15,287.4516052064442,272,0,50,0.30426514534093996,0.005319878437717307,1.7075798535430378,304.491841952006,0.8822044559885895,"{""type"":""Point"",""coordinates"":[82.92491687509364,20.618803872716587]}"
1899,188.55381935027944,2025-04-15,291.8902038392567,186,0,40,0.3371647509578544,0.0102540552403525,3.2791485136316125,302.45042523883643,0.3635574540252415,"{""type"":""Point"",""coordinates"":[81.99138787905332,18.23637532618735]}"
1900,199.82172704053852,2025-04-15,281.88712301708404,646,0,40,0.22641310089804542,0.003487259128291953,1.478526981427571,302.29902317410426,0.6180931207548916,"{""type"":""Point"",""coordinates"":[80.82282582102093,22.367080847364676]}"
1901,132.66812123694882,2025-04-15,285.16898336864654,426,0,30,0.24501354346220142,0.00587025282641207,4.778583288068905,302.7175150825864,0.15641545685476996,"{""type"":""Point"",""coordinates"":[82.673013047571,22.81743122472137]}"
1902,227.15808619939367,2025-04-15,288.9013471149263,287,0,10,0.3900245298446443,0.008017137625415671,1.3637440606836204,303.5954796473185,0.8945084827677126,"{""type"":""Point"",""coordinates"":[83.50313293575823,21.971863949190517]}"
1903,270.0,2025-04-15,291.5633460453579,285,0,40,0.25835799627315575,0.006073310950000632,1.4655284419714167,302.80272597358334,0.4688826049613409,"{""type"":""Point"",""coordinates"":[82.14838108668577,18.359740355167375]}"
1904,90.0,2025-04-15,285.66417612348283,317,0,40,0.1429805615550756,0.005467101910312522,1.0023703261830246,303.97885599590484,0.1343983272054999,"{""type"":""Point"",""coordinates"":[82.51011477506441,22.301266162379513]}"
1905,226.77696360197018,2025-04-15,288.4709562574114,237,0,40,0.32086912582112176,0.005937352755267966,3.3818607335454955,304.3644644873483,0.7701870349006709,"{""type"":""Point"",""coordinates"":[82.82408325552251,19.97882248528145]}"
1906,332.17786676279894,2025-04-15,291.5655840010871,147,0,10,0.3646991730824066,0.008188635089595664,2.0965087775831,304.2441380364554,0.9674030339133137,"{""type"":""Point"",""coordinates"":[80.62450068056849,18.65786661320694]}"
1907,204.5364853386387,2025-04-15,292.6607523418608,696,0,10,0.4447797223898612,0.007760584333141196,24.406857277987267,299.9260518664405,0.8585423787731935,"{""type"":""Point"",""coordinates"":[84.0713015146111,19.097112619742315]}"
1908,294.7240487303409,2025-04-15,282.13504782177154,644,0,10,0.26780088216761183,0.005261078455646384,8.800376585367427,300.0777910777501,0.573451479405207,"{""type"":""Point"",""coordinates"":[81.73370094768538,22.939701291673053]}"
1909,180.0,2025-04-15,290.3245300111317,237,0,10,0.17535794036516486,0.014835894086559165,0.4637353428839794,303.27517296019056,0.6829699817393512,"{""type"":""Point"",""coordinates"":[80.60843693847893,19.526124368747563]}"
1910,90.0,2025-04-15,289.59380549476265,561,0,10,0.45571559914189397,0.02090921995898043,0.49049372381042333,302.2027910777501,0.749368339751905,"{""type"":""Point"",""coordinates"":[82.14280852242591,19.013391390786825]}"
1911,227.4116897186861,2025-04-15,283.7260483333043,459,0,30,0.18137974418117006,0.003505945184429038,2.05495323475577,301.5408386502947,0.3273042248541563,"{""type"":""Point"",""coordinates"":[82.2205556717663,23.194926993068375]}"
1912,133.20514886998797,2025-04-15,288.47852461678644,367,0,10,0.3086027713625866,0.012449428417880881,2.0312998193783605,303.487691561381,1.0265931245584652,"{""type"":""Point"",""coordinates"":[80.8257885347505,20.07686987270502]}"
1913,285.5293330440164,2025-04-15,290.4391075315929,494,0,10,0.38457556935817805,0.010207802036006797,8.595568061550612,302.66890784672336,0.6864458952991738,"{""type"":""Point"",""coordinates"":[81.32670879301146,19.130071440798368]}"
1914,270.0,2025-04-15,282.5869463057745,745,0,40,0.17647058823529413,0.005985498407085288,2.0119220700700686,301.5285502388363,0.4526748481409469,"{""type"":""Point"",""coordinates"":[81.41049274659278,22.83608573877323]}"
1915,90.0,2025-04-15,288.3947669437954,223,0,40,0.5560290799699172,0.005956813671787131,0.4988402248355395,303.7563508805775,0.7009013210592319,"{""type"":""Point"",""coordinates"":[83.05685853863764,21.624231525956635]}"
1916,208.19497758758888,2025-04-15,286.64427866254533,298,0,50,0.15477386934673368,0.005081817486484397,1.0522403806709522,303.958138920012,0.8178913069126207,"{""type"":""Point"",""coordinates"":[81.32855738752355,21.141159693430637]}"
1917,263.39082172718656,2025-04-15,283.10687283107217,593,0,30,0.3326766806205368,0.004883989670474875,4.022573832751569,302.68183567410426,0.443687026413745,"{""type"":""Point"",""coordinates"":[80.63752373819614,22.039135786071295]}"
1918,313.03924744255744,2025-04-15,286.8619416554769,311,0,40,0.1620775969962453,0.006186202147205222,0.6794495107847704,303.9675441469465,0.7133400287283425,"{""type"":""Point"",""coordinates"":[81.69419699723399,20.964977079161578]}"
1919,160.6307767125024,2025-04-15,293.78656033107205,181,0,40,0.33015527104331244,0.015232935526569236,1.4743777002588832,301.99034804389584,0.5963546736720273,"{""type"":""Point"",""coordinates"":[83.15433482235402,18.526543215855778]}"
1920,221.81074101073455,2025-04-15,284.23327954610187,476,0,10,0.2439879759519038,0.0070569813038900975,13.436206705483137,301.39733046577084,0.41364392291375607,"{""type"":""Point"",""coordinates"":[82.38430084016863,23.83061797961341]}"
1921,270.0,2025-04-15,283.1741335732596,550,0,10,0.4596961112541849,0.004087746122081626,1.0099276822291463,301.458394686381,0.49208215686493195,"{""type"":""Point"",""coordinates"":[83.23175202436211,23.324262797602646]}"
1922,115.20819291553445,2025-04-15,293.9731012071882,113,0,40,0.39003866272458493,0.01285982129832064,1.0887067722779378,301.08649876004176,0.6147326949058263,"{""type"":""Point"",""coordinates"":[84.3838918124951,19.69892435103608]}"
1923,218.3880867657057,2025-04-15,290.54033869788765,339,0,10,0.46069739952718675,0.005656272151668418,9.38158425394916,303.0597595487322,0.8191043533172643,"{""type"":""Point"",""coordinates"":[80.94946567731462,18.796949916945238]}"
1924,-0.0,2025-04-15,290.6868986402239,216,0,80,0.12643093360468075,0.01333315668364321,1.3909630807829783,303.5471979322887,0.6446735067349152,"{""type"":""Point"",""coordinates"":[80.59839553796591,19.332931222073103]}"
1925,126.80079056789572,2025-04-15,287.0709260304769,340,0,40,0.3603112840466926,0.0033188611056402806,3.093608887307104,304.23507576897026,0.6905397787503504,"{""type"":""Point"",""coordinates"":[82.81657410628101,20.747771827715518]}"
1926,324.0109172029025,2025-04-15,283.8057602473668,510,0,30,0.2475643267549338,0.007550790884693015,1.7189088937268955,301.62554963429767,0.4743152077296207,"{""type"":""Point"",""coordinates"":[82.90033978529488,23.3712086823119]}"
1927,227.13513100252285,2025-04-15,285.56186957586385,264,0,40,0.2626315241170955,0.005182698347766745,0.6816742033049052,304.3856872831072,0.20967890681015425,"{""type"":""Point"",""coordinates"":[81.81725046553848,21.857222290675665]}"
1928,313.35210063321824,2025-04-15,290.7711794716971,190,0,10,0.33970701619121046,0.012622907736499656,2.0257792456639243,304.0305324281965,0.7888443863051336,"{""type"":""Point"",""coordinates"":[80.44507745181718,19.252946010842287]}"
1931,58.57616231679545,2025-04-15,283.8143691108341,396,0,40,0.17757791257059194,0.0015791058327749852,1.7783963163756404,302.01073378608334,0.21434343779313536,"{""type"":""Point"",""coordinates"":[81.23905427310989,23.585484119123464]}"
1932,12.99702843258248,2025-04-15,283.64018058776855,456,0,10,0.2904644133003572,0.010877609231670249,6.6333380846423315,303.6992975416638,0.5269325188513129,"{""type"":""Point"",""coordinates"":[80.99866920310868,21.814084067868873]}"
1933,343.1804955260285,2025-04-15,289.57752364022394,605,0,40,0.31797958649568175,0.007636100032527793,3.3873422790006336,302.1149353299822,0.796459008490562,"{""type"":""Point"",""coordinates"":[81.47227503248322,19.062158810190127]}"
1934,90.0,2025-04-15,288.4709562574114,250,0,40,0.23809523809523808,0.005937352755267966,0.4935838752363242,304.3644644873483,0.7701870349006709,"{""type"":""Point"",""coordinates"":[82.8269261541259,20.028801522687825]}"
1935,137.01569950238596,2025-04-15,288.2372032347179,291,0,10,0.22801788375558868,0.005136921980579245,5.058257339143418,304.54404735565186,0.7870194245614771,"{""type"":""Point"",""coordinates"":[82.74418412977825,20.142476674085458]}"
1936,47.189948212561305,2025-04-15,285.07129224141437,268,0,40,0.6510343055377104,0.00412648914118563,1.364562221723612,304.40067868005656,0.25470252591328973,"{""type"":""Point"",""coordinates"":[82.00953788255791,22.129496030460675]}"
1937,270.0,2025-04-15,285.4498032161168,274,0,40,0.607807535179301,0.005527257898052085,1.0014648919909208,303.99878252120243,0.1672400721375177,"{""type"":""Point"",""coordinates"":[82.19144295188356,22.174840735266876]}"
1938,133.42513435009877,2025-04-15,291.16954721723283,116,0,10,0.14338299737072743,0.008435696342189658,0.6745997575141732,304.6192194166637,1.0145974704321374,"{""type"":""Point"",""coordinates"":[80.43202269422277,18.829018433910058]}"
1939,283.3259343993785,2025-04-15,291.4089212871733,310,0,10,0.575984990619137,0.008283317067821372,6.0138070829638215,303.6873230252947,0.907080134361801,"{""type"":""Point"",""coordinates"":[80.83432096643794,18.65321309879064]}"
1940,324.61989947369256,2025-04-15,287.35872713724774,638,0,30,0.24844100773260164,0.013307422378261435,1.7058456427168722,302.2120509828841,0.9035206646663233,"{""type"":""Point"",""coordinates"":[81.25632323396611,20.152066055560308]}"
1941,-0.0,2025-04-15,292.74596323285783,63,0,60,0.09133790737564322,0.009862646439273703,0.463735342881014,304.8789036614554,1.2587898929787824,"{""type"":""Point"",""coordinates"":[80.70046205851209,18.13644681764143]}"
1942,75.8737778516005,2025-04-15,288.60076931544717,313,0,10,0.3233695652173913,0.0042292177464560154,13.06946850166634,304.5194995970954,0.8129938806465149,"{""type"":""Point"",""coordinates"":[83.07370801539565,20.809293306258738]}"
1943,45.142878881063226,2025-04-15,289.4871857961019,718,1,10,0.4287598944591029,0.029045075156886924,12.299577717705647,300.781386920384,0.6326811287896482,"{""type"":""Point"",""coordinates"":[81.08811879932531,19.497464546968555]}"
1944,343.0466704559755,2025-04-15,289.8757356007893,169,0,40,0.1935929301297984,0.005239874103267539,3.389739263873773,304.99342886606854,1.1383782791230161,"{""type"":""Point"",""coordinates"":[83.53671972920138,20.404331965864344]}"
1945,139.8764177436059,2025-04-15,289.7376450129918,884,0,10,0.45010467550593164,0.007431194164951194,6.0422584383683375,299.1353210721697,0.2856783496044401,"{""type"":""Point"",""coordinates"":[82.62818858737444,18.333723077180757]}"
1946,61.19935565716331,2025-04-15,283.9198901766822,633,0,10,0.6164817749603804,0.005221098640163291,16.825822716391155,301.4224711372739,0.6163182724568981,"{""type"":""Point"",""coordinates"":[83.01046212202449,23.611509940161497]}"
1947,352.42221695731126,2025-04-15,288.097566422962,329,0,10,0.43967871485943777,0.010523185112674582,3.7373396585328362,303.9516691934495,0.955157779486696,"{""type"":""Point"",""coordinates"":[80.37471003802212,20.014265584506898]}"
1948,329.9288591424918,2025-04-15,287.25819351559596,746,0,40,0.3473021090112298,0.006931111195285666,5.873923126296231,301.19360673995243,0.7057178677852117,"{""type"":""Point"",""coordinates"":[83.02595168347631,19.601112659493527]}"
1949,57.72314025633573,2025-04-15,290.90905498322985,239,0,40,0.27121609798775154,0.019552022197444785,3.4694311117118124,302.9045849300566,0.7308315036801064,"{""type"":""Point"",""coordinates"":[81.88444557032508,18.66403594982106]}"
1950,64.70858652247041,2025-04-15,293.0717514583043,635,0,30,0.45403200502039537,0.006112411596973288,6.485101482041866,300.59451471056263,0.9028485302092242,"{""type"":""Point"",""coordinates"":[84.030182879665,19.085970260734854]}"
1951,64.99267838633482,2025-04-15,286.68294007437567,295,0,40,0.17943689592379886,0.005544215419490683,1.0968806265568387,303.9160130364554,0.6818392329126879,"{""type"":""Point"",""coordinates"":[81.65343651916332,21.10421384158111]}"
1952,184.31716987723792,2025-04-15,289.00511850629533,616,0,30,0.3521377672209026,0.012210801222522605,6.4830998185248845,301.2674185889108,0.8234382025377969,"{""type"":""Point"",""coordinates"":[81.60598613437209,18.883550624050788]}"
1953,224.05849784645474,2025-04-15,284.89050029572985,620,0,10,0.5756417258328782,0.006321534493167746,16.321947208343175,301.24475420088993,0.39588148911719406,"{""type"":""Point"",""coordinates"":[82.40358593231002,23.910872576198194]}"
1954,226.69473847454117,2025-04-15,288.3747764769055,623,0,10,0.721294363256785,0.011912420370777,0.6760955869579538,302.1396807261876,0.9998728800296569,"{""type"":""Point"",""coordinates"":[82.31494062078083,19.519737743814943]}"
1955,203.1372207689098,2025-04-15,286.51480856395904,394,0,30,0.15570469798657718,0.0074164420153692845,2.5199181090226994,303.9839306331816,1.09424145055986,"{""type"":""Point"",""coordinates"":[80.67469896495365,20.593007033536836]}"
1956,90.0,2025-04-15,283.5575622376941,605,0,10,0.3936535162950257,0.008663535096843589,1.0114302289525972,300.40572425297324,0.6971337657767744,"{""type"":""Point"",""coordinates"":[83.70745329177619,23.521147504202567]}"
1957,270.0,2025-04-15,287.0546616145543,620,0,40,0.3262111801242236,0.00806809959669863,0.9860912924366444,302.25680428459526,0.7898385419585022,"{""type"":""Point"",""coordinates"":[81.70186879511182,19.867392262855017]}"
1958,331.7301826621302,2025-04-15,288.4423685527983,360,0,10,0.2994517706326863,0.006650254109104026,1.0529784407532472,303.86388320014595,0.7608682198624389,"{""type"":""Point"",""coordinates"":[83.23485366445632,21.600383818388888]}"
1959,132.8221977244112,2025-04-15,284.1248636699858,324,0,40,0.2579908675799087,0.004526421406467307,0.6822217808253676,303.81080005282445,0.4256969829479446,"{""type"":""Point"",""coordinates"":[81.3697667562985,22.06942957342447]}"
1960,133.3281820065723,2025-04-15,288.4941961197626,581,0,10,0.23863315447613667,0.011311709859569419,1.3514296755133246,302.0520574933007,0.9738488494436626,"{""type"":""Point"",""coordinates"":[82.295370900838,19.38948339999369]}"
1961,301.69831638287235,2025-04-15,283.2155967894054,585,0,10,0.2959089103667417,0.0018697082783774022,1.7645895639094813,303.5348862693423,0.3875225681876863,"{""type"":""Point"",""coordinates"":[80.24305389131767,22.12593484149109]}"
1962,312.6135019960045,2025-04-15,281.30980019342326,776,0,30,0.16569678407350688,0.002715334274967063,0.6849180707628474,301.7854326793126,0.4448825791373589,"{""type"":""Point"",""coordinates"":[80.76097195116574,23.076652810441207]}"
1963,85.47814326106858,2025-04-15,292.50621713910783,189,0,10,0.33245033112582784,0.008355706908901084,5.8616191023796915,304.74015040624715,1.141529668455563,"{""type"":""Point"",""coordinates"":[80.99680026162957,18.372489728623012]}"
1964,294.91674594291385,2025-04-15,285.4384623027983,301,0,40,0.2107886999872172,0.005966842153270591,1.100611057379058,303.60106581733345,0.24326509213282133,"{""type"":""Point"",""coordinates"":[80.34047458892388,21.708674100953846]}"
1965,208.96829837694256,2025-04-15,289.00511850629533,646,0,10,0.5066666666666667,0.012210801222522605,21.23395164245298,301.2674185889108,0.8234382025377969,"{""type"":""Point"",""coordinates"":[81.63495496866226,18.87722126157079]}"
1966,199.48687638151202,2025-04-15,287.8115266164144,610,0,30,0.465580662112454,0.006183773257930625,4.418534848593735,301.8205656778245,0.8141465024085505,"{""type"":""Point"",""coordinates"":[81.59419986891504,19.611598027772267]}"
1967,90.0,2025-04-15,290.2764343080066,224,0,40,0.32201438848920866,0.01106424627562319,1.0002011795850043,303.33860301971436,1.054879956058344,"{""type"":""Point"",""coordinates"":[83.95791123547569,21.99536894494956]}"
1968,148.76120581299432,2025-04-15,292.32764571053644,498,0,30,0.6167284277395447,0.016689926364620078,7.549380737807067,300.0382635479882,0.5284238803821629,"{""type"":""Point"",""coordinates"":[84.15111722506722,19.592522927531416]}"
1969,227.1647968300278,2025-04-15,284.61311004275365,295,0,10,0.40511440107671604,0.003773748853404868,2.0453915955586295,304.44130484263104,0.18112026994358296,"{""type"":""Point"",""coordinates"":[81.56810531945388,22.00482568942662]}"
1970,252.45847166591608,2025-04-15,289.8406432923817,1035,0,40,0.3035174279802642,0.020925626137454856,4.60601207479998,297.9227966581072,0.4366810496630715,"{""type"":""Point"",""coordinates"":[82.94224131404455,18.506857252813866]}"
1971,75.94231282293039,2025-04-15,283.35235041663765,543,0,30,0.24492164828787,0.0033658146645620945,5.708674840709701,301.482570421128,0.5033376290787612,"{""type"":""Point"",""coordinates"":[83.26894378988621,23.34639758879797]}"
1972,313.21698343962385,2025-04-15,286.19714092072985,660,0,40,0.29459203036053133,0.009574323871333945,1.354217461993283,302.35720421019056,0.9168071351919128,"{""type"":""Point"",""coordinates"":[81.97930147562943,20.012000004940944]}"
1973,90.0,2025-04-15,286.823396501087,303,0,30,0.23743211251914775,0.008954614379604209,2.9791753334466473,303.7865778151012,0.654651618307907,"{""type"":""Point"",""coordinates"":[81.8811236390278,21.07160982904181]}"
1974,-0.0,2025-04-15,284.2666105542864,416,0,40,0.22109933448360858,0.004003003218372214,1.3909630807829783,302.20173313504176,0.7075149762035765,"{""type"":""Point"",""coordinates"":[83.06157777372574,23.949042524462246]}"
1975,58.59064626959744,2025-04-15,283.44912311008994,475,0,40,0.24727008007765106,0.004521459319789756,1.7791320228049554,302.0627648035685,0.08612901490262888,"{""type"":""Point"",""coordinates"":[81.65803531811008,23.66068503169186]}"
1976,238.4466855037828,2025-04-15,281.9139436086019,742,0,30,0.2016565785281937,0.0057185143019751195,3.5403205687488613,300.74281851450604,0.40521167222183224,"{""type"":""Point"",""coordinates"":[81.27002915846649,22.909178389496983]}"
1977,294.6466955743989,2025-04-15,284.1531723567418,638,0,40,0.1842006033182504,0.015412896850307334,2.2229672191706595,299.2287048612322,0.7022963612478423,"{""type"":""Point"",""coordinates"":[84.08783227690171,23.415673411837755]}"
1978,84.33398433466874,2025-04-15,289.52242923918226,716,0,10,0.3219417475728155,0.016364529707630027,9.311410885770703,301.7731093906221,0.7704738518055895,"{""type"":""Point"",""coordinates"":[81.29572462135198,19.518292692360703]}"
1979,151.48652928353246,2025-04-15,281.5737510862804,700,0,40,0.11241696474195197,0.0034828036810949925,2.1100862826204385,301.67313961755656,0.39536707964470524,"{""type"":""Point"",""coordinates"":[80.9294277544676,23.019841735713108]}"
1980,339.9561379676136,2025-04-15,282.790187563215,360,0,40,0.19675342849146377,0.002399176337917197,1.4806062709984564,302.6174639293126,0.5635073253492099,"{""type"":""Point"",""coordinates"":[80.59492378828138,23.985458479657417]}"
1981,199.5422089280315,2025-04-15,288.38950629461374,216,0,30,0.1450381679389313,0.004988938548763144,1.4759502958121966,304.21037687574113,0.7503691917852029,"{""type"":""Point"",""coordinates"":[82.84878504418484,20.098291608975916]}"
1982,342.89142472509855,2025-04-15,283.8622439248221,616,0,30,0.28450007726781024,0.010998085119922507,3.392547322727071,303.2067031406221,0.5436556151347309,"{""type"":""Point"",""coordinates"":[80.80960254700214,21.83835769019116]}"
1983,121.81231908580646,2025-04-15,288.49004572913765,230,0,10,0.3189778926213035,0.008128985741336692,1.7589296220610429,303.9492219743275,0.7841985821642603,"{""type"":""Point"",""coordinates"":[83.30506208881064,21.488618361420315]}"
1984,-0.0,2025-04-15,285.19668170384,301,0,40,0.19789502838941975,0.005243033149440635,0.0,303.6356175286429,0.34271566897648703,"{""type"":""Point"",""coordinates"":[80.36691150324927,21.56943881767515]}"
1985,65.02786932637251,2025-04-15,290.0350082942418,174,0,40,0.8262520769048184,0.0037672668482855443,1.0983266599765042,304.3406433377947,0.8357113074732867,"{""type"":""Point"",""coordinates"":[83.56345873824468,21.34066637708807]}"
1986,90.0,2025-04-15,284.89759781247096,528,0,10,0.4390397978521794,0.005348950603206504,2.0052288466499375,303.03683939434234,0.3533600905199637,"{""type"":""Point"",""coordinates"":[81.81611512856597,22.377036568835404]}"
1987,212.5703351918062,2025-04-15,286.83484204610187,813,0,30,0.24741368565374547,0.011069908716876853,2.7493313696133286,301.8869428634643,0.776704216446092,"{""type"":""Point"",""coordinates"":[81.45363731922282,20.071165776846136]}"
1988,65.00626187489368,2025-04-15,286.5269167763846,296,0,30,0.28279181708784595,0.0049445181872442845,1.0974382862182246,304.00656595684234,0.6696114495552614,"{""type"":""Point"",""coordinates"":[81.67564546911466,21.196567966782226]}"
1989,69.30168156020076,2025-04-15,288.8626624516078,590,0,30,0.5340599455040872,0.00687733290453707,2.622294793066045,301.5558823630923,0.8169659913918722,"{""type"":""Point"",""coordinates"":[82.58541123554332,19.16349615238488]}"
1990,226.94930213208434,2025-04-15,289.2558160509382,188,0,10,0.26630061770761837,0.005990594604213584,0.6793041558612428,305.1074250993275,0.8187334104566732,"{""type"":""Point"",""coordinates"":[83.44270151837192,20.905076582451976]}"
1991,90.0,2025-04-15,285.6899329594204,797,0,30,0.2833437695679399,0.012615069725711692,4.523254772614021,298.9651550565447,0.5179010878947469,"{""type"":""Point"",""coordinates"":[83.97188426146633,22.956291453172714]}"
1992,227.0846733723772,2025-04-15,285.9819077083043,275,0,40,0.5845220030349013,0.005189791300495017,1.3618642764295004,304.06132902417863,0.3931840118103265,"{""type"":""Point"",""coordinates"":[81.75615008104155,21.603239157716136]}"
1993,115.32196748237484,2025-04-15,292.92155265808105,162,0,40,0.3783837579617834,0.018905371406276572,1.0841367443779184,300.99150480542863,0.824330705413267,"{""type"":""Point"",""coordinates"":[83.34712349226697,18.85619238821728]}"
1994,114.9112483447976,2025-04-15,288.1118660881406,207,0,60,0.1425080189399725,0.004883050897319663,1.1008383858241608,304.1239452816191,0.6500404141927445,"{""type"":""Point"",""coordinates"":[83.01044595048566,21.744169413958865]}"
1995,46.920726755500915,2025-04-15,290.11478414989654,127,0,40,0.2522617788743978,0.006381541469295371,0.6789418013077384,304.93920058295834,0.6662574929296236,"{""type"":""Point"",""coordinates"":[83.94148048823126,20.755139457138025]}"
1996,28.273489759006427,2025-04-15,290.53592672802154,260,0,10,0.2994315563066523,0.005122452953060019,2.1053185836179593,302.9927952630179,1.0524164520507044,"{""type"":""Point"",""coordinates"":[83.57418564328437,21.62322147138331]}"
1997,-0.0,2025-04-15,291.7593909672329,120,1,10,0.24528960223307747,0.012483715989787925,0.463735342881014,304.8836644036429,1.0351430757182039,"{""type"":""Point"",""coordinates"":[80.21525974971718,18.827221795449706]}"
1998,231.1625488925328,2025-04-15,281.0230163392567,583,0,10,0.24557823129251702,0.0010869502808645848,10.242380232483868,302.538955279759,0.30669268304799724,"{""type"":""Point"",""coordinates"":[80.39187887274072,23.057358427831513]}"
1999,348.13474208140644,2025-04-15,292.5046592894054,242,0,10,0.36233647703072713,0.00760452447195803,20.41410050104645,304.06934497469945,1.324244998438426,"{""type"":""Point"",""coordinates"":[80.63926340671674,17.837838646253193]}"
2000,98.55694192964751,2025-04-15,292.7840666089739,354,0,10,0.7028258887876025,0.011254653313358176,20.845861449252432,301.06838003794354,0.9773356544813545,"{""type"":""Point"",""coordinates"":[83.4208480041638,18.951419191744407]}"
2001,90.0,2025-04-15,290.2532409486317,257,0,10,0.40880080618071885,0.00842416284342562,1.4987246928878277,303.3023132596697,1.0499768840660952,"{""type"":""Point"",""coordinates"":[83.59164008102802,21.86457361824197]}"
2002,290.1092562120879,2025-04-15,283.5561264583042,524,0,30,0.29157175398633256,0.004826635101039756,2.695682802013669,301.81841491517565,0.1416031112733153,"{""type"":""Point"",""coordinates"":[81.98524493041906,23.747334134501624]}"
2003,46.8015453056046,2025-04-15,289.68737529572985,217,0,10,0.37856328392246297,0.004254072883327353,1.3546835983400496,304.6360418683007,0.9699727145868751,"{""type"":""Point"",""coordinates"":[83.34504943944519,20.113445842340834]}"
2004,153.95050293422693,2025-04-15,287.02945118858696,298,0,10,0.24459503065505,0.010854288914401877,5.659521041866736,303.6397214162917,0.37994432572434345,"{""type"":""Point"",""coordinates"":[82.53228121454227,21.577669943811717]}"
2005,84.76921996455125,2025-04-15,294.2607453664144,1070,0,30,0.30143381127042346,0.009751155951221335,28.043419349682782,301.1577238809495,1.0305321881158098,"{""type"":""Point"",""coordinates"":[83.98155565902668,18.914039834413142]}"
2006,180.0,2025-04-15,287.8570123400007,414,0,40,0.2684228076025342,0.017133474328716147,0.4637353428839794,301.7037676402501,0.6189733453826085,"{""type"":""Point"",""coordinates"":[84.24043418523665,22.635569632526142]}"
2007,270.0,2025-04-15,289.3997020721436,316,0,40,0.255404323458767,0.0037945359732702855,0.9876400989628159,303.3312206722441,1.0615261524378465,"{""type"":""Point"",""coordinates"":[83.61012947231482,20.114603339272566]}"
2008,270.0,2025-04-15,290.92552866254533,304,0,10,0.31062810200239604,0.008650436976154197,0.980314566153632,303.6690996715001,0.8363333073173473,"{""type"":""Point"",""coordinates"":[80.55450160120778,18.911077373580973]}"
2009,270.0,2025-04-15,289.9765773046584,584,0,40,0.23977260060193958,0.010049432494838584,1.9763185126291787,299.8261867250714,1.1528965461045884,"{""type"":""Point"",""coordinates"":[84.34187380941243,20.2431411755239]}"
2010,85.23572032613103,2025-04-15,292.8253845033191,574,0,10,0.4340026773761714,0.016128852942188132,16.296322555724622,299.2665873482114,0.5357030352099297,"{""type"":""Point"",""coordinates"":[84.32699723018706,19.166190014069606]}"
2011,295.420915354467,2025-04-15,292.84783381507503,103,0,10,0.3857236411263916,0.010685801484783042,1.0801967908733878,304.7612395059495,1.3154179178112777,"{""type"":""Point"",""coordinates"":[80.89870987717435,18.09113467053684]}"
2012,63.67188074039088,2025-04-15,287.97178168523885,289,0,10,0.2868421052631579,0.009357795098026145,17.236117891703806,304.06822890327095,0.6621345575864892,"{""type"":""Point"",""coordinates"":[83.1969523049474,21.335289121984726]}"
2013,133.48301469061195,2025-04-15,296.2435276394799,48,0,40,0.4032571343194382,0.016447633483608115,0.6738809206741807,302.3366673333304,1.3562443514768783,"{""type"":""Point"",""coordinates"":[83.75403476856877,18.48635628412561]}"
2014,257.1095877422564,2025-04-15,282.60354786827446,389,0,40,0.27653783342406096,0.002690553643901694,2.0778537147287106,302.74142923809234,0.18701084326658846,"{""type"":""Point"",""coordinates"":[80.69629574975387,23.735140489865714]}"
2015,342.9208156119039,2025-04-15,285.9944111960275,280,0,30,0.18195664909197423,0.0048396587159231785,3.392013441848995,304.47902456919354,0.3073615377983395,"{""type"":""Point"",""coordinates"":[81.55564570886138,21.576504820767536]}"
2016,57.653462930934666,2025-04-15,291.7979477473668,186,0,10,0.33704929454798815,0.008407071211536277,5.186296212698458,304.65106232961017,1.1172223086405115,"{""type"":""Point"",""coordinates"":[80.35351547473519,18.200798815164184]}"
2017,194.90022706340696,2025-04-15,286.5879984356108,650,0,40,0.2357191239557462,0.01275320348997866,1.9188081499559488,301.5684788567679,0.7675729689636459,"{""type"":""Point"",""coordinates"":[81.35151625110403,20.023326526132287]}"
2018,156.47066454954333,2025-04-15,284.74148732139946,760,0,40,0.22130949504711284,0.016614168861110556,2.527358470429291,299.1834284010388,0.6360584359291974,"{""type"":""Point"",""coordinates"":[84.09033366761095,23.270319243870137]}"
2019,256.62232253431716,2025-04-15,295.1648794809976,93,0,10,0.62426614481409,0.03498062489290987,2.003538297888739,301.6994254248483,0.6305920351560924,"{""type"":""Point"",""coordinates"":[82.97195539687718,17.957002072890276]}"
2020,180.0,2025-04-15,286.95907474699476,645,0,40,0.5893234672304439,0.007071480133731711,1.8543341688414132,302.1438136781965,1.037836693740587,"{""type"":""Point"",""coordinates"":[82.08010321306585,19.776350664029117]}"
2021,11.501128264157702,2025-04-15,290.75780405317033,245,0,10,0.2805304844354393,0.012660756685932029,12.120357824412734,303.86934729984824,0.8730975156905139,"{""type"":""Point"",""coordinates"":[80.40790890658873,19.068920493786713]}"
2022,25.421516068098853,2025-04-15,285.8197634560721,397,0,10,0.3157377509476344,0.004153341033656943,4.611175147764752,304.08269714173815,0.9592903242551912,"{""type"":""Point"",""coordinates"":[80.49846696005064,20.756730557774706]}"
2023,312.4982315572024,2025-04-15,283.77005758739654,406,0,10,0.44477611940298506,0.0017602592494085911,5.474901523737816,301.9984453746251,0.19176529676075948,"{""type"":""Point"",""coordinates"":[81.25555439140506,23.613062018801593]}"
2024,350.78047608887164,2025-04-15,282.5698797135126,919,0,40,0.2839217974905165,0.004634186604221213,9.313389954601783,301.38841933295845,0.6012113792176341,"{""type"":""Point"",""coordinates"":[81.18446673944845,22.461771872964718]}"
2025,64.84560157420904,2025-04-15,286.96793356395904,537,0,30,0.22627416520210897,0.011156350352962363,2.180974675301101,302.8796070189704,0.8421273255000784,"{""type"":""Point"",""coordinates"":[82.05543197181152,20.084720725412193]}"
2026,270.0,2025-04-15,283.08414450145904,477,0,30,0.330718954248366,0.0013639628674582127,1.0106174992720562,301.90604396093465,0.27260445326139404,"{""type"":""Point"",""coordinates"":[81.54285816026254,23.415242159314985]}"
2027,44.74512323197315,2025-04-15,291.3725152696882,271,0,10,0.38377268058883945,0.0066222995307043675,10.964110067758924,303.9651492436727,0.6646587193559413,"{""type"":""Point"",""coordinates"":[81.77363239592968,18.27018450201143]}"
2028,312.605711309089,2025-04-15,283.4973815736317,510,0,40,0.29120879120879123,0.005788087823589194,0.6850193131321796,301.77436497097926,0.2516363759140943,"{""type"":""Point"",""coordinates"":[82.76917809524049,23.11301925625128]}"
2029,47.196034720275115,2025-04-15,284.00011943635485,350,0,40,0.35510444248308326,0.005030289271076072,2.046594359622561,303.6812311354138,0.5722449177818596,"{""type"":""Point"",""coordinates"":[81.3317504989325,22.158806145068144]}"
2030,160.52138476475957,2025-04-15,289.33336557660783,282,0,40,0.20415501398322014,0.009306803324420798,1.4753702193627019,303.3281921659197,0.87592924240795,"{""type"":""Point"",""coordinates"":[82.70899378818619,19.537886408237352]}"
2031,69.25148253868193,2025-04-15,280.56339254833404,827,0,10,0.2301341589267286,0.003583312013347495,9.086256120272523,300.88435032254176,0.48631626708311565,"{""type"":""Point"",""coordinates"":[81.16209774979563,23.06935844986047]}"
2032,283.00766236498845,2025-04-15,286.4812217894054,580,0,40,0.3211897625086465,0.013321340062816489,2.0594585741878277,301.4292489460536,0.42597360559797665,"{""type"":""Point"",""coordinates"":[83.61141388265146,22.476001755072396]}"
2033,72.59310460096727,2025-04-15,286.9783676692418,580,0,40,0.2826161008288861,0.00815059242506777,4.640371334927645,302.14659804389584,0.9657700666332869,"{""type"":""Point"",""coordinates"":[82.24181930198907,19.857493817220853]}"
2034,312.8583078417774,2025-04-15,284.7470967429025,275,0,40,0.5317529997073456,0.004652321317394126,0.6817583173081451,304.5654677890596,0.05412218729599764,"{""type"":""Point"",""coordinates"":[81.58862247258902,21.889427966875854]}"
2035,313.0790631748863,2025-04-15,286.0684671856108,333,0,40,0.23213928357014207,0.0057786702897146824,2.036071235350009,304.30408618563695,1.0601633196105293,"{""type"":""Point"",""coordinates"":[80.67866954369008,20.756398307295143]}"
2036,107.09647598639718,2025-04-15,282.2017679668608,777,0,40,0.2862392813393222,0.006163760998447287,1.5770662041337071,300.95560450780965,0.47694105729799513,"{""type"":""Point"",""coordinates"":[81.44670702146979,22.6734295048464]}"
2037,203.57107825360646,2025-04-15,284.8721316201346,424,0,10,0.4408548707753479,0.009336248018939841,2.5281600982688133,301.4430777685983,0.5104293531751944,"{""type"":""Point"",""coordinates"":[82.83045177735966,23.534049532888588]}"
2038,331.4805833068931,2025-04-15,283.3793105170841,604,0,40,0.3484657419083649,0.004480212905605185,1.0554604977114324,301.5419895989554,0.36835951457525806,"{""type"":""Point"",""coordinates"":[83.23543277471217,23.05282470579432]}"
2039,50.96969730701468,2025-04-15,288.9278014955067,1111,0,30,0.4872249822569198,0.008638426640231955,20.442166959974116,297.6934672310239,0.31007805319575665,"{""type"":""Point"",""coordinates"":[82.48030051316249,18.11596784014581]}"
2040,331.52619727002843,2025-04-15,282.5349966684977,760,0,40,0.2570006222775358,0.005584731676776755,1.0550045361109537,301.3034758340745,0.5137175518870484,"{""type"":""Point"",""coordinates"":[81.48494971825859,22.795949683855703]}"
2041,227.19197604693716,2025-04-15,282.3784327734084,604,0,10,0.39092808116980005,0.002425476887424338,2.7276822796806135,302.79536687760134,0.3657026568041159,"{""type"":""Point"",""coordinates"":[80.39523256374669,22.139362040598773]}"
2042,196.96466302278444,2025-04-15,289.5433904557001,495,0,30,0.2569608305804625,0.011154621818263877,3.389943264880089,301.69250810714,0.9740212447096365,"{""type"":""Point"",""coordinates"":[84.24119806636168,20.512518817184787]}"
2043,35.28469686267476,2025-04-15,287.83925982884,596,0,30,0.39631336405529954,0.005825191714961875,1.7038344769101421,301.7573681331816,0.832346230484779,"{""type"":""Point"",""coordinates"":[81.66536204356603,19.592505210419937]}"
2044,28.36732785863854,2025-04-15,285.0518656231108,290,0,40,0.6498013245033113,0.005025684812267173,1.053944331116888,304.19387413206556,0.18813032882880637,"{""type"":""Point"",""coordinates"":[82.06887639289224,22.182006690138394]}"
2045,107.12888839099101,2025-04-15,282.01972625369115,689,0,10,0.5379380741748894,0.0037642866160467747,1.5741726207522504,301.8228617622739,0.6798984196274855,"{""type"":""Point"",""coordinates"":[81.0515516931282,22.395858720386517]}"
2046,270.0,2025-04-15,285.7494800204323,404,0,10,0.2637893684385936,0.004107952096660483,1.9808502597211122,304.14188961755656,0.7820073855736834,"{""type"":""Point"",""coordinates"":[81.7581032678875,20.595721885658463]}"
2048,218.37220907359026,2025-04-15,291.5655840010871,146,0,40,0.35368956743002544,0.008188635089595664,2.3647208654997676,304.2441380364554,0.9674030339133137,"{""type"":""Point"",""coordinates"":[80.58477610887321,18.70034691745349]}"
2049,107.25174905268945,2025-04-15,285.5443612053281,443,0,40,0.2164918414918415,0.008440285899837363,4.680637743604113,303.55862022581556,0.7031104198628784,"{""type"":""Point"",""coordinates"":[80.79451990676293,21.310633540997497]}"
2050,270.0,2025-04-15,291.3543500446138,200,0,30,0.20490876796383012,0.004826918223102439,1.4967940473389112,303.4233546938215,1.1808026020056541,"{""type"":""Point"",""coordinates"":[83.77122574272205,21.679180904152695]}"
2051,115.42161887377911,2025-04-15,292.74596323285783,77,0,40,0.6048160535117056,0.009862646439273703,1.0801688918369927,304.8789036614554,1.2587898929787824,"{""type"":""Point"",""coordinates"":[80.68256909498983,18.085164540104806]}"
2052,100.54238368945673,2025-04-15,284.6710818154471,681,0,10,0.4079150248415282,0.007387176134784568,7.559752975338614,303.05574866703574,0.5184787133780844,"{""type"":""Point"",""coordinates"":[80.72962557033449,21.48387001198029]}"
2053,270.0,2025-04-15,285.5975082942418,289,0,10,0.6169175627240143,0.004572778918941367,0.501794145927771,303.4606791450864,0.05056212306839231,"{""type"":""Point"",""coordinates"":[82.69452339029924,22.458789621058447]}"
2054,331.614533397656,2025-04-15,285.7358895256406,295,0,40,0.16632102861883036,0.003276288488109458,1.0541245367680767,304.2999881108602,0.16237490182743208,"{""type"":""Point"",""coordinates"":[82.61233255989502,22.287443966930766]}"
2055,84.30591280992654,2025-04-15,290.98486064729235,393,0,10,0.5479914136767863,0.005859449484546531,9.266451870902692,303.38462352752686,0.8960494806134703,"{""type"":""Point"",""coordinates"":[80.93163535457795,18.69492602944713]}"
2056,199.56820494207253,2025-04-15,287.94544937497096,356,0,30,0.2064445658110322,0.011153906562526572,2.9504189585539344,303.6601594743275,1.1200058994290845,"{""type"":""Point"",""coordinates"":[80.66892467237781,20.3225138592208]}"
2057,234.14763470977158,2025-04-15,286.3093177250454,772,0,10,0.24062278839348902,0.005630880572994101,20.46146546417189,303.15031828199113,0.5760156988120436,"{""type"":""Point"",""coordinates"":[82.51137318408118,20.49215036058212]}"
2058,333.80831686115204,2025-04-15,290.4543314434233,264,0,10,0.5158850226928896,0.006873756625850547,12.214960582282087,303.56472374144056,1.0085682390629247,"{""type"":""Point"",""coordinates"":[84.1849033985054,21.283468194883536]}"
2059,208.12691067690963,2025-04-15,285.9745951152983,390,0,10,0.28529218647406435,0.004412859657008994,1.051571567810215,304.11485976264595,0.9474990590305983,"{""type"":""Point"",""coordinates"":[80.50779386849662,20.71341815192568]}"
2060,36.9544200550723,2025-04-15,291.5354500725156,178,0,10,0.3501189532117367,0.00695207712908541,4.055485451963286,304.9153096789405,1.0719670797148961,"{""type"":""Point"",""coordinates"":[80.31071904841272,18.29382490339658]}"
2062,67.29069341242193,2025-04-15,284.2921930040631,499,0,10,0.4849230769230769,0.004040181615550864,18.543990325937667,302.00363045647026,0.6754856377882434,"{""type"":""Point"",""coordinates"":[83.02448026424213,23.727468387616646]}"
2063,101.8867394140066,2025-04-15,289.371242250715,892,0,10,0.41980332316039337,0.006555423119266379,4.49363409453881,299.23434915996734,0.5134054113068601,"{""type"":""Point"",""coordinates"":[82.80469876684289,18.69985827571433]}"
2064,301.86754666935656,2025-04-15,290.02831186567033,158,0,40,0.7984936762825068,0.0037229209925726536,1.7562032381827126,304.4543663660685,0.7894065902406162,"{""type"":""Point"",""coordinates"":[83.6830980831627,21.173400933954866]}"
2065,221.80209186969887,2025-04-15,285.01648267110187,447,0,10,0.2523649679584986,0.006826817968089927,6.810837424621481,301.8142761502947,0.5518555130393216,"{""type"":""Point"",""coordinates"":[82.6557120768826,23.791071315403066]}"
2066,226.97159956289013,2025-04-15,291.25503712608696,144,0,30,0.2739952718676123,0.004139035918910849,1.3589834157309717,303.9726769129435,1.1088686646598223,"{""type"":""Point"",""coordinates"":[84.33517027688315,21.02175512428403]}"
2067,126.4340317018829,2025-04-15,286.6015889304025,451,0,40,0.2325646012781328,0.008259177186687339,3.120318957272428,301.3332609903245,0.3792223709962347,"{""type"":""Point"",""coordinates"":[83.80331330690377,22.672106384163033]}"
2068,244.95285049985904,2025-04-15,290.7985580989293,112,0,40,0.3647387058697285,0.005923897006709922,1.0952491394930064,304.39306963057743,0.9518437099876019,"{""type"":""Point"",""coordinates"":[84.18317686869514,20.83372324014641]}"
2069,99.48808753485545,2025-04-15,281.0151282719204,742,0,40,0.21904761904761905,0.00239790973921572,11.111620305892968,301.2605593999227,0.5037202128444263,"{""type"":""Point"",""coordinates"":[81.17939143450414,23.18943150995591]}"
2070,132.85218182903577,2025-04-15,287.3009878794352,222,0,40,0.6663489037178265,0.004821330287654746,1.3634806943157358,304.11555149441676,0.5376758903034337,"{""type"":""Point"",""coordinates"":[82.91722100272041,21.920439919837968]}"
2071,180.0,2025-04-15,282.0929626283192,473,0,40,0.18511627906976744,0.0014417767312124852,0.4637353428839794,303.0048860368275,0.5139321578655127,"{""type"":""Point"",""coordinates"":[80.52361549468503,22.66951403872653]}"
2072,190.2507658981279,2025-04-15,282.0066414787655,800,0,40,0.1862686567164179,0.004998892524440635,2.825313943889629,300.630757967631,0.548777908013311,"{""type"":""Point"",""coordinates"":[81.55661190304065,22.8375623545545]}"
2073,90.0,2025-04-15,286.42833046686076,272,0,40,0.15134466074040734,0.008456408956249106,0.9963653807070468,303.86729535602393,0.4893967326671142,"{""type"":""Point"",""coordinates"":[82.0109548594352,21.443107788298175]}"
2074,218.74397852779964,2025-04-15,286.0796104612805,335,0,30,0.2113198793783345,0.004391536095340598,2.3769689656820945,304.4151294799079,0.5234938329866284,"{""type"":""Point"",""coordinates"":[82.48130705952534,20.82332740518619]}"
2075,187.9306000338679,2025-04-15,286.58562678382515,368,0,10,0.28425131469692777,0.00464606282969271,10.644948021735994,304.8129856927054,0.6004157866614162,"{""type"":""Point"",""coordinates"":[82.18565070990648,20.55717498013088]}"
2076,259.5341085052581,2025-04-15,288.49739319937567,428,0,10,0.2981395348837209,0.019954949596126426,2.5512718611006298,301.474513780503,0.6522204617797561,"{""type"":""Point"",""coordinates"":[84.09819366455734,22.5389452492549]}"
2077,90.0,2025-04-15,288.18212627229235,217,0,40,0.23990355635925256,0.004194349029262412,1.9969994892373908,304.1363499505179,0.803563332557207,"{""type"":""Point"",""coordinates"":[83.16374161053996,21.796414799150234]}"
2078,86.84291619689637,2025-04-15,281.070455187843,705,0,10,0.3175517832113378,0.0028862356926993016,23.79241520516606,301.06223583221436,0.49339851828368175,"{""type"":""Point"",""coordinates"":[81.07256635791516,23.1775558049477]}"
2079,35.53673838908126,2025-04-15,285.7447715940929,318,0,40,0.1882605583392985,0.00478079912920748,3.4153000708326537,304.5874695096697,0.5022406779733073,"{""type"":""Point"",""coordinates"":[82.4852026468024,21.034497379491057]}"
2081,263.43767536177705,2025-04-15,281.50100880577446,659,0,30,0.1360153256704981,0.0031483024146155003,4.051072265826695,301.9204773221697,0.4465514651274189,"{""type"":""Point"",""coordinates"":[80.80780616058858,23.02954635306672]}"
2082,294.9428388984002,2025-04-15,286.3944879259382,259,0,40,0.1816326530612245,0.008308663943012107,1.099533517374463,303.931283451262,0.4394144395171094,"{""type"":""Point"",""coordinates"":[82.10281440827164,21.5360918659175]}"
2083,114.99876679476482,2025-04-15,286.9391017187209,270,0,30,0.2155799066941521,0.010933011748988974,1.0972317647854275,303.8387076514108,0.6230606007706956,"{""type"":""Point"",""coordinates"":[82.00855195162411,21.162310475200485]}"
2084,-0.0,2025-04-15,287.5339910416376,246,0,40,0.19716425896201178,0.003714755156238425,0.0,303.6815624691191,0.4612781583483636,"{""type"":""Point"",""coordinates"":[82.49963157187996,21.807888010551864]}"
2085,72.42621938762558,2025-04-15,292.0045255933489,166,0,10,0.2780337941628264,0.003706648924548972,1.5355506433377484,304.1051638921102,1.0806897541484193,"{""type"":""Point"",""coordinates"":[81.36976140113951,18.16798261356857]}"
2086,275.3800302895269,2025-04-15,287.66256014506024,636,0,40,0.27371627502175805,0.010743260362346518,4.933790167326672,301.95276201338993,0.9868426908456782,"{""type"":""Point"",""coordinates"":[82.40067694324969,19.64999637638861]}"
2087,265.7397006438577,2025-04-15,288.2268156324114,373,0,10,0.39158200290275763,0.008152723291118491,12.29294727955203,303.89598769233345,0.6325368944589649,"{""type"":""Point"",""coordinates"":[83.13636238709408,21.382430034005857]}"
2088,107.32612099316121,2025-04-15,289.5097571781704,179,0,30,0.25168161434977576,0.005827009656627524,1.5568018476077277,304.90930498213993,1.0235958530216536,"{""type"":""Point"",""coordinates"":[83.51711404259527,20.626907177043652]}"
2089,327.26373303501606,2025-04-15,291.3453575315929,164,0,10,0.5300040821880528,0.003730818608005393,5.49618850112084,303.775771686009,1.1968046063412803,"{""type"":""Point"",""coordinates"":[84.35132138598567,21.04544169912421]}"
2090,151.0296314348975,2025-04-15,288.6073204222179,1205,0,10,0.3146677810279983,0.008730664828021872,19.369531606675114,296.9613999412173,0.3457941612835076,"{""type"":""Point"",""coordinates"":[82.58937037633915,18.07345281138995]}"
2091,90.0,2025-04-15,288.1571076711019,185,0,40,0.2694865655759511,0.00594124195833956,2.97707096976883,304.78296802157445,0.6572147593830848,"{""type"":""Point"",""coordinates"":[83.1311598675985,20.96655374726451]}"
2092,208.2315263141355,2025-04-15,286.34568305242624,275,0,40,0.1927887323943662,0.005380213239391196,1.0526004659567838,303.995748202006,0.5087918660907285,"{""type"":""Point"",""coordinates"":[81.82031392198351,21.366739422249747]}"
2093,-0.0,2025-04-15,282.9294116610572,391,0,40,0.27437916414294367,0.0027927607085302952,1.390963080774087,302.7100804192679,0.43675847062480794,"{""type"":""Point"",""coordinates"":[80.72516349327893,23.86285885645386]}"
2094,132.94505312395978,2025-04-15,286.67740622020904,248,0,40,0.20033855268726194,0.011152595260341513,0.6806486374604352,303.93954354240776,0.40625881446736145,"{""type"":""Point"",""coordinates"":[82.22124253168833,21.45198310306625]}"
2095,331.3795360144028,2025-04-15,283.2434520721436,537,0,40,0.25020973154362414,0.00412079689760958,2.1122308298732535,301.6189869017829,0.10570991720200136,"{""type"":""Point"",""coordinates"":[81.79162525343035,23.610438449379227]}"
2096,295.26229023961633,2025-04-15,288.38785543895904,574,0,40,0.5289855072463768,0.007181048371990073,1.0865284952486984,301.357308841887,0.8665663682565854,"{""type"":""Point"",""coordinates"":[82.5823870916926,19.30250742904059]}"
2097,-0.0,2025-04-15,286.0402631305513,427,0,10,0.27409432672590567,0.005841404178340781,1.8543341688295631,303.63281572432743,0.6480954540561301,"{""type"":""Point"",""coordinates"":[82.01552630421953,20.391643094827113]}"
2098,192.0661985521299,2025-04-15,288.4575401487804,295,0,10,0.3379083173208894,0.004440337398250449,4.731441465611491,304.78074169158936,0.9231538061403967,"{""type"":""Point"",""coordinates"":[83.0733778022819,20.673323273018358]}"
2099,256.7887285192791,2025-04-15,286.599042892456,572,0,10,0.5012453300124533,0.010596960761745322,2.028296489777075,302.64274992261613,0.8405100247828584,"{""type"":""Point"",""coordinates"":[81.95897599473474,20.111922442449657]}"
2100,160.24030871339372,2025-04-15,284.27224904014946,305,0,40,0.20484359233097882,0.006723940351207602,1.4779513034047764,304.0390657243275,0.33399011209336643,"{""type"":""Point"",""coordinates"":[81.31942942506761,21.887734358746766]}"
2101,199.9148675719125,2025-04-15,282.07809330168226,978,0,40,0.18368637369585836,0.002615556099613059,2.9568208413230006,301.2324541636876,0.4289205062156866,"{""type"":""Point"",""coordinates"":[81.48550402413531,23.062701136759326]}"
2102,35.470909140872756,2025-04-15,290.33362134297687,220,0,10,0.24979724249797242,0.008818551876743186,5.111222328599251,303.88006623586017,0.8961221463642928,"{""type"":""Point"",""coordinates"":[84.24675295120065,20.668619791961415]}"
2103,227.55370949058386,2025-04-15,282.4364975520543,381,0,50,0.2087227414330218,0.00330580768843447,0.6871004230372241,303.0068449746995,0.34772359158725213,"{""type"":""Point"",""coordinates"":[80.37678608045877,23.849775341520587]}"
2104,103.19886925593006,2025-04-15,288.0627182551793,217,0,40,0.5938521909744932,0.006294026949603904,2.0301669178561386,304.6533991041637,0.7989660476510073,"{""type"":""Point"",""coordinates"":[82.82401968815712,20.26410847899042]}"
2105,72.5125915627841,2025-04-15,294.2406909579322,88,0,40,0.3964386129334583,0.004614949205119956,1.5428926231609614,302.81561311086017,0.9892465846781027,"{""type"":""Point"",""coordinates"":[83.78285102151361,19.06107862591112]}"
2106,116.20977192071797,2025-04-15,284.14318584260485,633,0,10,0.3436960276338515,0.009295642354686606,9.365754650412008,302.9792105810983,0.5372330720493027,"{""type"":""Point"",""coordinates"":[80.8378750133967,21.588472900711544]}"
2107,164.7857759546055,2025-04-15,283.105855578468,467,0,40,0.30743843615130745,0.0013961344744757298,1.921637031485753,301.9508379527501,0.3897567243091436,"{""type"":""Point"",""coordinates"":[81.61806213954476,23.183417091347227]}"
2108,117.64397235271872,2025-04-15,283.1286536625453,618,0,10,0.3048523206751055,0.0058600455309942845,3.9915424041095533,301.2636925379434,0.7788320149933146,"{""type"":""Point"",""coordinates"":[83.35926229884181,23.567656602942844]}"
2109,164.9143420283032,2025-04-15,286.17735971723283,260,0,30,0.3708221130999525,0.005102351286609519,1.9204707696248577,304.06761273883643,0.3658995688469139,"{""type"":""Point"",""coordinates"":[82.1714410941529,21.957332422477432]}"
2110,336.6134659627687,2025-04-15,284.7354826245989,329,0,30,0.2232460990293648,0.005191951968868125,2.524630064891633,304.0010379155477,0.23643682213504122,"{""type"":""Point"",""coordinates"":[81.98316472992215,22.340544078667783]}"
2111,270.0,2025-04-15,293.0960143861317,46,0,60,0.10915780866721178,0.007507786133487571,2.921173313423886,304.611459232512,1.1097268114289223,"{""type"":""Point"",""coordinates"":[81.39811796815351,17.88131822846856]}"
2112,274.76002400324853,2025-04-15,282.3132821037656,443,0,30,0.24420849420849422,0.002981454112727988,5.570847752098907,302.617086092631,0.2204426122643454,"{""type"":""Point"",""coordinates"":[80.57361544569719,23.656797956536145]}"
2113,21.072866642906146,2025-04-15,281.5658048902239,700,0,30,0.28531161916692765,0.0023431032683447484,15.050439395788668,302.2547116506667,0.48714464404680363,"{""type"":""Point"",""coordinates"":[80.64845585492378,22.9442547038427]}"
2114,90.0,2025-04-15,284.01688957214355,526,0,40,0.1757825937392501,0.005773097255428183,0.503835130725677,300.68138808295834,0.4880852384619837,"{""type"":""Point"",""coordinates"":[81.98779884500372,23.014815455695757]}"
2115,245.1105782740362,2025-04-15,287.3009878794352,221,0,40,0.6069102237326537,0.004821330287654746,1.1017419547718794,304.11555149441676,0.5376758903034337,"{""type"":""Point"",""coordinates"":[82.94035117924301,21.887224148518893]}"
2116,121.88266303125282,2025-04-15,288.8479268210275,167,0,40,0.26521446216034134,0.006975948789317954,1.7554587547687726,305.07042616889595,0.7309344110567912,"{""type"":""Point"",""coordinates"":[83.42425407668166,21.08694382715412]}"
2117,190.32745458821276,2025-04-15,283.68201001485187,475,0,40,0.3395711500974659,0.004884377100665915,2.82599940501204,302.2545023872739,0.8378368827611573,"{""type"":""Point"",""coordinates"":[83.25698864886398,23.84889503644831]}"
2118,349.88315223629917,2025-04-15,291.30355135599774,114,0,10,0.3806047966631908,0.002612337448795188,2.824129856861758,304.2777887526013,1.1029560214146017,"{""type"":""Point"",""coordinates"":[84.30430242770535,20.92120240914043]}"
2119,232.59752632258846,2025-04-15,283.08414450145904,451,0,30,0.09323666024696953,0.0013639628674582127,7.590086693761641,301.90604396093465,0.27260445326139404,"{""type"":""Point"",""coordinates"":[81.51295905612335,23.429045877509758]}"
2120,164.90474832060605,2025-04-15,287.3099397023519,303,0,40,0.28355879292403746,0.0077717900063589695,3.836808649382897,304.057010060265,0.6511052969574633,"{""type"":""Point"",""coordinates"":[83.29609402683693,22.0516299451173]}"
2121,226.6921836301514,2025-04-15,288.2680870237804,632,0,10,0.5739810161920714,0.010587483623226035,0.6760636063492215,302.00267714545834,0.9617712106465082,"{""type"":""Point"",""coordinates"":[82.19736767079723,19.505233115772803]}"
2122,298.8311882790089,2025-04-15,281.9617370423817,439,0,10,0.39749430523917995,0.0015774965073660496,2.882567765383756,302.69218839917863,0.1861501597024701,"{""type"":""Point"",""coordinates"":[80.56762080898837,23.445221432580766]}"
2123,173.63383320324854,2025-04-15,288.27074350629533,953,0,30,0.4472525680743519,0.008359894135196555,17.196041665321893,300.06018388839,0.8722060749183552,"{""type"":""Point"",""coordinates"":[83.13289407089513,19.357248564579336]}"
2124,197.98805760572887,2025-04-15,289.33584186009,909,0,40,0.317088409871915,0.015031591036517966,6.3128420270092205,298.0909107299079,0.4759952315107457,"{""type"":""Point"",""coordinates"":[82.91606949324314,18.620840669730402]}"
2125,226.92472013498255,2025-04-15,286.6954203106108,332,0,40,0.2556532663316583,0.0029715597416952733,1.3577941541011587,303.94719328199113,0.5968920571339106,"{""type"":""Point"",""coordinates"":[82.8231383095414,20.775564325178365]}"
2127,105.20888304657645,2025-04-15,293.2610534486317,54,0,40,0.179466772781536,0.007904186823566306,3.5309930902684172,304.6661002295358,0.9396604079220922,"{""type"":""Point"",""coordinates"":[81.45418767220244,17.915201150684254]}"
2128,312.87219586960225,2025-04-15,284.1617172786168,298,0,40,0.2034195076732928,0.006942838409145224,0.6815803079146113,304.277236529759,0.27129818261219507,"{""type"":""Point"",""coordinates"":[81.31304987634233,21.820625709248773]}"
2129,279.35134515430013,2025-04-15,289.67298262459894,644,0,10,0.4738247863247863,0.016483038642604697,11.268534063899178,301.6428545543126,0.8378783778737413,"{""type"":""Point"",""coordinates"":[81.71187024049082,18.757444698784067]}"
2130,65.10563987663163,2025-04-15,290.5172790345692,225,0,30,0.41640929233248286,0.008882597067554343,1.101537373338301,303.338271686009,1.15759689442449,"{""type"":""Point"",""coordinates"":[84.02373010570683,21.854710270938124]}"
2131,72.58008682591581,2025-04-15,287.42810957772394,638,0,40,0.21342443729903537,0.007708922007282126,1.5486814890542282,301.99863719940186,1.0033918977882412,"{""type"":""Point"",""coordinates"":[82.11633565965884,19.731477559938448]}"
2132,297.65670227056637,2025-04-15,283.54459372020904,533,0,10,0.35121817684095263,0.009115323403079856,3.989855491319232,300.15479419344945,0.6913339952406891,"{""type"":""Point"",""coordinates"":[83.80557230925278,23.496697552339867]}"
2133,216.04320111728052,2025-04-15,283.17639478047687,600,0,10,0.4409102663563486,0.003857582786281455,1.720088891328497,301.45919686272026,0.12636180635428534,"{""type"":""Point"",""coordinates"":[82.05010979718894,23.632036514851915]}"
2134,94.03713744979352,2025-04-15,288.98140198843817,460,0,10,0.31039025193479336,0.003226697423656333,19.029054928611263,303.98702889397026,0.7899968966140714,"{""type"":""Point"",""coordinates"":[83.13302309889662,19.772410843250317]}"
2135,144.89649606843207,2025-04-15,297.1514924367269,8,0,30,0.27409449805740066,0.007377132752139914,5.088201258896698,302.0398562749227,1.9110983440732083,"{""type"":""Point"",""coordinates"":[84.25807960888021,18.477949652461092]}"
2136,164.98116218039974,2025-04-15,284.9737231844948,329,0,40,0.39989088925259136,0.002295687773425925,1.9198689956739772,304.54954633258643,0.6343386924105751,"{""type"":""Point"",""coordinates"":[80.27388754022367,21.28475398822325]}"
2137,350.94594267229456,2025-04-15,283.68055098397394,681,0,10,0.48274993704356584,0.004711300113399375,15.571248785205226,301.1373613902501,0.4991459410724899,"{""type"":""Point"",""coordinates"":[81.838693132557,22.652385424732966]}"
2138,313.22756897817516,2025-04-15,288.09715952192033,290,0,30,0.3164239075841286,0.008967578389842856,0.6770702044039562,304.06971118563695,0.7835764899850239,"{""type"":""Point"",""coordinates"":[82.50412443110673,19.95339283944092]}"
2139,199.3723133882028,2025-04-15,291.4360208965483,134,0,40,0.21166032953105196,0.008426785447795737,1.4744056448688327,305.0430417287917,1.0167337691491463,"{""type"":""Point"",""coordinates"":[80.2035755643033,18.55636200542152]}"
2140,180.0,2025-04-15,281.9551278068906,542,0,30,0.24232864926871236,0.0030070543076590184,5.087785128130928,302.9682765688215,0.3401567178214471,"{""type"":""Point"",""coordinates"":[80.23308541525965,23.901566814335492]}"
2141,53.12593207557374,2025-04-15,283.160298937843,795,0,10,0.4575327206906154,0.00344488022585665,6.921638002502698,300.8235709326608,0.16644024443665714,"{""type"":""Point"",""coordinates"":[82.10365532030747,23.535862302797906]}"
2142,-0.0,2025-04-15,283.2361452920096,586,0,30,0.300446207238473,0.004391074159343589,2.3174627380815918,301.6601943515596,0.10255379411190046,"{""type"":""Point"",""coordinates"":[81.89036688755428,23.5547900731002]}"
2143,46.49030835386119,2025-04-15,289.45665077936076,861,0,40,0.38071554628589765,0.008161634185512412,0.6735503566392087,298.48980163392565,0.30270036914959214,"{""type"":""Point"",""coordinates"":[82.67034281464613,18.325000029523437]}"
2144,180.0,2025-04-15,284.86315073285783,306,0,40,0.7925370984008068,0.0032816082026556614,0.9274099368670311,304.64427289508643,0.6620593247313776,"{""type"":""Point"",""coordinates"":[80.428500990586,21.34965622955952]}"
2145,354.8113541529928,2025-04-15,284.32010641552154,501,0,30,0.18981141317658584,0.00877557692786013,5.5702271209083145,301.54349513280965,0.4387951836150257,"{""type"":""Point"",""coordinates"":[82.76645047004733,23.408666370603953]}"
2146,180.0,2025-04-15,288.06312515622096,264,0,40,0.34251781472684084,0.006471395471294272,1.8543341688295631,304.3512750807262,0.6056031054541476,"{""type"":""Point"",""coordinates"":[83.13888618596494,21.144932980896947]}"
2147,119.0049386450593,2025-04-15,288.49739319937567,458,0,10,0.3879062114356232,0.019954949596126426,5.71934545496598,301.474513780503,0.6522204617797561,"{""type"":""Point"",""coordinates"":[84.1122678986649,22.476652152803016]}"
2148,160.29191026328252,2025-04-15,285.55381874811076,300,0,40,0.7194607108811113,0.002256855347354758,1.4774741123395518,303.8512983322144,0.38117701386289626,"{""type"":""Point"",""coordinates"":[80.27613585297118,21.478914588793355]}"
2149,180.0,2025-04-15,289.78800192333404,138,0,10,0.3389830508474576,0.003205567577083457,1.8543341688414132,305.00676940736315,0.7561651651534272,"{""type"":""Point"",""coordinates"":[83.74508143566256,20.96166198125504]}"
2150,294.86607896226155,2025-04-15,291.1324320293608,311,0,10,0.36707170516757914,0.03112277386446749,1.1027101083089061,302.37743300483334,1.188389875363062,"{""type"":""Point"",""coordinates"":[84.38340700157161,22.038908035768724]}"
2151,16.447785289854327,2025-04-15,282.40929331098283,645,0,10,0.5482051282051282,0.004661008694370139,5.303657315101894,302.00853652045845,0.5945733499814582,"{""type"":""Point"",""coordinates"":[81.03497542551936,22.51174220318285]}"
2152,169.69612880219415,2025-04-15,284.08365040733696,840,0,10,0.5033557046979866,0.007480815031726706,2.8257880377022953,300.250631014506,0.3973638969749722,"{""type"":""Point"",""coordinates"":[82.55892610470985,23.54369702842949]}"
2153,132.4334299161055,2025-04-15,284.2597804296584,444,0,10,0.17457428831405172,0.0038601457860067967,4.799854381128717,301.8403061912173,0.10915818560757284,"{""type"":""Point"",""coordinates"":[81.7529499728796,23.908477962099614]}"
2154,180.0,2025-04-15,290.3245300111317,234,0,10,0.0687481236865806,0.014835894086559165,1.390963080774087,303.27517296019056,0.6829699817393512,"{""type"":""Point"",""coordinates"":[80.5728929904604,19.532808375497208]}"
2155,133.34977510122138,2025-04-15,291.64712115696506,475,0,40,0.36749553510097543,0.010441049912174094,3.3739462899432997,300.9496928169614,1.1497586223978846,"{""type"":""Point"",""coordinates"":[83.32385671986188,19.26633798530843]}"
2156,193.62861564037672,2025-04-15,289.6275259653727,254,0,10,0.3428676200953429,0.0033627748276785496,10.382821859528171,304.47503693898517,1.1266602467348188,"{""type"":""Point"",""coordinates"":[83.16654021495296,20.38277621944848]}"
2157,-0.0,2025-04-15,287.94544937497096,374,0,30,0.2660157817306406,0.011153906562526572,0.4637353428839794,303.6601594743275,1.1200058994290845,"{""type"":""Point"",""coordinates"":[80.69644532873815,20.25474952130058]}"
2158,-0.0,2025-04-15,289.81095114208404,231,0,30,0.27623696472154424,0.007256969788272727,0.463735342881014,304.0984674635387,0.7712045287873734,"{""type"":""Point"",""coordinates"":[83.41859502755527,21.329141746030956]}"
2159,307.3642121106241,2025-04-15,284.74556214468817,700,0,10,0.4851731871417892,0.006328895666797507,3.815089221244289,300.8204203560239,0.3484373186236514,"{""type"":""Point"",""coordinates"":[82.41907094658612,23.611372713998925]}"
2160,28.2204054194997,2025-04-15,284.9737231844948,326,0,40,0.2834636744871359,0.002295687773425925,2.104271841052386,304.54954633258643,0.6343386924105751,"{""type"":""Point"",""coordinates"":[80.34462080634005,21.298290857122325]}"
2161,57.63847825113034,2025-04-15,291.42591812497096,296,0,10,0.3683504693786321,0.00850789246817385,3.46135689334478,304.052871295384,1.1498242935228022,"{""type"":""Point"",""coordinates"":[80.33480973404068,18.099628167354567]}"
2162,166.5881318595343,2025-04-15,285.5443612053281,419,0,10,0.38242513500245456,0.008440285899837363,4.282732474913546,303.55862022581556,0.7031104198628784,"{""type"":""Point"",""coordinates"":[80.75414769347454,21.261819547165526]}"
2163,-0.0,2025-04-15,286.87739226931615,347,0,80,-0.12447434819175777,0.005294248440463889,0.0,304.02647504352393,0.9775927953904501,"{""type"":""Point"",""coordinates"":[81.46734221915635,20.58198915871965]}"
2164,180.0,2025-04-15,284.86909148806615,297,0,40,0.19043659043659045,0.008569642880161155,2.3174627380815918,304.4416012991042,0.4963940622082036,"{""type"":""Point"",""coordinates"":[81.23233953021698,21.470214122053232]}"
2165,90.0,2025-04-15,285.54741877601265,576,0,40,0.1736139214892756,0.006502926328380454,1.0057873783119016,300.86696983519056,0.312459287156374,"{""type"":""Point"",""coordinates"":[83.69823420231427,22.770713738410674]}"
2166,132.9703366454544,2025-04-15,290.9850640978132,153,0,40,0.8314410480349345,0.0035599767949179295,1.360460562258655,304.1788071677798,0.867866315141558,"{""type"":""Point"",""coordinates"":[83.80164252034434,21.322786222308935]}"
2167,47.07973968079582,2025-04-15,289.2708888280959,214,0,40,0.29238868172844923,0.004928678252895224,1.3617382118664094,303.94607139769056,0.8990291928799989,"{""type"":""Point"",""coordinates"":[83.425183322673,21.578350037161254]}"
2169,270.0,2025-04-15,285.86412148248576,457,0,10,0.29491744901262545,0.006240352966983664,9.944393172139533,303.11824866703586,0.041468687494819675,"{""type"":""Point"",""coordinates"":[82.71519263411156,22.587405932367535]}"
2170,199.43507247478803,2025-04-15,290.99205698285783,522,0,10,0.4131571703826039,0.01263307032843386,22.39075747632647,302.8043884549822,0.6062754341610267,"{""type"":""Point"",""coordinates"":[80.92056342590199,19.142311831931362]}"
2171,324.2101707835726,2025-04-15,285.5566670554025,297,0,50,0.3067191453472027,0.003058746435840476,1.7145914275376968,304.1335423333304,0.10525259763316132,"{""type"":""Point"",""coordinates"":[82.73986282114323,22.377018912289692]}"
2172,-0.0,2025-04-15,296.2435276394799,33,0,40,0.44074941451990635,0.016447633483608115,2.317462738066788,302.3366673333304,1.3562443514768783,"{""type"":""Point"",""coordinates"":[83.7939365706821,18.512431379216906]}"
2173,95.49604446956222,2025-04-15,285.2763122376941,737,0,10,0.7044079515989629,0.004012867787082541,22.905900485380656,302.10496044158936,0.11742649924885294,"{""type"":""Point"",""coordinates"":[82.93347986074444,22.525393419036593]}"
2174,-0.0,2025-04-15,293.4827505747477,126,0,10,0.3089684420606212,0.003954023101528037,3.704791833671086,302.2525957652501,0.9624032135084396,"{""type"":""Point"",""coordinates"":[83.7308518259833,19.131829599150944]}"
2175,332.2390513022957,2025-04-15,291.8902038392567,178,0,10,0.37267508610792194,0.0102540552403525,1.0480155011629657,302.45042523883643,0.3635574540252415,"{""type"":""Point"",""coordinates"":[82.04955555461584,18.213247660928214]}"
2176,259.57902896481914,2025-04-15,285.3889947618757,712,0,40,0.2648407485438096,0.020103231051166404,2.5621325481900326,299.6038153058007,0.6455717176805684,"{""type"":""Point"",""coordinates"":[84.17643108222452,23.137316474451875]}"
2177,133.02808092786861,2025-04-15,286.3466596149263,302,0,40,0.22688285747855716,0.006358131745059836,0.6795913477350958,304.1857942399525,0.9294407291302662,"{""type"":""Point"",""coordinates"":[81.06379129973895,21.023888216208878]}"
2178,212.5113591509502,2025-04-15,291.6443135397775,332,0,40,0.24633821571238348,0.007165759780605185,2.7475290091365454,302.2915594464257,1.3369243437643068,"{""type"":""Point"",""coordinates"":[83.56235905398226,19.71188882983185]}"
2179,12.472192121564806,2025-04-15,290.70161101931615,693,0,10,0.6394987929647086,0.019847080090244162,41.03626386416965,302.52831191108334,0.5992600209203057,"{""type"":""Point"",""coordinates"":[82.05319393857172,18.687961154641595]}"
2180,270.0,2025-04-15,283.20058795384,476,0,30,0.2745311225876597,0.001790195682247031,2.0209543339107356,302.48863905952095,0.4048433184352434,"{""type"":""Point"",""coordinates"":[81.15302302459033,23.437597901914465]}"
2181,216.05049369305684,2025-04-15,282.60354786827446,396,0,40,0.282640730916593,0.002690553643901694,3.4374004579277244,302.74142923809234,0.18701084326658846,"{""type"":""Point"",""coordinates"":[80.67993176875743,23.66742531902742]}"
2182,146.21186819313107,2025-04-15,283.7511773790632,514,0,10,0.46725342997670205,0.00267198679705416,14.20910075814671,301.9645388921102,0.31537441903202673,"{""type"":""Point"",""coordinates"":[82.48439328848752,23.12340328554466]}"
2183,125.38976917182356,2025-04-15,290.6594328199114,347,0,30,0.35190918472652216,0.0041345357682303074,2.4008574413158903,303.1418547403245,0.8840776275987136,"{""type"":""Point"",""coordinates"":[80.99487674706198,18.702984041326708]}"
2184,133.11033313610614,2025-04-15,289.6609848567417,156,0,40,0.28354856822010105,0.007085710742671836,1.3569068563623183,304.9944519315447,0.7642841719755251,"{""type"":""Point"",""coordinates"":[83.6686213950839,20.589817236013513]}"
2185,256.6445098515521,2025-04-15,294.7758995237804,103,0,40,0.355564483728405,0.008684515931804526,2.0068034296243513,302.4864824840001,0.7845383233819001,"{""type"":""Point"",""coordinates"":[83.28287359955279,18.2586161107419]}"
2186,289.9240086809507,2025-04-15,291.56652568635485,862,0,30,0.42159207379569524,0.011415138819415915,38.08934043643226,300.8271167845954,1.080919527096162,"{""type"":""Point"",""coordinates"":[83.25706933718214,19.157888972403665]}"
2187,324.4082524872356,2025-04-15,287.6867998213995,260,0,30,0.22865853658536586,0.004831522681911338,1.710341230957014,304.27166779836017,0.5109584233460122,"{""type"":""Point"",""coordinates"":[83.02021660245475,21.334279898976455]}"
2188,100.6103125789039,2025-04-15,287.54094904945015,280,0,40,0.4137744034707158,0.0055362880017355565,2.5169797722020846,304.44937892187215,0.9241029772590403,"{""type"":""Point"",""coordinates"":[82.92447036246212,20.503133882593513]}"
2189,118.9564855908751,2025-04-15,281.3661501748221,593,0,30,0.15443335290663535,0.0034431814934805516,2.8711873400525425,301.127816654387,0.3682392795504074,"{""type"":""Point"",""coordinates"":[80.86240477804928,22.75146630567462]}"
2190,65.25519676598465,2025-04-15,283.9849129631406,573,0,40,0.2338791186577724,0.006759494521816123,1.1077705584232251,301.3034700212025,0.5159561884152449,"{""type"":""Point"",""coordinates"":[82.04130746043236,22.810632025854684]}"
2191,84.727079020921,2025-04-15,282.03453745160783,692,0,10,0.33873530346361613,0.004182964542110312,5.033210656563503,301.8437648500715,0.5104954170342052,"{""type"":""Point"",""coordinates"":[81.00951661834455,22.645327383088915]}"
2192,137.90885277993843,2025-04-15,293.4748566945394,178,0,30,0.38034406404360416,0.010991737225253928,4.366018707759529,301.52160966964,0.5920234723264876,"{""type"":""Point"",""coordinates"":[83.22497265130428,18.39315325977037]}"
2193,310.1331361952308,2025-04-15,288.8366614750454,923,0,30,0.42402775769842416,0.006575226762493003,5.736510345077814,298.3720851625715,0.33418082683838846,"{""type"":""Point"",""coordinates"":[82.71015631191923,18.47733628843454]}"
2194,82.7205051658641,2025-04-15,288.7345583779471,699,0,10,0.4891077290361086,0.022191166856487143,35.093863413731754,301.59621788206556,0.6790176612344231,"{""type"":""Point"",""coordinates"":[81.09875009002334,19.843237351307366]}"
2195,126.89747118989344,2025-04-15,288.3486999330066,365,0,10,0.13664379579020816,0.011429205515582908,3.086664741667352,303.54265226636613,1.088395571273601,"{""type"":""Point"",""coordinates"":[80.71024242745536,20.208588326989414]}"
2196,133.32632707748317,2025-04-15,288.38549541291735,568,0,40,0.24018308841243075,0.007963895776470054,2.026744354524592,301.67161083221436,0.8682685612583273,"{""type"":""Point"",""coordinates"":[81.75830782336237,19.400646876264744]}"
2197,127.12899031591293,2025-04-15,291.9658467429025,237,0,40,0.39392272789770383,0.01876024899740969,3.0701969615621585,300.25775178273517,0.7768852357433229,"{""type"":""Point"",""coordinates"":[83.24728016145488,18.851145236712927]}"
2198,332.15967601746763,2025-04-15,294.325111298334,102,0,40,0.42494939810376053,0.006903633454044211,3.143536809772501,302.78837399255656,1.0392999533213931,"{""type"":""Point"",""coordinates"":[83.49887975311273,18.788241116367722]}"
2199,-0.0,2025-04-15,289.50181098211374,209,0,30,0.26496505621391675,0.005841523387630332,2.7802885155465065,304.9474722998483,0.9814493069118055,"{""type"":""Point"",""coordinates"":[83.40613170523815,20.733298523755035]}"
2200,259.4467592419944,2025-04-15,288.6549569084531,246,0,40,0.515431003902093,0.009242743232448447,2.5304186002931104,304.08024992261613,0.7250986530025669,"{""type"":""Point"",""coordinates"":[83.34074823068688,21.33013126789139]}"
2201,132.43894586715362,2025-04-15,282.9294116610572,386,0,30,0.17194963091619628,0.0027927607085302952,0.6871967344725199,302.7100804192679,0.43675847062480794,"{""type"":""Point"",""coordinates"":[80.70542714560156,23.88294904499572]}"
2202,249.77449859004247,2025-04-15,281.7529386792864,705,0,40,0.2770538243626062,0.00533580777903353,2.680854619370974,300.8523795264108,0.36534246621471284,"{""type"":""Point"",""coordinates"":[81.19449777598663,22.914651520468993]}"
2203,331.4986860256132,2025-04-15,284.5930149441673,428,0,30,0.22073434125269978,0.0059879869010046605,3.162979260386663,301.4016959326608,0.4803275177305091,"{""type"":""Point"",""coordinates"":[82.22076338621387,22.95177076597768]}"
2204,79.64792628754584,2025-04-15,284.29097811381024,376,0,10,0.3386588185831406,0.0056249052073553685,2.578974089569856,302.30156921205065,0.6219017879071206,"{""type"":""Point"",""coordinates"":[83.56475023588526,24.027812603755017]}"
2205,242.27382279660264,2025-04-15,289.00511850629533,621,0,30,0.4603174603174603,0.012210801222522605,4.971355102331672,301.2674185889108,0.8234382025377969,"{""type"":""Point"",""coordinates"":[81.58885704480888,18.90316728922563]}"
2206,139.34908557271373,2025-04-15,286.3968305133638,291,0,10,0.30658227848101266,0.007216349222858298,3.05332043133201,304.42148876190186,0.3759367051791971,"{""type"":""Point"",""coordinates"":[82.60669635094585,21.298847300293744]}"
2207,249.6966991590411,2025-04-15,284.54052470979235,526,0,10,0.33881353610083575,0.00521257517596041,2.67102739153203,303.4189194724673,0.27122257221105855,"{""type"":""Point"",""coordinates"":[81.86382709365897,22.34102638511807]}"
2208,27.913804771029977,2025-04-15,288.6543174925305,575,0,10,0.3456306202444086,0.009642317869861472,1.049492676008092,301.8246172496251,0.9561731174848628,"{""type"":""Point"",""coordinates"":[82.27542948586441,19.302180832976106]}"
2209,336.9844737072547,2025-04-15,287.5188078199114,601,0,10,0.5328467153284672,0.006319001295764792,2.51764176266988,301.79532618749715,0.8057685996389883,"{""type"":""Point"",""coordinates"":[81.69437180588461,19.672620439359747]}"
2210,226.76790456021456,2025-04-15,288.90624155317033,295,0,40,0.33510402833111996,0.011726275065143454,0.6770133107744155,303.8654352369762,0.9050091971716778,"{""type"":""Point"",""coordinates"":[80.4759044318082,19.928504295356717]}"
2211,115.24193448038535,2025-04-15,290.5392923809233,429,0,10,0.3559375492824476,0.005537807920177329,3.2589137128975514,301.5839062191191,1.1355065117361818,"{""type"":""Point"",""coordinates"":[83.27446640379397,19.45235240039834]}"
2212,64.5802107297406,2025-04-15,292.71990412757515,191,0,10,0.3055555555555556,0.010706081965167868,1.080241450646464,304.55430126190186,1.3381241768757033,"{""type"":""Point"",""coordinates"":[81.04856824748278,18.099324277235148]}"
2213,180.0,2025-04-15,290.6186613355364,216,0,10,0.43820224719101125,0.0036850720431402806,1.390963080774087,303.1737906592233,0.987025546344473,"{""type"":""Point"",""coordinates"":[83.62869150305612,21.482341961675868]}"
2214,270.0,2025-04-15,292.7179916926793,150,0,10,0.5781963470319634,0.0044008791234091404,4.898147918165489,301.1066112972441,0.8195855707094488,"{""type"":""Point"",""coordinates"":[83.95213856918082,19.18441495549595]}"
2215,-0.0,2025-04-15,284.73390152340846,274,0,40,0.28790112257625583,0.004218101480205405,0.9274099368611016,304.3061671938215,0.22223839359079978,"{""type"":""Point"",""coordinates"":[81.91158486121132,22.153556328838352]}"
2216,165.00338710866316,2025-04-15,285.72056098211385,323,0,40,0.7356227213924498,0.007314696886737693,3.8350387857164434,304.21897411346436,0.5822180917758675,"{""type"":""Point"",""coordinates"":[82.25293581027111,21.055402911729544]}"
2217,308.2706329713076,2025-04-15,283.4622892652239,661,0,10,0.4073877225617858,0.005752414443691123,8.91217260877124,300.8611918403989,0.29388873253896175,"{""type"":""Point"",""coordinates"":[83.31756859640808,23.014430695918314]}"
2218,220.7927308954885,2025-04-15,284.4246276673817,297,0,40,0.1778975741239892,0.004067689159114707,3.059820469584789,304.30739370981854,0.2519810103096232,"{""type"":""Point"",""coordinates"":[81.46008573014683,22.02127277225118]}"
2219,270.0,2025-04-15,286.7379007793608,288,0,40,0.26153846153846155,0.005667179801662314,0.49898035082740777,303.6897644315447,0.3967981476596329,"{""type"":""Point"",""coordinates"":[81.86957776639684,21.663789511626437]}"
2220,-0.0,2025-04-15,287.093904313587,225,0,40,0.34774665042630937,0.0033047050025061253,0.9274099368611016,304.3586051123483,0.5378144642249587,"{""type"":""Point"",""coordinates"":[82.92483367791415,20.995082227422444]}"
2221,285.1800107516097,2025-04-15,292.3287501562209,146,0,10,0.3209839052535682,0.010112628319461692,3.5375340543471,304.40121346428276,1.224088303734093,"{""type"":""Point"",""coordinates"":[80.86391688735394,18.264548580277047]}"
2222,133.12228760533725,2025-04-15,286.3399515606108,409,0,10,0.3218928757150286,0.005069255807597983,0.6783973971696846,304.3305754434495,0.5990954199082661,"{""type"":""Point"",""coordinates"":[82.13384059261226,20.526291371149384]}"
2223,-0.0,2025-04-15,288.7345583779471,461,0,10,0.34905042567125083,0.022191166856487143,1.390963080774087,301.59621788206556,0.6790176612344231,"{""type"":""Point"",""coordinates"":[81.12830309188283,19.84108717623455]}"
2224,222.42365318699112,2025-04-15,286.58352252415244,634,0,10,0.30678366520418493,0.00705792007704531,8.727108135946514,303.4325913474673,0.6151834136168532,"{""type"":""Point"",""coordinates"":[82.15716700695616,20.296529090793]}"
2225,192.0794639162258,2025-04-15,286.04748853047687,367,0,30,0.19924319604133314,0.004907757022579062,2.369877993502621,304.3583551588513,0.5789286860929882,"{""type"":""Point"",""coordinates"":[82.38706218986617,20.84380597111041]}"
2226,34.356821998762605,2025-04-15,283.82250131879533,412,0,40,0.23813953488372094,0.005314066984851706,4.48480770948171,302.2837701979138,0.6993588200626236,"{""type"":""Point"",""coordinates"":[83.47575153614491,23.897909701567226]}"
2227,160.5035121933525,2025-04-15,288.9889412834531,256,0,10,0.2840355402694182,0.00983397660513674,1.475533016268755,304.0970084326608,0.8574017528281833,"{""type"":""Point"",""coordinates"":[80.31949623957445,19.69673959593659]}"
2228,112.80080485376301,2025-04-15,281.4903014955067,661,0,10,0.4964310706787964,0.0029052048708990696,5.96176249192902,302.229152452378,0.5655838710139318,"{""type"":""Point"",""coordinates"":[80.73326132772749,22.35692385705956]}"
2229,182.29606310578146,2025-04-15,281.8441775185721,572,0,10,0.3433208489388265,0.0030482411171988133,12.336927186845273,302.344142686753,0.5608521151169674,"{""type"":""Point"",""coordinates"":[80.74972986650418,22.523087217735263]}"
2230,83.95903155383796,2025-04-15,282.9717235565186,671,0,10,0.35250233136462544,0.0031803548123434666,12.992345043238217,301.4825413567679,0.12635382216150506,"{""type"":""Point"",""coordinates"":[81.81602475627729,23.484254463818765]}"
2231,188.46309141115015,2025-04-15,283.4670209430513,623,0,10,0.22887903736542115,0.004393979885776389,10.2054056097783,301.4524713697888,0.6731539443679996,"{""type"":""Point"",""coordinates"":[83.10148968076541,23.584964986943632]}"
2232,132.44555655852312,2025-04-15,283.7911931900751,403,0,40,0.30383702037245347,0.005788519957263816,1.374022513379222,302.2237522942679,0.6543975690004158,"{""type"":""Point"",""coordinates"":[83.5793115275299,23.853047991569]}"
2233,66.29108929644359,2025-04-15,284.81082325889946,435,0,10,0.36696658097686374,0.008629098513324607,13.579909896978581,301.0229873203096,0.4756880093976074,"{""type"":""Point"",""coordinates"":[82.46752154997117,23.807639851683074]}"
2234,-0.0,2025-04-15,286.5502670833042,287,0,40,0.1716203259827421,0.0030883252408102635,2.7802885155287553,304.48737766629176,0.5554863648512621,"{""type"":""Point"",""coordinates"":[82.71162601899762,20.808528470283072]}"
2235,21.19054125358193,2025-04-15,281.5658048902239,627,0,40,0.15414546542951213,0.0023431032683447484,6.929286609913511,302.2547116506667,0.48714464404680363,"{""type"":""Point"",""coordinates"":[80.63153321680599,22.894531963332508]}"
2236,180.0,2025-04-15,293.32451838538765,136,0,30,0.2077441809876006,0.012693732955654013,1.390963080774087,301.1807254155477,0.6163129329207794,"{""type"":""Point"",""coordinates"":[84.34598893509109,19.801661605708336]}"
2237,199.94450773617422,2025-04-15,284.74148732139946,796,0,10,0.3906522030266506,0.016614168861110556,5.8990743836374655,299.1834284010388,0.6360584359291974,"{""type"":""Point"",""coordinates"":[84.08338588939293,23.27881756854758]}"
2238,38.52682448003493,2025-04-15,287.25819351559596,746,0,30,0.35017149984409107,0.006931111195285666,2.369787277608547,301.19360673995243,0.7057178677852117,"{""type"":""Point"",""coordinates"":[82.97085683521286,19.614378449939235]}"
2239,175.9853652158618,2025-04-15,291.7979477473668,149,0,10,0.34134615384615385,0.008407071211536277,6.939165099360014,304.65106232961017,1.1172223086405115,"{""type"":""Point"",""coordinates"":[80.43515190226265,18.214266710910696]}"
2240,256.7458800728949,2025-04-15,287.83925982884,611,0,40,0.6353873689593454,0.005825191714961875,2.0218615023552493,301.7573681331816,0.832346230484779,"{""type"":""Point"",""coordinates"":[81.73299831631486,19.578799860179533]}"
2241,-0.0,2025-04-15,287.8144098009382,607,0,40,0.21070075757575757,0.011343494036395896,0.9274099368670311,301.9858721324376,1.017448217492095,"{""type"":""Point"",""coordinates"":[82.30347854330645,19.610810313656508]}"
2242,249.5504117429765,2025-04-15,287.5475175948371,239,1,30,0.10932395074139231,0.0035664588000372532,2.6527558865421828,304.360006014506,0.4776584071780961,"{""type"":""Point"",""coordinates"":[83.03055124189953,21.21824310059592]}"
2243,65.45408970357178,2025-04-15,285.03913543337865,486,0,10,0.31225296442687744,0.005956545450885642,3.345163341761787,301.42039012908936,0.3577718388145523,"{""type"":""Point"",""coordinates"":[82.32610813130202,24.021860391254904]}"
2244,332.0660699175802,2025-04-15,290.4697471800304,253,0,10,0.050589236904601875,0.013208165743549216,1.049688030590969,303.6465399151757,0.7465856532997669,"{""type"":""Point"",""coordinates"":[80.46309253440135,19.44105545037697]}"
2246,300.15248872742256,2025-04-15,289.7658665066674,1176,0,30,0.5525830258302583,0.008984461405475486,19.519318503220425,298.7478873389108,0.2825593407369305,"{""type"":""Point"",""coordinates"":[82.43410894692867,18.090044722313372]}"
2247,221.23483185814536,2025-04-15,291.9560985565186,488,0,10,0.7703180212014135,0.04738187787791048,7.35931262841614,298.5803196770804,0.5082926241641987,"{""type"":""Point"",""coordinates"":[82.8657032703483,18.058126677587435]}"
2248,340.5146170662896,2025-04-15,289.6480221521287,262,0,10,0.23527879103699845,0.01241433618326937,1.4754318435721216,303.423970858256,0.7636608283848633,"{""type"":""Point"",""coordinates"":[80.50438695031487,19.597938367343495]}"
2249,180.0,2025-04-15,282.9660501934233,445,0,40,0.23767258382642997,0.008188515880306113,3.704791833671086,303.2346049263364,0.5902639274528295,"{""type"":""Point"",""coordinates"":[81.10899559116825,21.962452189574943]}"
2250,6.26455741909466,2025-04-15,286.4764203571138,405,0,10,0.30532915360501567,0.0032819062258795384,17.617650524918652,304.066299029759,0.5509358781278281,"{""type"":""Point"",""coordinates"":[82.82027851412873,20.882459382632966]}"
2251,232.5795568873341,2025-04-15,290.3433579036168,628,0,10,0.5242774566473989,0.01221817729731356,19.10169545729503,299.41297290438695,0.815711823885462,"{""type"":""Point"",""coordinates"":[84.03957610318346,19.662341164360768]}"
2252,180.0,2025-04-15,289.8172755468459,295,0,10,0.25686523024926067,0.014936059692104209,0.9274099368611016,303.1948216302054,0.7417878376236553,"{""type"":""Point"",""coordinates"":[80.60570570867027,19.696151128249085]}"
2253,238.07674039501669,2025-04-15,289.9998229798816,135,0,10,0.49662783568362967,0.0032381713177755955,1.7534630889598395,304.967910357884,0.7047495292478649,"{""type"":""Point"",""coordinates"":[83.81778958879637,20.850599825126828]}"
2254,121.93719133006128,2025-04-15,286.76628503345313,305,0,40,0.6688874921433061,0.0050589591052130345,1.7527794741406837,304.15396876562215,0.73404520468846,"{""type"":""Point"",""coordinates"":[81.75848295892347,20.768969646061457]}"
2255,140.33774689762714,2025-04-15,291.1137378329322,384,0,30,-0.014703951687015885,0.007205858805377829,8.37357474997958,304.28174150557743,1.0718673200491482,"{""type"":""Point"",""coordinates"":[80.52243933046284,18.617823245953005]}"
2256,160.09330034282888,2025-04-15,281.5737510862804,686,0,40,0.17880794701986755,0.0034828036810949925,4.430094193968628,301.67313961755656,0.39536707964470524,"{""type"":""Point"",""coordinates"":[80.91576104577621,23.002866684670117]}"
2257,270.0,2025-04-15,288.12681679498576,270,0,40,0.29410229645093944,0.00462239978571688,0.49496433064952344,304.63096141815186,0.9984946916995202,"{""type"":""Point"",""coordinates"":[82.9872901024422,20.461871277468347]}"
2258,14.787768256130189,2025-04-15,288.6005891164144,896,0,40,0.4776671408250356,0.009241610744197715,1.917810989264229,298.0440996715001,0.5180758217530598,"{""type"":""Point"",""coordinates"":[82.92742478354599,18.732289559430864]}"
2259,180.0,2025-04-15,282.7173057737804,384,0,30,0.18707203505888798,0.0017928778912619237,0.463735342881014,302.58579540252686,0.5232601300642785,"{""type"":""Point"",""coordinates"":[80.51024260231686,23.986176582630264]}"
2260,43.306678694120606,2025-04-15,286.51480856395904,429,0,10,0.288944202447625,0.0074164420153692845,10.707379026972722,303.9839306331816,1.09424145055986,"{""type"":""Point"",""coordinates"":[80.7118942443969,20.591737552708775]}"
2261,217.78378324615588,2025-04-15,281.80572537013455,758,0,40,0.20726044744617983,0.005520135143001426,4.100414665529946,300.7622393199375,0.4584284901080824,"{""type"":""Point"",""coordinates"":[81.44338742040935,22.86954560669537]}"
2262,270.0,2025-04-15,297.0850396837507,40,0,30,0.34361539530359875,0.005800828316409934,1.951937796793016,302.29337306249715,2.4417249529186087,"{""type"":""Point"",""coordinates"":[83.72804927961562,18.202255180754495]}"
2263,191.89589745749262,2025-04-15,291.8071844010126,181,0,40,0.6073428749222153,0.00837923584242617,2.368268202294167,302.92263389769056,0.4637430121118198,"{""type"":""Point"",""coordinates"":[81.95954236544121,18.303497180695746]}"
2264,148.52942605661872,2025-04-15,290.0152212778727,585,0,10,0.481216457960644,0.006058812120159018,17.38855603374307,302.24211515699113,1.3123106270229716,"{""type"":""Point"",""coordinates"":[83.54298856849476,19.84149088867062]}"
2265,312.4821148865401,2025-04-15,283.37606112162274,535,0,10,0.3307503551594989,0.0051319449927405,2.059105280275225,302.04997648511613,0.8546163827668362,"{""type"":""Point"",""coordinates"":[83.5070558813184,23.6864608337234]}"
2266,345.1683882739087,2025-04-15,288.72335116068524,557,0,40,0.29329810233005044,0.008126512148578513,1.9181987433522942,301.32196076711017,0.8942049056938124,"{""type"":""Point"",""coordinates"":[82.45360414825136,19.24803795502794]}"
2267,168.37525125001594,2025-04-15,291.3713178180513,851,0,10,0.5322012175584748,0.01335360107680117,20.812575436973052,300.0615092232114,0.37051765875480014,"{""type"":""Point"",""coordinates"":[82.06608726194759,18.000344846413512]}"
2268,180.0,2025-04-15,292.5667233240037,124,0,10,0.38235294117647056,0.010565742829044211,1.3909630807829783,304.470363389878,1.2904515822026514,"{""type"":""Point"",""coordinates"":[80.99695383572111,18.221784670920982]}"
2269,344.85525471918766,2025-04-15,282.11145337422687,572,0,40,0.17696432734903242,0.003697857239444602,3.837701595626071,302.359267779759,0.5703673499664855,"{""type"":""Point"",""coordinates"":[80.87226451032559,22.53111170073457]}"
2270,312.64967831282524,2025-04-15,286.2163699013846,608,0,40,0.2480276134122288,0.009619370081622947,2.7358431129569962,300.6306998389108,0.44028192374267955,"{""type"":""Point"",""coordinates"":[83.86174318904095,22.90574271018551]}"
2271,245.17500883269366,2025-04-15,290.0717340196881,257,0,40,0.21433558296485922,0.02529434857626711,1.1044188315349552,302.21216724032445,0.7702634872241793,"{""type"":""Point"",""coordinates"":[84.04309203340773,22.302675821420525]}"
2272,270.0,2025-04-15,287.33605112348283,322,0,10,0.25774178180085755,0.011391118147571433,1.9913792257640421,303.7793407894316,0.36084832807329215,"{""type"":""Point"",""coordinates"":[82.51902925083938,21.388825134534617]}"
2273,90.0,2025-04-15,289.6377275557745,654,0,10,0.11552638676616021,0.020843714454372275,9.271007091844108,301.6981582187471,0.6041343767149442,"{""type"":""Point"",""coordinates"":[80.76040425000757,19.594279085698712]}"
2274,281.4182204328421,2025-04-15,289.0978280022031,632,0,30,0.4599928238249013,0.0055116414811209324,6.992618574621052,300.9772167659941,0.990289376318406,"{""type"":""Point"",""coordinates"":[83.18105084675102,19.52281900143801]}"
2275,90.0,2025-04-15,283.47962906247096,484,0,30,0.20417726603293612,0.00200687346716677,1.5137482204866295,301.70345374516074,0.34991053280024925,"{""type"":""Point"",""coordinates"":[81.70465234395562,23.240567367187882]}"
2276,100.64371453432418,2025-04-15,289.2266296205067,364,0,10,0.3349527665317139,0.00422327218313967,2.5091816602068504,302.1225036893572,1.0982025383874676,"{""type"":""Point"",""coordinates"":[83.70748223897864,20.00282382190463]}"
2277,115.13817335296324,2025-04-15,288.01629084632515,409,0,30,0.2274289284598563,0.010386541464527,1.091540620877786,303.44139784858334,1.0826226399563426,"{""type"":""Point"",""coordinates"":[80.9134087104164,20.19976166267419]}"
2278,112.85738339433153,2025-04-15,284.6128659021287,462,0,10,0.4272217301446708,0.0033205598380163792,7.126247763649069,301.9629171008155,0.14014365433468431,"{""type"":""Point"",""coordinates"":[81.80665357128197,24.029418608093586]}"
2279,-0.0,2025-04-15,283.2745567503429,530,0,40,0.29491669319749547,0.0026095509316519383,0.463735342881014,301.24866045088993,0.20933498334386458,"{""type"":""Point"",""coordinates"":[81.84730753726699,23.317103285990175]}"
2280,90.0,2025-04-15,288.47852461678644,315,0,10,0.30753050063104753,0.012449428417880881,0.4937883857815359,303.487691561381,1.0265931245584652,"{""type"":""Point"",""coordinates"":[80.77494961038506,20.09300413859842]}"
2281,199.47657115651702,2025-04-15,290.04374504089355,253,0,10,0.12106627175120326,0.012391656615932334,1.4753516117896464,303.56754298437215,0.7572413622092012,"{""type"":""Point"",""coordinates"":[80.47720993783139,19.51929340757337]}"
2282,127.6539707098313,2025-04-15,282.4311962127686,579,0,10,0.3205182970240638,0.002303913214404929,3.7901090166149722,303.0372462953839,0.43468744934777354,"{""type"":""Point"",""coordinates"":[80.40111230519072,22.191246982751355]}"
2283,100.36024389708534,2025-04-15,284.2400457291376,382,0,10,0.3297647555993802,0.004318892934520591,2.5769651874358313,302.41851838429767,0.7440289834925069,"{""type"":""Point"",""coordinates"":[83.1860892619474,23.92388793218006]}"
2284,84.19216831770686,2025-04-15,284.1387273697626,622,0,10,0.42501517911353975,0.0036197602536276463,4.573078767120146,301.471816607884,0.2657905590136668,"{""type"":""Point"",""coordinates"":[82.23296689884485,23.732640789982845]}"
2285,-0.0,2025-04-15,290.5764598846436,250,0,40,0.27001903908612385,0.022499412276943076,0.0,302.8427185331072,1.142497021605677,"{""type"":""Point"",""coordinates"":[84.28603104257093,22.04631893405021]}"
2286,86.26869396248875,2025-04-15,284.1470804668608,410,0,10,0.468904788112273,0.0035723149563864354,7.089637358122457,301.8567740576608,0.1803765029705448,"{""type"":""Point"",""coordinates"":[81.7222474380492,24.07391643274164]}"
2287,133.45468501741877,2025-04-15,290.5200692131406,203,0,10,0.37037458727086414,0.016061544397075522,5.378256553972617,299.4179312842233,0.6067817726989256,"{""type"":""Point"",""coordinates"":[83.13163977376689,18.65499318658722]}"
2288,102.5682760204003,2025-04-15,291.1152608054025,624,0,10,0.3327922077922078,0.008584350326259482,18.50854104783221,301.3651504062471,1.1054697541206218,"{""type"":""Point"",""coordinates"":[83.83303809286386,19.724346006842367]}"
2289,202.96676862992823,2025-04-15,292.5177498772031,252,0,30,0.2901275141317208,0.009298205354411948,2.516734062793602,301.40428847358345,1.1601433376847439,"{""type"":""Point"",""coordinates"":[83.46566221503669,19.289145221593703]}"
2290,188.79283657974565,2025-04-15,285.7108651115781,371,0,10,0.43512304250559286,0.005013033726413596,3.2812313500113897,302.94907083965484,0.14203209595345656,"{""type"":""Point"",""coordinates"":[83.02278681432661,22.547396245459915]}"
2291,320.7389764790496,2025-04-15,283.6454703013102,1004,0,10,0.6686186703410265,0.007207661845882285,7.149989004147202,300.1870091302054,0.637515422583401,"{""type"":""Point"",""coordinates"":[83.59694336052803,23.423057461647826]}"
2292,144.07153159559928,2025-04-15,283.0932358333043,686,0,40,0.39880765610291813,0.003684267380435813,1.7175909925067725,300.869533311753,0.38341060571907104,"{""type"":""Point"",""coordinates"":[83.37133204966466,23.074112317464607]}"
2293,144.19451445780024,2025-04-15,282.2784978775751,693,0,30,0.24023487362777635,0.004698291399677146,6.8292401253171215,301.0669384456816,0.549142601837385,"{""type"":""Point"",""coordinates"":[81.26115145408973,22.456893610654777]}"
2294,312.6611267750324,2025-04-15,284.2260250818162,582,0,40,0.4669086847249372,0.006704732754428733,0.6843000969723814,300.877339998881,0.5590357435713633,"{""type"":""Point"",""coordinates"":[81.85860226988504,22.850860808432966]}"
2295,180.0,2025-04-15,292.6383088429769,81,0,10,0.3107234354031963,0.00506490466852938,0.4637353428839794,304.4488383247739,0.9765426298160713,"{""type"":""Point"",""coordinates"":[81.50835678712774,18.00452418138944]}"
2296,-0.0,2025-04-15,286.1099885304769,323,0,10,0.2613500597371565,0.009427383520801413,0.0,304.22122950780965,0.804908428406261,"{""type"":""Point"",""coordinates"":[80.9488396240536,21.175543769415835]}"
2297,268.64604012041934,2025-04-15,293.8736255282448,203,0,10,0.6455165180912428,0.00677388904352938,18.908505032371465,301.56162548065186,1.0783468235845375,"{""type"":""Point"",""coordinates"":[83.86690996228145,19.017635580403564]}"
2298,185.64660716598235,2025-04-15,282.9473211197626,718,0,30,0.3629242819843342,0.003842920043666709,5.112461851605051,300.3299418403989,0.4676119373490926,"{""type"":""Point"",""coordinates"":[83.54051937636258,23.15290143946594]}"
2299,252.53845587062273,2025-04-15,290.7061043693906,206,0,10,0.23962616822429905,0.01402065155764376,1.5451055534232958,304.2055289404733,0.851071771044949,"{""type"":""Point"",""coordinates"":[80.28156618919371,19.320344184848267]}"
2300,20.0174891105725,2025-04-15,284.0840456826346,424,0,10,0.4028460543337646,0.003913134315212119,1.480357938049907,301.98173336755656,0.6889002952140753,"{""type"":""Point"",""coordinates"":[82.98326750786894,23.80084467181808]}"
2301,309.03845691896555,2025-04-15,290.05590556916735,516,0,40,0.2982581722739203,0.010995030381877768,4.409008959905359,302.1851548240298,0.7868000862203485,"{""type"":""Point"",""coordinates"":[81.51625174241975,18.906994639186912]}"
2302,308.4032113114247,2025-04-15,286.3402538299561,503,0,10,0.31367683549846737,0.006747558691699851,8.156410305186268,303.98034990401493,1.1827430601648352,"{""type"":""Point"",""coordinates"":[80.95802349180688,20.478359443901727]}"
2303,152.2798018021095,2025-04-15,293.1658734821138,74,0,40,0.3664275466284075,0.008174478986461509,1.0476236547446465,304.7948320933751,1.3877904300594246,"{""type"":""Point"",""coordinates"":[80.86108542874938,17.909377066367536]}"
2305,28.477621127373094,2025-04-15,283.95266314915244,567,0,10,0.2996294335627316,0.006999582030971396,1.0550426644440007,301.23777294158936,0.5094781765531573,"{""type"":""Point"",""coordinates"":[82.13944131554729,22.817632611150753]}"
2306,36.968575384319614,2025-04-15,291.226711000715,341,0,10,0.22833399287692915,0.009893715360362876,8.072217897407556,303.88979117075604,1.1520189192932015,"{""type"":""Point"",""coordinates"":[80.58250175806067,18.38304007270712]}"
2307,-0.0,2025-04-15,291.9416186923072,188,0,80,-0.1026694045174538,0.0033150315072134617,0.0,303.48084399813695,1.0360444612898416,"{""type"":""Point"",""coordinates"":[83.8241829082336,21.535333595221704]}"
2308,345.03620158175227,2025-04-15,286.26578512645904,332,0,30,0.19719563765858,0.0038693845059469822,1.9193755594921165,304.17019249144056,0.763125441238991,"{""type"":""Point"",""coordinates"":[81.77417474024868,20.7114430979219]}"
2309,121.35510881897578,2025-04-15,282.9294116610572,372,0,40,0.24445631846112745,0.0027927607085302952,1.7818937986451255,302.7100804192679,0.43675847062480794,"{""type"":""Point"",""coordinates"":[80.67328684599474,23.93702106032419]}"
2310,294.90166911426627,2025-04-15,287.5339910416376,256,0,40,0.5109443402126329,0.003714755156238425,2.2016564562545744,303.6815624691191,0.4612781583483636,"{""type"":""Point"",""coordinates"":[82.45890908207595,21.80698305420921]}"
2311,122.03147902213607,2025-04-15,287.4575052715483,458,0,10,0.4140127388535032,0.008316129424770224,3.4930902801154,303.28190426599406,0.6844251017703304,"{""type"":""Point"",""coordinates"":[82.25791085339274,20.20734560542809]}"
2312,90.0,2025-04-15,283.361482438587,568,0,40,0.17913721667072874,0.005331337430675376,1.5119729975175664,301.6818705513364,0.3482324993451209,"{""type"":""Point"",""coordinates"":[83.1049229582843,23.08356565301804]}"
2313,270.0,2025-04-15,282.9770539601644,665,0,10,0.2693811824246607,0.002938151338298667,0.5044123909801891,301.23387831733334,0.4444949829072074,"{""type"":""Point"",""coordinates"":[83.34035866592286,23.16767564978721]}"
2314,253.02336561574555,2025-04-15,283.8539024534679,409,0,40,0.17895771878072764,0.001989558317859519,1.5878623580773363,302.02410339173815,0.11124834511839053,"{""type"":""Point"",""coordinates"":[81.16788693662279,23.672854656799267]}"
2316,65.08519831136671,2025-04-15,287.4437752678281,236,0,40,0.4802211824755423,0.006755739429195273,1.1006914413826525,303.704965091887,0.44193955077945846,"{""type"":""Point"",""coordinates"":[82.35958512168303,21.720970534558614]}"
2317,72.60591602753263,2025-04-15,289.0373973846435,337,0,30,0.33813381338133813,0.003958895781238425,9.227121580235256,302.6289152871995,1.1462609451575274,"{""type"":""Point"",""coordinates"":[83.46555763887196,19.98134383602014]}"
2318,90.0,2025-04-15,283.44445537385485,591,0,40,0.19394344244043643,0.005914881804187644,3.5337245023521673,300.80727745237806,0.6332296141667101,"{""type"":""Point"",""coordinates"":[83.49767556579485,23.439920302040615]}"
2319,313.00768208047447,2025-04-15,286.9770248958043,300,0,40,0.17133956386292834,0.005038037874896872,2.7174908015272163,303.89265691666384,0.7461023935254338,"{""type"":""Point"",""coordinates"":[81.52148551705345,21.129410755960002]}"
2320,90.0,2025-04-15,285.9148097265334,366,0,10,0.333535660091047,0.0023504197384909276,1.4896515264467012,304.80683567410426,0.8767260197872646,"{""type"":""Point"",""coordinates"":[80.32285568500504,20.977081396713228]}"
2321,90.0,2025-04-15,292.32764571053644,689,0,10,0.48825233344061797,0.016689926364620078,18.524310348216037,300.0382635479882,0.5284238803821629,"{""type"":""Point"",""coordinates"":[84.2333274500865,19.595190448327617]}"
2322,46.73380265470861,2025-04-15,288.14302889506024,619,0,10,0.405989502933004,0.01924504337569033,5.396914367508785,301.54518667856854,0.7164378636000812,"{""type"":""Point"",""coordinates"":[81.16264722452404,19.738972651041394]}"
2323,132.41154847811308,2025-04-15,283.2052789415632,352,0,40,0.1888412017167382,0.002396061995227683,2.0618775049805107,302.7141843069167,0.5356599140305809,"{""type"":""Point"",""coordinates"":[80.80083024271171,24.00665524788303]}"
2324,10.06662814077621,2025-04-15,288.54047820681615,236,0,10,0.318280235075781,0.004731982925136435,2.823690046616494,304.24050499144056,0.7301593615183316,"{""type"":""Point"",""coordinates"":[82.87679270688324,20.144639295188785]}"
2325,301.74798127659943,2025-04-15,287.5534874144054,230,0,40,0.2614345114345114,0.005006492116649497,1.762118502050123,304.07102489471436,0.6027408363443492,"{""type"":""Point"",""coordinates"":[83.04488837950905,21.850972186256943]}"
2326,19.424033565335467,2025-04-15,290.6877647581554,212,0,10,0.32148679491359633,0.010922297814090598,1.4748741582214853,303.46306242261613,0.8659892794405762,"{""type"":""Point"",""coordinates"":[80.48677975685904,19.040981115924282]}"
2327,270.0,2025-04-15,288.44103159223283,220,0,40,0.3789203084832905,0.004719272234638083,1.9954262453753682,304.0491917473929,0.7252291580813557,"{""type"":""Point"",""coordinates"":[83.11814537275016,21.683481000197297]}"
2328,147.52832406558022,2025-04-15,289.6363382793608,763,0,10,0.233921815889029,0.029100194552142966,13.48735063101448,300.91918105170845,0.5654337179809004,"{""type"":""Point"",""coordinates"":[80.9108678106341,19.466385930824593]}"
2329,245.75632189791216,2025-04-15,292.7840666089739,636,0,10,0.4478510813030386,0.011254653313358176,30.597684770314448,301.06838003794354,0.9773356544813545,"{""type"":""Point"",""coordinates"":[83.36385418691947,18.967258957610458]}"
2330,251.3860478635168,2025-04-15,289.9546511513846,304,0,10,0.3190031152647975,0.01489420233031069,5.791719396033179,303.0445123854138,0.9503576774822214,"{""type"":""Point"",""coordinates"":[83.98291495634979,22.147062517952808]}"
2331,133.1440137945563,2025-04-15,286.22233390808105,447,0,40,0.2281386274959835,0.005914315560062278,2.0336093085754605,303.7649132410685,0.7204198375675461,"{""type"":""Point"",""coordinates"":[81.90350525750087,20.40911273341658]}"
2332,151.37790188227208,2025-04-15,282.332906359718,432,0,10,0.37365010799136067,0.002303317167957175,2.1122636748823886,302.6985825584048,0.1601891413289108,"{""type"":""Point"",""coordinates"":[80.72745232102477,23.619544332970346]}"
2334,157.15291122901112,2025-04-15,292.4985092708043,174,0,10,0.3313106796116505,0.008900523164470542,2.5145165114880403,304.34485767001195,1.2028504707265983,"{""type"":""Point"",""coordinates"":[81.14164037467346,18.30897091627839]}"
2335,201.51681854308896,2025-04-15,287.77096439543226,541,0,10,0.32342857142857145,0.009102076270778525,13.219418889119172,303.2404003597441,0.856703265841943,"{""type"":""Point"",""coordinates"":[82.28393570612954,20.043240414509793]}"
2336,270.0,2025-04-15,284.9878891536168,332,0,10,0.33371428571428574,0.005646049955089438,0.4979628891440415,303.7883507410684,0.5782585770584215,"{""type"":""Point"",""coordinates"":[80.58240643238527,21.367861294663054]}"
2337,118.44849516147212,2025-04-15,291.7577924274263,283,0,10,0.3117097306212204,0.01341482994814669,3.888026659940478,304.00790291740776,0.930469346639502,"{""type"":""Point"",""coordinates"":[81.59741413380888,18.533650810159667]}"
2338,126.29006487895883,2025-04-15,285.17324420384,606,0,40,0.34127524393011116,0.02159354088564669,3.1309652130176584,298.93789849962513,0.8195172933920684,"{""type"":""Point"",""coordinates"":[84.3514610735582,23.381885809207755]}"
2339,118.33182741445052,2025-04-15,292.15202140808105,356,0,40,0.4398717263495457,0.006007999160487998,3.902657132478815,300.9258716674079,0.7415620782258965,"{""type"":""Point"",""coordinates"":[83.99599576239336,19.346772403695994]}"
2340,242.0250022047357,2025-04-15,289.2266296205067,645,0,10,0.31352718078381797,0.00422327218313967,24.161913074506767,302.1225036893572,1.0982025383874676,"{""type"":""Point"",""coordinates"":[83.660012941827,19.99466437669848]}"
2341,114.91370225455466,2025-04-15,289.5577482495989,207,0,40,0.44151798357405836,0.004830479600627768,1.1007369025625593,303.9375148500715,0.9526589333157742,"{""type"":""Point"",""coordinates"":[83.37652761784196,21.728443875425942]}"
2343,139.79607483981383,2025-04-15,288.8147120702834,865,0,30,0.355145746579417,0.00617918370028292,3.0331331169718116,299.29527387164893,0.5967576704832799,"{""type"":""Point"",""coordinates"":[82.61756365891702,18.818995905137946]}"
2344,46.90416988031584,2025-04-15,289.6764412834531,297,0,10,0.22032450896669514,0.008363604524333823,18.960325992302224,304.66085701897026,0.5927946031563143,"{""type"":""Point"",""coordinates"":[83.88384564098361,20.666728092435786]}"
2345,199.1041514258878,2025-04-15,281.6084655580067,904,0,10,0.31197864531197866,0.0027381628539160374,10.671896195120588,302.0564927146548,0.40270197820553405,"{""type"":""Point"",""coordinates"":[80.94561618858556,23.2720581575749]}"
2346,105.8800811296368,2025-04-15,282.7805963243757,912,0,40,0.20106445890005914,0.0034259855534628514,6.747915513748554,301.8293256759643,0.6650936179670823,"{""type"":""Point"",""coordinates"":[81.15956650543356,22.397074350367202]}"
2347,180.0,2025-04-15,286.3640633537656,643,0,10,0.4023746701846966,0.010138154008586753,3.242751465064752,302.3562857764108,0.9191696306369582,"{""type"":""Point"",""coordinates"":[82.09719006447604,19.97773538392284]}"
2348,275.9695848499933,2025-04-15,287.09319514320015,611,0,40,0.30058177117000645,0.006991505601604331,4.450099109114383,301.8878903616042,0.7522319805095828,"{""type"":""Point"",""coordinates"":[81.5713633829016,19.761784383112975]}"
2349,241.1891156639931,2025-04-15,284.40736343747096,704,0,10,0.41045468605010826,0.004743665435512412,2.884421710330403,300.94601908184234,0.27997196420420434,"{""type"":""Point"",""coordinates"":[82.32194240570105,23.555940344664663]}"
2350,164.6937679959434,2025-04-15,284.1578982216971,394,0,10,0.3543412671806906,0.0038429349448279027,5.750216979502152,302.2258507410685,0.12146654343807926,"{""type"":""Point"",""coordinates"":[81.57880539681527,24.01261708852784]}"
2351,252.92499831569359,2025-04-15,284.3574831826346,363,0,40,0.25190839694656486,0.0038398057009771946,1.5789894427642202,302.3725443794614,0.28807154681366126,"{""type"":""Point"",""coordinates"":[82.56506757277354,22.855322161414264]}"
2352,252.66705260752167,2025-04-15,286.5287536439441,306,0,10,0.26379170056956874,0.004166930892665732,1.5562078177713126,304.5131345022292,0.9217419682962008,"{""type"":""Point"",""coordinates"":[80.4108697126422,20.562698952778398]}"
2353,64.76526538914553,2025-04-15,289.84704907735187,218,0,40,0.17707618393960192,0.010549873092372763,1.0876368359267286,303.85337352752686,0.8096155524215702,"{""type"":""Point"",""coordinates"":[80.41588965429763,19.505981977888823]}"
2354,46.78008960530361,2025-04-15,286.5879984356108,652,0,10,0.6184089414858646,0.01275320348997866,2.7067766350134006,301.5684788567679,0.7675729689636459,"{""type"":""Point"",""coordinates"":[81.42816560671122,19.996213482642883]}"
2355,146.4397165179422,2025-04-15,289.3969932737804,557,0,10,0.49607909989771565,0.03280790148039614,4.443181631864353,300.8755380085536,0.6096483550156506,"{""type"":""Point"",""coordinates"":[80.95459963079288,19.5904512728647]}"
2356,-0.0,2025-04-15,283.69444956098283,512,0,10,0.3669798657718121,0.004750013330180991,0.0,301.93787524813695,0.27659090830802613,"{""type"":""Point"",""coordinates"":[82.72796112059724,23.132267122571704]}"
2357,312.9904005312743,2025-04-15,286.5269167763846,293,0,40,0.1394479932505725,0.0049445181872442845,0.6800705917890788,304.00656595684234,0.6696114495552614,"{""type"":""Point"",""coordinates"":[81.71793352895553,21.219144358456273]}"
2358,275.24267800967175,2025-04-15,283.1613975706555,459,0,40,0.19448592762780012,0.001168593743045676,5.062013511049818,302.0354326793126,0.3462336667763552,"{""type"":""Point"",""coordinates"":[81.43969297346379,23.425292054693056]}"
2359,270.0,2025-04-15,287.7023550669352,233,0,40,0.36229635376260666,0.0050851702477530125,0.4996509334364415,304.04455888838993,0.7516066182507651,"{""type"":""Point"",""coordinates"":[83.17626183217239,21.857763402942783]}"
2360,-0.0,2025-04-15,285.80559167407813,330,0,40,0.5391594396264177,0.005133613922794211,0.9274099368611016,304.5253938493275,0.5859497587577708,"{""type"":""Point"",""coordinates"":[82.44701989173396,20.90992157553811]}"
2361,147.68555022431624,2025-04-15,294.089986437843,102,0,40,0.32867132867132864,0.013302192070682395,2.741549320887231,302.20170988355363,0.97218437948216,"{""type"":""Point"",""coordinates"":[83.36397270493663,18.45496165169899]}"
2362,47.14503246094654,2025-04-15,287.794576281593,236,0,10,0.6436363636363637,0.004903361180026877,0.6818011513890736,303.9897667566935,0.6784284425572344,"{""type"":""Point"",""coordinates"":[83.0596637703961,21.907018008090937]}"
2364,96.74113801401435,2025-04-15,288.4124206361317,744,0,30,0.20319214241866176,0.005467116811473716,7.851829405306842,299.1153015409197,0.6856177723254553,"{""type"":""Point"",""coordinates"":[82.86799565760023,18.984922807780944]}"
2365,295.0155252325617,2025-04-15,285.9148097265334,348,0,40,0.2305222602739726,0.0023504197384909276,2.1922855901086353,304.80683567410426,0.8767260197872646,"{""type"":""Point"",""coordinates"":[80.33169789025652,21.0491886670533]}"
2366,218.7857943547199,2025-04-15,285.8651736123221,327,0,40,0.4103385815800474,0.006964221575458396,2.3783608146573347,304.1532654081072,0.6171833750989044,"{""type"":""Point"",""coordinates"":[82.21872057209461,21.046883370197303]}"
2367,259.4696482689341,2025-04-15,291.9658467429025,455,0,30,0.3400510928186205,0.01876024899740969,25.973782181893057,300.25775178273517,0.7768852357433229,"{""type"":""Point"",""coordinates"":[83.17080602216431,18.85572046210789]}"
2368,180.0,2025-04-15,283.2155967894054,340,0,10,0.3423410192392422,0.0018697082783774022,2.7802885155287553,303.5348862693423,0.3875225681876863,"{""type"":""Point"",""coordinates"":[80.22469055930286,22.0584429306302]}"
2369,164.9162546491056,2025-04-15,284.1190856751942,577,0,10,0.3569261880687563,0.005018874981601584,5.744196216904475,302.81882762908936,0.24283184256666446,"{""type"":""Point"",""coordinates"":[80.34116568664159,21.938450254318187]}"
2370,77.65274356530314,2025-04-15,288.12285241626563,350,0,10,0.35650887573964496,0.006967470028598655,8.60939396095288,303.4680440539405,0.6089332566167165,"{""type"":""Point"",""coordinates"":[82.95350463974016,21.515175227937988]}"
2371,294.6533468196708,2025-04-15,281.9617370423817,585,0,40,0.29081334113516677,0.0015774965073660496,1.1116208718680043,302.69218839917863,0.1861501597024701,"{""type"":""Point"",""coordinates"":[80.60107472954604,23.375275922142638]}"
2372,61.8303762814954,2025-04-15,286.98102996462865,433,0,10,0.32231144701621794,0.006811752894122947,3.923208650471634,303.70132042112806,1.2091077878454384,"{""type"":""Point"",""coordinates"":[81.02283784965503,20.421462499850172]}"
2373,8.88050280683132,2025-04-15,284.2597804296584,474,0,10,0.35379644588045234,0.0038601457860067967,3.282010240934344,301.8403061912173,0.10915818560757284,"{""type"":""Point"",""coordinates"":[81.76578111623466,23.892686820329015]}"
2374,13.152295271754529,2025-04-15,284.48017547244115,803,0,10,0.5453022296687717,0.005932867505748618,6.6374768711435586,300.4486523128691,0.3041245417751648,"{""type"":""Point"",""coordinates"":[82.41939340289923,23.502475754488135]}"
2375,182.02865227822855,2025-04-15,290.2527061644055,449,0,10,0.31584501733755466,0.006524115779598105,13.656462359976434,301.86590607961017,1.3174727488850961,"{""type"":""Point"",""coordinates"":[83.57634023376339,19.771885349647317]}"
2376,284.34572130629897,2025-04-15,287.5827842894055,405,0,10,0.3508044451816222,0.008495137074191916,5.597109417782569,303.77148759932743,1.1799917781502023,"{""type"":""Point"",""coordinates"":[80.87998959253004,20.32524921218441]}"
2377,-0.0,2025-04-15,283.7432021186465,630,0,10,0.41516639388979815,0.006511777618129599,0.4637353428839794,301.98082655952095,0.1974838005714662,"{""type"":""Point"",""coordinates"":[82.93037056639032,22.900514416519016]}"
2378,163.1637106410576,2025-04-15,290.04276266552154,543,0,10,0.3609222583505764,0.013079300501544822,6.751762479271756,301.8154968534197,0.6797324911498097,"{""type"":""Point"",""coordinates"":[81.31751699473278,19.236278332206254]}"
2379,169.95241686279462,2025-04-15,287.29248364766437,640,0,40,0.25533480500367917,0.007464125731189597,2.8235238575870594,301.89281386420845,0.8616314677546327,"{""type"":""Point"",""coordinates"":[81.79275805032961,19.839681373867762]}"
2380,64.54576847164647,2025-04-15,293.1777608054025,122,0,40,0.194090382387022,0.007983580210407126,1.0788773498043653,304.45798778533936,1.3985070969434126,"{""type"":""Point"",""coordinates"":[81.13592591048982,17.82570006255486]}"
2381,192.87986177029197,2025-04-15,286.4893656231108,701,0,10,0.3450659962287869,0.005369871833522666,24.936357542185913,303.0428150267829,0.5483647709132443,"{""type"":""Point"",""coordinates"":[82.3492296939525,20.424220128784892]}"
2382,257.13002072216403,2025-04-15,284.2541884467715,387,0,10,0.31586561646037614,0.007778674342830527,6.22146121815581,302.797732716515,0.4259439831835091,"{""type"":""Point"",""coordinates"":[84.05218855676628,23.94745449136515]}"
2383,42.36294481263013,2025-04-15,282.99153963724774,363,0,40,0.21789242590559824,0.0026327371384695653,3.7603321876755107,302.708882967631,0.5730197822839158,"{""type"":""Point"",""coordinates"":[80.71536893790706,23.963740874391267]}"
2384,270.0,2025-04-15,286.6604151952834,329,0,40,0.3130201342281879,0.006076455095012534,0.4958016265443944,304.25271202269056,1.011299570600725,"{""type"":""Point"",""coordinates"":[81.29924234563673,20.71976983147749]}"
2385,187.18564589889235,2025-04-15,292.5757797786168,204,0,10,0.3201754385964912,0.008531466105182517,11.527321393652205,304.31428196316676,1.3265354081998173,"{""type"":""Point"",""coordinates"":[81.2438382049567,17.859391172123313]}"
2386,304.65148701870686,2025-04-15,285.0679963429769,544,0,10,0.34316134316134317,0.00621771810313021,2.4453616778792693,302.74864882514584,0.1435377924957142,"{""type"":""Point"",""coordinates"":[82.83445909928628,22.842820601276753]}"
2387,226.5524404081245,2025-04-15,295.70849927266437,120,0,10,0.32770575821525477,0.00992839036246096,5.378958486873054,301.99353349776493,0.8545389889508023,"{""type"":""Point"",""coordinates"":[84.12073153977681,18.69739010870182]}"
2388,208.55761753497583,2025-04-15,283.85393733070015,548,0,40,0.1822319315492445,0.0043486356522635106,2.1109697319110925,301.27612627120243,0.3128929953952995,"{""type"":""Point"",""coordinates"":[82.34821218941264,23.26579472764976]}"
2389,244.6403995018647,2025-04-15,290.6392970312209,300,0,10,0.482243611018918,0.005021154859264243,5.397790757151178,302.8906224114554,0.9561190772647906,"{""type"":""Point"",""coordinates"":[81.06300353921291,18.568227952908966]}"
2390,133.28722182613424,2025-04-15,288.23790659223283,352,0,40,0.3693817020305727,0.010688215472896445,2.7034038059775742,302.2546651476905,0.9385305216447598,"{""type"":""Point"",""coordinates"":[82.59505470569344,19.62122567341638]}"
2391,85.50939110153733,2025-04-15,292.4031200408935,696,0,30,0.3350768224910101,0.01309807596464907,22.465264238014246,301.19871625446143,0.7912298962181502,"{""type"":""Point"",""coordinates"":[83.91217403223044,19.533954983860973]}"
2392,312.4413953454923,2025-04-15,283.98510478791735,416,0,30,0.4004651162790698,0.004018455722530234,2.0607036697456897,302.27817821502686,0.10454167142919309,"{""type"":""Point"",""coordinates"":[81.5658972362751,23.87253326736169]}"
2393,180.0,2025-04-15,284.0547662462507,491,0,10,0.3148425787106447,0.004346445181568015,4.166350197281316,301.45288408370243,0.39154707722807225,"{""type"":""Point"",""coordinates"":[82.15280437511406,23.136784375853694]}"
2394,6.679974712958151,2025-04-15,289.5408037276496,872,0,30,0.48708751793400284,0.00811123845835482,8.344960922640361,299.41021179017565,0.26546732752278035,"{""type"":""Point"",""coordinates"":[82.4981367993873,18.430997666709814]}"
2395,180.0,2025-04-15,284.3311741238549,399,0,10,0.4492594624245749,0.0035837441470221165,1.8543341688414132,302.0821158545358,0.12049540951352378,"{""type"":""Point"",""coordinates"":[81.68890148907654,23.976234718924886]}"
2396,245.23358899107185,2025-04-15,287.92135502043226,407,0,40,0.23187525313892265,0.020193204262454856,2.2129047954702212,301.40939217522026,0.6584336862859437,"{""type"":""Point"",""coordinates"":[84.28933786367371,22.674503027557694]}"
2397,256.99223682109414,2025-04-15,285.23311097281317,514,0,10,0.3403990024937656,0.007223233559329856,2.0594429014543145,302.84990324292863,0.24016992514011443,"{""type"":""Point"",""coordinates"":[82.20932808879748,22.4754867057004]}"
2398,37.856227656514776,2025-04-15,288.06312515622096,452,0,10,0.33772755806654114,0.006471395471294272,22.296028440708373,304.3512750807262,0.6056031054541476,"{""type"":""Point"",""coordinates"":[83.0695781956826,21.12877632165671]}"
2399,27.0302291904865,2025-04-15,286.27567863464355,368,0,10,0.25318985395849347,0.005390271523197043,10.803023864588948,304.3032375063215,0.9815888821924805,"{""type"":""Point"",""coordinates"":[80.80602574539661,21.035053671121855]}"
2400,218.61736403234175,2025-04-15,286.4880577269055,764,0,10,0.45078014184397164,0.00973518190642153,2.3727721729100884,302.22410106658936,0.8119939492092959,"{""type"":""Point"",""coordinates"":[81.71424470196628,20.12847382170271]}"
2401,140.97008866720955,2025-04-15,284.52616110302154,328,0,40,0.22235434007134364,0.005220144965846885,2.3865443344389723,303.5228943143572,0.30950143405128117,"{""type"":""Point"",""coordinates"":[81.77062879746698,22.30393590158038]}"
2402,70.4536073899813,2025-04-15,288.57087371462865,950,0,40,0.23879796082640192,0.0067617296959952,4.151003977721236,298.4651201793126,0.5855446216188673,"{""type"":""Point"",""coordinates"":[82.92293173872024,18.78275113751326]}"
2403,213.02492471513958,2025-04-15,284.5402689434233,463,0,10,0.518555667001003,0.0044533014084890965,8.239371240250712,301.6420465651012,0.06823334353251494,"{""type"":""Point"",""coordinates"":[82.91129475789886,22.625612157131574]}"
2404,270.0,2025-04-15,287.01212301708404,296,0,10,0.41196498054474706,0.00623549518843447,0.9924270908514095,304.0444484438215,0.7121635557875542,"{""type"":""Point"",""coordinates"":[81.8112450059925,20.85626605460646]}"
2405,347.80180216565293,2025-04-15,281.57838394528346,613,0,10,0.3518130056937369,0.0026826709296301487,2.3709333528668455,302.97795500074113,0.5065460210011807,"{""type"":""Point"",""coordinates"":[80.57170659067428,22.304356909768725]}"
2406,28.512777696922917,2025-04-15,283.7623962220691,585,0,10,0.4437379043406138,0.006213903405864585,1.0553940675642772,301.79205354054767,0.2669259304541331,"{""type"":""Point"",""coordinates"":[83.06766962939224,23.01581391417832]}"
2407,252.9797523194618,2025-04-15,282.35368156433105,484,0,40,0.3215042372881356,0.0015517920043066624,1.5839155094494533,302.0389378411429,0.4546175478381694,"{""type"":""Point"",""coordinates"":[81.28221892793646,23.31319857967999]}"
2408,337.9010817935883,2025-04-15,290.9732174646287,1089,0,10,0.6152416356877324,0.02381768820544039,21.02517687731642,297.6051348277501,0.481172655033971,"{""type"":""Point"",""coordinates"":[82.50640311742202,17.90829877307932]}"
2409,-0.0,2025-04-15,284.05438259669717,319,0,40,0.19905476786210732,0.005063503959377158,0.4637353428839794,304.2282282057263,0.32743627332091035,"{""type"":""Point"",""coordinates"":[81.37150726200075,22.04670499430953]}"
2410,196.81213152136417,2025-04-15,290.713765734718,354,0,10,0.30385093167701865,0.008075311758716452,3.387210853693235,303.01525038764584,0.6555939025115171,"{""type"":""Point"",""coordinates"":[81.20702695436401,18.984169014144175]}"
2411,238.63339937278744,2025-04-15,284.5772736867269,492,0,10,0.30791981597108115,0.0046634971882895115,8.838624936613312,301.5422628039405,0.3083029240587953,"{""type"":""Point"",""coordinates"":[82.17104054130782,23.878338031327207]}"
2412,132.74111461209955,2025-04-15,284.55378968375067,409,0,10,0.41901603095632944,0.0040311366107061986,0.683265749941475,302.77594607216963,0.4464770948640326,"{""type"":""Point"",""coordinates"":[81.67380802437823,22.466608319979674]}"
2413,-0.0,2025-04-15,292.1544860658191,170,0,40,0.2904634797379277,0.009278357007701743,0.9274099368670311,303.3393528802054,0.424928753928232,"{""type"":""Point"",""coordinates"":[81.8829937323713,18.18510418797125]}"
2414,190.21042505421738,2025-04-15,284.52616110302154,325,0,40,0.1454758190327613,0.005220144965846885,2.8249555292076414,303.5228943143572,0.30950143405128117,"{""type"":""Point"",""coordinates"":[81.80156429630395,22.28200760432421]}"
2415,90.0,2025-04-15,286.09891500927154,372,0,30,0.27776427703523693,0.006840527036388266,1.0139927606306713,302.2324890409197,0.5239920912459036,"{""type"":""Point"",""coordinates"":[82.65207939625147,23.851806991003524]}"
2416,244.8997286153788,2025-04-15,286.3402538299561,432,0,10,0.26654601861427096,0.006747558691699851,3.276067359429102,303.98034990401493,1.1827430601648352,"{""type"":""Point"",""coordinates"":[81.01970464930062,20.46607829642957]}"
2417,139.2606900183711,2025-04-15,290.8717654091971,242,0,40,0.2950947313781469,0.014385461785991538,3.0573665285798683,303.2295884177798,1.265045615709386,"{""type"":""Point"",""coordinates"":[84.30589992478913,21.752011262691656]}"
2418,54.90016857697898,2025-04-15,286.17262222653346,415,0,40,0.27291320465294644,0.006307318785388816,2.4180929217141025,303.63401898883643,0.7960636942632063,"{""type"":""Point"",""coordinates"":[81.76653751154613,20.433678850634674]}"
2419,213.30922370605236,2025-04-15,283.06582814171196,389,0,50,0.2585274053163961,0.002870142438609946,2.7723643372164273,302.3962376458304,0.5577908031718084,"{""type"":""Point"",""coordinates"":[80.6951331488963,24.063633311644185]}"
2420,-0.0,2025-04-15,289.5336771465483,179,0,40,0.2039573820395738,0.005054563262660849,0.463735342881014,304.81923453013104,1.0434023472290817,"{""type"":""Point"",""coordinates"":[83.37957419216903,20.561445683555263]}"
2421,41.03302430092431,2025-04-15,281.8283200036912,522,0,10,0.20131741457389873,8.503496434286717E-4,3.0709404551948416,303.1260437284197,0.2138894218690308,"{""type"":""Point"",""coordinates"":[80.219811592703,23.18655806880231]}"
2422,261.6902203141354,2025-04-15,289.89222671872096,504,0,40,0.24029000517866392,0.008704155662258017,6.3908710251265,299.488656498137,0.2593340750828454,"{""type"":""Point"",""coordinates"":[82.37090939846405,18.308235564924868]}"
2423,53.24911963527293,2025-04-15,287.093904313587,257,0,40,0.26690198207982624,0.0033047050025061253,3.097209399085249,304.3586051123483,0.5378144642249587,"{""type"":""Point"",""coordinates"":[82.94260641931542,21.020827095448062]}"
2424,194.75893410655203,2025-04-15,291.6080470312209,227,0,10,0.508610086100861,0.011108830549915183,1.917556675357884,303.75200285230363,1.0628973060164653,"{""type"":""Point"",""coordinates"":[81.49479102903945,18.38337353055098]}"
2425,152.1572553500846,2025-04-15,291.4250926971436,127,0,10,0.30980260956841754,0.010302633025844443,1.0488045173354887,304.9313473928542,1.0390506965398265,"{""type"":""Point"",""coordinates"":[80.28045988867115,18.804946109728125]}"
2426,19.65346564598694,2025-04-15,286.1453075408936,298,0,40,0.5265379975874548,0.004117652752597678,1.4769706098338473,304.77060985565186,0.4702047649109409,"{""type"":""Point"",""coordinates"":[82.63973766977075,21.036692669795126]}"
2427,-0.0,2025-04-15,289.78800192333404,147,0,40,0.7958541065337181,0.003205567577083457,2.7802885155465065,305.00676940736315,0.7561651651534272,"{""type"":""Point"",""coordinates"":[83.73030851120089,21.04220814438231]}"
2428,331.5985890128637,2025-04-15,286.5877542949858,510,0,40,0.1733550621307802,0.010180979945857871,3.1599983393610493,302.44172336941676,0.3529232836362534,"{""type"":""Point"",""coordinates"":[83.42789187638994,22.380465259998935]}"
2430,31.741086771030293,2025-04-15,284.55378968375067,525,0,10,0.3159242191500256,0.0040311366107061986,3.811498657123169,302.77594607216963,0.4464770948640326,"{""type"":""Point"",""coordinates"":[81.71411145850364,22.521428124267842]}"
2431,224.20866832113768,2025-04-15,280.9931498027983,781,0,10,0.3482786228983187,0.0035671293522909764,12.10872058401815,301.1593456722441,0.4471500086105478,"{""type"":""Point"",""coordinates"":[81.03199108436546,23.10317926752202]}"
2432,151.7570379627026,2025-04-15,286.42833046686076,275,0,40,0.202929273463095,0.008456408956249106,1.052713271560562,303.86729535602393,0.4893967326671142,"{""type"":""Point"",""coordinates"":[82.04396150602932,21.43699902483761]}"
2433,28.406487760293395,2025-04-15,284.9882204873221,373,0,10,0.2709405708937763,0.00381755826731478,1.0543335880483333,303.25257251376195,0.46172809270652676,"{""type"":""Point"",""coordinates"":[81.56435940236364,22.409657506596115]}"
2434,171.81054952357113,2025-04-15,296.4284118470692,151,0,10,0.42544459644322846,0.008890539386470664,19.78873249297634,301.8420849300566,1.3551258824020502,"{""type"":""Point"",""coordinates"":[84.20913097255418,18.642585456692807]}"
2435,69.76993085089694,2025-04-15,281.70529056730726,570,0,30,0.19402985074626866,0.0010885149027899388,5.348871426779184,302.938619295756,0.5262034454572317,"{""type"":""Point"",""coordinates"":[80.26796668653947,22.881285441455223]}"
2436,270.0,2025-04-15,286.87739226931615,339,0,40,0.4941397771668355,0.005294248440463889,0.49552411401577123,304.02647504352393,0.9775927953904501,"{""type"":""Point"",""coordinates"":[81.49486268100601,20.63513302458639]}"
2437,256.869466318498,2025-04-15,288.06312515622096,233,0,10,0.2690495982266556,0.006471395471294272,2.0405367520794453,304.3512750807262,0.6056031054541476,"{""type"":""Point"",""coordinates"":[83.10996782259217,21.08047222690625]}"
2438,14.812115865325804,2025-04-15,293.24450420197985,938,0,30,0.48362369337979094,0.009566515662868369,3.8317631246054122,300.0524178913662,0.9356974151752017,"{""type"":""Point"",""coordinates"":[84.09977683457181,19.020499096965747]}"
2439,241.84305655745783,2025-04-15,286.25025894528346,435,0,10,0.2665090622537431,0.006872341015537131,7.813159543854395,303.9248253504435,0.9876297705982143,"{""type"":""Point"",""coordinates"":[81.47326081778668,20.5033749564827]}"
2440,28.047541358407013,2025-04-15,287.6248927343459,367,0,10,0.32826899128268994,0.01117771861811434,3.1495612041896455,303.23748229798815,1.0285751095299258,"{""type"":""Point"",""coordinates"":[81.01100214508838,20.201830120573174]}"
2441,-0.0,2025-04-15,296.2728942689442,46,0,40,0.38430391806597597,0.015050649621684897,0.4637353428839794,302.50600792112806,1.5034127747634503,"{""type"":""Point"",""coordinates"":[83.70631343113679,18.44464066067757]}"
2442,324.87360132551004,2025-04-15,295.3511704036168,51,0,40,0.4147002983455384,0.012061506488521445,1.7005182740021603,302.69793151673815,1.1587117384365004,"{""type"":""Point"",""coordinates"":[83.73963198583604,18.622248072416472]}"
2443,272.8009301660768,2025-04-15,295.0055602845691,352,0,10,0.4126730564430245,0.013739302733142722,26.4229207938628,300.8930173147292,1.0549401769955855,"{""type"":""Point"",""coordinates"":[84.18362794557753,18.93748772931882]}"
2444,-0.0,2025-04-15,284.4352419716971,312,0,10,0.34459955914768553,0.007235661127765525,0.4637353428839794,302.54845351264584,0.6587323799367605,"{""type"":""Point"",""coordinates"":[83.98595891955931,23.741606870479274]}"
2445,287.2628333106766,2025-04-15,290.82496597653346,141,0,40,0.4993506493506494,0.003706142285068381,1.562331831107295,303.9875811168126,0.8422670124334456,"{""type"":""Point"",""coordinates"":[83.92262401820618,21.2100134083075]}"
2446,65.17961421565411,2025-04-15,281.6261076245989,809,0,10,0.6143454486973303,0.003274202325542319,16.13104531165858,302.10907595498213,0.5677799501791948,"{""type"":""Point"",""coordinates"":[80.7045309537186,22.332352225665733]}"
2447,180.0,2025-04-15,283.5657525743757,675,0,30,0.2788815305371597,0.011956781127651084,3.2427514650854445,298.7855082466489,0.6809568248392721,"{""type"":""Point"",""coordinates"":[84.04831065885912,23.43446426331569]}"
2448,294.80137865610516,2025-04-15,286.9294639769055,424,0,10,0.2932098765432099,0.009441956856448996,1.105403463341321,302.775771686009,0.23390559120534019,"{""type"":""Point"",""coordinates"":[83.34641236879469,22.45412593699954]}"
2449,342.2295303628531,2025-04-15,282.1508065178281,459,0,30,0.24785836664762992,0.0013626068617895726,8.221773552203484,302.882222811381,0.14734685265115133,"{""type"":""Point"",""coordinates"":[80.52173550084805,23.408635177548263]}"
2450,180.0,2025-04-15,284.42736553010485,364,0,40,0.2891215823152996,0.0036437064196661595,0.9274099368670311,303.31715933481854,0.5479380894499735,"{""type"":""Point"",""coordinates"":[81.38896676899303,22.254203523451412]}"
2451,28.025576627477058,2025-04-15,286.8611394791376,665,0,40,0.26417910447761195,0.009781792738635886,2.1004544302692274,302.14065147581556,0.7831776876880933,"{""type"":""Point"",""coordinates"":[81.5822134923885,20.057352749557037]}"
2452,180.0,2025-04-15,285.73509316217326,282,0,40,0.4014084507042254,0.005058690884311545,3.242751465064752,304.2776085535685,0.31378706306796633,"{""type"":""Point"",""coordinates"":[81.5161425557576,21.58174013118322]}"
2453,172.21089402580347,2025-04-15,284.5792035602388,397,0,10,0.3073661897191309,0.004064142682750571,3.7391945104928723,302.3591631480626,0.6582422096884653,"{""type"":""Point"",""coordinates"":[83.53966009854413,23.962204443004055]}"
2454,353.1288889507619,2025-04-15,285.16898336864654,517,0,10,0.37061048082117776,0.00587025282641207,4.196382988466592,302.7175150825864,0.15641545685476996,"{""type"":""Point"",""coordinates"":[82.71005815647231,22.76955432012471]}"
2455,39.10066122666146,2025-04-15,284.8849373772031,506,0,10,0.3060590367685137,0.0051283091094092015,2.3889347203442863,302.3024643943424,0.09984476242218478,"{""type"":""Point"",""coordinates"":[82.91708891377036,22.653609178747068]}"
2456,295.16609755033085,2025-04-15,288.56534567333404,254,0,40,0.2757475083056478,0.005352437474925864,3.2680717655001428,304.3784560703096,0.7302566806374015,"{""type"":""Point"",""coordinates"":[82.87441192951681,20.00100664729563]}"
2457,151.49898198586126,2025-04-15,281.8902910323371,668,0,40,0.21128969031752254,0.003982856848438132,1.0552764548518443,301.04288478124715,0.27279597773296327,"{""type"":""Point"",""coordinates"":[81.03605185980634,22.9501274362658]}"
2458,58.424445228298254,2025-04-15,281.35891896202446,691,0,30,0.31752577319587627,0.004044875481326926,1.770733083157139,300.7976164590745,0.33321498321191134,"{""type"":""Point"",""coordinates"":[80.9665063760743,22.791148153894405]}"
2459,301.6180281239532,2025-04-15,287.685445422218,413,0,10,0.3577579915340826,0.013526782372196067,1.7686017830099805,301.710830279759,0.5265168110232883,"{""type"":""Point"",""coordinates"":[83.98793469097836,22.563636819618438]}"
2460,312.6081916423226,2025-04-15,280.9931498027983,958,0,10,0.2790981109079829,0.0035671293522909764,0.6849870758215763,301.1593456722441,0.4471500086105478,"{""type"":""Point"",""coordinates"":[80.95986938452475,23.101646328449487]}"
2461,114.97943248990116,2025-04-15,287.7485557737804,243,0,40,0.21894273127753303,0.0073877870823935154,1.0980262731178039,304.1661990483602,0.5893804053809761,"{""type"":""Point"",""coordinates"":[83.12056280883829,21.292457139108553]}"
2462,208.69078690298494,2025-04-15,282.5851617540632,366,0,10,0.2425573450463641,0.0019120275761679295,2.1136467538365187,302.8686846324376,0.43970520455391293,"{""type"":""Point"",""coordinates"":[80.29974129663975,23.989641115016166]}"
2463,87.47670331103505,2025-04-15,282.430562609718,747,0,10,0.31626016260162604,0.004587411859233725,10.417216722949385,302.0988278616042,0.6866045181174356,"{""type"":""Point"",""coordinates"":[80.93720379691163,22.265736533129708]}"
2464,320.60809853093525,2025-04-15,290.8202575501942,624,0,10,0.4787117903930131,0.017904937246044028,5.384690383561572,302.7038373947144,0.8020575874717705,"{""type"":""Point"",""coordinates"":[81.67679017848154,18.709940924464995]}"
2465,90.0,2025-04-15,286.42833046686076,281,0,40,0.2015818725951261,0.008456408956249106,1.4941040118488156,303.86729535602393,0.4893967326671142,"{""type"":""Point"",""coordinates"":[81.97322183660991,21.41785834785662]}"
2466,-0.0,2025-04-15,286.5682114192418,273,0,40,0.6476726623644102,0.004218831637103904,0.0,304.19437985193156,0.5239937165587103,"{""type"":""Point"",""coordinates"":[81.60442660833624,21.444968835883603]}"
2467,54.47410341855089,2025-04-15,293.06974601745605,80,0,30,0.4339622641509434,0.008553311207492698,2.3928707296346055,304.49111534300306,1.297018266049871,"{""type"":""Point"",""coordinates"":[81.34686463648053,17.83044244811307]}"
2468,312.4459235490127,2025-04-15,282.73394221351265,367,0,10,0.31032499280989356,0.003034263827998984,0.6871052341374025,302.77297569456556,0.4666894681248551,"{""type"":""Point"",""coordinates"":[80.63915584499483,23.851505575643863]}"
2469,312.4298718004727,2025-04-15,284.22558330354235,559,0,40,0.18314952088229977,0.003806725123126853,2.061156649956792,301.30369091033936,0.26035857312204236,"{""type"":""Point"",""coordinates"":[82.08317072616833,23.924376089238578]}"
2470,28.56233469552027,2025-04-15,282.7738010769799,498,0,40,0.18753102352824383,0.001944169380863059,2.1110642477282813,301.48891807737806,0.25420786250354727,"{""type"":""Point"",""coordinates"":[81.70274419354622,23.292090311817997]}"
2471,180.0,2025-04-15,292.12511362348283,162,0,10,0.40312876052948254,0.00741042194624697,0.463735342881014,304.4818786893572,1.064259983394645,"{""type"":""Point"",""coordinates"":[80.89293023953125,18.5245343303031]}"
2472,121.7264887125605,2025-04-15,282.5532955896287,617,0,10,0.18953309389430478,0.0035808235194281224,1.7631868459405766,302.2899492808751,0.31811655201433603,"{""type"":""Point"",""coordinates"":[80.41062967254695,21.97025255322573]}"
2473,121.7032614102709,2025-04-15,289.9546511513846,248,0,50,0.13614070691696262,0.01489420233031069,3.525346581433218,303.0445123854138,0.9503576774822214,"{""type"":""Point"",""coordinates"":[84.04662560471438,22.098595385118514]}"
2474,35.58302954926212,2025-04-15,284.8057137443906,335,0,10,0.3408939292861908,0.003533303716380942,1.7101551242841682,304.443746248881,0.6854208252844527,"{""type"":""Point"",""coordinates"":[80.54289280333609,21.28724615554145]}"
2475,180.0,2025-04-15,281.5200634002686,1125,0,40,0.16883847379769382,0.004882916786868918,2.317462738066788,300.0036711465745,0.5665681130224758,"{""type"":""Point"",""coordinates"":[81.59632956586923,22.867793896423226]}"
2476,315.73169952951883,2025-04-15,282.29113506135485,510,0,10,0.38915857605177995,0.0015582293059424046,6.448807001926411,303.0160990669614,0.5013288474859661,"{""type"":""Point"",""coordinates"":[80.52686408974424,22.588572608722224]}"
2477,312.8910062464931,2025-04-15,287.6010483333043,229,0,40,0.6703831859541202,0.0066853910471991185,2.043248011184602,303.74365556807743,0.42969568418468623,"{""type"":""Point"",""coordinates"":[82.54147009192518,21.72626035444121]}"
2478,180.0,2025-04-15,283.5139250074114,494,0,10,0.35145862274260764,0.005127057411868918,7.378860558780502,302.38413524627686,0.8075486470509287,"{""type"":""Point"",""coordinates"":[83.48064729317176,23.76769872354936]}"
2479,109.15065081725079,2025-04-15,289.6055591219948,712,0,10,0.4244031830238727,0.02127705512305056,9.798742095272589,301.3014645803542,0.7048339528696359,"{""type"":""Point"",""coordinates"":[81.23212651815975,19.508037640638435]}"
2480,160.5991447421367,2025-04-15,289.7045407068162,567,0,30,0.4373727778531687,0.008769765474994529,2.9473768758358996,300.0931893757411,0.6245410275502662,"{""type"":""Point"",""coordinates"":[82.51917939106502,18.82580914309164]}"
2481,110.37189955866671,2025-04-15,284.64856274922687,447,0,30,0.27718146230584667,0.009650215485294211,2.6624259389425404,303.2917454583304,0.4844436788334269,"{""type"":""Point"",""coordinates"":[80.69086602750077,21.821658164412785]}"
2482,227.17544475787918,2025-04-15,289.5303521837507,292,0,10,0.27549256826823365,0.01328951118250643,0.6821914952383495,303.0036130178542,0.8994447591386288,"{""type"":""Point"",""coordinates"":[83.77854633167937,22.057900756665262]}"
2483,245.21773181232078,2025-04-15,285.3142702920096,384,0,10,0.3555727954486682,0.0048588365103796605,3.315312753936889,302.050429889134,0.09689682609663569,"{""type"":""Point"",""coordinates"":[83.03006251157232,22.575553861398]}"
2484,335.92526445043205,2025-04-15,290.03018942333404,627,0,10,0.45224643529728276,0.0214380174662665,9.56089092007266,301.7148004713513,0.5741722302730532,"{""type"":""Point"",""coordinates"":[80.81090042772419,19.54335269869383]}"
2485,204.9233047090056,2025-04-15,285.9643005189442,546,0,40,0.33487773487773487,0.007685497381885398,3.5749280861652295,301.15774131956556,0.3328530917867683,"{""type"":""Point"",""coordinates"":[83.71940230055968,22.736276879129488]}"
2486,313.4024447392446,2025-04-15,288.9427696409679,687,0,40,0.18998817500985415,0.010062515714366782,2.0238979023398564,301.16335074106854,0.8245736676066157,"{""type"":""Point"",""coordinates"":[81.63825276372269,18.96175471808932]}"
2487,72.49779479968913,2025-04-15,291.1528177715483,126,0,40,0.20174701831009575,0.010467052438457358,1.5416296120568926,304.2466782615298,0.9772177853236833,"{""type"":""Point"",""coordinates"":[80.36502988834464,18.91084460398036]}"
2488,312.99083084814714,2025-04-15,286.80945142110187,266,0,10,0.20533818622990596,0.011712565996845115,0.6800651132603404,303.8610813958304,0.6049122485514788,"{""type"":""Point"",""coordinates"":[82.05290871770455,21.21666211700396]}"
2489,49.24485515975159,2025-04-15,291.36506898062567,323,0,10,0.3035941881213357,0.003814041593273032,23.457795631766146,303.99373113541384,1.1690215791545069,"{""type"":""Point"",""coordinates"":[84.36516262884653,20.661708526323693]}"
2490,27.00038122206365,2025-04-15,289.4238719940186,687,0,10,0.4086674767112191,0.005393266656597007,11.801172708586453,300.1035944166638,1.1856691223182774,"{""type"":""Point"",""coordinates"":[84.2311118810522,20.17796065545386]}"
2491,90.0,2025-04-15,288.53496179126563,247,0,30,0.30321572711886474,0.008607044794757712,0.985811869914295,304.37864208221436,0.8434370854095059,"{""type"":""Point"",""coordinates"":[82.69247285428358,19.822850509779883]}"
2492,72.42979155667491,2025-04-15,289.10494877043226,1082,0,40,0.5586389164188966,0.007501021006305564,3.0695016835052416,298.40431753794354,0.2843880587118164,"{""type"":""Point"",""coordinates"":[82.54946536725586,18.206005996660934]}"
2493,61.61248370671761,2025-04-15,283.1432614099412,679,0,40,0.20219945013746563,0.006433144190509665,9.661552178690377,300.51976698920845,0.5499111677550759,"{""type"":""Point"",""coordinates"":[83.56452705713187,23.261963029823026]}"
2494,139.2512518826701,2025-04-15,287.5593351636614,244,0,40,0.6023359288097887,0.003784000852306235,3.057799599420257,303.54224536532445,0.47657116834714597,"{""type"":""Point"",""coordinates"":[82.41690135822648,21.80015469023351]}"
2495,287.4859774948631,2025-04-15,288.69836162385485,930,0,40,0.43297908810421665,0.008511915781696189,3.083794819966217,298.75053800855363,0.8947048363546289,"{""type"":""Point"",""coordinates"":[83.0652972543806,19.075680519830605]}"
2496,158.05171027796646,2025-04-15,288.12285241626563,292,0,10,0.33529254608602727,0.006967470028598655,7.948352634204066,303.4680440539405,0.6089332566167165,"{""type"":""Point"",""coordinates"":[83.03293151470756,21.475333423209293]}"
2497,287.20364611826096,2025-04-15,290.7789396558489,224,0,40,0.2269819193324061,0.014450848081310141,1.5675409161038458,303.2114406313215,1.229495952284561,"{""type"":""Point"",""coordinates"":[84.27076605604356,21.741806024125896]}"
2498,290.3849368218787,2025-04-15,289.5577482495989,213,0,40,0.16846581615963363,0.004830479600627768,2.6607979096823873,303.9375148500715,0.9526589333157742,"{""type"":""Point"",""coordinates"":[83.44118223132031,21.721461418539924]}"
2499,197.1685462852671,2025-04-15,289.6118660881406,341,0,30,0.27673533657000393,0.023806855061252463,3.39363997192646,301.8074634642829,0.7255598934420457,"{""type"":""Point"",""coordinates"":[84.13949177668314,22.363210604736068]}"
2500,114.89478550621082,2025-04-15,283.22330465770904,433,0,40,0.16827108201771274,0.010243669131000388,2.2022258543547317,303.11952749888104,0.582084591417194,"{""type"":""Point"",""coordinates"":[81.0220237579138,21.85191755633575]}"
2501,290.13104519102774,2025-04-15,284.6777259281704,421,0,40,0.1753591812635308,0.006618842461307395,5.3739353946532,301.66015947432743,0.5769717010146258,"{""type"":""Point"",""coordinates"":[82.8864465676587,23.59353348531895]}"
2502,35.025482510027445,2025-04-15,295.1648794809976,85,0,10,0.3997179125528914,0.03498062489290987,3.3938557196454915,301.6994254248483,0.6305920351560924,"{""type"":""Point"",""coordinates"":[82.95831028911986,17.973803374003328]}"
2503,65.0781875017537,2025-04-15,290.15870039803644,205,0,40,0.41944771626750427,0.006888627984722007,1.1004016448386111,303.66684427715484,1.0483049087751395,"{""type"":""Point"",""coordinates"":[83.47868193981797,21.674615739840686]}"
2504,227.21910971787239,2025-04-15,285.9940391722179,335,0,10,0.3494047619047619,0.005709975936611045,0.6827530566268962,304.1014145896548,0.254474447640759,"{""type"":""Point"",""coordinates"":[82.95133207571615,22.27281252582605]}"
2505,-0.0,2025-04-15,283.6467491331554,767,0,30,0.3335674157303371,0.0067828148390844945,6.922303189771408,302.6849048705329,0.43098457892231373,"{""type"":""Point"",""coordinates"":[80.61128593606618,21.92893552209296]}"
2506,208.67489132551347,2025-04-15,282.6860615866525,374,0,40,0.23190932868352224,0.0028056353118017796,1.0570226401997165,302.88451308295834,0.45670707314634496,"{""type"":""Point"",""coordinates"":[80.52017268756383,23.90443715546189]}"
2507,352.49923585725264,2025-04-15,291.46102205912274,491,0,10,0.344652963955913,0.0100624710108832,3.736676694445897,303.72153759002686,1.187792475170103,"{""type"":""Point"",""coordinates"":[80.65217630255002,18.310194944504804]}"
2508,270.0,2025-04-15,287.62259664989654,238,0,10,0.45915258931044034,0.0053353756453589085,1.481071861301249,304.8706028802054,1.0272382067450379,"{""type"":""Point"",""coordinates"":[80.21291027852779,20.09324816861065]}"
2509,-0.0,2025-04-15,286.8437822432745,386,0,40,0.21982025746903086,0.009936049559314597,2.317462738066788,301.708388873509,0.42834760886366086,"{""type"":""Point"",""coordinates"":[83.88370125687159,22.671216330789626]}"
2510,-0.0,2025-04-15,287.01212301708404,291,0,40,0.18770226537216828,0.00623549518843447,0.4637353428839794,304.0444484438215,0.7121635557875542,"{""type"":""Point"",""coordinates"":[81.77960860319895,20.916774326823393]}"
2511,180.0,2025-04-15,292.14123271760485,608,0,10,0.3659299823978095,0.01771676538248812,8.742673412295344,300.22470560527984,0.9011856106823739,"{""type"":""Point"",""coordinates"":[83.2500937735384,18.993107182618463]}"
2512,151.61348560642278,2025-04-15,285.66004317147394,315,0,10,0.3208653175157013,0.0037169605280951146,2.1075567553291457,304.0542838232858,0.20467411973365274,"{""type"":""Point"",""coordinates"":[82.7988828977131,22.29401790317619]}"
2513,90.0,2025-04-15,287.71995063055135,618,0,40,0.31893448524118073,0.011692494132717002,1.966635278292571,301.2505205699376,0.9907711186904502,"{""type"":""Point"",""coordinates"":[82.54275798372737,19.46290851977474]}"
2514,245.03077813843387,2025-04-15,287.17608088538765,310,0,10,0.3357183743560389,0.010260567047794211,1.0984463753215479,303.9221165520804,0.35852384224605105,"{""type"":""Point"",""coordinates"":[82.5831367769268,21.360524848062617]}"
2515,101.98393528059896,2025-04-15,287.09081186567033,415,0,10,0.3944053656142647,0.003259658792217124,11.028926352055345,303.79741882142565,0.589408762728357,"{""type"":""Point"",""coordinates"":[82.90788404753377,20.9395341144244]}"
2516,192.22713568252928,2025-04-15,282.1729361216227,782,0,10,0.2598175327251091,0.001610428073604453,2.371192249478823,302.6034316562471,0.4666245721580518,"{""type"":""Point"",""coordinates"":[80.57664964029371,22.64370343165834]}"
2517,180.0,2025-04-15,286.4792861030215,299,0,40,0.26943844492440605,0.005925849058826316,0.463735342881014,304.38614649999715,0.39915640148544207,"{""type"":""Point"",""coordinates"":[82.72429784327856,21.300469746130272]}"
2518,277.8804952731347,2025-04-15,282.3701378050305,933,0,10,0.7142068965517241,0.006101697662074912,10.042927165370793,300.593648592631,0.477865236276048,"{""type"":""Point"",""coordinates"":[81.26121889130097,22.666715150034882]}"
2519,47.27851245822594,2025-04-15,287.685445422218,380,0,40,0.32668732318469623,0.013526782372196067,0.6835191406690166,301.710830279759,0.5265168110232883,"{""type"":""Point"",""coordinates"":[83.95300631036632,22.56202758979958]}"
2520,32.959476571593775,2025-04-15,283.1617928459531,546,0,10,0.3411326774793938,0.0018545835997656468,19.64238053235261,301.79100722358345,0.2076894326285381,"{""type"":""Point"",""coordinates"":[81.52356320612874,23.50685308896114]}"
2521,215.86358770312015,2025-04-15,291.4250926971436,221,0,10,0.3306150186884132,0.010302633025844443,10.744669855001657,304.9313473928542,1.0390506965398265,"{""type"":""Point"",""coordinates"":[80.28898457887543,18.832325817145858]}"
2522,167.9970473853829,2025-04-15,288.5806509653727,288,0,30,0.24248384377634166,0.009185418465335715,4.730333214006948,304.1115115483602,0.8373861147561242,"{""type"":""Point"",""coordinates"":[80.28216619450664,19.83297368411912]}"
2523,35.21087011041988,2025-04-15,292.7048662276496,776,0,40,0.40094208922139096,0.019882485249240744,5.094885710396614,298.9019342604137,0.6413841738230655,"{""type"":""Point"",""coordinates"":[84.28280798355475,19.14673441915078]}"
2524,11.974596681539605,2025-04-15,288.33138920011976,640,0,30,0.5501340482573727,0.010364204623897422,2.368955115316073,302.04616905394056,0.9295972935025327,"{""type"":""Point"",""coordinates"":[82.20687418679643,19.442150284245514]}"
2525,35.6095595257434,2025-04-15,287.913961047218,256,0,40,0.6398532317245272,0.0065037458922461155,1.710721721797912,303.87983372097926,0.5673377812628849,"{""type"":""Point"",""coordinates"":[83.02327163335178,21.43081782434531]}"
2526,35.72977217783176,2025-04-15,287.8006332942418,272,0,10,0.3466623669783941,0.008151471593578208,3.4235383131683395,304.03020109449113,0.720177740963518,"{""type"":""Point"",""coordinates"":[83.3983537765162,22.066711318349228]}"
2527,132.84269598283922,2025-04-15,287.44947769528346,231,0,30,0.21366563987678522,0.00646127758284365,1.3637239932416427,304.05161571502686,0.6829156118346382,"{""type"":""Point"",""coordinates"":[83.1813981913828,21.967887824184505]}"
2528,232.53316628664894,2025-04-15,284.4321727752685,489,0,10,0.5008605851979346,0.003718271830280173,3.806193548639322,301.43596281324113,0.4087788248514279,"{""type"":""Point"",""coordinates"":[81.75273912968254,23.119713523482616]}"
2529,55.41780735282928,2025-04-15,284.78898429870605,777,0,10,0.3741619391438886,0.01699596641321932,4.890366212378937,299.35003112611315,0.5926023992551461,"{""type"":""Point"",""coordinates"":[84.0922725902156,23.19177651918173]}"
2530,208.332670952928,2025-04-15,283.23221579052154,572,0,40,0.3210558624923266,0.006077930309970725,1.053600484777189,303.24885227566676,0.5106217568895938,"{""type"":""Point"",""coordinates"":[80.66027634556859,21.97684579598958]}"
2531,282.98113475419257,2025-04-15,281.99569584074476,502,0,30,0.19539494723377038,0.0011786073233679417,4.1218423889029605,303.0935904639108,0.5635965684801484,"{""type"":""Point"",""coordinates"":[80.35089905372276,22.76724918078102]}"
2532,135.74864761651025,2025-04-15,284.7023666926792,620,0,10,0.3107890499194847,0.004709348061282981,6.4469640231842265,302.80722513652984,0.39079064740761993,"{""type"":""Point"",""coordinates"":[81.8425832384435,22.506790946226957]}"
2533,347.98726701386516,2025-04-15,288.20218649364654,337,0,40,0.3019578313253012,0.01190665362139498,2.3692897313113748,303.8052371342977,0.9777873497952461,"{""type"":""Point"",""coordinates"":[80.55420564221801,19.965188107671178]}"
2534,261.28466106817194,2025-04-15,281.0230163392567,621,0,10,0.36580766813324955,0.0010869502808645848,6.0978957672061345,302.538955279759,0.30669268304799724,"{""type"":""Point"",""coordinates"":[80.35648849227513,23.106822594643397]}"
2535,270.0,2025-04-15,283.42304075331907,584,0,10,0.5741330206064668,0.0055379420306280736,0.999396972002899,302.2007158824376,0.29319736323158074,"{""type"":""Point"",""coordinates"":[80.35458438721594,21.881733648039074]}"
2536,270.0,2025-04-15,290.11478414989654,136,0,40,0.2554307116104869,0.006381541469295371,0.9918713224553535,304.93920058295834,0.6662574929296236,"{""type"":""Point"",""coordinates"":[83.86101003839534,20.771924313195843]}"
2537,133.0717031088911,2025-04-15,286.2509332384382,388,0,10,0.24792332268370607,0.005326881983478415,2.7142459187162435,304.14502275557743,1.0840501080712344,"{""type"":""Point"",""coordinates"":[80.92850300781777,20.7942268647245]}"
2538,208.7024668023403,2025-04-15,283.6870148976644,354,0,40,0.2070713992051528,0.003210917093952048,2.113882415895833,302.5529817399524,0.367645639944441,"{""type"":""Point"",""coordinates"":[81.05745050829469,24.051921202338736]}"
2539,132.52669238663907,2025-04-15,283.103664125715,503,0,30,0.33264840182648403,0.002124816158016074,4.791369433541489,301.7580540520804,0.15705043125544962,"{""type"":""Point"",""coordinates"":[81.59697622584187,23.481642398889612]}"
2540,180.0,2025-04-15,296.2728942689442,37,0,40,0.3233159302177512,0.015050649621684897,1.390963080774087,302.50600792112806,1.5034127747634503,"{""type"":""Point"",""coordinates"":[83.733797753655,18.37383094218584]}"
2541,32.39901523688638,2025-04-15,290.6159699757894,329,0,30,0.3090817862518816,0.00977262852450167,2.744110227351783,303.2245660963512,0.7212126573716532,"{""type"":""Point"",""coordinates"":[80.7241840459132,19.006484449152158]}"
2542,132.93971477590853,2025-04-15,285.55381874811076,297,0,40,0.39642455306913366,0.002256855347354758,1.3612414416270602,303.8512983322144,0.38117701386289626,"{""type"":""Point"",""coordinates"":[80.27795866478223,21.47938969139391]}"
2543,99.72209141945501,2025-04-15,290.64172681172687,1032,0,10,0.7487895974546963,0.005847454049785483,16.044127856616424,301.3537571770804,1.2300936206496698,"{""type"":""Point"",""coordinates"":[83.42360288136965,19.555636103645018]}"
2544,93.61977066308283,2025-04-15,289.5408037276496,948,0,10,0.4557661927330174,0.00811123845835482,21.036722744799995,299.41021179017565,0.26546732752278035,"{""type"":""Point"",""coordinates"":[82.50771067071399,18.39265539296844]}"
2546,172.27381495909518,2025-04-15,284.29662822541735,651,0,30,0.255079006772009,0.007144346811969626,3.738636737883076,300.65758437202084,0.25711116171755916,"{""type"":""Point"",""coordinates"":[83.54707204838353,22.876079366403747]}"
2547,287.44688300470875,2025-04-15,288.08629526410783,637,0,10,0.26971428571428574,0.005431979873378623,7.6872320953357125,301.6424825305031,0.8719290786883566,"{""type"":""Point"",""coordinates"":[81.777221686969,19.46585920145691]}"
2548,84.6367829134724,2025-04-15,289.3997020721436,294,0,10,0.44755505785740946,0.0037945359732702855,4.949135265345184,303.3312206722441,1.0615261524378465,"{""type"":""Point"",""coordinates"":[83.57209546074812,20.148935042016287]}"
2549,28.59594057550098,2025-04-15,282.51668030875067,509,0,30,0.13865168539325842,0.0024209618355826024,4.217754778748107,302.4991138549079,0.3078912075075837,"{""type"":""Point"",""coordinates"":[80.86861515604971,23.476826575741917]}"
2550,244.5589798875119,2025-04-15,293.28892616998576,87,0,10,0.2128541810642709,0.008232220986087668,1.0794001402187996,304.6330191748483,1.4330127805742767,"{""type"":""Point"",""coordinates"":[80.98734451107175,17.93142565581139]}"
2551,27.906490839181895,2025-04-15,288.8906456175304,556,0,40,0.1835095137420719,0.011574819662769187,1.0494217304092373,301.97210143861315,0.8636298892053996,"{""type"":""Point"",""coordinates"":[81.92789235382048,19.251812452111515]}"
2552,144.73157483553598,2025-04-15,289.84704907735187,209,0,10,0.25336438923395443,0.010549873092372763,1.7034924039703865,303.85337352752686,0.8096155524215702,"{""type"":""Point"",""coordinates"":[80.40059608572447,19.4960351396752]}"
2553,58.38981155312475,2025-04-15,287.50994319007515,391,0,40,0.1888847164851671,0.011722490170200217,3.5346232522705874,301.7654131480626,0.47448283141842496,"{""type"":""Point"",""coordinates"":[83.90306895651638,22.6055293682046]}"
2554,244.92572888780296,2025-04-15,289.6609848567417,144,0,40,0.18996415770609318,0.007085710742671836,1.0941412218718647,304.9944519315447,0.7642841719755251,"{""type"":""Point"",""coordinates"":[83.67895109892194,20.646685106048828]}"
2555,119.17444129507447,2025-04-15,291.87865947541735,149,0,30,0.29305680793507666,0.004382401683528769,2.8516357204063025,303.57694821130656,1.0385744864819786,"{""type"":""Point"",""coordinates"":[83.94840506169324,21.488497177824005]}"
2556,46.953220950569836,2025-04-15,286.6452842894054,295,0,40,0.21480388540513956,0.0056441724087790135,0.679353892396988,304.1550557726905,0.6871842202640757,"{""type"":""Point"",""coordinates"":[81.93133870394122,20.926085285960177]}"
2557,214.57792717077874,2025-04-15,287.685445422218,501,0,10,0.4723192019950125,0.013526782372196067,6.171645711880586,301.710830279759,0.5265168110232883,"{""type"":""Point"",""coordinates"":[84.00736809430897,22.598424880194848]}"
2558,48.77390093367828,2025-04-15,290.86870783851265,487,0,30,0.38673867386738675,0.009540811159808982,16.423163357144855,300.3789152871995,0.2611956986819453,"{""type"":""Point"",""coordinates"":[82.33677322486476,18.33038936468741]}"
2559,46.63340389705222,2025-04-15,288.8047139304025,563,0,30,0.4463097877732024,0.009088858940799582,0.6753290282448795,301.4039978299822,0.9396733005735669,"{""type"":""Point"",""coordinates"":[82.44966293745614,19.169861385250858]}"
2560,234.95424103337785,2025-04-15,289.3703761327834,207,0,10,0.2496248124062031,0.005147308089931357,2.421341557228446,304.8200250807263,0.9918501259722723,"{""type"":""Point"",""coordinates"":[83.33975718664654,20.740253362815288]}"
2561,180.0,2025-04-15,292.4985092708043,165,0,10,0.372358850017319,0.008900523164470542,0.463735342881014,304.34485767001195,1.2028504707265983,"{""type"":""Point"",""coordinates"":[81.14846746380825,18.28539792897666]}"
2562,90.0,2025-04-15,282.26499457586385,513,0,30,0.057876414273281114,0.0021643936421469334,1.505249596128014,303.03899015699113,0.6399940217782351,"{""type"":""Point"",""coordinates"":[80.22428392068102,22.47555578705493]}"
2563,75.0879695541563,2025-04-15,286.1775631677537,294,0,40,0.2505516057857318,0.003996089079578269,3.599463494712499,304.5513425100417,0.3992527128829783,"{""type"":""Point"",""coordinates"":[82.71188863303048,21.24155978430245]}"
2564,47.109435327293376,2025-04-15,284.8139505840483,306,0,40,0.5936411809235428,0.007059246280391562,1.3624974935434886,303.26137901487806,0.2901169137000264,"{""type"":""Point"",""coordinates"":[80.40501741282553,21.72790709625452]}"
2565,90.0,2025-04-15,282.3461655208043,402,0,40,0.21165770979743695,0.0026138275649145726,2.0296788256659366,302.9423337209792,0.400124550342898,"{""type"":""Point"",""coordinates"":[80.20412679207978,24.000085226366732]}"
2566,144.54874124046924,2025-04-15,286.7908386048816,292,0,40,0.2779932764416861,0.004249230005939353,1.7073518768786258,304.2688136781964,0.583908037940418,"{""type"":""Point"",""coordinates"":[82.6086583558474,20.558491398636548]}"
2567,110.21107015833921,2025-04-15,281.4007309504917,836,0,40,0.19775014801657786,0.003960281589229453,5.353660944002082,300.32412315550306,0.46749069215978767,"{""type"":""Point"",""coordinates"":[81.54298547137337,23.019786624481974]}"
2568,287.18467093580915,2025-04-15,286.4728803180513,257,0,40,0.5701830863121186,0.005051836350162375,1.5692186425875816,303.93228907812215,0.38062503479665144,"{""type"":""Point"",""coordinates"":[82.13595224918299,21.90941871758132]}"
2569,87.05417138291901,2025-04-15,293.6938566480364,454,0,10,0.33054042731462085,0.030018240192134726,32.209916257280234,300.0317589441935,0.5486173896021243,"{""type"":""Point"",""coordinates"":[82.61821556573662,17.823042473813537]}"
2570,121.69680133621752,2025-04-15,290.3096141815185,250,0,40,0.30086610819253157,0.018078997709949363,1.7646650743413606,303.0279224486579,1.0142283512375931,"{""type"":""Point"",""coordinates"":[84.18884316786314,22.13397079466207]}"
2571,226.84681883995168,2025-04-15,289.7656746818906,164,0,40,0.23829588014981273,0.004354298093517173,0.6780071719774078,304.9941438493275,1.1504064538123842,"{""type"":""Point"",""coordinates"":[83.37073329760251,20.359536891264515]}"
2572,238.5496959865502,2025-04-15,283.25806563241144,577,0,30,0.4245684263197398,0.004704654195506919,1.7770538330250347,301.3947379248483,0.5682874656724186,"{""type"":""Point"",""coordinates"":[83.23672824993668,23.44886291272701]}"
2573,83.2891890471121,2025-04-15,288.14302889506024,654,0,10,0.3218739467475564,0.01924504337569033,3.962120648970721,301.54518667856854,0.7164378636000812,"{""type"":""Point"",""coordinates"":[81.17096274034941,19.72628735771708]}"
2574,227.18814653661937,2025-04-15,284.1248636699858,331,0,40,0.4291539245667686,0.004526421406467307,1.3645159203882486,303.81080005282445,0.4256969829479446,"{""type"":""Point"",""coordinates"":[81.39756908337932,22.120731030079344]}"
2575,-0.0,2025-04-15,286.91385060264946,645,0,10,0.5683139534883721,0.0079470723654822,1.390963080774087,302.11074424925306,0.7474425162533067,"{""type"":""Point"",""coordinates"":[81.59731131969912,19.871710471600235]}"
2576,287.1160349793281,2025-04-15,282.42343021574476,449,0,40,0.03943388072601556,0.001648083307941306,1.575318764233807,303.43149271465484,0.5090050060098328,"{""type"":""Point"",""coordinates"":[80.38943876712158,22.505636688762664]}"
2577,137.72521205706923,2025-04-15,284.40736343747096,718,0,10,0.4095595126522962,0.004743665435512412,3.755082834785535,300.94601908184234,0.27997196420420434,"{""type"":""Point"",""coordinates"":[82.28500950748118,23.56122473059761]}"
2578,340.23127225974525,2025-04-15,282.5532955896287,643,0,10,0.3499276410998553,0.0035808235194281224,4.426262524470922,302.2899492808751,0.31811655201433603,"{""type"":""Point"",""coordinates"":[80.37942778904498,21.957796871719633]}"
2579,137.02939217534447,2025-04-15,289.5591433388846,914,0,10,0.4183026276049532,0.00804850456972872,5.057136938795086,299.47903038206556,1.0817511626718777,"{""type"":""Point"",""coordinates"":[84.15550210035987,20.067555438241662]}"
2580,-0.0,2025-04-15,283.98510478791735,388,0,30,0.20420718396507243,0.004018455722530234,0.0,302.27817821502686,0.10454167142919309,"{""type"":""Point"",""coordinates"":[81.5736017314328,23.8957582767036]}"
2581,270.0,2025-04-15,285.2860778626941,312,0,40,0.22878912685337727,0.00215946135779177,0.9960849781305345,304.08346444084526,0.49710797880905533,"{""type"":""Point"",""coordinates"":[80.33800410342126,21.402357262316293]}"
2582,83.88731697207808,2025-04-15,295.18220183962865,339,0,10,0.5931924238265166,0.020871624329288352,24.515893485159157,300.51286711011613,1.0582146497282212,"{""type"":""Point"",""coordinates"":[84.30568795567325,18.917523555677004]}"
2583,81.07691554868819,2025-04-15,287.80230158851265,626,0,40,0.6311399443929564,0.005627095678050864,2.987105575654446,301.7324309121995,0.8621729480335127,"{""type"":""Point"",""coordinates"":[81.76112875386238,19.601200145369432]}"
2584,151.69761894847363,2025-04-15,285.8102245330811,255,0,40,0.21154787147284293,0.006625637390811789,1.0533004644853399,304.354629107884,0.2814156385197079,"{""type"":""Point"",""coordinates"":[81.77578709674212,21.79654612830455]}"
2585,28.376051933176264,2025-04-15,285.0518656231108,290,0,40,0.186965933690327,0.005025684812267173,1.0540309825933933,304.19387413206556,0.18813032882880637,"{""type"":""Point"",""coordinates"":[82.06953392084998,22.232677449635442]}"
2586,324.1853516308365,2025-04-15,282.4498322804769,462,0,40,0.1849003137334278,0.001662358620365012,1.715126901768662,303.1455866041637,0.4755435665685763,"{""type"":""Point"",""coordinates"":[80.51195734975808,22.502839082610098]}"
2587,98.91804080260162,2025-04-15,288.0385076432001,565,0,30,0.22985915492957745,0.010762676575382102,2.9887782366183,302.10170523325604,0.9570703078023084,"{""type"":""Point"",""coordinates"":[82.5493071360189,19.693383593314174]}"
2588,70.66273620461743,2025-04-15,286.3264424460275,441,0,10,0.17670915411355737,0.004835277774532187,4.193997795288914,303.128804842631,0.5635052914955521,"{""type"":""Point"",""coordinates"":[82.41598249998901,20.64213042040621]}"
2589,283.63006407988394,2025-04-15,281.5724548158191,793,0,10,0.3784011220196353,0.0036568194415167454,9.744566385950371,301.3433695747739,0.33666146895638743,"{""type"":""Point"",""coordinates"":[80.86658385624935,22.86473824692671]}"
2590,287.03281817270226,2025-04-15,281.1245555877686,648,0,30,0.200836820083682,0.0019288360859945897,4.738718996922897,301.9485767455329,0.3747347401665827,"{""type"":""Point"",""coordinates"":[80.69888743390648,23.209075501331235]}"
2591,256.8420977879401,2025-04-15,286.4064508165632,322,0,30,0.1865201465201465,0.004503265001972068,2.036370579440805,304.1891947700864,0.705294693865177,"{""type"":""Point"",""coordinates"":[81.94610412963209,20.75702114167318]}"
2592,152.6196230772247,2025-04-15,289.38703582400365,828,0,10,0.4547064030687518,0.0038860738064840916,18.636961375884187,300.82883739471436,1.0678992581533218,"{""type"":""Point"",""coordinates"":[84.04587420026441,20.06362636087334]}"
2593,-0.0,2025-04-15,281.75132270086385,727,0,40,0.15382092489340768,0.0038395225789145115,1.8543341688414132,301.3277096975417,0.34898323965942624,"{""type"":""Point"",""coordinates"":[80.98224851933293,23.029643130810616]}"
2594,124.97554794897567,2025-04-15,288.1100466591971,232,0,40,0.2677355589721063,0.008420810082157004,2.4255760518005545,304.59670035044354,0.6844734191919697,"{""type"":""Point"",""coordinates"":[83.23677125450794,21.130605020664596]}"
2595,-0.0,2025-04-15,288.82214673360187,265,0,80,-0.17473118279569894,0.006680384257037986,0.0,302.5050022942679,0.5509663791385062,"{""type"":""Point"",""coordinates"":[82.86687644664951,24.100389545838677]}"
2596,-0.0,2025-04-15,289.4219886234828,223,0,30,0.25352810101510276,0.009730085709293235,0.463735342881014,304.1134181703841,0.8464750890920731,"{""type"":""Point"",""coordinates"":[80.29373325042245,19.59926655098486]}"
2597,58.071805710311125,2025-04-15,286.0684671856108,372,0,10,0.33756476683937825,0.0057786702897146824,1.7532208764566088,304.30408618563695,1.0601633196105293,"{""type"":""Point"",""coordinates"":[80.73906488465478,20.821545182214667]}"
2598,3.9019111709977823,2025-04-15,283.16808818635485,639,0,10,0.31712530056104726,0.006599977591235984,7.395814842238746,300.88375740959526,0.7799166749671984,"{""type"":""Point"",""coordinates"":[83.5214757859846,23.604992929287427]}"
2599,133.23500925492445,2025-04-15,287.03536287943524,638,0,10,0.6309715120525932,0.008346036055286277,0.6769766939843221,302.1196379434495,0.8465158560433067,"{""type"":""Point"",""coordinates"":[81.81631715985404,19.912952573742352]}"
2600,237.65833898457828,2025-04-15,292.17866180056615,90,0,30,0.2838030173640763,0.01011633870859896,1.733206594718263,304.58301684969945,1.2242584221738193,"{""type"":""Point"",""coordinates"":[80.68740863776733,18.233254669157024]}"
2601,167.94157755652586,2025-04-15,286.7549441201346,412,0,20,0.17642857142857143,0.004695758202274192,2.369692125666973,304.1757263456072,0.9318814675594475,"{""type"":""Point"",""coordinates"":[81.57051948455722,20.572255118674107]}"
2602,270.0,2025-04-15,282.64128503345313,437,0,10,0.33708982432880347,0.0020283162381247166,1.5183931593959805,302.42843514397026,0.13481314339486267,"{""type"":""Point"",""coordinates"":[80.75754741010203,23.646202900699663]}"
2603,270.0,2025-04-15,283.4414617447626,669,0,10,0.4017094017094017,0.007238164522846091,2.513032154875942,300.7085806982858,0.1676660188758348,"{""type"":""Point"",""coordinates"":[83.12828722475803,22.766538848310287]}"
2604,110.34102910495949,2025-04-15,289.7622857775007,222,0,40,0.22930591259640104,0.014110401251514304,2.666289389049064,303.05026712871734,0.9222575269444264,"{""type"":""Point"",""coordinates"":[83.94228182539369,22.05717087394577]}"
2605,263.25198558062465,2025-04-15,289.4782630375454,584,0,40,0.2693409742120344,0.01493540404101168,3.9404454474571025,301.46917175111315,0.8275051519774566,"{""type"":""Point"",""coordinates"":[81.63094027863065,18.811670006122196]}"
2606,46.81456552387002,2025-04-15,286.67286636715846,487,0,10,0.5659356308743948,0.009497448780734885,2.708508853660628,303.35285618191676,0.739574655028739,"{""type"":""Point"",""coordinates"":[82.0914828736139,20.185140531266075]}"
2607,280.9410569762699,2025-04-15,290.0944332849412,842,0,10,0.5449038714774822,0.01338741181155001,16.62096915836147,299.1545384270804,1.0368226994494323,"{""type"":""Point"",""coordinates"":[84.27161986415986,20.12468018031643]}"
2608,-0.0,2025-04-15,285.84127689543226,371,0,40,0.21408516612073,0.005370929815967429,0.0,304.1270726067679,1.0232697282497045,"{""type"":""Point"",""coordinates"":[80.56992820566764,20.801979784926854]}"
2609,-0.0,2025-04-15,288.54047820681615,248,0,10,0.27884615384615385,0.004731982925136435,1.390963080774087,304.24050499144056,0.7301593615183316,"{""type"":""Point"",""coordinates"":[82.91306657469484,20.077947284706717]}"
2610,90.0,2025-04-15,286.7830319177537,295,0,40,0.5028132992327365,0.005980312802989829,0.496808984665111,304.012343951634,0.755286549796149,"{""type"":""Point"",""coordinates"":[81.58780211092913,21.024515354345212]}"
2611,28.210045800937515,2025-04-15,290.5634506770543,141,0,40,0.5603889457523029,0.0036455392624930028,1.0523887539777543,304.3048941748483,0.8086608174180047,"{""type"":""Point"",""coordinates"":[83.81523394465061,21.234659336983608]}"
2612,237.87395185229434,2025-04-15,287.9388750167121,657,0,40,0.23853615520282187,0.005712479331691611,1.7435748956776764,301.8662432261876,0.9087910895527885,"{""type"":""Point"",""coordinates"":[81.89346526600316,19.626708985942773]}"
2613,229.81663472276617,2025-04-15,290.0492963336763,277,0,10,0.2187604690117253,0.013732239582736838,24.897459108093784,303.17969072432743,0.7589934585281468,"{""type"":""Point"",""coordinates"":[84.09870110642292,20.630191871470252]}"
2614,180.0,2025-04-15,289.9199018024263,199,0,30,0.29389788293897884,0.008333623388011802,0.4637353428839794,303.8105152220954,1.0664555439218772,"{""type"":""Point"",""coordinates"":[83.51186191833173,21.772719956952635]}"
2615,190.95920193477295,2025-04-15,283.3956039973667,871,0,10,0.5993844575532188,0.009211018660266745,12.998392469163226,299.1132554099673,0.1812255728443349,"{""type"":""Point"",""coordinates"":[83.26425162633048,22.753511388732505]}"
2616,107.4478937175578,2025-04-15,289.34833953494115,524,0,10,0.41881366087477534,0.012620940783222068,1.5462761597461474,301.9809776941935,0.8012501805201052,"{""type"":""Point"",""coordinates"":[81.44673732030647,19.45610986492986]}"
2617,107.3811943201147,2025-04-15,289.30443491254533,191,0,40,0.26232501521606816,0.004295647123058188,1.552022907477616,304.6574274244762,0.8091865458486625,"{""type"":""Point"",""coordinates"":[83.06679995652645,20.105582235050438]}"
2618,259.43442661940014,2025-04-15,286.5269167763846,296,0,60,0.19288537549407114,0.0049445181872442845,2.527502265198117,304.00656595684234,0.6696114495552614,"{""type"":""Point"",""coordinates"":[81.71414576787903,21.154157287169575]}"
2619,97.71482355428867,2025-04-15,296.31490389506024,22,0,40,0.2603327965646806,0.013065770247180808,3.4503567403461703,302.4573774337768,1.372674755708386,"{""type"":""Point"",""coordinates"":[83.91977929039622,18.50767368731497]}"
2620,204.35372403194282,2025-04-15,290.31126503717326,467,0,30,0.3536614645858343,0.009903281905849326,3.5587071832202533,301.95288408370243,0.7932538947871505,"{""type"":""Point"",""coordinates"":[81.33090042429836,18.7708288570051]}"
2621,190.28739768108028,2025-04-15,283.3976036253429,523,0,30,0.22820629849383842,0.006088301518161643,2.8256406952438895,301.6747672217233,0.3988231447135659,"{""type"":""Point"",""coordinates"":[82.93986712071897,23.327467833042704]}"
2622,328.69913255699385,2025-04-15,289.4203493935721,414,0,10,0.3717244625764946,0.018862932899196494,3.793632733085431,303.1566833768572,0.7705913059279426,"{""type"":""Point"",""coordinates"":[81.09529246271256,19.981333397902958]}"
2623,218.78662954321072,2025-04-15,286.64427866254533,296,0,40,0.21032649962034927,0.005081817486484397,2.37838864357485,303.958138920012,0.8178913069126207,"{""type"":""Point"",""coordinates"":[81.34642932781156,21.05115320594576]}"
2624,199.95341349095239,2025-04-15,283.48717417035783,607,0,30,0.21502641361768735,0.005498796680171836,2.95754107370504,301.24501578013104,0.2878849262046184,"{""type"":""Point"",""coordinates"":[82.58217752441091,23.343312140636243]}"
2625,90.0,2025-04-15,289.20739482697985,256,0,10,0.3106239460370995,0.003740087130267966,1.9801733763671703,304.7284607206072,1.0910627934829473,"{""type"":""Point"",""coordinates"":[83.18700585667203,20.54424939047397]}"
2626,215.5932882725868,2025-04-15,287.6867998213995,253,0,40,0.17724701445631677,0.004831522681911338,1.7103741306441205,304.27166779836017,0.5109584233460122,"{""type"":""Point"",""coordinates"":[83.01779698179298,21.34271286457865]}"
2627,21.69084822426391,2025-04-15,287.5871439434233,764,0,30,0.29352055489764844,0.006865009644229758,7.934249000521877,300.233779498509,0.835678187833174,"{""type"":""Point"",""coordinates"":[83.05029484625877,19.478097098954784]}"
2628,-0.0,2025-04-15,293.7080342429025,135,0,40,0.4194932296554498,0.011749207952220786,0.0,301.2859849021548,0.6304449207370375,"{""type"":""Point"",""coordinates"":[83.22927095204652,18.29250147611389]}"
2629,271.55807014049094,2025-04-15,291.25630433218817,1133,0,10,0.5858974358974359,0.01827184853812014,16.57709120674883,299.1053440911429,0.5437060967693246,"{""type"":""Point"",""coordinates"":[82.12352105958243,17.823003726100254]}"
2630,90.0,2025-04-15,285.44335092817033,368,0,40,0.37405159332321697,0.004480123498638022,0.496808984665111,304.61497602008643,0.9790454499011505,"{""type"":""Point"",""coordinates"":[80.55903178482511,21.024757812861736]}"
2631,-0.0,2025-04-15,288.5197320665632,578,0,40,0.14376869391824526,0.010796561815936911,0.9274099368611016,301.988174029759,0.8434628430770184,"{""type"":""Point"",""coordinates"":[82.06225985090693,19.178794025535048]}"
2632,37.04851451420647,2025-04-15,288.922040939331,718,0,40,0.4028901734104046,0.015396878102023948,4.060490825825929,301.5769133340745,0.8557533153711929,"{""type"":""Point"",""coordinates"":[81.80032619593368,18.875816438998882]}"
2633,340.64250202473863,2025-04-15,291.226711000715,384,0,10,0.22587968217934165,0.009893715360362876,1.4742717137337888,303.88979117075604,1.1520189192932015,"{""type"":""Point"",""coordinates"":[80.63215983407582,18.414332798727443]}"
2634,90.0,2025-04-15,292.9766296205067,143,0,10,0.375,0.009640753247936118,1.9500207062681374,304.5200518199376,1.3835123560693379,"{""type"":""Point"",""coordinates"":[81.03215997820686,18.02924494795756]}"
2635,-0.0,2025-04-15,285.76943561009,337,0,40,0.2655334952149693,0.009593903997142661,1.3909630807829783,304.22646690550306,0.7151262864302933,"{""type"":""Point"",""coordinates"":[80.91658871052708,21.258110359030688]}"
2636,283.01345132358927,2025-04-15,285.2435973939441,369,0,40,0.2301660516605166,0.004675954559047568,4.111817045421309,303.47666454315186,0.406820706053101,"{""type"":""Point"",""coordinates"":[81.65696108701492,22.412948110106548]}"
2637,27.91211498902329,2025-04-15,292.15202140808105,545,0,10,0.5502526670409882,0.006007999160487998,4.190884680626581,300.9258716674079,0.7415620782258965,"{""type"":""Point"",""coordinates"":[84.02756072658156,19.29092468736531]}"
2638,151.7359576663452,2025-04-15,285.73959232511976,261,0,30,0.16425361957064402,0.005038186886508811,1.052921387584123,304.4834016618275,0.33318119100159493,"{""type"":""Point"",""coordinates"":[81.66348851932126,21.565588505649817]}"
2639,335.55238580261346,2025-04-15,287.2433532533192,769,0,40,0.2652595550484883,0.007734268882472861,3.561346784273999,300.57764575594945,0.7214070402282076,"{""type"":""Point"",""coordinates"":[83.0216959724433,19.490099784951703]}"
2640,67.55957089158436,2025-04-15,290.6582818712507,215,0,10,0.1961122432983226,0.007205337264736045,4.847899408178513,303.3582447142827,1.1135156941357005,"{""type"":""Point"",""coordinates"":[83.59458340335921,21.683158804883757]}"
2641,28.215896732633674,2025-04-15,286.69619342259,313,0,30,0.21394503747444923,0.010464742758472312,3.1545031497181384,303.96572471800306,0.48955997586597005,"{""type"":""Point"",""coordinates"":[82.28133945821799,21.270546054452478]}"
2642,336.37280561819546,2025-04-15,282.36398197355726,394,0,40,0.19397291626931146,0.0029253810431555394,2.529240665743109,303.070699373881,0.3657581909878061,"{""type"":""Point"",""coordinates"":[80.25324392433787,23.882494396091445]}"
2643,76.7319626403628,2025-04-15,288.5212899162656,583,0,10,0.2872050816696915,0.006350249030788291,4.034553304411799,301.8595351718721,0.842015541812743,"{""type"":""Point"",""coordinates"":[81.58408962194314,19.402944632735434]}"
2644,114.80557258446166,2025-04-15,282.5126519884383,512,0,20,0.16927641338388,0.0017298161770895604,1.105228436386114,303.12330005282445,0.5177344430441746,"{""type"":""Point"",""coordinates"":[80.29952836722788,22.426441874271504]}"
2645,127.26484397636608,2025-04-15,295.1648794809976,96,0,10,0.5238365493757094,0.03498062489290987,3.0606383984835692,301.6994254248483,0.6305920351560924,"{""type"":""Point"",""coordinates"":[82.97651747708137,18.00430055632407]}"
2646,289.58334214403527,2025-04-15,289.5408037276496,862,0,30,0.3609157357605847,0.00811123845835482,8.244117238751278,299.41021179017565,0.26546732752278035,"{""type"":""Point"",""coordinates"":[82.50681567139696,18.435033574979162]}"
2647,313.0440227818843,2025-04-15,286.42011687869115,319,0,30,0.1745635910224439,0.005750551798541892,1.3585867676449095,304.18376554761613,1.0039798988061208,"{""type"":""Point"",""coordinates"":[81.11740243122404,20.94039570142905]}"
2648,150.60218530349917,2025-04-15,289.6363382793608,577,0,10,0.2816326530612245,0.029100194552142966,16.5564219974763,300.91918105170845,0.5654337179809004,"{""type"":""Point"",""coordinates"":[80.91694952558683,19.455285561108113]}"
2649,225.2347605933643,2025-04-15,288.2868393489292,1033,0,10,0.5758089585982761,0.004324361660678733,34.59093610477531,301.2545837674822,0.9621888151775566,"{""type"":""Point"",""coordinates"":[83.17288955280311,19.56747816782732]}"
2650,28.074054958416497,2025-04-15,286.91810562497096,392,0,10,0.3574270557029178,0.005765393355090964,4.197163211917576,304.10068216777984,1.001019388454856,"{""type"":""Point"",""coordinates"":[80.54936191608287,20.374075668413496]}"
2651,208.4629588961203,2025-04-15,284.9661083221435,406,0,30,0.2356656948493683,0.007518693783481467,2.109077899392599,302.3808742250715,0.30347358104037264,"{""type"":""Point"",""coordinates"":[82.36894464937821,22.73394741904498]}"
2652,114.71062499128774,2025-04-15,281.1784816015334,732,0,30,0.21735959153902262,0.004655897596080649,2.217581213458179,300.8091433842977,0.4403830433711162,"{""type"":""Point"",""coordinates"":[81.28414490884258,23.023518320070146]}"
2653,180.0,2025-04-15,289.8527747562954,950,0,40,0.2709062386871003,0.02412615714331423,1.390963080774087,297.45127391815186,0.3913872103496307,"{""type"":""Point"",""coordinates"":[82.85169704151987,18.354506777772098]}"
2654,211.78265665554213,2025-04-15,282.09322420756024,798,0,30,0.2338935574229692,0.005924954989154685,3.813206041105062,300.98717421577084,0.5072227032084416,"{""type"":""Point"",""coordinates"":[81.47609436775835,22.744338600092078]}"
2655,98.70347110368178,2025-04-15,282.91197885785783,480,0,40,0.4094214353461903,0.0012970119502142552,3.061735461323662,302.08232511792863,0.4172890406305391,"{""type"":""Point"",""coordinates"":[81.41055614846171,23.29168577402189]}"
2656,50.72178882634139,2025-04-15,285.94975671314063,392,0,10,0.22289156626506024,0.0033582001711920384,5.1139820961053095,304.4137925193423,0.9228168347043071,"{""type"":""Point"",""coordinates"":[80.39253773550843,20.821627891301876]}"
2657,207.98211110611575,2025-04-15,288.53496179126563,255,0,40,0.3883863437408812,0.008607044794757712,1.0501565414872414,304.37864208221436,0.8434370854095059,"{""type"":""Point"",""coordinates"":[82.73970079493924,19.768213101504404]}"
2658,216.061166035623,2025-04-15,283.96187655131024,401,0,30,0.28685849896173243,0.0021962821271017674,1.7204812964043315,301.9577029546102,0.09695654595301148,"{""type"":""Point"",""coordinates"":[81.30268169772044,23.718906204094825]}"
2659,207.91888113988674,2025-04-15,292.82886060078937,253,0,40,0.46144496961512493,0.009995460488994468,2.09837999502885,301.8542745226905,1.1654174520888978,"{""type"":""Point"",""coordinates"":[83.42935312879364,19.337309151696914]}"
2660,316.37353395265325,2025-04-15,292.39444723583404,1004,0,10,0.7521152526869426,0.02521646020670687,31.123998381719645,298.53071262722926,0.5058818312560875,"{""type"":""Point"",""coordinates"":[82.39033361734391,17.82532354911763]}"
2661,351.2400812918703,2025-04-15,285.25264803568524,264,0,30,0.09882543539894695,0.0037823021199301365,3.280940957827332,304.3582737786429,0.243986998354385,"{""type"":""Point"",""coordinates"":[81.86349185442751,22.01478379677765]}"
2662,235.58862508605853,2025-04-15,288.3315635862804,279,0,30,0.4885306881587105,0.007539987542827475,2.4602821562245376,302.34576447804767,0.5357053413801436,"{""type"":""Point"",""coordinates"":[82.81198733858818,24.028274112623528]}"
2663,313.4119590611628,2025-04-15,289.74486460004533,552,0,40,0.2310662947865265,0.018673643448551047,0.6747636967597894,301.73065217336017,0.7439106119092636,"{""type"":""Point"",""coordinates"":[82.04501554474525,18.906750025110345]}"
2664,143.27727472542736,2025-04-15,291.9013878050305,924,0,10,0.7318287421174908,0.017109170534808982,17.382000301933182,299.6111046473185,0.3696141730457328,"{""type"":""Point"",""coordinates"":[82.29603074332455,17.95164029746107]}"
2665,238.1238762643808,2025-04-15,286.81472369602744,295,0,40,0.06318082788671024,0.004992976763446677,1.755780723742928,304.05980023883643,0.7870275601808892,"{""type"":""Point"",""coordinates"":[81.44807816434724,21.124223877762162]}"
2666,46.83039861792771,2025-04-15,288.78847857884,211,0,40,0.2719630096679277,0.004215687492092002,1.3554103960947645,304.87325936272026,0.9549218765120787,"{""type"":""Point"",""coordinates"":[83.00193068704624,20.271358746081273]}"
2667,227.0502682770822,2025-04-15,286.5682114192418,265,0,40,0.37871222076215505,0.004218831637103904,0.6805889339481631,304.19437985193156,0.5239937165587103,"{""type"":""Point"",""coordinates"":[81.63457071828816,21.428134057763465]}"
2668,199.87720106042323,2025-04-15,283.95266314915244,579,0,10,0.43410138248847924,0.006999582030971396,7.356173523003313,301.23777294158936,0.5094781765531573,"{""type"":""Point"",""coordinates"":[82.13702451399678,22.784217994271874]}"
2669,90.0,2025-04-15,283.60262943449476,655,0,10,0.2491263105341987,0.007099673130710471,2.020911896713898,300.8173279081072,0.3366285525497916,"{""type"":""Point"",""coordinates"":[82.63433965711808,23.435218983846735]}"
2671,180.0,2025-04-15,283.3849722544352,430,0,40,0.46690953248330297,0.0011841952588156346,0.4637353428839794,301.96396923065186,0.36567687872139226,"{""type"":""Point"",""coordinates"":[81.47923967536792,23.33860589343963]}"
2672,65.15302252975884,2025-04-15,290.3303545088996,266,0,10,0.3512698013578074,0.020910531261165488,3.3072426678712907,302.6892528988066,0.9193760174378602,"{""type"":""Point"",""coordinates"":[84.17504782339358,22.161909817863982]}"
2673,290.3251394871433,2025-04-15,282.8938543228876,572,0,10,0.3630352644836272,0.0017765760209158543,5.325041341608892,303.5083505085537,0.460257326438507,"{""type"":""Point"",""coordinates"":[80.24754823007189,22.17645382057537]}"
2674,-0.0,2025-04-15,291.0290268489293,264,0,10,0.3150292778139232,0.0068902075078085545,0.463735342881014,301.9167280197143,0.3881662887670707,"{""type"":""Point"",""coordinates"":[82.16843781109361,18.416014802922174]}"
2675,19.869527692967274,2025-04-15,285.9643005189442,560,0,40,0.2581172623218874,0.007685497381885398,1.4789720493423826,301.15774131956556,0.3328530917867683,"{""type"":""Point"",""coordinates"":[83.65791220397183,22.72735933482871]}"
2676,227.1113125642738,2025-04-15,288.0048336755662,216,0,40,0.16661437088170694,0.004703953840930808,2.04333695655065,304.02246997469945,0.5854827930951502,"{""type"":""Point"",""coordinates"":[82.90234659952768,21.73747824616706]}"
2677,289.48073365561356,2025-04-15,290.4697471800304,230,0,10,0.35562647426113503,0.013208165743549216,4.164401479300201,303.6465399151757,0.7465856532997669,"{""type"":""Point"",""coordinates"":[80.5245469578453,19.385305350413]}"
2678,164.7990462058085,2025-04-15,283.784089860462,424,0,40,0.17671836109515604,0.003547221400935996,3.838719657644429,302.01797081175306,0.29311382363390054,"{""type"":""Point"",""coordinates"":[82.648296578215,23.060186115320132]}"
2679,270.0,2025-04-15,290.76012338910783,316,0,10,0.3529241459177765,0.011795222737987388,0.4907006600651737,302.3964236577352,0.5958561275706771,"{""type"":""Point"",""coordinates"":[81.08937270002875,19.0832052709475]}"
2680,274.3804898489018,2025-04-15,282.9473211197626,961,0,10,0.4575371549893843,0.003842920043666709,6.049020088974244,300.3299418403989,0.4676119373490926,"{""type"":""Point"",""coordinates"":[83.51973194376829,23.185018429548865]}"
2681,199.50338331869636,2025-04-15,293.32451838538765,372,0,10,0.258765778401122,0.012693732955654013,8.786012573831126,301.1807254155477,0.6163129329207794,"{""type"":""Point"",""coordinates"":[84.29089330759291,19.758111241404354]}"
2682,227.57971151001968,2025-04-15,284.65729949587865,259,0,40,0.32155750386797316,0.009247899034221518,0.6874415638051575,303.21116161346436,0.28714109057255743,"{""type"":""Point"",""coordinates"":[84.20072750580334,23.967163928759557]}"
2683,338.9685366384472,2025-04-15,288.9278014955067,1259,0,30,0.3388145315487572,0.008638426640231955,24.271604077853077,297.6934672310239,0.31007805319575665,"{""type"":""Point"",""coordinates"":[82.49966567794564,18.14020737543781]}"
2684,58.50965872454896,2025-04-15,283.3385855356852,548,0,40,0.2503311258278146,0.005793258526523459,1.7750275402827165,301.68759623027984,0.292202095109494,"{""type"":""Point"",""coordinates"":[82.79446171945055,23.24072284491443]}"
2685,138.12784843620045,2025-04-15,291.0836387815929,192,0,30,0.5350892699310589,0.007153332212169516,3.7314039655246796,303.285298983256,1.0957793302683236,"{""type"":""Point"",""coordinates"":[83.95529157135725,21.61528647932245]}"
2686,320.6944436876142,2025-04-15,288.988429750715,941,0,10,0.4730737365368683,0.004313752033908713,22.192906601807607,301.9924348649525,1.1436383400920336,"{""type"":""Point"",""coordinates"":[83.59772012973141,20.01037826657726]}"
2687,7.572904574561376,2025-04-15,286.9783676692418,637,0,40,0.2278994322789943,0.00815059242506777,3.737297458886018,302.14659804389584,0.9657700666332869,"{""type"":""Point"",""coordinates"":[82.21118185139655,19.910806489692163]}"
2688,109.69142845455035,2025-04-15,285.21829977489654,881,0,10,0.44115755627009645,0.008156254866321433,9.544715111886656,299.5878124691191,0.3954864464062914,"{""type"":""Point"",""coordinates"":[83.77922030033834,23.034358237944218]}"
2689,222.83435806462538,2025-04-15,282.01972625369115,697,0,10,0.5327462850853054,0.0037642866160467747,4.417951230769227,301.8228617622739,0.6798984196274855,"{""type"":""Point"",""coordinates"":[81.07455764341756,22.40407531392231]}"
2690,-0.0,2025-04-15,284.92968486604235,378,0,80,-0.20366598778004075,0.00855638084669863,0.0,303.82673313504176,0.5713547525760954,"{""type"":""Point"",""coordinates"":[80.927287037534,21.533768188915346]}"
2691,194.80607046737367,2025-04-15,290.3198680877686,354,0,10,0.45822859677657846,0.005122035720546592,1.9179726995369535,302.97665291740776,0.7132660271529054,"{""type"":""Point"",""coordinates"":[80.9830963828841,18.949584065371614]}"
2692,227.37460229371763,2025-04-15,284.12763640994115,526,0,40,0.2794549826342506,0.005897581556041587,0.6847635644777117,300.9078110740298,0.48772184910878585,"{""type"":""Point"",""coordinates"":[82.05453080459469,23.020271981298993]}"
2693,324.439126635973,2025-04-15,286.1099885304769,324,0,40,0.21495327102803738,0.009427383520801413,1.7096825053963478,304.22122950780965,0.804908428406261,"{""type"":""Point"",""coordinates"":[80.93230916285923,21.166790085548243]}"
2694,172.50600600149252,2025-04-15,295.73527917407813,59,0,30,0.2705462797860269,0.008508652427394736,3.7366187514600044,302.6271714255923,1.1899245188265912,"{""type"":""Point"",""coordinates"":[83.43939352851378,18.151100023314783]}"
2695,349.7694405346762,2025-04-15,286.2540780022031,604,0,10,0.3967957276368491,0.009314447620113242,2.825134230476449,301.47175847916384,0.34393599228290656,"{""type"":""Point"",""coordinates"":[83.55057881365227,22.561771534475252]}"
2696,301.9352045405785,2025-04-15,286.315351486206,336,0,40,0.1903409090909091,0.0065289884593084935,1.752876924851146,304.1536374319167,1.0501753565983085,"{""type"":""Point"",""coordinates"":[81.07028617906929,20.779991208773847]}"
2697,47.45686626514846,2025-04-15,282.52177819751563,454,0,30,0.08636857171059126,0.0028724521185949925,2.0567166449279344,302.87998485565186,0.44742385770291065,"{""type"":""Point"",""coordinates"":[80.98148903524898,23.405432223129008]}"
2698,312.6026385051737,2025-04-15,283.7933090754917,497,0,40,0.2244131455399061,0.00264011321326052,1.369922699197063,301.81370067596436,0.3240547395788936,"{""type"":""Point"",""coordinates"":[82.40686002481164,23.127383337082254]}"
2699,160.27379191618058,2025-04-15,289.2708888280959,206,0,40,0.361009361009361,0.004928678252895224,1.4776414921898962,303.94607139769056,0.8990291928799989,"{""type"":""Point"",""coordinates"":[83.43593304481638,21.6234214441544]}"
2700,235.36002163758684,2025-04-15,286.3921104612804,778,0,10,0.3391622080125277,0.02201265094538485,2.4460717165644144,299.69471118563695,0.7358709484125137,"{""type"":""Point"",""coordinates"":[84.28118009415562,22.900983821580986]}"
2701,180.0,2025-04-15,287.0171162741525,317,0,40,0.2631826741996234,0.005744248607356894,1.390963080774087,303.83237743377686,0.842773859973642,"{""type"":""Point"",""coordinates"":[81.37551165808222,20.965246521987513]}"
2702,226.9026019748278,2025-04-15,286.9949982961019,332,0,40,0.18420763224458375,0.004700154044826377,0.6787122549130541,304.27585306621734,0.9485017196242179,"{""type"":""Point"",""coordinates"":[81.54508610128309,20.658711964298334]}"
2703,215.66973729224776,2025-04-15,288.18212627229235,218,0,40,0.16930426993132278,0.004194349029262412,1.7120096839767798,304.1363499505179,0.803563332557207,"{""type"":""Point"",""coordinates"":[83.17823680090271,21.751547431436283]}"
2704,232.01493096275345,2025-04-15,287.2515610286168,386,0,10,0.13655848132271892,0.00985461471339022,7.491994681202124,303.70451750074113,1.1728968337655905,"{""type"":""Point"",""coordinates"":[80.83649869400848,20.439908758458596]}"
2705,294.85034089687423,2025-04-15,286.7746032533192,285,0,40,0.24124168514412417,0.0032013058449820164,3.306824392757175,303.95588352566676,0.3693165888771842,"{""type"":""Point"",""coordinates"":[82.74664670936693,22.14071587301922]}"
2706,184.62822446958663,2025-04-15,283.7390284765334,551,0,10,0.49460205874968616,0.005413174607951987,12.366414370800756,301.8993591581072,0.11301645326113517,"{""type"":""Point"",""coordinates"":[81.94538435709771,23.79208725259425]}"
2707,190.19111403893058,2025-04-15,290.2513168879918,266,0,10,0.24916626965221533,0.015677213647563804,2.8247844842975205,303.0956830978394,1.0968010257634269,"{""type"":""Point"",""coordinates"":[84.2246201418691,22.009902465196394]}"
2708,295.1133836762257,2025-04-15,287.71005130949476,250,0,10,0.27387300048473096,0.006175696828563559,1.0925478451692092,304.56510157812215,1.0477998808059161,"{""type"":""Point"",""coordinates"":[80.21867429612331,20.373895194048902]}"
2709,-0.0,2025-04-15,288.9860522860573,168,0,40,0.27942631058358064,0.0075901597525671605,1.390963080774087,304.92281990959526,0.7678301024733049,"{""type"":""Point"",""coordinates"":[83.32494508930658,20.97755029290055]}"
2710,47.290263148117845,2025-04-15,282.79008293151855,874,0,10,0.5822340554278107,0.005097866037090171,2.7327396188587443,300.86249973660426,0.49474095375443283,"{""type"":""Point"",""coordinates"":[81.60465282159534,22.618408810630456]}"
2711,312.93535147291453,2025-04-15,290.03068351745605,210,0,10,0.5082290980908493,0.005041137316425193,0.6807724879055245,303.5188427425566,0.9360723566883948,"{""type"":""Point"",""coordinates"":[83.47761897843624,21.502073473287457]}"
2712,46.903542635046364,2025-04-15,286.07453582400365,386,0,10,0.22593320235756384,0.00373344121237551,4.0656977055329016,304.4248253504435,0.9097554606436578,"{""type"":""Point"",""coordinates"":[80.41871578512621,20.663507970501737]}"
2713,46.9096105835119,2025-04-15,286.9949982961019,323,0,40,0.27262391996361984,0.004700154044826377,0.6788009909483274,304.27585306621734,0.9485017196242179,"{""type"":""Point"",""coordinates"":[81.4887407799562,20.695793374454375]}"
2714,19.585617076020693,2025-04-15,289.74126643226265,144,0,80,0.11205073995771671,0.005548089721401084,1.4763475539721795,305.0161804471698,1.0815364219214314,"{""type"":""Point"",""coordinates"":[83.54666337389854,20.470045879512682]}"
2715,2.894336307686807,2025-04-15,289.3969932737804,597,0,10,0.5408572804623535,0.03280790148039614,9.658552605574481,300.8755380085536,0.6096483550156506,"{""type"":""Point"",""coordinates"":[81.01943042229156,19.63368533942101]}"
2716,252.4039553847966,2025-04-15,293.28892616998576,94,0,10,0.3720136518771331,0.008232220986087668,1.5336699881112041,304.6330191748483,1.4330127805742767,"{""type"":""Point"",""coordinates"":[80.99421936632949,17.93044230681853]}"
2717,47.12458899749263,2025-04-15,285.8102245330811,258,0,40,0.5859018659295093,0.006625637390811789,1.362885421918179,304.354629107884,0.2814156385197079,"{""type"":""Point"",""coordinates"":[81.82995752358745,21.80431918607221]}"
2718,180.0,2025-04-15,285.93966556730715,295,0,30,0.07269691910760358,0.004776269176204551,1.3909630807829783,304.17526131584526,0.4480914337009571,"{""type"":""Point"",""coordinates"":[81.80888437305177,21.47158192631547]}"
2720,-0.0,2025-04-15,285.57471021016437,294,0,40,0.40361837823766755,0.00396542248984133,0.9274099368611016,303.7828808284941,0.30629841289922943,"{""type"":""Point"",""coordinates"":[80.31745105308907,21.60765874485012]}"
2721,132.8928823867424,2025-04-15,290.6368905022031,204,0,30,0.37485970819304154,0.006774097659786094,2.043176053990187,303.40787501562215,1.1722803559084114,"{""type"":""Point"",""coordinates"":[83.99845678746864,21.71632495874966]}"
2722,90.0,2025-04-15,284.9832969847179,368,0,40,0.25410720709917256,0.004828557350833762,0.5078954170620266,302.631728717259,0.600835629925696,"{""type"":""Point"",""coordinates"":[83.52492863306452,24.06992280899266]}"
2723,151.81903349171532,2025-04-15,290.83731832958404,174,0,10,0.3788959819752159,0.003407046177585471,2.1034960065045265,304.06181730542863,0.8878745823626838,"{""type"":""Point"",""coordinates"":[83.96479724349068,21.05410020376928]}"
2724,107.37817741644945,2025-04-15,289.5831098102388,192,0,10,0.36459822705175865,0.004449307897289145,1.5522839000568152,304.79211748213993,0.8933275267743122,"{""type"":""Point"",""coordinates"":[83.16652289930957,20.134249224422533]}"
2725,-0.0,2025-04-15,286.3666326432001,309,0,40,0.20105491777846726,0.005255803444583762,0.0,304.256722904387,0.9758825312642468,"{""type"":""Point"",""coordinates"":[80.92117542298654,20.973380994617212]}"
2726,219.3311673616967,2025-04-15,284.1872299739293,393,0,10,0.3222591362126246,0.005142465212543357,2.396781386325676,301.9215933935983,0.6410536296480287,"{""type"":""Point"",""coordinates"":[82.91168042523424,23.750778448467262]}"
2727,90.0,2025-04-15,286.5345490773519,283,0,40,0.6176744186046511,0.004620179512698996,0.49727934176914684,304.12609023139584,0.6795916446355698,"{""type"":""Point"",""coordinates"":[81.6033030714225,21.165396499166594]}"
2728,233.10842519943358,2025-04-15,287.7862348102388,390,0,10,0.3789644012944984,0.010531336047847617,3.087087110540037,303.45915617261613,1.1126023445468038,"{""type"":""Point"",""coordinates"":[80.75288214089203,20.242141950254993]}"
2729,208.18221314021736,2025-04-15,286.9770248958043,305,0,40,0.1655973643142015,0.005038037874896872,1.052114781676407,303.89265691666384,0.7461023935254338,"{""type"":""Point"",""coordinates"":[81.52503510390598,21.062240066373604]}"
2730,47.18139730869319,2025-04-15,286.7746032533192,257,0,40,0.33222433460076045,0.0032013058449820164,1.3643425116454286,303.95588352566676,0.3693165888771842,"{""type"":""Point"",""coordinates"":[82.7314146679198,22.087564232109766]}"
2731,-0.0,2025-04-15,297.4191577548072,0,0,80,-0.37785588752196836,0.006020367124278891,0.0,302.0177382968721,2.7411474579142467,"{""type"":""Point"",""coordinates"":[83.83666419002738,18.16474937569885]}"
2732,215.1301014543062,2025-04-15,291.10098439171196,267,0,10,0.4835196331327028,0.015999093630512107,3.3982000474431593,303.30089491889595,0.6326131254093125,"{""type"":""Point"",""coordinates"":[82.00895460456057,18.646220867204704]}"
2733,265.8713310325182,2025-04-15,288.3107360658191,255,0,10,0.23885444346028933,0.005667999365527976,12.671712521029935,304.50354326339,0.7503756981440307,"{""type"":""Point"",""coordinates"":[82.76155302158897,20.21739962247273]}"
2734,53.48354405454062,2025-04-15,284.6756042298817,591,0,30,0.325685149776928,0.0051573514725760106,27.333258380205702,301.50596723102393,0.33337111201154684,"{""type"":""Point"",""coordinates"":[82.3191525506672,23.685583805931802]}"
2735,90.0,2025-04-15,284.01688957214355,524,0,40,0.23467453128291552,0.005773097255428183,1.0076338507058293,300.68138808295834,0.4880852384619837,"{""type"":""Point"",""coordinates"":[81.97581425731506,23.019785691654953]}"
2736,72.69862592438908,2025-04-15,291.06901359558105,104,0,40,0.5564615764764023,0.0033733695532873753,1.5589593038513874,304.44644923437215,1.0099781887707484,"{""type"":""Point"",""coordinates"":[84.19113417112563,20.856260465723796]}"
2737,151.94200390843451,2025-04-15,287.5071065085275,245,0,10,0.300421596627227,0.005148023345668662,5.240411577226663,304.7322216488066,1.0158202812195323,"{""type"":""Point"",""coordinates"":[80.31514122184781,20.27005675597858]}"
2738,19.499180325151368,2025-04-15,288.1247997283935,563,0,40,0.2642857142857143,0.01531420645972048,2.9491604257693904,301.5308114460537,0.7501479421907772,"{""type"":""Point"",""coordinates"":[81.30168502785921,19.72133579340593]}"
2739,107.35523913394805,2025-04-15,287.0138494400751,417,0,40,0.32437782805429866,0.007725208976467002,1.5542713076096963,303.8020284289405,1.1249513991354818,"{""type"":""Point"",""coordinates"":[81.2368337038206,20.35271801658065]}"
2740,303.13311124865703,2025-04-15,290.82496597653346,130,0,80,0.49449715370018976,0.003706142285068381,5.917945618183815,303.9875811168126,0.8422670124334456,"{""type"":""Point"",""coordinates"":[83.89822655611904,21.179832819618266]}"
2741,353.34311851682907,2025-04-15,292.69414729163753,145,0,10,0.3195814648729447,0.007251828887660849,4.194529082054382,304.1206842604137,1.3525697995581207,"{""type"":""Point"",""coordinates"":[80.74319810599854,17.8195143038]}"
2742,226.97799500789438,2025-04-15,286.0984557923816,330,0,40,0.24186292670018522,0.006262660005290854,1.3591458907169947,304.17974304017565,0.8946791464269708,"{""type"":""Point"",""coordinates"":[80.71681577773786,21.055516776244673]}"
2743,298.45067851018035,2025-04-15,291.0725361960275,162,0,30,0.30885458976441915,0.005867660024364341,3.8877540586237047,305.05723094940186,1.018761761730157,"{""type"":""Point"",""coordinates"":[80.22817057006259,18.518529844588283]}"
2744,72.58259265669267,2025-04-15,288.6822134653727,259,0,10,0.6897196261682244,0.006975978591640342,1.5488972842474336,304.528457232884,0.7757277660673071,"{""type"":""Point"",""coordinates"":[82.76188312490851,19.75510914078346]}"
2745,232.14606822234242,2025-04-15,286.1775631677537,290,0,40,0.3798705768965992,0.003996089079578269,3.773115750932642,304.5513425100417,0.3992527128829783,"{""type"":""Point"",""coordinates"":[82.65708776160697,21.152273654426086]}"
2746,46.42770801852058,2025-04-15,293.2610534486317,92,0,10,0.3482602118003026,0.007904186823566306,0.6727764967042581,304.6661002295358,0.9396604079220922,"{""type"":""Point"",""coordinates"":[81.54158536334613,17.942632758174522]}"
2747,-0.0,2025-04-15,286.58692886715846,372,0,40,0.21914934197978256,0.006102770545680869,0.463735342881014,304.0163199560983,1.006568966854708,"{""type"":""Point"",""coordinates"":[81.4382754948768,20.621829541064002]}"
2748,-0.0,2025-04-15,289.80813189915244,307,0,40,0.23895781637717123,0.02581264076491152,0.4637353428839794,302.0894458861579,0.7392833706301393,"{""type"":""Point"",""coordinates"":[83.93554175781506,22.28425324393084]}"
2749,64.66231193169556,2025-04-15,294.0547546205067,104,0,10,0.5478552466117088,0.012819051721294272,2.166242868101838,302.46269039880656,0.9078194950663475,"{""type"":""Point"",""coordinates"":[83.43142700043622,18.73655083191294]}"
2750,76.77430642782389,2025-04-15,289.18216696239654,315,0,10,0.33355749831876264,0.015180081107814658,2.026125884593212,303.23039640699113,0.891868600514343,"{""type"":""Point"",""coordinates"":[80.67911247185928,19.93413955295035]}"
2751,-0.0,2025-04-15,287.0138494400751,429,0,10,0.2683776932826363,0.007725208976467002,0.9274099368670311,303.8020284289405,1.1249513991354818,"{""type"":""Point"",""coordinates"":[81.22378493533127,20.443238498610526]}"
2752,55.28927479646963,2025-04-15,289.74292310078937,425,0,30,0.32817824377457405,0.02655377981920992,4.874593135956455,301.85222839173815,0.74224367136773,"{""type"":""Point"",""coordinates"":[84.35231129460011,22.539720506789262]}"
2753,334.46193959102015,2025-04-15,291.41151382809596,345,0,10,0.3050206327372765,0.00913350281973635,5.635315832952468,303.4415664218721,1.323672888973303,"{""type"":""Point"",""coordinates"":[80.2361388101771,17.945650544430464]}"
2754,139.89800513640824,2025-04-15,288.06312515622096,462,0,10,0.3188405797101449,0.006471395471294272,30.649787167499497,304.3512750807262,0.6056031054541476,"{""type"":""Point"",""coordinates"":[83.13355752300762,21.092786624049342]}"
2755,180.0,2025-04-15,283.2434520721436,554,0,10,0.34413965087281795,0.00412079689760958,2.3174627380815918,301.6189869017829,0.10570991720200136,"{""type"":""Point"",""coordinates"":[81.80338793292327,23.586894516073382]}"
2756,121.79365639624288,2025-04-15,284.92200606209894,290,0,40,0.8248339103583794,0.007561221697528708,1.7598532145052301,304.3410153616042,0.3541869064284012,"{""type"":""Point"",""coordinates"":[81.33908279470957,21.594648634696956]}"
2757,132.8492826464922,2025-04-15,287.33802168709894,267,0,40,0.46717579673960935,0.004200026371677268,1.3635550411997908,303.4341143199376,0.4413591998888395,"{""type"":""Point"",""coordinates"":[82.37364827665066,21.93470401425272]}"
2758,27.937584787723615,2025-04-15,291.8850361960275,435,0,40,0.42125579001544006,0.008415013530452597,3.146356471924967,301.0415071305775,1.265718638040621,"{""type"":""Point"",""coordinates"":[83.58264524966094,19.46604615463951]}"
2759,-0.0,2025-04-15,286.19065375555135,348,0,80,-0.15874855156431056,0.005895882823665488,0.0,303.00241556621734,0.1569095782302675,"{""type"":""Point"",""coordinates"":[82.63792397349106,22.661077280034384]}"
2760,342.3714744857434,2025-04-15,285.41515268598283,309,0,10,0.255964415689446,0.002874180653293479,12.914828323005095,304.8556637991042,0.7193016331327026,"{""type"":""Point"",""coordinates"":[80.2102491916819,21.18287986939029]}"
2761,312.74740808904596,2025-04-15,285.20338394528346,340,0,40,0.26056985294117646,0.005953520515163291,1.3661749007201887,304.0279050100417,0.23292451409025985,"{""type"":""Point"",""coordinates"":[82.06076346774329,22.43558043748595]}"
2762,144.6320025695422,2025-04-15,289.68737529572985,223,0,40,0.4530564492541679,0.004254072883327353,1.7055899776128531,304.6360418683007,0.9699727145868751,"{""type"":""Point"",""coordinates"":[83.27560522115817,20.082621525255988]}"
2763,132.75882670120149,2025-04-15,285.5566670554025,283,0,30,0.3000678886625934,0.003058746435840476,1.3658805380457582,304.1335423333304,0.10525259763316132,"{""type"":""Point"",""coordinates"":[82.72767852592358,22.380164322989962]}"
2764,331.35350543356685,2025-04-15,283.42629596165244,436,0,40,0.30183727034120733,0.003027737119396079,1.056736395850376,302.35139133816676,0.7444883186373119,"{""type"":""Point"",""coordinates"":[83.74755114581305,23.751586642673214]}"
2765,107.37777097033029,2025-04-15,289.7281293414888,608,0,10,0.43137254901960786,0.003419488647182334,20.776541827763282,303.89055846986315,1.095122813276014,"{""type"":""Point"",""coordinates"":[83.54073011987491,20.137731328193762]}"
2766,47.109435327293376,2025-04-15,290.15870039803644,207,0,10,0.4725121781489214,0.006888627984722007,0.6813450704999844,303.66684427715484,1.0483049087751395,"{""type"":""Point"",""coordinates"":[83.47066029518966,21.727737817496404]}"
2767,64.68074804416675,2025-04-15,288.61001178196494,734,0,30,0.3294431477159053,0.005728498079974997,2.1677146560010847,299.6280840465,0.5945002039482511,"{""type"":""Point"",""coordinates"":[82.74560202167984,18.87719152291723]}"
2768,282.9685949290396,2025-04-15,281.7529386792864,706,0,40,0.16744186046511628,0.00533580777903353,2.0655505557250686,300.8523795264108,0.36534246621471284,"{""type"":""Point"",""coordinates"":[81.20211257350265,22.903403385702656]}"
2769,331.52952256528783,2025-04-15,282.5349966684977,748,0,40,0.23925925925925925,0.005584731676776755,1.0549713376804633,301.3034758340745,0.5137175518870484,"{""type"":""Point"",""coordinates"":[81.46443558491579,22.777544072950015]}"
2770,65.04653173162299,2025-04-15,285.29762222653346,334,0,40,0.2185645933014354,0.006544500568111289,1.0990952345297433,303.58520830245243,0.49164893426368966,"{""type"":""Point"",""coordinates"":[80.55511552062991,21.465535795799678]}"
2771,351.7605542553557,2025-04-15,284.6466735658191,550,0,30,0.26519823788546254,0.005693346240718711,6.993790424421944,300.7786490576608,0.47849256805666773,"{""type"":""Point"",""coordinates"":[81.88506521451589,22.959490577900464]}"
2772,235.0577819053971,2025-04-15,284.8057137443906,322,0,40,0.38722044728434507,0.003533303716380942,2.4275926689807323,304.443746248881,0.6854208252844527,"{""type"":""Point"",""coordinates"":[80.46882119140278,21.313327482022252]}"
2773,170.03978037983632,2025-04-15,289.2002973102388,898,0,40,0.3448275862068966,0.0073832869317129735,2.822765752835644,298.53708934783936,0.27882954731246007,"{""type"":""Point"",""coordinates"":[82.74412194979224,18.36581581808101]}"
2774,234.79152499015686,2025-04-15,288.71178354535783,695,0,10,0.429220287660863,0.024627342798908103,24.856745391642413,301.4170709791637,0.6751944028875855,"{""type"":""Point"",""coordinates"":[80.96611504809944,19.804221683511514]}"
2775,132.79719190212586,2025-04-15,284.22445560636976,308,0,40,0.21480406386066764,0.0032230317380026463,0.6825432521140563,303.6454761595954,0.3304875151955615,"{""type"":""Point"",""coordinates"":[81.63765500118372,22.192263211568086]}"
2776,90.0,2025-04-15,286.01930191403346,304,0,40,0.13833660039204704,0.005718082168300498,0.9964868437114011,303.8718003318423,0.4497363503690642,"{""type"":""Point"",""coordinates"":[81.8756700928941,21.461320236001345]}"
2777,270.0,2025-04-15,294.82845951261976,84,0,40,0.515748667420449,0.011646732666690696,1.9553601785299652,302.76096630096436,1.1573981500112158,"{""type"":""Point"",""coordinates"":[83.51016208665878,18.504509953945668]}"
2778,240.889617497074,2025-04-15,290.60920379275365,221,0,10,0.2695984703632887,0.008162379243572104,2.857350144508987,303.1164001737322,1.136361682877045,"{""type"":""Point"",""coordinates"":[83.92037430104442,21.86704870881421]}"
2779,79.47108502040732,2025-04-15,289.5577482495989,200,0,30,0.3935660506502396,0.004830479600627768,2.5361911017850933,303.9375148500715,0.9526589333157742,"{""type"":""Point"",""coordinates"":[83.41603540836417,21.673308924117404]}"
2780,29.89985727671848,2025-04-15,289.8076378050305,311,0,10,0.3389355742296919,0.009458333232601035,7.972369297036888,303.3545884177798,1.0018202832492829,"{""type"":""Point"",""coordinates"":[83.75868003468817,21.951275927536315]}"
2781,47.59005353270178,2025-04-15,284.1578982216971,436,0,10,0.31867145421903054,0.0038429349448279027,0.6875773824124431,302.2258507410685,0.12146654343807926,"{""type"":""Point"",""coordinates"":[81.61795299942904,24.014410414832373]}"
2782,133.1590397673902,2025-04-15,287.2102780115037,366,0,40,0.31911532385466035,0.008515894391734946,2.033040974187952,303.45798778533936,1.1501843217206096,"{""type"":""Point"",""coordinates"":[81.04234757837523,20.328524994333467]}"
2783,27.75808757238074,2025-04-15,292.17866180056615,62,0,80,0.09998117115420825,0.01011633870859896,1.0479879624426307,304.58301684969945,1.2242584221738193,"{""type"":""Point"",""coordinates"":[80.6541217193501,18.19138742143089]}"
2784,329.50614821958254,2025-04-15,290.66235669453937,375,0,10,0.6465227817745803,0.003912717082698691,25.596676064801468,303.73906339917863,0.8897777901068833,"{""type"":""Point"",""coordinates"":[83.97139698225553,21.206794417510036]}"
2785,207.96003644853988,2025-04-15,289.19082232884,296,0,40,0.24466439839158677,0.00959274170656954,1.0499417441148897,303.7876822607858,0.874845002076872,"{""type"":""Point"",""coordinates"":[82.66645895245047,19.618447085140172]}"
2786,312.6537704930499,2025-04-15,284.6767377399263,631,0,40,0.32668676095525156,0.006087839582164634,1.3685956491310565,300.77756786346436,0.29042911516285386,"{""type"":""Point"",""coordinates"":[83.61201997671266,22.885632358952787]}"
2787,205.73129028922864,2025-04-15,282.3049406324114,563,0,10,0.37409120951751484,0.001366376855571616,9.186716880241502,303.34225350334526,0.5777133591897758,"{""type"":""Point"",""coordinates"":[80.33079382727026,22.750202958233164]}"
2788,71.05106721112989,2025-04-15,289.7494393303281,503,0,30,0.28461202504003497,0.010316893437106955,5.693649138557969,299.6116684959049,1.0438201477561875,"{""type"":""Point"",""coordinates"":[83.24600701177455,19.23753830168423]}"
2789,138.3008250262173,2025-04-15,283.0337992168608,609,0,10,0.3739852746837833,0.003102183320720542,13.999939853876915,302.6897353671846,0.28194219048592295,"{""type"":""Point"",""coordinates"":[80.3276161525776,21.99682582963423]}"
2790,211.24967840417682,2025-04-15,283.61100578308105,519,0,10,0.32382519656244285,0.005077019312579978,4.870254105665506,302.1389831815447,0.8384579972132465,"{""type"":""Point"",""coordinates"":[83.25082603407746,23.718116367642608]}"
2791,219.2592549030633,2025-04-15,283.5657525743757,688,0,40,0.3108182925478906,0.011956781127651084,2.3943237330673526,298.7855082466489,0.6809568248392721,"{""type"":""Point"",""coordinates"":[84.03015689442435,23.414706300316194]}"
2792,132.79673994712013,2025-04-15,286.07679703122096,286,0,10,0.2624090541632983,0.003195568897922385,2.0468728472444675,303.97699006398517,0.2605299536140438,"{""type"":""Point"",""coordinates"":[82.59383471667354,22.19506486787884]}"
2793,157.446885295644,2025-04-15,292.08923076447985,233,0,10,0.5178740051261298,0.010787621119220603,11.396672376781737,301.5192089534941,1.0109313894222811,"{""type"":""Point"",""coordinates"":[83.76295829947463,19.57204205041321]}"
2794,43.30392652259582,2025-04-15,290.4697471800304,268,0,10,0.234375,0.013208165743549216,5.716236291026636,303.6465399151757,0.7465856532997669,"{""type"":""Point"",""coordinates"":[80.54188298153156,19.415096415529494]}"
2795,47.19423037075413,2025-04-15,282.6477256956554,540,0,40,0.29172413793103447,0.002712294438083518,0.6824329293008919,303.08244137536906,0.4657043828630486,"{""type"":""Point"",""coordinates"":[80.47937843742086,22.149868718453604]}"
2796,144.69687706164993,2025-04-15,287.6432381584531,630,0,10,0.5776193088315963,0.009117379763324607,1.704222172166209,302.0534990855626,1.0182085479265777,"{""type"":""Point"",""coordinates"":[82.1924079367775,19.702077045905305]}"
2797,164.95759900263,2025-04-15,290.6186613355364,235,0,10,0.5503774204135214,0.0036850720431402806,5.7430882450905605,303.1737906592233,0.987025546344473,"{""type"":""Point"",""coordinates"":[83.59259059488684,21.524646093540234]}"
2798,-0.0,2025-04-15,293.1658734821138,45,0,80,0.04260813428018076,0.008174478986461509,0.0,304.7948320933751,1.3877904300594246,"{""type"":""Point"",""coordinates"":[80.88674230570955,17.887032134540696]}"
2799,32.401267060508964,2025-04-15,290.6877647581554,236,0,10,0.31263515600865,0.010922297814090598,2.7441785665500866,303.46306242261613,0.8659892794405762,"{""type"":""Point"",""coordinates"":[80.46981639004528,19.02019388219709]}"
2800,207.01144484377335,2025-04-15,288.5409723009382,895,0,10,0.7440393785571451,0.005665630080898154,14.759869720898683,298.9720781871251,0.5289473191104851,"{""type"":""Point"",""coordinates"":[82.62342488642963,18.737616965198146]}"
2801,11.648425289626978,2025-04-15,288.54047820681615,287,0,10,0.34862970044614405,0.004731982925136435,14.369371031678897,304.24050499144056,0.7301593615183316,"{""type"":""Point"",""coordinates"":[82.8980298397503,20.13780201629101]}"
2802,132.88846652539087,2025-04-15,284.31981577192033,356,0,40,0.23121526938874123,0.009512484052379477,0.681371928362485,304.4707354136876,0.4255423872948646,"{""type"":""Point"",""coordinates"":[81.07618081952162,21.738710272590296]}"
2803,249.6016535142296,2025-04-15,284.4894295647031,351,0,30,0.30010893246187365,0.008579567053516257,5.30684512304811,303.07323959895547,0.5124897037689724,"{""type"":""Point"",""coordinates"":[80.6617941696286,21.61871970210227]}"
2804,-0.0,2025-04-15,283.8539024534679,377,0,30,0.2790014684287812,0.001989558317859519,1.390963080774087,302.02410339173815,0.11124834511839053,"{""type"":""Point"",""coordinates"":[81.180383846593,23.749592872639536]}"
2805,162.79707394974656,2025-04-15,281.91503642854235,519,0,10,0.24868705591597157,0.002282217123706687,10.089145286738598,302.503072420756,0.4608632080610857,"{""type"":""Point"",""coordinates"":[80.7324669694776,22.65730443161195]}"
2806,208.1505046160284,2025-04-15,287.01212301708404,296,0,40,0.6477732793522267,0.00623549518843447,1.0518031331495439,304.0444484438215,0.7121635557875542,"{""type"":""Point"",""coordinates"":[81.78625262821895,20.863306722851554]}"
2807,252.58961375811808,2025-04-15,288.42187236604235,307,0,10,0.3364102564102564,0.007315024712283957,3.0967412965588523,304.358529545012,0.8240055522929152,"{""type"":""Point"",""coordinates"":[80.21837516117542,19.823409781031476]}"
2808,69.6017973679059,2025-04-15,287.8829086848668,228,0,40,0.2985966735966736,0.005835145690639365,2.659143522594254,303.8676383154733,0.6322830470812913,"{""type"":""Point"",""coordinates"":[82.98340236713496,21.619096006255912]}"
2809,151.39736036955438,2025-04-15,283.0114022209531,736,0,10,0.4025710419485792,0.003426223972041953,5.267186029871709,301.1755054564704,0.13399069829412782,"{""type"":""Point"",""coordinates"":[82.0254646217997,23.51362376989621]}"
2810,351.4006680885327,2025-04-15,290.4391075315929,370,0,10,0.42165397170837865,0.010207802036006797,3.2795405252570364,302.66890784672336,0.6864458952991738,"{""type"":""Point"",""coordinates"":[81.2849378127539,19.14831973938401]}"
2811,108.5480044511345,2025-04-15,281.53725787571494,678,0,30,0.16351118760757316,0.00405918059607302,5.811447940846009,301.1871312005179,0.42158482198339076,"{""type"":""Point"",""coordinates"":[81.02195340377483,22.675732473262876]}"
2812,207.34261755573493,2025-04-15,294.4409967150006,247,0,10,0.6430817610062893,0.010289564707477439,24.059966967068455,302.01959260304767,1.1061435555234485,"{""type"":""Point"",""coordinates"":[83.67930828192088,18.695865756235563]}"
2813,188.54599878044772,2025-04-15,292.53209023248576,102,0,40,0.23521172287469022,0.006370261290271628,3.2790813703074244,303.86005833035426,0.6717431772846542,"{""type"":""Point"",""coordinates"":[81.65266322974087,18.073956785139163]}"
2814,72.73625040768155,2025-04-15,286.61852763947985,293,0,40,0.11971472236372899,0.00835472343226229,1.5622514739789344,303.8599478857858,0.6400157650396838,"{""type"":""Point"",""coordinates"":[81.90299997529964,21.201250413808673]}"
2815,90.0,2025-04-15,286.3835655394054,294,0,40,0.6068129330254042,0.007201671579082358,1.9855297683489221,304.1562764758155,0.6431789796496027,"{""type"":""Point"",""coordinates"":[82.0371771400715,20.95235976069041]}"
2816,270.0,2025-04-15,284.31981577192033,326,0,30,0.20191213293876623,0.009512484052379477,1.9955877223877343,304.4707354136876,0.4255423872948646,"{""type"":""Point"",""coordinates"":[81.11067243295834,21.694884721068284]}"
2817,90.0,2025-04-15,290.9188322339739,132,0,40,0.352803738317757,0.0045448541428640965,0.49766143382516026,304.00718212127686,0.8692507232319736,"{""type"":""Point"",""coordinates"":[83.92219776087909,21.278572100356808]}"
2818,309.44478188000755,2025-04-15,288.58243551708404,758,0,30,0.4975031210986267,0.00503005085249697,18.981597094399596,300.72707725706556,0.7577582766664319,"{""type"":""Point"",""coordinates"":[82.82616696035939,19.160865725417572]}"
2819,72.94591175148668,2025-04-15,284.4167802901495,511,0,40,0.17600373482726425,0.005054444053371299,1.5808671766469564,300.9147923333304,0.5082119236443198,"{""type"":""Point"",""coordinates"":[81.79401816023295,23.031520241564753]}"
2820,116.82362596209111,2025-04-15,289.38703582400365,600,0,10,0.46827477713686416,0.0038860738064840916,14.096338489332986,300.82883739471436,1.0678992581533218,"{""type"":""Point"",""coordinates"":[83.96195413434997,20.10385150724238]}"
2821,287.43815852430964,2025-04-15,287.25819351559596,707,0,10,0.4482758620689655,0.006931111195285666,4.632344976646415,301.19360673995243,0.7057178677852117,"{""type"":""Point"",""coordinates"":[82.9702103319234,19.551840365623324]}"
2822,180.0,2025-04-15,289.458667845953,893,0,30,0.33817804308331173,0.009623289087016929,0.4637353428839794,299.03660106658936,0.8941871712258803,"{""type"":""Point"",""coordinates"":[84.01090478544684,19.81578791405066]}"
2823,237.99344064394677,2025-04-15,285.9931963057746,447,0,40,0.2944907788088805,0.007045418002803672,1.7493851125191189,303.71044081733345,0.874769462724148,"{""type"":""Point"",""coordinates"":[81.68936887857083,20.35729490175104]}"
2824,-0.0,2025-04-15,287.71005130949476,235,0,40,0.5049019607843137,0.006175696828563559,0.4637353428839794,304.56510157812215,1.0477998808059161,"{""type"":""Point"",""coordinates"":[80.23835629102393,20.413555775847666]}"
2825,19.484698836809923,2025-04-15,289.4219886234828,229,0,10,0.30398944939004285,0.009730085709293235,2.9488970615210857,304.1134181703841,0.8464750890920731,"{""type"":""Point"",""coordinates"":[80.33340826607406,19.592077374921494]}"
2826,151.63768708393627,2025-04-15,286.1270958128429,277,0,10,0.4063926940639269,0.006105139830310691,1.053894537930523,303.91916942596436,0.35577714979622654,"{""type"":""Point"",""coordinates"":[82.98991704968323,22.152121201854833]}"
2827,288.23523527426664,2025-04-15,281.5056009746733,664,0,10,0.34995266645629536,0.0031942426945761326,7.369087382079916,301.4360558191935,0.41677933299387265,"{""type"":""Point"",""coordinates"":[80.94278765622578,22.70492160437328]}"
2828,86.73021087585865,2025-04-15,290.5073332105364,318,0,10,0.38029782359679265,0.016922667601306784,15.844402898624292,302.67394760676785,0.6066537929182318,"{""type"":""Point"",""coordinates"":[80.74335020698855,19.497212325481325]}"
2829,151.50105298074868,2025-04-15,284.78089859372096,425,0,40,0.2102483864658713,0.005904763915737021,2.1097960750093336,301.8753287451608,0.4761587015602387,"{""type"":""Point"",""coordinates"":[82.27318246146585,22.938157254590223]}"
2830,332.1552792021293,2025-04-15,280.9070088522775,977,0,10,0.3421423989737011,0.0038184970404699925,17.76445745558339,300.7924255643572,0.4655717505460451,"{""type"":""Point"",""coordinates"":[81.06103944942952,23.14710468427345]}"
2831,324.9319743110676,2025-04-15,292.4985092708043,158,0,30,0.2213464696223317,0.008900523164470542,1.6993019354104006,304.34485767001195,1.2028504707265983,"{""type"":""Point"",""coordinates"":[81.08691762120282,18.250745893823517]}"
2832,180.0,2025-04-15,286.34568305242624,283,0,40,0.08014212396367944,0.005380213239391196,2.7802885155465065,303.995748202006,0.5087918660907285,"{""type"":""Point"",""coordinates"":[81.76647783430163,21.443189250284195]}"
2833,11.442630610097698,2025-04-15,288.74367296128054,404,0,10,0.49145436955820704,0.0029331147458151463,9.838300474300977,302.9545058749971,0.910286623469872,"{""type"":""Point"",""coordinates"":[83.22361864345666,19.772132136413816]}"
2834,57.91590355893897,2025-04-15,289.1615196409679,381,0,30,0.30160471814565903,0.0035945921923712376,3.4879845165359997,302.77067379724406,1.1021158765556147,"{""type"":""Point"",""coordinates"":[83.38611811127582,19.886723679441026]}"
2835,248.56490791334392,2025-04-15,285.3322495051793,545,0,30,0.27020958083832336,0.016748964765270102,3.8013573241508483,300.19699564434234,0.8069595250686155,"{""type"":""Point"",""coordinates"":[84.36452558043386,23.64141311710868]}"
2836,144.9750256836689,2025-04-15,292.7052731286912,131,0,10,0.4050251256281407,0.009570404865939963,1.698407100874651,303.3508449281965,0.6557570661848807,"{""type"":""Point"",""coordinates"":[81.66703829671225,17.969979847842108]}"
2837,160.34077415911796,2025-04-15,288.1100466591971,225,0,40,0.2208927749654855,0.008420810082157004,1.477023625473976,304.59670035044354,0.6844734191919697,"{""type"":""Point"",""coordinates"":[83.1858228331915,21.083717687086356]}"
2838,270.0,2025-04-15,284.8339177994501,500,0,40,0.18696322395948028,0.007566541412074912,1.5087146118548547,301.2808230717977,0.487133849050262,"{""type"":""Point"",""coordinates"":[82.20263511690995,22.792054414723065]}"
2839,121.79887182210962,2025-04-15,287.45693561009,287,0,30,0.2854532677442024,0.008353799560268271,1.7595949934177217,303.61023271651493,0.419543453681734,"{""type"":""Point"",""coordinates"":[82.7055234089053,21.56527621915082]}"
2840,331.5695538384304,2025-04-15,282.2852582477388,449,0,40,0.24595300261096606,0.0018383860375479344,2.1084302127244627,303.123439561753,0.5750563189674591,"{""type"":""Point"",""coordinates"":[80.32477893824498,22.54827138963148]}"
2841,-0.0,2025-04-15,289.1386111123221,197,0,10,0.22139303482587064,0.004523947813709128,1.8543341688295631,305.1690415427798,0.8107961284514307,"{""type"":""Point"",""coordinates"":[83.45431683286427,20.901795804219738]}"
2842,125.59905544437497,2025-04-15,284.1650596800304,420,0,30,0.2350826743350108,0.0035814195658758763,5.559134506575344,302.2257926123483,0.31558331896597325,"{""type"":""Point"",""coordinates"":[82.57828237189561,23.008049411217844]}"
2843,12.28876329944463,2025-04-15,290.5282130468459,897,0,10,0.5146541617819461,0.010520026066501487,17.90376564259012,300.37245718638104,0.9675499311605354,"{""type"":""Point"",""coordinates"":[83.94693115152504,19.6630176680297]}"
2844,17.169577941069292,2025-04-15,281.49614924476265,621,0,10,0.40450948185754815,0.0023149400736883763,6.763671676171361,302.9904236112322,0.504630873849668,"{""type"":""Point"",""coordinates"":[80.56968170572564,22.371749206383736]}"
2845,119.9057743300425,2025-04-15,288.49927656991144,610,0,10,0.49262714414685527,0.02267061171789919,10.124835372758659,301.55541152045845,0.7099080382561513,"{""type"":""Point"",""coordinates"":[80.86400190812732,19.750714329939537]}"
2846,46.820685829986495,2025-04-15,288.97525778270904,201,0,40,0.3333333333333333,0.0042067169930533055,0.6776775825983261,304.80038338615776,0.8356431598836781,"{""type"":""Point"",""coordinates"":[82.98114788999793,20.21768819645077]}"
2847,107.57194290931346,2025-04-15,291.9528956640334,613,0,30,0.40306462358427714,0.010808929779727805,25.76064907262581,300.94928010304767,0.2505943304280011,"{""type"":""Point"",""coordinates"":[82.21004381596238,18.187648857595917]}"
2848,227.01412075539298,2025-04-15,285.8506821223668,344,0,40,0.19995032290114256,0.008133351781566489,0.6801281616745471,304.1057103020804,0.8119464642940926,"{""type"":""Point"",""coordinates"":[80.83125671883595,21.242554402010608]}"
2849,290.5442681387134,2025-04-15,287.54094904945015,276,0,30,0.31786542923433875,0.0055362880017355565,2.6410719223311117,304.44937892187215,0.9241029772590403,"{""type"":""Point"",""coordinates"":[82.86991331771362,20.460109272638203]}"
2850,180.0,2025-04-15,285.70799936567033,289,0,40,0.11011508176862507,0.005519837119777549,0.9274099368670311,304.3558963139852,0.5459137528020166,"{""type"":""Point"",""coordinates"":[81.40949624083541,21.40265658959391]}"
2851,47.27724715972525,2025-04-15,284.97058423360187,688,0,10,0.36155913978494625,0.008571624734599936,2.049730790849276,302.13865184783936,0.24620440911947547,"{""type"":""Point"",""coordinates"":[82.4055978029845,22.55528652318239]}"
2852,55.22491504182371,2025-04-15,286.1828180040632,306,0,10,0.5239091452480574,0.006537973859508384,2.437768241370089,303.65524178459526,0.2305201240054432,"{""type"":""Point"",""coordinates"":[82.39408186929386,22.206001270025393]}"
2853,13.897032923539946,2025-04-15,290.3198680877686,554,0,10,0.34512588766946417,0.005122035720546592,21.39939146085696,302.97665291740776,0.7132660271529054,"{""type"":""Point"",""coordinates"":[81.00903898547786,18.926799436036983]}"
2854,192.26333481888898,2025-04-15,281.30980019342326,664,0,30,0.17439146382127377,0.002715334274967063,2.3715170406665793,301.7854326793126,0.4448825791373589,"{""type"":""Point"",""coordinates"":[80.80009337588722,23.05765994225148]}"
2855,210.55781855594012,2025-04-15,290.2527061644055,512,0,10,0.528504898024731,0.006524115779598105,9.6027797350373,301.86590607961017,1.3174727488850961,"{""type"":""Point"",""coordinates"":[83.60323361584568,19.784369421734016]}"
2856,284.3480801287692,2025-04-15,283.50404312497096,655,0,10,0.4145185185185185,0.00693093238135134,9.274923902863728,300.928597904387,0.21131447288584324,"{""type"":""Point"",""coordinates"":[83.08535477562592,22.94982448664329]}"
2857,352.4900127098311,2025-04-15,290.82851764133994,561,0,10,0.608193883439123,0.008588179924686301,7.441990752987797,302.5636425472441,1.0435807030590958,"{""type"":""Point"",""coordinates"":[81.3282674019984,18.52330573351177]}"
2858,50.467595694732246,2025-04-15,289.84045146760485,843,0,10,0.6605033384694402,0.015524521448810447,28.1053288888986,301.77150503794354,0.7343497224137441,"{""type"":""Point"",""coordinates"":[81.29159271395135,19.407106657837286]}"
2859,160.28349662729318,2025-04-15,286.2207702455067,281,0,40,0.1533004689190814,0.0067841857459143284,1.4775518156197114,303.78812985193156,0.44877460491266685,"{""type"":""Point"",""coordinates"":[82.00910082436411,21.546794108201414]}"
2860,183.5518797127455,2025-04-15,291.36327861604235,300,0,30,0.2678323619206217,0.015789031961162436,7.849367963817653,304.0673279081072,0.7528808789255603,"{""type"":""Point"",""coordinates"":[81.78658703200497,18.61669380258525]}"
2861,53.17135558492027,2025-04-15,286.5287536439441,361,0,10,0.3226029768085843,0.004166930892665732,3.0916041672316243,304.5131345022292,0.9217419682962008,"{""type"":""Point"",""coordinates"":[80.43053448055304,20.594105412746185]}"
2863,300.384385653288,2025-04-15,286.4953528812954,553,0,10,0.33898858075040783,0.006503507473667014,4.574543851241918,302.8111953281221,0.5970284676290071,"{""type"":""Point"",""coordinates"":[82.25505885804692,20.26027989743682]}"
2864,-0.0,2025-04-15,286.2404061272031,255,0,30,0.16709511568123395,0.002583175876338828,0.4637353428839794,304.7476780755179,0.917894437007241,"{""type"":""Point"",""coordinates"":[80.26916220577571,20.888118621675805]}"
2866,96.61798682580795,2025-04-15,285.07620993114654,270,0,40,0.23506493506493506,0.005879983284671653,4.017261027060905,304.5728385107858,0.1000487318205579,"{""type"":""Point"",""coordinates"":[81.57216860703201,21.847241255255653]}"
2867,250.65203545655277,2025-04-15,286.67135502043226,370,0,40,0.20230263157894737,0.0065071731593207005,4.191774953794299,304.1132379713513,1.0414451739314565,"{""type"":""Point"",""coordinates"":[81.2752750489548,20.55113376217277]}"
2868,47.03161065145941,2025-04-15,288.6549569084531,246,0,10,0.34006534006534006,0.009242743232448447,2.0402860823813502,304.08024992261613,0.7250986530025669,"{""type"":""Point"",""coordinates"":[83.31525517162845,21.332895920263322]}"
2869,244.80856779715384,2025-04-15,289.33889361790256,314,0,10,0.3440807686044618,0.012754261472423423,3.265006009104671,303.6385820933751,0.8355519064751059,"{""type"":""Point"",""coordinates"":[80.48264040799391,19.81979470793222]}"
2870,180.0,2025-04-15,289.18216696239654,294,0,40,0.31025957972805934,0.015180081107814658,2.3174627380815918,303.23039640699113,0.891868600514343,"{""type"":""Point"",""coordinates"":[80.69361699503601,19.87712868778906]}"
2871,132.42188704546345,2025-04-15,284.72489157177154,244,0,30,0.2861648155765803,0.008255407192905295,0.687420577256973,303.0288292566935,0.3508239574215775,"{""type"":""Point"",""coordinates"":[84.14452243117238,23.960740651648354]}"
2872,203.19338916518515,2025-04-15,286.1453075408936,310,0,40,0.3345367027677497,0.004117652752597678,2.5209739837869476,304.77060985565186,0.4702047649109409,"{""type"":""Point"",""coordinates"":[82.57214026323133,21.002231191016357]}"
2873,313.41423805218193,2025-04-15,291.1528177715483,119,0,40,0.1803501153480798,0.010467052438457358,2.0234579203496823,304.2466782615298,0.9772177853236833,"{""type"":""Point"",""coordinates"":[80.3569256793899,18.892744781123064]}"
2874,245.00271623363057,2025-04-15,286.7195902324858,268,0,40,0.23346508563899868,0.003402054288585532,4.381148510574791,304.47133413950604,0.4131685439856985,"{""type"":""Point"",""coordinates"":[82.8212968768512,21.172315055715416]}"
2875,345.0444591008293,2025-04-15,286.3104105449858,383,0,10,0.24691358024691357,0.004739329197605002,3.834305656842044,304.21284153347926,0.9571161439816914,"{""type"":""Point"",""coordinates"":[80.50386886548208,20.62281800086073]}"
2876,326.8329511828819,2025-04-15,283.5657525743757,1041,0,10,0.3554441028959715,0.011956781127651084,5.522874647940342,298.7855082466489,0.6809568248392721,"{""type"":""Point"",""coordinates"":[84.01494968543845,23.357623331700566]}"
2877,270.0,2025-04-15,287.9213317689441,306,0,40,0.21495755907318193,0.01072591541071688,2.503641359561623,303.3747183935983,0.6588862064969425,"{""type"":""Point"",""coordinates"":[83.46757328856334,22.248215276895532]}"
2878,10.25113468685678,2025-04-15,282.0534641629173,873,0,40,0.22981504042529627,0.004843741634090293,2.825317227321753,300.3403991971697,0.5438225538183693,"{""type"":""Point"",""coordinates"":[81.7094124082627,22.842806407974148]}"
2879,339.96265623205613,2025-04-15,282.9294116610572,364,0,40,0.2100104275286757,0.0027927607085302952,1.4805448567289294,302.7100804192679,0.43675847062480794,"{""type"":""Point"",""coordinates"":[80.70983669515411,23.939438703534258]}"
2880,229.4487048928408,2025-04-15,289.0336422693162,635,0,30,0.30526597166533015,0.024309232809741843,7.096620714008682,301.4313183284941,0.6767734489306062,"{""type"":""Point"",""coordinates"":[81.07394158495107,19.74701221745071]}"
2881,180.0,2025-04-15,291.6174638838995,82,0,10,0.48451809856083733,0.007829427697856772,0.4637353428839794,305.2137309028989,1.0929769438909194,"{""type"":""Point"",""coordinates"":[80.38248507228599,18.493935127615526]}"
2882,294.67359322543064,2025-04-15,283.6132146744501,527,0,30,0.20895945562801246,0.0032686739947394017,2.2206975921907333,301.6288804099673,0.22886550184010768,"{""type"":""Point"",""coordinates"":[82.14812057530214,23.251585439982293]}"
2883,67.884293368014,2025-04-15,290.82851764133994,719,0,30,0.6641011544804838,0.008588179924686301,10.950866411378916,302.5636425472441,1.0435807030590958,"{""type"":""Point"",""coordinates"":[81.27689273302745,18.520066492864697]}"
2884,245.1623538936736,2025-04-15,284.0289512815929,325,0,40,0.21884025772050655,0.0034355670001104954,2.206964927798091,303.41693147023517,0.40826502827751254,"{""type"":""Point"",""coordinates"":[81.50995864874216,22.221668545726086]}"
2885,332.3072751259304,2025-04-15,284.77994528270904,954,0,10,0.5678824721377913,0.011083975413043845,14.846926329852765,298.96802080245243,0.4669429454025729,"{""type"":""Point"",""coordinates"":[83.85187259057831,23.102186063103368]}"
2886,58.32479377907587,2025-04-15,296.0213596707299,128,0,10,0.5663145539906104,0.009535625555713523,23.34448968670472,302.23275643303276,1.0829630289820291,"{""type"":""Point"",""coordinates"":[84.01190208899666,18.637607163003015]}"
2887,199.542978062971,2025-04-15,289.5831098102388,201,0,50,0.2620146619603584,0.004449307897289145,1.4759573254723604,304.79211748213993,0.8933275267743122,"{""type"":""Point"",""coordinates"":[83.20883593743258,20.10431365403494]}"
2888,28.749643552484045,2025-04-15,288.71178354535783,499,0,10,0.4358135731807032,0.024627342798908103,15.970541244836435,301.4170709791637,0.6751944028875855,"{""type"":""Point"",""coordinates"":[80.96094639048407,19.814185796838903]}"
2889,180.0,2025-04-15,290.6230268024263,189,0,40,0.7881586094513852,0.005015149691303122,0.9274099368611016,303.867074466887,0.880151973631173,"{""type"":""Point"",""coordinates"":[83.50732321835937,21.371301706067914]}"
2890,19.62116233625295,2025-04-15,285.94975671314063,395,0,10,0.2995118549511855,0.0033582001711920384,1.4766736436825367,304.4137925193423,0.9228168347043071,"{""type"":""Point"",""coordinates"":[80.37695392054559,20.769381415385546]}"
2891,235.18092843649094,2025-04-15,290.00061353047687,492,0,10,0.5089486941535198,0.0064411461140707615,25.73214761972343,301.5450064795358,1.2543015830925026,"{""type"":""Point"",""coordinates"":[83.68772331790099,19.782521603534242]}"
2892,51.706337969640046,2025-04-15,289.371242250715,859,0,40,0.17043740573152338,0.006555423119266379,3.73643457685451,299.23434915996734,0.5134054113068601,"{""type"":""Point"",""coordinates"":[82.78215359882026,18.650663055850288]}"
2893,312.5521094808801,2025-04-15,282.52177819751563,449,0,30,0.1837065012139196,0.0028724521185949925,5.469324998235211,302.87998485565186,0.44742385770291065,"{""type"":""Point"",""coordinates"":[81.03196356079997,23.363515667778444]}"
2894,344.85862272886425,2025-04-15,281.98721486046196,554,0,40,0.2041746641074856,0.0019630789544180516,1.920974855843253,302.5796337581816,0.4894642551820906,"{""type"":""Point"",""coordinates"":[80.58426821629679,22.49836688605955]}"
2895,160.66838413071193,2025-04-15,289.5988801320394,1184,0,30,0.31297185998627314,0.007869243600566733,14.430558466708794,298.83816124144056,0.2576085247792956,"{""type"":""Point"",""coordinates"":[82.41303155591997,18.16336842541496]}"
2896,283.05800993764024,2025-04-15,284.55981763203937,285,0,10,0.20103092783505155,0.004843696930606711,2.0516617973418168,304.36907409486315,0.1171485950628997,"{""type"":""Point"",""coordinates"":[81.48150041303957,21.91463404171871]}"
2897,140.7923691232925,2025-04-15,293.8239022209531,194,0,10,0.5289346435813446,0.0051617622162893895,20.08222040096515,302.11097095126195,1.090834119684528,"{""type"":""Point"",""coordinates"":[83.69897350661245,18.98416617093685]}"
2898,144.99728331394323,2025-04-15,292.69414729163753,140,0,10,0.4013921113689095,0.007251828887660849,1.6979452148794711,304.1206842604137,1.3525697995581207,"{""type"":""Point"",""coordinates"":[80.74486332097253,17.823740487559107]}"
2899,64.631747550121,2025-04-15,291.1607116517567,155,0,10,0.4066086956521739,0.005813494303424704,1.0822897745142301,305.2956865855626,1.0453742150159313,"{""type"":""Point"",""coordinates"":[80.25424386400248,18.502511345008266]}"
2900,270.0,2025-04-15,292.71990412757515,123,0,30,0.23789044816659122,0.010706081965167868,2.4373197066111443,304.55430126190186,1.3381241768757033,"{""type"":""Point"",""coordinates"":[80.96065791240233,18.053362467907455]}"
2901,9.256569641952142,2025-04-15,281.1784816015334,722,0,30,0.25621060437523174,0.004655897596080649,9.314352257258005,300.8091433842977,0.4403830433711162,"{""type"":""Point"",""coordinates"":[81.34557483853271,23.02005357134962]}"
2902,46.60385108362875,2025-04-15,291.5703621818906,147,0,10,0.2477190566362541,0.015394806840618003,0.6749605736530697,304.26261134374715,1.022074413542964,"{""type"":""Point"",""coordinates"":[80.2295956364166,18.99866634854602]}"
2903,331.29010972140065,2025-04-15,285.6424011048817,220,0,40,0.2756270447110142,0.006731376030643332,1.0573760065847204,303.21452726636613,0.4195029229152136,"{""type"":""Point"",""coordinates"":[83.97054265930203,24.09191262157379]}"
2904,28.51604602983539,2025-04-15,281.75132270086385,717,0,40,0.17515099223468508,0.0038395225789145115,1.05542676786435,301.3277096975417,0.34898323965942624,"{""type"":""Point"",""coordinates"":[80.98599008736593,23.033943073789647]}"
2905,194.83829971379862,2025-04-15,289.34908939543226,514,0,40,0.21785954678034553,0.008722349980075705,1.9182580047262205,301.9836574281965,0.8125836829265137,"{""type"":""Point"",""coordinates"":[81.53576513027289,19.325123226519647]}"
2906,23.525664790428475,2025-04-15,283.5791338057745,539,0,30,0.2572380754009581,0.0030684917952612523,2.5272880675349336,301.66312403905965,0.3213479358566915,"{""type"":""Point"",""coordinates"":[82.43009309453949,23.24664002395954]}"
2907,207.76125008688882,2025-04-15,292.0214643024263,190,0,40,0.2702770152233591,0.0075364559676245335,1.0480184023112156,303.84567147209526,0.5520734992152938,"{""type"":""Point"",""coordinates"":[81.75127990287686,18.214294803405508]}"
2908,143.8725770192287,2025-04-15,284.5792035602388,363,0,10,0.48096011550261686,0.004064142682750571,3.440758189950267,302.3591631480626,0.6582422096884653,"{""type"":""Point"",""coordinates"":[83.53474404114569,24.03275352476437]}"
2909,295.2892592718017,2025-04-15,288.9899992261614,576,0,40,0.6297270634659652,0.01017923650999819,2.1701137818161604,301.2502880550566,0.8401354784336952,"{""type"":""Point"",""coordinates"":[82.40502277262067,19.10264869992508]}"
2910,313.4507494094388,2025-04-15,289.8582214173816,548,0,30,0.358987090367428,0.011065855601032126,2.6952601151601057,301.4314694631667,0.8668087567004146,"{""type"":""Point"",""coordinates"":[81.28311372993461,18.678510349138467]}"
2911,203.18714321822083,2025-04-15,286.0282072339739,315,0,30,0.2803525732158089,0.006865709998805869,2.520856406821397,304.1794988995507,0.6248597010885214,"{""type"":""Point"",""coordinates"":[82.14941118518749,20.956818432492287]}"
2912,340.32613465887187,2025-04-15,286.5345490773519,289,0,50,0.23967852031267203,0.004620179512698996,1.477158448724579,304.12609023139584,0.6795916446355698,"{""type"":""Point"",""coordinates"":[81.63927092178811,21.203440938510383]}"
2913,331.68097295234537,2025-04-15,283.42304075331907,638,0,10,0.37264150943396224,0.0055379420306280736,5.253150899719859,302.2007158824376,0.29319736323158074,"{""type"":""Point"",""coordinates"":[80.37825389668987,21.895913171276682]}"
2914,112.28140303512959,2025-04-15,281.65113203866144,780,0,40,0.35253935253935254,0.004967763998706687,4.880560908457693,300.647347904387,0.3623091463546932,"{""type"":""Point"",""coordinates"":[81.14525767273928,22.78913827585604]}"
2915,19.59665052996809,2025-04-15,286.58562678382515,356,0,40,0.593134138588684,0.00464606282969271,2.9509391664162408,304.8129856927054,0.6004157866614162,"{""type"":""Point"",""coordinates"":[82.19370530236336,20.563549178743468]}"
2916,-0.0,2025-04-15,286.07679703122096,279,0,40,0.21021455837830721,0.003195568897922385,0.4637353428839794,303.97699006398517,0.2605299536140438,"{""type"":""Point"",""coordinates"":[82.61448117359986,22.222444055718523]}"
2917,152.25661032248453,2025-04-15,291.9560985565186,380,0,10,0.7518945634266886,0.04738187787791048,8.32463109676183,298.5803196770804,0.5082926241641987,"{""type"":""Point"",""coordinates"":[82.89772514315224,18.082443384879895]}"
2918,306.4534698410601,2025-04-15,290.598792938959,1011,0,10,0.37835638730675347,0.009281307437618125,8.522020450353573,299.6432207652501,0.8004494369380895,"{""type"":""Point"",""coordinates"":[84.17882035756608,19.919313481460737]}"
2919,156.35523384033476,2025-04-15,284.1578982216971,371,0,40,0.24494845360824744,0.0038429349448279027,2.529579714591754,302.2258507410685,0.12146654343807926,"{""type"":""Point"",""coordinates"":[81.55532082459571,23.990369489302857]}"
2920,261.1003799158635,2025-04-15,286.1946878887358,658,0,50,0.4950454730555178,0.009202778318126548,2.994903359557216,302.06321239471436,0.888982251625043,"{""type"":""Point"",""coordinates"":[81.92628145910307,20.026310668534578]}"
2921,294.7295829162094,2025-04-15,284.29662822541735,929,0,10,0.3436185133239832,0.007144346811969626,5.525543881982143,300.65758437202084,0.25711116171755916,"{""type"":""Point"",""coordinates"":[83.54518896575352,22.90592304826273]}"
2922,115.4177468250146,2025-04-15,292.00998969305124,470,0,10,0.33879867570550215,0.012529462554653037,8.57891319304477,301.0204296566191,0.26356171792342936,"{""type"":""Point"",""coordinates"":[82.06396747426972,18.11570992535761]}"
2923,283.145397469303,2025-04-15,287.1323680877685,315,0,40,0.11929986181483188,0.006314620354373801,2.038271943567967,304.10364091964,0.7642891596339373,"{""type"":""Point"",""coordinates"":[81.6952092378366,20.904832357795673]}"
2924,159.9784096363136,2025-04-15,284.40307353791735,532,0,10,0.25029655990510086,0.0039301961447790745,22.46493387463453,301.76437264397026,0.2981694339432627,"{""type"":""Point"",""coordinates"":[82.24428286785309,23.828740905818936]}"
2925,221.85904448693302,2025-04-15,284.92968486604235,593,0,10,0.22362869198312235,0.00855638084669863,27.548038720107126,303.82673313504176,0.5713547525760954,"{""type"":""Point"",""coordinates"":[80.85450691429604,21.549096623020763]}"
2926,280.54995630093765,2025-04-15,285.70799936567033,278,0,40,0.1698204754973314,0.005519837119777549,2.531196440677817,304.3558963139852,0.5459137528020166,"{""type"":""Point"",""coordinates"":[81.37072650121773,21.377017649357715]}"
2927,132.96395013334288,2025-04-15,290.6353268396287,178,0,40,0.4274099883855981,0.003671839812000144,0.6804075851635899,303.8274713697888,0.9091935077376445,"{""type"":""Point"",""coordinates"":[83.62117692433813,21.35534116549878]}"
2928,28.173764461423776,2025-04-15,288.67627271016437,175,0,40,0.2870261360960678,0.00745244322081362,1.0520316939587568,304.8438113530477,0.7330748428343201,"{""type"":""Point"",""coordinates"":[83.16210750522313,21.009198684748146]}"
2929,14.764312378868748,2025-04-15,295.16317630949476,114,0,40,0.25693055158616745,0.01108694074412142,1.9176040691761473,302.8414571398781,1.1908289114470418,"{""type"":""Point"",""coordinates"":[83.48539121778113,18.449101677294053]}"
2930,107.079336210251,2025-04-15,282.5349966684977,785,0,30,0.18833333333333332,0.005584731676776755,1.5786008470691435,301.3034758340745,0.5137175518870484,"{""type"":""Point"",""coordinates"":[81.53042429264565,22.818939446807068]}"
2931,120.43180842990368,2025-04-15,289.2839154743013,821,0,10,0.5055211419337463,0.004247173645694602,4.568124241736671,300.9713806424822,1.0942088898337319,"{""type"":""Point"",""coordinates"":[83.89424351018994,19.963816437453545]}"
2932,-0.0,2025-04-15,286.67286636715846,494,0,10,0.4854771784232365,0.009497448780734885,2.7802885155465065,303.35285618191676,0.739574655028739,"{""type"":""Point"",""coordinates"":[82.0815449130323,20.179907380154773]}"
2933,28.00554689102615,2025-04-15,288.4314984821138,256,0,40,0.2489706286027999,0.007693365194995749,1.0503848501278528,304.3221409661429,0.8236994761269291,"{""type"":""Point"",""coordinates"":[82.65892857350113,19.924392649346842]}"
2934,340.28621194890604,2025-04-15,286.3944879259382,264,0,40,0.1423929441801091,0.008308663943012107,1.4775267341599725,303.931283451262,0.4394144395171094,"{""type"":""Point"",""coordinates"":[82.14259686956184,21.524605592201375]}"
2935,160.04597118053002,2025-04-15,283.5514005933489,641,0,40,0.21592584790393932,0.004682719686229575,1.4797620077539415,301.2548279081072,0.5463391802929275,"{""type"":""Point"",""coordinates"":[83.49948239934561,23.348017529261558]}"
2936,233.21600640627207,2025-04-15,286.0796104612805,340,0,40,0.6132075471698113,0.004391536095340598,3.0948194218854015,304.4151294799079,0.5234938329866284,"{""type"":""Point"",""coordinates"":[82.50673416718479,20.840365933671674]}"
2937,90.0,2025-04-15,285.25264803568524,259,0,40,0.3092121511484317,0.0037823021199301365,2.4996110485504497,304.3582737786429,0.243986998354385,"{""type"":""Point"",""coordinates"":[81.89321384545973,22.02048958617706]}"
2938,321.1751590756497,2025-04-15,286.3353942689441,289,0,50,0.08683602771362586,0.004253059604366172,2.3796631035933,304.1755693980626,0.6193848592213274,"{""type"":""Point"",""coordinates"":[81.51792521491927,21.253720224845214]}"
2939,72.69970797915863,2025-04-15,286.42011687869115,331,0,40,0.21868724236338655,0.005750551798541892,1.559053781317467,304.18376554761613,1.0039798988061208,"{""type"":""Point"",""coordinates"":[81.11763589245977,20.866325299101558]}"
2940,58.418201951403994,2025-04-15,284.0487150464739,655,0,30,0.36917310845631296,0.00601559875269686,1.7704194145321983,301.79246044158936,0.15693630487332502,"{""type"":""Point"",""coordinates"":[82.97423468421697,22.757101800700244]}"
2941,208.68475298115527,2025-04-15,283.6371811458043,415,0,10,0.31548872180451126,0.002890676238735068,4.221313889262641,302.48596513839,0.28585737134888256,"{""type"":""Point"",""coordinates"":[81.1926865019833,23.957901123312396]}"
2942,208.5922919117338,2025-04-15,282.10769825889946,433,0,40,0.18458117123795403,0.0019290596034124974,2.111665019491412,302.76577354612806,0.16380660583076176,"{""type"":""Point"",""coordinates"":[80.55671500560959,23.457409710032916]}"
2943,331.72172940573813,2025-04-15,289.5577482495989,196,0,40,0.7981198589894242,0.004830479600627768,1.053061983704409,303.9375148500715,0.9526589333157742,"{""type"":""Point"",""coordinates"":[83.40083760853281,21.65154835000671]}"
2944,197.56584643206062,2025-04-15,290.9079156603132,472,0,40,0.27847830733062623,0.01240035889406954,4.85263581819643,302.33981209709526,0.9352672074798106,"{""type"":""Point"",""coordinates"":[81.44553968248434,18.616166278511074]}"
2945,283.2553541577514,2025-04-15,287.8144098009382,612,0,40,0.3676333021515435,0.011343494036395896,2.0216767668051188,301.9858721324376,1.017448217492095,"{""type"":""Point"",""coordinates"":[82.3457645874237,19.563777934234693]}"
2946,41.1193609222213,2025-04-15,282.4272957756406,462,0,10,0.1852340145023072,0.0015148818280295018,15.60736375440002,303.5267773128691,0.5283474840950795,"{""type"":""Point"",""coordinates"":[80.22325076026466,22.29468884717211]}"
2947,180.0,2025-04-15,283.4692763373965,540,0,40,0.20451693851944794,0.006092041709621299,1.390963080774087,301.61530735379165,0.5174871862685004,"{""type"":""Point"",""coordinates"":[82.99388560332756,23.416359381741575]}"
2948,196.98364805082957,2025-04-15,288.0731872376942,925,0,30,0.49959800611030714,0.0050264894749716404,23.753070405094824,299.5340550286429,0.8327682022032123,"{""type"":""Point"",""coordinates"":[82.99618581757186,19.182397558604077]}"
2949,207.7749314534591,2025-04-15,291.7563217708043,169,0,40,0.30497109826589597,0.008271068313320029,1.0481501455110454,303.6702331815447,0.5397187403524842,"{""type"":""Point"",""coordinates"":[81.87631629478396,18.315403661470665]}"
2950,248.19982170783447,2025-04-15,288.1571076711019,191,0,40,0.23269130661114004,0.00594124195833956,3.7408951473314715,304.78296802157445,0.6572147593830848,"{""type"":""Point"",""coordinates"":[83.08967596033384,21.04864325062238]}"
2951,137.8346684698653,2025-04-15,283.0932358333043,704,0,40,0.332183908045977,0.003684267380435813,3.7485978133287636,300.869533311753,0.38341060571907104,"{""type"":""Point"",""coordinates"":[83.41756590379431,23.051193328495653]}"
2952,195.38899997802542,2025-04-15,291.55398732139946,702,0,10,0.40550133096716945,0.014676555969913352,12.770963350751911,300.2942973091489,0.7361205199201161,"{""type"":""Point"",""coordinates"":[83.98746780415526,19.61964514259116]}"
2953,90.0,2025-04-15,289.4265807923817,232,0,30,0.21680347658136165,0.006969183662135947,0.4979062471458695,304.17807474590484,0.8215250294360454,"{""type"":""Point"",""coordinates"":[83.40409179523276,21.350771509547606]}"
2954,17.753811243606172,2025-04-15,287.7636401766822,351,0,30,0.22232277526395172,0.006460279205043662,4.8576825088161675,304.58273201897026,0.8595366947631299,"{""type"":""Point"",""coordinates"":[82.81990457946588,20.44846146485724]}"
2955,287.31019182208536,2025-04-15,286.2509332384382,385,0,40,0.21999117387466902,0.005326881983478415,1.558189847036318,304.14502275557743,1.0840501080712344,"{""type"":""Point"",""coordinates"":[80.90651243805993,20.775302067589045]}"
2956,227.0714213667601,2025-04-15,291.87865947541735,157,0,10,0.5248447204968945,0.004382401683528769,2.0418083464686885,303.57694821130656,1.0385744864819786,"{""type"":""Point"",""coordinates"":[83.89085782736475,21.536055421299743]}"
2957,257.0541581218496,2025-04-15,283.0932358333043,755,0,30,0.25103734439834025,0.003684267380435813,6.185899226667007,300.869533311753,0.38341060571907104,"{""type"":""Point"",""coordinates"":[83.37514331086837,23.148086691278415]}"
2958,198.4206208511654,2025-04-15,287.75948397318524,328,0,10,0.39182768451061134,0.0037252902772024754,21.001531475693017,304.241103717259,0.6532946289016848,"{""type"":""Point"",""coordinates"":[83.017323517142,20.91462161567109]}"
2959,19.409063871501807,2025-04-15,291.20423262459894,96,0,40,0.17274127310061602,0.012149363734920371,1.474738399345639,304.6601711000715,1.0218666795634384,"{""type"":""Point"",""coordinates"":[80.30254020877285,18.90172586279107]}"
2960,270.0,2025-04-15,283.8167523883638,478,0,10,0.5878249841471148,0.0031885951544836644,1.5198219480571529,301.99956725892565,0.1222966453266855,"{""type"":""Point"",""coordinates"":[81.4457333571634,23.76881491816853]}"
2961,180.0,2025-04-15,290.9662827083043,295,0,10,0.3444049031237643,0.02412945029993807,1.390963080774087,302.7988720394316,1.25628890213249,"{""type"":""Point"",""coordinates"":[84.3952128814295,21.915786787054813]}"
2962,152.0013730627327,2025-04-15,287.9433683667864,593,0,40,0.2931426279909103,0.008508920648296225,2.099929385077483,302.942275592259,0.926036729078048,"{""type"":""Point"",""coordinates"":[82.27009510947003,19.878652380857787]}"
2963,8.269291911231411,2025-04-15,284.08365040733696,654,0,10,0.2503941145559643,0.007480815031726706,6.994313726393868,300.250631014506,0.3973638969749722,"{""type"":""Point"",""coordinates"":[82.59683172504185,23.449822825710797]}"
2964,242.12750764299813,2025-04-15,296.69677470979235,168,0,10,0.3525731068829013,0.015550464370448935,18.20838811444497,301.5976013456072,1.5606452111219271,"{""type"":""Point"",""coordinates"":[84.39268947577513,18.84834303749905]}"
2965,72.92552417302538,2025-04-15,281.5724548158191,688,0,40,0.17983413356612832,0.0036568194415167454,1.5790366001691585,301.3433695747739,0.33666146895638743,"{""type"":""Point"",""coordinates"":[80.93478650985038,22.860186655478017]}"
2966,264.12191434599544,2025-04-15,282.5560334523519,667,0,10,0.5668566418237615,0.006915122249324668,4.518837443377719,302.147603670756,0.6584105503990864,"{""type"":""Point"",""coordinates"":[80.93584103718004,22.091430059383217]}"
2967,102.92636308964433,2025-04-15,282.8691612425304,490,0,30,0.2390829694323144,0.0021291672970846776,4.138948737600844,301.638076373509,0.17293142521833385,"{""type"":""Point"",""coordinates"":[81.65049744804853,23.35558728337426]}"
2968,169.03159498655899,2025-04-15,288.4080609821138,597,0,10,0.4386673397274104,0.00731906292696749,5.1819461887598735,302.177133060637,0.809692149034058,"{""type"":""Point"",""coordinates"":[83.83891176891252,20.259412891387406]}"
2969,19.63694973021549,2025-04-15,285.83669635227744,406,0,10,0.30051078320090807,0.00399620828886782,1.4768187045456858,304.12860139211017,0.9869427506537579,"{""type"":""Point"",""coordinates"":[80.47957989705861,20.900751085548215]}"
2970,133.04614316959083,2025-04-15,285.99765477861683,294,0,40,0.2257644762524398,0.005079179980953086,0.679361963785405,304.248927843003,0.6645666539055702,"{""type"":""Point"",""coordinates"":[81.97651258510015,20.929515756919265]}"
2971,180.0,2025-04-15,289.8076378050305,320,0,10,0.24178403755868544,0.009458333232601035,3.242751465064752,303.3545884177798,1.0018202832492829,"{""type"":""Point"",""coordinates"":[83.82710562089942,22.04942035190423]}"
2972,76.65472194133842,2025-04-15,290.9801987239293,357,0,10,0.3983026046239391,0.009882777908046592,2.0083099408300633,303.2676976067679,1.1504537974994853,"{""type"":""Point"",""coordinates"":[80.6629484154956,18.39605627631885]}"
2973,-0.0,2025-04-15,297.1514924367269,0,0,80,-0.03277674706246135,0.007377132752139914,0.0,302.0398562749227,1.9110983440732083,"{""type"":""Point"",""coordinates"":[84.25450670847495,18.458421290927053]}"
2974,219.85986751143957,2025-04-15,288.71178354535783,710,0,10,0.4416625756831942,0.024627342798908103,8.397295877555344,301.4170709791637,0.6751944028875855,"{""type"":""Point"",""coordinates"":[81.00727153084544,19.772811801278024]}"
2975,16.912653450870703,2025-04-15,288.73055912199476,407,0,30,0.2767776777677768,0.018863603451450217,3.389008391241052,302.37974652789893,0.7443095962558332,"{""type"":""Point"",""coordinates"":[81.18381134581311,20.006503901473227]}"
2976,22.984657607430595,2025-04-15,288.5406409672329,608,0,10,0.58664363845711,0.011128425576885093,2.517066806587794,301.73481418972926,1.0254544086515545,"{""type"":""Point"",""coordinates"":[82.38737385087457,19.431044761344907]}"
2977,107.47404844340899,2025-04-15,291.0223885490781,216,0,10,0.22978651874264583,0.012272968867023337,1.5440348628022715,303.96446913764584,0.7529527155978476,"{""type"":""Point"",""coordinates"":[80.51374140248721,19.19568399113155]}"
2978,236.12890576568876,2025-04-15,288.86119760785783,978,0,30,0.4527016320709872,0.005761414745052207,13.868196096948134,298.75159013839,0.43224177650556406,"{""type"":""Point"",""coordinates"":[82.6790434772428,18.62456043555188]}"
2979,312.9103867055188,2025-04-15,284.92200606209894,284,0,40,0.18324000772349874,0.007561221697528708,1.3619905337004932,304.3410153616042,0.3541869064284012,"{""type"":""Point"",""coordinates"":[81.2951035089887,21.62846872811706]}"
2980,90.0,2025-04-15,289.1917523883638,148,0,40,0.21280179674340258,0.0049620270516470555,1.4882074495289719,305.2119928541638,0.791183236523583,"{""type"":""Point"",""coordinates"":[83.55869122043183,20.831353663954665]}"
2981,133.06527715728703,2025-04-15,289.48791240510485,213,0,30,0.2114222954420648,0.006215348818500388,2.714571113369942,304.9530817213512,0.8990843283808124,"{""type"":""Point"",""coordinates"":[83.35501419030606,20.82922539411936]}"
2982,195.19411660308901,2025-04-15,289.10494877043226,1170,0,30,0.32757727508202383,0.007501021006305564,14.574169376889321,298.40431753794354,0.2843880587118164,"{""type"":""Point"",""coordinates"":[82.50570323709675,18.154756778952304]}"
2983,151.52619727125685,2025-04-15,284.8799906231108,543,0,10,0.3870246085011186,0.007263734915454734,1.0550045360986884,301.9489952723185,0.43108581917765887,"{""type"":""Point"",""coordinates"":[82.29489914375483,22.795965611272955]}"
2984,223.942865507769,2025-04-15,292.08768454052154,618,0,10,0.4427083333333333,0.011077880838115561,7.048904291160918,300.5506100881667,0.6607496270689525,"{""type"":""Point"",""coordinates"":[84.02662453491227,19.391856599318867]}"
2985,68.20712955205407,2025-04-15,286.82437306358696,260,0,30,0.28401270513499205,0.0035997032906607274,3.742085082551781,304.5981012526012,0.465493910681575,"{""type"":""Point"",""coordinates"":[82.78410298873396,21.10356459106061]}"
2986,312.723557833286,2025-04-15,281.7684125446138,637,0,40,0.2193074501573977,0.002570748307903159,0.6834924000021562,302.1860325677054,0.47608744804074693,"{""type"":""Point"",""coordinates"":[80.82014523599614,22.551702761781044]}"
2987,245.28865784073992,2025-04-15,284.2502705710275,480,0,40,0.2610277398817644,0.0026001184966162327,1.1091758437560495,302.2712725230626,0.3405693006778091,"{""type"":""Point"",""coordinates"":[82.49552285896574,23.018466975213478]}"
2988,108.53411943441971,2025-04-15,288.85741342817033,582,0,10,0.35843462792766084,0.005312219240863669,7.255559191616297,301.7085690725417,0.9204377016988765,"{""type"":""Point"",""coordinates"":[83.91222330488117,20.162481059031652]}"
2989,340.0145498051671,2025-04-15,282.3948018210275,420,1,40,0.22316939890710383,0.0024653672959402684,1.4800567865560836,303.1807312284197,0.2356054558854471,"{""type"":""Point"",""coordinates"":[80.21938708512918,23.57301585728275]}"
2990,278.75466133755407,2025-04-15,281.8441775185721,592,0,40,0.179851762214491,0.0030482411171988133,3.044004717244937,302.344142686753,0.5608521151169674,"{""type"":""Point"",""coordinates"":[80.7920603430841,22.48377071873041]}"
2991,244.92492545684536,2025-04-15,286.27801540919717,346,0,40,0.1638418079096045,0.004437625386913169,3.2791393979601144,303.9682475044614,0.8572314187051863,"{""type"":""Point"",""coordinates"":[81.68776469666092,20.64101564149967]}"
2992,192.22387730558265,2025-04-15,281.5387982868013,961,0,30,0.42163954189270647,0.005865707972247947,9.404687393567992,300.42193635304767,0.5291305244914446,"{""type"":""Point"",""coordinates"":[81.29217560413323,22.60556795627874]}"
2993,222.18881962960106,2025-04-15,293.2587166740781,821,0,10,0.5332830946998242,0.00765475628634249,24.645778790934237,300.5288234438214,1.0076141322385963,"{""type"":""Point"",""coordinates"":[84.04422813549033,18.97386510062081]}"
2994,18.611598272796023,2025-04-15,286.3443402789888,422,0,10,0.5148568341437061,0.007363319375713218,9.217042165161374,303.43951447804767,0.634242335837179,"{""type"":""Point"",""coordinates"":[82.08770833756581,20.327592993825427]}"
2995,215.6595663862512,2025-04-15,290.38415263947985,210,0,10,0.31712062256809337,0.0073292106177405,1.7117917312159623,303.3676557540893,1.1597954389653353,"{""type"":""Point"",""coordinates"":[84.10047021121741,21.697675948103548]}"
2996,244.6081158819505,2025-04-15,291.7471781231108,225,0,40,0.22948790095666854,0.007804214933116782,2.1619291377237095,302.2297221138364,0.3859615008364383,"{""type"":""Point"",""coordinates"":[82.05150568706988,18.31894573547788]}"
2997,176.87811823771543,2025-04-15,284.48017547244115,736,1,10,0.4033722438391699,0.005932867505748618,9.20857775471643,300.4486523128691,0.3041245417751648,"{""type"":""Point"",""coordinates"":[82.43868790528977,23.545943885726725]}"
2998,-0.0,2025-04-15,286.82987785339355,246,0,40,0.23613011895989053,0.004701301434238303,0.9274099368670311,303.68724164508643,0.4419752702454296,"{""type"":""Point"",""coordinates"":[82.29537234289558,21.923658079691236]}"
2999,100.55449016115203,2025-04-15,290.40978159223283,168,0,10,0.8090999010880316,0.003675132968623984,2.5301228384498415,304.29974397023517,0.8489845033270148,"{""type"":""Point"",""coordinates"":[83.73934176596853,21.31170077243628]}"
