system:index,aspect_deg,date,dewpoint_k,elevation_m,fire_label,landcover,ndvi,precip_total_m,slope_deg,temp_mean_k,wind_speed,.geo
0,191.98555278093679,2025-03-01,282.7904800687517,222,0,10,0.35372714486638535,3.1242934880992834E-5,2.369051129465602,300.4777993247622,0.049191050391100576,"{""type"":""Point"",""coordinates"":[80.30784277825451,19.59356286002032]}"
1,294.9218124982463,2025-03-01,284.58391966138566,239,0,40,0.13027128659683052,2.5547560852601237E-4,1.1004016448386111,298.44601454053605,0.4085681770098059,"{""type"":""Point"",""coordinates"":[82.7793533664545,21.674992188551304]}"
2,180.0,2025-03-01,281.0006328310285,598,0,10,0.5455614344503233,4.092868965699381E-5,0.4637353428839794,297.99576109931587,0.3162313443366835,"{""type"":""Point"",""coordinates"":[81.57563564999846,19.663593829888605]}"
3,23.729615064571195,2025-03-01,281.03178982507615,469,0,10,0.5736925515055468,1.5030471502086584E-5,8.547771674057154,299.4248731249854,0.2877041691275737,"{""type"":""Point"",""coordinates"":[80.58638728398807,20.49363888551127]}"
4,114.9668928953983,2025-03-01,284.2597183500017,277,0,40,0.21483305966064586,2.0290581403514807E-5,1.098542247319582,298.3684359505063,0.5550960520063571,"{""type"":""Point"",""coordinates"":[81.58327670285571,21.375432844753433]}"
5,119.66334649773638,2025-03-01,285.9182469958351,878,0,10,0.24012328383300643,1.9879159134461588E-4,5.604318425674495,296.2585901078724,0.062408882659471886,"{""type"":""Point"",""coordinates"":[82.62937853244598,18.33437535204941]}"
6,-0.0,2025-03-01,283.15883595602844,418,0,10,0.6766750480698122,4.8210736912324137E-4,25.147489683916906,298.00431764693485,0.5014135886634149,"{""type"":""Point"",""coordinates"":[82.94571129888458,22.122134474614036]}"
7,294.9276293603165,2025-03-01,284.1198664619809,247,0,40,0.19053432247159358,1.4471527737214274E-4,1.100161329214969,298.2712214787801,0.4605200772380224,"{""type"":""Point"",""coordinates"":[82.58962268522933,21.636599176590114]}"
8,90.0,2025-03-01,284.24200071607316,264,0,10,0.4482487209759937,0.0012417238633020133,0.4998689688263625,298.3546129408337,0.31609299199045343,"{""type"":""Point"",""coordinates"":[84.12588059473363,21.919054802639636]}"
9,270.0,2025-03-01,284.58391966138566,220,0,40,0.4685702109524824,2.5547560852601237E-4,0.4992287750832021,298.44601454053605,0.4085681770098059,"{""type"":""Point"",""coordinates"":[82.79648924038753,21.73643121520637]}"
10,-0.0,2025-03-01,284.14818096160883,253,0,40,0.1541145085163144,1.944553534372062E-4,0.0,298.1607245944795,0.5961250074321154,"{""type"":""Point"",""coordinates"":[82.09976891930343,21.578514906840113]}"
11,129.16552351248296,2025-03-01,284.18700513385596,243,0,40,0.22239289981225466,1.7056879204346842E-4,5.126254065758294,298.46013400668187,0.5678107679755448,"{""type"":""Point"",""coordinates"":[83.08379703323158,21.417423620214795]}"
12,90.0,2025-03-01,281.94515478043326,385,0,50,0.3597311513734658,1.5030471502086584E-5,0.9902314104757725,298.8582517987206,0.15088601157873166,"{""type"":""Point"",""coordinates"":[81.06788429359796,20.520320528574462]}"
13,180.0,2025-03-01,294.0624236606416,66,0,40,0.5476452984722003,0.0022635560910089225,0.4637353428839794,299.6926895777384,1.5180603569902578,"{""type"":""Point"",""coordinates"":[83.71700897140519,18.324529036124517]}"
14,144.59826528343336,2025-03-01,281.7513129370554,356,0,40,0.2533779436365976,1.5164581952831213E-5,1.7063030226769103,298.8994650613694,0.05312944625869503,"{""type"":""Point"",""coordinates"":[81.01341984578754,20.27627350280171]}"
15,180.0,2025-03-01,283.7530800501506,296,0,40,0.17523809523809525,3.954288166596598E-5,0.463735342881014,298.3493871688843,0.6107559905037249,"{""type"":""Point"",""coordinates"":[81.83573568904839,21.48450764673911]}"
16,252.55767151858382,2025-03-01,288.46022755759105,417,0,40,0.4762599254577864,0.003503392306981823,4.631276597480631,296.61836038317,0.24545567188380832,"{""type"":""Point"",""coordinates"":[84.17803993268883,19.51135223517712]}"
17,57.37870413704651,2025-03-01,282.0425959541684,495,0,10,0.4342105263157895,1.0315593880250162E-4,7.6956129134822895,296.9417188281104,0.7328740557390827,"{""type"":""Point"",""coordinates"":[81.40116366845746,22.404404073796034]}"
18,161.00457030668622,2025-03-01,282.3772371837071,494,0,10,0.4187393526405451,0.002547542421041271,10.665066394557721,297.3839098158337,0.6262262077315562,"{""type"":""Point"",""coordinates"":[84.18531387502019,22.435448138717973]}"
19,166.7446037132535,2025-03-01,281.9380688894363,571,0,30,0.32974358974358975,2.974819819314689E-4,4.279971621211488,298.052198273795,0.3838937394496459,"{""type"":""Point"",""coordinates"":[81.9962640212583,19.379099400724666]}"
20,138.84145048124665,2025-03-01,286.68852810632615,612,0,30,0.4879594423320659,0.00307055827778413,34.52897826862508,296.30984220050635,0.31426828969828946,"{""type"":""Point"",""coordinates"":[83.11108703001278,18.676812277032127]}"
21,316.4223885871995,2025-03-01,280.2548413503738,799,0,40,0.23767235335358727,0.005888427464185497,5.1075655509991735,293.672082946414,1.1745737314143663,"{""type"":""Point"",""coordinates"":[83.97226822529977,23.138205472430194]}"
23,337.9294142579873,2025-03-01,282.6706884020851,409,0,10,0.5429700362199539,0.0026804607788903922,3.9968247740897076,297.527295930045,0.5763266704691761,"{""type"":""Point"",""coordinates"":[84.33204040566565,22.350523872376503]}"
24,-0.0,2025-03-01,283.18145384107316,383,0,40,0.7752992383025027,1.5030471502086584E-5,0.0,295.96830690474735,0.3976793396938386,"{""type"":""Point"",""coordinates"":[80.70495420199491,23.848827975078866]}"
25,90.0,2025-03-01,286.2530451729184,157,0,40,0.23603275705186533,0.0011583071629388542,1.4908792862247169,299.4764914285569,0.5423244366661233,"{""type"":""Point"",""coordinates"":[84.04569938561195,21.09964393030872]}"
26,40.570145011947915,2025-03-01,283.578885714213,207,0,40,0.2501557632398754,8.183237713410563E-5,3.0496390721045152,300.33831946055096,0.3690754847485445,"{""type"":""Point"",""coordinates"":[83.35601827232023,20.874533353033033]}"
27,262.4192360621491,2025-03-01,281.5772232328143,312,0,10,0.3952254641909814,1.5030471502086584E-5,3.5108571162707767,299.1271726971581,0.5030897963926998,"{""type"":""Point"",""coordinates"":[80.4315786392382,21.312559650079383]}"
28,144.3192202136255,2025-03-01,284.6853775296892,233,0,10,0.42284739982949704,0.001642594901738903,1.712246437949134,298.286323320298,0.2868384120295171,"{""type"":""Point"",""coordinates"":[84.19583858642721,21.809409242434203]}"
29,214.55723872586952,2025-03-01,282.52271011897494,352,0,30,0.2721278214557444,0.004194165436445019,12.200366655089129,297.41320669083365,0.6485956400028033,"{""type"":""Point"",""coordinates"":[84.32086091717274,22.491528591166162]}"
30,207.964386708834,2025-03-01,281.4647499720256,618,0,30,0.5397138628515047,7.407319228036613E-4,1.0499840550272865,298.0384740829468,0.2626451013680664,"{""type"":""Point"",""coordinates"":[82.29019031823839,19.64880139432304]}"
31,64.95577093954363,2025-03-01,284.0447234653291,163,0,10,0.20864,1.1120256584717936E-4,1.0953685878702413,300.00443390437533,0.3297334874405297,"{""type"":""Point"",""coordinates"":[83.51124722536338,20.853101673858223]}"
32,346.71406742896255,2025-03-01,281.32874039241244,406,0,10,0.6921212121212121,1.5030471502086584E-5,4.280507639396928,298.68209852491105,0.2198365698304936,"{""type"":""Point"",""coordinates"":[80.7992489156221,19.76368794305458]}"
33,47.212649307066755,2025-03-01,283.0510711215791,371,0,10,0.3997199859993,0.003939787713704845,0.6826698880456886,297.7239512034825,0.6068057301033998,"{""type"":""Point"",""coordinates"":[83.8639523260533,22.241015970593686]}"
34,132.97811589104936,2025-03-01,286.2375306174868,126,0,80,0.1404206935758954,0.0014510553757531852,0.680227045663058,299.3358199255807,0.5954958283583617,"{""type"":""Point"",""coordinates"":[83.90816940958457,21.28233277563386]}"
35,306.4986260657114,2025-03-01,279.4635467075166,677,0,10,0.627092253795251,4.139792601449699E-4,3.1155720821123545,296.9924361365182,0.8533568688172741,"{""type"":""Point"",""coordinates"":[80.9153334454529,22.34608125848924]}"
36,-0.0,2025-03-01,280.00375434330533,618,0,40,0.3342572062084257,2.6194271248414225E-4,1.390963080774087,297.74845245906283,0.7665459974260042,"{""type"":""Point"",""coordinates"":[80.84119579937901,22.100575876003752]}"
37,107.01727657518346,2025-03-01,288.1894174757458,778,0,10,0.5163768701981399,3.200870434625358E-4,18.359727622141897,296.50656141553605,0.4817418100636699,"{""type"":""Point"",""coordinates"":[84.08285651957682,19.31997146483396]}"
38,164.7542598639517,2025-03-01,280.58298960186187,625,0,10,0.4275069854082583,0.0013878297488076896,1.92192461582116,294.0388286681402,0.45715785876020776,"{""type"":""Point"",""coordinates"":[83.49552769112645,23.471473243787617]}"
39,208.58318680974224,2025-03-01,281.22929959070115,560,0,40,0.19506369426751594,5.091231743676872E-4,1.0560997333393418,294.89041441962826,0.6425940711603834,"{""type"":""Point"",""coordinates"":[83.27662993995926,23.406994459901934]}"
40,60.972707776713136,2025-03-01,282.4093707402547,374,0,30,0.2616088012573225,0.004859785405813,2.8648018087516287,297.32076458703904,0.7317715369840921,"{""type"":""Point"",""coordinates"":[83.77212257266687,22.348990583828936]}"
41,12.240900479959508,2025-03-01,292.6725659597488,326,0,10,0.7386968085106383,0.001000265447316906,37.305979257179764,299.0035619735718,0.7825944457554517,"{""type"":""Point"",""coordinates"":[83.0535007756364,17.84062146727864]}"
42,133.42380995527787,2025-03-01,285.9095218749273,121,0,10,0.4585635359116022,1.6744105039379065E-5,0.6746162316612114,300.83092548733663,0.4200677509550978,"{""type"":""Point"",""coordinates"":[80.42218123836194,18.837244074526257]}"
43,133.04985090958795,2025-03-01,283.2848415828887,286,0,30,0.2769156159068865,1.6952721296092932E-5,0.6793149043297971,298.377876054673,0.4323928201600254,"{""type"":""Point"",""coordinates"":[82.0004656748597,20.909250519966143]}"
44,64.57577998691359,2025-03-01,287.30261734553744,140,0,30,0.40123353892315383,8.286055725648112E-5,1.08006575396004,301.5338354110718,0.9207778479529205,"{""type"":""Point"",""coordinates"":[81.14045314464262,18.064451829659465]}"
45,76.78850221685234,2025-03-01,281.0779091517131,602,0,10,0.4766427602248498,1.7057029424449865E-5,4.051454055643771,298.4866523288546,0.05904590686996039,"{""type"":""Point"",""coordinates"":[81.23646619940192,20.10966452650267]}"
46,270.0,2025-03-01,284.4786892391386,178,0,10,0.5895754794296018,5.575072447641105E-4,2.966433751966058,299.2908224832444,0.31397973217629815,"{""type"":""Point"",""coordinates"":[83.67244054448268,20.421428628586682]}"
47,104.89152644918096,2025-03-01,283.6571037201655,359,0,10,0.44829188937950265,5.289432209565348E-5,3.6042944682086113,298.38261354537235,0.49096557807531716,"{""type"":""Point"",""coordinates"":[82.49615154040536,21.452491138127552]}"
48,270.0,2025-03-01,281.63213162195115,631,0,10,0.6336858006042296,6.60846797643444E-4,1.4756650829051148,298.25088805244087,0.3483200116566745,"{""type"":""Point"",""coordinates"":[82.18113052088907,19.510781746239715]}"
49,167.75482024003892,2025-03-01,279.9437538782756,877,0,10,0.35784635587655944,2.8548654717042155E-4,2.37135401788455,294.7082273846581,0.9132334976770636,"{""type"":""Point"",""coordinates"":[81.69465571254229,22.850751953318575]}"
50,125.09905235533404,2025-03-01,281.52223346346904,432,0,10,0.2878105477262821,1.5030471502086584E-5,2.4181396504488597,299.17661117372063,0.01636642606493513,"{""type"":""Point"",""coordinates"":[81.22762373488776,20.437933278183102]}"
51,14.963326912680618,2025-03-01,285.6339045479184,161,0,40,0.33129667345553293,1.4891740482880778E-4,1.9193713411293583,299.59501007625033,0.11173987992794454,"{""type"":""Point"",""coordinates"":[84.00795342833672,20.70610756883101]}"
52,285.52125395493175,2025-03-01,281.7463719958351,538,0,10,0.4430835734870317,0.0016386311928613395,5.184822415359156,298.2561777659825,0.6316585959574672,"{""type"":""Point"",""coordinates"":[83.5877005905144,22.218738882569603]}"
53,36.01944428977645,2025-03-01,281.4390628905523,938,0,10,0.7823431426985008,0.0060725760142190666,15.119754883617823,294.700153305417,0.6488147436693374,"{""type"":""Point"",""coordinates"":[84.2146230651539,23.51864772938595]}"
54,169.76446874912648,2025-03-01,281.1612657365345,560,0,10,0.37330241801921166,3.3618029755189127E-4,2.8251784142436978,297.21934159596765,0.9290310551835107,"{""type"":""Point"",""coordinates"":[81.91188279610749,22.630119386118164]}"
55,194.9746283908705,2025-03-01,286.11509990692144,115,0,40,0.3044481054365733,1.2118634384705729E-4,1.9194724918606578,299.97685763949437,0.24600365428793425,"{""type"":""Point"",""coordinates"":[83.91838443974032,20.825330385078253]}"
56,62.39425185270255,2025-03-01,282.32342161451066,427,0,10,0.560853199498118,9.390514771325797E-4,3.996617459955748,295.6304976599557,0.5660529663449589,"{""type"":""Point"",""coordinates"":[83.16020511928687,23.78011715305081]}"
57,320.3116445333412,2025-03-01,281.5493912015643,424,0,10,0.44325971058644326,1.5030471502086584E-5,5.407602876615843,299.458448273795,0.13498544652600547,"{""type"":""Point"",""coordinates"":[80.92554917163356,20.40951977859839]}"
58,208.41022860782417,2025-03-01,281.9764745348976,405,0,10,0.3536776212832551,0.0022067081610543937,5.25764207728334,297.80401188986644,0.7141015192118498,"{""type"":""Point"",""coordinates"":[83.330283386098,22.4311706812188]}"
59,199.86841220906408,2025-03-01,281.4945525668916,616,0,30,0.3018379178487727,4.257362763269157E-4,4.429027670708833,296.1160177957444,0.9666824751918819,"{""type"":""Point"",""coordinates"":[81.99117464423267,22.71915580016439]}"
60,227.11794523312093,2025-03-01,284.1824885322934,214,0,40,0.22887537993920973,3.396522681100578E-4,3.4034221684522072,298.32456620534265,0.34774952811067444,"{""type"":""Point"",""coordinates"":[83.07209543397538,21.7709873330936]}"
61,162.63768945479458,2025-03-01,287.3746504556565,150,0,10,0.4260089686098655,1.3580438297822184E-4,17.420298609982463,301.3551012220837,0.9052481767786247,"{""type"":""Point"",""coordinates"":[80.64984022635511,18.03519556376938]}"
62,50.622063730968726,2025-03-01,281.80865110669816,534,0,40,0.39372169295642667,0.003570015398679516,5.827506804149539,295.94025398436054,0.9133242582430329,"{""type"":""Point"",""coordinates"":[83.56783334571986,22.577585921293842]}"
63,312.8905646727066,2025-03-01,284.2583465122041,211,0,40,0.5057000876936568,5.688768307550163E-4,1.3624974935434886,298.66671185266404,0.4260822927134462,"{""type"":""Point"",""coordinates"":[83.29152059840585,21.727829935780377]}"
64,191.91879220583357,2025-03-01,286.40340673355826,298,0,10,0.6855503764790247,1.9874688786103434E-4,4.728868175516893,300.56283001672665,0.5418189016905254,"{""type"":""Point"",""coordinates"":[80.89165310094376,18.64285987000997]}"
65,-0.0,2025-03-01,282.1345148994809,558,0,40,0.3764705882352941,6.538283507211418E-4,0.0,298.22237591516404,0.2904452349017265,"{""type"":""Point"",""coordinates"":[82.24460160007355,19.295628849605173]}"
66,180.0,2025-03-01,281.07496202559696,583,0,10,0.5782921610581598,2.3322817486359781E-4,3.704791833694711,298.37831202007476,0.14267540314200322,"{""type"":""Point"",""coordinates"":[81.18978798722063,19.813267314346778]}"
67,11.942297967838286,2025-03-01,284.14315864018033,384,0,40,0.29453817557906775,2.5149699848725504E-4,2.368672613144958,299.2971933909825,0.21138148610234686,"{""type"":""Point"",""coordinates"":[81.40525733908602,18.98474492853527]}"
68,345.0895763039529,2025-03-01,280.22280079977855,556,0,10,0.6368368368368368,2.38786307988903E-4,1.9188989790338518,298.5986954371134,0.33879146841754315,"{""type"":""Point"",""coordinates"":[81.9782310795189,20.135127241967663]}"
69,329.8120796130518,2025-03-01,291.07263687678744,519,0,10,0.7993677042801557,0.016548181740461132,20.533528886322298,296.46915558406283,0.6493242288992589,"{""type"":""Point"",""coordinates"":[84.37043832975277,19.01105006830327]}"
70,277.10020685456027,2025-03-01,282.8880898157756,345,0,40,0.3482864307606576,3.9927181404664225E-4,7.461201332307287,298.7252184095837,0.39928290992351684,"{""type"":""Point"",""coordinates"":[82.27238488711023,20.90043791951821]}"
71,73.65907717111703,2025-03-01,287.24373295193624,706,0,10,0.8167413021012745,0.004399220315633556,21.937077673507332,297.25376542409265,0.6111260427215442,"{""type"":""Point"",""coordinates"":[83.4539798404016,19.538516355815542]}"
72,180.0,2025-03-01,280.51937353043326,778,0,40,0.2875834445927904,0.002074817983327648,2.7802885155287553,294.0402702604021,0.5192203920538547,"{""type"":""Point"",""coordinates"":[83.70419937566103,23.413985470293433]}"
73,175.35767954539352,2025-03-01,290.7838650203886,106,0,40,0.433112582781457,0.004723305670438549,6.026214157319721,299.17264679500033,0.5426661597248674,"{""type"":""Point"",""coordinates"":[83.33489953928705,18.68161657016226]}"
74,127.51887057135896,2025-03-01,285.09019175029937,875,0,10,0.640502354788069,3.848474900109977E-4,25.568245180462437,296.98019422803605,0.32683842495376514,"{""type"":""Point"",""coordinates"":[84.05812404331901,20.20184044947275]}"
75,212.50901448605228,2025-03-01,282.32354949769524,332,0,10,0.6754197158846319,4.212078255250162E-5,2.7474574629444932,299.9274075371879,0.16390657807107434,"{""type"":""Point"",""coordinates"":[80.62893811630853,19.69750974154975]}"
76,33.05477674839384,2025-03-01,279.56963743482316,1098,0,40,0.2235243980396335,0.0023879509846551628,2.7643373299900422,293.54501937684563,0.9745257477143054,"{""type"":""Point"",""coordinates"":[83.26079677879997,22.782084672769003]}"
77,180.0,2025-03-01,282.7882595516386,426,0,40,0.6957458266020463,8.874651592805094E-5,2.3174627380815918,296.1700600669497,0.49079656908427133,"{""type"":""Point"",""coordinates"":[80.32383140339009,23.699161856922462]}"
78,145.86442843458016,2025-03-01,288.1894174757458,732,0,10,0.4444013948082139,3.200870434625358E-4,26.05545146062221,296.50656141553605,0.4817418100636699,"{""type"":""Point"",""coordinates"":[84.13818717466489,19.262783934768997]}"
79,132.96838935000252,2025-03-01,284.05737808772494,281,0,40,0.27530364372469635,2.5267569242259924E-5,0.6803509935341998,298.3214040029617,0.566606394287331,"{""type"":""Point"",""coordinates"":[81.71144535747302,21.3325643796703]}"
81,227.45542895915457,2025-03-01,281.5521639415196,535,0,40,0.18195348837209302,1.275342385156364E-4,0.685815330582114,295.2461447488694,0.8059848251511353,"{""type"":""Point"",""coordinates"":[82.96136055301317,23.398712134572285]}"
82,110.77716897366923,2025-03-01,290.8441503161476,133,0,30,0.3318402388951101,0.002550507752118847,2.6127938570856704,299.4090097972325,0.5360306910298552,"{""type"":""Point"",""coordinates"":[83.3012521792072,18.46432420098911]}"
83,113.39187236229576,2025-03-01,282.2095823287964,323,0,30,0.2815639424382297,6.238636177613444E-5,6.973791686310186,300.2450635546729,0.6702208240673851,"{""type"":""Point"",""coordinates"":[82.55176832100838,20.4072970769962]}"
84,298.8926154327627,2025-03-01,280.65904521942133,536,0,10,0.5211521152115212,1.5882667702271647E-4,2.8769755407688633,295.34530071985154,0.5026001064755701,"{""type"":""Point"",""coordinates"":[81.41161873291462,23.1081246112822]}"
85,98.1121127553387,2025-03-01,286.18721439724874,836,0,10,0.5224568138195778,0.0029460739771707267,32.24960112978796,296.2111105691819,0.37434771320582527,"{""type"":""Point"",""coordinates"":[83.09017807596626,18.928174728571086]}"
86,221.00284513972522,2025-03-01,280.81293519337976,745,0,30,0.3182568923897853,3.4771379631592936E-4,3.069536469877778,295.2785747618902,0.5925709475022898,"{""type"":""Point"",""coordinates"":[80.99635636854704,23.043975561555808]}"
87,53.67602981073527,2025-03-01,280.69385850997196,813,0,40,0.22462092007196094,8.409735363557047E-5,6.238355704043399,295.34502751486644,0.5313897660245919,"{""type"":""Point"",""coordinates"":[80.80611795332321,23.21678453142493]}"
88,60.49392226568979,2025-03-01,281.16391059330533,702,0,10,0.6265759455673404,1.1775907677247233E-4,2.822469110637584,298.01212433406283,0.2205015593157078,"{""type"":""Point"",""coordinates"":[81.06966489655069,19.406136215695966]}"
89,303.13765219514073,2025-03-01,283.17843696049283,328,0,10,0.5046766978446523,6.455731074197502E-4,4.233961794879819,295.69670627230687,0.360852351119062,"{""type"":""Point"",""coordinates"":[83.9864012495666,23.941644208634685]}"
90,-0.0,2025-03-01,283.13926401592437,278,0,40,0.5528083028083028,1.576062840058512E-5,0.4637353428839794,298.43326109931587,0.5402355822589904,"{""type"":""Point"",""coordinates"":[81.4278635038394,21.63511538814922]}"
91,197.65310142253873,2025-03-01,286.2033218656268,413,0,10,0.35172832019405703,0.002064670292554638,4.854970770066585,298.13401444753015,0.3298410063058152,"{""type"":""Point"",""coordinates"":[83.3462197553285,19.49247010617395]}"
92,246.85032284254868,2025-03-01,286.39169379643033,1101,0,30,0.6200657894736842,0.017567898003278515,10.497435382540415,294.217231523423,0.25050218538388674,"{""type"":""Point"",""coordinates"":[82.8610761280992,18.170100528403164]}"
93,122.75011792253434,2025-03-01,286.41847951071605,621,0,10,0.5036932817446359,0.0030136954466684074,30.263712722659683,296.1922419865926,0.23367293583758328,"{""type"":""Point"",""coordinates"":[84.23341653767633,19.932300199324267]}"
94,261.2891409939277,2025-03-01,281.3243284225464,515,0,40,0.5748971193415637,5.201515358521647E-5,6.100984184575595,296.71116288503015,0.5828930018772315,"{""type"":""Point"",""coordinates"":[80.3487739934781,23.17682373764663]}"
95,187.37505420176618,2025-03-01,284.85565398988274,890,0,30,0.5944668184205918,3.582042137963981E-4,21.796903167378776,295.97967106955394,0.2762746520291453,"{""type"":""Point"",""coordinates"":[82.80239767000324,18.91022508897931]}"
96,39.34052520924372,2025-03-01,282.6956663131714,426,0,40,0.37519049070405364,1.5030471502086584E-5,4.78584135661186,295.85102639879506,0.32569877347865234,"{""type"":""Point"",""coordinates"":[80.98828935912643,23.793972018346544]}"
97,226.95502289259508,2025-03-01,286.99105321793326,119,1,40,0.14008179959100203,3.0783828896119303E-4,0.6793767656401161,299.6873882384528,0.4625371996465579,"{""type"":""Point"",""coordinates"":[84.17479736379585,20.93566091618504]}"
98,115.24707603361149,2025-03-01,281.82869970230826,597,0,10,0.6154970760233918,4.5714792412354655E-4,2.1734980393701395,298.1587017150153,0.3944440356718081,"{""type"":""Point"",""coordinates"":[82.0826103962009,19.41468011354701]}"
99,133.1277835216754,2025-03-01,282.24854019709994,364,0,40,0.2518558754300199,1.5030471502086584E-5,2.7114126331804447,298.4138984226046,0.09578175633484444,"{""type"":""Point"",""coordinates"":[81.56989027498895,20.496202255162547]}"
100,208.21706832427617,2025-03-01,284.49972021012076,198,0,40,0.32940729483282677,7.046264092309684E-4,2.104206133635612,299.7185510453724,0.6129661687450049,"{""type"":""Point"",""coordinates"":[83.51186387340766,21.278214646951035]}"
101,64.96365392096513,2025-03-01,283.5988703682309,212,0,10,0.48024369016536117,6.0166088758251135E-5,2.1905814911303545,300.1191218694051,0.46875808034437416,"{""type"":""Point"",""coordinates"":[83.25175612598807,20.906925143329318]}"
102,340.0372639533487,2025-03-01,281.01009037381124,603,0,10,0.3961892247043364,3.396522681100578E-4,1.4798436380532711,295.54658303942,0.8132480927404496,"{""type"":""Point"",""coordinates"":[82.09849907048682,23.41028261068139]}"
103,6.245845463128959,2025-03-01,283.8990761439006,639,0,10,0.6609382257315374,1.7417487305237955E-4,17.61705888280423,297.54703644343783,0.289501082112916,"{""type"":""Point"",""coordinates"":[84.14374882773083,20.424206865000883]}"
104,270.0,2025-03-01,283.5375503812517,255,0,40,0.30022460693785874,5.9525338826915686E-5,0.49952281307925633,298.63033489953915,0.6527260529806179,"{""type"":""Point"",""coordinates"":[81.80506045810115,21.820674833341343]}"
105,129.81293627720007,2025-03-01,278.9032323473976,776,0,10,0.6936936936936937,2.5622066658570475E-4,6.490628734887211,296.75641028086346,0.8082616544642346,"{""type"":""Point"",""coordinates"":[80.99957497707098,22.154262259277495]}"
106,110.70405605031549,2025-03-01,284.24366901034404,300,0,10,0.40025657472738935,1.5328494725963537E-5,2.621600955042741,300.06421348026817,0.1531555583588559,"{""type"":""Point"",""coordinates"":[80.6598890876692,19.11286659616072]}"
107,72.97539991947777,2025-03-01,281.703874088469,556,0,40,0.20714985308521058,1.3252612751557535E-4,3.16463008592059,295.50066716330394,0.7563283860326562,"{""type"":""Point"",""coordinates"":[81.95868431416002,23.277964346457683]}"
108,90.0,2025-03-01,283.12248806726365,312,0,40,0.26774115949001687,1.5030471502086584E-5,0.49728680946037934,298.36125124068485,0.48569204713765884,"{""type"":""Point"",""coordinates"":[80.97278998860683,21.167324553394366]}"
109,180.0,2025-03-01,281.4432830356417,600,0,10,0.6291816291816292,0.0038087170998437614,2.7802885155287553,295.2780632291521,1.0920050015124698,"{""type"":""Point"",""coordinates"":[83.83733286401505,22.92286550535272]}"
110,180.0,2025-03-01,283.16985716138566,383,0,30,0.0802978466492252,1.5030471502086584E-5,0.463735342881014,295.8182243619646,0.5900303198192697,"{""type"":""Point"",""coordinates"":[80.53616893761205,24.00564228675523]}"
111,226.6184001061506,2025-03-01,283.6447746186029,598,0,30,0.5073627844712182,2.9743727844788737E-4,0.6751418933006753,297.5614698046729,0.4743432369580372,"{""type"":""Point"",""coordinates"":[82.50510143089697,19.08342288978628]}"
112,211.2567210183845,2025-03-01,281.27694770268033,471,0,30,0.41984184040258804,5.7871309934398596E-5,4.870615678507572,296.14768632253015,0.5031738557093898,"{""type"":""Point"",""coordinates"":[81.86334398748598,23.75393298846424]}"
113,90.0,2025-03-01,282.4970230375017,297,0,10,0.3476572611959617,0.00113935288590028,4.991634741109782,298.75546859559563,0.4987172327330746,"{""type"":""Point"",""coordinates"":[83.37143470461795,22.074455012876786]}"
114,17.300261857074336,2025-03-01,288.7519291014898,285,0,10,0.47196738022426094,0.003960053292928478,8.200770940093696,298.7074019568307,0.6499131554892822,"{""type"":""Point"",""coordinates"":[83.38130766460398,19.215310335244105]}"
115,-0.0,2025-03-01,281.4198804128738,370,0,10,0.5443664878250103,1.5030471502086584E-5,0.4637353428839794,299.9933080673218,0.3550246880330112,"{""type"":""Point"",""coordinates"":[80.43849933594218,20.643177727243973]}"
116,313.3691017951939,2025-03-01,282.6758211680821,563,0,30,0.44098528908655493,3.7154075306489176E-4,2.0251433520361797,297.7623510360718,0.3610012579471364,"{""type"":""Point"",""coordinates"":[81.72368920311061,19.155358190487892]}"
117,152.2575816617755,2025-03-01,286.3183004742577,303,0,10,0.6135146271116605,2.868425528390617E-4,1.047837215917743,300.99723175593783,0.7767334782285125,"{""type"":""Point"",""coordinates"":[80.2990166831275,18.07569127818221]}"
119,90.0,2025-03-01,281.7159532365345,558,0,10,0.5497835497835498,2.712112347467155E-4,5.536603579852052,295.68010470980687,0.8909334553363625,"{""type"":""Point"",""coordinates"":[82.19208899131372,23.29384541012789]}"
120,15.230497163067566,2025-03-01,281.5900696799868,502,0,10,0.46422018348623856,3.6194440525605387E-4,1.9217854404063888,295.8757950464884,0.42898113687668027,"{""type"":""Point"",""coordinates"":[81.23461448261804,23.332018276227867]}"
121,234.98762739783598,2025-03-01,287.60625852857316,148,0,40,0.36587377973326,8.063864390237541E-4,2.42335282391639,299.35016028086346,0.6290149593518383,"{""type"":""Point"",""coordinates"":[84.36416722307736,20.92699237228447]}"
122,162.68841483887485,2025-03-01,281.2804238001506,748,0,10,0.4121498726809749,0.0010754567067010612,22.55890588989809,294.64824435824437,0.49361797074740493,"{""type"":""Point"",""coordinates"":[83.42630939892399,23.555685196774878]}"
123,136.30099776361433,2025-03-01,283.90667356763566,286,0,30,0.3080719630632065,3.668021838052482E-4,5.753514163241757,298.33815088726226,0.5710096621006324,"{""type"":""Point"",""coordinates"":[83.2443751906733,21.53364721782473]}"
124,252.79835774074968,2025-03-01,280.6750422432309,514,0,10,0.412367830823454,1.796585003717155E-4,10.845352895734534,298.3847701208932,0.5896827742946226,"{""type"":""Point"",""coordinates"":[80.97363088786314,21.759311472158696]}"
125,35.61348428890726,2025-03-01,282.0943828310285,308,0,40,0.27424120333064733,1.5030471502086584E-5,1.7108056054933791,298.7608455022176,0.5625951199671989,"{""type"":""Point"",""coordinates"":[80.49490146196563,21.451489816179752]}"
126,294.9643124104819,2025-03-01,283.6932772227696,307,0,10,0.45855483362866706,3.233071964814371E-5,3.2927197869671803,298.60839130764913,0.5253995747625463,"{""type"":""Point"",""coordinates"":[82.40253240207957,21.393316975449547]}"
127,294.6224532366546,2025-03-01,282.30208837418326,423,0,40,0.3000838222967309,1.5030471502086584E-5,3.335431604447295,296.14050161270865,0.3582740889486665,"{""type"":""Point"",""coordinates"":[80.59185881739472,23.563698948029675]}"
128,146.03464931256173,2025-03-01,289.1236448287964,899,0,10,0.5981087470449172,0.002056832281766674,17.851016922039392,296.04983824775337,0.5088244273542507,"{""type"":""Point"",""coordinates"":[84.21954623396725,19.14700630513448]}"
129,320.6889208103073,2025-03-01,282.06873062678744,499,0,10,0.5375805297065139,7.324766795022697E-4,2.3960939735387594,295.8501021521432,0.32024013981392285,"{""type"":""Point"",""coordinates"":[83.72482237470416,23.657912125324586]}"
130,204.7622883511596,2025-03-01,280.59894012269524,668,0,10,0.6197357555739058,1.805540722443766E-5,7.113070598291532,298.0155539285569,0.6486998420796558,"{""type"":""Point"",""coordinates"":[80.50111536698402,21.701660843261312]}"
131,208.17607425760463,2025-03-01,286.794206119719,158,0,10,0.4563835932986713,5.67237703023693E-4,1.0520544058567685,299.33340177081885,0.4986258765570912,"{""type"":""Point"",""coordinates"":[84.09366859791976,21.023503638995017]}"
132,246.76577846452756,2025-03-01,286.9892454147339,453,0,10,0.44988864142538976,6.250557106568522E-5,25.26252308472079,300.57499635787235,0.944815010007177,"{""type"":""Point"",""coordinates"":[80.2867389781,17.83503147687602]}"
133,270.0,2025-03-01,280.6091591517131,655,0,40,0.40833681862540083,8.00740401132316E-5,0.4930424403927232,297.82077621278313,0.4218526217479876,"{""type"":""Point"",""coordinates"":[82.050175412618,19.85463339079987]}"
134,-0.0,2025-03-01,284.36716928936187,244,0,40,0.26341315550166716,2.5690612000062174E-4,0.9274099368611016,299.8207471484229,0.08145722438441572,"{""type"":""Point"",""coordinates"":[83.18324854260705,20.524263620518123]}"
135,187.60492759301073,2025-03-01,283.7764071055821,274,0,10,0.4519411986430456,1.338821331842155E-4,3.7375749748774774,300.03228337424144,0.28655232168172046,"{""type"":""Point"",""coordinates"":[83.18521638086872,20.57496940308143]}"
136,152.02309537860688,2025-03-01,282.3036520367577,301,0,40,0.33660791678705576,4.2935725849702067E-4,2.0995067104412612,298.5146645591372,0.23087175648733582,"{""type"":""Point"",""coordinates"":[82.62432761767028,19.733123915728704]}"
137,133.46916379960865,2025-03-01,285.26836790357316,896,0,40,0.2816375317495891,0.0017436545769555778,2.021412407346553,295.1140879222325,0.1734473143469599,"{""type"":""Point"",""coordinates"":[82.92922152214643,18.568269657202478]}"
138,90.0,2025-03-01,282.4973950613113,353,0,10,0.31950207468879666,1.6669449013306803E-4,0.5018202971312201,296.8924082347325,0.9082130065599253,"{""type"":""Point"",""coordinates"":[82.44665995556124,22.466187760163162]}"
139,208.34966906936108,2025-03-01,282.89610576629644,452,0,10,0.3352735739231665,0.0026044350544793815,5.254657521078098,298.20818088168187,0.5431950544127427,"{""type"":""Point"",""coordinates"":[83.77461477013233,22.077405491366722]}"
140,227.37542571933145,2025-03-01,280.82390408288865,669,0,40,0.2381669805398619,4.018795172555656E-4,2.053540822410193,295.8947798865182,0.699899011898518,"{""type"":""Point"",""coordinates"":[80.84213356781424,23.024026143415764]}"
141,270.0,2025-03-01,281.95939050401955,366,0,10,0.37855113636363635,1.5030471502086584E-5,2.963337843222495,299.2113837741671,0.1285488487766509,"{""type"":""Point"",""coordinates"":[80.84204070794515,20.260280753445034]}"
142,234.63520165106848,2025-03-01,284.2765117372785,598,0,50,0.33451957295373663,3.537338654382438E-4,2.402329760396275,296.87686461494087,0.35928486759563766,"{""type"":""Point"",""coordinates"":[82.57924905565014,18.858598349430014]}"
143,215.43878060435964,2025-03-01,282.2709139415196,361,0,40,0.2910631320032796,1.5030471502086584E-5,1.7070873643549227,298.54107243674144,0.11045977103070283,"{""type"":""Point"",""coordinates"":[81.51524491577177,20.487084601124927]}"
144,297.27319878440994,2025-03-01,281.71183191026955,686,0,10,0.7372311827956989,4.12012306867382E-4,9.03266939720826,295.2785805747622,0.7374252154623552,"{""type"":""Point"",""coordinates"":[83.00488776397962,23.576790181755953]}"
145,332.0384048886234,2025-03-01,281.1337766647339,645,0,40,0.7967086156824782,3.4762438934876627E-4,1.0499569026826001,298.21554579053605,0.4423919238322512,"{""type"":""Point"",""coordinates"":[82.0692404543971,19.62942274651988]}"
146,139.79666175256355,2025-03-01,280.82390408288865,658,0,40,0.23108884272271782,4.018795172555656E-4,5.448217638740137,295.8947798865182,0.699899011898518,"{""type"":""Point"",""coordinates"":[80.83357314263155,23.035421851832194]}"
147,133.42437762313037,2025-03-01,284.5458569753738,511,0,10,0.4368295589988081,3.2098111313416666E-4,3.3693125448752497,298.536579086667,0.3204766006607953,"{""type"":""Point"",""coordinates"":[81.25259978074696,18.833466762852375]}"
148,305.20357076095195,2025-03-01,281.1634862536476,399,0,10,0.46266523758485173,1.8383232770702307E-5,7.201780299887208,298.126167070298,0.202185112677094,"{""type"":""Point"",""coordinates"":[80.98355623415739,19.832897580445636]}"
149,-0.0,2025-03-01,282.56914915357316,306,0,40,0.37899662074343643,1.5030471502086584E-5,0.0,298.19656676337837,0.62253626597618,"{""type"":""Point"",""coordinates"":[81.37357118203775,21.899637820514414]}"
150,83.35251980229528,2025-03-01,289.9962441126505,299,0,30,0.27553083923154703,0.005396838156400463,48.20688384600896,298.99141888391404,0.5260236818115377,"{""type"":""Point"",""coordinates"":[83.25222075737743,18.751783738073787]}"
151,83.48453276904281,2025-03-01,282.7800866535732,332,0,30,0.4143955276030748,3.7063178223206705E-4,4.07998177688019,295.7479002362206,0.473292483945366,"{""type"":""Point"",""coordinates"":[83.39640542291248,23.982019223116865]}"
152,46.547001027442185,2025-03-01,285.5525999069214,863,0,40,0.4551398474391573,4.922401587350578E-4,0.6742534195040529,296.02152956099735,0.17355919838826547,"{""type"":""Point"",""coordinates"":[82.8443806224918,18.6648710105892]}"
153,199.79323941663498,2025-03-01,283.053006807963,271,0,40,0.3772483064704508,3.0450042885377115E-4,1.4782623518536648,298.3508229482742,0.6755674756127746,"{""type"":""Point"",""coordinates"":[82.24852312970889,22.148057513628505]}"
154,237.8946322016739,2025-03-01,285.4569549106416,281,0,40,0.40300337113086115,6.526064555032463E-4,1.744577185730603,297.8680523009528,0.4568108714347009,"{""type"":""Point"",""coordinates"":[83.70710388985812,19.75565402304953]}"
155,90.0,2025-03-01,282.74208790915355,378,0,30,0.32507739938080493,4.150983494355387E-5,0.5011080133867762,297.66922882625033,0.6974224749772585,"{""type"":""Point"",""coordinates"":[81.40878618265695,22.268368770848998]}"
156,112.01270334517386,2025-03-01,288.31446979159404,310,0,30,0.4005126561999359,0.002168024746595165,3.7066433935776035,297.7415932700747,0.5610661470783819,"{""type"":""Point"",""coordinates"":[83.73330805018523,19.38203695074053]}"
157,180.0,2025-03-01,279.9437538782756,914,0,40,0.4146153846153846,2.8548654717042155E-4,2.3174627380815918,294.7082273846581,0.9132334976770636,"{""type"":""Point"",""coordinates"":[81.72187030005136,22.891988987572347]}"
158,83.41665902922382,2025-03-01,280.7473485583351,502,0,10,0.5543284645529034,6.31402103124401E-4,4.03823917858686,296.1342237109229,0.8456928811894229,"{""type"":""Point"",""coordinates"":[82.90100838240251,22.590737224127366]}"
159,143.73666925822616,2025-03-01,284.1485994883946,667,0,10,0.22748815165876776,4.704844633920402E-4,14.627531008553683,297.10074156806587,0.33562091112315795,"{""type"":""Point"",""coordinates"":[82.82036366494236,19.312180744915715]}"
160,97.61418422833518,2025-03-01,281.59453977857316,420,1,10,0.32849020846494,2.027568024232096E-5,3.49557550514818,298.8445915494646,0.28950163259749845,"{""type"":""Point"",""coordinates"":[81.94552267580951,20.64805509833585]}"
161,38.94097592697457,2025-03-01,280.11121690840946,655,0,10,0.6061441512406459,2.0963963669373697E-4,4.758881241242786,297.83665116628015,0.6691233020218065,"{""type"":""Point"",""coordinates"":[80.91382639308371,21.855470929685875]}"
162,90.0,2025-03-01,285.9850020181565,147,0,40,0.3169331693316933,0.0011546861807687492,0.4970130109235341,299.7186382384527,0.5452598785827899,"{""type"":""Point"",""coordinates"":[83.77225802679882,21.08542450587293]}"
163,185.27815089766523,2025-03-01,290.33834325699576,254,0,10,0.46302886516409647,0.0069784325043542594,20.5009779832527,297.8367848623367,0.2691245391836924,"{""type"":""Point"",""coordinates"":[84.38265022240991,19.73500151375545]}"
164,270.0,2025-03-01,286.2375306174868,140,0,40,0.6107245884948244,0.0014510553757531852,2.487248158286202,299.3358199255807,0.5954958283583617,"{""type"":""Point"",""coordinates"":[83.92706768332074,21.30532194409466]}"
165,284.8377384083053,2025-03-01,280.3961464564006,587,0,40,0.5122370115929583,2.610486428125114E-4,3.617031504891832,297.36103616442,0.7062624060859184,"{""type"":""Point"",""coordinates"":[80.60068331336521,21.996232070932354]}"
166,19.18825601182603,2025-03-01,280.5520011811029,841,0,10,0.6997389033942559,2.231251875741691E-4,12.092803984312518,295.27748194194976,0.5548874532181356,"{""type"":""Point"",""coordinates"":[80.90058299720774,23.143800163164805]}"
167,313.09038941502575,2025-03-01,282.8780044828142,367,0,10,0.29722518676627535,1.5030471502086584E-5,1.3574114840114893,298.44571808406283,0.30981357107715163,"{""type"":""Point"",""coordinates"":[81.8367397240587,20.696148982127056]}"
168,190.1021437532146,2025-03-01,284.9542577380226,126,0,30,0.28583403185247275,4.317876499726481E-5,2.824000844574476,300.0286212648665,0.11587875131855145,"{""type"":""Point"",""coordinates"":[83.71658666073385,20.697364334714333]}"
169,347.84868613836335,2025-03-01,284.9549843470255,219,0,40,0.1530562347188264,0.0013742398897989005,2.3705153003531265,298.29580992744076,0.31570312274274365,"{""type"":""Point"",""coordinates"":[84.22829552312768,21.742542591858403]}"
170,260.53887307016794,2025-03-01,283.1134432383946,814,0,10,0.6979536614239811,3.9811102567455237E-5,8.402853224479252,298.68981220608663,0.11197042392739986,"{""type"":""Point"",""coordinates"":[81.03789080994731,19.20915133819555]}"
171,84.20182457676341,2025-03-01,282.65721416473394,410,0,30,0.29083181542197933,7.540997665955729E-5,17.76918996892342,295.30652305058067,0.374291755329281,"{""type"":""Point"",""coordinates"":[81.96708988895372,23.950459593182675]}"
172,138.41703223117347,2025-03-01,280.22989250364765,1029,0,10,0.6695178849144634,0.004288132158933422,16.286290749042497,294.16186391739615,0.8964175852745077,"{""type"":""Point"",""coordinates"":[83.90110693254303,23.321706594886546]}"
173,276.6825447204191,2025-03-01,285.32729298727855,646,0,10,0.6112646855563234,5.096745173318595E-4,7.919492721041346,296.92764586494087,0.44548060597252914,"{""type"":""Point"",""coordinates"":[84.25975684582346,20.39501029891321]}"
174,256.8579893782686,2025-03-01,283.5988703682309,184,0,10,0.38379771299726206,6.0166088758251135E-5,2.038787546295524,300.1191218694051,0.46875808034437416,"{""type"":""Point"",""coordinates"":[83.28978523456811,20.94536910112631]}"
175,245.0728760427515,2025-03-01,283.98631572723394,264,0,40,0.6163540445486518,1.9388910931184E-4,1.1001822046387975,298.0610861551194,0.6050317734151592,"{""type"":""Point"",""coordinates"":[82.0066238193863,21.640367757132715]}"
176,28.556514444609654,2025-03-01,280.47600369226365,865,0,40,0.3809222994314593,0.0052009772936685295,3.1646328728392397,294.24252332959855,0.9573978006896479,"{""type"":""Point"",""coordinates"":[83.96609932983276,23.2593017210774]}"
177,65.11953708351844,2025-03-01,283.3519395646595,293,0,10,0.503846953628613,7.234763781411857E-4,2.2034116357713756,298.96221501486633,0.4228773603504311,"{""type"":""Point"",""coordinates"":[83.63170370277331,21.945520919258122]}"
178,64.75050788742689,2025-03-01,283.7539054779779,220,0,10,0.38090936464920205,1.5030471502086584E-5,2.173303886680942,300.4243674051194,0.15845948666588563,"{""type"":""Point"",""coordinates"":[80.44324385956355,19.396696725447285]}"
179,90.0,2025-03-01,284.3148650668916,308,0,10,0.5696533682145193,3.0834492844178385E-4,1.4744236633881764,297.84995101747063,0.39794004588430104,"{""type"":""Point"",""coordinates"":[82.7308414172588,19.37466836937641]}"
180,313.59412405771394,2025-03-01,286.9892454147339,313,0,40,0.12852897473997027,6.250557106568522E-5,2.016780961381143,300.57499635787235,0.944815010007177,"{""type"":""Point"",""coordinates"":[80.34842504960393,17.8070226689989]}"
181,143.91553944683275,2025-03-01,282.0165368488857,424,0,40,0.3707659444613976,2.3543354672028727E-4,3.438881439364643,296.2213354110718,0.5114108371951476,"{""type"":""Point"",""coordinates"":[81.65639515026068,23.8303766155289]}"
182,155.47378089145596,2025-03-01,282.5181877045405,411,0,20,0.3047842087654734,7.155936638696403E-4,3.5635670147310448,299.9515832719349,0.4933446240575158,"{""type"":""Point"",""coordinates"":[82.5162932079706,20.06990788615569]}"
183,90.0,2025-03-01,282.339377948216,340,0,40,0.32076023391812863,6.817084233148307E-4,1.003270263463007,298.59763168153313,0.7300960300925745,"{""type"":""Point"",""coordinates"":[82.99636128313921,22.426200834276784]}"
184,289.02107504909384,2025-03-01,280.5864656993321,879,0,10,0.6487523992322457,1.3556596439912028E-4,4.260825435567123,294.88400863465813,0.4521858441684711,"{""type"":""Point"",""coordinates"":[80.98092976458737,23.175235751441036]}"
185,90.0,2025-03-01,282.8450920014155,316,0,40,0.310964649490713,2.238702456338615E-4,2.9734033040846533,298.5105897358485,0.65122931707839,"{""type"":""Point"",""coordinates"":[82.844947456464,20.780145086292723]}"
186,28.384704788117002,2025-03-01,279.2233065196446,705,0,40,0.22175290390707497,3.4543391865327067E-4,1.0541169648953777,296.77401165735154,0.8506013150356965,"{""type"":""Point"",""coordinates"":[80.95316430418,22.28288002348016]}"
187,120.34803138801858,2025-03-01,284.36716928936187,234,0,10,0.36076326774001194,2.5690612000062174E-4,4.5794794416428335,299.8207471484229,0.08145722438441572,"{""type"":""Point"",""coordinates"":[83.15190084554929,20.485130171621183]}"
188,107.41917313126791,2025-03-01,286.23067142849874,518,0,40,0.2911392405063291,4.471939484460563E-4,1.5487452129174515,296.02998147692,0.2902551504941027,"{""type"":""Point"",""coordinates"":[83.99946036425831,19.7386540260917]}"
189,199.45099650899803,2025-03-01,282.725585165478,492,0,40,0.39735894357743096,3.6166128319337076E-4,1.4751189998624321,297.7419304166521,0.2594969552909071,"{""type"":""Point"",""coordinates"":[81.56726283051927,19.28790456498654]}"
190,270.0,2025-03-01,285.3597288131714,577,0,10,0.5883480260636259,2.9393550556733317E-4,2.9310018714748356,299.65734731583365,0.6143249582642535,"{""type"":""Point"",""coordinates"":[81.3995587796012,18.46876644106843]}"
192,172.46708639315148,2025-03-01,283.09260990506124,595,0,10,0.315932407966204,2.9211756390168375E-4,3.736952583652613,298.3936928794497,0.3809891285074554,"{""type"":""Point"",""coordinates"":[81.97979969124344,19.043344425263875]}"
193,-0.0,2025-03-01,281.444346791222,457,0,40,0.37082314588427057,1.7951099096080725E-5,0.463735342881014,297.34112707773846,0.8620645675516387,"{""type"":""Point"",""coordinates"":[80.41125475879481,22.62438452415562]}"
194,342.6800739199146,2025-03-01,281.579362369719,570,0,10,0.5002675227394329,3.3673164051606364E-4,3.396417706996944,295.762647492545,0.5768887889221163,"{""type"":""Point"",""coordinates"":[81.74040719294908,23.623438002826607]}"
195,256.826669320564,2025-03-01,281.7434771855672,401,0,10,0.5127927927927928,1.74742619378776E-5,2.0340296727316223,299.397413117545,0.3737696152063287,"{""type"":""Point"",""coordinates"":[82.25759650291076,20.572548886152862]}"
196,332.2179296853123,2025-03-01,286.90513315654937,181,0,10,0.4801223241590214,1.2808558147980875E-4,2.0957366372136432,301.7482780729021,0.6474512530140359,"{""type"":""Point"",""coordinates"":[80.97981559723003,18.367091206358293]}"
197,19.777441967060913,2025-03-01,280.08583790915355,606,0,10,0.5937112122465866,1.8783923786713785E-4,2.9542667419414363,296.9221992038546,0.7505431510500814,"{""type"":""Point"",""coordinates"":[80.37076943994961,22.026266449251757]}"
198,290.4330152344304,2025-03-01,283.9782067707607,327,0,10,0.3987045699892047,4.340228241517252E-5,2.65481245739051,298.3725689025153,0.5941820415191829,"{""type"":""Point"",""coordinates"":[82.45994708805199,21.348771379119526]}"
199,-0.0,2025-03-01,281.655534244719,519,0,40,0.26861946670169445,0.003567154375730297,1.3909630807829783,295.6103734970093,1.0198400986394984,"{""type"":""Point"",""coordinates"":[83.78901661621131,22.847589815665565]}"
200,-0.0,2025-03-01,283.357200213841,358,0,30,0.2863406408094435,1.5030471502086584E-5,0.9274099368670311,298.62787024180096,0.20569712701864384,"{""type"":""Point"",""coordinates"":[81.60668844678544,20.616669999594624]}"
201,47.01099833689417,2025-03-01,283.91631130945115,292,0,40,0.16823464305478694,2.6474563298961584E-5,2.0394991955328243,298.2371347972325,0.5459600811478054,"{""type"":""Point"",""coordinates"":[81.68181102353795,21.226416218252222]}"
202,148.07683985750634,2025-03-01,282.44688120342437,436,0,30,0.27039139527935463,4.1080531281068033E-4,3.8190030633959733,295.5945624851045,0.9973904591160784,"{""type"":""Point"",""coordinates"":[82.82959169997075,23.47816527985599]}"
203,199.6211623353258,2025-03-01,283.2328512555077,307,0,40,0.4732055063913471,1.5894738851329748E-5,1.4766736436740222,298.44974640437533,0.37266182599058595,"{""type"":""Point"",""coordinates"":[81.85420416690245,20.769121399400746]}"
204,176.31434463137677,2025-03-01,284.30107693445115,777,0,10,0.7438097094950282,6.444257180078239E-4,14.98410029030099,298.3982327325004,0.40013407381440763,"{""type"":""Point"",""coordinates"":[83.25991776559749,19.803551879680644]}"
205,270.0,2025-03-01,285.024657431103,612,0,10,0.3119952138797487,8.417170922143669E-4,1.4689854558601332,297.4051733016968,0.52518162586712,"{""type"":""Point"",""coordinates"":[82.41350476316352,18.761603485526315]}"
206,337.1493560378501,2025-03-01,286.0386083239601,124,0,10,0.4576391350584899,2.5596734684540934E-4,2.514582171581581,301.71725477491105,0.6438357315500216,"{""type"":""Point"",""coordinates"":[80.24841646647938,18.338701077114393]}"
207,270.0,2025-03-01,282.58904080163865,402,0,30,0.33944444444444444,1.2818988960816569E-4,2.0125960163933083,295.9902388708932,0.8729863383337738,"{""type"":""Point"",""coordinates"":[82.5836101069359,22.882616720761604]}"
208,245.10062383719412,2025-03-01,284.8241598492577,207,0,50,0.2766217870257038,9.249102751596183E-4,1.1013296615857602,298.50834015437533,0.31885615193063077,"{""type"":""Point"",""coordinates"":[84.04104762515838,21.822051891816088]}"
209,28.61026765860936,2025-03-01,282.14161822909404,491,0,10,0.4162621359223301,7.895645302369303E-5,1.056371823629568,296.06094664619076,0.26565083716119653,"{""type"":""Point"",""coordinates"":[80.93303794627647,23.555186257195643]}"
210,287.07171343497765,2025-03-01,281.72957279568624,522,0,30,0.018840428853960655,2.729099671228141E-4,1.5792843720954726,295.8680523009527,0.8401213265853155,"{""type"":""Point"",""coordinates"":[82.8098482869396,22.882800485355922]}"
211,-0.0,2025-03-01,280.61545449211485,593,0,10,0.6562376237623763,1.9965585869385905E-4,8.289099835320444,296.8062789099557,0.9220551800374251,"{""type"":""Point"",""coordinates"":[81.81275409265545,22.598098432253927]}"
212,312.79119947501454,2025-03-01,282.30172216324576,299,0,40,0.29954954954954954,0.0011245411316735954,0.6826203542209658,298.374963805789,0.6079452481452537,"{""type"":""Point"",""coordinates"":[83.53368157278787,22.22221537980749]}"
213,-0.0,2025-03-01,281.4647499720256,594,0,40,0.29982318767365496,7.407319228036613E-4,1.8543341688414132,298.0384740829468,0.2626451013680664,"{""type"":""Point"",""coordinates"":[82.3228400981219,19.572337384179907]}"
214,353.83973987857274,2025-03-01,282.29207860855826,259,1,10,0.3204670002382654,0.0010973316113336296,4.65412508917572,298.6516681398665,0.5216074335493257,"{""type"":""Point"",""coordinates"":[83.46590021316737,22.104280310640643]}"
215,116.21831328060682,2025-03-01,282.36276313236783,585,0,10,0.5222262378026744,2.7504083317353434E-4,7.30794365073413,295.44375333331874,0.3933473673907679,"{""type"":""Point"",""coordinates"":[82.16562147824311,23.85583893184035]}"
217,93.7740289637519,2025-03-01,281.1640326636178,527,0,10,0.44930629669156885,1.613315743043131E-5,7.01029700384696,297.24845827193485,0.787127409547948,"{""type"":""Point"",""coordinates"":[80.50314754362891,22.556306317732904]}"
218,331.4235760902913,2025-03-01,282.0062887555077,455,0,40,0.36741329479768786,1.5030471502086584E-5,3.1652304341702426,296.5119499479021,0.3990808931503313,"{""type"":""Point"",""coordinates"":[80.52861078991575,23.36975976594335]}"
219,301.93964956799573,2025-03-01,282.72119644709994,365,0,30,0.20636152055857254,1.5030471502086584E-5,1.752658917088014,298.7902935118902,0.3120921964771475,"{""type"":""Point"",""coordinates"":[81.0608237358557,20.754350148006115]}"
220,42.848312784084264,2025-03-01,282.52271011897494,358,0,10,0.408752604941947,0.004194165436445019,4.418945237363746,297.41320669083365,0.6485956400028033,"{""type"":""Point"",""coordinates"":[84.26762649983097,22.472022376465794]}"
221,208.5150552928287,2025-03-01,281.3990354537964,562,0,40,0.1033458209533652,8.417766968591422E-4,1.0554168547684883,295.7349956603278,0.7897364880632078,"{""type"":""Point"",""coordinates"":[83.08434724543375,23.028435442746115]}"
222,244.5954672551287,2025-03-01,290.2845044363113,120,0,10,0.5685981308411215,0.013711581794439098,3.2394691536588414,297.07356057848256,0.3720225298674843,"{""type"":""Point"",""coordinates"":[83.11248948044569,18.219897994360817]}"
223,326.76311217905226,2025-03-01,282.49302378154937,462,0,30,0.4523563811489508,1.5030471502086584E-5,2.7700720793891707,295.92007750556587,0.28657551247449314,"{""type"":""Point"",""coordinates"":[80.91686853167623,23.70805331171168]}"
224,227.0737180740152,2025-03-01,284.389432589213,264,0,40,0.15433287482806052,5.1448909459850256E-5,0.6808883273878257,298.26938461122063,0.5644555426680725,"{""type"":""Point"",""coordinates"":[82.1632288360248,21.547809668056203]}"
225,258.30526983745193,2025-03-01,282.5733518600464,591,0,10,0.31488721804511277,1.5030471502086584E-5,4.566054672364529,297.9546931584676,0.5199797116698281,"{""type"":""Point"",""coordinates"":[80.77780713858371,21.33416058914573]}"
226,-0.0,2025-03-01,285.7279742558797,188,0,30,-0.16760828625235405,8.837830702645988E-4,0.0,298.8628614062355,0.41170793580102377,"{""type"":""Point"",""coordinates"":[83.71470639153056,21.670513500427266]}"
227,28.222391438757356,2025-03-01,283.63938608623687,279,0,10,0.29403547981561673,1.6848413167735998E-5,2.104310951097506,298.3702205022176,0.47069908826332385,"{""type"":""Point"",""coordinates"":[81.25314765974181,21.31113208421119]}"
228,139.0720765711727,2025-03-01,280.3310539154779,577,0,40,0.2587277494135504,1.8080588978364176E-4,3.066060190679956,296.3387961160569,0.7719926901030688,"{""type"":""Point"",""coordinates"":[80.78256853353558,22.68553086877844]}"
229,109.44987060170315,2025-03-01,288.17011292775476,391,0,10,0.6350597609561753,0.004019091693578503,24.789299248333514,297.3870138894944,0.33981937337780715,"{""type"":""Point"",""coordinates"":[83.08168505564264,18.57833671578161]}"
230,-0.0,2025-03-01,287.3086569195702,265,0,80,-0.241869918699187,2.4055954617097086E-4,0.0,296.31716641925635,0.5199621649319389,"{""type"":""Point"",""coordinates"":[82.84118287519505,24.06833144989536]}"
231,160.37349937094456,2025-03-01,284.4910997209095,151,0,10,0.3601863268940951,6.813820999695963E-5,1.4767226783142609,299.8455390476046,0.1580934173339031,"{""type"":""Point"",""coordinates"":[83.5431326838076,20.81386946154718]}"
232,180.0,2025-03-01,284.5369109653292,225,0,40,0.11738746690203,9.25431815801403E-4,1.3909630807829783,298.8248510360718,0.42797892953431244,"{""type"":""Point"",""coordinates"":[83.45443351314373,21.731183809145072]}"
233,96.23446740755469,2025-03-01,280.09056377410883,367,0,10,0.4722010662604722,5.080815952851481E-5,8.478211462235272,297.51132215772355,0.6836062821727449,"{""type"":""Point"",""coordinates"":[80.49397747253083,21.787145266621348]}"
234,180.0,2025-03-01,282.7967870348976,353,0,30,0.26540880503144654,0.004840130774198315,2.7802885155465065,297.5122754687355,0.7057810667890251,"{""type"":""Point"",""coordinates"":[83.87910872980858,22.328476811758158]}"
235,-0.0,2025-03-01,284.1731588726952,255,0,40,0.236737491432488,3.4880158108308024E-4,0.0,298.0785596484229,0.5835797316506774,"{""type"":""Point"",""coordinates"":[82.13869833345106,21.650704681924488]}"
236,102.95252164808375,2025-03-01,279.97072560446605,868,0,10,0.4485581395348837,0.0030398916880471916,2.068067695120388,293.53038837796163,1.1124665886389349,"{""type"":""Point"",""coordinates"":[83.84498519356494,23.076560716573344]}"
237,207.89240751751237,2025-03-01,284.64689050401955,182,0,10,0.569270608545533,1.5030471502086584E-5,1.0492851964570324,300.6117104575747,0.25660093722774124,"{""type"":""Point"",""coordinates"":[80.36163955386384,19.154220905961992]}"
238,24.174758188266498,2025-03-01,282.4600008555821,668,0,30,0.37668463611859837,3.8629290264680094E-4,16.318676854220357,297.45700668153313,0.3931456896833037,"{""type"":""Point"",""coordinates"":[81.67233366278307,19.074420817708546]}"
239,344.79052986609025,2025-03-01,281.4936399459839,470,0,10,0.5662650602409639,6.885346573426432E-5,5.747586360330515,295.3035584858485,0.9478883773686907,"{""type"":""Point"",""coordinates"":[82.13464018487468,23.13896738847576]}"
240,35.58415650983635,2025-03-01,283.63823513757615,326,0,40,0.3912810194500335,3.221151035859293E-5,1.7101791775625064,298.4362721670242,0.5569685450876776,"{""type"":""Point"",""coordinates"":[82.43595482738552,21.293054658435977]}"
241,294.462484109314,2025-03-01,282.30012943631124,493,0,10,0.6864945753834643,1.1133667629792399E-4,15.303885412587837,298.8322973251343,0.10555601354530553,"{""type"":""Point"",""coordinates"":[80.79779119892842,19.546492312306302]}"
242,200.94972115177228,2025-03-01,280.45090952373687,598,0,30,0.16722878021360316,3.6863502663209147E-4,8.381416182097691,296.1020262127831,0.7860242932491899,"{""type"":""Point"",""coordinates"":[80.83415829688757,22.80095358401696]}"
243,312.5235654642776,2025-03-01,282.5137873604184,399,0,40,0.8277387457715326,1.7107543152405924E-4,0.6860894208217999,296.5626672563099,0.44091978119614983,"{""type"":""Point"",""coordinates"":[80.28016106909662,23.49609465225219]}"
244,308.34974678378404,2025-03-01,292.95151987529937,98,0,10,0.35528846153846155,0.0012744766156060905,3.7318229743938045,299.78236475444976,0.9407020439985828,"{""type"":""Point"",""coordinates"":[83.54682406138855,18.305633522653448]}"
245,122.3853394390492,2025-03-01,281.7259920665196,483,0,10,0.5925721640007354,0.004198263255773327,7.744910945511769,294.98977384113135,0.513856703733952,"{""type"":""Point"",""coordinates"":[84.30534394641037,23.630004848738203]}"
246,-0.0,2025-03-01,285.7279742558797,188,0,30,-0.15369522563767168,8.837830702645988E-4,0.0,298.8628614062355,0.41170793580102377,"{""type"":""Point"",""coordinates"":[83.694480294288,21.667859303184503]}"
247,14.974944911885439,2025-03-01,281.22121388571605,398,0,10,0.4601941747572815,1.5030471502086584E-5,1.9194753260341266,299.6978223437354,0.3800454594638407,"{""type"":""Point"",""coordinates"":[80.40032948569097,20.828531638844062]}"
249,64.8130444573999,2025-03-01,280.9047262555076,664,0,10,0.7053983544049769,1.5030471502086584E-5,8.651216908576101,298.6543013708932,0.1660034296493336,"{""type"":""Point"",""coordinates"":[80.85492207092493,19.852310177232415]}"
250,46.86497080308862,2025-03-01,285.17464115506124,152,0,40,0.4420158708060699,2.656531016214103E-4,0.6782363762358787,299.92657629648846,0.38111107455964033,"{""type"":""Point"",""coordinates"":[83.5265085797295,20.45781811983729]}"
251,-0.0,2025-03-01,282.2603228886922,325,0,40,0.5950238221281101,2.973791760041422E-5,0.0,298.3237233388992,0.6092694456114057,"{""type"":""Point"",""coordinates"":[81.2655003860479,21.941950203684613]}"
252,180.0,2025-03-01,285.5919879277547,154,0,10,0.5431765612952968,1.5581814466258948E-5,0.463735342881014,300.586377961295,0.3849233678631619,"{""type"":""Point"",""coordinates"":[80.38965373583248,18.909669793021255]}"
253,203.5309974843725,2025-03-01,281.37974253154937,551,0,40,0.3487133984028394,9.972867172791666E-5,2.5273903527712553,295.3521773474557,0.7336896325070531,"{""type"":""Point"",""coordinates"":[82.96305475500283,23.280982079242534]}"
254,15.202210934359751,2025-03-01,282.0373876208351,466,0,30,0.14373440798311266,7.810708683564371E-5,3.838742475573917,295.692340805417,0.904758833963907,"{""type"":""Point"",""coordinates"":[82.44338746307392,23.0714889952715]}"
255,47.56939181926718,2025-03-01,283.22985181354346,388,0,40,0.7525658807212205,1.568612259461588E-5,0.6873061142607041,296.25626495906283,0.5671157891465483,"{""type"":""Point"",""coordinates"":[80.43085832789832,23.920901964888387]}"
256,151.78851505598317,2025-03-01,283.9266698473976,286,0,30,0.23129067245119306,8.174297016694254E-5,3.154373100341844,298.3620708556403,0.619373833229113,"{""type"":""Point"",""coordinates"":[82.51390662112462,21.244223462739445]}"
257,313.3142926234381,2025-03-01,287.85045146942133,442,0,40,0.47435489009238613,0.0038611393849237174,1.3517769817872585,297.43924835750033,0.6044172724104186,"{""type"":""Point"",""coordinates"":[83.5909028107921,19.468669643200815]}"
258,-0.0,2025-03-01,289.5396255765642,165,0,30,0.44027093596059114,0.0046222161928994865,1.390963080774087,298.7487663541521,0.45390588117235087,"{""type"":""Point"",""coordinates"":[83.2124371825848,18.716615091305883]}"
259,111.84369997375715,2025-03-01,281.32164287567144,376,0,40,0.270737175260451,1.5030471502086584E-5,3.7338253930625425,299.29046208517894,0.33618049137354716,"{""type"":""Point"",""coordinates"":[80.48518801360531,20.71865133729741]}"
260,-0.0,2025-03-01,283.75852671123687,317,0,40,0.24929551005072328,1.5030471502086584E-5,0.9274099368611016,298.6864233016968,0.3415861401229283,"{""type"":""Point"",""coordinates"":[81.70336194012702,20.82325060925503]}"
261,201.89057010488892,2025-03-01,281.4164217540196,362,0,30,0.20642668293675004,1.5030471502086584E-5,3.991775764541702,299.4347898846581,0.39800093293303684,"{""type"":""Point"",""coordinates"":[80.6132112349452,21.046801434493904]}"
262,340.09880622292235,2025-03-01,281.3990354537964,600,0,30,0.23204285366447527,8.417766968591422E-4,7.357275833895607,295.7349956603278,0.7897364880632078,"{""type"":""Point"",""coordinates"":[83.0690748439492,22.962042712982466]}"
263,294.8891660915036,2025-03-01,284.5727473213559,286,0,10,0.5557103064066853,0.002049605218587658,2.202690922774062,298.24368590400337,0.32895311849508907,"{""type"":""Point"",""coordinates"":[84.33706744796329,21.88885719630644]}"
264,56.486648944123786,2025-03-01,283.1468846911476,568,0,10,0.4979531075548939,2.3322817486359781E-4,5.858924660560934,298.54668185824437,0.2849059130341002,"{""type"":""Point"",""coordinates"":[82.0352717129401,18.909607639554835]}"
265,121.44794362050621,2025-03-01,281.6344277064006,608,0,10,0.37218543046357616,2.3662563961579508E-4,1.7771734643743575,294.8755683444796,0.8200201661288637,"{""type"":""Point"",""coordinates"":[83.001567610147,23.461799234231822]}"
266,208.14250080888925,2025-03-01,283.1428679965791,308,0,40,0.45966709346991036,1.5030471502086584E-5,2.1027408259645095,298.817829086667,0.311906495356012,"{""type"":""Point"",""coordinates"":[81.20907261509367,20.812731650508546]}"
267,249.20561520127848,2025-03-01,286.1668867837815,503,0,30,0.2229558151345861,3.7279245060517496E-4,2.610729269727398,300.4719922656105,0.7445058842413297,"{""type"":""Point"",""coordinates"":[80.70879986612618,18.308141558296363]}"
268,3.6865431118958405,2025-03-01,283.3738192149571,365,0,10,0.5785330948121645,1.5030471502086584E-5,7.850520394305141,295.9115209579468,0.3935832122353157,"{""type"":""Point"",""coordinates"":[81.33618619823434,24.08184536263382]}"
269,270.0,2025-03-01,286.86341998690654,166,0,30,0.4056622450999802,9.519856850488395E-4,0.9962554132979244,299.41914163317,0.5561919053367402,"{""type"":""Point"",""coordinates"":[83.90562792031135,21.427119103570487]}"
270,180.0,2025-03-01,281.7220625650315,477,0,30,0.3148148148148148,3.4689423245026774E-4,0.9274099368611016,296.04321157364615,0.4941207548810806,"{""type"":""Point"",""coordinates"":[81.50942153647993,23.680673346541354]}"
271,278.9069011848247,2025-03-01,282.0948885508946,316,0,40,0.4476699770817418,5.968925160004801E-5,2.9924792688323816,300.1494418098813,0.1324463477971724,"{""type"":""Point"",""coordinates"":[80.39473572567202,19.895149644783064]}"
272,203.09424868524934,2025-03-01,281.95939050401955,347,0,10,0.3276372001314492,1.5030471502086584E-5,2.519112532056442,299.2113837741671,0.1285488487766509,"{""type"":""Point"",""coordinates"":[80.7771814370493,20.27368954060527]}"
273,180.0,2025-03-01,286.11509990692144,116,0,40,0.3494967978042086,1.2118634384705729E-4,0.9274099368611016,299.97685763949437,0.24600365428793425,"{""type"":""Point"",""coordinates"":[83.85956300813969,20.80804200405127]}"
274,144.01240086912517,2025-03-01,281.63495667775476,527,0,40,0.267728834739144,7.849451702668375E-5,3.434664744341478,296.05429090772355,0.2931076592760465,"{""type"":""Point"",""coordinates"":[80.79783256886604,23.364057756649622]}"
275,284.4693065679195,2025-03-01,281.56820746830533,881,0,10,0.6307106598984772,0.005954886643110058,12.776032595744676,295.62298161642894,0.9545121615799176,"{""type"":""Point"",""coordinates"":[84.04878993627995,22.840026816526855]}"
276,207.83868560857582,2025-03-01,284.4643605096,911,0,50,0.1024390243902439,4.3716546696259684E-4,5.229839174640648,295.19482290177115,0.18477171923189953,"{""type"":""Point"",""coordinates"":[82.91390894775357,18.776212529333165]}"
277,344.78052741935926,2025-03-01,281.7272476468767,556,0,40,0.20688250865404195,1.6162809532715983E-4,1.9216848780923135,295.72419534410756,0.9239808059709776,"{""type"":""Point"",""coordinates"":[82.43575942674526,23.23154919847659]}"
278,270.0,2025-03-01,283.4971392949422,217,0,40,0.40028832292167227,7.190805355890006E-4,1.997774447512168,298.7140983854021,0.4282680454626256,"{""type"":""Point"",""coordinates"":[83.48308161405592,21.852217259309203]}"
279,69.86096659465913,2025-03-01,281.7257188615345,512,0,40,0.3151498784769106,4.974257628305168E-4,5.371904223091336,295.85138098398846,0.4942470626394571,"{""type"":""Point"",""coordinates"":[81.50630051070378,23.53698857874559]}"
280,312.92223205156733,2025-03-01,284.29011967068624,245,0,30,0.15001491201908737,1.9591566723420328E-4,1.3616878399555172,298.23031048547654,0.42638449096264763,"{""type"":""Point"",""coordinates"":[82.99923018371403,21.568540101358234]}"
281,290.0837685653532,2025-03-01,286.41847951071605,846,0,10,0.7405523255813954,0.0030136954466684074,9.368937802337765,296.1922419865926,0.23367293583758328,"{""type"":""Point"",""coordinates"":[84.20878627468191,19.918255247880044]}"
282,289.2142150191375,2025-03-01,283.3484344028292,279,0,40,0.36042051427759625,1.8264023481151526E-5,4.219739164983809,298.5960215159825,0.5956822094946183,"{""type"":""Point"",""coordinates"":[81.56783712369159,21.66239164034388]}"
283,113.87591934063474,2025-03-01,284.30107693445115,573,0,10,0.7034577065833171,6.444257180078239E-4,9.088884861675611,298.3982327325004,0.40013407381440763,"{""type"":""Point"",""coordinates"":[83.2611295080223,19.847116481726818]}"
284,270.0,2025-03-01,284.21922007061187,313,0,10,0.3666387259010897,1.615535895211906E-4,8.902498234103389,298.25585224514913,0.4543696714702267,"{""type"":""Point"",""coordinates"":[82.69832152531401,21.551252942369793]}"
285,207.97550151783335,2025-03-01,280.80042589278446,629,0,40,0.5425563030125767,7.941838902070231E-5,1.0500922013450644,298.3061684653872,0.3904138253148995,"{""type"":""Point"",""coordinates"":[81.89468410393424,19.723271099359316]}"
286,-0.0,2025-03-01,283.26270035334994,566,0,10,0.5249386753883892,1.7790016335084147E-4,0.9274099368611016,298.7181673958188,0.13087425641533604,"{""type"":""Point"",""coordinates"":[82.16103252670023,19.00745197461205]}"
287,338.85608731753234,2025-03-01,284.4969009671892,696,0,10,0.7960185437687483,3.845941702707023E-4,15.980544386004635,297.1020552771432,0.4934296825490669,"{""type"":""Point"",""coordinates"":[83.59039967765179,19.90828943704095]}"
288,270.0,2025-03-01,292.1466521762666,64,0,40,0.3282286881061766,0.002061034409223339,0.9795784221277958,298.80948180244087,0.6815875221046527,"{""type"":""Point"",""coordinates"":[83.89468070624166,18.785292679842975]}"
289,252.7330766938639,2025-03-01,281.6470939545405,426,0,10,0.34438083760168725,1.5030471502086584E-5,1.5619732088998186,299.10958875928605,0.49786037074170136,"{""type"":""Point"",""coordinates"":[80.54687798649194,21.17247931958475]}"
290,126.91895213929773,2025-03-01,289.1602949869065,290,0,10,0.5166257531800937,0.005936170784650585,19.991875897448832,298.1574693861462,0.5445359864203175,"{""type"":""Point"",""coordinates"":[83.25363042895626,18.891821745950292]}"
291,90.0,2025-03-01,281.6100601468767,458,0,10,0.6539693841224635,3.626745621545524E-4,2.025507062535426,296.1247545423962,0.53315839995035,"{""type"":""Point"",""coordinates"":[81.64804525063548,23.7326130401503]}"
292,72.9513470164328,2025-03-01,281.4936399459839,497,0,30,0.28982558139534886,6.885346573426432E-5,3.1603063655990513,295.3035584858485,0.9478883773686907,"{""type"":""Point"",""coordinates"":[82.10017528050545,23.07733071092657]}"
293,339.8670553660074,2025-03-01,284.23283962976365,663,0,10,0.6589977938859124,3.009539524896354E-4,24.145409916585418,296.7218062537057,0.3576457963830994,"{""type"":""Point"",""coordinates"":[82.83824340003667,19.22577609744042]}"
294,137.22999794827504,2025-03-01,288.1775534039452,229,0,10,0.33684922244759974,0.005207548705755016,5.040811743692536,297.3391332626343,0.47471734269840277,"{""type"":""Point"",""coordinates"":[83.24815853148436,18.931306106019402]}"
295,196.79565740031762,2025-03-01,284.3907230468023,456,0,10,0.6764199655765921,1.1014458340241617E-4,6.750328921588722,299.03482941218783,0.33504143777621403,"{""type"":""Point"",""coordinates"":[81.1385537617709,18.810707566397635]}"
296,-0.0,2025-03-01,281.4164217540196,359,0,40,0.37248592115848755,1.5030471502086584E-5,0.0,299.4347898846581,0.39800093293303684,"{""type"":""Point"",""coordinates"":[80.62327240295038,21.022333561296175]}"
297,301.5853316941686,2025-03-01,280.7397918247041,593,0,30,0.26248927038626607,1.748752276284904E-4,5.297271040229791,296.8381857644945,0.7659149916430933,"{""type"":""Point"",""coordinates"":[80.7271969255004,22.73816188080475]}"
298,68.15760660626594,2025-03-01,282.5443456286476,349,0,10,0.3007900677200903,2.468627373559684E-4,3.734037216867682,299.370551835923,0.6288843971658825,"{""type"":""Point"",""coordinates"":[82.60830398290837,20.7280948505997]}"
299,321.6211937518145,2025-03-01,285.98910009293326,154,1,10,0.38444924406047515,5.7752100644847815E-5,2.364936247284874,300.39400677453904,0.4432313240196786,"{""type"":""Point"",""coordinates"":[80.51697559274386,18.74064450246177]}"
300,133.0179488516914,2025-03-01,281.99254712604346,357,0,40,0.28012519561815336,1.5030471502086584E-5,3.3947819079776234,298.9626451673962,0.44095540820044327,"{""type"":""Point"",""coordinates"":[80.48884024056971,21.076376289954887]}"
301,171.7893555846677,2025-03-01,284.6796460378738,892,0,30,0.5684093437152391,2.9581305187775797E-4,10.19895675124648,296.3645703906104,0.3542196291141258,"{""type"":""Point"",""coordinates"":[82.82824387863245,19.08163782311245]}"
302,249.79321826548212,2025-03-01,281.9866528738113,494,0,10,0.4098360655737705,4.252311390473551E-5,2.683230726756589,295.93296464284265,0.8207298905003098,"{""type"":""Point"",""coordinates"":[81.77580114624597,23.05086942892375]}"
303,265.9791408027953,2025-03-01,282.6217905226208,324,0,10,0.5006535947712418,1.5030471502086584E-5,19.100402931363966,299.76653630392894,0.31891022180223993,"{""type"":""Point"",""coordinates"":[80.30386213693109,20.407278854743605]}"
304,180.0,2025-03-01,281.5375387555077,364,0,10,0.4705407586763519,1.5030471502086584E-5,0.4637353428839794,299.69193390437533,0.09551339184643419,"{""type"":""Point"",""coordinates"":[80.72217116106829,20.2336234496538]}"
305,238.08291868987857,2025-03-01,284.5897092819214,172,0,40,0.2937956204379562,1.256268898828239E-4,1.7537664550977197,299.8447019940331,0.3200341755183952,"{""type"":""Point"",""coordinates"":[83.62809567408479,20.885995087688958]}"
306,297.94299389635495,2025-03-01,280.22910776592437,674,0,10,0.5666912306558585,1.7082211178376383E-4,14.525431732395788,295.03185322171163,0.4190934682093452,"{""type"":""Point"",""coordinates"":[81.14895349263823,23.158842097053785]}"
307,98.99264883592616,2025-03-01,286.4358658109392,128,0,10,0.4441670827092694,3.453147093637199E-4,2.964227128179443,300.8067497525897,0.7722560295833304,"{""type"":""Point"",""coordinates"":[80.826796743438,18.28328857489566]}"
308,290.4499412890816,2025-03-01,283.5760955356416,263,0,10,0.372889091738932,1.2661036652161783E-4,2.652712115316518,299.37765516553605,0.6520405624107357,"{""type"":""Point"",""coordinates"":[83.25041841654652,21.216080656549916]}"
309,350.0550737002052,2025-03-01,294.1064852305821,17,0,10,0.27199230028873916,0.0013410252014978141,2.822633759283493,299.3334017708188,1.357948530144143,"{""type"":""Point"",""coordinates"":[83.52386399124518,18.092477451709392]}"
310,226.96054018716552,2025-03-01,286.794206119719,126,0,30,0.24396071144146536,5.67237703023693E-4,1.3587025861090596,299.33340177081885,0.4986258765570912,"{""type"":""Point"",""coordinates"":[84.10138624609017,20.9645839495073]}"
311,327.9810049502654,2025-03-01,282.85781056540355,406,0,30,0.21899059024807527,8.165356319977946E-5,3.8229803798936968,295.11813368116105,0.34045607932110533,"{""type"":""Point"",""coordinates"":[82.23859936969751,23.963848238430742]}"
312,313.16878221447155,2025-03-01,280.847928682963,445,0,30,0.33771569433032045,1.0175522965027994E-4,0.6778103560502751,299.05576737721765,0.26510197032059346,"{""type"":""Point"",""coordinates"":[82.07667936400709,20.275706335079366]}"
313,104.95234105253697,2025-03-01,281.4174041293916,426,0,10,0.3592484612892776,1.5030471502086584E-5,3.5900048025322047,299.1380078906104,0.35508713912666146,"{""type"":""Point"",""coordinates"":[80.4684541704299,20.819773402911398]}"
314,144.21277386770166,2025-03-01,282.3015012741089,348,0,40,0.21428571428571427,3.0284639996125406E-4,1.7145353038854745,297.7000254222325,0.809519127090465,"{""type"":""Point"",""coordinates"":[81.98419938073526,22.363131987943774]}"
315,245.03835350809948,2025-03-01,285.7113726933797,400,0,10,0.6648256272684235,0.0019461613575799674,16.049972129492364,298.54886749812533,0.556174394224232,"{""type"":""Point"",""coordinates"":[84.32996005585977,21.410813913741592]}"
316,69.88577591002877,2025-03-01,282.06873062678744,455,0,30,0.3585746102449889,7.324766795022697E-4,2.695045522846573,295.8501021521432,0.32024013981392285,"{""type"":""Point"",""coordinates"":[83.72901444052268,23.712482388504277]}"
317,245.03877025897782,2025-03-01,284.09457465580533,276,0,40,0.35444427026179653,6.45023266656608E-5,2.196743304976887,298.22340479351226,0.5541952257624057,"{""type"":""Point"",""coordinates"":[82.70132125825384,21.4136227835535]}"
318,130.27388749287394,2025-03-01,285.24163450513566,1127,0,30,0.4109651110104214,5.108517090661735E-4,22.449530395860787,294.75962479909265,0.07899627197991786,"{""type"":""Point"",""coordinates"":[82.7254244232913,18.198859863516354]}"
319,327.610059069544,2025-03-01,285.72445746830533,247,0,10,0.6515801794771752,1.5581814466258948E-5,5.475142083402876,300.9300117038545,0.38444838262013875,"{""type"":""Point"",""coordinates"":[80.34706424642879,18.947565985915737]}"
320,123.373897102307,2025-03-01,289.75753852299283,791,0,10,0.40559220860823125,4.8109409016205973E-4,18.696324546065295,297.246057555789,0.5995609057279397,"{""type"":""Point"",""coordinates"":[83.95323963084155,19.068775262082053]}"
321,242.36149412003033,2025-03-01,281.4500608444214,681,0,10,0.5763239875389408,1.240026633126945E-4,9.89722217235831,298.38197412944976,0.2838076724035898,"{""type"":""Point"",""coordinates"":[81.24281154213543,19.514331200642395]}"
322,302.20077646715515,2025-03-01,284.5346206937517,217,0,10,0.5112033195020746,1.5030471502086584E-5,1.7399645885983086,300.6077751432146,0.22255314129703985,"{""type"":""Point"",""coordinates"":[80.54922485838159,19.156413532158425]}"
323,270.0,2025-03-01,284.1610390345256,257,0,10,0.23938572719060525,6.322663704736442E-4,1.5001348168071016,298.27607522692,0.4887719803697728,"{""type"":""Point"",""coordinates"":[82.68203525446822,21.998029087203932]}"
324,270.0,2025-03-01,280.9719230561029,344,0,10,0.48358862144420134,4.800674122407145E-5,1.9968989266809873,297.6352525892712,0.7115370757021314,"{""type"":""Point"",""coordinates"":[80.39544689105112,21.789495947800173]}"
325,208.41531926631325,2025-03-01,281.4246469679333,615,0,40,0.3944508009153318,0.003157521454511425,3.1604124259877175,296.14934880392894,0.8480654846473716,"{""type"":""Point"",""coordinates"":[83.58973292198125,22.460733410270112]}"
326,332.0536218974513,2025-03-01,284.0998411178589,244,0,40,0.3960292580982236,9.443264881952018E-4,1.0498089636313397,297.8680464880807,0.21222592639247234,"{""type"":""Point"",""coordinates"":[82.8661070322215,19.525967161868696]}"
327,-0.0,2025-03-01,287.2269744418916,188,0,80,-0.07033639143730887,7.7391680878236E-4,0.0,299.08515725817,0.5425726140810649,"{""type"":""Point"",""coordinates"":[83.80799038537218,21.498090117049735]}"
328,180.0,2025-03-01,282.5226113001505,446,0,40,0.25891946992864423,5.721997897012443E-4,4.166350197281316,295.4049872897921,0.5933093224446562,"{""type"":""Point"",""coordinates"":[82.97886921089035,23.892792300011283]}"
329,199.5103040458816,2025-03-01,281.334733463469,489,0,10,0.6043282972641895,3.1190630596711344E-4,2.9493628843683664,298.45220524924144,0.18293814223981383,"{""type"":""Point"",""coordinates"":[81.284402873301,19.819322133900176]}"
330,90.0,2025-03-01,283.7682632718768,308,0,40,0.30215998101115593,2.1125046430370276E-5,1.4911638752444725,298.22262005578904,0.49824418084342925,"{""type"":""Point"",""coordinates"":[81.72121498403678,21.128357212430622]}"
331,180.0,2025-03-01,284.2659904389155,156,0,40,0.24380165289256198,1.0454174679352946E-4,1.8543341688295631,299.95478616442,0.47584762465263775,"{""type"":""Point"",""coordinates"":[83.39387846934925,21.012273660729974]}"
332,283.11631380785525,2025-03-01,283.49098927634105,297,0,40,0.2324151500245942,1.8457738576671545E-5,2.0427082892229596,298.4098003478278,0.47825860810230414,"{""type"":""Point"",""coordinates"":[81.36502314606264,21.24645221557061]}"
333,64.60121456384589,2025-03-01,285.9539205914452,165,0,40,0.3561314453646807,2.0999726456238932E-4,1.0810752029635877,300.63494450705394,0.6215853968424458,"{""type"":""Point"",""coordinates"":[81.51555551881967,18.26539650385295]}"
334,126.37901176350806,2025-03-01,280.1960383369809,596,0,40,0.31077576043385996,0.0017988484780175895,3.1243767732043177,294.1427511941819,0.9141497929501357,"{""type"":""Point"",""coordinates"":[83.15046366706912,22.945825978208298]}"
335,337.3433603472585,2025-03-01,281.3253573008946,693,0,10,0.7013589128697042,7.341903130395622E-4,16.604821921839132,295.2381171726046,0.6795762772701937,"{""type"":""Point"",""coordinates"":[82.4790860394522,23.652686224347654]}"
336,313.5706744476186,2025-03-01,286.59966673169816,318,0,10,0.3178144196572907,2.9029962223603434E-4,2.017647734293695,300.81792790549133,0.85145245586879,"{""type"":""Point"",""coordinates"":[80.20102870464851,17.95258767046502]}"
337,132.7908600205486,2025-03-01,280.87109879084994,541,0,10,0.414563806777217,1.9031283062531656E-4,2.047099558491102,297.4737826301938,0.7578187452957995,"{""type"":""Point"",""coordinates"":[80.45673382203036,22.22365835872851]}"
338,223.56979376980715,2025-03-01,280.5520011811029,829,0,10,0.6096385542168675,2.231251875741691E-4,5.106906065953743,295.27748194194976,0.5548874532181356,"{""type"":""Point"",""coordinates"":[80.8541499801444,23.10128191886743]}"
339,19.546892508479818,2025-03-01,285.4194793247042,211,0,30,0.31265440570958003,4.774284045083732E-4,1.4759931074747352,299.1880625316075,0.5082961150421452,"{""type"":""Point"",""coordinates"":[83.40293247490439,20.138505296689264]}"
340,331.57206379146896,2025-03-01,282.1964743023827,395,0,40,0.2329478404531508,0.005809108583150646,2.10838025665842,296.75578249068485,0.8020118672140227,"{""type"":""Point"",""coordinates"":[84.02587422487869,22.534234536974573]}"
341,156.2660206886538,2025-03-01,283.7843067986625,498,0,40,0.4046981861433244,1.754414717538566E-4,8.548053688926238,298.38433415549144,0.22070672896002028,"{""type"":""Point"",""coordinates"":[84.08235520143242,20.525142824478284]}"
342,270.0,2025-03-01,282.48767593928744,392,0,10,0.3951913308499831,9.887930553986735E-5,3.46632278679554,298.92562879834855,0.384676983878142,"{""type"":""Point"",""coordinates"":[82.32707337521461,20.71410344796801]}"
343,126.40928831516494,2025-03-01,284.99621504829037,1078,0,10,0.5548910721913712,1.5934821766450114E-4,20.89783721324501,295.41959503718783,0.04333378180516035,"{""type"":""Point"",""coordinates"":[82.5976207340726,18.516082353930887]}"
344,6.031498675174379,2025-03-01,284.75928819747196,555,0,10,0.5650420168067227,1.322579066140861E-4,13.721332503248542,298.9393529891968,0.3991718779181119,"{""type"":""Point"",""coordinates"":[81.4843311257997,18.838676612170826]}"
345,354.90692988055895,2025-03-01,282.44262036823085,401,0,30,0.3144977168949772,4.5041410146495764E-5,5.56939649267101,298.7783015569051,0.424580366519219,"{""type"":""Point"",""coordinates"":[82.06953761797202,20.77083181336885]}"
346,235.26162945091852,2025-03-01,282.979747181847,348,0,30,0.30177514792899407,8.931276005341715E-5,2.4400177408933703,297.6831564676194,0.8654687101578574,"{""type"":""Point"",""coordinates"":[82.3863151221514,22.396949618374776]}"
347,319.3523214945758,2025-03-01,281.45082814352855,696,0,10,0.6658062295646189,4.970383326394767E-4,17.190121565115607,296.6047233854021,0.804992767405606,"{""type"":""Point"",""coordinates"":[82.89155365099025,22.51619909533698]}"
348,287.23542814823406,2025-03-01,282.754661151341,324,0,40,0.6860353130016051,2.835210960938639E-5,1.5647392518813408,298.81295789991105,0.4934972737644201,"{""type"":""Point"",""coordinates"":[80.98070328469294,21.457538186382457]}"
349,90.0,2025-03-01,283.06638222648985,358,0,80,-0.3333333333333333,5.296882790162272E-5,4.006067774874056,297.6039502734229,0.7145361860438301,"{""type"":""Point"",""coordinates"":[81.58911411791507,22.395373206755632]}"
350,313.182171670396,2025-03-01,281.5375387555077,334,0,10,0.4354066985645933,1.5030471502086584E-5,0.6776415717949449,299.69193390437533,0.09551339184643419,"{""type"":""Point"",""coordinates"":[80.7432392652333,20.20291110451109]}"
351,24.244231501986174,2025-03-01,282.5967428570702,375,0,80,0.4004914004914005,1.715671698434562E-4,8.58149265529549,296.18438298361644,0.4720734356287905,"{""type"":""Point"",""coordinates"":[81.59343865676749,23.88925660810205]}"
352,120.33072906251749,2025-03-01,280.8950885136922,596,0,30,0.2647565367152028,2.8203097997447912E-5,6.401504216067038,296.49724919455383,0.5913035330499392,"{""type"":""Point"",""coordinates"":[80.42574864719751,23.16188343853619]}"
353,-0.0,2025-03-01,282.3618912015642,559,0,40,0.3013918629550321,3.460150639398307E-4,0.0,298.1497382663546,0.39996464990246994,"{""type"":""Point"",""coordinates"":[81.99307339502434,19.31471702460349]}"
354,180.0,2025-03-01,281.5521639415196,541,0,30,0.1941483803552769,1.275342385156364E-4,2.7802885155287553,295.2461447488694,0.8059848251511353,"{""type"":""Point"",""coordinates"":[82.97208233812874,23.37196999512786]}"
355,-0.0,2025-03-01,294.08772709256124,35,0,30,0.3142631682777668,6.947767416818351E-4,0.0,299.64810484931587,1.5215073549871976,"{""type"":""Point"",""coordinates"":[83.62268187180037,18.15478909251677]}"
356,294.58890533920385,2025-03-01,282.49009409404937,480,0,10,0.409375,1.2705740135743326E-4,2.2278609462785828,296.06280676523846,0.4557508554441051,"{""type"":""Point"",""coordinates"":[81.4333822479975,23.764947211942765]}"
357,27.932307498350802,2025-03-01,282.0981844493321,476,0,30,0.3333333333333333,7.499274414612955E-5,2.0986404129364216,298.7053267615182,0.2754227517883118,"{""type"":""Point"",""coordinates"":[81.3374267039332,19.430081763542436]}"
358,72.56251849766025,2025-03-01,282.85080024174283,246,0,10,0.4590643274853801,3.1242934880992834E-5,1.547170322838645,300.15626612163726,0.14596726751628175,"{""type"":""Point"",""coordinates"":[80.42820075980674,19.558809914740294]}"
359,282.5004460058059,2025-03-01,286.3307342075166,776,0,10,0.7364524726088244,0.0028984498659951896,24.167263161037752,297.7220213299706,0.4763526278513441,"{""type"":""Point"",""coordinates"":[83.3791083210006,19.569432171544417]}"
360,157.1422256415697,2025-03-01,285.5499259857904,857,0,30,0.38072554049102236,1.5626367729737467E-4,7.5057572813984095,295.9468457812355,0.039935783456690854,"{""type"":""Point"",""coordinates"":[82.61199467326074,18.39897780678588]}"
361,331.6625488740667,2025-03-01,282.9663368860881,298,0,40,0.49048947501902107,1.5030471502086584E-5,1.0536478747115317,298.24722013019385,0.6929020279044575,"{""type"":""Point"",""coordinates"":[81.50635379400299,22.00573879997713]}"
362,49.76274690922833,2025-03-01,281.1184713726952,958,0,10,0.7268567405843013,0.00854800161522462,16.076602501711125,294.35855406806587,1.1686982119915077,"{""type"":""Point"",""coordinates"":[84.18144501084512,23.108588098826935]}"
363,155.71051669641614,2025-03-01,287.7226554779779,192,0,40,0.23316314125942134,1.669031063897819E-4,3.556908874286262,298.486768586295,0.26823637036664205,"{""type"":""Point"",""coordinates"":[82.05524645247343,18.25969969288135]}"
364,196.2411912906819,2025-03-01,281.4198804128738,402,0,10,0.3098676293622142,1.5030471502086584E-5,5.2980839214858895,299.9933080673218,0.3550246880330112,"{""type"":""Point"",""coordinates"":[80.36818724700207,20.573354083825183]}"
365,347.91232989051406,2025-03-01,287.3746737071446,126,0,10,0.4983287312890568,5.491178910119743E-4,2.369950576586199,299.55618590400337,0.541185008267675,"{""type"":""Point"",""coordinates"":[84.34004213970312,20.949355617155593]}"
366,301.7377999344728,2025-03-01,282.4856704984392,328,0,10,0.5060034305317325,3.05127779824943E-5,1.76262439990357,297.84367311568485,0.8516432828968958,"{""type"":""Point"",""coordinates"":[80.20185713833307,21.90738262497786]}"
367,340.38376339767,2025-03-01,283.50656196049283,212,0,30,0.24236760124610593,2.808388870789713E-5,1.4766284128342513,300.2796268917265,0.2847230606777155,"{""type"":""Point"",""coordinates"":[83.3071851225408,20.72791779235419]}"
368,192.36022530685054,2025-03-01,283.29550820305235,344,0,10,0.6589748825811721,1.6416279493114416E-5,13.511572260283994,299.8121440978278,0.0404978514264879,"{""type"":""Point"",""coordinates"":[80.79092216899049,19.24092374751272]}"
369,133.5205126356609,2025-03-01,285.9182469958351,883,0,40,0.3062708270221145,1.9879159134461588E-4,4.703537420590415,296.2585901078724,0.062408882659471886,"{""type"":""Point"",""coordinates"":[82.58712707710943,18.259749434300076]}"
370,340.440476897878,2025-03-01,284.33226299285883,644,0,10,0.6473414477898782,6.191533486230583E-4,8.789019260176188,298.03134168897355,0.341925265522267,"{""type"":""Point"",""coordinates"":[83.71308547628162,20.247154313377955]}"
371,90.0,2025-03-01,285.06337697165355,595,0,10,0.6813099041533547,4.878443161828727E-4,13.105883567806496,297.36625031062533,0.2823493924401391,"{""type"":""Point"",""coordinates"":[84.00644759129956,20.172097444175524]}"
372,115.32108709683156,2025-03-01,284.34474322909404,825,0,40,0.3640922768304915,4.698884169442863E-4,4.328949362007763,295.98070576077413,0.3127601546279074,"{""type"":""Point"",""coordinates"":[82.67455111727132,18.862817163819013]}"
373,267.27894937681936,2025-03-01,287.74229135967437,470,0,10,0.6492637215528781,1.065236012323112E-4,18.82864844259314,299.21621427081874,0.206012001849094,"{""type"":""Point"",""coordinates"":[81.91738557749002,18.09477155557333]}"
374,344.78010452071857,2025-03-01,280.4745097841535,530,0,40,0.5005276116778051,2.371918837411613E-4,1.9216887341177913,295.25235870906283,0.4021287072070479,"{""type"":""Point"",""coordinates"":[81.24739044493029,23.234991973785064]}"
375,294.9838220532119,2025-03-01,281.917008854094,334,0,10,0.35343095033017513,1.5030471502086584E-5,1.0978457800451125,298.97922347840813,0.5393393566678497,"{""type"":""Point"",""coordinates"":[80.24093030661346,21.262543034662052]}"
376,270.0,2025-03-01,283.05554703303744,564,0,40,0.12400756143667296,8.638453165872306E-4,0.49108903915173635,297.80163442520865,0.28186730895389833,"{""type"":""Point"",""coordinates"":[82.35562976364128,19.21357395768511]}"
377,121.75226522544712,2025-03-01,284.2558121000017,227,0,80,-0.13953488372093023,3.506642262323112E-4,1.7619057414970654,298.11827900296163,0.5508363552699054,"{""type"":""Point"",""coordinates"":[82.18728273237372,21.826973639838574]}"
378,90.0,2025-03-01,279.10916496458503,875,0,40,0.25643607076082264,0.0016141038815362663,3.5247697074287645,293.07815856025326,1.0305427271590155,"{""type"":""Point"",""coordinates"":[83.73555189356989,23.101563842245966]}"
379,151.66498674113535,2025-03-01,283.82063724881124,229,0,10,0.2410372679608899,4.975598732812614E-4,1.0536237046026473,298.29924533480687,0.41330881834208255,"{""type"":""Point"",""coordinates"":[82.95609730917242,21.99090466212268]}"
380,54.71361006526579,2025-03-01,282.79661846160883,470,0,10,0.6653813914501258,1.6535488782665198E-5,14.155110713619639,299.8098363876343,0.05299711845925226,"{""type"":""Point"",""coordinates"":[80.83366967610691,19.338800156342142]}"
381,98.82434227501716,2025-03-01,280.6360901877994,459,0,10,0.5134484142914492,1.5030471502086584E-5,3.020200335815894,298.8828169958932,0.5260900201580484,"{""type"":""Point"",""coordinates"":[80.60452450480142,21.33649310360419]}"
382,163.19001244878308,2025-03-01,283.0888547897339,420,0,30,0.22574877067501117,1.5298692403575842E-5,13.777126896308982,295.4693822860718,0.5533753964752584,"{""type"":""Point"",""coordinates"":[80.60843102993512,24.059326233662265]}"
383,252.45441474733525,2025-03-01,293.7399662108648,17,0,40,0.25478099938309684,0.0037487250248773307,3.0736655932785415,299.61747101375033,0.9327022994342365,"{""type"":""Point"",""coordinates"":[83.94763301994251,18.463976783494385]}"
384,270.0,2025-03-01,284.4660578682309,378,0,10,0.480376256892637,4.2150434654786295E-4,0.4932916247649113,297.55630797431576,0.510594185816651,"{""type"":""Point"",""coordinates"":[83.49620921305683,19.934657383813594]}"
385,112.27607603617308,2025-03-01,280.2861901691982,1028,0,10,0.7027228646027601,0.0031759690920694084,4.8816632424403155,294.28778235117596,1.0263777985442737,"{""type"":""Point"",""coordinates"":[83.3692829857684,22.82499315713092]}"
386,36.08010029223333,2025-03-01,283.96184934888566,848,0,10,0.8063241106719368,2.4947044056489176E-4,16.19480087521388,298.53227174849735,0.30255680164199933,"{""type"":""Point"",""coordinates"":[81.22960232501264,18.83669008278433]}"
387,132.476041560273,2025-03-01,282.05800006503154,510,0,10,0.6791836734693878,9.480368773324699E-4,2.0593434571147005,296.11025723956885,0.3151895473222713,"{""type"":""Point"",""coordinates"":[83.87361729955774,23.71398814133504]}"
388,33.88043248811236,2025-03-01,288.50484716324576,977,0,10,0.7157178660938059,0.005530278054891369,21.78761792993015,298.0527911867415,0.7138031071104479,"{""type"":""Point"",""coordinates"":[83.54360864368968,19.194460680018317]}"
389,342.68014297776557,2025-03-01,282.14161822909404,451,0,10,0.2590717299578059,7.895645302369303E-5,3.3964164333940445,296.06094664619076,0.26565083716119653,"{""type"":""Point"",""coordinates"":[80.9319152813377,23.622177586193235]}"
390,212.2242601290046,2025-03-01,287.63656684330533,848,0,30,0.3858625162127108,0.0018758278767450065,2.738829912854167,295.7534631547474,0.4268101878658316,"{""type"":""Point"",""coordinates"":[82.29045716437238,17.84416066423141]}"
391,117.67206487293588,2025-03-01,281.01009037381124,622,0,10,0.4339975093399751,3.396522681100578E-4,3.9878218625638424,295.54658303942,0.8132480927404496,"{""type"":""Point"",""coordinates"":[82.11560645905337,23.410151824199662]}"
392,7.606680171611304,2025-03-01,281.59453977857316,376,0,10,0.47168458781362005,2.027568024232096E-5,3.7375901977613504,298.8445915494646,0.28950163259749845,"{""type"":""Point"",""coordinates"":[81.94279760264469,20.60958717511912]}"
393,121.5530003986505,2025-03-01,281.4535253161476,587,0,10,0.08056833448682979,8.696269671304435E-4,1.7718673395619253,295.65997473398835,0.846171626121176,"{""type"":""Point"",""coordinates"":[82.9551696274235,22.91096886641538]}"
394,337.8655753168895,2025-03-01,281.2202605747042,604,0,40,0.26744186046511625,3.2044467133118815E-4,3.9986278255794185,295.8585831324259,1.002461216095943,"{""type"":""Point"",""coordinates"":[81.96516933627342,22.79062054858267]}"
395,41.75305629896744,2025-03-01,282.02083837418326,358,0,30,0.32686781609195403,1.5030471502086584E-5,3.724492098442228,299.67460573287235,0.44165830257476346,"{""type"":""Point"",""coordinates"":[80.33575021207479,21.001693430922586]}"
396,173.27628516429144,2025-03-01,282.6900045758201,804,0,40,0.36331480545730166,0.0013060521761758537,4.195100999606376,296.5482222693307,0.20989537140299178,"{""type"":""Point"",""coordinates"":[83.05158478240368,19.528034314825295]}"
397,240.34895447912737,2025-03-01,286.67650127410894,241,0,10,0.4249751573368665,3.345262686593742E-4,8.376379792439646,301.0195589973813,0.6769016418252352,"{""type"":""Point"",""coordinates"":[81.24712013063939,18.42024870797649]}"
398,160.2375375248918,2025-03-01,280.2905905133202,526,0,10,0.5351681957186545,2.2942837875916666E-4,2.953989634623493,298.40693460192,0.6632530579570581,"{""type"":""Point"",""coordinates"":[80.71272869047763,21.909532085450447]}"
399,324.2998932373033,2025-03-01,284.00168496086485,230,0,10,0.3043065231158961,3.6300238770081705E-4,3.4222671587483027,298.35538023994087,0.36527095476849575,"{""type"":""Point"",""coordinates"":[82.89191229246923,21.911305057613657]}"
400,43.72610679154339,2025-03-01,279.10916496458503,917,0,10,0.6379579111457522,0.0016141038815362663,15.642577116852866,293.07815856025326,1.0305427271590155,"{""type"":""Point"",""coordinates"":[83.71210335722921,23.0697343368587]}"
401,25.140458900260445,2025-03-01,285.72639896756124,267,0,40,0.26792133643476423,1.2026247185303873E-4,3.58124449693476,296.0464551562355,0.5543655500225239,"{""type"":""Point"",""coordinates"":[82.79674484186845,24.045566984024845]}"
402,121.9379479002375,2025-03-01,282.85236390431726,406,0,10,0.31922099915325997,2.8141853016450114E-4,5.24516619588584,298.8422954650151,0.38959505155320384,"{""type"":""Point"",""coordinates"":[82.327859149733,20.764444103342605]}"
403,216.01496192136167,2025-03-01,281.4438003812517,501,0,40,0.2766208831782602,3.6715981167390055E-4,1.7194727697150622,295.61588409968783,0.5733118922367881,"{""type"":""Point"",""coordinates"":[81.7091630715408,23.496681627362783]}"
404,111.1881498285808,2025-03-01,289.1441817056565,914,0,30,0.4869796279893711,0.0074408900420053214,19.712766990020242,295.37981174105687,0.4554613409373127,"{""type"":""Point"",""coordinates"":[84.32311405556736,19.11504967955799]}"
405,183.242005007579,2025-03-01,279.8264908109393,623,0,10,0.4003308519437552,1.735341231210441E-4,8.756470828490045,298.1932824906849,0.5849300483231489,"{""type"":""Point"",""coordinates"":[80.7845280354638,21.69559452350672]}"
406,139.06954596088895,2025-03-01,281.6344277064006,595,0,10,0.614021268215833,2.3662563961579508E-4,25.238304530421793,294.8755683444796,0.8200201661288637,"{""type"":""Point"",""coordinates"":[83.02471493882436,23.463472208389167]}"
407,270.0,2025-03-01,286.16879340580533,120,0,40,0.234546629334482,1.6803709684154455E-5,1.4692468560334175,300.35121241069976,0.3824205596949732,"{""type"":""Point"",""coordinates"":[80.52111462558018,18.791461811531253]}"
408,169.73029463166597,2025-03-01,281.7687224887666,490,0,30,0.3360785555907507,6.246086758210367E-5,2.8254827284221706,295.9551465624855,0.7610793011542707,"{""type"":""Point"",""coordinates"":[81.72512015537485,23.092928726036778]}"
409,241.20134724680275,2025-03-01,281.3854914619809,510,0,10,0.6212645486001888,1.8606599968506998E-4,20.286084594623482,297.6397575650896,0.7715776870821127,"{""type"":""Point"",""coordinates"":[81.8843178443297,22.40207074883288]}"
410,-0.0,2025-03-01,280.6682993116833,573,0,10,0.573215006050827,7.453080814912028E-5,0.0,297.98207178569976,0.7750673716581561,"{""type"":""Point"",""coordinates"":[80.48306168340594,22.389477867688118]}"
411,227.56497592905424,2025-03-01,283.22985181354346,393,0,20,0.459289248762933,1.568612259461588E-5,0.6872481772786233,296.25626495906283,0.5671157891465483,"{""type"":""Point"",""coordinates"":[80.4195972162064,23.900856022210057]}"
413,227.44693414939042,2025-03-01,280.90436004457024,602,0,30,0.35272914521112253,4.460912625177116E-4,0.6857045748077825,295.44065507253015,0.8791729129847577,"{""type"":""Point"",""coordinates"":[82.15690828089197,23.359251128325727]}"
414,270.0,2025-03-01,280.28679470788865,630,0,40,0.2425211665098777,1.6036149662568278E-4,1.4807728373899032,297.9483222507295,0.3334038976882373,"{""type"":""Point"",""coordinates"":[81.89330829490913,20.06165266242898]}"
415,226.77635890611654,2025-03-01,281.708268619719,349,0,40,0.22628412771864878,1.5030471502086584E-5,2.706589380001543,299.74798742930096,0.11568905694212614,"{""type"":""Point"",""coordinates"":[80.99287941146784,19.975064753630736]}"
416,180.0,2025-03-01,281.2693967819214,634,0,40,0.27802796871296515,1.704048792703361E-4,2.3174627380815918,297.9337261290778,0.4521747502514171,"{""type"":""Point"",""coordinates"":[82.10779868254778,19.691069106707328]}"
417,295.18757344634395,2025-03-01,284.57788590022494,229,0,10,0.5387770320656227,4.683237950189323E-4,2.1782917718344503,299.34387075333376,0.31940477716365967,"{""type"":""Point"",""coordinates"":[83.09166229542907,19.847652054881472]}"
418,233.0494376970164,2025-03-01,284.4969009671892,772,0,10,0.6350394497268865,3.845941702707023E-4,6.147988966022563,297.1020552771432,0.4934296825490669,"{""type"":""Point"",""coordinates"":[83.63959585211191,19.906320196055027]}"
419,47.51436619752138,2025-03-01,282.54326443445115,424,0,10,0.46591661151555264,1.1325892609193033E-4,0.6865851595428356,295.84966618674144,0.3226870430797915,"{""type"":""Point"",""coordinates"":[81.12093559562149,23.669852573938908]}"
420,-0.0,2025-03-01,284.97724183400476,127,0,30,0.3090530697190427,8.332249325349039E-5,1.3909630807829783,299.9417885825747,0.16755519330796953,"{""type"":""Point"",""coordinates"":[83.74338154283,20.79033995472634]}"
422,132.81016441521953,2025-03-01,283.8062387648083,269,0,40,0.19678513123194777,5.915712992532463E-4,0.6823764253036131,298.1802558444795,0.5858052331324815,"{""type"":""Point"",""coordinates"":[82.5862060967001,22.129044924385084]}"
423,324.6477799821658,2025-03-01,282.58404173169816,343,0,10,0.37196503722887664,3.458079498841471E-5,3.407498167930161,299.4786480040777,0.08249448077682008,"{""type"":""Point"",""coordinates"":[80.56275534882819,19.990908515465016]}"
424,324.2127738663112,2025-03-01,282.39100787753154,302,0,40,0.27627017334130305,0.0017408531586511344,5.131378190764111,298.2885147730509,0.6995856411754782,"{""type"":""Point"",""coordinates"":[83.17303916324944,22.362878735366465]}"
425,291.5538469921504,2025-03-01,285.770530291966,490,0,10,0.3234880450070324,2.4047013920380778E-4,6.286254975117519,300.5082878385271,0.5125792265431595,"{""type"":""Point"",""coordinates"":[80.61654553964416,18.559457968952245]}"
426,72.4380141494989,2025-03-01,285.7186969121297,934,0,40,0.2725982687668511,0.007272179094968578,1.5365489185459924,294.2289444605509,0.23212250948266253,"{""type"":""Point"",""coordinates"":[82.91047276811632,18.29265856323629]}"
427,203.0497432519248,2025-03-01,282.789079166594,271,0,40,0.26313193588162764,3.9395209950043864E-4,2.518280243407242,299.52486614953904,0.23624162386884767,"{""type"":""Point"",""coordinates"":[82.59651546652393,19.937188305382165]}"
428,226.95502289259508,2025-03-01,283.21257595788865,324,0,40,0.37893700787401574,7.573780220582194E-5,2.7155991628356775,299.0437521707444,0.521083255438192,"{""type"":""Point"",""coordinates"":[82.61144887949932,20.935849279494658]}"
429,156.69731116267022,2025-03-01,290.2845044363113,296,0,10,0.47746478873239434,0.013711581794439098,10.972417074609654,297.07356057848256,0.3720225298674843,"{""type"":""Point"",""coordinates"":[83.09945149674614,18.23587814027664]}"
430,28.322759137328024,2025-03-01,284.40178494226365,200,0,80,0.1324575807334428,8.885961453302116E-4,2.1062926498524184,298.46690018971765,0.3645031671930353,"{""type"":""Point"",""coordinates"":[83.99384179598205,21.918846758954587]}"
431,259.3954890766046,2025-03-01,282.7074838819958,366,0,10,0.34050822122571,1.5030471502086584E-5,2.518339269918032,298.40106360117596,0.20656207267642143,"{""type"":""Point"",""coordinates"":[81.68498550878448,20.588356660485257]}"
432,12.948148999441983,2025-03-01,282.0624062220255,560,0,10,0.5576658409028351,0.006699736086545727,15.32653278546666,296.82450226375033,0.8570780936481345,"{""type"":""Point"",""coordinates"":[84.34887810951989,22.689777082729925]}"
433,125.14941961711011,2025-03-01,280.69482344672787,543,0,10,0.387626703949668,3.152143637521476E-4,14.201190469877105,298.75337014879506,0.3508401219892611,"{""type"":""Point"",""coordinates"":[82.05696031164533,20.14885578121385]}"
434,151.69455689865825,2025-03-01,284.1824885322934,232,0,50,0.30530785562632695,3.396522681100578E-4,1.053330772828146,298.32456620534265,0.34774952811067444,"{""type"":""Point"",""coordinates"":[83.1451568124311,21.815020254494414]}"
435,321.6001078832791,2025-03-01,282.6387815475464,734,0,40,0.24555324555324556,3.282528797967643E-4,2.3656251230209993,297.9198508035569,0.520990952604304,"{""type"":""Point"",""coordinates"":[81.76287401451576,18.867389528678554]}"
436,324.8529946795444,2025-03-01,286.06791682470407,152,1,10,0.5397118581455486,1.620766323640055E-5,1.7009484993824808,301.26458317892894,0.41833736586808024,"{""type"":""Point"",""coordinates"":[80.33465756154716,18.751965145343235]}"
437,87.06089279814772,2025-03-01,279.5353763671148,916,0,10,0.51875,2.1033999126984781E-4,8.970331945078234,295.95916906992596,0.8274866076979817,"{""type"":""Point"",""coordinates"":[81.28014884713552,22.457904572873094]}"
438,256.6497926214564,2025-03-01,285.75847439538865,886,0,30,0.34433656957928804,3.5087284248902506E-4,7.981584048827479,295.77554625556587,0.04572940695317257,"{""type"":""Point"",""coordinates"":[82.69507013536916,18.329390840955117]}"
439,103.12915923219852,2025-03-01,283.48983251480826,206,0,40,0.40792465086066904,6.664809387757487E-5,2.040746439195654,299.46989963168187,0.6237614573508516,"{""type"":""Point"",""coordinates"":[83.24408063277711,21.09644469583064]}"
440,-0.0,2025-03-01,283.2444421223232,384,0,40,0.37644341801385683,1.5030471502086584E-5,0.463735342881014,295.8419815699259,0.577511395655153,"{""type"":""Point"",""coordinates"":[80.56710144852723,24.02539957803409]}"
441,283.1720346442121,2025-03-01,281.13399755387076,416,0,10,0.3216190775023533,1.5030471502086584E-5,2.034226102890945,299.65609173547654,0.32170565911356236,"{""type"":""Point"",""coordinates"":[80.53752796015462,20.588091302272232]}"
442,331.6042311136868,2025-03-01,282.4093707402547,363,0,30,0.30451384153825173,0.004859785405813,2.1077405913587195,297.32076458703904,0.7317715369840921,"{""type"":""Point"",""coordinates"":[83.84510334642954,22.347678503000893]}"
443,102.93247471768763,2025-03-01,281.84302843184696,478,0,50,0.19615500150195253,3.4959134262635416E-4,2.0712159590299266,296.21954504648846,0.49720414301316374,"{""type"":""Point"",""coordinates"":[81.36604749286228,23.291361492971433]}"
444,327.26927072402805,2025-03-01,283.7605437778291,378,0,10,0.3919113118456169,3.729280632569498E-5,29.997650030034237,298.70680323101226,0.5654721043599074,"{""type"":""Point"",""coordinates"":[82.85020373583188,21.014151998318802]}"
445,10.609189195563971,2025-03-01,282.69638129643033,277,0,10,0.6122931442080378,3.1242934880992834E-5,7.968994874307342,300.00077179500033,0.17945352629835293,"{""type"":""Point"",""coordinates"":[80.50176816865883,19.587836774479776]}"
446,-0.0,2025-03-01,282.19138222648985,349,0,40,0.4098252555225849,1.568612259461588E-5,0.9274099368670311,298.2237070628575,0.7027263162414114,"{""type"":""Point"",""coordinates"":[81.28615064409692,22.067119649547227]}"
447,139.53563071201478,2025-03-01,286.2612645739601,1076,0,10,0.3029966703662597,0.0027181905190332145,15.461518206201466,296.14712828681587,0.34486236097750617,"{""type"":""Point"",""coordinates"":[83.06246376993717,18.75892321693747]}"
448,141.2736754315121,2025-03-01,282.44688120342437,578,0,10,0.6027679072377033,4.1080531281068033E-4,19.430074362905845,295.5945624851045,0.9973904591160784,"{""type"":""Point"",""coordinates"":[82.78613765021181,23.518462971997497]}"
449,157.16045052298136,2025-03-01,280.08497179122196,848,0,10,0.44264761188416696,2.0090755623414225E-4,23.284195846938776,294.6194532031104,0.6600543524722295,"{""type"":""Point"",""coordinates"":[81.45263091760323,22.97869371808587]}"
450,175.98765602704646,2025-03-01,293.4183109374273,80,0,30,0.27341947392708815,0.003355975119291088,6.939145822877268,299.1079902194796,1.02106492757489,"{""type"":""Point"",""coordinates"":[83.38680038703839,18.11538067823098]}"
451,256.9495797819783,2025-03-01,283.05510525476365,295,0,40,0.33643372904173297,1.5030471502086584E-5,2.052833253350531,298.37992218562533,0.7180326239529303,"{""type"":""Point"",""coordinates"":[81.56909397499201,22.000435130459522]}"
452,202.76021014192648,2025-03-01,286.97067328861783,229,0,10,0.5128911950705367,0.0015846442858560295,11.413428987246053,298.80180881136937,0.6457741783223526,"{""type"":""Point"",""coordinates"":[84.29261090268288,21.14260871095484]}"
453,90.0,2025-03-01,281.8769814173381,300,0,10,0.49252587198160214,3.648814362122721E-5,1.9733665448569677,300.04057252974735,0.12961650995154472,"{""type"":""Point"",""coordinates"":[80.44771823669178,20.009233694477537]}"
454,347.9553063054794,2025-03-01,282.2095823287964,305,0,40,0.205607476635514,6.238636177613444E-5,2.369571041846875,300.2450635546729,0.6702208240673851,"{""type"":""Point"",""coordinates"":[82.5886782185246,20.392168072237997]}"
455,170.38982326738517,2025-03-01,285.681663104466,777,0,30,0.4654275092936803,0.003402541248021862,11.59761880094249,296.16268934522355,0.49721403906667905,"{""type"":""Point"",""coordinates"":[83.16620226380407,19.098994356016526]}"
456,270.0,2025-03-01,287.6760943730672,141,0,10,0.430503889076767,2.2740182083680338E-4,0.48750508830384026,301.41021306174144,0.9415602847837646,"{""type"":""Point"",""coordinates"":[81.10830536357832,17.965963133087058]}"
457,180.0,2025-03-01,283.40377875736783,278,0,30,0.25602169405008773,3.537040631158561E-4,0.4637353428839794,298.12309787386937,0.7025998233985626,"{""type"":""Point"",""coordinates"":[82.64107995820375,22.197746140553296]}"
458,105.1671225138514,2025-03-01,285.265153385344,246,0,10,0.4248927038626609,2.2521135014130778E-4,3.5404619698536037,301.1516855784825,0.5503924315512955,"{""type"":""Point"",""coordinates"":[81.56156382132546,18.41874018613942]}"
459,104.89152644845298,2025-03-01,283.9663775761922,359,0,10,0.5158015705803486,1.4063235920502848E-4,3.6042944683803717,297.95828551337837,0.4841321771958506,"{""type"":""Point"",""coordinates"":[82.86749984765257,21.452163869717207]}"
460,294.712955278297,2025-03-01,281.3003445125762,525,0,10,0.409552566566017,9.202477139069742E-5,3.3240054283770024,295.2018041610718,0.9997074994313208,"{""type"":""Point"",""coordinates"":[82.0041511047588,23.008836417483273]}"
461,223.84299071514218,2025-03-01,280.7397918247041,565,0,30,0.6012424771888953,1.748752276284904E-4,21.443705470411267,296.8381857644945,0.7659149916430933,"{""type"":""Point"",""coordinates"":[80.72375244199438,22.745642913333597]}"
462,338.4669898796741,2025-03-01,286.98985576629644,132,0,10,0.3265685777101302,4.006442230775065E-5,3.9819006918003437,301.75638702937533,0.802329314550692,"{""type"":""Point"",""coordinates"":[80.54869966332373,18.12416787013646]}"
463,132.07847540379242,2025-03-01,292.2845335006714,624,0,10,0.6093333333333333,0.011922950712857983,14.231985490805677,297.5056255431403,0.7181672766155828,"{""type"":""Point"",""coordinates"":[84.25656824286028,18.93563720360041]}"
464,38.83985937032054,2025-03-01,284.09034288497196,272,0,40,0.44383346425765907,6.898757618500895E-5,2.380164675540584,298.37460340772355,0.6422796914725798,"{""type"":""Point"",""coordinates"":[82.67109414160139,21.3331902249222]}"
465,50.27249524743231,2025-03-01,288.42396686190654,1013,0,30,0.5445859872611465,0.02281826254528596,5.065822438942458,295.45144376300635,0.32976527945325246,"{""type"":""Point"",""coordinates"":[82.99258213546479,18.24137841827706]}"
466,180.0,2025-03-01,284.8237064452398,178,0,40,0.5669275536825206,9.689432064874381E-4,1.3909630807829783,299.6123847507296,0.605174027058485,"{""type"":""Point"",""coordinates"":[83.59332712948186,21.298158596674796]}"
467,270.0,2025-03-01,282.1358809244065,241,0,10,0.572347266881029,2.426919144227213E-5,1.9734919046319597,300.5600572767712,0.13845736891062335,"{""type"":""Point"",""coordinates"":[80.2124274787971,20.019271403618124]}"
468,14.861246864436435,2025-03-01,281.7231786364601,582,0,40,0.5054131054131055,7.044788998200602E-5,3.832631007090423,297.7470864341372,0.3216493725522017,"{""type"":""Point"",""coordinates"":[81.61678031189243,19.586948781553684]}"
469,186.57447530581476,2025-03-01,285.0203907830375,355,0,10,0.7272376543209876,5.124908367974967E-4,16.775757115219395,298.78728244418187,0.5158348698444701,"{""type"":""Point"",""coordinates"":[83.60821263857673,20.279525909812893]}"
470,180.0,2025-03-01,284.370860463097,218,0,40,0.3637254901960784,2.633285204751701E-4,0.4637353428839794,298.2892239434378,0.32812317741276364,"{""type"":""Point"",""coordinates"":[83.02685942842568,21.82401332264216]}"
471,226.67445426958747,2025-03-01,288.31446979159404,240,0,40,0.5054282267792521,0.002168024746595165,2.7014888903261136,297.7415932700747,0.5610661470783819,"{""type"":""Point"",""coordinates"":[83.70465730929817,19.40463470405777]}"
472,180.0,2025-03-01,281.03659707023985,629,0,40,0.2774055213079603,4.688915413453287E-5,0.463735342881014,298.3323438281105,0.37666675343701983,"{""type"":""Point"",""coordinates"":[81.85509602624325,19.57785143983251]}"
473,35.809736963191796,2025-03-01,282.52271011897494,354,0,40,0.34980124929017603,0.004194165436445019,1.715020885923709,297.41320669083365,0.6485956400028033,"{""type"":""Point"",""coordinates"":[84.26109163067268,22.47830175855414]}"
474,187.55816685120652,2025-03-01,281.2941073008946,614,0,40,0.5601703940362087,4.1792957006236975E-5,3.7371701446363805,297.8794745944796,0.35064967687411114,"{""type"":""Point"",""coordinates"":[81.8022912543535,19.59589976243931]}"
475,180.0,2025-03-01,281.2411520367576,440,0,10,0.529103131660928,4.131611984803385E-5,2.317462738066788,298.80605220794683,0.2340703203720595,"{""type"":""Point"",""coordinates"":[82.00603345421088,20.36942642708416]}"
476,180.0,2025-03-01,283.64170542217437,231,0,10,0.6304257957833815,1.5030471502086584E-5,0.9274099368670311,300.30075086866105,0.1939771986177077,"{""type"":""Point"",""coordinates"":[80.4955171984089,19.398764922666555]}"
477,270.0,2025-03-01,280.87440050215946,562,0,40,0.48717948717948717,3.083002249582023E-4,1.5012719139754467,297.15458038875033,0.7455312736250043,"{""type"":""Point"",""coordinates"":[80.71499115821851,22.10572378785567]}"
478,114.77699029122648,2025-03-01,281.896983509972,555,0,40,0.26487023469514465,0.003146256176648876,2.2120204166415642,296.046088945298,0.9058620913851918,"{""type"":""Point"",""coordinates"":[83.48156513418544,22.608556753249843]}"
479,180.0,2025-03-01,281.1541159039452,534,0,40,0.21269019100032374,1.3838228386475748E-4,1.3909630807829783,295.0258368991671,0.6970157304336762,"{""type"":""Point"",""coordinates"":[83.16377413959766,23.284195572377563]}"
480,58.6418238430697,2025-03-01,282.17497830163865,439,0,40,0.29677583142929675,6.741088311059684E-4,1.781737359792813,295.47762493860154,0.47195458485604175,"{""type"":""Point"",""coordinates"":[83.42292885342606,23.921270747912533]}"
481,148.1911704188385,2025-03-01,285.2264745348976,535,0,30,0.3535220539828835,4.216086546762199E-4,12.875682332681745,297.74392423175635,0.3834060379107772,"{""type"":""Point"",""coordinates"":[83.79200502024797,19.86473453088793]}"
482,19.684618739472008,2025-03-01,284.41997341882615,208,0,40,0.7236456808199122,6.290477196557731E-4,1.477257559800853,299.3235489527384,0.6257081481617334,"{""type"":""Point"",""coordinates"":[83.43464076430978,21.290338778794002]}"
483,252.459968621007,2025-03-01,291.92590836116244,79,0,10,0.6515291936978684,0.001267383662877819,1.5384107163792364,299.74547626858663,0.7805394621698662,"{""type"":""Point"",""coordinates"":[83.5043676637338,18.522212086905977]}"
484,72.87917814361023,2025-03-01,282.1964743023827,400,0,10,0.45719602977667495,0.005809108583150646,1.5748917124277455,296.75578249068485,0.8020118672140227,"{""type"":""Point"",""coordinates"":[83.99576193932535,22.464750879064304]}"
485,107.46405137511682,2025-03-01,283.2041356677101,433,0,10,0.5999260491772971,1.58798376901359E-5,22.025769182817037,300.2412212462653,0.12181302462928081,"{""type"":""Point"",""coordinates"":[80.72929448091544,19.29514822079596]}"
486,266.512385824278,2025-03-01,288.50484716324576,444,0,40,0.3867829587386783,0.005530278054891369,14.901251335800481,298.0527911867415,0.7138031071104479,"{""type"":""Point"",""coordinates"":[83.50075971092352,19.150685159922222]}"
487,19.48047544703037,2025-03-01,288.11875620342437,194,0,10,0.6201614231592818,6.065916697366447E-4,4.418360899313962,298.2067276636759,0.42985773285368206,"{""type"":""Point"",""coordinates"":[83.75522828937255,19.55451608176381]}"
488,57.59581350500742,2025-03-01,288.50378922053744,95,0,10,0.444407567208762,5.271088759286613E-4,1.7302274793196655,301.39004820869087,0.8795129446574218,"{""type"":""Point"",""coordinates"":[81.17702088596904,17.808939497575963]}"
489,134.85937335125175,2025-03-01,283.8836604072934,457,0,30,0.5695945945945946,3.367167393548698E-4,11.03804880089276,298.57960596538726,0.1770804543627275,"{""type"":""Point"",""coordinates"":[84.04389258395892,20.517367278727473]}"
490,295.2723339366857,2025-03-01,282.9032846632458,582,0,40,0.3819241982507289,7.121514956338615E-4,1.086125142177848,298.13419464656283,0.12985209778514417,"{""type"":""Point"",""coordinates"":[82.32099140061713,19.228265397542543]}"
491,341.8176866763103,2025-03-01,286.11081582023985,378,0,10,0.6356154133931912,2.370726744516105E-4,7.762050606719568,297.7254741759528,0.28406145823824697,"{""type"":""Point"",""coordinates"":[81.82093542898197,17.924563917154092]}"
492,90.0,2025-03-01,282.39153684888566,265,0,40,0.34065315315315314,1.8336888950898356E-4,0.49497328476837316,300.2430929910569,0.727307909276965,"{""type"":""Point"",""coordinates"":[82.66900673731827,20.46536643422797]}"
493,-0.0,2025-03-01,284.8316642670404,213,0,40,0.15583075335397317,0.001009444562612316,0.9274099368670311,298.3648087183634,0.3087970114203564,"{""type"":""Point"",""coordinates"":[84.10711171456222,21.668170887911277]}"
494,278.79672152895887,2025-03-01,283.0036497116089,266,0,40,0.59026369168357,1.760837238862223E-5,3.0295909556608622,298.77091920943485,0.627011416774182,"{""type"":""Point"",""coordinates"":[81.6325348448276,21.798402328354722]}"
495,160.20647236359338,2025-03-01,283.20403103601365,278,0,40,0.1788931788931789,3.606778065545768E-4,1.4782650269051385,298.09891051337826,0.6917986628765457,"{""type"":""Point"",""coordinates"":[82.29874091540616,22.15024723771801]}"
496,-0.0,2025-03-01,281.66650894709994,494,0,40,0.7246496290189612,0.0013878148476464958,1.3909630807829783,295.4290990829468,0.34452141103522227,"{""type"":""Point"",""coordinates"":[83.71826739164094,23.614634531138996]}"
497,157.0025522289227,2025-03-01,281.248301869347,709,0,10,0.36688741721854307,3.0603524845673746E-4,5.024928833953572,298.0926384244646,0.21828193798025647,"{""type"":""Point"",""coordinates"":[81.08152429307476,19.53176347743303]}"
498,180.0,2025-03-01,286.64298425401955,114,0,40,0.44358669833729214,1.650553624017448E-4,0.9274099368611016,299.7214400427682,0.4072448437975563,"{""type"":""Point"",""coordinates"":[84.01335947698595,20.890660558993034]}"
499,256.7115103056876,2025-03-01,283.0991493860881,557,0,30,0.3488372093023256,3.5690781277253336E-4,2.0167300811652153,298.03616055988135,0.2031711594853901,"{""type"":""Point"",""coordinates"":[82.31117889508731,19.141688580118803]}"
500,52.56599746328318,2025-03-01,286.37176145826066,302,0,10,0.6984012674636324,4.2888042133881754E-4,19.774666603923425,299.2459994270688,0.3685119575425525,"{""type"":""Point"",""coordinates"":[84.34997483743173,20.673065252065456]}"
501,28.0975455237618,2025-03-01,282.24854019709994,385,0,10,0.34924715387440325,1.5030471502086584E-5,1.0512837515008517,298.4138984226046,0.09578175633484444,"{""type"":""Point"",""coordinates"":[81.62307835709429,20.526008086724154]}"
502,7.606186885118191,2025-03-01,282.32564794449576,310,0,30,0.3243480808672722,2.3364540737702555E-4,3.7375859127136266,299.6610210509528,0.6547863000812767,"{""type"":""Point"",""coordinates"":[82.57642137335506,20.600022164987433]}"
503,180.0,2025-03-01,281.66281777336485,455,0,40,0.29702566888496534,0.006117562619863293,1.8543341688414132,296.6921257291521,0.8312894729878134,"{""type"":""Point"",""coordinates"":[84.10724230741677,22.619374199676827]}"
504,278.7517529722853,2025-03-01,281.33140268779937,452,0,10,0.47115384615384615,1.6162959752819006E-5,3.045006522896237,297.5760368619646,0.8201784460071216,"{""type"":""Point"",""coordinates"":[80.38886693627872,22.530389807202955]}"
506,199.4962375354381,2025-03-01,281.1578303291684,518,0,10,0.4385501227109685,1.1340793770386881E-4,1.4755307353705795,298.29727477119087,0.15838834435227048,"{""type"":""Point"",""coordinates"":[81.13037430828389,19.69496871017407]}"
507,309.13947782348214,2025-03-01,281.3253573008946,634,0,10,0.7450082432679977,7.341903130395622E-4,5.85705177495833,295.2381171726046,0.6795762772701937,"{""type"":""Point"",""coordinates"":[82.45893742187523,23.715888902889436]}"
508,352.7423848486033,2025-03-01,292.1280916758946,124,0,10,0.5927523727351165,0.003684456316648266,15.069806431681675,299.448688461667,0.3119991588582593,"{""type"":""Point"",""coordinates"":[83.03652556792348,17.86225753500952]}"
509,215.26101691437793,2025-03-01,281.9476194381714,631,0,10,0.6434874691140134,8.071463982446403E-4,1.7033367544624165,297.1353281566075,0.17360316177926755,"{""type"":""Point"",""coordinates"":[82.4614768844335,19.450747756978025]}"
510,47.51327465917921,2025-03-01,282.8077326729184,435,0,30,0.44239945466939334,1.5030471502086584E-5,5.476094544773795,295.89383820125033,0.3993060146022328,"{""type"":""Point"",""coordinates"":[80.61064365482395,23.665435326169458]}"
511,270.0,2025-03-01,281.37974253154937,561,0,40,0.29359876028132076,9.972867172791666E-5,1.5147587744965507,295.3521773474557,0.7336896325070531,"{""type"":""Point"",""coordinates"":[83.01294495535596,23.330013530516794]}"
512,342.26343278907177,2025-03-01,284.2041647320702,699,0,10,0.6633111352021063,5.921524445398063E-4,4.8572169173041715,298.2406108947028,0.3456183991630923,"{""type"":""Point"",""coordinates"":[83.73804473411913,20.288833231973005]}"
513,76.87506525858403,2025-03-01,284.01928052448085,297,0,40,0.17281610033542366,1.7325250325939123E-5,2.0413912081453995,298.29329876672654,0.4687155401410296,"{""type"":""Point"",""coordinates"":[81.4713855563058,21.146175923016923]}"
514,21.802782823381968,2025-03-01,281.11816910334994,424,0,10,0.6439024390243903,3.325459164216227E-5,3.9893323841916084,299.2867941629319,0.3075925859058178,"{""type"":""Point"",""coordinates"":[82.10338492301916,20.375581372160823]}"
515,352.4285136952618,2025-03-01,282.2462266740344,308,0,10,0.5751759436980166,5.94359318597526E-5,3.737285195831713,300.21061066218783,0.11698647954848482,"{""type"":""Point"",""coordinates"":[80.4906353671312,19.88096235009343]}"
516,64.98685157905292,2025-03-01,283.25448095230826,330,0,80,0.04168034131933049,2.441060225351066E-4,3.2867167379149143,298.4126021521432,0.5132670280002323,"{""type"":""Point"",""coordinates"":[82.43463226175388,21.06526905516775]}"
517,282.88360295696845,2025-03-01,282.78693421681726,316,0,40,0.3463035019455253,7.041346709115714E-4,2.0789323777941773,296.04392074403313,0.2895629728306969,"{""type"":""Point"",""coordinates"":[83.96082448667492,23.805672901718996]}"
518,312.54828199138944,2025-03-01,282.0268895739601,511,0,40,0.27000109445113274,3.170472065789909E-4,0.6857669407620463,295.5394448325747,0.9682189044321132,"{""type"":""Point"",""coordinates"":[82.83732928299334,23.382125201578127]}"
519,237.80758958859164,2025-03-01,282.5773685546149,693,0,10,0.4134838923945533,4.0448722046448893E-4,15.294211444606216,297.84832922617596,0.2826548792526369,"{""type"":""Point"",""coordinates"":[81.58932945720039,19.20925204485647]}"
520,115.13990217841032,2025-03-01,285.09019175029937,790,0,30,0.5416047548291233,3.848474900109977E-4,1.0914704542023168,296.98019422803605,0.32683842495376514,"{""type"":""Point"",""coordinates"":[84.13501379190289,20.18730503654898]}"
521,-0.0,2025-03-01,283.53181888943624,319,0,40,0.6832460732984293,1.55669133050651E-5,0.0,298.6700251897176,0.27406279871866057,"{""type"":""Point"",""coordinates"":[81.4468029808552,20.69922005466605]}"
522,12.029110950751107,2025-03-01,285.06337697165355,693,0,10,0.7641375390736005,4.878443161828727E-4,24.4730408224619,297.36625031062533,0.2823493924401391,"{""type"":""Point"",""coordinates"":[83.97604334589364,20.185263797970087]}"
523,90.0,2025-03-01,288.87364482879633,101,0,40,0.3136467889908257,2.0797220884105627E-5,0.9748507688358679,301.66214293525326,1.1093089778904532,"{""type"":""Point"",""coordinates"":[80.9948084312883,17.949269608833664]}"
524,180.0,2025-03-01,283.0811934244065,335,0,10,0.4567215958369471,2.2774454754426188E-4,1.8543341688414132,298.0288130896432,0.7587284941209045,"{""type"":""Point"",""coordinates"":[82.82286419780584,22.345561928825465]}"
525,295.0961267656312,2025-03-01,285.3858925501506,159,0,30,0.3018602469907769,3.247213045938224E-4,2.1857049755071944,299.96176161084855,0.33566145264211766,"{""type"":""Point"",""coordinates"":[83.59243116284615,20.494701777712024]}"
526,46.651970182314834,2025-03-01,282.4738354909988,648,0,10,0.2911392405063291,3.1266626518799967E-4,2.025931591865831,297.8001812072028,0.31890298607995926,"{""type"":""Point"",""coordinates"":[81.65652781695557,19.27608921330417]}"
527,321.441173774354,2025-03-01,283.62221486227855,244,0,10,0.42949338496289124,3.4890588921143717E-4,2.370840773089054,299.6912072953724,0.2200409430314174,"{""type"":""Point"",""coordinates"":[82.79022068439104,19.79735251595395]}"
528,75.07144200571243,2025-03-01,282.1849996930077,361,0,10,0.45134099616858236,1.5030471502086584E-5,3.595579155294927,298.98382727305085,0.43334324726787116,"{""type"":""Point"",""coordinates"":[80.426570607294,21.06949676540871]}"
529,277.4904515712692,2025-03-01,281.5292670386178,530,0,10,0.49739822467095196,2.0065423649384684E-4,3.55283454438627,295.2617988132295,0.9930141078039415,"{""type"":""Point"",""coordinates"":[82.08610842723188,23.017881588633422]}"
530,57.79374630982517,2025-03-01,284.5251457123529,327,0,10,0.6312450436161776,1.5030471502086584E-5,1.7397006746859198,300.2755346298218,0.2116036797345278,"{""type"":""Point"",""coordinates"":[80.63456116123241,19.12136165061453]}"
531,11.334744117351335,2025-03-01,282.21702280498687,393,0,10,0.29275554085345684,9.284433525635905E-5,7.523977745572477,298.9400679724557,0.5106206188663536,"{""type"":""Point"",""coordinates"":[82.49705689235427,20.708444096357987]}"
532,-0.0,2025-03-01,284.997092791966,237,0,40,0.328230791875184,0.002019385663686535,0.9274099368611016,298.3803697767712,0.34392883231615917,"{""type"":""Point"",""coordinates"":[84.30376622242993,21.834039731211124]}"
533,233.32605967896075,2025-03-01,284.18700513385596,321,0,20,0.3033126293995859,1.7056879204346842E-4,3.10278088034655,298.46013400668187,0.5678107679755448,"{""type"":""Point"",""coordinates"":[83.146791905573,21.434138761070088]}"
534,147.60072503562733,2025-03-01,282.3795913968767,726,0,40,0.2534672405547585,3.609907309396476E-4,2.7441181092552136,297.22152723584855,0.4236760320698975,"{""type"":""Point"",""coordinates"":[81.66908347631671,19.008337516022333]}"
535,304.4675056127148,2025-03-01,283.29536869412374,438,0,10,0.4208703508507755,5.463909785135002E-4,2.456774077855147,295.83190204983663,0.6498005780765527,"{""type"":""Point"",""coordinates"":[82.69244329715316,23.757371874428255]}"
536,192.03541308413463,2025-03-01,280.8402731305077,462,0,40,0.2674327500652912,7.266816299988932E-5,2.3694892733754718,298.56047580355687,0.21775078795443537,"{""type"":""Point"",""coordinates"":[81.98007642430741,20.269112685390212]}"
537,342.8972730248528,2025-03-01,289.581321307591,247,0,10,0.6526112185686653,0.005434612600026867,17.83806417408747,298.15154025668187,0.18986957661213172,"{""type"":""Point"",""coordinates"":[84.32173523111223,19.81525532228205]}"
538,-0.0,2025-03-01,286.13840952373687,133,0,10,0.3558512453087683,8.196648758485026E-5,1.3909630807829783,301.9846817652384,0.6016853595523362,"{""type"":""Point"",""coordinates"":[80.26413126979278,18.424379932498027]}"
539,304.0809455836682,2025-03-01,284.185307775225,1175,0,60,0.03890894504612916,3.659230152948112E-4,4.130726392949989,297.8342969531104,0.3938802599955802,"{""type"":""Point"",""coordinates"":[81.22268724956248,18.702933542343043]}"
540,215.30894588138344,2025-03-01,281.14976206279937,664,0,40,0.212703242369497,2.204891842438883E-5,1.7043447635615168,298.04192692892894,0.41921378329632386,"{""type"":""Point"",""coordinates"":[82.04454451313855,19.73663211087854]}"
541,20.01875036358709,2025-03-01,282.35564236413865,387,0,10,0.649244060475162,6.137889305932731E-4,7.3627000198225625,295.6915967577979,0.313634894361772,"{""type"":""Point"",""coordinates"":[83.91595729856319,23.809148029081793]}"
542,222.21894501889986,2025-03-01,281.5984285899571,587,0,40,0.2118582791033984,4.3536242645814127E-4,3.75176977677908,295.5483908426194,0.9705344548990467,"{""type"":""Point"",""coordinates"":[82.38003756177693,23.303087061913505]}"
543,47.51097114103816,2025-03-01,281.7196676617577,614,0,10,0.45767494356659144,0.001054639784513256,1.3728844069842456,295.3984419958932,0.40632180387378136,"{""type"":""Point"",""coordinates"":[83.47130045909671,23.65530294239203]}"
544,146.80870378264177,2025-03-01,282.44688120342437,432,0,40,0.44608501118568233,4.1080531281068033E-4,2.7686315304790017,295.5945624851045,0.9973904591160784,"{""type"":""Point"",""coordinates"":[82.75029377293279,23.479729411329156]}"
545,344.82520182194975,2025-03-01,281.2599624906267,579,0,40,0.29358261748357756,4.515748898370475E-4,1.921278209262733,295.6086703255063,0.9936607915326066,"{""type"":""Point"",""coordinates"":[82.09448730088455,22.815834041422764]}"
546,199.67297732476345,2025-03-01,283.56307470230826,301,0,10,0.34486301369863015,1.671430271699137E-5,2.952339514335106,298.4065160751343,0.46217034500369414,"{""type"":""Point"",""coordinates"":[81.3330540225694,21.196029144988316]}"
547,272.69612547473315,2025-03-01,282.7904800687517,245,0,10,0.605294825511432,3.1242934880992834E-5,9.763160020477072,300.4777993247622,0.049191050391100576,"{""type"":""Point"",""coordinates"":[80.3300640935684,19.6403389915294]}"
548,19.56295243119882,2025-03-01,281.4554610025315,349,0,40,0.3124627310673822,1.5030471502086584E-5,5.885082810762785,299.5015623455956,0.0782083333233247,"{""type"":""Point"",""coordinates"":[80.88005559613701,20.27711210063546]}"
549,339.94465316447,2025-03-01,284.3897290456863,223,0,50,0.19946984758117958,3.3245500725342936E-4,1.4807145383632088,295.7396110807146,0.577264037129312,"{""type"":""Point"",""coordinates"":[84.07242797156049,24.06554417935861]}"
550,302.0814725866875,2025-03-01,284.4969009671892,707,0,10,0.6211920529801325,3.845941702707023E-4,1.7457370054176726,297.1020552771432,0.4934296825490669,"{""type"":""Point"",""coordinates"":[83.57744161259146,19.903070796200367]}"
551,344.95973954912,2025-03-01,284.21485460372196,250,0,40,0.6123005060334761,3.586229485108561E-5,1.9200615999702748,298.2734129315331,0.5264509796465908,"{""type"":""Point"",""coordinates"":[82.29610649074058,21.503424010346766]}"
552,318.63765355961124,2025-03-01,283.4669181732905,626,0,10,0.41252839987017204,1.602124850137443E-4,3.7021066270253966,298.065864335923,0.4660196872135334,"{""type"":""Point"",""coordinates"":[81.61564889835218,18.828797101536765]}"
553,-0.0,2025-03-01,287.79415380387076,452,0,80,-0.19545454545454546,1.831602732522697E-4,0.0,297.61184996650337,0.23233637120912878,"{""type"":""Point"",""coordinates"":[82.23570621535886,18.29224041989347]}"
554,150.06290803056328,2025-03-01,285.90440073467437,423,0,10,0.6692723992784125,1.3990220230652994E-4,5.866048208183294,300.23916930244076,0.4269865543819252,"{""type"":""Point"",""coordinates"":[80.82911714712075,18.709325834074413]}"
555,106.3497106967956,2025-03-01,289.93695863087976,269,0,10,0.75,0.0010965418497903556,14.508448738157725,296.85664163316994,0.611629673877717,"{""type"":""Point"",""coordinates"":[84.14100248527119,19.04243869954428]}"
556,27.9263132011087,2025-03-01,281.91292821793326,581,0,40,0.3318529484332593,2.1408018272950358E-4,1.0496140704238772,297.610792023795,0.29496112932454244,"{""type"":""Point"",""coordinates"":[81.67850850641044,19.389233083256656]}"
557,307.1866562525733,2025-03-01,286.6055842354184,247,0,10,0.5773308957952468,1.9180294674470133E-4,3.0661302509027992,300.89704109373554,0.5587227072759694,"{""type"":""Point"",""coordinates"":[81.133921834702,18.497164354711774]}"
558,-0.0,2025-03-01,281.62440631503154,576,0,30,0.3570320214416702,5.341273228509635E-4,0.9274099368670311,295.8741441908337,0.8322635515576312,"{""type"":""Point"",""coordinates"":[82.94894707892415,22.929743053470624]}"
559,249.9148172164185,2025-03-01,282.3093544642131,395,0,40,0.35979871400615043,6.726038138253898E-4,2.698775498039149,295.3658317838396,0.48532186537900207,"{""type"":""Point"",""coordinates"":[83.53531215432118,23.916315131124847]}"
560,90.0,2025-03-01,287.07007921309696,282,0,40,0.4046023885814157,0.0020804357210977287,0.4926092819813361,298.6204472042265,0.4940627319220169,"{""type"":""Point"",""coordinates"":[83.66061299088565,19.714553788816875]}"
561,133.1073121793348,2025-03-01,282.397221837725,366,0,80,0.43537653239929947,1.5030471502086584E-5,0.6785867886906698,298.7955192838397,0.21554735581623774,"{""type"":""Point"",""coordinates"":[81.12730219836216,20.60562601154888]}"
562,148.88889416783132,2025-03-01,284.6022476468768,597,0,40,0.2776686313032089,4.094791094644279E-4,3.786051436959228,298.0002602622622,0.4370914441297713,"{""type"":""Point"",""coordinates"":[82.2748430484309,18.76366310082199]}"
563,79.32285726374435,2025-03-01,287.85045146942133,400,0,10,0.5036649214659686,0.0038611393849237174,2.501426465108289,297.43924835750033,0.6044172724104186,"{""type"":""Point"",""coordinates"":[83.57921590691956,19.49132164405911]}"
564,81.44544510331338,2025-03-01,285.0227914991833,606,0,10,0.6870477568740955,3.5875555676057047E-4,12.278880573098142,296.7599386941819,0.37273821335640056,"{""type"":""Point"",""coordinates"":[83.88439524113004,19.921940212368906]}"
565,46.736788752886,2025-03-01,283.2439829054333,247,0,40,0.36363636363636365,2.5963303249909586E-4,0.6766225854065924,299.4365628106254,0.2399348019265948,"{""type"":""Point"",""coordinates"":[82.72053152942553,19.75582566605178]}"
566,139.1064156447602,2025-03-01,282.0707593191238,402,0,40,0.28279756733275413,0.0043477517048700065,3.064471272268637,297.0824193954468,0.6892459418847162,"{""type"":""Point"",""coordinates"":[84.19935122290792,22.51862298626552]}"
567,-0.0,2025-03-01,283.868913150969,218,0,40,0.17004680187207488,5.008679310662956E-4,0.9274099368611016,298.58892981211346,0.38070407937373923,"{""type"":""Point"",""coordinates"":[83.29691455925496,21.751467144475985]}"
568,210.6368182896899,2025-03-01,283.91523011525476,686,0,10,0.43874139626352016,3.642853897645182E-5,23.85151699205434,298.753840991429,0.5558430342610392,"{""type"":""Point"",""coordinates"":[82.98754505842373,20.928736566615918]}"
569,47.1286915203487,2025-03-01,284.370860463097,227,0,40,0.18483033932135728,2.633285204751701E-4,0.6815916780277803,298.2892239434378,0.32812317741276364,"{""type"":""Point"",""coordinates"":[82.98257542743188,21.82526611333585]}"
570,264.1614267131133,2025-03-01,281.1845288503738,631,0,30,0.28876636802205374,1.8860069928905432E-5,4.549184048658992,296.5174547377087,0.7913917408013291,"{""type"":""Point"",""coordinates"":[80.3001711533871,23.029052329569666]}"
571,208.0988420968736,2025-03-01,284.36716928936187,232,0,40,0.2975871313672922,2.5690612000062174E-4,1.0512964504369073,299.8207471484229,0.08145722438441572,"{""type"":""Point"",""coordinates"":[83.22869669702293,20.53451406526701]}"
572,215.94774347901645,2025-03-01,281.3246248790196,524,0,40,0.3762603116406966,1.535814682824821E-4,1.718009651027202,295.62376054128015,0.8281267648134022,"{""type"":""Point"",""coordinates"":[82.72496375100732,23.16874669474689]}"
573,270.0,2025-03-01,282.06873062678744,441,0,40,0.40260545905707196,7.324766795022697E-4,1.012893129222599,295.8501021521432,0.32024013981392285,"{""type"":""Point"",""coordinates"":[83.7484558591475,23.7109247363494]}"
574,297.52571676861044,2025-03-01,285.38811888013566,247,0,10,0.5401700027419797,4.4857975643708414E-4,19.304001575839678,299.3528109505063,0.5808734588181163,"{""type"":""Point"",""coordinates"":[83.49321102573961,20.273815134699632]}"
575,201.21879767902107,2025-03-01,282.63658428192133,464,0,10,0.49849043944984905,0.001276190249143383,24.7106260155537,297.82928044455394,0.839841252683112,"{""type"":""Point"",""coordinates"":[83.19216225384474,22.579603396226407]}"
576,110.17683486182707,2025-03-01,281.7159532365345,510,0,40,0.27708621484555096,2.712112347467155E-4,2.6870412747986214,295.68010470980687,0.8909334553363625,"{""type"":""Point"",""coordinates"":[82.24918612750042,23.26664465108347]}"
577,270.0,2025-03-01,287.9151371093023,121,0,40,0.3543704638687283,1.6894456547333903E-4,0.9751175429095585,300.47929323287235,0.3550637149370361,"{""type"":""Point"",""coordinates"":[81.67317919885384,17.997912950889894]}"
578,151.69613470066017,2025-03-01,283.5375503812517,259,0,40,0.22046544679339136,5.9525338826915686E-5,1.0533151550642619,298.63033489953915,0.6527260529806179,"{""type"":""Point"",""coordinates"":[81.78760069359971,21.80554388259242]}"
579,132.74466300145733,2025-03-01,283.6326896576654,306,0,40,0.2601576713159491,1.0823723476960367E-4,3.4122219442440946,298.2168478738694,0.8965505503527127,"{""type"":""Point"",""coordinates"":[82.5973071154906,22.4496653534595]}"
580,326.32232339818734,2025-03-01,291.0316910062518,631,0,10,0.748234106962664,0.003843168584523937,20.284162466322215,299.348579179673,0.5509519555480182,"{""type"":""Point"",""coordinates"":[83.28023769111198,18.591813993597828]}"
581,133.21789207694758,2025-03-01,280.55926145826066,663,0,40,0.24583109198493813,1.3090190094544596E-4,0.6771918807569708,297.6094492503575,0.3775111495172738,"{""type"":""Point"",""coordinates"":[81.93164845214181,20.006429147202148]}"
582,72.93329216575093,2025-03-01,280.46923169635596,746,0,40,0.15185341196293176,0.008877987829862377,1.5797335554191558,294.4202518917265,1.0117754241119474,"{""type"":""Point"",""coordinates"":[84.19326888741887,22.925486088076525]}"
583,35.83523578309532,2025-03-01,282.14808795565654,527,0,40,0.2787282769769635,0.0024741393010003776,1.715571574018418,296.33579086122063,0.8821770897110495,"{""type"":""Point"",""coordinates"":[83.35961586028402,22.607460305055614]}"
584,106.38288483083839,2025-03-01,281.6956721260434,535,0,10,0.5160967806438712,1.6606864136292643E-4,12.929313448938567,296.7193706603277,0.5322605416616506,"{""type"":""Point"",""coordinates"":[80.27143141124984,23.259211292447095]}"
585,244.81961828360085,2025-03-01,280.8172541572934,700,0,10,0.6198895027624309,7.019457024171061E-5,5.433462602074086,297.5535119828723,0.2444113835575876,"{""type"":""Point"",""coordinates"":[81.525961701301,19.899113297917015]}"
586,215.2456132560022,2025-03-01,282.17742552076066,607,0,10,0.569828722002635,8.644413630349845E-4,1.7030133011684851,298.30575575147355,0.21943593437141348,"{""type"":""Point"",""coordinates"":[82.33259603233478,19.357919595616977]}"
587,324.57482082757565,2025-03-01,281.7566782179333,411,0,30,0.2831207065750736,1.5030471502086584E-5,1.7067992259929838,298.81393446241105,0.10696790415916231,"{""type"":""Point"",""coordinates"":[81.50940242056753,20.410459392459256]}"
588,90.0,2025-03-01,281.9333139601208,436,0,40,0.6335832083958021,4.072588364465446E-4,0.5068884337525067,295.68077900296163,0.33208751976530004,"{""type"":""Point"",""coordinates"":[83.72613430002582,23.81410331261525]}"
589,321.2673478994317,2025-03-01,281.22121388571605,401,0,10,0.5239300021083703,1.5030471502086584E-5,2.376592460814315,299.6978223437354,0.3800454594638407,"{""type"":""Point"",""coordinates"":[80.43799575349755,20.76223168482678]}"
590,180.0,2025-03-01,281.5918832960583,422,0,10,0.6452991452991453,1.5030471502086584E-5,8.7426734122403,298.83476198287235,0.20027968401898594,"{""type"":""Point"",""coordinates"":[80.77373632896226,19.713419963912777]}"
591,286.83873855634806,2025-03-01,286.3739122209095,402,0,10,0.38742992033048096,3.3364710014893717E-4,14.115373402257543,296.9090330487206,0.35719255952587253,"{""type"":""Point"",""coordinates"":[83.93661994653684,19.678634812919412]}"
592,147.54835135526474,2025-03-01,289.43492412567133,647,0,10,0.4649614576033637,0.0023308348337991447,2.74570956390687,296.38805439358663,0.3413870342716057,"{""type"":""Point"",""coordinates"":[84.25864315582419,19.34004596392966]}"
593,270.0,2025-03-01,281.0197223027547,665,0,10,0.4347944459569834,1.348507086618156E-4,0.49324481028531075,297.7427674702235,0.3919411110661893,"{""type"":""Point"",""coordinates"":[81.94388802248194,19.92007536281173]}"
594,94.50163736253165,2025-03-01,284.2136862164452,717,0,40,0.30073221757322177,0.0012378197590692253,5.887708198089866,295.3899610156104,0.4082741805305113,"{""type"":""Point"",""coordinates"":[83.14091163419427,19.13223205709852]}"
595,173.10906257576767,2025-03-01,281.9550075985136,449,0,30,0.35565230445879,1.2242314022614664E-4,4.196557601228589,295.6587714694795,0.9179882848121377,"{""type"":""Point"",""coordinates"":[82.2103300763372,23.16234984274431]}"
596,180.0,2025-03-01,283.3133362815493,350,0,40,0.7523128160848649,1.5030471502086584E-5,4.166350197307866,296.1587598437355,0.47920904198915126,"{""type"":""Point"",""coordinates"":[81.00433630983571,24.01252166961631]}"
597,156.9129223771691,2025-03-01,281.9126375743321,345,0,40,0.38857979502196194,1.5030471502086584E-5,2.5189782874576827,299.1306952976046,0.05964321952163642,"{""type"":""Point"",""coordinates"":[80.75415777028279,20.2198790715769]}"
598,312.5150157279707,2025-03-01,281.6208023343767,519,0,40,0.22475165562913907,4.3095168274476237E-4,0.6862010707881933,295.7220562072028,0.5232298680983805,"{""type"":""Point"",""coordinates"":[81.58192385681404,23.535008103860307]}"
599,223.5711863005684,2025-03-01,282.6541042782011,663,0,10,0.406180689043324,2.771567980630607E-4,6.374310059459675,297.3594608761015,0.47751315587528753,"{""type"":""Point"",""coordinates"":[81.68211855355513,18.906917465069043]}"
600,229.66347356483968,2025-03-01,287.3321874255226,572,0,10,0.6537968892955169,1.6836342018677897E-4,17.359945970481313,298.3633555003575,0.2275680593368866,"{""type"":""Point"",""coordinates"":[81.86098284165153,18.00000639516478]}"
601,88.31620780795728,2025-03-01,285.4569549106416,867,0,10,0.7729403884795714,6.526064555032463E-4,28.850978061022364,297.8680523009528,0.4568108714347009,"{""type"":""Point"",""coordinates"":[83.69234215438125,19.834038750315482]}"
602,12.116634344437593,2025-03-01,284.0398406528291,283,0,50,0.07159904534606205,2.1616784749767248E-5,2.3702071864931784,298.4289653868902,0.5389459163911076,"{""type"":""Point"",""coordinates"":[81.63899491540023,21.314353886073437]}"
603,64.72961179105282,2025-03-01,284.64689050401955,195,0,10,0.6445578231292517,1.5030471502086584E-5,2.171626312395455,300.6117104575747,0.25660093722774124,"{""type"":""Point"",""coordinates"":[80.40849089121741,19.24251837515819]}"
604,10.291782776192665,2025-03-01,282.1225287573678,473,0,10,0.587892049598833,3.800642172677726E-4,2.8256798921615793,296.5644924981253,0.4189585352404181,"{""type"":""Point"",""coordinates"":[81.14113728007078,23.385163167179662]}"
605,235.3998789872125,2025-03-01,284.57788590022494,279,0,10,0.4966210647766606,4.683237950189323E-4,17.41042650660683,299.34387075333376,0.31940477716365967,"{""type"":""Point"",""coordinates"":[83.14368579768481,19.827865898502452]}"
606,328.11520089348926,2025-03-01,280.5669751394363,653,0,40,0.266038229903116,0.008599812952695629,3.8174163105493597,293.6545513243903,1.0216600531358568,"{""type"":""Point"",""coordinates"":[84.33793198152178,23.280704568928627]}"
607,312.62186765843944,2025-03-01,280.0790775389899,1099,0,40,0.22203552568410945,0.0018978070895059318,2.0536461446859935,294.180622055417,0.985342891660477,"{""type"":""Point"",""coordinates"":[83.55521881661491,23.03697983056141]}"
608,349.9222657619168,2025-03-01,281.4958430244809,436,0,40,0.24763948497854077,8.192178410126871E-5,2.823787112566903,298.2601130803426,0.15880534682572736,"{""type"":""Point"",""coordinates"":[81.94118030036216,20.319764848512637]}"
609,37.843420828953185,2025-03-01,281.4198804128738,367,0,10,0.45480943738656987,1.5030471502086584E-5,6.432584292470276,299.9933080673218,0.3550246880330112,"{""type"":""Point"",""coordinates"":[80.43051130120523,20.588712948566567]}"
610,143.93976408041266,2025-03-01,285.9764396576654,674,0,10,0.5889664566660991,6.277364174707145E-4,12.422140773072634,297.19832806360154,0.5046468069557687,"{""type"":""Point"",""coordinates"":[84.35330485819895,20.549460230590515]}"
611,346.79499386809874,2025-03-01,280.8710522878738,891,0,10,0.3083751447317638,0.0011659067551477165,17.09827511370634,295.0140367689587,0.8603854943431753,"{""type"":""Point"",""coordinates"":[83.13839251148661,22.855970004339483]}"
612,180.0,2025-03-01,281.2068967819214,627,0,10,0.486096807415036,4.6674427193238444E-4,0.463735342881014,298.37082504090813,0.42185017853247037,"{""type"":""Point"",""coordinates"":[82.07226760883158,19.507032462718154]}"
613,107.24024345785173,2025-03-01,284.18700513385596,230,0,40,0.20245398773006135,1.7056879204346842E-4,3.1263026841235524,298.46013400668187,0.5678107679755448,"{""type"":""Point"",""coordinates"":[83.09676344484309,21.41448882349655]}"
614,14.729173443089566,2025-03-01,293.7948455356415,38,0,40,0.2994791666666667,0.002930099932370922,1.9172947691595197,299.2757148288545,1.2680723653155073,"{""type"":""Point"",""coordinates"":[83.41783409827492,18.01658730307586]}"
615,72.59144428926183,2025-03-01,284.64308888571605,221,0,40,0.309874173597782,5.324285904748649E-4,1.5496600675908674,299.16444483257476,0.3005611135170304,"{""type"":""Point"",""coordinates"":[82.97673008579727,19.841708019868094]}"
616,151.83987846275906,2025-03-01,282.858159337725,347,0,40,0.2137110877929346,3.984671513421745E-4,3.152861185732101,298.7467027845837,0.4192579560917848,"{""type"":""Point"",""coordinates"":[82.431449304218,20.923904170784997]}"
617,188.6941617388369,2025-03-01,281.99480833326066,330,0,40,0.31841652323580033,1.5030471502086584E-5,3.2803642564486593,298.91717106955383,0.3538541343922062,"{""type"":""Point"",""coordinates"":[80.6494556234843,20.899083308949397]}"
618,141.12446049484777,2025-03-01,286.3707965215047,170,0,40,0.27456530529720985,4.855793396814079E-4,2.381357790529713,299.1516623269944,0.4562830977427616,"{""type"":""Point"",""coordinates"":[84.01073683304251,21.51899029291832]}"
619,252.87569040835615,2025-03-01,281.45586790357316,574,0,10,0.6005034160373967,0.0021511864344461173,3.1467866428930793,296.6436812537057,0.7905701735488934,"{""type"":""Point"",""coordinates"":[83.60730215130516,22.435253982396297]}"
620,19.675574092937556,2025-03-01,285.6014396576654,218,0,10,0.5025412960609911,0.0016749304215295524,1.4771741934403255,298.82321761903313,0.544001141408426,"{""type"":""Point"",""coordinates"":[84.14156382185418,21.217152280604513]}"
621,327.9691096410774,2025-03-01,283.1500701450166,398,0,30,0.26463104325699743,1.5030471502086584E-5,3.8234753776104435,295.9813277380807,0.6000576184129475,"{""type"":""Point"",""coordinates"":[80.3767858055946,24.022862847268627]}"
622,184.59861075692828,2025-03-01,285.5552389508202,259,0,10,0.4549532710280374,4.907649437768669E-4,23.285174705511324,299.25560810452413,0.4232436099662059,"{""type"":""Point"",""coordinates"":[83.27448525752712,20.23006867306729]}"
623,174.35082972217123,2025-03-01,281.7765001115345,480,0,40,0.42457142857142854,1.4604148071839518E-4,5.112484349488508,296.0654167447771,0.5627347689268307,"{""type"":""Point"",""coordinates"":[81.4606415008381,23.213588989024483]}"
624,98.20127898773073,2025-03-01,287.89830884479335,934,0,10,0.7977795400475813,4.366886298043937E-4,15.838390289065059,297.01449017297654,0.2315153033384034,"{""type"":""Point"",""coordinates"":[82.25296737350584,17.96818372679259]}"
625,-0.0,2025-03-01,282.54326443445115,472,0,10,0.6934160496297779,1.1325892609193033E-4,0.4637353428839794,295.84966618674144,0.3226870430797915,"{""type"":""Point"",""coordinates"":[81.0520896085333,23.663065709102085]}"
626,-0.0,2025-03-01,282.90370900290355,291,0,40,0.44815236854956864,1.5030471502086584E-5,0.9274099368611016,298.22281188056587,0.7420872238106656,"{""type"":""Point"",""coordinates"":[81.67733127291635,22.094787743476097]}"
627,132.76463823844625,2025-03-01,281.5676668712071,527,0,10,0.5929987347110923,7.37559477670402E-5,2.048111460854213,297.73165325891404,0.7296096302387475,"{""type"":""Point"",""coordinates"":[81.75462430307458,22.35199204512041]}"
628,270.0,2025-03-01,282.678710165478,268,0,40,0.3213038416763679,7.723819891793937E-4,1.4806313943467981,299.74943483443485,0.29081416787577086,"{""type"":""Point"",""coordinates"":[82.62199711599803,20.046437858985097]}"
629,199.62389649947187,2025-03-01,282.665544010344,355,0,40,0.21415068863083986,1.5030471502086584E-5,1.47669875619982,298.74535419827413,0.30974760503519283,"{""type"":""Point"",""coordinates"":[81.0126114670484,20.791522629689823]}"
630,-0.0,2025-03-01,284.1014105933053,286,0,40,0.2078222222222222,2.5342075048229162E-5,0.0,298.11645376114615,0.5979459578249867,"{""type"":""Point"",""coordinates"":[81.89151969337864,21.340851827182554]}"
631,28.68257073926404,2025-03-01,284.3611529668172,329,0,30,0.4151883595774367,3.364634196145744E-4,1.0571001212801727,295.9345166796729,0.6142334761235432,"{""type"":""Point"",""coordinates"":[82.82393729894041,23.945644840462347]}"
632,347.71028937305084,2025-03-01,281.15940561748687,745,0,10,0.24290313140181446,6.924074570520133E-4,2.371754345145393,295.08248914991105,0.9974118004920337,"{""type"":""Point"",""coordinates"":[82.44416997101864,23.353975746273466]}"
633,160.42379249488093,2025-03-01,281.80340208326066,422,0,30,0.2902224521469219,1.5030471502086584E-5,4.4209696412511,298.8333785193307,0.05500470821824968,"{""type"":""Point"",""coordinates"":[81.13903978211664,20.390557840338992]}"
634,171.4286425520206,2025-03-01,285.59166240692133,279,0,30,0.2639668932899793,2.882581631524772E-4,3.2792993182821277,300.4686033612206,0.31821741768376977,"{""type"":""Point"",""coordinates"":[81.71880378918515,18.593900429730763]}"
635,155.63575158335576,2025-03-01,284.49929005759105,1264,0,10,0.5530829856281873,8.934241215570182E-4,3.5590023939529134,295.1065311886015,0.26732127793663024,"{""type"":""Point"",""coordinates"":[83.01696116088517,18.85334666637101]}"
636,340.1285376014961,2025-03-01,280.7397918247041,512,0,30,0.21389671361502346,1.748752276284904E-4,1.4789900905344828,296.8381857644945,0.7659149916430933,"{""type"":""Point"",""coordinates"":[80.657405026908,22.741017305752933]}"
637,133.52882941612032,2025-03-01,286.9690689359392,173,0,10,0.3695652173913043,1.2737032574250406E-4,0.6733135030169889,301.1249812444051,0.82628676731739,"{""type"":""Point"",""coordinates"":[81.15140068733768,18.208994969152887]}"
638,270.0,2025-03-01,285.8624201729184,584,0,10,0.703104786545925,4.050981680734367E-4,10.160692003706455,297.49053532736644,0.26079671571748364,"{""type"":""Point"",""coordinates"":[82.28787034056813,18.48696408577028]}"
639,291.7902896011489,2025-03-01,280.40659800029937,989,0,10,0.6913841807909604,0.004030818907438061,20.338159397765892,293.82869915735154,0.5467233101151286,"{""type"":""Point"",""coordinates"":[83.97656406381422,23.48992517752479]}"
640,279.5956650194964,2025-03-01,280.1897313708351,602,0,10,0.5682242990654206,8.740541142060465E-5,5.546636088717754,298.1913061141968,0.5620857866260022,"{""type"":""Point"",""coordinates"":[80.72536976140415,21.59256503236259]}"
641,215.13566528694605,2025-03-01,286.68852810632615,732,0,10,0.6863289382373352,0.00307055827778413,8.444379235225309,296.30984220050635,0.31426828969828946,"{""type"":""Point"",""coordinates"":[83.1259422284699,18.68097604012085]}"
642,75.49486252226795,2025-03-01,280.69882270268033,613,0,10,0.5685257241677475,1.5030471502086584E-5,9.178299625664197,298.0534596670242,0.529558244586689,"{""type"":""Point"",""coordinates"":[80.72932905437816,21.350847656424488]}"
643,202.92171887822906,2025-03-01,292.2845335006714,544,0,30,0.6814770339237466,0.011922950712857983,7.509254462312364,297.5056255431403,0.7181672766155828,"{""type"":""Point"",""coordinates"":[84.30178323138678,18.927088025038724]}"
644,90.0,2025-03-01,295.012008621579,17,0,10,0.5207100591715976,8.604776541574211E-4,3.901805486396013,299.57181671687533,1.6190915200560319,"{""type"":""Point"",""coordinates"":[84.04443928133117,18.31192560677651]}"
645,28.202232868272777,2025-03-01,283.9475554965791,281,0,40,0.28865485878410724,2.2719470678111975E-5,1.0523118074855529,298.3515379315331,0.5182506599191236,"{""type"":""Point"",""coordinates"":[81.57603230479963,21.186459354480746]}"
646,226.5136486900861,2025-03-01,293.7399662108648,25,0,50,0.33929903057419836,0.0037487250248773307,0.6738395496486019,299.61747101375033,0.9327022994342365,"{""type"":""Point"",""coordinates"":[83.94758181279147,18.466370472709066]}"
647,287.35858111079057,2025-03-01,281.95939050401955,336,0,40,0.26805970149253733,1.5030471502086584E-5,1.5539814216035455,299.2113837741671,0.1285488487766509,"{""type"":""Point"",""coordinates"":[80.79696555836551,20.320893714754426]}"
648,227.4976573380212,2025-03-01,282.52684307098383,414,0,40,0.6023871689668034,1.5030471502086584E-5,5.4744754430535325,296.16637470608663,0.3047474333146855,"{""type"":""Point"",""coordinates"":[80.6799798097477,23.59378435287721]}"
649,331.82365910752145,2025-03-01,283.5815189452399,310,0,40,0.2124756335282651,1.658019226624674E-5,1.0520570278120447,298.37313275110154,0.45576992538332833,"{""type"":""Point"",""coordinates"":[81.68902391257936,21.025395722381575]}"
650,78.4888762919276,2025-03-01,281.7259920665196,637,0,10,0.7839893515877543,0.004198263255773327,13.677306787925062,294.98977384113135,0.513856703733952,"{""type"":""Point"",""coordinates"":[84.26188727301707,23.588007013549866]}"
651,125.90236661571956,2025-03-01,280.1893070311773,482,0,10,0.33379453476305776,2.9648510633251135E-5,20.438833685292483,298.57737382253015,0.10724886243730025,"{""type"":""Point"",""coordinates"":[81.4430084506631,20.208477948031124]}"
652,133.18298766253346,2025-03-01,285.32483414241244,205,0,40,0.38935574229691877,4.11818591771862E-4,1.3550730640064472,299.38992032550635,0.44394621801276507,"{""type"":""Point"",""coordinates"":[83.40308628150488,20.198352290216054]}"
653,233.51362180338117,2025-03-01,282.5775138764155,366,0,40,0.2575013638843426,0.005024666754422924,3.116470734298139,297.06549231211346,0.7919981359562531,"{""type"":""Point"",""coordinates"":[83.81730718631003,22.408070488998096]}"
654,312.4411504561874,2025-03-01,283.14542566026955,403,0,30,0.47572815533980584,1.5030471502086584E-5,1.374138014762966,295.98563507625033,0.36985520677829237,"{""type"":""Point"",""coordinates"":[81.10414684564336,23.87311640555253]}"
655,290.23349064841875,2025-03-01,280.8516954240345,659,0,40,0.45338585631213657,3.728967587335319E-4,2.679841903999976,296.51456574031283,0.8407399293647888,"{""type"":""Point"",""coordinates"":[80.60367971572552,22.8559603210362]}"
656,306.0872876755092,2025-03-01,283.3519395646595,314,0,10,0.3643061809250921,7.234763781411857E-4,8.5954620079713,298.96221501486633,0.4228773603504311,"{""type"":""Point"",""coordinates"":[83.63502358354927,21.927631238969294]}"
657,169.58324570778257,2025-03-01,285.76536264873687,864,0,10,0.6568493150684932,3.9936122101380533E-4,35.28851743044278,296.2263112295242,0.20084391860518844,"{""type"":""Point"",""coordinates"":[82.448156929566,18.419175523227974]}"
658,107.07946745362653,2025-03-01,281.39576280684696,506,0,10,0.49988876529477194,2.1050540624401037E-5,1.5785890840692034,297.1743383407593,0.8882531046965886,"{""type"":""Point"",""coordinates"":[80.35361570775146,22.81799815942838]}"
659,140.1475819632093,2025-03-01,284.5834081286476,533,0,10,0.5767774505679428,6.427269856317253E-4,21.31042810820196,298.4535189583188,0.3644551451462035,"{""type"":""Point"",""coordinates"":[83.73345992412159,20.119542991257056]}"
660,183.4447441268303,2025-03-01,280.99345974695115,686,0,10,0.5089531680440771,5.333822647912712E-4,8.303894577583101,296.80197157178605,0.9349325195287123,"{""type"":""Point"",""coordinates"":[82.0670448473126,22.641911462726437]}"
661,125.27284550954523,2025-03-01,283.7539054779779,212,0,30,0.2915563401000294,1.5030471502086584E-5,2.4077709839652424,300.4243674051194,0.15845948666588563,"{""type"":""Point"",""coordinates"":[80.40600382032393,19.41992676451005]}"
662,121.93189066559347,2025-03-01,282.9217928477696,307,0,30,0.3236950235884949,1.0734316509797281E-4,3.502802964934548,299.24679579053605,0.5642375605165378,"{""type"":""Point"",""coordinates"":[82.63677588370669,20.800239533218807]}"
663,335.28687969164804,2025-03-01,283.65383107321605,339,0,10,0.2610978520286396,2.7428237615367834E-5,3.568884176743344,298.79667023250033,0.5297449134155541,"{""type"":""Point"",""coordinates"":[82.29247842792306,21.37441551621406]}"
664,98.71050890937408,2025-03-01,286.68852810632615,499,0,10,0.7818791946308725,0.00307055827778413,30.451246504773398,296.30984220050635,0.31426828969828946,"{""type"":""Point"",""coordinates"":[83.13355264511063,18.71768927410732]}"
665,180.0,2025-03-01,281.3053610211327,614,0,40,0.34385964912280703,9.063896339966959E-5,2.3174627380815918,295.8039305096581,0.3621528817558699,"{""type"":""Point"",""coordinates"":[80.8828306944914,23.299109409479286]}"
666,287.49471158558606,2025-03-01,284.64021732693624,296,0,10,0.4475332811276429,1.5030471502086584E-5,1.5422689751304408,299.9434394382294,0.3066460104688669,"{""type"":""Point"",""coordinates"":[80.45286412599407,18.987387470558826]}"
667,280.5410458762184,2025-03-01,284.13658428192144,295,0,40,0.31873479318734793,7.527586620881266E-5,2.5333090996676058,298.0324461346581,0.4821473953787013,"{""type"":""Point"",""coordinates"":[82.69281882938073,21.502865736488175]}"
668,132.8072350820047,2025-03-01,283.19725322723394,287,0,40,0.33164717040784064,6.619643847329826E-4,1.3646346173283224,298.1908003943307,0.4807153870478264,"{""type"":""Point"",""coordinates"":[83.03551314739312,22.14307346701881]}"
669,127.0644032382315,2025-03-01,282.96158195677253,492,0,10,0.6063980562866977,1.8785564122936194E-5,6.13192772954155,299.33726733071455,0.0524370574666004,"{""type"":""Point"",""coordinates"":[80.86570784498232,19.239867882636844]}"
670,90.0,2025-03-01,282.30981949397494,351,0,40,0.2235371466140697,1.5030471502086584E-5,0.9923904417653395,299.0145308630807,0.3545113658525511,"{""type"":""Point"",""coordinates"":[80.66448357291448,20.851676136250926]}"
671,180.0,2025-03-01,286.4358658109392,133,0,10,0.619707467282525,3.453147093637199E-4,0.463735342881014,300.8067497525897,0.7722560295833304,"{""type"":""Point"",""coordinates"":[80.83997265439515,18.30171772817112]}"
672,144.38268996942713,2025-03-01,284.32982158660894,287,0,40,0.3921501706484642,1.6970452469422526E-4,1.7108873884471978,298.01980895087837,0.49149024179157463,"{""type"":""Point"",""coordinates"":[83.03101429091035,21.472353603054657]}"
673,107.48366371912155,2025-03-01,284.2136862164452,826,0,40,0.31466227347611203,0.0012378197590692253,3.084189415149098,295.3899610156104,0.4082741805305113,"{""type"":""Point"",""coordinates"":[83.11331233997122,19.09834957694201]}"
674,203.010139315493,2025-03-01,282.54326443445115,505,0,10,0.4922737306843267,1.1325892609193033E-4,8.994367270826148,295.84966618674144,0.3226870430797915,"{""type"":""Point"",""coordinates"":[81.08355985592445,23.692731353842305]}"
675,90.0,2025-03-01,285.2807667596,827,0,40,0.28667038482989404,2.181183974130363E-4,0.48998844762866667,295.9550826208932,0.2124856935496139,"{""type"":""Point"",""coordinates"":[82.82079774578442,18.840536825911386]}"
676,18.617600114147834,2025-03-01,284.1858541851952,346,0,30,0.32905165345722875,1.8958267372681803E-4,6.335640842044891,295.8620185397921,0.4537730213906504,"{""type"":""Point"",""coordinates"":[82.47438819697017,24.026037760107783]}"
677,64.67495363066072,2025-03-01,284.1533602305821,618,0,10,0.5781062724730324,2.3291525047852701E-4,2.167251838084281,298.0989453906104,0.1965959190204528,"{""type"":""Point"",""coordinates"":[81.95632900837545,18.832605921180186]}"
678,69.27724154843287,2025-03-01,283.344737416222,561,0,10,0.6498410174880763,1.6064461868836588E-4,2.619342037308916,299.12814925965813,0.18342818419194035,"{""type"":""Point"",""coordinates"":[82.13348421341304,18.94991809881209]}"
679,10.188847920109167,2025-03-01,282.47178936004644,298,0,40,0.23725532372553237,1.5030471502086584E-5,2.8247644347939223,298.211128007798,0.6733896319804975,"{""type"":""Point"",""coordinates"":[81.4325951651755,21.978131864206173]}"
680,350.0646224441994,2025-03-01,288.25605042775476,127,0,30,0.323312456506611,2.7736541431977457E-4,2.822551454087812,301.4926802771432,0.9873359114742092,"{""type"":""Point"",""coordinates"":[81.0855856059656,17.920165780520396]}"
681,294.7921869730642,2025-03-01,281.67717556726365,366,0,10,0.5535148828372387,7.78029529271862E-4,5.512550255438319,297.54774561382476,0.7676635009324544,"{""type"":""Point"",""coordinates"":[83.0121271918909,22.51219497791236]}"
682,41.22313745603577,2025-03-01,283.2672983351208,449,0,30,0.32641107561235355,2.243634861542887E-5,3.0798340731604723,295.36494241441994,0.330819777930408,"{""type"":""Point"",""coordinates"":[82.11837498507785,24.064761379773326]}"
683,313.04030916371806,2025-03-01,283.76782730647494,304,0,40,0.254022207115341,1.607355278565592E-5,0.6794360292440362,298.38340409596765,0.4436338129265311,"{""type"":""Point"",""coordinates"":[81.51322311712799,20.96013618224544]}"
684,35.477552052441276,2025-03-01,282.8472078868321,332,0,40,0.3161551823972206,3.5506006878449625E-4,1.7079097768304758,299.2996929259527,0.7107129859329331,"{""type"":""Point"",""coordinates"":[82.73727175162028,20.70575384999962]}"
685,12.254865917223954,2025-03-01,281.2554575148083,600,0,40,0.1795448159595392,4.958164374215812E-4,2.371440962054185,295.57851895831885,0.8200310090044088,"{""type"":""Point"",""coordinates"":[82.8956173646887,22.961001625279994]}"
686,263.41292697895125,2025-03-01,281.6997702008202,700,0,10,0.6961218346024438,3.9752837818696207E-4,4.035968836040224,296.9527807235718,0.861369111265803,"{""type"":""Point"",""coordinates"":[82.78943822196958,22.511398966900472]}"
687,135.36574002055144,2025-03-01,287.69076024918326,373,0,10,0.472630173564753,4.3141361874177164E-4,26.06264240890271,297.1988628478278,0.2867225984077849,"{""type"":""Point"",""coordinates"":[84.0028616909011,19.578658536112915]}"
688,122.30710895119907,2025-03-01,285.99947025662374,227,0,10,0.36876100998238404,3.370594660623283E-4,3.4665410604475113,300.22643911270865,0.5829770549310839,"{""type"":""Point"",""coordinates"":[81.23826619867481,18.464812039964]}"
689,170.95356601905397,2025-03-01,286.1832790828886,991,0,10,0.7490196078431373,4.390281121118278E-4,15.13426747168095,295.69999054500033,0.3225567723362987,"{""type"":""Point"",""coordinates"":[82.16561756685644,17.89255183992259]}"
690,160.0065959616804,2025-03-01,282.42902406056726,430,0,20,0.43420173680694724,3.697675148828239E-4,2.9582900825899747,296.2390879222325,0.42716423228884026,"{""type"":""Point"",""coordinates"":[81.29123778185968,23.629757801333334]}"
691,207.9102656196516,2025-03-01,282.74861576443624,631,0,30,0.339928551799945,3.315013329370231E-4,2.098212982906799,298.2844980784825,0.2509744217714239,"{""type"":""Point"",""coordinates"":[81.5421086303433,19.277908870067172]}"
692,39.116465923001456,2025-03-01,280.09384223393033,794,0,30,0.2462660646057659,2.8098639648987955E-4,2.389469856102443,295.4593027659825,0.8268520402947448,"{""type"":""Point"",""coordinates"":[81.08673256419536,22.730574879330106]}"
693,243.20688369212976,2025-03-01,286.37176145826066,363,0,10,0.5230890464933018,4.2888042133881754E-4,31.40377207047853,299.2459994270688,0.3685119575425525,"{""type"":""Point"",""coordinates"":[84.28963612542732,20.657181408402316]}"
694,115.24594273074433,2025-03-01,281.4987727119809,542,0,30,0.27765122753733235,3.2956568418285315E-5,1.0871857206626667,298.28529444194976,0.26064332872145873,"{""type"":""Point"",""coordinates"":[81.20058599856414,19.4228885478186]}"
695,291.9338133228016,2025-03-01,285.0937957309542,233,0,10,0.4030188679245283,3.812414090020866E-4,3.719278463770531,298.9998824255807,0.2673640860900422,"{""type"":""Point"",""coordinates"":[83.07332207499283,20.016472015963107]}"
696,-0.0,2025-03-01,281.54562446049283,498,0,30,0.25781710914454276,6.813820999695963E-5,1.3909630807829783,298.76678044455394,0.3191575242169828,"{""type"":""Point"",""coordinates"":[81.2948147522224,19.47264179305044]}"
697,99.35261480340883,2025-03-01,285.1217672711327,650,0,10,0.7413980441868888,0.001337806550679943,21.724499082909475,296.96762098584855,0.5281075721800877,"{""type"":""Point"",""coordinates"":[82.4469999785894,18.73369613982101]}"
698,34.521096103302604,2025-03-01,282.3057388578142,404,0,10,0.5578512396694215,1.5183803242280192E-4,6.167464589687173,297.5879009337652,0.7396816722243659,"{""type"":""Point"",""coordinates"":[81.87537656277344,22.30367771330429]}"
699,270.0,2025-03-01,284.42199048541835,294,0,40,0.297815362931642,2.6012627301952307E-5,0.49770091074231454,298.0912026450747,0.5644344360347324,"{""type"":""Point"",""coordinates"":[82.23544928621358,21.290284475288225]}"
700,6.116538912990371,2025-03-01,283.85217789241244,263,0,40,0.4918521114420887,4.365560215546793E-5,4.653744832757283,298.57052044641404,0.6241066273715593,"{""type"":""Point"",""coordinates"":[82.72954685301903,21.065139785401712]}"
701,258.46440156809575,2025-03-01,281.52146616436187,612,0,10,0.4476956839795172,4.8915712056896155E-5,4.627903560300001,296.6622533798218,0.5090159605000663,"{""type"":""Point"",""coordinates"":[80.43182348076083,23.30031569009104]}"
702,47.18398319591243,2025-03-01,282.82953094300774,300,0,40,0.3506291750815597,1.5030471502086584E-5,0.6823012015935991,298.0318125316075,0.7171566430052833,"{""type"":""Point"",""coordinates"":[81.58757100912324,22.100153161506366]}"
703,293.4077934220893,2025-03-01,284.36534404754633,893,0,10,0.771370420624152,3.8432594936921305E-4,6.969359040785818,297.1285154705956,0.26946756992024634,"{""type"":""Point"",""coordinates"":[83.9796297055663,20.289883792027954]}"
704,294.7160898826469,2025-03-01,281.8883048920405,459,0,10,0.6242973708068903,1.134377400262565E-4,5.528353257589453,295.7974898474557,0.8284096314490252,"{""type"":""Point"",""coordinates"":[82.69128255132588,22.98962657458491]}"
705,226.4951820855451,2025-03-01,286.7010664712815,158,0,10,0.4082800403904409,2.5416430634095377E-4,2.692583082075399,301.4538851692563,0.6609467082382984,"{""type"":""Point"",""coordinates"":[80.92014385169523,18.354395475005457]}"
706,-0.0,2025-03-01,281.7564980189005,375,0,80,-0.26229508196721313,1.9172994313976233E-5,0.0,298.28114405132476,0.09257910848061694,"{""type"":""Point"",""coordinates"":[81.6626053614294,20.5246021458411]}"
707,299.48992619810156,2025-03-01,281.5850589843024,522,0,10,0.4081496325985304,9.765741032197184E-5,5.634094531350991,298.78592804500033,0.32297595276243657,"{""type"":""Point"",""coordinates"":[81.39687932728074,19.51316762221986]}"
708,55.575709263281404,2025-03-01,283.35781056540355,355,0,10,0.8162674387996841,1.5030471502086584E-5,2.45947384263347,295.97518353235154,0.5600366334524081,"{""type"":""Point"",""coordinates"":[80.68621174310935,23.96625321851749]}"
709,299.07246969170484,2025-03-01,280.00375434330533,602,0,40,0.21909633418584826,2.6194271248414225E-4,2.86074466847578,297.74845245906283,0.7665459974260042,"{""type"":""Point"",""coordinates"":[80.80460766562736,22.088509515524834]}"
710,150.62758032762287,2025-03-01,288.32986808958503,641,0,10,0.4940021810250818,4.1062649887635416E-4,24.47047129261257,297.7870673679171,0.30130380917108307,"{""type"":""Point"",""coordinates"":[84.02029319671999,19.481876253972437]}"
711,-0.0,2025-03-01,285.1402754556564,574,0,40,0.22213967310549776,4.6833869618012614E-4,0.0,296.65830643971765,0.38942137433653634,"{""type"":""Point"",""coordinates"":[82.54784263840783,18.836337831578515]}"
712,287.15108935729074,2025-03-01,281.9452129091535,346,0,10,0.6423054070112894,0.0014311474243982047,1.5721970606732878,298.7285201208932,0.5531810271625686,"{""type"":""Point"",""coordinates"":[83.19999442281592,22.203287529473876]}"
713,155.26731994471385,2025-03-01,283.512462025597,264,0,80,0.27720659553831234,1.6744105039379065E-5,3.5694437402508568,298.34911396389913,0.5226292354501831,"{""type"":""Point"",""coordinates"":[81.37451711870524,21.50553816242422]}"
714,207.75080116461714,2025-03-01,287.64842510223394,92,1,10,0.4206069160197601,5.046543282105631E-5,1.047917848116583,301.94107941218783,0.9651149637017734,"{""type"":""Point"",""coordinates"":[80.85537283177575,18.137237791075854]}"
715,270.0,2025-03-01,290.3131502696446,323,0,10,0.6927554980595084,0.003770897952733776,22.673280301780423,298.04199087052115,0.4171721428090093,"{""type"":""Point"",""coordinates"":[83.1808047728318,18.31425698659698]}"
716,270.0,2025-03-01,285.72445746830533,108,0,40,0.3001504513540622,1.5581814466258948E-5,0.9804514110620391,300.9300117038545,0.38444838262013875,"{""type"":""Point"",""coordinates"":[80.29154308293694,18.934488635574944]}"
717,123.10376826694176,2025-03-01,283.6652591796148,434,0,40,0.20884022708840227,1.716565768106193E-4,4.237787504547642,295.28734638577413,0.3705174153705016,"{""type"":""Point"",""coordinates"":[82.35832700502095,24.10807085997564]}"
718,266.3819674090524,2025-03-01,285.10620621272494,875,0,10,0.6968311009474029,6.672840992791862E-4,7.308929705576741,296.1285154705955,0.2794151336499092,"{""type"":""Point"",""coordinates"":[82.44531082565801,18.475525178746803]}"
719,294.9488693027741,2025-03-01,283.7530800501506,299,0,30,0.21673640167364017,3.954288166596598E-5,1.0992848170337686,298.3493871688843,0.6107559905037249,"{""type"":""Point"",""coordinates"":[81.84404570324331,21.496020460217654]}"
720,90.0,2025-03-01,281.5006212052845,482,0,40,0.5332091868404718,2.244960944040031E-4,0.504533889940061,295.96373217446455,0.4894939890037991,"{""type"":""Point"",""coordinates"":[81.41789135303819,23.199935574972148]}"
721,141.51314181852422,2025-03-01,288.92387966882615,185,0,40,0.45122574055158327,6.371539513452262E-4,2.368473938669566,298.4974177678426,0.4934045342402245,"{""type"":""Point"",""coordinates"":[83.83075599035197,19.382579074138132]}"
722,349.93449359845675,2025-03-01,280.2600380579631,649,0,10,0.5459244532803181,1.4169034164979166E-4,2.823680248991253,297.6394320442563,0.3200318173559474,"{""type"":""Point"",""coordinates"":[81.81671128424239,20.126462707931687]}"
723,313.8911145859712,2025-03-01,282.01457791101365,604,0,10,0.6405577552074367,4.334699789865226E-4,13.775306924669833,295.7118139266968,0.804821893464922,"{""type"":""Point"",""coordinates"":[82.85047960684716,23.62121224401768]}"
724,180.0,2025-03-01,281.97974136897494,332,0,40,0.1971631205673759,1.5030471502086584E-5,0.9274099368670311,298.66192785898835,0.5591127334280223,"{""type"":""Point"",""coordinates"":[80.25819602982637,21.39861445378573]}"
725,180.0,2025-03-01,284.3448478607904,169,0,10,0.3389895873505592,4.6011325520112223E-4,0.463735342881014,299.89125147319976,0.5223045862309948,"{""type"":""Point"",""coordinates"":[83.57364436159392,21.132063417824966]}"
726,190.2474514174696,2025-03-01,280.304460025969,884,0,10,0.5303983228511531,3.693055788858146E-4,8.421553924944964,294.98154862721765,0.7511669937791189,"{""type"":""Point"",""coordinates"":[81.06687933882439,22.792549559583478]}"
727,28.246055434125132,2025-03-01,287.2269744418916,185,0,40,0.5002146844139116,7.7391680878236E-4,1.0527437971685845,299.08515725817,0.5425726140810649,"{""type"":""Point"",""coordinates"":[83.83467373780697,21.45610118543808]}"
728,96.77791060095892,2025-03-01,287.50373109181726,195,0,10,0.6016119746689695,3.455382267816276E-4,3.9231995876272556,301.2383496874854,0.8524887020046976,"{""type"":""Point"",""coordinates"":[81.24942138050673,18.045212845703393]}"
729,31.931588472937182,2025-03-01,284.69373643965946,556,0,10,0.7427789601702646,7.74214832006237E-4,21.356396266397834,298.07158420199437,0.2882596393844128,"{""type"":""Point"",""coordinates"":[83.82370437533056,20.06996602461682]}"
730,274.1027966154837,2025-03-01,284.2379491442726,308,0,10,0.26788685524126454,6.32208268029899E-5,6.4543279920730185,298.0321845554171,0.5638039919024224,"{""type"":""Point"",""coordinates"":[82.21100435212617,21.17387039748198]}"
731,39.10206189349286,2025-03-01,284.3907230468023,390,0,10,0.5633704735376045,1.1014458340241617E-4,7.721605062202177,299.03482941218783,0.33504143777621403,"{""type"":""Point"",""coordinates"":[81.14700852895105,18.83211459436418]}"
732,203.89254393710715,2025-03-01,285.6138327008202,757,0,10,0.6799140708915145,3.5042580765320963E-4,11.99468566491629,297.4750033333188,0.42251429446587646,"{""type"":""Point"",""coordinates"":[83.8215433282188,19.848466244577907]}"
733,227.64315495340148,2025-03-01,287.074473744347,871,0,30,0.5970031545741324,6.494474093301505E-4,15.445740091876292,295.7130055654617,0.3384191836828366,"{""type"":""Point"",""coordinates"":[82.26637174749611,17.938497635604147]}"
734,347.79259597038885,2025-03-01,280.6682993116833,503,0,10,0.61792863359443,7.453080814912028E-5,2.3710156457661316,297.98207178569976,0.7750673716581561,"{""type"":""Point"",""coordinates"":[80.52116649877725,22.41363200444505]}"
735,238.07303872009396,2025-03-01,282.852782431103,362,0,10,0.2565974171813588,1.620766323640055E-5,6.980570364404522,298.3697031566075,0.39595003984396787,"{""type"":""Point"",""coordinates"":[82.04659214455134,20.829033037027695]}"
736,138.19230569962372,2025-03-01,286.5601450148083,720,0,30,0.549520766773163,8.564841429574699E-4,11.657369222559792,296.1980781101045,0.23457942140817667,"{""type"":""Point"",""coordinates"":[84.07212108911438,19.680210666351137]}"
737,166.48955191783764,2025-03-01,279.4635467075166,703,0,10,0.3938843475628217,4.139792601449699E-4,4.2844900405052755,296.9924361365182,0.8533568688172741,"{""type"":""Point"",""coordinates"":[80.88716105170975,22.349933717631203]}"
738,180.0,2025-03-01,284.14818096160883,262,0,40,0.20600425674918785,1.944553534372062E-4,0.9274099368611016,298.1607245944795,0.5961250074321154,"{""type"":""Point"",""coordinates"":[82.06253509850431,21.567020219937724]}"
739,252.44919692689376,2025-03-01,287.0037717819214,93,0,40,0.49750534568781185,3.319498699738688E-5,1.5374966564378139,302.2732676097325,0.6315269322729389,"{""type"":""Point"",""coordinates"":[80.37513008230182,18.4093692031566]}"
740,90.0,2025-03-01,280.7637757346743,568,0,10,0.45441283734500365,1.751285473687858E-4,10.94372481567227,295.28102779388433,0.9846534239795309,"{""type"":""Point"",""coordinates"":[81.7542683751566,22.94249585985193]}"
741,11.17790147222544,2025-03-01,279.831553822472,741,0,30,0.1979963089902452,1.7185029190613932E-4,5.185635393843607,294.90201691218783,0.4420898490636602,"{""type"":""Point"",""coordinates"":[81.1915684574071,23.057799936139226]}"
742,270.0,2025-03-01,285.1104205449422,99,0,80,0.05145691258524489,1.5030471502086584E-5,0.4904233101340202,300.59309182848244,0.34374108070951404,"{""type"":""Point"",""coordinates"":[80.27169850948091,18.989092489167984]}"
743,65.39391604788965,2025-03-01,282.6185469400315,453,0,40,0.6421568627450981,1.6311971364757483E-5,1.1136222595794536,295.7988209951492,0.45338486398435,"{""type"":""Point"",""coordinates"":[80.45876649039792,23.662232928504018]}"
744,288.8390063452425,2025-03-01,281.33662845974874,577,0,10,0.4416211000321647,1.1857864063813395E-4,5.725443315620702,298.26098501114615,0.1842725693412141,"{""type"":""Point"",""coordinates"":[81.55660374679299,20.237737812910233]}"
745,180.0,2025-03-01,281.4174041293916,369,0,30,0.250472452391336,1.5030471502086584E-5,0.4637353428839794,299.1380078906104,0.35508713912666146,"{""type"":""Point"",""coordinates"":[80.50911986760916,20.77979126154941]}"
746,139.61664160121217,2025-03-01,282.334227743603,573,0,10,0.30432060112711334,7.055055777414054E-4,5.46266291440089,295.6263705208188,0.48417444550020716,"{""type"":""Point"",""coordinates"":[83.33740190100323,23.875843631019993]}"
747,60.783090504285575,2025-03-01,281.7358972004482,417,0,10,0.30790697674418605,1.5030471502086584E-5,5.681721256569782,298.6939800353277,0.5095806538682672,"{""type"":""Point"",""coordinates"":[80.71099659345109,21.233196681545664]}"
748,51.14826547891529,2025-03-01,284.9117888950166,589,0,10,0.6643835616438356,5.232792775018424E-4,4.4267527882042215,297.2493883314587,0.3363612566298246,"{""type"":""Point"",""coordinates"":[83.85368568352683,19.989176526709215]}"
749,121.61617273147111,2025-03-01,280.99345974695115,518,0,10,0.5969790593889461,5.333822647912712E-4,5.2926646349786415,296.80197157178605,0.9349325195287123,"{""type"":""Point"",""coordinates"":[82.14905259160439,22.57357890784072]}"
750,75.94369005591597,2025-03-01,290.4207116535732,323,0,10,0.6136828406767058,0.0031018954197747917,16.695425112004457,298.7425582068307,0.6851083865129166,"{""type"":""Point"",""coordinates"":[83.63024765072659,18.941771812835437]}"
751,340.0397326958604,2025-03-01,281.22929959070115,559,0,40,0.2794486215538847,5.091231743676872E-4,1.4798204892020863,294.89041441962826,0.6425940711603834,"{""type"":""Point"",""coordinates"":[83.34149273935634,23.39230726566818]}"
752,208.24469030356497,2025-03-01,283.83095509665355,292,0,40,0.42924927978308763,1.8830267606517737E-5,1.0527303254778644,298.35012540363124,0.5322935086159776,"{""type"":""Point"",""coordinates"":[81.48183527207537,21.447853413570346]}"
753,72.61556146257156,2025-03-01,284.5834081286476,328,0,10,0.4982543640897756,6.427269856317253E-4,6.1843580621080605,298.4535189583188,0.3644551451462035,"{""type"":""Point"",""coordinates"":[83.66406161719286,20.074524774462166]}"
754,324.54499815168543,2025-03-01,284.7989377975464,163,0,40,0.3169066350007422,1.6387817066743082E-4,1.7074312548157142,299.6777737481253,0.16978440460739377,"{""type"":""Point"",""coordinates"":[83.78003342184917,20.579404939562625]}"
755,312.7438620118298,2025-03-01,281.6997702008202,358,0,10,0.5379899983868366,3.9752837818696207E-4,4.771775630108683,296.9527807235718,0.861369111265803,"{""type"":""Point"",""coordinates"":[82.8207246292615,22.45266240885056]}"
756,313.5821560985665,2025-03-01,292.33421030498687,75,0,30,0.55175983436853,0.0020607661883218498,1.3451242143489828,299.2515100297474,0.5404014210144735,"{""type"":""Point"",""coordinates"":[83.12766758535749,17.881487577149333]}"
757,19.749276151322466,2025-03-01,282.4174331937517,291,0,40,0.7624466571834992,2.631065052582926E-5,1.477854866934387,298.3497243154617,0.5782261421467854,"{""type"":""Point"",""coordinates"":[81.42793759035635,21.806023362839163]}"
758,334.946175174646,2025-03-01,292.8820153645106,41,0,10,0.3501378495470658,0.005082885591207287,4.597307313081653,299.1795117968605,0.6820171705274503,"{""type"":""Point"",""coordinates"":[83.32830845331861,18.051224668011418]}"
759,82.52720522588282,2025-03-01,281.07365994226365,628,0,10,0.4492808478425435,4.3551294027111E-5,7.0950161960597375,295.79971036456874,0.4510928444919225,"{""type"":""Point"",""coordinates"":[80.66711237454301,23.33812010686206]}"
760,180.0,2025-03-01,280.00375434330533,578,0,40,0.34418737503570407,2.6194271248414225E-4,0.4637353428839794,297.74845245906283,0.7665459974260042,"{""type"":""Point"",""coordinates"":[80.75076314800197,22.058045130418872]}"
761,-0.0,2025-03-01,283.7682632718768,294,0,40,0.2106314948041567,2.1125046430370276E-5,1.8543341688414132,298.22262005578904,0.49824418084342925,"{""type"":""Point"",""coordinates"":[81.67328182572179,21.082785756963663]}"
762,294.8719084300858,2025-03-01,283.0506990977696,229,0,10,0.3142345568487019,8.09232560811779E-4,1.1024681515345387,298.420862243289,0.4248601199272461,"{""type"":""Point"",""coordinates"":[83.20893412156767,22.00115590463792]}"
763,-0.0,2025-03-01,284.4910997209095,176,0,10,0.32499197946743663,6.813820999695963E-5,0.0,299.8455390476046,0.1580934173339031,"{""type"":""Point"",""coordinates"":[83.46653587158028,20.767250753710975]}"
764,327.3360194912583,2025-03-01,282.0428982235137,342,0,40,0.5026608611514272,1.74742619378776E-5,2.752204101240581,299.8142367317563,0.3699091285731734,"{""type"":""Point"",""coordinates"":[82.16034974103276,20.627500771725078]}"
765,144.5395727975452,2025-03-01,284.7989377975464,189,0,10,0.5785589434841717,1.6387817066743082E-4,8.47784221890117,299.6777737481253,0.16978440460739377,"{""type"":""Point"",""coordinates"":[83.8219982950663,20.610008990127294]}"
766,310.92103939701866,2025-03-01,281.5676668712071,568,0,10,0.7166695637058926,7.37559477670402E-5,10.500660413492692,297.73165325891404,0.7296096302387475,"{""type"":""Point"",""coordinates"":[81.78530813448445,22.38252539106097]}"
767,196.14734195313827,2025-03-01,281.76351415543326,536,0,10,0.7033181522446325,2.2917505901887125E-4,10.502198022330209,298.18406327565515,0.0909960803275305,"{""type"":""Point"",""coordinates"":[80.9032674581303,19.616298862700823]}"
768,247.7392137324689,2025-03-01,282.08257688794816,464,0,30,0.3063150254052746,1.7494973343445963E-4,4.884830200652571,295.82659489767894,0.8521221226275232,"{""type"":""Point"",""coordinates"":[82.65143496027326,22.928050723282897]}"
769,221.44658969632727,2025-03-01,288.8459755579631,470,0,30,0.6391934913335692,0.00241443034809663,7.38301683919353,297.9306511197772,0.6075885908858383,"{""type"":""Point"",""coordinates"":[83.65337127213564,19.320501603678643]}"
770,180.0,2025-03-01,285.72445746830533,107,0,40,0.2224732949876746,1.5581814466258948E-5,0.463735342881014,300.9300117038545,0.38444838262013875,"{""type"":""Point"",""coordinates"":[80.31349070169895,18.90807315195349]}"
771,107.48305726968626,2025-03-01,283.3423308872041,586,0,10,0.5313423039054808,4.595172087533683E-4,1.543264440226586,297.72920022692006,0.38349341636381595,"{""type"":""Point"",""coordinates"":[82.42274636846945,19.10497117233598]}"
772,190.05612402726135,2025-03-01,280.57931005387076,619,0,40,0.3894683286695497,1.4039394062592692E-4,2.8235983455103995,297.562446367173,0.34584146064579835,"{""type"":""Point"",""coordinates"":[81.77770021763506,19.97689624640801]}"
773,19.70372171971149,2025-03-01,281.0034985769363,341,0,10,0.5829819854350325,1.5030471502086584E-5,2.952905427332557,298.6450065885271,0.5321158581565988,"{""type"":""Point"",""coordinates"":[80.59330721532329,21.443954012715764]}"
774,12.038806708274077,2025-03-01,281.71007642291846,364,0,10,0.4486743711760707,1.5030471502086584E-5,9.39827629135123,299.6948461532592,0.23394589534762458,"{""type"":""Point"",""coordinates"":[80.53701898246895,20.314126002415083]}"
775,60.771156669034944,2025-03-01,285.61640199025476,233,0,10,0.4902569895509743,0.001824731795011303,2.8468034236678683,299.12494055430096,0.5742736465701991,"{""type"":""Point"",""coordinates"":[84.15315916171708,21.161512286441166]}"
776,103.10486968447526,2025-03-01,284.17423425401955,268,1,40,0.2787519927123662,1.2818988960816569E-4,2.0444593871755257,298.1317299888247,0.555439942386596,"{""type"":""Point"",""coordinates"":[82.91830515687617,21.37963151926162]}"
777,-0.0,2025-03-01,282.7763954798381,343,0,30,0.2670704845814978,2.25092140851757E-4,0.0,298.65079620906283,0.4141951031627443,"{""type"":""Point"",""coordinates"":[82.20366604244154,20.903993692522228]}"
778,133.36254416823235,2025-03-01,290.8709825334095,103,0,40,0.5797835912888646,5.688619295938224E-4,1.3505715511441292,299.65019167037235,0.5899763629998369,"{""type"":""Point"",""coordinates"":[83.78222880941868,19.19290083013105]}"
779,-0.0,2025-03-01,283.9266756602696,583,0,40,0.23636363636363636,2.667110840661735E-4,1.390963080774087,297.4147936048962,0.41389541330259577,"{""type"":""Point"",""coordinates"":[82.7124472626319,19.284763182166028]}"
780,72.72175925827356,2025-03-01,283.7454477491833,286,0,40,0.5726918995401485,1.829382580353922E-5,1.5609817633652652,298.37447552453904,0.476013578071123,"{""type"":""Point"",""coordinates"":[81.5772180185889,21.069285936425803]}"
781,180.0,2025-03-01,285.215575399853,614,0,40,0.283009341075486,6.201815287454338E-4,1.390963080774087,298.1448438281105,0.3339343130342296,"{""type"":""Point"",""coordinates"":[83.83982449735431,19.96446529501522]}"
782,180.0,2025-03-01,283.9580535434541,228,0,30,0.2886568030171163,5.046081225259513E-4,0.9274099368670311,299.1633520126342,0.0998338983714397,"{""type"":""Point"",""coordinates"":[82.89230648503606,20.134887842189848]}"
783,47.0103526411956,2025-03-01,283.56307470230826,295,0,40,0.18821510297482838,1.671430271699137E-5,2.0394745597786756,298.4065160751343,0.46217034500369414,"{""type"":""Point"",""coordinates"":[81.31679995154711,21.223179615225938]}"
784,308.1468466811254,2025-03-01,282.14161822909404,444,0,30,0.5758145363408521,7.895645302369303E-5,4.495474735027979,296.06094664619076,0.26565083716119653,"{""type"":""Point"",""coordinates"":[80.9014524155938,23.605525074616768]}"
785,160.31544992252077,2025-03-01,283.95705372946605,272,0,40,0.3744354110207769,1.8979279218456213E-5,1.4772569267552187,298.339069321042,0.5148393541536449,"{""type"":""Point"",""coordinates"":[81.5341232289047,21.28964020699824]}"
786,119.66271536801878,2025-03-01,279.8204337982905,870,0,10,0.6842105263157895,2.8401133221223063E-4,14.664176918868542,296.56300440288726,0.7886516194053167,"{""type"":""Point"",""coordinates"":[80.73330002864522,22.258997029362796]}"
787,86.4049878506628,2025-03-01,289.76962348393033,423,0,10,0.6107177033492823,0.008712033597646496,7.355159755816679,296.59213270459855,0.30206416134012304,"{""type"":""Point"",""coordinates"":[84.39160842901047,19.539904969282226]}"
788,180.0,2025-03-01,281.8700582867577,428,0,40,0.4710636922082121,4.534077326638908E-4,1.8543341688295631,296.09145841144385,0.4622320260004129,"{""type"":""Point"",""coordinates"":[81.35270274955482,23.603142340144146]}"
789,76.8637425292974,2025-03-01,283.28364413125166,304,0,40,0.30292269871619776,2.3811575573517985E-4,2.0396640016236884,298.30376774924144,0.44304564803185875,"{""type"":""Point"",""coordinates"":[82.20821116545635,21.012904880510135]}"
790,276.1371418102717,2025-03-01,285.7540682383946,435,0,10,0.5984301810355741,0.0015437704007013053,24.429954202021854,298.8209215345837,0.5376415300781001,"{""type"":""Point"",""coordinates"":[84.2312325727186,21.26966318200268]}"
791,160.29447665439304,2025-03-01,283.97130107879644,268,0,40,0.6501305483028721,5.8005420385143225E-5,2.9529386229647487,298.27082039061054,0.4884876431962149,"{""type"":""Point"",""coordinates"":[82.63737783255527,21.458120989942373]}"
792,168.01865776476103,2025-03-01,281.2068967819214,628,0,30,0.4708377518557794,4.6674427193238444E-4,2.369014219039102,298.37082504090813,0.42185017853247037,"{""type"":""Point"",""coordinates"":[82.075489814054,19.53515417034071]}"
793,152.14911594835573,2025-03-01,284.8294204984392,307,0,40,0.27796610169491526,4.049655598237223E-5,1.048883213181917,299.5412642615182,0.27617949975719247,"{""type"":""Point"",""coordinates"":[80.78261920897685,18.862189146923114]}"
794,273.7524800175766,2025-03-01,280.47600369226365,997,0,10,0.5590768170857734,0.0052009772936685295,13.892941309881234,294.24252332959855,0.9573978006896479,"{""type"":""Point"",""coordinates"":[83.99842717523478,23.33315643232826]}"
795,180.0,2025-03-01,281.9441433407011,422,0,40,0.2613897280966767,0.005830357639013073,2.317462738066788,296.8696159635271,0.7924200936531598,"{""type"":""Point"",""coordinates"":[84.22971895679764,22.62626066817445]}"
796,133.52188522615333,2025-03-01,294.0624236606416,41,0,10,0.47805243445692885,0.0022635560910089225,2.0194546134512685,299.6926895777384,1.5180603569902578,"{""type"":""Point"",""coordinates"":[83.70433086146242,18.25185595480695]}"
797,126.37901176490779,2025-03-01,281.4754689080375,550,0,30,0.2747731397459165,3.390711228234977E-4,6.230282030325881,295.38932741255985,1.021376989752017,"{""type"":""Point"",""coordinates"":[82.05680837006591,22.946003691062213]}"
798,11.119327468426405,2025-03-01,288.4219962982905,460,0,30,0.6145787221484432,0.0035660218874795646,12.555753966398072,296.94633424849735,0.21418271404426595,"{""type"":""Point"",""coordinates"":[84.21354789845975,19.573293531564538]}"
799,301.4081626393819,2025-03-01,281.7220625650315,470,0,40,0.37730287398673545,3.4689423245026774E-4,1.7791925559199329,296.04321157364615,0.4941207548810806,"{""type"":""Point"",""coordinates"":[81.50202542982944,23.666565249131843]}"
800,132.7733972228437,2025-03-01,282.7305958611625,330,0,50,0.21821964305266617,1.5030471502086584E-5,2.047773291510867,297.64885470980687,0.6696633051216694,"{""type"":""Point"",""coordinates"":[81.69795094139405,22.309547482313796]}"
801,208.2999706822063,2025-03-01,284.0920751208351,203,0,40,0.2860364978470371,5.889635960443229E-4,1.053276609849995,298.72452086494076,0.3843971112516544,"{""type"":""Point"",""coordinates"":[83.44585452477345,21.78216002084904]}"
802,-0.0,2025-03-01,291.4900475910732,64,0,40,0.34182397088924266,0.00132303949993684,1.3909630807829783,298.606164977664,0.6844351707870049,"{""type"":""Point"",""coordinates"":[83.86033224856868,18.87275428844017]}"
803,180.0,2025-03-01,280.5062538782755,635,0,10,0.6566314076484947,4.6358522575928873E-4,2.3174627380815918,295.2099944977534,0.6209973986062852,"{""type"":""Point"",""coordinates"":[82.0771165656577,23.623249259380582]}"
804,327.5969994591216,2025-03-01,283.8876189731416,579,0,30,0.2763395544852498,1.195323149545402E-4,2.744231180101715,297.70541976747063,0.49216003607039277,"{""type"":""Point"",""coordinates"":[82.38096757338879,19.030866641632496]}"
805,160.29079954740413,2025-03-01,283.7530800501506,292,0,40,0.16457776864598314,3.954288166596598E-5,1.477484367941068,298.3493871688843,0.6107559905037249,"{""type"":""Point"",""coordinates"":[81.83157508221014,21.4879811037984]}"
806,240.90644735531131,2025-03-01,285.4615877696446,736,0,10,0.6653710247349823,0.003835539189992687,14.913698386252472,295.7438835416521,0.3276492395579808,"{""type"":""Point"",""coordinates"":[84.16779965263892,20.115434186207217]}"
807,304.84188353035955,2025-03-01,279.7709023157755,586,0,30,0.29415347137637027,1.4718887013032145E-4,2.4336886491315926,297.09835247766404,0.7064277720236256,"{""type"":""Point"",""coordinates"":[80.47402841385104,21.853930491511523]}"
808,313.3455071357318,2025-03-01,282.1345148994809,570,0,40,0.24914089347079038,6.538283507211418E-4,0.6755923143981116,298.22237591516404,0.2904452349017265,"{""type"":""Point"",""coordinates"":[82.17945742205019,19.29089243773125]}"
809,229.78250011662885,2025-03-01,280.7481449218023,517,0,10,0.46507666098807493,2.835210960938639E-5,7.144890975754587,298.11253007253015,0.5244299572270877,"{""type"":""Point"",""coordinates"":[80.83461909616332,21.541749888465954]}"
810,117.12523396359525,2025-03-01,291.7587417875017,103,0,30,0.48472828242760807,0.00251988586586549,7.083572235306517,299.4016623269944,0.2451321208169722,"{""type"":""Point"",""coordinates"":[82.91561963156794,17.939682423324953]}"
811,107.17139221654628,2025-03-01,283.05510525476365,290,0,40,0.5385538553855386,1.5030471502086584E-5,1.570394945040173,298.37992218562533,0.7180326239529303,"{""type"":""Point"",""coordinates"":[81.62204244412122,22.02601500440737]}"
812,147.13905278274638,2025-03-01,283.97550378526955,252,0,40,0.3189942441684338,5.8959094701549475E-5,2.7582900696593042,298.3299198604765,0.6296921982537523,"{""type"":""Point"",""coordinates"":[81.84477205729982,21.744498294732754]}"
813,294.5929758918573,2025-03-01,281.2415356863113,485,0,30,0.27726675427069647,1.1485335033967203E-4,3.339171972267595,296.2647285007296,0.5549606197946311,"{""type"":""Point"",""coordinates"":[81.89814120470079,23.741273702841504]}"
814,287.388197961627,2025-03-01,281.80527964092437,392,0,10,0.35977146698033946,1.607355278565592E-5,1.551417376609945,299.80846454983663,0.10084931132706501,"{""type"":""Point"",""coordinates"":[81.13967728795986,20.038671290883258]}"
815,133.4839419169448,2025-03-01,285.2764477956863,295,0,10,0.4040369483407458,1.922946850640983E-4,2.020863071418593,301.0796873455956,0.5019189103432331,"{""type"":""Point"",""coordinates"":[81.58883489266154,18.480818782277847]}"
816,46.79839943035923,2025-03-01,281.80877317701066,330,0,40,0.3599523241954708,1.7995802579662268E-5,2.031433656417528,299.7113082068307,0.11701849875629118,"{""type"":""Point"",""coordinates"":[80.54683180421375,20.096795166714546]}"
817,79.32472022965278,2025-03-01,282.95928587232316,231,0,30,0.346903169526025,1.5030471502086584E-5,2.501857381824185,300.15368520645865,0.19845656653550334,"{""type"":""Point"",""coordinates"":[80.56639946530557,19.519682865324654]}"
818,-0.0,2025-03-01,283.1995958146595,305,0,40,0.22578013461146237,1.840990464074821E-4,0.0,298.1015379315331,0.7898671315943224,"{""type"":""Point"",""coordinates"":[82.26719196075756,22.28565731933065]}"
819,249.72836565078558,2025-03-01,281.9911229723976,368,0,10,0.540398740818468,0.0010532092730386466,2.6750180460682875,297.6284805933634,0.8243750193696303,"{""type"":""Point"",""coordinates"":[83.0894774032664,22.576067417116892]}"
820,193.2982215561519,2025-03-01,282.7158951078143,337,0,10,0.46903205726735137,2.2723790806367106E-4,4.280723733591931,299.3137310118903,0.4517555474430947,"{""type"":""Point"",""coordinates"":[82.37676234691635,19.91488341038798]}"
821,160.64764199603792,2025-03-01,287.0875236420405,173,0,40,0.2974225311323487,2.0512458485200114E-4,1.4742252771744981,301.6503834951492,0.6410280893599604,"{""type"":""Point"",""coordinates"":[81.11103512164645,18.36495333219367]}"
822,133.49033166332063,2025-03-01,285.265153385344,247,0,40,0.39317889317889315,2.2521135014130778E-4,0.673790206531702,301.1516855784825,0.5503924315512955,"{""type"":""Point"",""coordinates"":[81.63773920510856,18.44204582838281]}"
823,270.0,2025-03-01,283.3550727026803,266,0,10,0.3723952960594182,3.732096831186027E-4,1.5024100529968767,298.0230874106997,0.6918963985966348,"{""type"":""Point"",""coordinates"":[82.68162181898084,22.212188216801778]}"
824,133.4398523257623,2025-03-01,294.8123480933053,17,0,40,0.25645438898450945,0.0041168135086877555,2.0225032625834,299.0267960230509,1.2741084392064488,"{""type"":""Point"",""coordinates"":[84.36503491752653,18.74268552072623]}"
825,180.0,2025-03-01,286.7101810546148,485,0,30,0.4064102564102564,1.2406226795746989E-4,1.8543341688414132,297.0256218229021,0.11273195604039457,"{""type"":""Point"",""coordinates"":[82.28612318325078,18.24001451495101]}"
826,213.59768703494208,2025-03-01,284.30107693445115,645,0,10,0.7332474226804123,6.444257180078239E-4,4.445099937045226,298.3982327325004,0.40013407381440763,"{""type"":""Point"",""coordinates"":[83.29800268144095,19.816804138396954]}"
827,312.55868046296376,2025-03-01,281.3705872581118,521,0,40,0.18146128680479826,1.058083454950065E-4,2.0561093123425707,295.38887982141415,0.7966720643679176,"{""type"":""Point"",""coordinates"":[82.9409165211711,23.33321913263192]}"
828,90.0,2025-03-01,283.2406346911476,269,0,40,0.5034310667498441,6.657358807160563E-5,2.9760456953340606,298.8819625037057,0.5734313873121282,"{""type"":""Point"",""coordinates"":[82.73610053368178,20.91369025890565]}"
829,46.980342760867046,2025-03-01,283.34616738273985,328,0,40,0.6228487733430977,1.5030471502086584E-5,2.03833051023191,298.5558952604021,0.4570943815783878,"{""type"":""Point"",""coordinates"":[80.87027320352344,21.068117476302486]}"
830,180.0,2025-03-01,282.30981949397494,337,0,40,-0.061163600198906015,1.5030471502086584E-5,0.4637353428839794,299.0145308630807,0.3545113658525511,"{""type"":""Point"",""coordinates"":[80.71481394690001,20.895954357614336]}"
831,144.27982370002024,2025-03-01,283.9299250557309,269,0,40,0.2794338408749732,5.367946307046623E-4,1.7130921615121546,298.1819880803426,0.536847947185148,"{""type"":""Point"",""coordinates"":[82.4575425032887,22.01609834330249]}"
832,257.9465931675228,2025-03-01,285.71058214278446,645,0,10,0.7744788376500316,4.084807316644401E-4,19.230577256407052,299.9742709114438,0.7086702458638189,"{""type"":""Point"",""coordinates"":[81.33265633881865,18.372518274199972]}"
833,207.8846435425903,2025-03-01,281.579362369719,722,0,10,0.6001410437235543,3.3673164051606364E-4,16.814006273447518,295.762647492545,0.5768887889221163,"{""type"":""Point"",""coordinates"":[81.73681215764526,23.607176101787676]}"
834,337.0506913120924,2025-03-01,282.49266338348383,579,0,10,0.42722265932336745,3.897201697213859E-4,2.5164096202561295,298.24722594306587,0.4383840327566564,"{""type"":""Point"",""coordinates"":[82.04046311820886,19.150145746530242]}"
835,117.63024062256439,2025-03-01,287.1909695125761,333,0,40,0.4553257900897386,0.0037518840710504264,4.987170143030204,297.82876309894385,0.5877119453619132,"{""type"":""Point"",""coordinates"":[83.49812705368768,19.570703878731585]}"
837,88.96084145662941,2025-03-01,288.92387966882615,284,0,10,0.6620592383638928,6.371539513452262E-4,24.05095093088916,298.4974177678426,0.4934045342402245,"{""type"":""Point"",""coordinates"":[83.81254427904746,19.401739748112156]}"
838,90.0,2025-03-01,284.8907753626506,194,0,40,0.3282175551965536,0.0012610953728540153,3.4830943290701573,299.2994604110718,0.5907687694348291,"{""type"":""Point"",""coordinates"":[83.50289953769717,21.433051601435135]}"
839,309.0429219362838,2025-03-01,283.1468846911476,572,0,10,0.517796746658077,2.3322817486359781E-4,4.40858696681011,298.54668185824437,0.2849059130341002,"{""type"":""Point"",""coordinates"":[82.01157553203021,18.880645929647883]}"
840,221.78053270020416,2025-03-01,287.89830884479335,938,0,30,0.6064291920069504,4.366886298043937E-4,23.468638107185292,297.01449017297654,0.2315153033384034,"{""type"":""Point"",""coordinates"":[82.26375218930211,17.950536634740676]}"
841,260.4988460535348,2025-03-01,280.3542821520851,790,0,40,0.2742319749216301,0.007469947306333324,5.600950171750822,293.86275677453904,1.0897983340578254,"{""type"":""Point"",""coordinates"":[84.12095375479292,23.00050361342537]}"
842,108.99827537707489,2025-03-01,282.0689457030523,420,0,40,0.6867059188100403,2.06704107938549E-4,4.265731524859829,296.6138902845837,0.5204885350603868,"{""type"":""Point"",""coordinates"":[80.24112879102127,23.3475526071154]}"
843,315.3846148246208,2025-03-01,280.1327187220256,828,0,10,0.427536231884058,3.552388827188224E-4,7.129220930816099,294.8967388243903,0.7524096360142222,"{""type"":""Point"",""coordinates"":[81.4992215485134,22.87136506900286]}"
844,215.46279749403854,2025-03-01,282.7074838819958,350,0,30,0.22901199314677329,1.5030471502086584E-5,1.7075966205190924,298.40106360117596,0.20656207267642143,"{""type"":""Point"",""coordinates"":[81.73126890343318,20.622829964827584]}"
845,79.08041521568956,2025-03-01,290.51379898616244,481,0,10,0.5734761379744842,0.006146649686513683,21.03404841175713,297.2722038541521,0.3258398719879191,"{""type"":""Point"",""coordinates"":[84.39842110030855,19.40668469093429]}"
846,70.77458759018714,2025-03-01,284.0589998790196,570,0,10,0.6445966514459666,0.0013193887154443473,26.178866941762223,297.730903398423,0.3791707011401791,"{""type"":""Point"",""coordinates"":[83.34455944710005,19.680890095699898]}"
847,60.78990217923537,2025-03-01,284.42199048541835,297,0,10,0.298667950569732,2.6012627301952307E-5,5.682921435057768,298.0912026450747,0.5644344360347324,"{""type"":""Point"",""coordinates"":[82.18578173642149,21.27422888258035]}"
848,-0.0,2025-03-01,283.7849869046892,292,0,40,0.18118118118118118,5.187046210153312E-4,0.4637353428839794,298.1356246130807,0.5978731683299855,"{""type"":""Point"",""coordinates"":[82.50872711898356,22.120349200826055]}"
849,107.28690490283243,2025-03-01,287.2800924664452,123,0,10,0.46088058283180233,9.726833979470939E-4,1.5602236447093232,299.10601384299144,0.6129869518365394,"{""type"":""Point"",""coordinates"":[84.30600599965331,20.990011198414756]}"
850,39.100895648100234,2025-03-01,283.0634292875018,472,0,10,0.49754901960784315,3.067669075562662E-5,17.91721188101938,295.1764135360718,0.3168516164645984,"{""type"":""Point"",""coordinates"":[82.20931565445414,24.087934832663503]}"
851,270.0,2025-03-01,282.8606704984393,251,0,40,0.19329042324946363,1.5030471502086584E-5,1.9798644400406593,299.5884589694796,0.3814191495617217,"{""type"":""Point"",""coordinates"":[80.30685841348837,20.519490943893544]}"
852,53.94291108431782,2025-03-01,281.1452628998529,733,0,10,0.6574845958680682,8.346539418084831E-4,11.654902647187871,296.30107638949437,0.831633436029382,"{""type"":""Point"",""coordinates"":[82.961322856095,22.747609700717376]}"
853,75.24960024262113,2025-03-01,279.9437538782756,867,0,30,0.2769577182887165,2.8548654717042155E-4,3.63791279813167,294.7082273846581,0.9132334976770636,"{""type"":""Point"",""coordinates"":[81.70569596523379,22.853791036633503]}"
854,90.0,2025-03-01,285.29465371086485,239,0,10,0.43874058863791926,0.00182677325409486,2.990811972983987,298.29054346538726,0.42058782641528153,"{""type"":""Point"",""coordinates"":[84.26164702943755,21.643916995305162]}"
855,14.95830609561995,2025-03-01,282.44256223951066,385,0,40,0.21338701560140916,1.5030471502086584E-5,3.8343549447215244,298.7554860342117,0.2643113183367951,"{""type"":""Point"",""coordinates"":[80.977484806161,20.65284346062171]}"
856,-0.0,2025-03-01,281.7231786364601,584,0,10,0.30783532536520586,7.044788998200602E-5,2.7802885155287553,297.7470864341372,0.3216493725522017,"{""type"":""Point"",""coordinates"":[81.56261512503704,19.64159854686878]}"
857,-0.0,2025-03-01,284.449479557219,223,0,30,0.1797949487371843,2.763372341973991E-4,0.9274099368611016,299.06927649180096,0.2354383872605831,"{""type"":""Point"",""coordinates"":[83.12389215407421,20.49889010237191]}"
858,22.889385291706027,2025-03-01,289.5396255765642,142,0,40,0.5636567582725743,0.0046222161928994865,2.515298526308298,298.7487663541521,0.45390588117235087,"{""type"":""Point"",""coordinates"":[83.2308014400397,18.66239616269138]}"
859,103.00922443230465,2025-03-01,282.0707593191238,410,0,40,0.3164093169327401,0.0043477517048700065,2.0592157597525933,297.0824193954468,0.6892459418847162,"{""type"":""Point"",""coordinates"":[84.2130165416108,22.45906659900423]}"
860,-0.0,2025-03-01,281.5521639415196,552,0,10,0.31030609379387813,1.275342385156364E-4,0.463735342881014,295.2461447488694,0.8059848251511353,"{""type"":""Point"",""coordinates"":[82.99870749493888,23.435910662186846]}"
861,156.31091551791857,2025-03-01,285.51872830163865,1014,0,30,0.528476821192053,2.8651472729279703E-4,17.650597117724235,296.04667023250033,0.13339741105197006,"{""type"":""Point"",""coordinates"":[82.50716471500704,18.252811939399834]}"
862,160.5010076488337,2025-03-01,289.59604531242735,250,0,10,0.5168061059738734,0.005951891509710094,2.949157005699426,297.77043674105687,0.19732553804866437,"{""type"":""Point"",""coordinates"":[84.26907161602028,19.719439585875076]}"
863,-0.0,2025-03-01,280.11121690840946,625,0,40,0.2283266129032258,2.0963963669373697E-4,1.3909630807829783,297.83665116628015,0.6691233020218065,"{""type"":""Point"",""coordinates"":[80.90895981253637,21.919155151172767]}"
864,-0.0,2025-03-01,283.55441352299283,302,0,40,0.2084120387860471,7.798787754609293E-5,3.2427514650854445,298.2967690513247,0.4727115225290634,"{""type"":""Point"",""coordinates"":[82.06146848765044,20.98692521826777]}"
865,79.60535604375242,2025-03-01,281.4390628905523,785,0,30,0.35346938775510206,0.0060725760142190666,2.568541594188495,294.700153305417,0.6488147436693374,"{""type"":""Point"",""coordinates"":[84.224576142563,23.481422568311483]}"
866,93.85028475744036,2025-03-01,281.0304703031267,814,0,10,0.6773223016171493,6.776568096711344E-5,6.872998618687974,298.3585831324259,0.29596743453332086,"{""type"":""Point"",""coordinates"":[81.27108500388434,19.57161490518099]}"
867,-0.0,2025-03-01,286.6055842354184,197,0,30,0.31867576446803136,1.9180294674470133E-4,0.0,300.89704109373554,0.5587227072759694,"{""type"":""Point"",""coordinates"":[81.1441544510608,18.459078704888444]}"
869,-0.0,2025-03-01,283.0540763764154,320,0,30,0.4329420135183209,1.5030471502086584E-5,0.4637353428839794,298.88063716888433,0.4944112415368104,"{""type"":""Point"",""coordinates"":[80.98228364290436,21.388618273026953]}"
870,112.12685702194118,2025-03-01,280.3121330170404,445,0,10,0.3242759032547029,1.779746691568107E-4,8.55433185227554,298.25361428942,0.5680375199523826,"{""type"":""Point"",""coordinates"":[80.93720251723612,21.661262449086607]}"
871,357.9230552574797,2025-03-01,290.5528149831863,188,0,10,0.7151868790411607,0.01139527079266145,13.217871101997284,298.1288933072771,0.2441830808408161,"{""type"":""Point"",""coordinates"":[82.9416598513324,18.039091014832685]}"
872,324.78585670015025,2025-03-01,284.030057589213,567,0,40,0.30931744312026005,2.774399201257438E-4,1.7023532438842408,297.3858222507295,0.4151089076406108,"{""type"":""Point"",""coordinates"":[82.65317283402594,19.166580948255323]}"
873,195.2817982396863,2025-03-01,282.81360948653446,412,0,10,0.5923875432525951,4.086908501221842E-5,3.840191341070899,296.07540907178605,0.4140257482409504,"{""type"":""Point"",""coordinates"":[81.26292911225221,23.796205059812625]}"
874,208.0901236750341,2025-03-01,281.3179342633202,414,0,10,0.5469387755102041,3.52662484033317E-5,3.150807149694264,298.86936601003015,0.220134922838237,"{""type"":""Point"",""coordinates"":[81.92812264389548,20.47866284543805]}"
875,180.0,2025-03-01,282.4093707402547,357,0,40,0.2979518227489373,0.004859785405813,0.463735342881014,297.32076458703904,0.7317715369840921,"{""type"":""Point"",""coordinates"":[83.84734407197907,22.312778651428523]}"
876,270.0,2025-03-01,280.55089673541835,518,0,10,0.526029526029526,8.446988266541666E-5,3.504639671486314,297.7940893173218,0.8006042914244558,"{""type"":""Point"",""coordinates"":[80.44229878545788,22.315306930551202]}"
877,-0.0,2025-03-01,287.2269744418916,188,0,80,-0.08006279434850863,7.7391680878236E-4,0.0,299.08515725817,0.5425726140810649,"{""type"":""Point"",""coordinates"":[83.80825692160623,21.52451826476041]}"
878,187.55958659307143,2025-03-01,287.69076024918326,944,0,10,0.5802707930367504,4.3141361874177164E-4,3.737182398222748,297.1988628478278,0.2867225984077849,"{""type"":""Point"",""coordinates"":[84.00436400577544,19.62645009240078]}"
879,211.0834571362497,2025-03-01,293.58613436562683,74,0,10,0.4551684751570531,0.002500037519155285,3.784952801942591,298.8888391313099,0.6543944409936812,"{""type"":""Point"",""coordinates"":[84.1015003697566,18.578582110831093]}"
880,334.1024874544349,2025-03-01,282.3395232700166,436,0,10,0.5851358846367166,6.185274998529167E-4,4.629535259736233,295.87798649924144,0.7193357182814346,"{""type"":""Point"",""coordinates"":[82.94371349259815,23.737685087294462]}"
881,28.63817289209294,2025-03-01,282.1303703217279,482,0,10,0.675611681136543,5.860146683289713E-5,2.1125869135024957,295.9937265941075,0.2864209869613825,"{""type"":""Point"",""coordinates"":[81.04397959123277,23.70683322027603]}"
882,148.21546597640923,2025-03-01,281.39576280684696,558,0,30,0.21049073948898203,2.1050540624401037E-5,3.8132832327912207,297.1743383407593,0.8882531046965886,"{""type"":""Point"",""coordinates"":[80.42137298761264,22.75402248823834]}"
883,250.96041513749032,2025-03-01,285.6326024645851,158,1,10,0.5585751009915534,1.379799525125236E-4,5.667708828064186,301.79166534968783,0.5870859818776579,"{""type"":""Point"",""coordinates"":[80.20104398610145,18.373188679903862]}"
884,287.2048351515814,2025-03-01,282.6701187406268,284,0,40,0.6260094681147312,2.0424691854259436E-5,1.5674359106084246,298.489954040164,0.5582569425392873,"{""type"":""Point"",""coordinates"":[81.35404478170061,21.73062620873039]}"
885,104.34498020654034,2025-03-01,285.0203907830375,555,0,10,0.7115641074490379,5.124908367974967E-4,21.406148675197624,298.78728244418187,0.5158348698444701,"{""type"":""Point"",""coordinates"":[83.60394121810681,20.33302903636343]}"
886,227.594616035532,2025-03-01,283.35781056540355,374,0,40,0.7810750279955208,1.5030471502086584E-5,0.6876373245441961,295.97518353235154,0.5600366334524081,"{""type"":""Point"",""coordinates"":[80.6673706990219,24.035011340169866]}"
887,90.0,2025-03-01,280.4112889880226,617,0,10,0.40217391304347827,2.521377484185905E-4,2.9957853669907024,298.1461400985718,0.6605670824093997,"{""type"":""Point"",""coordinates"":[80.8185367349752,21.882323184589538]}"
888,49.95970859348653,2025-03-01,281.716569400969,871,0,10,0.7284000813173409,0.004212911097226879,7.8793651160851255,295.17490800221765,0.510109180258855,"{""type"":""Point"",""coordinates"":[84.22212907567128,23.553698321206696]}"
889,312.90555053190866,2025-03-01,284.9549843470255,229,0,40,0.0981941309255079,0.0013742398897989005,1.3621141718002285,298.29580992744076,0.31570312274274365,"{""type"":""Point"",""coordinates"":[84.14989166185636,21.65288434389782]}"
890,302.3840010388679,2025-03-01,288.25605042775476,124,0,10,0.5373420145538108,2.7736541431977457E-4,1.7311878992062104,301.4926802771432,0.9873359114742092,"{""type"":""Point"",""coordinates"":[81.08000237706788,17.947175727139317]}"
891,103.7888759867718,2025-03-01,282.2095823287964,403,0,10,0.3155792276964048,6.238636177613444E-5,20.48296301903801,300.2450635546729,0.6702208240673851,"{""type"":""Point"",""coordinates"":[82.56925623662443,20.438404276988667]}"
892,227.1546233989037,2025-03-01,283.8531777064005,219,0,40,0.18356419508788266,0.0014152329842431755,0.6819241827421237,298.49562159038726,0.41827199868601994,"{""type"":""Point"",""coordinates"":[83.99300458760142,21.953929746930875]}"
893,180.0,2025-03-01,281.8004142670405,473,0,40,0.2363554352728913,2.718370835168571E-4,1.8543341688295631,295.3543746130807,0.4068534684183006,"{""type"":""Point"",""coordinates"":[82.11484376685543,23.880093569698747]}"
894,284.9933101892239,2025-03-01,284.04273546309696,269,0,10,0.43171521035598703,2.2209700745179362E-4,3.5804441299857888,299.64122822171163,0.1293908537560609,"{""type"":""Point"",""coordinates"":[83.07942668140385,20.383351645614372]}"
895,312.7930094266265,2025-03-01,283.1545344307309,351,0,10,0.37122405153901217,0.0031942528168542594,2.0470166759129116,297.81692809150337,0.556143997682288,"{""type"":""Point"",""coordinates"":[83.9746331795557,22.213220289248323]}"
896,129.1317871709004,2025-03-01,283.4588905970256,404,0,10,0.6403612092658029,2.8736409348084635E-4,20.401305004243756,297.97140516553605,0.6964166946054337,"{""type"":""Point"",""coordinates"":[82.37590858054138,22.207958169457633]}"
897,90.0,2025-03-01,280.82961232321605,685,0,10,0.5004897159647405,2.862167040689201E-4,2.022162274889897,295.45719269343783,0.6540685218777815,"{""type"":""Point"",""coordinates"":[81.89044311901293,23.51697084267438]}"
898,235.4183635109868,2025-03-01,281.3246248790196,579,0,40,0.22888363851151802,1.535814682824821E-4,2.449679049021599,295.62376054128015,0.8281267648134022,"{""type"":""Point"",""coordinates"":[82.66224949513347,23.194403982014492]}"
899,226.66528557718235,2025-03-01,281.9380688894363,586,0,10,0.33240997229916897,2.974819819314689E-4,1.3512664205062708,298.052198273795,0.3838937394496459,"{""type"":""Point"",""coordinates"":[81.98476663971373,19.352765565359437]}"
900,268.4226216073695,2025-03-01,285.2982170014154,592,0,10,0.680171277997365,4.5161959332062906E-4,16.38516853710852,298.25693343934563,0.3727192654740743,"{""type"":""Point"",""coordinates"":[84.27096915686155,20.565668019271204]}"
901,99.17833751475442,2025-03-01,280.9861936569214,498,0,10,0.44549300357956395,2.476077954156608E-4,8.655598156497824,295.98784978049144,0.5344834645800423,"{""type"":""Point"",""coordinates"":[82.04722419430121,23.70834911272977]}"
902,72.78536129439222,2025-03-01,284.2811562220256,258,0,40,0.19235033259423504,1.2148436707093424E-4,1.5665707039969043,298.3188754036313,0.5211633445955595,"{""type"":""Point"",""coordinates"":[82.27573657258256,21.643941665023718]}"
903,166.77489770856843,2025-03-01,283.5845939545404,554,0,30,0.32665947943939627,3.1218942802979655E-4,4.279441184968917,298.16883936382476,0.2652385605227699,"{""type"":""Point"",""coordinates"":[81.50259282040456,18.988099875133596]}"
904,207.82236554304876,2025-03-01,285.1217672711327,464,0,10,0.5684474123539232,0.001337806550679943,9.35450831693494,296.96762098584855,0.5281075721800877,"{""type"":""Point"",""coordinates"":[82.35795325653001,18.65934559441489]}"
905,252.5964291916775,2025-03-01,285.22893337976365,262,0,40,0.49115730685696557,3.9092716377808756E-4,1.5500899850993632,298.60247961680096,0.35441418403367014,"{""type"":""Point"",""coordinates"":[83.17039023878804,19.89013828049109]}"
906,12.324191622531446,2025-03-01,282.6185469400315,426,0,30,0.21975415139098556,1.6311971364757483E-5,2.3720654013489155,295.7988209951492,0.45338486398435,"{""type"":""Point"",""coordinates"":[80.52355491332787,23.734270103840505]}"
907,-0.0,2025-03-01,281.3990354537964,556,0,40,0.36524300441826213,8.417766968591422E-4,0.463735342881014,295.7349956603278,0.7897364880632078,"{""type"":""Point"",""coordinates"":[83.09052630948388,23.04151121848203]}"
909,270.0,2025-03-01,282.5733518600464,445,0,10,0.36838709677419357,1.5030471502086584E-5,0.9955450173140066,297.9546931584676,0.5199797116698281,"{""type"":""Point"",""coordinates"":[80.81932305437061,21.323251733007954]}"
910,257.1000452622518,2025-03-01,282.61668100811187,400,0,30,0.2926372155287818,3.4956154030396647E-4,4.147248724504584,296.1729199999855,0.3809551138580351,"{""type"":""Point"",""coordinates"":[81.22213320208864,23.634765776338046]}"
911,226.9134868694448,2025-03-01,281.21493598393033,352,0,10,0.6602830974188176,1.5030471502086584E-5,6.086933134282007,299.78855546315515,0.36606677129212833,"{""type"":""Point"",""coordinates"":[80.35072880157078,20.716719868309962]}"
912,16.206730643104425,2025-03-01,280.2249166851952,937,0,10,0.7422552664188352,0.0030381333510263175,7.205821006507651,293.94180602119087,0.5973097843339863,"{""type"":""Point"",""coordinates"":[83.780142503935,23.440718367425458]}"
914,332.13835040865484,2025-03-01,283.1468846911476,587,0,40,0.2634967081199707,2.3322817486359781E-4,1.0489873505085583,298.54668185824437,0.2849059130341002,"{""type"":""Point"",""coordinates"":[81.9511782570277,18.938582341311744]}"
915,321.20050444219913,2025-03-01,283.6509653273083,284,0,40,0.30581704079169686,1.611810604913444E-4,2.378817491958932,298.56999728793187,0.6056326979627621,"{""type"":""Point"",""coordinates"":[82.63447441560838,21.119780043884656]}"
916,65.33302261401428,2025-03-01,281.35218951815654,573,0,30,0.3358324715615305,4.422169606073112E-4,3.329799461247026,295.47555555616105,0.9587331311723948,"{""type"":""Point"",""coordinates"":[82.51087676723891,23.292095833914814]}"
917,334.5052485529453,2025-03-01,289.51801331837976,154,0,10,0.6075381393957523,1.4990088146760172E-4,10.167401930326355,298.8243511290778,0.5080353542824596,"{""type"":""Point"",""coordinates"":[83.85936428379267,19.32279468000769]}"
918,281.4138176854083,2025-03-01,288.95288590022494,500,0,30,0.6930617246132639,0.007151181666074535,6.995253735468404,296.7599968229021,0.22233496222691457,"{""type"":""Point"",""coordinates"":[84.30785054160023,19.58646936095251]}"
919,69.81513178824864,2025-03-01,280.77080349695115,630,0,10,0.5819359756097561,3.744315783364982E-4,2.6860179493898118,294.80046022505985,0.6780720756457608,"{""type"":""Point"",""coordinates"":[83.4182788776646,23.20911460135317]}"
920,340.1960003978288,2025-03-01,280.0926622209095,635,0,10,0.663686675180928,2.4586435955598063E-4,2.9547586579826577,297.61935438428605,0.7459038208528707,"{""type"":""Point"",""coordinates"":[80.61654762175641,22.231363858153625]}"
921,14.718159778109362,2025-03-01,287.395762806847,762,0,40,0.4677716390423573,7.658403794152946E-4,1.9171979935044472,295.3387670516968,0.339707337632541,"{""type"":""Point"",""coordinates"":[82.42623180314176,17.877914258058215]}"
922,50.343854449131534,2025-03-01,291.6890861420405,70,0,40,0.40181268882175225,0.001255745855985424,5.073390202381805,299.9299361365182,0.7424732319765743,"{""type"":""Point"",""coordinates"":[83.57373890646468,18.676255168667083]}"
923,180.0,2025-03-01,282.95033986227855,289,0,10,0.3091497975708502,1.7563518684937662E-4,0.9274099368670311,298.57973966144385,0.6406866586290049,"{""type"":""Point"",""coordinates"":[82.93162805546686,20.8005056097701]}"
924,90.0,2025-03-01,283.31942235855826,349,0,40,0.3182291666666667,2.5014249501964514E-5,0.5079856608261138,295.69918836866105,0.35635732395150477,"{""type"":""Point"",""coordinates"":[82.02579212562988,24.09244097583449]}"
925,117.73868258894232,2025-03-01,286.06791682470407,146,0,10,0.4744842562432139,1.620766323640055E-5,4.9693019909227445,301.26458317892894,0.41833736586808024,"{""type"":""Point"",""coordinates"":[80.2739569919274,18.813425674624572]}"
926,42.7882953300983,2025-03-01,284.46155289241244,325,0,30,0.3399702823179792,3.693517845704264E-5,5.042293537999433,299.6851095926194,0.17359145239901086,"{""type"":""Point"",""coordinates"":[80.78954346165591,19.03864789509786]}"
927,330.4764975816944,2025-03-01,287.07007921309696,419,0,10,0.6559708898445253,0.0020804357210977287,22.712982606541804,298.6204472042265,0.4940627319220169,"{""type"":""Point"",""coordinates"":[83.65400345580775,19.6506343247093]}"
928,87.64522469529523,2025-03-01,288.86275150662374,599,0,10,0.6219751471550032,0.004544953672109386,21.503821498595638,298.1100305375599,0.6106843937255797,"{""type"":""Point"",""coordinates"":[83.4164990708201,18.95023108399562]}"
929,270.0,2025-03-01,282.32342161451066,464,0,10,0.5077976416888551,9.390514771325797E-4,3.543649631448427,295.6304976599557,0.5660529663449589,"{""type"":""Point"",""coordinates"":[83.19235989671238,23.808627564605615]}"
930,103.03649782492025,2025-03-01,281.9452129091535,298,0,40,0.2704770477047705,0.0014311474243982047,2.054985716742265,298.7285201208932,0.5531810271625686,"{""type"":""Point"",""coordinates"":[83.22470950467125,22.156889512128178]}"
931,99.49097346599095,2025-03-01,286.2398267019363,203,0,10,0.3019811146084059,1.1768457096650309E-4,16.410517454905193,300.55154141925635,0.4251219584937113,"{""type"":""Point"",""coordinates"":[80.58480756436886,18.6739475919062]}"
932,172.41616276728416,2025-03-01,287.7262710843767,629,0,10,0.3234138793000833,0.009907866684613964,3.7373920673377325,296.30912140437533,0.3820781604308193,"{""type"":""Point"",""coordinates"":[84.36498996330116,20.1406617341229]}"
933,213.2485362311555,2025-03-01,282.0165368488857,414,0,30,0.2642196693751751,2.3543354672028727E-4,2.770440653160306,296.2213354110718,0.5114108371951476,"{""type"":""Point"",""coordinates"":[81.67895750980318,23.765489591087597]}"
934,280.41186881133916,2025-03-01,281.45610041845407,530,0,40,0.4311695579182988,2.1197911900117106E-4,2.564344708033642,295.4228444326492,0.8629188179758306,"{""type"":""Point"",""coordinates"":[82.79453526834061,23.25733326780346]}"
935,228.0482664143489,2025-03-01,283.14247853415355,653,0,10,0.6274256144890039,6.961476485116691E-4,14.265547730195149,298.0851049423218,0.26562310025374586,"{""type"":""Point"",""coordinates"":[83.11593503699245,19.663535874399376]}"
936,28.711355828227383,2025-03-01,284.14006619226365,247,0,40,0.3676410045286126,2.1288808983399576E-4,2.1140618613328948,295.5679511569795,0.5733025332715747,"{""type"":""Point"",""coordinates"":[84.28453133055021,24.099367791862207]}"
937,250.41822596082238,2025-03-01,282.21151801518033,418,0,10,0.37735849056603776,0.0014676254670007438,6.885104000218417,298.2815625781105,0.6687383932631157,"{""type"":""Point"",""coordinates"":[83.42064454712336,22.348784628110305]}"
938,180.0,2025-03-01,283.79786241622196,242,0,10,0.5452443348234931,1.1293110054566569E-4,4.166350197307866,298.6348689397176,0.6734886377990579,"{""type"":""Point"",""coordinates"":[83.09484509769115,21.174186602003573]}"
939,241.04450146315776,2025-03-01,279.9622795014154,762,0,40,0.43866535819430813,5.193602721078605E-4,2.8712765872181127,295.168903305417,0.8735173640666203,"{""type"":""Point"",""coordinates"":[81.59040857005213,22.756946736030855]}"
940,270.0,2025-03-01,280.11121690840946,642,0,30,0.25,2.0963963669373697E-4,1.998341732404225,297.83665116628015,0.6691233020218065,"{""type"":""Point"",""coordinates"":[80.892904088613,21.892776437261883]}"
941,121.91898349907405,2025-03-01,283.5625457309542,305,0,30,0.1946554886036154,1.5030471502086584E-5,1.7536730406285013,298.5500591368903,0.4038483939330442,"{""type"":""Point"",""coordinates"":[81.60794783737292,20.875185950064505]}"
942,295.1073514242904,2025-03-01,281.80340208326066,403,0,10,0.4548644960031195,1.5030471502086584E-5,1.092793252543408,298.8333785193307,0.05500470821824968,"{""type"":""Point"",""coordinates"":[81.1444307843681,20.41642285976916]}"
943,286.7242038701945,2025-03-01,284.68861529940654,712,0,10,0.7276507276507277,0.0011069577614648551,20.084797899926805,296.86399491628015,0.4149928305934457,"{""type"":""Point"",""coordinates"":[82.41630421347001,18.62044228212846]}"
944,7.7412540205197,2025-03-01,281.9866528738113,481,0,40,0.21651785714285715,4.252311390473551E-5,3.7387698946901553,295.93296464284265,0.8207298905003098,"{""type"":""Point"",""coordinates"":[81.75899223247679,23.141790034859792]}"
945,-0.0,2025-03-01,279.87284265245705,1136,0,10,0.47583704436747487,0.0026013803164346427,9.195145327303814,293.86449482327413,0.9918672878087101,"{""type"":""Point"",""coordinates"":[83.2980115037225,22.914235740945006]}"
946,226.4537943453467,2025-03-01,288.4785904203142,96,1,30,0.33220910623946037,5.928692024781412E-5,1.3460115814366238,301.3854560397921,0.9400908246139906,"{""type"":""Point"",""coordinates"":[80.81035281928287,18.103120895943707]}"
947,69.70153241157419,2025-03-01,282.706542196728,300,0,30,0.2784090909090909,0.005478645531354687,2.6716356623478514,297.32480453309563,0.7777347370334448,"{""type"":""Point"",""coordinates"":[83.9391243468935,22.37623000256273]}"
948,132.43060817927312,2025-03-01,283.750272432963,360,0,30,0.5416970936176427,3.739249388559074E-4,2.7472490303650257,295.9736198697772,0.552776503333226,"{""type"":""Point"",""coordinates"":[82.59931911606502,23.920744386898587]}"
949,295.0977215453249,2025-03-01,284.36716928936187,243,0,10,0.2789473684210526,2.5690612000062174E-4,2.185575213562753,299.8207471484229,0.08145722438441572,"{""type"":""Point"",""coordinates"":[83.15889305211856,20.483410040016278]}"
950,208.04194838989758,2025-03-01,280.2930435453143,572,0,10,0.2726613488034808,1.0855015915467447E-4,8.347299831349488,298.7023912611462,0.22995914363965636,"{""type"":""Point"",""coordinates"":[81.70825501860686,20.164974895290523]}"
951,302.09005981254796,2025-03-01,283.2439829054333,242,0,40,0.3489686352076858,2.5963303249909586E-4,1.7453199884992787,299.4365628106254,0.2399348019265948,"{""type"":""Point"",""coordinates"":[82.69679707232174,19.849818086298836]}"
952,331.93159365782986,2025-03-01,282.169444447472,236,0,40,0.31560071727435746,1.5030471502086584E-5,2.1012903528807385,300.31893934522355,0.25947278137952967,"{""type"":""Point"",""coordinates"":[80.21450610598536,20.336965207188875]}"
953,227.5617892217271,2025-03-01,283.0390094121297,398,0,10,0.5917748188100455,1.5030471502086584E-5,1.374215090659663,295.9599886848813,0.40155748877606634,"{""type"":""Point"",""coordinates"":[81.0138805871075,23.886846318382602]}"
954,72.86474022046474,2025-03-01,282.95120598021015,337,0,30,0.421996879875195,1.5030471502086584E-5,1.573605128885944,297.68473756880985,0.6597683067685279,"{""type"":""Point"",""coordinates"":[81.58470117482543,22.340406132039703]}"
955,241.79809121747226,2025-03-01,280.00810237157907,534,0,10,0.6133814864094279,1.6878215490123694E-5,3.919098364023789,298.34434740883955,0.08004905342398506,"{""type"":""Point"",""coordinates"":[81.27889969925452,20.212179534535693]}"
956,114.95463786436491,2025-03-01,282.5688933872041,290,0,40,0.6643690349946978,1.5730826078197424E-5,2.1972858727923343,298.5143622897919,0.480741963363435,"{""type"":""Point"",""coordinates"":[81.20544463702853,21.457321347339537]}"
957,60.94557467640654,2025-03-01,279.5904300780523,688,0,40,0.27615780445969124,3.619146029336662E-4,5.710510390469629,297.0142925353278,0.8012321787857354,"{""type"":""Point"",""coordinates"":[80.76655285290155,22.192210495303836]}"
958,195.2113943944109,2025-03-01,281.9219556081863,514,1,10,0.589041095890411,1.5115257900788492E-4,5.747638492284105,295.6680430003575,0.9243401361431376,"{""type"":""Point"",""coordinates"":[82.34046132696746,23.157415973051876]}"
959,130.1623656590428,2025-03-01,284.36534404754633,727,0,10,0.5950135847850407,3.8432594936921305E-4,6.444001078720739,297.1285154705956,0.26946756992024634,"{""type"":""Point"",""coordinates"":[83.96364844458539,20.32976602220363]}"
960,90.0,2025-03-01,280.91621830349874,625,0,10,0.4163809523809524,6.350394886567301E-5,2.9563959094524312,297.8701274962652,0.2977727269531528,"{""type"":""Point"",""coordinates"":[81.59690771338192,19.89152601979893]}"
961,194.87602298079617,2025-03-01,283.62221486227855,241,0,10,0.5289403383793411,3.4890588921143717E-4,1.918592823492704,299.6912072953724,0.2200409430314174,"{""type"":""Point"",""coordinates"":[82.81496764825097,19.753903186834048]}"
962,152.1073531118966,2025-03-01,284.030057589213,571,0,40,0.23125,2.774399201257438E-4,1.0492875162565214,297.3858222507295,0.4151089076406108,"{""type"":""Point"",""coordinates"":[82.6659147813599,19.15646654708923]}"
963,133.52398856598654,2025-03-01,291.57162543705533,376,0,10,0.685490877497828,0.007499600617109081,13.227943539319913,298.7271715345837,0.4209569510819714,"{""type"":""Point"",""coordinates"":[83.18609243974683,18.238783830651446]}"
964,324.51240830752624,2025-03-01,282.95033986227855,308,0,10,0.32125890736342044,1.7563518684937662E-4,1.7081229923138472,298.57973966144385,0.6406866586290049,"{""type"":""Point"",""coordinates"":[82.91423804145701,20.76235449892804]}"
965,-0.0,2025-03-01,282.14230996086485,414,0,80,-0.5500821018062397,4.010912579133219E-5,0.0,297.3491488411313,0.9195547487227941,"{""type"":""Point"",""coordinates"":[80.20602579398272,22.812617945528768]}"
966,256.670536695183,2025-03-01,292.2765349887666,62,0,40,0.39399732364748613,0.0010357451121194572,2.0106475631843805,300.42757611047654,0.7769357428499317,"{""type"":""Point"",""coordinates"":[83.62794969969947,18.606097283090968]}"
967,249.18969411709395,2025-03-01,286.79879828861783,188,0,10,0.43137254901960786,1.3580438297822184E-4,5.206873464217534,300.9570183072771,0.7775410748769862,"{""type"":""Point"",""coordinates"":[81.25669483921267,18.16255279779401]}"
968,10.059671728240794,2025-03-01,280.71799936748687,608,0,40,0.3284072249589491,3.071379343850822E-4,2.8236293057438333,298.55857499440515,0.44871071664690226,"{""type"":""Point"",""coordinates"":[82.17071350216561,20.03355718981484]}"
969,258.12886918801087,2025-03-01,281.4554610025315,520,0,10,0.44589019358933674,1.5030471502086584E-5,27.089582572491118,299.5015623455956,0.0782083333233247,"{""type"":""Point"",""coordinates"":[80.89022553865755,20.306606838309126]}"
970,38.79865731495995,2025-03-01,283.9254549571446,306,0,40,0.22814207650273224,2.1050540624401037E-5,2.378789543396939,298.0905051004319,0.5298156584802468,"{""type"":""Point"",""coordinates"":[81.86632794976106,21.115433434029608]}"
971,61.20715461037471,2025-03-01,282.8077326729184,409,0,40,0.7822651448639157,1.5030471502086584E-5,2.8860711430597683,295.89383820125033,0.3993060146022328,"{""type"":""Point"",""coordinates"":[80.61394472231868,23.653852988719517]}"
972,313.21405394291077,2025-03-01,283.06539985111783,276,0,10,0.4380118610561988,5.995285193307609E-4,1.354291129957938,299.4171129408337,0.025811609219733373,"{""type"":""Point"",""coordinates"":[82.7537011942592,20.028671424211428]}"
973,49.320456036359246,2025-03-01,282.3893163317726,424,0,10,0.7267298911134528,5.442914169861979E-5,14.615078805081769,300.07285722096765,0.15549969466373517,"{""type"":""Point"",""coordinates"":[80.46530982696473,19.716579445361422]}"
974,180.0,2025-03-01,284.317393666222,262,0,40,0.3229942100909843,2.2957889257213537E-5,0.9274099368670311,298.1460819698515,0.6026928971660028,"{""type"":""Point"",""coordinates"":[82.0343188463438,21.33120469738257]}"
975,210.63131859494032,2025-03-01,281.4432830356417,582,0,10,0.5799484842480681,0.0038087170998437614,5.907409841350688,295.2780632291521,1.0920050015124698,"{""type"":""Point"",""coordinates"":[83.83015349131594,22.902831644954816]}"
976,107.27939377095207,2025-03-01,283.4210022971743,314,0,40,0.40100041684035015,2.4771210354401774E-4,3.1194482602301568,298.5210412797474,0.560849464306849,"{""type"":""Point"",""coordinates"":[82.51835392272946,21.05903265858983]}"
977,187.76565622858425,2025-03-01,280.6864936011178,634,0,30,0.2909141428174493,3.287446181161613E-4,3.7389860914398514,295.591749055045,0.5944714789236648,"{""type"":""Point"",""coordinates"":[81.97167097626811,23.565367570531304]}"
978,313.4099635322017,2025-03-01,284.6236564545404,294,0,40,0.30841603299394255,7.390495937897867E-5,0.674788537048722,299.4360570907593,0.28893296528669105,"{""type"":""Point"",""coordinates"":[80.855070824383,18.917701473339807]}"
979,259.56908929497024,2025-03-01,280.0790775389899,844,0,10,0.6664016536810303,0.0018978070895059318,17.376841636527807,294.180622055417,0.985342891660477,"{""type"":""Point"",""coordinates"":[83.5794969769884,23.006193938404238]}"
980,314.84239047658946,2025-03-01,283.02938329605826,341,0,10,0.5679185679185679,7.333871525361246E-5,20.745549892599502,298.3845376060122,0.5747919558107413,"{""type"":""Point"",""coordinates"":[82.82296061156661,20.894214997571254]}"
981,270.0,2025-03-01,285.50218486785894,226,0,40,0.34620846350468615,3.1406697434022135E-4,0.489021213824408,300.72898515065515,0.31073887076881807,"{""type"":""Point"",""coordinates"":[81.73911738521629,18.505426655971558]}"
982,110.79224838719834,2025-03-01,287.05314050401955,186,0,10,0.48940914158305465,3.6693629425599283E-4,2.6109852863252243,300.33677323659265,0.23197144761927743,"{""type"":""Point"",""coordinates"":[81.93224861885058,18.3281314973526]}"
983,18.098227368097973,2025-03-01,282.3893163317726,290,0,10,0.3991825613079019,5.442914169861979E-5,6.316765445954706,300.07285722096765,0.15549969466373517,"{""type"":""Point"",""coordinates"":[80.49154322801974,19.697485386329852]}"
984,348.1078766735425,2025-03-01,286.2703442800613,186,0,10,0.5446494464944649,2.227526585443229E-4,2.3682353825610765,301.32097385043187,0.7071579346084347,"{""type"":""Point"",""coordinates"":[80.29145921881697,18.247365301899197]}"
985,312.76975935941744,2025-03-01,282.75804424285894,275,0,40,0.29560783023523607,0.0011662196795327873,2.047913723796521,298.27052393413726,0.6495197382153015,"{""type"":""Point"",""coordinates"":[83.10691613083165,22.327221500034344]}"
986,259.2364873432698,2025-03-01,286.3183004742577,369,0,10,0.5,2.868425528390617E-4,2.481612952779969,300.99723175593783,0.7767334782285125,"{""type"":""Point"",""coordinates"":[80.29474684895597,18.102806160435488]}"
987,312.8089253373528,2025-03-01,283.8062387648083,272,0,40,0.17862662839478913,5.915712992532463E-4,1.3645911726779736,298.1802558444795,0.5858052331324815,"{""type"":""Point"",""coordinates"":[82.59853133968095,22.13516370587789]}"
988,40.257186618884944,2025-03-01,284.75496342068624,390,0,10,0.5421606278176657,0.0016093057076318473,19.28972642910756,298.69142237163726,0.5530808768273819,"{""type"":""Point"",""coordinates"":[83.64638025800751,21.495990140645077]}"
989,15.23725083084346,2025-03-01,281.5521639415196,541,0,40,0.229293401965372,1.275342385156364E-4,1.9218470852758736,295.2461447488694,0.8059848251511353,"{""type"":""Point"",""coordinates"":[83.04564522373431,23.39442662320459]}"
990,90.0,2025-03-01,282.19138222648985,334,0,40,0.20610687022900764,1.568612259461588E-5,1.0007782899357853,298.2237070628575,0.7027263162414114,"{""type"":""Point"",""coordinates"":[81.33562328546597,22.077854455115887]}"
991,302.01839682134346,2025-03-01,280.07004433586485,537,0,10,0.6164079822616408,1.6518947285248942E-4,3.4943624943723623,298.3491430282593,0.5316983959158453,"{""type"":""Point"",""coordinates"":[82.36348077377586,20.286611375261945]}"
992,220.97764491272207,2025-03-01,280.8427610397339,649,0,30,0.2787022794014823,0.0031601142565591545,3.0683657458687725,294.97155048733663,1.0803751284622647,"{""type"":""Point"",""coordinates"":[83.48492751394927,22.92493419832717]}"
993,171.74772010027522,2025-03-01,287.3121678942726,913,0,30,0.5522674865488086,0.002021442023931286,13.342780015983207,295.56144074031283,0.15816362622829735,"{""type"":""Point"",""coordinates"":[82.66670332757926,18.00567147132431]}"
994,90.0,2025-03-01,281.3917170479184,602,0,40,0.31516936671575846,5.339634100778312E-4,0.5027566363519277,295.7629265104021,0.9666842095153905,"{""type"":""Point"",""coordinates"":[82.05071770896014,22.723248795957883]}"
995,50.9236180169543,2025-03-01,284.7348101933797,484,0,30,0.3538059457693564,1.1246916454865641E-4,4.405428037330623,299.37235382625033,0.47458812391298444,"{""type"":""Point"",""coordinates"":[81.49269547456068,18.679293087362055]}"
996,125.24259613401473,2025-03-01,282.69638129643033,262,0,10,0.5515855292541313,3.1242934880992834E-5,7.194908716873709,300.00077179500033,0.17945352629835293,"{""type"":""Point"",""coordinates"":[80.49660160352123,19.602117875520335]}"
997,294.75411753194896,2025-03-01,281.2599624906267,581,0,40,0.41023727801820625,4.515748898370475E-4,1.107380080537891,295.6086703255063,0.9936607915326066,"{""type"":""Point"",""coordinates"":[82.09645895643465,22.751838312673755]}"
998,349.93896859504787,2025-03-01,286.00261502038865,743,0,30,0.34714460951342513,0.008053029743848583,2.8236411744753322,295.3604723158337,0.3270246639227099,"{""type"":""Point"",""coordinates"":[84.3477223063166,20.054966598846526]}"
999,60.81459144214039,2025-03-01,281.5285636811029,319,0,40,0.2644705882352941,1.5030471502086584E-5,2.850660020786994,298.9881869270688,0.5876349782945023,"{""type"":""Point"",""coordinates"":[80.24357461598665,21.42275986960603]}"
1000,10.17699946852662,2025-03-01,284.4054238001506,258,0,40,0.29764065335753176,4.6230372589661783E-4,2.8246596819881122,298.1561033612206,0.5811986348851943,"{""type"":""Point"",""coordinates"":[82.06893639885347,21.808333089791788]}"
1001,46.45089371914164,2025-03-01,294.647704306103,45,0,10,0.41906474820143885,7.815909067971916E-4,0.6730628152516916,299.47970013391404,1.745589146544407,"{""type"":""Point"",""coordinates"":[83.58646274353536,18.08501790569157]}"
1002,300.54168168357035,2025-03-01,281.7587824776059,491,0,10,0.43722943722943725,4.842382351739616E-4,8.157719972451838,296.6418676376343,0.4565301240678319,"{""type"":""Point"",""coordinates"":[81.17714899339786,23.39121116774636]}"
1003,51.7356188058715,2025-03-01,288.95288590022494,596,0,10,0.611831560542037,0.007151181666074535,25.197244836336832,296.7599968229021,0.22233496222691457,"{""type"":""Point"",""coordinates"":[84.32492327091886,19.591165622486283]}"
1004,133.0790631763486,2025-03-01,286.11509990692144,140,0,40,0.2913287585776669,1.2118634384705729E-4,0.6789444630835327,299.97685763949437,0.24600365428793425,"{""type"":""Point"",""coordinates"":[83.88535409349768,20.755712893718325]}"
1005,119.50389582937157,2025-03-01,282.50049332209994,589,0,40,0.23508093742449868,0.0010701518933160514,2.822658747984125,297.988483383542,0.1395587864450941,"{""type"":""Point"",""coordinates"":[82.35641606213109,19.420666690120967]}"
1006,207.96028248801588,2025-03-01,288.11875620342437,434,0,10,0.4987918536416983,6.065916697366447E-4,19.19881423773585,298.2067276636759,0.42985773285368206,"{""type"":""Point"",""coordinates"":[83.83756045115241,19.62052779221969]}"
1007,192.66740934409444,2025-03-01,284.4088592075166,461,0,10,0.5415227758592337,3.3857938450410074E-4,8.9572894135698,297.8541479110718,0.29912080269958075,"{""type"":""Point"",""coordinates"":[84.22079693664509,20.502161832709877]}"
1008,222.70638822482,2025-03-01,291.59434795379644,86,0,40,0.5117230098146128,0.0012173306624276847,5.0356696174436895,300.0886449813843,0.7467753051634263,"{""type"":""Point"",""coordinates"":[83.45483056918386,18.5554672569954]}"
1009,114.7977923768681,2025-03-01,281.33140268779937,450,0,10,0.4378265412748171,1.6162959752819006E-5,2.210283737184368,297.5760368619646,0.8201784460071216,"{""type"":""Point"",""coordinates"":[80.37210704547307,22.47640974970822]}"
1010,225.40221632466432,2025-03-01,288.406016713097,677,0,10,0.40029542097488924,0.0034801613966806144,15.464880498765273,298.1717748641968,0.6282116724357996,"{""type"":""Point"",""coordinates"":[83.37093258078487,19.095778414471937]}"
1011,180.0,2025-03-01,282.1466056732904,488,0,10,0.5821296607322808,2.8776642483308024E-4,3.704791833694711,296.5166060583932,0.3423387776968555,"{""type"":""Point"",""coordinates"":[80.97514805066525,23.536257727641118]}"
1012,119.68458981783607,2025-03-01,288.4219962982905,620,0,10,0.6465830974524869,0.0035660218874795646,20.601674008128015,296.94633424849735,0.21418271404426595,"{""type"":""Point"",""coordinates"":[84.23225431110572,19.644889053636234]}"
1013,208.15588253852167,2025-03-01,281.99480833326066,342,0,40,0.2563725490196078,1.5030471502086584E-5,1.0518559545996462,298.91717106955383,0.3538541343922062,"{""type"":""Point"",""coordinates"":[80.61490743404775,20.897024516891666]}"
1014,58.2868674632088,2025-03-01,283.1970672153291,258,0,40,0.3546325878594249,1.1285659473969645E-4,1.7638515271558155,298.4821008500599,0.7318231860942415,"{""type"":""Point"",""coordinates"":[81.90337016814112,22.043979270324364]}"
1015,19.77930335186221,2025-03-01,283.76113087790355,254,0,40,0.1784217877094972,4.5611974400117106E-4,1.4781330633394532,298.37148770831885,0.588450242978353,"{""type"":""Point"",""coordinates"":[82.34171600934893,22.040733194739442]}"
1016,147.1137107747245,2025-03-01,283.8959430058797,245,0,40,0.3992180712423979,4.486840645654411E-4,2.7590774180985718,298.18938786642894,0.3840600634428544,"{""type"":""Point"",""coordinates"":[83.08185674334376,21.883701399651546]}"
1017,230.247763443138,2025-03-01,288.1251910527547,517,0,10,0.6114676936243046,5.295392674042887E-5,10.048546941350944,297.8098480133784,0.1329440484191315,"{""type"":""Point"",""coordinates"":[82.0554650863062,18.08841704617846]}"
1018,303.2699365322239,2025-03-01,283.5583779017131,648,0,30,0.5190789473684211,3.1722602051331705E-4,11.670760757434033,297.8270250502087,0.24117298858904054,"{""type"":""Point"",""coordinates"":[83.98584034663591,20.393008117999997]}"
1019,352.45317193963064,2025-03-01,283.0875701450166,1058,0,60,0.2732283464566929,0.0010713290850503654,3.7370723663525354,296.14304765065515,0.2548880694514764,"{""type"":""Point"",""coordinates"":[82.96640325969776,19.349952490040533]}"
1020,226.75085976071134,2025-03-01,281.14797169821605,648,0,40,0.8022388059701493,7.496294182374186E-5,2.705310500755632,297.91789186568485,0.42945603250582937,"{""type"":""Point"",""coordinates"":[82.01131737850409,19.83465150871924]}"
1021,262.3620300215177,2025-03-01,280.8556249255226,586,0,10,0.6437448218724109,1.1309501331879801E-4,3.4847807416978682,298.06185926709855,0.2400425746342996,"{""type"":""Point"",""coordinates"":[81.84827240533781,20.162254494051144]}"
1022,264.03055967869363,2025-03-01,281.0489377975464,599,0,40,0.5703819989534276,3.5117236791393225E-5,4.4502060310353775,297.7446392150152,0.3250104118207795,"{""type"":""Point"",""coordinates"":[81.6246319796786,19.76512965266022]}"
1023,211.2695680739809,2025-03-01,282.22434702373687,280,0,10,0.39759036144578314,7.126745384766764E-5,3.792377325594149,300.15152863093783,0.12192136677195253,"{""type"":""Point"",""coordinates"":[80.36755360969697,19.78634360193154]}"
1024,318.02551665740475,2025-03-01,280.00375434330533,818,0,40,0.2098159509202454,2.6194271248414225E-4,3.7373763179751256,297.74845245906283,0.7665459974260042,"{""type"":""Point"",""coordinates"":[80.78996625865182,22.128323401274464]}"
1025,47.13702040198618,2025-03-01,283.68108763013566,255,0,40,0.2606182457903996,2.1349903744294352E-4,0.6816984223611939,298.5188265755063,0.6714981246197727,"{""type"":""Point"",""coordinates"":[81.92312052543754,21.866100586892767]}"
1026,-0.0,2025-03-01,285.29465371086485,247,0,10,0.5222429906542057,0.00182677325409486,0.463735342881014,298.29054346538726,0.42058782641528153,"{""type"":""Point"",""coordinates"":[84.30954928910461,21.59488707706713]}"
1027,270.0,2025-03-01,283.04002085186187,297,0,40,0.22831535773963238,3.419172446115226E-4,0.5007548645060935,297.7842771893456,0.6513329522651604,"{""type"":""Point"",""coordinates"":[82.76733258867796,22.170074185960456]}"
1028,101.0672242026809,2025-03-01,283.3738192149571,383,0,10,0.6627218934911243,1.5030471502086584E-5,14.197142918613203,295.9115209579468,0.3935832122353157,"{""type"":""Point"",""coordinates"":[81.25367783232574,24.106016013059342]}"
1029,90.0,2025-03-01,281.5126015345256,584,0,40,0.36117788461538464,1.1936840218140787E-4,1.966635278292571,298.00402700333365,0.3658382369998895,"{""type"":""Point"",""coordinates"":[81.94554803472195,19.463068495661066]}"
1030,90.0,2025-03-01,281.62662101927253,460,0,40,0.21357725369186686,4.042339007241935E-4,1.5183931593183373,295.830768539792,0.5290712420539612,"{""type"":""Point"",""coordinates"":[81.62813636738873,23.645660533185804]}"
1031,196.95137090067138,2025-03-01,284.86981995900476,732,0,10,0.6990630167187213,3.1744953793122477E-4,6.755844300525762,297.18997496650326,0.35933300020065734,"{""type"":""Point"",""coordinates"":[84.1985338185108,20.38545443550093]}"
1032,146.87382634248584,2025-03-01,281.7798483258202,550,0,30,0.17248566961959355,7.670637768342203E-5,2.7665794917685496,295.4313951673962,0.8628648492131572,"{""type"":""Point"",""coordinates"":[82.06294747861857,23.14986458727756]}"
1033,-0.0,2025-03-01,286.3890838168916,188,0,30,-0.1537433155080214,4.596066157205314E-4,0.0,299.3440742038545,0.45215200334601763,"{""type"":""Point"",""coordinates"":[83.92830857795371,21.59769710825718]}"
1034,61.776699330744876,2025-03-01,280.22280079977855,593,0,30,0.2711453430323777,2.38786307988903E-4,3.91638032878303,298.5986954371134,0.33879146841754315,"{""type"":""Point"",""coordinates"":[81.98154135725667,20.07218323225472]}"
1035,227.40197467193178,2025-03-01,281.7042635508946,515,0,40,0.35413476263399696,7.91054646356315E-5,2.7385202994513893,295.7554162797474,0.816314968306333,"{""type"":""Point"",""coordinates"":[82.73936438494269,23.14892293594474]}"
1036,90.0,2025-03-01,292.60443909962976,51,0,40,0.3906575423980958,0.003800819484411022,0.48772791517907066,299.2720004036313,0.597745598885402,"{""type"":""Point"",""coordinates"":[83.15531634573523,18.04647313086816]}"
1037,256.76870661956116,2025-03-01,282.070085025969,292,0,10,0.32127787823990356,4.748520058228678E-5,2.025284367855215,300.3124870572771,0.12402653490372037,"{""type"":""Point"",""coordinates"":[80.31625850088315,19.864602789491077]}"
1038,27.86180711877323,2025-03-01,282.6387815475464,631,0,30,0.3111963957950943,3.282528797967643E-4,4.188944805938516,297.9198508035569,0.520990952604304,"{""type"":""Point"",""coordinates"":[81.82156267188786,18.939245731842874]}"
1039,253.0049906417815,2025-03-01,282.2545623325166,443,0,10,0.5824701195219123,3.931623379571647E-4,4.748902452071858,296.35393864767894,0.38307712514665354,"{""type"":""Point"",""coordinates"":[81.11352037356878,23.521841537741516]}"
1040,180.0,2025-03-01,281.8966463633946,608,0,30,0.29830336794125095,4.6021756332947916E-4,1.8543341688295631,295.6286026636759,0.9931126233432044,"{""type"":""Point"",""coordinates"":[82.15589600050615,22.758911951486912]}"
1041,207.79611089933502,2025-03-01,294.60138734181726,12,0,40,0.7404272470777912,0.0018117379824502677,1.0483542738323617,299.26901840028313,1.1426313751621502,"{""type"":""Point"",""coordinates"":[84.23679875063628,18.46956071907629]}"
1042,270.0,2025-03-01,284.0920751208351,235,0,40,0.4576045310677994,5.889635960443229E-4,0.49952669154287443,298.72452086494076,0.3843971112516544,"{""type"":""Point"",""coordinates"":[83.3630392632197,21.821543357217575]}"
1043,146.01132435324686,2025-03-01,280.75040031614753,598,0,30,0.20089285714285715,2.3370501202180094E-4,4.4653656772968375,297.64945343562533,0.7171073397551602,"{""type"":""Point"",""coordinates"":[80.82868112541837,22.028750609827103]}"
1044,28.1454885822068,2025-03-01,281.4174041293916,401,0,40,0.2260430994956442,1.5030471502086584E-5,3.152431182953224,299.1380078906104,0.35508713912666146,"{""type"":""Point"",""coordinates"":[80.47118359337146,20.83189670143392]}"
1045,19.970233826788057,2025-03-01,280.38077722276955,742,0,40,0.2827324478178368,8.889537731988639E-4,2.957855891237188,294.8211889266968,0.9896603573415644,"{""type"":""Point"",""coordinates"":[82.53416591480418,23.464575633050824]}"
1046,199.53574737392046,2025-03-01,283.06539985111783,269,0,40,0.23989969350794094,5.995285193307609E-4,1.4758912523172565,299.4171129408337,0.025811609219733373,"{""type"":""Point"",""coordinates"":[82.7683366552557,20.04147953167756]}"
1047,126.2162474841037,2025-03-01,281.7314387276059,458,0,30,0.3365433350228079,2.741169611795158E-4,3.1364598405731834,296.0313009988694,0.5515325471584753,"{""type"":""Point"",""coordinates"":[81.74451235625324,23.736723277581603]}"
1048,65.00378774792364,2025-03-01,283.9386618023827,287,0,10,0.4762250453720508,8.852299851014322E-5,1.097336666021,298.4110384895688,0.6652047152813086,"{""type"":""Point"",""coordinates"":[82.64805699599047,21.178957313455037]}"
1049,-0.0,2025-03-01,282.979747181847,350,0,40,0.37544125063035805,8.931276005341715E-5,1.8543341688414132,297.6831564676194,0.8654687101578574,"{""type"":""Point"",""coordinates"":[82.39057642396435,22.413567985792227]}"
1050,216.2551263663351,2025-03-01,282.0948885508946,358,0,10,0.3804637020144432,5.968925160004801E-5,16.229102379909275,300.1494418098813,0.1324463477971724,"{""type"":""Point"",""coordinates"":[80.42339222526182,19.882281646931627]}"
1051,90.0,2025-03-01,281.17962278638566,573,0,40,0.24702831208126216,1.3054427307679362E-4,1.9671949645457418,298.31402165549144,0.3216492074320793,"{""type"":""Point"",""coordinates"":[81.64757024291842,19.508926366838875]}"
1052,209.8729476694,2025-03-01,286.02260548727855,445,0,10,0.7036029911624745,2.886008898599357E-4,5.8622986484601585,300.2781271707444,0.739894282836463,"{""type"":""Point"",""coordinates"":[81.26601694253354,18.26585679868135]}"
1053,294.69165943813255,2025-03-01,281.88116087232316,476,0,40,0.18330544710912808,7.864352863862223E-5,1.1100043145624097,295.8607106435867,0.8579934367166235,"{""type"":""Point"",""coordinates"":[82.59195106250739,23.140499658790866]}"
1054,132.77101023326148,2025-03-01,282.21151801518033,378,0,60,0.22969187675070027,0.0014676254670007438,0.6828803041656469,298.2815625781105,0.6687383932631157,"{""type"":""Point"",""coordinates"":[83.40491527932156,22.3209578717298]}"
1055,90.0,2025-03-01,284.47539334070115,247,0,60,0.12966601178781925,2.4760929761669104E-5,0.9960963327624412,298.2142785844349,0.5611108475088559,"{""type"":""Point"",""coordinates"":[82.2059794533668,21.403756642793557]}"
1056,261.3315022906008,2025-03-01,283.08309423355826,410,0,30,0.24347826086956523,1.6118256269237463E-5,3.0739697259731567,295.9868848437355,0.502224608213311,"{""type"":""Point"",""coordinates"":[80.54103402547823,23.829106299453848]}"
1057,82.81505059557969,2025-03-01,288.86275150662374,187,0,10,0.4325971058644326,0.004544953672109386,7.374623509269335,298.1100305375599,0.6106843937255797,"{""type"":""Point"",""coordinates"":[83.39399881115955,19.008899039942666]}"
1058,327.3976269412978,2025-03-01,283.8588103793916,207,0,40,0.25226160462702063,1.5928861301972574E-4,2.750312686376777,299.7161852064587,0.19872733791532213,"{""type"":""Point"",""coordinates"":[82.98956596693908,20.26380326600651]}"
1059,284.30885298875427,2025-03-01,280.5669751394363,976,0,40,0.2676186089359742,0.008599812952695629,9.299383414118067,293.6545513243903,1.0216600531358568,"{""type"":""Point"",""coordinates"":[84.27831286879936,23.33256401584653]}"
1060,270.0,2025-03-01,284.2041647320702,199,0,10,0.39217498459642636,5.921524445398063E-4,1.4834047747306986,298.2406108947028,0.3456183991630923,"{""type"":""Point"",""coordinates"":[83.65345868503083,20.338470273514677]}"
1061,31.170326196351066,2025-03-01,285.4750329426357,301,0,10,0.654874213836478,9.820115248544425E-4,8.606541605914334,298.33157652900337,0.36115132809395456,"{""type"":""Point"",""coordinates"":[84.24848007625994,21.583737157083632]}"
1062,286.9440145993562,2025-03-01,282.8957163038708,421,0,40,0.30473537604456824,3.639873665406412E-5,1.590827814558675,295.91759540921163,0.40667464471999376,"{""type"":""Point"",""coordinates"":[81.31534529136387,23.93741765933023]}"
1063,8.249304576310813,2025-03-01,281.2066119511922,866,0,10,0.4062653764146301,4.555982033593864E-4,6.993963065904008,295.4537863504319,0.690749010289303,"{""type"":""Point"",""coordinates"":[83.08380044133835,23.123325452789523]}"
1064,-0.0,2025-03-01,286.088622274853,265,0,80,-0.1618669314796425,3.430944363458366E-4,0.0,296.0548198790777,0.516226284319446,"{""type"":""Point"",""coordinates"":[82.86560152324827,24.089587263039203]}"
1065,82.54832176943526,2025-03-01,281.91526499248687,486,0,30,0.2789317507418398,9.345811287744255E-4,3.5711684091680547,295.4544490178426,0.5467966808324876,"{""type"":""Point"",""coordinates"":[83.33767765035128,23.714366771300007]}"
1066,132.8034012572813,2025-03-01,281.7463719958351,406,0,10,0.3550651955867603,0.0016386311928613395,3.4084518813207825,298.2561777659825,0.6316585959574672,"{""type"":""Point"",""coordinates"":[83.64819797755221,22.162057853568637]}"
1067,339.958683552272,2025-03-01,282.8145686104184,429,0,10,0.47071583514099785,3.8010892075135416E-4,2.9591898598052055,295.2173884709676,0.5071373307132198,"{""type"":""Point"",""coordinates"":[83.56941039440554,23.967854737433218]}"
1068,332.2382977503713,2025-03-01,287.58411729903446,69,0,60,0.09453337360314104,1.7067310017182535E-4,1.0480227548848804,301.49306973956885,0.7802112272399176,"{""type"":""Point"",""coordinates"":[80.63384489705128,18.218259502727044]}"
1069,255.08025115748052,2025-03-01,286.0767058872041,185,0,10,0.6661802261948194,0.0017316442410333366,7.167149679160506,299.4033248083932,0.6185768217923251,"{""type"":""Point"",""coordinates"":[83.9180752789703,21.161338310060156]}"
1070,312.57179393033067,2025-03-01,281.3705872581118,530,0,30,0.298889175923534,1.058083454950065E-4,0.6854605766600503,295.38887982141415,0.7966720643679176,"{""type"":""Point"",""coordinates"":[82.85240895332254,23.272113990787396]}"
1071,47.546742617279065,2025-03-01,282.8899731863113,385,0,40,0.6787783043707214,1.5030471502086584E-5,1.3738207104239624,296.0525586718604,0.3697592682039218,"{""type"":""Point"",""coordinates"":[81.16040651796786,23.818174993892033]}"
1072,190.17912761865503,2025-03-01,283.868913150969,222,0,40,0.23172905525846701,5.008679310662956E-4,2.824678487640173,298.58892981211346,0.38070407937373923,"{""type"":""Point"",""coordinates"":[83.30170395258963,21.838935346073157]}"
1073,171.91891267945462,2025-03-01,281.67717556726365,676,0,10,0.6258503401360545,7.78029529271862E-4,26.504461173063333,297.54774561382476,0.7676635009324544,"{""type"":""Point"",""coordinates"":[83.003290995526,22.53016128541395]}"
1074,112.11076803055022,2025-03-01,285.7128142856416,940,0,40,0.3044914134742404,0.001319910256086132,3.6910660021668047,295.70232731955394,0.18541149874975937,"{""type"":""Point"",""coordinates"":[82.7939102443688,18.562327484110423]}"
1075,113.3819218208959,2025-03-01,289.0536985397339,350,0,10,0.7490909090909091,0.0038182091395242423,22.190449287523734,297.21524352119076,0.17156490080440884,"{""type"":""Point"",""coordinates"":[82.81602568749526,17.97324160457698]}"
1076,259.4263110077847,2025-03-01,283.0842568079631,312,0,30,0.14285714285714285,1.5030471502086584E-5,2.5255868661708845,298.71136633555096,0.4081343163180164,"{""type"":""Point"",""coordinates"":[80.90926960038422,21.037330864614]}"
1077,163.0333055148061,2025-03-01,284.36716928936187,259,0,40,0.335280753002272,2.5690612000062174E-4,3.3899798474888807,299.8207471484229,0.08145722438441572,"{""type"":""Point"",""coordinates"":[83.17119532962684,20.532022549003283]}"
1078,46.70892520099518,2025-03-01,281.3445165270851,659,0,40,0.31142034548944336,8.366804997308463E-4,0.6762732507467243,297.48175207773846,0.23679976851962004,"{""type"":""Point"",""coordinates"":[82.444404993422,19.60001739779931]}"
1079,241.96433628485445,2025-03-01,285.92876248132615,171,0,10,0.6051966798989534,0.001418898669896862,3.940369137115408,298.99900468190515,0.5436926764771591,"{""type"":""Point"",""coordinates"":[84.01926002296186,21.268951961255635]}"
1080,103.2901279782838,2025-03-01,283.3933795293172,434,0,10,0.4468479604449938,2.7819987934663004E-4,4.02798924217928,299.4719690141224,0.19501591590054,"{""type"":""Point"",""coordinates"":[81.45011335543926,19.11974883994917]}"
1081,90.0,2025-03-01,280.62955651964455,616,0,10,0.5158850226928896,8.815046948029703E-5,1.4771983410573692,298.1743267150153,0.27966734885295913,"{""type"":""Point"",""coordinates"":[81.38841851978263,19.677842427405352]}"
1082,90.0,2025-03-01,285.7279742558797,188,0,30,-0.03613053613053613,8.837830702645988E-4,1.4972155213088467,298.8628614062355,0.41170793580102377,"{""type"":""Point"",""coordinates"":[83.70886504829008,21.720021162505457]}"
1083,90.0,2025-03-01,284.27023964836485,247,0,10,0.25174957442784185,4.831504504068107E-4,1.4995776647746124,298.22673556918187,0.44317775280978927,"{""type"":""Point"",""coordinates"":[82.65731475311516,21.945357517819296]}"
1084,260.7566513982067,2025-03-01,284.88979298727855,577,0,10,0.7634218289085546,3.833722750528068E-4,24.39434423238358,298.59716665177115,0.4168625910597856,"{""type"":""Point"",""coordinates"":[83.25987526400453,19.900702802363224]}"
1085,19.306926296044022,2025-03-01,287.0643593470256,223,0,40,0.48525622673919266,2.757724922730631E-5,1.4738154713891758,301.0819543656849,0.8745292620549264,"{""type"":""Point"",""coordinates"":[80.370222406942,17.920600667234222]}"
1086,164.8716312676491,2025-03-01,283.06638222648985,358,0,30,0.26798368048099636,5.296882790162272E-5,3.8374057736766463,297.6039502734229,0.7145361860438301,"{""type"":""Point"",""coordinates"":[81.57291309924159,22.374149188361546]}"
1087,270.0,2025-03-01,286.1337301617577,114,0,40,0.2912314792324508,1.6574081581666178E-4,0.49607140531899147,300.0478618712653,0.2306331616991425,"{""type"":""Point"",""coordinates"":[84.00204916527903,20.801613312364807]}"
1088,254.791935584025,2025-03-01,288.0375561941238,185,0,10,0.6231328992723094,4.959654490335197E-4,3.531178204364615,301.2801791145688,0.872907397206168,"{""type"":""Point"",""coordinates"":[81.17448308470615,17.92511357714049]}"
1089,290.766559614972,2025-03-01,286.42567003340946,272,0,30,0.3308919696573372,2.4212416809632487E-4,2.6140679151216184,299.96184880392894,0.2585232917903861,"{""type"":""Point"",""coordinates"":[82.22759289436728,18.559390723449418]}"
1090,180.0,2025-03-01,280.57931005387076,646,0,10,0.5221177290142808,1.4039394062592692E-4,0.463735342881014,297.562446367173,0.34584146064579835,"{""type"":""Point"",""coordinates"":[81.81910606860511,20.03932321409606]}"
1091,270.0,2025-03-01,281.72957279568624,536,0,10,0.34304253785147804,2.729099671228141E-4,0.5032278528045077,295.8680523009527,0.8401213265853155,"{""type"":""Point"",""coordinates"":[82.80125874136333,22.850750700237214]}"
1092,180.0,2025-03-01,282.95171170007615,243,0,10,0.271523178807947,9.010684172494621E-4,0.4637353428839794,298.37466153644385,0.4751906408937506,"{""type"":""Point"",""coordinates"":[83.10134221991726,22.1443156810721]}"
1093,312.7365316300488,2025-03-01,281.57016640617735,343,0,40,0.23482849604221637,3.8723167580201334E-4,2.049197686287849,297.8583448046729,0.8632344517078008,"{""type"":""Point"",""coordinates"":[82.04476220810517,22.48889076180267]}"
1094,142.5684518835672,2025-03-01,282.9750038782755,467,0,10,0.48985507246376814,1.568612259461588E-5,5.819934681633912,296.35465363093783,0.5610430350842169,"{""type"":""Point"",""coordinates"":[80.29506660081486,23.862733466443775]}"
1095,239.2625357975664,2025-03-01,280.4144686290196,905,0,10,0.5176827214550354,0.00421186801594331,9.881573401714013,293.9817869549706,1.100574885882776,"{""type"":""Point"",""coordinates"":[83.94755690866988,23.220727770001623]}"
1096,114.93133325927083,2025-03-01,281.8857007253738,434,0,10,0.36506825341267063,9.838756722047037E-5,2.1992064238723104,298.54668767111644,0.5112504723878325,"{""type"":""Point"",""coordinates"":[80.96675245668537,21.61188592908763]}"
1097,105.13155161996795,2025-03-01,290.5910229909988,175,0,10,0.5231788079470199,0.004015604821859142,3.548568974882421,299.4030922935122,0.5819826238617712,"{""type"":""Point"",""coordinates"":[83.40827595583161,18.837349868106763]}"
1098,245.02197677660348,2025-03-01,284.4740738187517,267,0,40,0.6763723150357995,1.311999241693229E-4,2.195362398389411,298.42129820869087,0.6289490024926858,"{""type"":""Point"",""coordinates"":[82.92109311648855,21.301573698659514]}"
1099,332.0075270474573,2025-03-01,289.581321307591,139,0,10,0.5350433526011561,0.005434612600026867,1.0502574514627523,298.15154025668187,0.18986957661213172,"{""type"":""Point"",""coordinates"":[84.34266485548781,19.83686461831724]}"
1100,33.91037132403198,2025-03-01,285.4750329426357,297,0,10,0.6117775354416576,9.820115248544425E-4,21.31117667235523,298.33157652900337,0.36115132809395456,"{""type"":""Point"",""coordinates"":[84.21351457940057,21.606477852173807]}"
1101,270.0,2025-03-01,284.27023964836485,242,0,30,0.3781882145998241,4.831504504068107E-4,0.4996937003002962,298.22673556918187,0.44317775280978927,"{""type"":""Point"",""coordinates"":[82.74041044938629,21.86884018677248]}"
1102,245.08765140052617,2025-03-01,283.9790496372041,264,0,40,0.431719795356159,2.1139947591564123E-5,1.100792881414132,298.37558578309563,0.6158712827674616,"{""type"":""Point"",""coordinates"":[81.67168297239962,21.737087689657187]}"
1103,180.0,2025-03-01,284.4600008555821,250,0,40,0.6341216216216217,1.245987097604484E-4,0.4637353428839794,298.57919906434563,0.6719139517151931,"{""type"":""Point"",""coordinates"":[82.91274259560123,21.24593790866913]}"
1104,55.52223723215336,2025-03-01,282.99751713162374,380,0,40,0.49211457998068875,1.5030471502086584E-5,2.456134356583606,296.0542095275153,0.34672520633443654,"{""type"":""Point"",""coordinates"":[80.68378541545142,23.707247265313736]}"
1105,212.2402080278936,2025-03-01,292.4062899180821,86,0,40,0.4958477508650519,0.0068695646206720085,2.7393098900976702,299.29845478421163,0.3818089505167083,"{""type"":""Point"",""coordinates"":[83.05169117912597,17.953754771505025]}"
1106,233.1716560804786,2025-03-01,282.32564794449576,311,0,40,0.22227899846704138,2.3364540737702555E-4,3.091625777024596,299.6610210509528,0.6547863000812767,"{""type"":""Point"",""coordinates"":[82.60048591868,20.59606054437516]}"
1107,19.64630414351089,2025-03-01,284.0984983444214,155,0,30,0.3013888888888889,7.545468014313883E-5,1.4769047229398906,299.9342027845837,0.5347443690051462,"{""type"":""Point"",""coordinates"":[83.3378659221186,20.977972023929222]}"
1108,295.0324376585427,2025-03-01,284.0447234653291,161,0,30,0.29690869877785764,1.1120256584717936E-4,1.095851159906148,300.00443390437533,0.3297334874405297,"{""type"":""Point"",""coordinates"":[83.51159090715663,20.933932684621585]}"
1109,65.35786676092638,2025-03-01,281.8695002510434,491,0,40,0.4268848940166354,1.6720112961365885E-4,1.1120950012543487,296.4802291052682,0.31184583986758074,"{""type"":""Point"",""coordinates"":[80.8808257745126,23.443719295138138]}"
1110,180.0,2025-03-01,282.26531614576066,373,0,40,0.3816285134743553,2.835210960938639E-5,0.9274099368670311,298.33229151226226,0.5123970632140642,"{""type"":""Point"",""coordinates"":[80.85648407626458,21.46674792418356]}"
1111,132.95852947321055,2025-03-01,285.1071013950166,168,0,40,0.6745583038869258,0.0014919739643914909,0.6804767066604632,299.23319367000033,0.5829910579631852,"{""type"":""Point"",""coordinates"":[83.64309829179929,21.3830874489116]}"
1112,301.8703437205385,2025-03-01,283.9566933314005,300,0,40,0.48731762065095396,6.64096752984733E-5,3.5088378507351803,298.3476781845093,0.6882036003856845,"{""type"":""Point"",""coordinates"":[82.70572857377246,21.157230359368256]}"
1113,133.32398245823265,2025-03-01,282.2716812406267,451,0,10,0.4020227560050569,1.7548617523743815E-4,0.675861346425702,298.8983257384528,0.28345996658058287,"{""type"":""Point"",""coordinates"":[81.38211601723734,19.41383167762026]}"
1114,115.11274929338873,2025-03-01,281.6177098864601,455,0,10,0.5050145583953413,5.442914169861979E-5,2.184353294154671,298.77252356211346,0.1479345921046209,"{""type"":""Point"",""coordinates"":[81.94053637241528,20.378378125690535]}"
1115,234.83726941724032,2025-03-01,280.69482344672787,545,0,40,0.4718839077481213,3.152143637521476E-4,2.4143276265168354,298.75337014879506,0.3508401219892611,"{""type"":""Point"",""coordinates"":[82.08558257108103,20.07181598843634]}"
1116,133.1223913808986,2025-03-01,281.71273871830533,269,0,40,0.3787437052743175,1.5030471502086584E-5,0.6783960852692874,300.0508496874855,0.34329510561603843,"{""type"":""Point"",""coordinates"":[80.39110448202237,20.524938890554846]}"
1117,14.843760057427911,2025-03-01,282.5016268321446,591,0,40,0.39378068739770866,8.068036715371818E-4,3.832321741538745,297.2897994177682,0.1756508818490359,"{""type"":""Point"",""coordinates"":[82.53210475990205,19.38748248987269]}"
1118,115.28360510153573,2025-03-01,289.9836243674869,186,0,30,0.47038198929691827,0.001680145827947399,1.0856728903556327,298.9793571744646,0.6310263117793395,"{""type"":""Point"",""coordinates"":[83.68129830929841,19.144736289101775]}"
1119,46.806930474996804,2025-03-01,284.99973764873687,546,0,40,0.41201716738197425,6.919157187326164E-4,3.3837399145701665,297.6314742224557,0.28752163948523357,"{""type"":""Point"",""coordinates"":[83.93534617522184,20.143298346931147]}"
1120,337.0430576384288,2025-03-01,283.6236855189005,854,0,30,0.3190348525469169,4.332464615686149E-4,19.371826913153736,296.1063277380807,0.30915887031901024,"{""type"":""Point"",""coordinates"":[82.90304331474051,19.210646997079845]}"
1122,168.95682215040455,2025-03-01,292.2845335006714,543,0,10,0.7656012176560122,0.011922950712857983,28.192559904935838,297.5056255431403,0.7181672766155828,"{""type"":""Point"",""coordinates"":[84.26889438290675,18.922987238022312]}"
1123,227.16871650521412,2025-03-01,283.2871551059541,262,0,40,0.38403990024937656,2.0840284031464762E-4,0.6821050826126699,298.4905469531105,0.6825786819109325,"{""type"":""Point"",""coordinates"":[82.0605693395899,22.024231187939357]}"
1124,90.0,2025-03-01,280.3581012090047,623,0,40,0.5489290214195716,1.633119265420646E-4,1.003479158508965,296.5893541517712,0.7704301227062746,"{""type"":""Point"",""coordinates"":[80.68335517512764,22.45457350618866]}"
1125,90.0,2025-03-01,281.7434771855672,422,0,40,0.339715873996294,1.74742619378776E-5,0.4953741539077092,299.397413117545,0.3737696152063287,"{""type"":""Point"",""coordinates"":[82.29569691989471,20.58867600582283]}"
1126,325.16030162549214,2025-03-01,282.5226113001505,456,0,10,0.49202214262455224,5.721997897012443E-4,6.1910558502537345,295.4049872897921,0.5933093224446562,"{""type"":""Point"",""coordinates"":[82.98267590397423,23.899868988104714]}"
1127,184.42721105409183,2025-03-01,280.09384223393033,749,0,30,0.2835426305353602,2.8098639648987955E-4,6.484043778992813,295.4593027659825,0.8268520402947448,"{""type"":""Point"",""coordinates"":[81.0562580295953,22.695665098866012]}"
1128,207.8956010675871,2025-03-01,288.7519291014898,237,0,30,0.38767525268992503,0.003960053292928478,4.190247350165909,298.7074019568307,0.6499131554892822,"{""type"":""Point"",""coordinates"":[83.38618147204353,19.176532622853834]}"
1129,192.29165745891171,2025-03-01,281.2234634671892,633,0,40,0.3279615493355951,0.008452783195195934,2.3717718826686767,293.91337526412235,0.8358258864839988,"{""type"":""Point"",""coordinates"":[84.38798305305806,23.375316138736288]}"
1130,295.417887743105,2025-03-01,287.3198466982161,130,0,30,0.3397843516726569,1.2145456474854655E-4,1.0803168733160051,300.5727002734229,0.5178068738504089,"{""type"":""Point"",""coordinates"":[81.62937749266978,18.114902098340515]}"
1131,151.7157427263908,2025-03-01,284.1053633462815,254,0,40,0.21453396524486573,3.656100909097404E-4,1.0531211715264894,298.0810475576491,0.5933372249021497,"{""type"":""Point"",""coordinates"":[81.98908352963045,21.687969315254968]}"
1132,180.0,2025-03-01,281.9377201171148,367,0,40,0.27800521027167846,4.5677539509370035E-4,0.9274099368670311,297.5312719345093,0.8687290656006199,"{""type"":""Point"",""coordinates"":[82.12401054200741,22.548772684516276]}"
1133,208.66329918663604,2025-03-01,282.78693421681726,316,0,40,0.3131094257854821,7.041346709115714E-4,2.1130926951442555,296.04392074403313,0.2895629728306969,"{""type"":""Point"",""coordinates"":[84.01788727386318,23.842587411807195]}"
1134,226.85279035015438,2025-03-01,281.9182586215791,340,0,40,0.2700653594771242,1.5030471502086584E-5,1.3559752050629874,299.23620473770876,0.19242907078710136,"{""type"":""Point"",""coordinates"":[80.80150903117233,20.392184978646497]}"
1135,79.57493705187632,2025-03-01,281.4022906621297,516,0,40,0.5940159917461955,1.7211851280762858E-4,2.5611393329891374,295.65652188800635,0.798083023628707,"{""type"":""Point"",""coordinates"":[82.7695459287005,23.083702919064763]}"
1136,-0.0,2025-03-01,283.9285532179333,261,0,40,0.3354398802594379,4.7649113355419104E-5,0.0,298.49059345608663,0.552897487033838,"{""type"":""Point"",""coordinates"":[82.639117156017,21.3978096012628]}"
1137,24.639001346002413,2025-03-01,286.0726659411476,454,0,10,0.7411982705373688,2.3765381973817057E-4,26.093515202523445,297.22630541665205,0.26447352696416043,"{""type"":""Point"",""coordinates"":[81.8518663054125,17.938444486936362]}"
1138,263.2706003505055,2025-03-01,282.79661846160883,338,0,10,0.5904346175744923,1.6535488782665198E-5,3.9512607575781935,299.8098363876343,0.05299711845925226,"{""type"":""Point"",""coordinates"":[80.77672425818078,19.274472821916444]}"
1139,270.0,2025-03-01,282.29207860855826,262,1,40,0.20997717639387023,0.0010973316113336296,0.5004863822264707,298.6516681398665,0.5216074335493257,"{""type"":""Point"",""coordinates"":[83.47061404589483,22.094619839430763]}"
1140,125.52445958767895,2025-03-01,288.95769314538865,735,0,30,0.43561466104443725,0.001619021264730236,4.777590276865785,296.2814230691819,0.38743700767496464,"{""type"":""Point"",""coordinates"":[82.54098254284051,17.840534330963443]}"
1141,180.0,2025-03-01,280.7880386625017,632,0,40,0.19298780487804879,1.8710908096863932E-4,0.463735342881014,296.5779551097325,0.8615092246066196,"{""type"":""Point"",""coordinates"":[80.4918281502389,22.91217705535371]}"
1142,313.58984312668383,2025-03-01,289.1184074311029,75,0,40,0.46599375150204275,1.246583144052238E-4,2.016939117597623,301.7171559560867,1.0923183955529931,"{""type"":""Point"",""coordinates"":[80.93952359490517,17.833721504453706]}"
1143,226.91233402347697,2025-03-01,285.6339045479184,159,0,40,0.3457508731082654,1.4891740482880778E-4,0.67883548144392,299.59501007625033,0.11173987992794454,"{""type"":""Point"",""coordinates"":[84.00114286953118,20.710161147931426]}"
1144,350.0580633836067,2025-03-01,287.4960057848976,549,0,30,0.48570367619754923,3.2625612419678873E-4,5.6315815819236965,296.9414165587652,0.2335787220867949,"{""type"":""Point"",""coordinates"":[82.22910009471353,18.03850607457179]}"
1145,144.8807278544095,2025-03-01,292.5371841703142,43,0,80,0.041674316137323295,0.0020629417578561515,5.089180753936972,299.7955948511759,0.7696297971562726,"{""type"":""Point"",""coordinates"":[83.74026934805418,18.577895123946472]}"
1146,126.22973613646649,2025-03-01,282.3395232700166,446,0,10,0.4116847826086957,6.185274998529167E-4,3.1354539811905062,295.87798649924144,0.7193357182814346,"{""type"":""Point"",""coordinates"":[82.92988162587577,23.67183096289717]}"
1147,47.118166511867926,2025-03-01,284.59254596346904,229,0,40,0.24570575056011948,3.157061020715446E-4,1.3627209700542289,298.34413233257476,0.44825936446596354,"{""type"":""Point"",""coordinates"":[82.6036800815215,21.77219087682212]}"
1148,195.09723319566965,2025-03-01,282.19138222648985,345,0,40,0.30119284294234594,1.568612259461588E-5,1.9205753182549645,298.2237070628575,0.7027263162414114,"{""type"":""Point"",""coordinates"":[81.29183565323471,22.070990255962915]}"
1149,301.86937946887844,2025-03-01,283.91631130945115,312,0,50,0.361895488477767,2.6474563298961584E-5,1.7561129323560485,298.2371347972325,0.5459600811478054,"{""type"":""Point"",""coordinates"":[81.73215404753635,21.162728238333813]}"
1150,126.86699551016385,2025-03-01,284.0436132067726,231,0,40,0.3991198375084631,6.15755883870861E-4,3.0888493653950344,298.92228058406283,0.21407699076540546,"{""type"":""Point"",""coordinates"":[83.77969221668044,20.380533872161205]}"
1151,180.0,2025-03-01,281.8059481212071,370,0,10,0.3851874806321661,1.7995802579662268E-5,6.464860749476268,300.20439088912235,0.15323557865419726,"{""type"":""Point"",""coordinates"":[80.34780351399412,20.09901739452472]}"
1152,160.47139288056658,2025-03-01,279.8545379184541,663,0,40,0.2995846313603323,1.57306758580944E-4,1.4758260343811274,298.18399352119087,0.3934162317158884,"{""type"":""Point"",""coordinates"":[82.03108067434513,19.979828687057932]}"
1153,81.28412860390357,2025-03-01,280.6628759020851,659,0,30,0.21462264150943397,2.020117443635172E-5,3.0574212393968376,296.41210224514913,0.6903775628807983,"{""type"":""Point"",""coordinates"":[80.42434594267486,23.098647966208905]}"
1154,223.96496790043338,2025-03-01,283.6509653273083,307,0,30,0.2355917289925209,1.611810604913444E-4,6.416063599914787,298.56999728793187,0.6056326979627621,"{""type"":""Point"",""coordinates"":[82.58364515324995,21.07358286856741]}"
1155,180.0,2025-03-01,279.90234879085,601,0,10,0.4330708661417323,1.22095314679882E-4,1.8543341688414132,297.43551649366105,0.7564808760789518,"{""type"":""Point"",""coordinates"":[80.55017771034184,22.36517035300285]}"
1156,-0.0,2025-03-01,282.90948118482316,398,0,40,0.5675022651766838,2.148267429902262E-5,0.9274099368611016,295.58744171687533,0.41931712507467955,"{""type"":""Point"",""coordinates"":[81.72359652167958,24.10476448592015]}"
1157,199.91327728643077,2025-03-01,280.5647546223232,715,0,10,0.4034915973241964,0.0011281621138437004,1.4793805353810725,294.8123010453724,0.7926543218863444,"{""type"":""Point"",""coordinates"":[83.35043712325262,23.051520319100984]}"
1158,332.18335779136055,2025-03-01,292.69894477299283,55,0,40,0.36623027861698554,0.0036084603945596427,1.048552368058552,299.4408178329468,0.8074110296100808,"{""type"":""Point"",""coordinates"":[83.7601482541433,18.618288739465697]}"
1159,27.891609793354394,2025-03-01,282.49266338348383,582,0,10,0.5606268902941985,3.897201697213859E-4,1.049277465699162,298.24722594306587,0.4383840327566564,"{""type"":""Point"",""coordinates"":[82.04251934488789,19.148724180333527]}"
1160,215.56586379110487,2025-03-01,283.7083151226952,283,0,40,0.33236504478334544,1.96945349557609E-5,1.7097889123087981,298.3976049423218,0.4955809628792594,"{""type"":""Point"",""coordinates"":[81.48106005153677,21.193087033176663]}"
1161,336.9781031379861,2025-03-01,281.6045321055821,610,0,40,0.28776978417266186,4.776817242486686E-4,2.5177605436183774,297.77291883741105,0.3313826578884238,"{""type"":""Point"",""coordinates"":[82.3546995264032,19.72234321338727]}"
1162,180.0,2025-03-01,288.3848113559541,170,0,40,0.32908912830558273,0.0061972987334115714,2.3174627380815918,297.0796117782593,0.22565021556472156,"{""type"":""Point"",""coordinates"":[84.31799430039747,19.8663958866191]}"
1163,72.48880895687576,2025-03-01,293.57143361227855,66,0,40,0.39700659563673263,0.002809013096509716,3.079501713610707,298.9541118712652,0.7866974514617114,"{""type"":""Point"",""coordinates"":[84.22268120602386,18.81960617910089]}"
1164,342.3010578838099,2025-03-01,289.55074560074576,289,0,10,0.5771662963595966,0.0071738612334115714,9.64362038116064,297.6812789099557,0.284009626841967,"{""type"":""Point"",""coordinates"":[84.390320062914,19.93429896111056]}"
1165,345.3839928631821,2025-03-01,280.84123806726365,621,0,30,0.25046972105795634,4.0468093556000895E-4,11.811169379454723,296.186731383914,0.7661464896535795,"{""type"":""Point"",""coordinates"":[80.65703076491167,23.02673587649241]}"
1166,19.69701325433299,2025-03-01,283.3969137555077,289,0,40,0.2035668789808917,1.7891494451305334E-5,1.4773718776228122,298.4352432886759,0.5044341453714416,"{""type"":""Point"",""coordinates"":[81.42014396539558,21.390319656924774]}"
1167,113.0683695437473,2025-03-01,286.33245481763566,337,0,10,0.7347340774786605,1.758140007837028E-4,15.031398324193283,300.80631960005985,0.5286076217222275,"{""type"":""Point"",""coordinates"":[81.62978121882988,18.18610342446561]}"
1168,50.35937099025754,2025-03-01,281.7463719958351,476,0,10,0.5796902568123897,0.0016386311928613395,12.170997642767189,298.2561777659825,0.6316585959574672,"{""type"":""Point"",""coordinates"":[83.59980446145931,22.19106082747109]}"
1169,190.24957827761847,2025-03-01,282.77056516919816,479,0,10,0.4726968174204355,2.044242302758903E-4,19.057777308827614,296.33815088726226,0.9365597999635725,"{""type"":""Point"",""coordinates"":[82.35432048783959,22.820845364778855]}"
1170,283.2698721213353,2025-03-01,282.5016268321446,594,0,40,0.5731386861313869,8.068036715371818E-4,2.0195063664549306,297.2897994177682,0.1756508818490359,"{""type"":""Point"",""coordinates"":[82.48299284993136,19.380018862363837]}"
1171,347.65004486165674,2025-03-01,283.3185329891387,405,0,30,0.23903614457831326,1.5030471502086584E-5,2.3722984298356904,296.02990009671163,0.4111705160604194,"{""type"":""Point"",""coordinates"":[81.23576081168625,24.012515131481933]}"
1172,-0.0,2025-03-01,282.69970625922787,312,0,40,0.2642736689954228,1.5030471502086584E-5,0.0,297.82174114953904,0.6923360871911708,"{""type"":""Point"",""coordinates"":[81.6876906842119,22.246469134288674]}"
1173,132.54876060355394,2025-03-01,281.34591161637076,605,0,40,0.18344657195799877,2.523776691987223E-5,1.371324984420393,296.24944064730687,0.3180451905641997,"{""type"":""Point"",""coordinates"":[80.65887087542333,23.378876330592668]}"
1174,180.0,2025-03-01,280.68015757061187,705,0,10,0.463302752293578,4.378062168939323E-4,0.463735342881014,296.193561508542,0.9419020442817851,"{""type"":""Point"",""coordinates"":[82.23925762744744,22.617942607654456]}"
1175,46.939892894767,2025-03-01,282.8880898157756,375,0,10,0.41040256501603134,3.9927181404664225E-4,0.6791847791954633,298.7252184095837,0.39928290992351684,"{""type"":""Point"",""coordinates"":[82.31377187713332,20.856044215441013]}"
1176,65.12697825718627,2025-03-01,283.5197164898827,257,0,10,0.3508256880733945,6.275278012140006E-4,1.1024219559691488,298.35271794455394,0.4232928247133442,"{""type"":""Point"",""coordinates"":[83.10587262155781,21.9935740806193]}"
1177,199.7222233455828,2025-03-01,283.7343974794661,286,0,30,0.20882112714402395,6.244596642090983E-5,1.4776046646913836,298.27504053569976,0.6177447795315931,"{""type"":""Point"",""coordinates"":[81.81855572257489,21.592274119359658]}"
1178,115.2035133925271,2025-03-01,282.32354949769524,277,0,10,0.6181586762834111,4.212078255250162E-5,1.088895653535666,299.9274075371879,0.16390657807107434,"{""type"":""Point"",""coordinates"":[80.64074258580372,19.732558970927023]}"
1179,278.7395347096298,2025-03-01,283.14247853415355,707,0,10,0.6517241379310345,6.961476485116691E-4,23.081480992934925,298.0851049423218,0.26562310025374586,"{""type"":""Point"",""coordinates"":[83.13448135068514,19.681113804228136]}"
1180,52.2106697951564,2025-03-01,284.0902324404036,269,0,10,0.4010057738871298,4.7380892453929846E-5,7.5245832868137095,298.12247008369087,0.49549955512274274,"{""type"":""Point"",""coordinates"":[82.35367615306399,21.493632335677294]}"
1181,329.4515763211125,2025-03-01,284.2136862164452,922,0,10,0.5875533862111043,0.0012378197590692253,26.04549255376773,295.3899610156104,0.4082741805305113,"{""type"":""Point"",""coordinates"":[83.13542195541008,19.100092839513092]}"
1182,212.19302884030552,2025-03-01,285.09019175029937,754,0,10,0.47690655209452204,3.848474900109977E-4,11.882557226656758,296.98019422803605,0.32683842495376514,"{""type"":""Point"",""coordinates"":[84.14315796783283,20.182249946536558]}"
1183,304.97383310944963,2025-03-01,283.9254549571446,311,0,30,0.11170528817587641,2.1050540624401037E-5,4.842695140230001,298.0905051004319,0.5298156584802468,"{""type"":""Point"",""coordinates"":[81.86833382297023,21.139489850691607]}"
1184,286.6214145344059,2025-03-01,281.71140757061187,416,0,10,0.49943117178612056,1.5030471502086584E-5,11.20355808958323,299.67562879834855,0.12445660573739817,"{""type"":""Point"",""coordinates"":[80.6333438814273,20.24717671889729]}"
1185,52.503264270876286,2025-03-01,280.3542821520851,749,0,40,0.2369633041152875,0.007469947306333324,3.803611590287676,293.86275677453904,1.0897983340578254,"{""type"":""Point"",""coordinates"":[84.09859520027658,22.974217727999505]}"
1186,180.0,2025-03-01,286.98985576629644,177,0,10,0.35753508236729714,4.006442230775065E-5,1.3909630807829783,301.75638702937533,0.802329314550692,"{""type"":""Point"",""coordinates"":[80.494896958735,18.10613473929176]}"
1187,227.59905938949143,2025-03-01,283.3524801617576,362,0,10,0.4620253164556962,2.3222979706361002E-4,0.6876957155405041,295.50327132997063,0.5087964008100457,"{""type"":""Point"",""coordinates"":[83.58642040230761,24.05430560195088]}"
1188,151.52649081331606,2025-03-01,279.9622795014154,800,0,40,0.3239057239057239,5.193602721078605E-4,1.0550016052707647,295.168903305417,0.8735173640666203,"{""type"":""Point"",""coordinates"":[81.58085498222496,22.793903694876963]}"
1189,151.6602029735073,2025-03-01,283.7249515624274,237,0,40,0.25191815856777494,4.7090169590546793E-4,1.0536711358773658,298.3387728645688,0.4131089738638304,"{""type"":""Point"",""coordinates"":[82.9169039948745,22.018892562962076]}"
1190,74.42988087681144,2025-03-01,280.0465893972488,734,0,10,0.396854764107308,9.605538527353019E-4,16.780208339423535,294.08915651412235,0.8128483819636256,"{""type"":""Point"",""coordinates"":[83.52593824289296,23.143429612310715]}"
1191,315.5601928577181,2025-03-01,289.2574164526803,333,0,10,0.7204411387535266,1.9336756867005533E-4,17.018151047459575,297.85361312684563,0.5700335463892205,"{""type"":""Point"",""coordinates"":[83.99444919979938,19.22913447026998]}"
1192,53.26666336377795,2025-03-01,285.9850020181565,143,0,10,0.28361138370951916,0.0011546861807687492,3.0984775473893587,299.7186382384527,0.5452598785827899,"{""type"":""Point"",""coordinates"":[83.78722662902626,21.115873477151904]}"
1193,64.97008919084436,2025-03-01,283.10703745342437,331,0,10,0.5088353413654618,3.731202761514396E-4,2.1911078773223847,298.32438019343783,0.4297856299178229,"{""type"":""Point"",""coordinates"":[82.2567144370687,20.950910985866116]}"
1194,-0.0,2025-03-01,282.9701501301357,303,0,40,0.44878048780487806,1.5030471502086584E-5,0.0,298.58271585192,0.4827988650921919,"{""type"":""Point"",""coordinates"":[81.11404048674221,21.397200952447385]}"
1195,340.1765950795879,2025-03-01,281.5676668712071,629,0,10,0.5958034235229155,7.37559477670402E-5,1.478542582074608,297.73165325891404,0.7296096302387475,"{""type"":""Point"",""coordinates"":[81.78900955980866,22.379111129982235]}"
1196,82.2814490694891,2025-03-01,290.05881967998687,243,0,40,0.48468236052886166,0.0023591172377450675,3.448704606283151,298.44742125556587,0.4235602535534846,"{""type"":""Point"",""coordinates"":[83.17345112137004,18.424295880613393]}"
1197,-0.0,2025-03-01,284.41997341882615,233,0,30,0.22667185069984447,6.290477196557731E-4,0.4637353428839794,299.3235489527384,0.6257081481617334,"{""type"":""Point"",""coordinates"":[83.40708407101135,21.332947430792945]}"
1198,133.19662672274842,2025-03-01,279.78821304866244,677,0,40,0.2277185501066098,2.5580493627330725E-5,1.3547296105459645,298.0707878385271,0.09094047604234148,"{""type"":""Point"",""coordinates"":[81.33238946126646,20.12328641811305]}"
1199,217.0100987496574,2025-03-01,279.91789822351365,847,0,10,0.6101031661330487,2.2586700123383707E-4,13.122850571926804,295.02116916293187,0.8298952155217934,"{""type"":""Point"",""coordinates"":[81.23642062259464,22.657796040615903]}"
1200,180.0,2025-03-01,281.1578303291684,539,0,40,0.24096207761546407,1.1340793770386881E-4,5.0877851281632935,298.29727477119087,0.15838834435227048,"{""type"":""Point"",""coordinates"":[81.10665982439605,19.661393460462904]}"
1201,14.94478663963313,2025-03-01,281.2506735211327,396,0,10,0.6320208994215338,2.47907320840568E-5,5.740485780212616,299.0453914006551,0.30095837508918166,"{""type"":""Point"",""coordinates"":[81.9820278831383,20.50807008721321]}"
1202,144.28705724214754,2025-03-01,279.6321606863113,588,0,80,0.32217261904761907,1.834135929925651E-4,3.422816949335887,297.5693171819051,0.7324444821814652,"{""type"":""Point"",""coordinates"":[80.857711931909,21.978188282839966]}"
1203,31.29333269163853,2025-03-01,283.17843696049283,328,0,10,0.5130434782608696,6.455731074197502E-4,4.872497391965815,295.69670627230687,0.360852351119062,"{""type"":""Point"",""coordinates"":[83.95887713714627,23.940376075935408]}"
1204,249.08778553451754,2025-03-01,280.2540333611625,802,0,10,0.5251082945612064,4.505914131982536E-4,6.468555003645485,295.1899342763992,0.7579564069301415,"{""type"":""Point"",""coordinates"":[82.13401640291835,23.50032750900389]}"
1205,245.10751220005787,2025-03-01,283.68108763013566,253,0,40,0.448868778280543,2.1349903744294352E-4,1.10161492759343,298.5188265755063,0.6714981246197727,"{""type"":""Point"",""coordinates"":[81.94808173794218,21.866871512884046]}"
1206,235.38324223868182,2025-03-01,282.42382735297787,430,0,30,0.2665780891412006,9.424504440858072E-5,4.886112091757902,295.84743985675635,0.9023320680096503,"{""type"":""Point"",""coordinates"":[82.37658875044225,23.017825218165886]}"
1207,252.96085063589817,2025-03-01,281.7765001115345,503,0,40,0.26658081133290407,1.4604148071839518E-4,3.1620132469527276,296.0654167447771,0.5627347689268307,"{""type"":""Point"",""coordinates"":[81.48400763088378,23.156264183448453]}"
1209,90.0,2025-03-01,279.7257828031268,823,0,30,0.36917562724014336,3.8295504253937906E-4,1.0071119246027684,294.55508145831885,0.8423460129872089,"{""type"":""Point"",""coordinates"":[81.59636487062016,22.949526083854547]}"
1210,301.3711891764615,2025-03-01,282.89246109553744,338,0,10,0.4076490846474533,2.193998972757072E-4,1.7810740381626347,295.4702832812355,0.32889593579764714,"{""type"":""Point"",""coordinates"":[84.30275512341024,23.855471438500654]}"
1211,279.5955900696938,2025-03-01,288.11875620342437,364,0,10,0.6353331490185237,6.065916697366447E-4,18.77237198735844,298.2067276636759,0.42985773285368206,"{""type"":""Point"",""coordinates"":[83.75823276826814,19.62770954169087]}"
1212,148.2766978072218,2025-03-01,280.6682993116833,513,0,10,0.5303748384317105,7.453080814912028E-5,3.8107692748341964,297.98207178569976,0.7750673716581561,"{""type"":""Point"",""coordinates"":[80.50781958911628,22.424864817676983]}"
1213,144.40177665796864,2025-03-01,284.17423425401955,274,0,40,0.3146682897139379,1.2818988960816569E-4,1.7104795255277596,298.1317299888247,0.555439942386596,"{""type"":""Point"",""coordinates"":[82.88488190442185,21.369574432236725]}"
1214,165.08785332272868,2025-03-01,284.54282846904937,585,0,10,0.4031478884213807,6.675076166970939E-4,1.918914333770799,297.4184789657593,0.25663616632309,"{""type"":""Point"",""coordinates"":[83.91655344526325,20.154180511654676]}"
1215,139.13254782684575,2025-03-01,282.6903707867577,340,0,10,0.43254362320896583,2.67739264188549E-4,3.0632639360823513,297.73965177081885,0.8222702537765099,"{""type"":""Point"",""coordinates"":[82.8386589232161,22.390946101345566]}"
1216,47.46886143130328,2025-03-01,280.4289891833351,720,0,40,0.36599274235355106,8.12749234853527E-4,2.0571855844412807,295.19879309336346,0.9403812826502671,"{""type"":""Point"",""coordinates"":[82.43544749540187,23.461153185961916]}"
1217,-0.0,2025-03-01,282.91961302076066,275,0,30,0.33289774583469456,0.001297707525907299,3.704791833694711,299.70407118116105,0.3738483953635231,"{""type"":""Point"",""coordinates"":[82.69612879668044,20.074203481698508]}"
1218,72.97747485913385,2025-03-01,281.2923866907755,584,0,40,0.3106772120612951,3.574889580590934E-4,3.165003654439743,295.36193134671163,0.8851411084167277,"{""type"":""Point"",""coordinates"":[82.676683674914,23.294837161185374]}"
1219,176.9819675004944,2025-03-01,286.6680377324422,253,0,10,0.3272419627749577,1.4124330681397623E-4,9.207697974429212,300.858333178929,0.5875748247556197,"{""type"":""Point"",""coordinates"":[80.50872982957516,18.495728353866326]}"
1220,158.56686510993248,2025-03-01,280.2102624348232,959,0,10,0.6614141414141415,0.003240282503782055,22.22858998222706,294.3220259802682,1.0593322585972422,"{""type"":""Point"",""coordinates"":[83.38188620897125,22.871072919532374]}"
1221,208.3044220776666,2025-03-01,284.997092791966,243,0,40,0.13672421838544097,0.002019385663686535,1.053320666147571,298.3803697767712,0.34392883231615917,"{""type"":""Point"",""coordinates"":[84.27578783682516,21.80894822205893]}"
1222,41.673844069813676,2025-03-01,281.53798634665355,385,0,10,0.5156706248783337,1.7697779355785315E-5,3.7199179057553864,299.0457750502087,0.34345169816605514,"{""type"":""Point"",""coordinates"":[81.96341276414479,20.582073229488106]}"
1223,-0.0,2025-03-01,281.3917170479184,608,0,40,0.27261890570985814,5.339634100778312E-4,8.289099835372715,295.7629265104021,0.9666842095153905,"{""type"":""Point"",""coordinates"":[82.12429165364757,22.703786707020203]}"
1224,191.95541339884124,2025-03-01,283.051541964213,359,0,10,0.5747085835393854,2.2804257076813883E-4,2.3687872290854006,298.82499635787235,0.20490664941115105,"{""type"":""Point"",""coordinates"":[81.36262118929359,19.17139513823299]}"
1225,115.35620329758076,2025-03-01,293.5390442893618,30,0,40,0.532355915065723,0.0022813629786355705,1.0827699135804494,299.28096966516404,0.7070583586954914,"{""type"":""Point"",""coordinates"":[83.96881591415071,18.59433815646077]}"
1226,253.9901825363704,2025-03-01,281.24407009851365,589,0,30,0.5660169179845531,2.981242340638346E-5,8.347645245294553,296.1734140941075,0.4637701137314095,"{""type"":""Point"",""coordinates"":[80.64838170186792,23.3383382627134]}"
1227,123.25122263440785,2025-03-01,284.50983460744226,446,0,10,0.3829234764014052,4.0746745270325846E-4,5.899458198086224,299.5073461532593,0.1767331545551083,"{""type"":""Point"",""coordinates"":[83.83140004939159,20.502839505089078]}"
1228,35.38260391350153,2025-03-01,282.24741831279937,237,0,40,0.29084122882572494,1.5030471502086584E-5,1.705898543184231,300.32883866628015,0.21012829161874236,"{""type"":""Point"",""coordinates"":[80.21533672168052,20.166778273350904]}"
1229,35.516289070728256,2025-03-01,283.578885714213,170,0,40,0.3203306639111341,8.183237713410563E-5,1.7087330318104443,300.33831946055096,0.3690754847485445,"{""type"":""Point"",""coordinates"":[83.37840630337512,20.92099850012864]}"
1230,333.31675691427347,2025-03-01,281.58473927634105,592,0,10,0.6586785347483738,1.8092509907319254E-4,13.252979845992055,296.01486219678605,0.397628486784001,"{""type"":""Point"",""coordinates"":[80.97820442703062,23.31607362593078]}"
1231,43.036202878392665,2025-03-01,280.9674064545405,667,0,10,0.6219599427753935,0.0011943530718667716,8.812370151632114,294.554157211667,0.5011936097386174,"{""type"":""Point"",""coordinates"":[83.47683322748324,23.362891317773734]}"
1232,95.9779206508211,2025-03-01,287.24373295193624,453,0,10,0.5796460176991151,0.004399220315633556,4.4439410203601994,297.25376542409265,0.6111260427215442,"{""type"":""Point"",""coordinates"":[83.46672509501826,19.535897552679142]}"
1233,144.5109146352306,2025-03-01,287.0510536829631,100,0,30,0.38574793875147234,4.6543296974732584E-4,1.7081547230042808,299.72124821799144,0.4297012779184321,"{""type"":""Point"",""coordinates"":[84.30386295172762,20.77030236334007]}"
1234,95.65151357735279,2025-03-01,286.41847951071605,793,0,10,0.4137473963264533,0.0030136954466684074,9.33480793761481,296.1922419865926,0.23367293583758328,"{""type"":""Point"",""coordinates"":[84.16911390140841,19.93024453077257]}"
1235,114.60045839827153,2025-03-01,282.70489134107316,428,0,30,0.4479041916167665,1.2176748913361735E-4,2.2268807206186736,296.12200505392894,0.3691030781932928,"{""type"":""Point"",""coordinates"":[81.1502184525715,23.696009255239435]}"
1236,133.20666843581424,2025-03-01,281.51170635223383,437,0,10,0.5682316805616499,1.5030471502086584E-5,9.397907496781322,299.69290465400326,0.059383503695681635,"{""type"":""Point"",""coordinates"":[80.83999143540636,20.068760927208213]}"
1237,222.3079235740847,2025-03-01,288.2436922618321,558,0,30,0.3122779313067509,0.003044034210859081,4.380964113890523,297.2145750409081,0.20189574677298666,"{""type"":""Point"",""coordinates"":[84.18902345139215,19.656683810045447]}"
1238,19.847830335318623,2025-03-01,281.70003759293326,986,0,10,0.6734923915085478,5.477916876657218E-4,8.804623649922869,296.6682057607742,0.9025523667242205,"{""type"":""Point"",""coordinates"":[82.75552547097622,22.564570687853067]}"
1239,227.37213293648176,2025-03-01,280.3871597562517,818,0,40,0.2945623727827857,1.8673655193879313E-4,7.489455177309425,294.84342897505985,0.5288563217983946,"{""type"":""Point"",""coordinates"":[81.17741914105021,23.009323694230797]}"
1240,199.89284501539748,2025-03-01,282.58904080163865,416,0,30,0.3332441113490364,1.2818988960816569E-4,1.4791896257334443,295.9902388708932,0.8729863383337738,"{""type"":""Point"",""coordinates"":[82.60884834177199,22.90043749951698]}"
1241,90.0,2025-03-01,282.0495539619809,468,0,10,0.4752092723760464,8.416872898919792E-4,1.0134375492220904,295.59137121836346,0.43648224427177296,"{""type"":""Point"",""coordinates"":[83.46537084813583,23.78049281779788]}"
1242,100.64312702512655,2025-03-01,279.8545379184541,657,0,40,0.18150859867188832,1.57306758580944E-4,2.509318397126221,298.18399352119087,0.3934162317158884,"{""type"":""Point"",""coordinates"":[81.97107018486011,20.01202863686611]}"
1243,234.8360272347845,2025-03-01,280.28679470788865,634,0,40,0.2226571494358738,1.6036149662568278E-4,2.414253413731959,297.9483222507295,0.3334038976882373,"{""type"":""Point"",""coordinates"":[81.85428505456639,20.06446186148679]}"
1244,328.7244844828998,2025-03-01,281.1634862536476,424,0,10,0.578200821201941,1.8383232770702307E-5,3.7926157249099295,298.126167070298,0.202185112677094,"{""type"":""Point"",""coordinates"":[80.98103637366795,19.82333005583824]}"
1245,295.16547483122173,2025-03-01,281.708268619719,348,0,30,0.43728922434559175,1.5030471502086584E-5,4.353861918435987,299.74798742930096,0.11568905694212614,"{""type"":""Point"",""coordinates"":[80.95361988036841,20.005782017055]}"
1247,147.02738675670216,2025-03-01,281.91514292217437,313,0,40,0.19565498512866933,0.0016881179491861076,2.76176683632957,298.6956773939587,0.6359940627785192,"{""type"":""Point"",""coordinates"":[83.18177540883636,22.348387354919325]}"
1248,174.4641036629247,2025-03-01,281.9931981677101,318,0,10,0.45440613026819926,1.5030471502086584E-5,5.111499978662222,300.0129439490182,0.2652324338889529,"{""type"":""Point"",""coordinates"":[80.430028204202,20.28698122373613]}"
1249,90.0,2025-03-01,282.75770128340946,262,0,40,0.10845771144278607,0.0020584267060144157,0.5011299025228848,297.8072496595837,0.6065632870827653,"{""type"":""Point"",""coordinates"":[84.0759858915744,22.27506484759898]}"
1250,208.1325936385853,2025-03-01,283.16937469300774,291,0,40,0.24845244794597637,2.552669922692985E-4,1.0516273182506084,299.18851012275326,0.6955074804165708,"{""type"":""Point"",""coordinates"":[82.9469673424189,20.74940990148829]}"
1251,292.57748288823996,2025-03-01,288.5105321520851,307,0,30,0.5750088245675962,0.004534150330243847,13.055943803761343,297.8803755896432,0.6911747879085193,"{""type"":""Point"",""coordinates"":[83.51509583566636,19.09169759212763]}"
1252,313.412433992701,2025-03-01,289.8067619232904,396,0,10,0.6203966005665722,0.004814441172300121,6.716948146694476,298.7314207440331,0.5853263338377612,"{""type"":""Point"",""coordinates"":[83.37447580971748,18.903742940669638]}"
1253,-0.0,2025-03-01,281.4754689080375,521,0,10,0.45796610169491525,3.390711228234977E-4,0.4637353428839794,295.38932741255985,1.021376989752017,"{""type"":""Point"",""coordinates"":[82.12749056254569,22.89655405715241]}"
1254,213.03096053182742,2025-03-01,280.8289729072934,595,0,30,0.21091484313208542,0.0019679468552453727,2.763591161183088,295.71500519343783,0.9251375111358969,"{""type"":""Point"",""coordinates"":[83.29948884203299,22.657270831906892]}"
1255,67.82514611861716,2025-03-01,287.1934399831863,329,0,10,0.3215581901766271,1.4112409752442545E-4,3.6809623250539296,297.95364684150337,0.189669160052535,"{""type"":""Point"",""coordinates"":[81.98296078216426,18.00634562589881]}"
1256,116.43548019456686,2025-03-01,285.7186969121297,1107,0,30,0.7181594083812654,0.007272179094968578,11.309287319757193,294.2289444605509,0.23212250948266253,"{""type"":""Point"",""coordinates"":[82.94023601527107,18.349812034347714]}"
1257,245.42974512963963,2025-03-01,282.4307737350464,491,0,10,0.460029668699522,1.626726788117594E-5,17.299017152894617,299.5585168656849,0.08381438233730285,"{""type"":""Point"",""coordinates"":[80.8432836010985,19.439808198705972]}"
1258,32.54676362085418,2025-03-01,282.7158951078143,333,0,40,0.37225877192982454,2.2723790806367106E-4,2.748610369105743,299.3137310118903,0.4517555474430947,"{""type"":""Point"",""coordinates"":[82.37810090584439,19.929012161903994]}"
1259,270.0,2025-03-01,285.5552389508202,182,0,50,0.34959851760345895,4.907649437768669E-4,2.4696181429815383,299.25560810452413,0.4232436099662059,"{""type"":""Point"",""coordinates"":[83.250555579494,20.228978184402013]}"
1260,15.063118641710467,2025-03-01,283.97550378526955,262,0,40,0.5587761674718197,5.8959094701549475E-5,1.9202674494033116,298.3299198604765,0.6296921982537523,"{""type"":""Point"",""coordinates"":[81.75164679574384,21.733413363035172]}"
1262,140.67538403214255,2025-03-01,286.1668867837815,575,0,10,0.36241108199176336,3.7279245060517496E-4,5.3795368108305395,300.4719922656105,0.7445058842413297,"{""type"":""Point"",""coordinates"":[80.74290962190827,18.300123584956722]}"
1263,208.09271040452708,2025-03-01,282.6069793247041,379,0,30,0.3265100187400894,1.511987846924967E-5,1.051236402671833,298.66009099142894,0.11105561450450555,"{""type"":""Point"",""coordinates"":[81.18738631420747,20.494530120869786]}"
1264,70.46819440693277,2025-03-01,284.34474322909404,674,0,30,0.28521955949577504,4.698884169442863E-4,16.199171384020904,295.98070576077413,0.3127601546279074,"{""type"":""Point"",""coordinates"":[82.68381587325258,18.91793773985591]}"
1265,180.0,2025-03-01,281.66650894709994,848,0,10,0.516245487364621,0.0013878148476464958,0.9274099368611016,295.4290990829468,0.34452141103522227,"{""type"":""Point"",""coordinates"":[83.69857945213685,23.550389366577114]}"
1266,110.77544557133099,2025-03-01,286.6055842354184,201,0,10,0.43038779402415767,1.9180294674470133E-4,2.6130007267136506,300.89704109373554,0.5587227072759694,"{""type"":""Point"",""coordinates"":[81.08865566783534,18.479431844616453]}"
1267,68.12900661498824,2025-03-01,284.4088592075166,527,0,10,0.2925410872313527,3.3857938450410074E-4,3.7294064847188024,297.8541479110718,0.29912080269958075,"{""type"":""Point"",""coordinates"":[84.16047306701977,20.508149555598614]}"
1268,-0.0,2025-03-01,281.1640326636178,456,0,40,0.71633649153029,1.613315743043131E-5,0.0,297.24845827193485,0.787127409547948,"{""type"":""Point"",""coordinates"":[80.47504079529699,22.56637818832828]}"
1269,208.2223914399787,2025-03-01,286.2375306174868,138,0,40,0.41403141361256546,0.0014510553757531852,2.104310951121559,299.3358199255807,0.5954958283583617,"{""type"":""Point"",""coordinates"":[83.92276056148077,21.311027121918375]}"
1271,324.9237552044213,2025-03-01,281.3253573008946,673,0,10,0.5434221840068788,7.341903130395622E-4,7.88307930844953,295.2381171726046,0.6795762772701937,"{""type"":""Point"",""coordinates"":[82.46335224989667,23.722886420482634]}"
1272,133.32788919491148,2025-03-01,281.9380688894363,557,0,10,0.6159472250107558,2.974819819314689E-4,0.6758124940145621,298.052198273795,0.3838937394496459,"{""type"":""Point"",""coordinates"":[81.9594779819793,19.39172422765683]}"
1273,180.0,2025-03-01,284.6368865512666,224,0,80,0.19511167298777918,1.6059991520478434E-4,2.3174627380815918,298.4478514080956,0.456289952211714,"{""type"":""Point"",""coordinates"":[82.46185143226377,21.701168892059975]}"
1274,294.57676126039763,2025-03-01,281.95140361785883,496,0,10,0.6984068173397555,1.3519343536927408E-4,1.1148679626692304,295.9876812072027,0.5084413974402457,"{""type"":""Point"",""coordinates"":[81.83672004580892,23.837977835265896]}"
1275,208.18301483106808,2025-03-01,283.48983251480826,203,0,40,0.5433266160285227,6.664809387757487E-5,2.1035362621173337,299.46989963168187,0.6237614573508516,"{""type"":""Point"",""coordinates"":[83.19855400573589,21.06657349368122]}"
1276,190.10308656505293,2025-03-01,281.65982995714455,280,0,10,0.3441048034934498,1.5030471502086584E-5,2.8240091108358607,300.06371357327413,0.41024281696743736,"{""type"":""Point"",""coordinates"":[80.29126917944265,20.71159005561838]}"
1277,31.344421359144217,2025-03-01,281.12856251852855,517,0,30,0.460217315106905,2.970498482568473E-4,7.557746938619971,299.30902258555096,0.32154811189099664,"{""type"":""Point"",""coordinates"":[82.18742447779381,20.249180683655034]}"
1278,61.1632791431623,2025-03-01,287.3321874255226,505,0,10,0.7177101967799642,1.6836342018677897E-4,10.458752554489314,298.3633555003575,0.2275680593368866,"{""type"":""Point"",""coordinates"":[81.94314481992022,18.00718682228561]}"
1279,296.5051579673575,2025-03-01,283.1545344307309,362,0,10,0.3735716378552593,0.0031942528168542594,7.235270304044499,297.81692809150337,0.556143997682288,"{""type"":""Point"",""coordinates"":[83.98615770734884,22.157844843271555]}"
1280,308.31173799052965,2025-03-01,282.82960651034404,321,0,10,0.6773139745916515,5.747925917489738E-4,13.93171594212845,296.0239302771432,0.25580543655416527,"{""type"":""Point"",""coordinates"":[84.12285491156668,23.817811485580513]}"
1281,252.81532906419085,2025-03-01,283.86436167217437,242,0,40,0.2734363715152391,3.5340603989197916E-4,1.5692186425875816,298.25946203867596,0.5444371158718858,"{""type"":""Point"",""coordinates"":[82.3204593651438,21.909249206044848]}"
1282,90.0,2025-03-01,281.1812736420404,608,0,10,0.5427723751442228,8.737560909821696E-5,1.4788043013853538,297.97384075891404,0.33522042578868366,"{""type"":""Point"",""coordinates"":[81.658602124984,19.851756853046318]}"
1283,355.65193191251996,2025-03-01,285.215575399853,564,0,10,0.6706302021403091,6.201815287454338E-4,24.444924381774726,298.1448438281105,0.3339343130342296,"{""type"":""Point"",""coordinates"":[83.80796884040235,20.04474159554441]}"
1284,107.19147314539276,2025-03-01,283.4044065475464,270,0,40,0.6285367825383994,2.0752517400524084E-5,1.568616779955676,298.6348282496134,0.6432200966958602,"{""type"":""Point"",""coordinates"":[81.66920100157348,21.848917601454286]}"
1285,-0.0,2025-03-01,282.9622155598232,290,0,40,0.3789086450030656,1.531359356476969E-5,0.463735342881014,298.42930253346765,0.46680598570805903,"{""type"":""Point"",""coordinates"":[81.20464978094999,21.435327235038937]}"
1286,-0.0,2025-03-01,283.0875701450166,874,0,10,0.6659513590844063,0.0010713290850503654,12.769178384097833,296.14304765065515,0.2548880694514764,"{""type"":""Point"",""coordinates"":[83.0277989376259,19.43281437213538]}"
1287,182.8945862929587,2025-03-01,281.50816050029937,710,0,10,0.6711685261303582,3.4258779686524576E-4,9.658554696180909,298.10863544827413,0.12725693343495506,"{""type"":""Point"",""coordinates"":[80.97916085347329,19.648140603832037]}"
1288,90.0,2025-03-01,285.55891849881124,178,0,10,0.6637443989869473,4.66490952192089E-4,0.49832860287297975,299.0174431119646,0.4111698667400217,"{""type"":""Point"",""coordinates"":[84.14546544731468,21.47486590137194]}"
1289,242.2559668982285,2025-03-01,282.42382735297787,433,0,30,0.3036916647318319,9.424504440858072E-5,3.9783263312388493,295.84743985675635,0.9023320680096503,"{""type"":""Point"",""coordinates"":[82.38485564423019,23.00267443998299]}"
1290,2.447193974841951,2025-03-01,284.519053822472,243,0,10,0.5257378174330817,2.545219342096061E-4,11.449348831758002,299.4331099646432,0.13471393789647068,"{""type"":""Point"",""coordinates"":[83.98559898123312,20.618359909490795]}"
1291,313.1141837445964,2025-03-01,282.32564794449576,290,0,40,0.2458233890214797,2.3364540737702555E-4,1.3568094881494168,299.6610210509528,0.6547863000812767,"{""type"":""Point"",""coordinates"":[82.64096412634245,20.569404610986766]}"
1293,169.97168828528183,2025-03-01,283.2731112071446,250,0,10,0.5733774286895411,1.5030471502086584E-5,2.823356029730468,300.2608687537057,0.15704778418231694,"{""type"":""Point"",""coordinates"":[80.44721064425218,19.52579189848041]}"
1294,226.65420168081593,2025-03-01,282.57607228415355,557,0,40,0.3273965426925092,2.5380667847230143E-4,0.6755886770844393,297.91922882625033,0.397369486266827,"{""type"":""Point"",""coordinates"":[81.77580257133171,19.28938940608171]}"
1295,104.04698816495875,2025-03-01,290.31052866436187,542,0,10,0.7092198581560284,0.02747311708134248,18.441960069123326,296.9180836904617,0.33853727591035065,"{""type"":""Point"",""coordinates"":[82.98315181988058,18.055878935333027]}"
1296,46.8802039202691,2025-03-01,281.71273871830533,283,0,10,0.4313005143277002,1.5030471502086584E-5,0.6784288964972123,300.0508496874855,0.34329510561603843,"{""type"":""Point"",""coordinates"":[80.37811947659587,20.539598258277767]}"
1297,102.22893945540432,2025-03-01,280.7637757346743,693,0,10,0.4190154077414506,1.751285473687858E-4,8.690157928079206,295.28102779388433,0.9846534239795309,"{""type"":""Point"",""coordinates"":[81.75462930137783,22.908027800921875]}"
1298,340.49391431118016,2025-03-01,289.581321307591,139,0,10,0.47512135922330095,0.005434612600026867,1.4756205150982729,298.15154025668187,0.18986957661213172,"{""type"":""Point"",""coordinates"":[84.3471404153638,19.782322439489292]}"
1300,28.197841702285942,2025-03-01,284.390624227978,174,0,40,0.31813345493236056,5.228918473108024E-4,1.0522685741487119,299.6731583277384,0.6044910936807814,"{""type"":""Point"",""coordinates"":[83.5899208127405,21.158920841142322]}"
1301,90.0,2025-03-01,283.8306121372041,257,0,40,0.24366471734892786,0.002225573031125805,1.5008409997569359,298.16812438056576,0.36406552503140405,"{""type"":""Point"",""coordinates"":[84.29653326865039,22.06523664721563]}"
1302,248.29976360084714,2025-03-01,281.13399755387076,470,0,10,0.4685121107266436,1.5030471502086584E-5,20.41184765338775,299.65609173547654,0.32170565911356236,"{""type"":""Point"",""coordinates"":[80.52654392296219,20.551040887983596]}"
1303,207.8219783782746,2025-03-01,284.8721451078142,307,0,10,0.42063742505522245,4.390579144342155E-4,2.0965057899039934,300.4136833463396,0.34804204231492064,"{""type"":""Point"",""coordinates"":[81.77610696902664,18.656754472041456]}"
1304,207.80662241171066,2025-03-01,285.60339859553744,194,0,10,0.5686829860408659,4.2415675324036783E-4,1.0484556669126266,300.1435766220093,0.5885580076623418,"{""type"":""Point"",""coordinates"":[80.73226738959907,18.54586714131774]}"
1305,320.11637203990165,2025-03-01,281.0034985769363,662,0,10,0.7601809954751131,1.5030471502086584E-5,5.422880798188477,298.6450065885271,0.5321158581565988,"{""type"":""Point"",""coordinates"":[80.63252873378694,21.448088953735773]}"
1306,343.1198547590712,2025-03-01,281.6045321055821,626,0,40,0.18339724791337694,4.776817242486686E-4,3.3884257310742734,297.77291883741105,0.3313826578884238,"{""type"":""Point"",""coordinates"":[82.35462080677857,19.683111998339015]}"
1308,200.2901170136625,2025-03-01,284.72866017477855,562,0,10,0.46481838919108615,3.3385571640565104E-4,12.64564116328242,298.6471980412801,0.25139113462970103,"{""type"":""Point"",""coordinates"":[84.16742504588052,20.56575809653836]}"
1309,312.8252285682397,2025-03-01,282.2612180709839,322,0,40,0.17861056322594784,0.0015768062750680656,2.045775431708194,298.2737326394944,0.5436741251482742,"{""type"":""Point"",""coordinates"":[83.6466728577252,22.054518358685538]}"
1310,187.1303604205319,2025-03-01,281.91622411637076,589,0,10,0.3424983027834352,2.050202767236442E-4,7.894772292105159,299.0559824534825,0.4838598907374783,"{""type"":""Point"",""coordinates"":[82.26356974445541,19.870104616048426]}"
1311,125.08059535750765,2025-03-01,285.17464115506124,177,0,10,0.3835051546391753,2.656531016214103E-4,2.4192473656998024,299.92657629648846,0.38111107455964033,"{""type"":""Point"",""coordinates"":[83.48294538406412,20.543181741687643]}"
1312,40.538261544745666,2025-03-01,282.8780044828142,339,0,10,0.2603715958259099,1.5030471502086584E-5,3.0481899708376083,298.44571808406283,0.30981357107715163,"{""type"":""Point"",""coordinates"":[81.82113031057656,20.704874322795362]}"
1313,259.26622867654413,2025-03-01,285.6527556918917,161,0,10,0.29575680810639643,5.0241915403148596E-5,9.861320402565477,301.1881787890479,0.5072774874790738,"{""type"":""Point"",""coordinates"":[80.3988123112872,18.591745877564655]}"
1314,215.55528059764416,2025-03-01,283.7454477491833,284,0,40,0.30522565320665085,1.829382580353922E-5,1.7095632864267059,298.37447552453904,0.476013578071123,"{""type"":""Point"",""coordinates"":[81.64928253494301,21.136308936809613]}"
1315,42.06243458509707,2025-03-01,283.65383107321605,319,0,10,0.45669696450008573,2.7428237615367834E-5,15.245798062574252,298.79667023250033,0.5297449134155541,"{""type"":""Point"",""coordinates"":[82.29332165132143,21.428506391976747]}"
1316,302.1542018189469,2025-03-01,282.9266640345256,239,0,10,0.5830592105263158,1.5030471502086584E-5,1.742212618409941,299.7109594345093,0.2007214178372934,"{""type"":""Point"",""coordinates"":[80.69166737511786,19.450462853835926]}"
1317,119.14086399430286,2025-03-01,284.66872365134105,215,0,30,0.28631168107053245,2.1561500233246989E-4,2.8546277194202263,298.3883043470837,0.3717589986887132,"{""type"":""Point"",""coordinates"":[82.94728703063382,21.687759532581754]}"
1318,183.91197525397658,2025-03-01,283.0762176059541,400,0,10,0.5099127676447264,1.5030471502086584E-5,7.395902581412568,295.94571227119087,0.36277207731002137,"{""type"":""Point"",""coordinates"":[81.20029859130646,23.94078403460289]}"
1319,226.8395227839852,2025-03-01,284.5097997302101,219,0,40,0.27210164107993645,2.7426597279145426E-4,1.355640462238882,299.5139670144944,0.11506856497219926,"{""type"":""Point"",""coordinates"":[83.14910495638958,20.320622474105672]}"
1320,132.7638410532874,2025-03-01,282.8363145646595,325,0,10,0.44778761061946903,1.551758925302238E-4,0.68297268018617,297.727747008914,0.8519043513238183,"{""type"":""Point"",""coordinates"":[82.34186926983763,22.35602385905304]}"
1321,132.83105940069123,2025-03-01,283.82063724881124,240,0,40,0.19091467157765502,4.975598732812614E-4,0.6821079602093746,298.29924533480687,0.41330881834208255,"{""type"":""Point"",""coordinates"":[82.96863429913097,22.025250090163453]}"
1322,180.0,2025-03-01,282.2612180709839,324,0,10,0.27515657620041756,0.0015768062750680656,0.9274099368670311,298.2737326394944,0.5436741251482742,"{""type"":""Point"",""coordinates"":[83.59211157405004,22.096957372488873]}"
1323,294.95447080518994,2025-03-01,283.512462025597,274,0,40,0.3676141054369619,1.6744105039379065E-5,1.0990539167183928,298.34911396389913,0.5226292354501831,"{""type"":""Point"",""coordinates"":[81.34973699731032,21.458410284536978]}"
1324,346.11855539471867,2025-03-01,280.3291298548381,735,0,10,0.4164705882352941,2.0606335800721354E-4,10.393798924815414,295.1340435118903,0.4469595948349242,"{""type"":""Point"",""coordinates"":[81.26313149133294,23.125795196661464]}"
1325,313.40739591633644,2025-03-01,284.2765117372785,572,0,40,0.30095602294455065,3.537338654382438E-4,0.6748205025597672,296.87686461494087,0.35928486759563766,"{""type"":""Point"",""coordinates"":[82.57788901102788,18.933457567862156]}"
1326,312.8083619950264,2025-03-01,282.9770035062517,283,0,40,0.4795275590551181,5.013760727479166E-5,0.6823995975011936,298.43026747022355,0.7772001893557591,"{""type"":""Point"",""coordinates"":[81.8088285316321,22.137612177308363]}"
1327,270.0,2025-03-01,284.0920751208351,212,0,30,0.06282820705176294,5.889635960443229E-4,2.4949860701732987,298.72452086494076,0.3843971112516544,"{""type"":""Point"",""coordinates"":[83.44681883188008,21.75697579699465]}"
1328,90.0,2025-03-01,281.6461580821446,525,0,40,0.24006050129645634,5.320411602838249E-4,1.5092806758373403,296.8629369735718,0.8195916435979164,"{""type"":""Point"",""coordinates"":[82.85759495115845,22.84317327520414]}"
1329,110.06062125449861,2025-03-01,284.5117179779779,223,0,40,0.3955348217260913,4.709165970666618E-4,2.701938708231832,295.86052463168187,0.5674850882341181,"{""type"":""Point"",""coordinates"":[83.98522268178809,24.087496312588446]}"
1330,-0.0,2025-03-01,284.59254596346904,238,0,40,0.22067338623203947,3.157061020715446E-4,0.463735342881014,298.34413233257476,0.44825936446596354,"{""type"":""Point"",""coordinates"":[82.55473902142161,21.765973548400243]}"
1331,193.62855471477462,2025-03-01,281.11204814910883,605,0,10,0.52423900789177,0.0013814222494943351,4.2866142953687385,294.43230778830394,0.4363788469002251,"{""type"":""Point"",""coordinates"":[83.46301020000759,23.57183236020292]}"
1332,54.97108661043376,2025-03-01,288.05815701257615,206,0,10,0.4356986347547615,1.6420599621369547E-4,11.16746914724052,301.22843874068485,0.959812478961217,"{""type"":""Point"",""coordinates"":[80.69400279654295,17.954338772656886]}"
1333,102.57327491495758,2025-03-01,281.0972020739601,466,0,10,0.37668161434977576,1.5030471502086584E-5,10.5313816423048,299.25156815846765,0.1519824115862123,"{""type"":""Point"",""coordinates"":[80.9989051547317,20.486906542282185]}"
1334,256.62211991106267,2025-03-01,288.1706942149571,81,0,30,0.27950920245398775,1.1865314644410319E-4,4.002129432865221,301.8440683909825,1.013219634599518,"{""type"":""Point"",""coordinates"":[80.91826529629762,17.954015413265324]}"
1335,180.0,2025-03-01,284.5834081286476,313,0,40,0.4452793204835021,6.427269856317253E-4,1.3909630807829783,298.4535189583188,0.3644551451462035,"{""type"":""Point"",""coordinates"":[83.65394342012215,20.117001259027834]}"
1336,168.06549064013277,2025-03-01,285.5919879277547,158,0,10,0.5542216886754702,1.5581814466258948E-5,2.368604612310143,300.586377961295,0.3849233678631619,"{""type"":""Point"",""coordinates"":[80.43982926638793,18.872357978395193]}"
1337,309.8801145091636,2025-03-01,279.8346288317726,991,0,10,0.43715937241948805,9.280991236551017E-4,7.194596033734198,293.491645585923,0.8327236378088989,"{""type"":""Point"",""coordinates"":[83.62187102185655,23.206026703468368]}"
1338,32.48853711311238,2025-03-01,281.03659707023985,616,0,10,0.4346749226006192,4.688915413453287E-5,2.7468329602810084,298.3323438281105,0.37666675343701983,"{""type"":""Point"",""coordinates"":[81.90485234152064,19.57093668715738]}"
1339,259.35694643174827,2025-03-01,281.8769814173381,313,0,10,0.6270377733598409,3.648814362122721E-5,2.5093354945649025,300.04057252974735,0.12961650995154472,"{""type"":""Point"",""coordinates"":[80.43952772261275,20.013227313020163]}"
1340,283.09166472403757,2025-03-01,282.92698955535894,304,0,40,0.3859140068583487,1.5924541173717444E-5,2.0464837500565993,298.4723410379319,0.4967138941304403,"{""type"":""Point"",""coordinates"":[81.251824752386,21.531716911349886]}"
1341,89.17930287855481,2025-03-01,280.8046460378738,835,0,10,0.6462998102466793,0.001936237184224865,29.470017827528704,294.4714865457445,0.37921742064876646,"{""type"":""Point"",""coordinates"":[83.67377167146506,23.538886562549315]}"
1342,304.50805774233777,2025-03-01,281.285167103722,556,0,40,0.4493006993006993,0.0014905732552392692,2.4542473115222756,294.7642925353278,0.38831336987892745,"{""type"":""Point"",""coordinates"":[83.63183699308482,23.558474188520822]}"
1343,79.52983048360495,2025-03-01,281.57016640617735,573,0,10,0.6518572469045885,3.8723167580201334E-4,5.090419852397053,297.8583448046729,0.8632344517078008,"{""type"":""Point"",""coordinates"":[81.95189769085393,22.481806739687443]}"
1344,132.76987309091828,2025-03-01,281.91795053936187,435,0,10,0.2865526920132687,0.0033277374188287467,2.047909333020493,297.13101500556587,0.7288352504987602,"{""type"":""Point"",""coordinates"":[83.69810686576596,22.326271216944487]}"
1345,270.0,2025-03-01,287.45505410148985,123,0,10,0.4530612244897959,5.30582348687858E-5,0.48784362892330974,301.7674314862206,0.9742639799659176,"{""type"":""Point"",""coordinates"":[80.96040426396053,18.087844074644792]}"
1346,270.0,2025-03-01,282.83737250736783,598,0,40,0.23859250851305336,3.535401503427238E-4,1.9616169269435217,297.3006055468605,0.3387915839955359,"{""type"":""Point"",""coordinates"":[81.55999056220504,19.043525852544043]}"
1347,331.22147845307944,2025-03-01,281.5137815475464,476,0,10,0.5215490318550906,1.5030471502086584E-5,16.947926450996302,299.57223524366105,0.20424857971649948,"{""type"":""Point"",""coordinates"":[80.57830917789336,20.299363669414397]}"
1348,180.0,2025-03-01,282.21151801518033,419,0,40,0.32160228898426324,0.0014676254670007438,4.627367505919335,298.2815625781105,0.6687383932631157,"{""type"":""Point"",""coordinates"":[83.43088079842299,22.336290275353555]}"
1349,180.0,2025-03-01,282.69638129643033,249,0,10,0.44754716981132076,3.1242934880992834E-5,0.9274099368670311,300.00077179500033,0.17945352629835293,"{""type"":""Point"",""coordinates"":[80.4599663116377,19.640382097594138]}"
1350,115.12888261453254,2025-03-01,281.38595649174283,514,0,10,0.4648406636818541,1.5516099136902994E-4,1.0919178694092233,298.9796536309379,0.3141332032813573,"{""type"":""Point"",""coordinates"":[82.24811179878208,20.26511208495402]}"
1351,27.939210833458887,2025-03-01,281.9351450148083,602,0,30,0.4269422665716322,8.644413630349845E-4,4.191931576177082,298.2736280077979,0.24339509584324692,"{""type"":""Point"",""coordinates"":[82.32354725455727,19.47640218702687]}"
1353,291.7561967745315,2025-03-01,282.9701501301357,297,0,40,0.1833466773418735,1.5030471502086584E-5,3.748069004549002,298.58271585192,0.4827988650921919,"{""type"":""Point"",""coordinates"":[81.1265468971144,21.37728147879337]}"
1354,195.2570942024875,2025-03-01,281.68755735669816,553,0,10,0.44424524919325925,5.221318880899162E-4,5.7488787582054295,294.93869032178605,0.7157334934591792,"{""type"":""Point"",""coordinates"":[83.07962003481262,23.574386634189135]}"
1355,244.69407494747418,2025-03-01,290.446299916222,164,0,10,0.5802469135802469,0.0019274902026040763,10.722139720851127,298.9972550074259,0.6788180896512972,"{""type"":""Point"",""coordinates"":[83.74853800524903,18.977157120910604]}"
1356,151.44318474777987,2025-03-01,281.2923866907755,556,0,40,0.26061493411420206,3.574889580590934E-4,1.0558351307624156,295.36193134671163,0.8851411084167277,"{""type"":""Point"",""coordinates"":[82.69453203537377,23.260998882681047]}"
1357,295.01920976935577,2025-03-01,283.55441352299283,295,0,40,0.22634730538922157,7.798787754609293E-5,2.191983812201787,298.2967690513247,0.4727115225290634,"{""type"":""Point"",""coordinates"":[82.14758551525595,21.023921080885682]}"
1358,313.39891686726384,2025-03-01,283.8294960657755,341,0,30,0.3679493937796521,1.491409222467155E-4,2.6978336944126453,299.7317695163545,0.15127941824099705,"{""type"":""Point"",""coordinates"":[81.20272358255754,18.983171739402522]}"
1359,57.80122572256859,2025-03-01,290.8709825334095,117,0,40,0.5022182786157942,5.688619295938224E-4,1.740061085838704,299.65019167037235,0.5899763629998369,"{""type"":""Point"",""coordinates"":[83.76856171755324,19.168829854201363]}"
1360,46.83500895957504,2025-03-01,281.5692886625017,417,0,80,-0.28429423459244535,8.034226101472086E-5,1.355526631946867,298.35932718004494,0.13706027471908283,"{""type"":""Point"",""coordinates"":[81.77678979080548,20.29570563494283]}"
1361,219.0366058933357,2025-03-01,282.75804424285894,283,0,10,0.49903930131004365,0.0011662196795327873,2.3867701592393975,298.27052393413726,0.6495197382153015,"{""type"":""Point"",""coordinates"":[83.06500414049549,22.33717624455208]}"
1362,180.0,2025-03-01,284.95314747946605,325,0,40,0.38797996661101836,2.847131889893717E-5,1.8543341688414132,299.48817530132476,0.3855014192193645,"{""type"":""Point"",""coordinates"":[80.94080493294615,18.835746650126822]}"
1363,242.58785431211004,2025-03-01,288.8390001115345,771,0,10,0.6860165856448385,4.046958367212028E-4,26.208998614741976,296.9070973623367,0.5489565452634748,"{""type"":""Point"",""coordinates"":[84.06632624203726,19.15616626443997]}"
1364,68.01317494385303,2025-03-01,282.40487739018033,713,0,30,0.45532831001076424,0.0010036033074243278,3.710777843145002,296.8743476413545,0.21009646741187255,"{""type"":""Point"",""coordinates"":[83.1092017830939,19.591401852255885]}"
1365,270.0,2025-03-01,281.2693967819214,615,0,40,0.6647009267059815,1.704048792703361E-4,0.9851081092957581,297.9337261290778,0.4521747502514171,"{""type"":""Point"",""coordinates"":[82.13724054153806,19.708543076684528]}"
1366,343.9296110845592,2025-03-01,288.8373725073678,318,0,30,0.44209215442092153,0.004644404021917126,5.293536537268904,298.34680044083365,0.45958407379910693,"{""type"":""Point"",""coordinates"":[83.22250217115565,18.78670182291297]}"
1367,121.9941212210354,2025-03-01,281.7992284411476,438,0,10,0.5520062329567589,1.5030471502086584E-5,3.4967261771496743,299.00869473956885,0.1005908453288602,"{""type"":""Point"",""coordinates"":[80.98822872859421,20.431831777983085]}"
1368,46.7825117331006,2025-03-01,282.1358809244065,284,0,10,0.5065322881672266,2.426919144227213E-5,6.072219849244694,300.5600572767712,0.13845736891062335,"{""type"":""Point"",""coordinates"":[80.22783559480618,20.00909536308908]}"
1369,19.655429139318898,2025-03-01,286.4894081751506,159,0,10,0.5042895024177195,0.0012813460509164543,1.476988679319073,298.8903969810123,0.556747760939176,"{""type"":""Point"",""coordinates"":[84.22487589010372,21.05226533697279]}"
1370,139.80418437361405,2025-03-01,283.96184934888566,1003,0,10,0.6971030436376972,2.4947044056489176E-4,11.96539145763397,298.53227174849735,0.30255680164199933,"{""type"":""Point"",""coordinates"":[81.22717950763966,18.771050348132917]}"
1371,340.0392699868568,2025-03-01,282.3051808220999,399,0,40,0.7918603013660048,2.97765103994152E-4,1.479824827659345,296.6455936886015,0.4700696769243364,"{""type"":""Point"",""coordinates"":[80.20404719907813,23.396487110306172]}"
1372,194.87894649499924,2025-03-01,281.2322990326654,619,0,10,0.5583617747440273,8.171316784455485E-5,1.9186188111932008,297.8723945163545,0.35183248750598173,"{""type"":""Point"",""coordinates"":[81.71813320140824,19.78657958690956]}"
1373,103.28952460495881,2025-03-01,284.3860320590791,598,0,40,0.2342857142857143,4.2418655556275553E-4,2.0165759835486745,297.0212389173962,0.3959277008269624,"{""type"":""Point"",""coordinates"":[82.72079074051271,19.12846898217542]}"
1374,180.0,2025-03-01,283.7843067986625,505,0,10,0.4343933312750849,1.754414717538566E-4,4.166350197307866,298.38433415549144,0.22070672896002028,"{""type"":""Point"",""coordinates"":[84.08427373033635,20.466514687277275]}"
1375,11.97062344720692,2025-03-01,288.3395523343768,545,0,40,0.3820156910078455,0.001490588156400463,7.074638722451863,296.3736733481997,0.3016738928019186,"{""type"":""Point"",""coordinates"":[84.1909733070887,19.386212226309347]}"
1376,315.7338520740293,2025-03-01,283.48983251480826,432,0,10,0.5594903193777925,6.664809387757487E-5,20.454880174497394,299.46989963168187,0.6237614573508516,"{""type"":""Point"",""coordinates"":[83.18056304165576,21.14291511105899]}"
1377,39.19908908202089,2025-03-01,280.5520011811029,806,0,40,0.3995672556797692,2.231251875741691E-4,4.77623654129308,295.27748194194976,0.5548874532181356,"{""type"":""Point"",""coordinates"":[80.90268026360789,23.129797039566853]}"
1378,151.36797887798056,2025-03-01,282.8077326729184,492,0,10,0.514817950889077,1.5030471502086584E-5,5.268651653506417,295.89383820125033,0.3993060146022328,"{""type"":""Point"",""coordinates"":[80.58512588720025,23.673335989114104]}"
1379,154.98190014343177,2025-03-01,281.5431191126505,471,0,40,0.3418994413407821,4.1494783562257E-4,3.5776763706742716,296.09861405690515,0.43178452346585605,"{""type"":""Point"",""coordinates"":[81.29494857588762,23.319135997459274]}"
1380,312.84839016812583,2025-03-01,283.4370981398083,275,0,40,0.44822592324402605,6.676730316712565E-5,1.3635779303140227,298.60177044641404,0.697175218951041,"{""type"":""Point"",""coordinates"":[81.81729568161745,21.939471411167872]}"
1381,106.04406766265144,2025-03-01,283.87545844486783,863,0,30,0.49329618666202335,3.025483767373771E-4,11.585124873327334,295.7291246595837,0.30670820671565024,"{""type"":""Point"",""coordinates"":[82.93284678476735,19.108686599083697]}"
1382,160.67389741549061,2025-03-01,287.2062050501506,148,0,10,0.4031239614489864,8.444008034302897E-5,1.4739883057228667,301.3516076859974,0.8658537044895475,"{""type"":""Point"",""coordinates"":[81.15949348893872,18.109258984877435]}"
1383,121.87362021912624,2025-03-01,283.4210022971743,322,0,10,0.32277164346295406,2.4771210354401774E-4,3.50851595382095,298.5210412797474,0.560849464306849,"{""type"":""Point"",""coordinates"":[82.4959083658728,21.138876742726943]}"
1384,164.95027925363163,2025-03-01,283.61755875178744,266,0,40,0.6091680814940578,1.7295448003551428E-5,3.8359900822137387,298.3654946372622,0.5623153769534104,"{""type"":""Point"",""coordinates"":[81.5291562082499,21.598475863025346]}"
1385,227.4529147606295,2025-03-01,281.2093846911476,574,0,40,0.2841170163884209,8.185755888803214E-4,1.3713686547284114,294.839563415164,0.5581884411629372,"{""type"":""Point"",""coordinates"":[83.40819369871245,23.38734730675732]}"
1386,261.8425340277033,2025-03-01,285.4571932383946,1376,0,30,0.35895676046671243,0.0018047344366891593,24.528815950322517,294.9014472507296,0.10150675839929552,"{""type"":""Point"",""coordinates"":[82.84322709620875,18.258123206459807]}"
1387,27.366482838361954,2025-03-01,283.051541964213,481,0,10,0.6708949964763918,2.2804257076813883E-4,22.29971643180372,298.82499635787235,0.20490664941115105,"{""type"":""Point"",""coordinates"":[81.41919622926837,19.175605283230464]}"
1388,234.87832979856995,2025-03-01,282.02264617738274,238,0,40,0.2190332326283988,1.5030471502086584E-5,2.4167839406558493,300.28555020831885,0.26480136920432834,"{""type"":""Point"",""coordinates"":[80.3054788691133,20.308843057702703]}"
1389,28.556514444609654,2025-03-01,280.3651115326654,844,0,30,0.6683692083181321,0.001747543780027172,2.110947633026275,294.34207457587826,0.738711209832912,"{""type"":""Point"",""coordinates"":[83.72731590111334,23.259304643061412]}"
1390,180.0,2025-03-01,293.05541914985287,47,0,40,0.3542774287095215,0.002867112724004528,0.9274099368670311,299.3505846205212,0.595277675454541,"{""type"":""Point"",""coordinates"":[83.98144251929163,18.737575933895812]}"
1391,-0.0,2025-03-01,284.70282777150476,204,0,40,0.2931097338680277,0.0013659101406915397,0.9274099368670311,298.2734419958932,0.49157117213250645,"{""type"":""Point"",""coordinates"":[83.62591913715042,21.648950562479]}"
1392,295.3712732468609,2025-03-01,285.2764477956863,267,0,40,0.35233474833232264,1.922946850640983E-4,1.0821694749246695,301.0796873455956,0.5019189103432331,"{""type"":""Point"",""coordinates"":[81.56570781109332,18.479203842975963]}"
1393,239.88915656547158,2025-03-01,282.25928819747196,505,0,10,0.5020080321285141,8.396607319696159E-4,17.042452658646678,295.5219771521432,0.6709997227886179,"{""type"":""Point"",""coordinates"":[83.10119602548846,23.696871095447698]}"
1394,296.25287132770177,2025-03-01,283.5216754277547,314,0,10,0.43537838679539087,1.4662262600495524E-4,18.230157820822757,298.7520506268456,0.6397634594030039,"{""type"":""Point"",""coordinates"":[83.19110552470381,21.312315028216062]}"
1395,332.0059483731951,2025-03-01,284.09934121086485,209,0,40,0.3992966002344666,4.691731612069816E-4,1.050272830271883,299.6478258314587,0.2464146199481957,"{""type"":""Point"",""coordinates"":[82.9053097549107,19.848195853590873]}"
1397,208.34111150235267,2025-03-01,282.6319514229184,300,0,40,0.3024380415071529,8.477371613366813E-4,2.1066561083523583,298.8737779798962,0.47128340717031775,"{""type"":""Point"",""coordinates"":[83.54299633735197,22.02740836106314]}"
1398,90.0,2025-03-01,282.18035520826066,421,0,10,0.35521460477762673,1.5030471502086584E-5,0.9915835650589482,298.8212761197771,0.2735322726487121,"{""type"":""Point"",""coordinates"":[80.9100711653533,20.728313092950902]}"
1399,-0.0,2025-03-01,284.5727473213559,251,0,40,0.181631254283756,0.002049605218587658,0.463735342881014,298.24368590400337,0.32895311849508907,"{""type"":""Point"",""coordinates"":[84.29545316299959,21.87199625901183]}"
1400,35.11716425689287,2025-03-01,293.58613436562683,75,0,10,0.3648293963254593,0.002500037519155285,1.700325619798083,298.8888391313099,0.6543944409936812,"{""type"":""Point"",""coordinates"":[84.08605965591946,18.56416798653219]}"
1401,-0.0,2025-03-01,281.1337766647339,627,0,40,0.3546899026140441,3.4762438934876627E-4,0.0,298.21554579053605,0.4423919238322512,"{""type"":""Point"",""coordinates"":[82.14933864720899,19.575808103272504]}"
1403,11.996327173635894,2025-03-01,283.8536718005225,534,0,10,0.5846372688477952,7.448744456155509E-4,13.941179126456262,297.8101270312355,0.24387299045243963,"{""type"":""Point"",""coordinates"":[82.95927344621526,19.741456336809545]}"
1404,270.0,2025-03-01,279.9892570404779,673,0,10,0.5676810073452256,3.9092716377808756E-4,2.504107853977294,296.4668711253575,0.8262554358476611,"{""type"":""Point"",""coordinates"":[80.83665427040556,22.27459669718614]}"
1405,280.6142548720144,2025-03-01,283.687772432963,496,0,10,0.4773019665502665,5.286138932092399E-4,2.516056828920939,298.26658280690515,0.2043117199610792,"{""type"":""Point"",""coordinates"":[83.86227633496357,20.444669210135206]}"
1406,270.0,2025-03-01,283.0510711215791,403,0,10,0.5089503661513426,0.003939787713704845,2.0031418762088125,297.7239512034825,0.6068057301033998,"{""type"":""Point"",""coordinates"":[83.90471912084277,22.23153626061202]}"
1407,18.538232835966777,2025-03-01,287.52093138013566,318,0,40,0.38204456094364353,0.002226750222860119,9.213144926532504,298.6672815141224,0.5388207536577079,"{""type"":""Point"",""coordinates"":[83.55855569866826,19.66035704129653]}"
1408,117.70283966555118,2025-03-01,281.4639710471744,526,0,10,0.40483499616270147,1.5656320272228186E-5,13.698536689414796,298.36895329611644,0.03593769603057934,"{""type"":""Point"",""coordinates"":[81.16950789951179,20.34150160482317]}"
1409,248.41621546766834,2025-03-01,281.76336302076066,486,0,10,0.4437325447675374,1.0972735088898844E-4,15.962278686493276,298.80563368116105,0.027155146174199576,"{""type"":""Point"",""coordinates"":[80.85150339606015,19.37689740218475]}"
1410,238.4313736667189,2025-03-01,288.1894174757458,866,0,10,0.4756578947368421,3.200870434625358E-4,23.407530401083747,296.50656141553605,0.4817418100636699,"{""type"":""Point"",""coordinates"":[84.08217438272318,19.3312457872277]}"
1411,280.44133929632085,2025-03-01,281.4535253161476,598,0,40,0.14678755666718774,8.696269671304435E-4,2.557196369350615,295.65997473398835,0.846171626121176,"{""type"":""Point"",""coordinates"":[82.95919502418586,22.867563093715823]}"
1412,307.06943481136346,2025-03-01,283.83276871272494,561,0,30,0.2356051703877791,3.497254530770988E-4,3.0744115235965763,297.5573310397921,0.4258069924559799,"{""type"":""Point"",""coordinates"":[82.56107557060753,19.20998586715672]}"
1413,305.74881356524645,2025-03-01,278.9032323473976,785,0,10,0.6836694345591142,2.5622066658570475E-4,5.539056656989197,296.75641028086346,0.8082616544642346,"{""type"":""Point"",""coordinates"":[80.98243540508084,22.250258893924507]}"
1414,141.69344761389522,2025-03-01,285.7186969121297,970,0,40,0.4901263823064771,0.007272179094968578,4.717155314326085,294.2289444605509,0.23212250948266253,"{""type"":""Point"",""coordinates"":[82.94645953823024,18.29719822311317]}"
1415,82.46201890900284,2025-03-01,282.6428679965791,430,0,10,0.5563032750112158,0.002152304021535656,3.530617417852448,298.20040907178605,0.5421657800157469,"{""type"":""Point"",""coordinates"":[83.65354587338807,22.13650830773244]}"
1416,137.12072584156186,2025-03-01,281.21412799471904,738,0,10,0.5810754481033764,2.3577627342774576E-4,5.049683556052557,298.1785759244646,0.183346117041817,"{""type"":""Point"",""coordinates"":[81.08942864952805,19.559460870933606]}"
1417,226.54971946401693,2025-03-01,284.185307775225,1169,0,60,-0.015158924205378973,3.659230152948112E-4,6.7123058394745385,297.8342969531104,0.3938802599955802,"{""type"":""Point"",""coordinates"":[81.1927852744217,18.68109892626729]}"
1418,252.8751740948207,2025-03-01,282.39100787753154,324,0,10,0.401133711237079,0.0017408531586511344,1.5745346853091111,298.2885147730509,0.6995856411754782,"{""type"":""Point"",""coordinates"":[83.23252289164547,22.430145261454886]}"
1419,316.25953030007906,2025-03-01,283.0008479072934,315,0,10,0.5849130349814344,3.2272454899384684E-4,10.162176698668326,295.69024235861644,0.3223147394877737,"{""type"":""Point"",""coordinates"":[84.23464637204222,23.887691302466774]}"
1420,72.90626440805404,2025-03-01,282.9440445218767,412,0,10,0.4325416060752949,2.7350601357056803E-4,3.152235573082837,297.00499194008955,0.9548052498289088,"{""type"":""Point"",""coordinates"":[82.53181040807829,22.696015851057798]}"
1421,258.0725176770891,2025-03-01,281.9552633648828,414,0,10,0.7072892938496583,0.0016380351464135856,6.700847276296374,295.4705913634528,0.3640153681988759,"{""type"":""Point"",""coordinates"":[84.32626771741808,23.744773752741573]}"
1422,160.54949181214974,2025-03-01,282.79661846160883,376,0,10,0.6649859943977591,1.6535488782665198E-5,5.88102145111262,299.8098363876343,0.05299711845925226,"{""type"":""Point"",""coordinates"":[80.76245812220057,19.283516284872707]}"
1423,-0.0,2025-03-01,281.79762990134105,335,0,80,0.2253717472118959,0.0020314258019311637,1.390963080774087,297.241157304673,0.7422466090315429,"{""type"":""Point"",""coordinates"":[83.36609490245377,22.398704244071165]}"
1424,35.5853837399786,2025-03-01,282.8904091517131,411,0,10,0.6133720930232558,3.728371540887565E-4,14.507954825372428,295.4129392987206,0.4884310733617076,"{""type"":""Point"",""coordinates"":[83.46014296407313,23.96767869832304]}"
1425,188.78236324494316,2025-03-01,279.9904603049868,878,0,10,0.6515845392929108,3.7598129910065836E-4,12.915615945984708,296.5326147079468,0.8794029933681933,"{""type"":""Point"",""coordinates"":[81.01011161475495,22.379300188482407]}"
1426,-0.0,2025-03-01,281.3705872581118,540,0,40,0.2321390259600944,1.058083454950065E-4,1.3909630807829783,295.38887982141415,0.7966720643679176,"{""type"":""Point"",""coordinates"":[82.8747845480033,23.275410565635404]}"
1427,151.93714512749918,2025-03-01,282.02264617738274,251,0,30,0.3092085907619888,1.5030471502086584E-5,1.0509442968701272,300.28555020831885,0.26480136920432834,"{""type"":""Point"",""coordinates"":[80.25028083225077,20.301698729636225]}"
1428,144.31247283507065,2025-03-01,284.46566840580533,242,0,10,0.28898529766208725,3.0475374859406656E-4,1.7123911670240093,298.35723454611644,0.36957292322187296,"{""type"":""Point"",""coordinates"":[82.80731049497517,21.84580135705223]}"
1429,27.809238706219123,2025-03-01,285.6206860769363,271,0,10,0.38760195758564436,2.957832495553703E-4,2.0962600850072737,300.0568776357742,0.21753084380547763,"{""type"":""Point"",""coordinates"":[81.9926816247218,18.56486157305641]}"
1430,180.0,2025-03-01,286.79500829605826,165,0,10,0.3683609366076528,2.406042496545524E-4,1.8543341688295631,301.2200391406105,0.5946978064274497,"{""type"":""Point"",""coordinates"":[80.93004416158156,18.47123853732267]}"
1431,144.31173407333557,2025-03-01,283.5375503812517,262,0,40,0.38634695375581113,5.9525338826915686E-5,1.712407016150139,298.63033489953915,0.6527260529806179,"{""type"":""Point"",""coordinates"":[81.79534879080404,21.84906319017169]}"
1432,270.0,2025-03-01,284.5369109653292,193,0,40,0.32448949172753017,9.25431815801403E-4,0.4989611360556658,298.8248510360718,0.42797892953431244,"{""type"":""Point"",""coordinates"":[83.53192107940977,21.658623194340844]}"
1433,90.0,2025-03-01,283.8588103793916,217,0,40,0.2311212814645309,1.5928861301972574E-4,0.9886973848659132,299.7161852064587,0.19872733791532213,"{""type"":""Point"",""coordinates"":[83.03146753293666,20.28198359615256]}"
1434,71.10509970387699,2025-03-01,286.3739122209095,833,0,10,0.719583604424203,3.3364710014893717E-4,16.69545578905794,296.9090330487206,0.35719255952587253,"{""type"":""Point"",""coordinates"":[83.90939552323552,19.735835492639612]}"
1435,90.0,2025-03-01,281.1337766647339,642,0,30,0.3987128409439166,3.4762438934876627E-4,1.967939171534233,298.21554579053605,0.4423919238322512,"{""type"":""Point"",""coordinates"":[82.14278419713254,19.57019812832966]}"
1436,255.98332993242747,2025-03-01,281.64191468556726,573,0,10,0.6033434650455927,0.0010629695336206169,5.72493554928291,295.5689916610718,0.4744323296920519,"{""type"":""Point"",""coordinates"":[83.37484427145279,23.746371427783917]}"
1437,90.0,2025-03-01,282.30698862529937,307,0,10,0.46793193717277487,1.5030471502086584E-5,0.9991637289925094,298.4247336160569,0.8019576872398863,"{""type"":""Point"",""coordinates"":[80.24827244149982,21.8486559134961]}"
1438,-0.0,2025-03-01,285.3375003905523,230,0,40,0.2591380250954719,5.607556979043693E-4,0.9274099368611016,299.39993009113135,0.4902272059290181,"{""type"":""Point"",""coordinates"":[83.27577338626268,20.075350972227064]}"
1439,3.7621262629410546,2025-03-01,285.71307005201066,1140,0,30,0.6422939068100358,1.1923429173066324E-4,14.55079709524444,295.8228514080956,0.09326282196362634,"{""type"":""Point"",""coordinates"":[82.43385562703115,18.106045766275297]}"
1440,42.20272845649715,2025-03-01,290.8263861792428,255,0,10,0.7259425998874508,4.7863539856507487E-4,4.373691030808526,298.6023807979765,0.6179082062885061,"{""type"":""Point"",""coordinates"":[83.86886563212447,19.054640224722696]}"
1441,290.49176469857167,2025-03-01,283.18634827931726,327,0,30,0.16622222222222222,1.5030471502086584E-5,2.6475374794815627,298.64933136531283,0.37215253491379413,"{""type"":""Point"",""coordinates"":[81.18110555135759,20.88424043725539]}"
1442,100.39665596128684,2025-03-01,282.1466056732904,467,0,10,0.48875562218890556,2.8776642483308024E-4,2.568050643337683,296.5166060583932,0.3423387776968555,"{""type"":""Point"",""coordinates"":[80.96966119149936,23.455211412737402]}"
1443,313.15719074398373,2025-03-01,282.0077594121297,284,0,40,0.25232678386763185,1.887333075387687E-4,0.6779565731443326,300.3554906845093,0.6651942587781222,"{""type"":""Point"",""coordinates"":[82.60958286026337,20.33804253088848]}"
1444,-0.0,2025-03-01,282.0559074311029,389,0,10,0.40923076923076923,1.5030471502086584E-5,0.0,298.97588107699437,0.39534125328945535,"{""type"":""Point"",""coordinates"":[80.47673688737571,20.96080010221703]}"
1445,347.65097539146797,2025-03-01,283.3133362815493,359,0,40,0.6345238095238095,1.5030471502086584E-5,2.3722900041477835,296.1587598437355,0.47920904198915126,"{""type"":""Point"",""coordinates"":[80.98610382620267,24.00236607418171]}"
1446,107.48498621744257,2025-03-01,284.0601566405523,298,0,10,0.39949195596951736,1.8144814191600744E-5,3.083963861128373,299.8319020498367,0.086040293789791,"{""type"":""Point"",""coordinates"":[80.81483680010493,19.085197013195657]}"
1447,264.965529757185,2025-03-01,286.11081582023985,455,0,10,0.7762863534675615,2.370726744516105E-4,24.757425733679213,297.7254741759528,0.28406145823824697,"{""type"":""Point"",""coordinates"":[81.83617289064021,17.931607155850756]}"
1448,331.79489584546485,2025-03-01,283.2129770460583,337,0,50,0.15208207604103802,1.5030471502086584E-5,1.0523400820634126,298.27984196799144,0.46454116944699564,"{""type"":""Point"",""coordinates"":[81.14216486963109,21.204015982284076]}"
1449,110.56137461410499,2025-03-01,284.36534404754633,680,0,30,0.4729505476269499,3.8432594936921305E-4,7.872600289569801,297.1285154705956,0.26946756992024634,"{""type"":""Point"",""coordinates"":[83.98894679164907,20.3202184379546]}"
1450,125.40959122085039,2025-03-01,284.4706500371297,531,0,10,0.34826254826254827,4.5068082016541666E-4,2.3996903095304556,298.6290676934379,0.515116993074301,"{""type"":""Point"",""coordinates"":[81.34848964965708,18.57846119097267]}"
1451,180.0,2025-03-01,284.70282777150476,223,0,30,0.35475024485798234,0.0013659101406915397,2.7802885155465065,298.2734419958932,0.49157117213250645,"{""type"":""Point"",""coordinates"":[83.64470804361059,21.5621943380731]}"
1452,32.43650478655544,2025-03-01,284.4594428198678,832,0,40,0.24598269468479605,0.0011565935294015617,8.185899355042213,295.7725700650896,0.41710457577389054,"{""type"":""Point"",""coordinates"":[83.05598341512008,19.245316053585018]}"
1453,207.02139257890045,2025-03-01,286.3734471911476,288,0,10,0.4313234444230399,8.792695206238932E-5,16.69022348544107,301.2281015941075,0.7737894678461662,"{""type"":""Point"",""coordinates"":[80.41617480322421,18.06697964798458]}"
1454,262.872158021837,2025-03-01,280.8900487536476,679,0,10,0.7093373493975904,0.005023370353399059,11.072166559816278,294.2848817280361,0.6002342929995702,"{""type"":""Point"",""coordinates"":[84.05816665489463,23.50410886661224]}"
1455,132.7905205369117,2025-03-01,282.95257200513566,284,0,40,0.16962843295638125,3.7547465962006754E-4,0.6826290914047494,298.1437800725301,0.7030150252666034,"{""type"":""Point"",""coordinates"":[82.21690779789992,22.225414173507737]}"
1456,327.43758089159445,2025-03-01,287.74229135967437,998,0,10,0.7304154773231842,1.065236012323112E-4,15.050712109093915,299.21621427081874,0.206012001849094,"{""type"":""Point"",""coordinates"":[81.89708600853722,18.05910319121373]}"
1457,305.32294487508557,2025-03-01,284.0548436755226,578,0,30,0.3927893738140417,2.847861925943107E-4,2.4048025829252446,297.33487824031283,0.4578564525303754,"{""type"":""Point"",""coordinates"":[82.55821666063557,19.116252483861896]}"
1458,180.0,2025-03-01,283.97550378526955,259,0,40,0.6459400146305779,5.8959094701549475E-5,0.463735342881014,298.3299198604765,0.6296921982537523,"{""type"":""Point"",""coordinates"":[81.75399879602824,21.725990225888705]}"
1459,285.0755703900423,2025-03-01,288.77321583884105,497,0,30,0.4371917609515521,0.007138947812734386,3.561405874320173,296.3030295144944,0.2521961381401602,"{""type"":""Point"",""coordinates"":[84.29367578424173,19.47743760680061]}"
1460,238.268201848081,2025-03-01,284.00589348021003,240,0,40,0.23450413223140495,4.060369412286491E-4,1.7629227829425547,298.3702553794497,0.38916602219896,"{""type"":""Point"",""coordinates"":[82.79026638573607,21.940494803513]}"
1461,50.391849625475146,2025-03-01,291.3975764229184,71,0,80,0.20965001698946653,9.726982991082878E-4,5.078497282028361,299.3274668284825,0.6872123615661697,"{""type"":""Point"",""coordinates"":[83.82075548201853,18.96341875898689]}"
1462,216.11293659365342,2025-03-01,285.6891326450166,325,0,30,0.3022382219439662,1.2304898899628824E-4,3.4401249291687983,296.15353407178605,0.5291276641682141,"{""type"":""Point"",""coordinates"":[82.72966869311885,23.964867937823826]}"
1463,167.7316016194121,2025-03-01,281.7435295014155,507,0,40,0.31898238747553814,3.712889355256266E-5,2.3715625551711907,295.3729002362206,0.8831171266927818,"{""type"":""Point"",""coordinates"":[81.90594610954642,23.1153957073594]}"
1464,245.05724493542715,2025-03-01,282.0943828310285,307,0,40,0.4758203799654577,1.5030471502086584E-5,1.099536975650172,298.7608455022176,0.5625951199671989,"{""type"":""Point"",""coordinates"":[80.52102432992696,21.53625204460928]}"
1465,345.0699013125193,2025-03-01,281.65602252596904,385,0,50,0.3331515812431843,3.227111500336832E-5,1.9190744349528743,298.8997208277384,0.12566247679831863,"{""type"":""Point"",""coordinates"":[81.4547248678081,20.3499605729557]}"
1466,349.6605841214683,2025-03-01,282.7923343749273,361,0,30,0.38231098430813126,7.482883137299723E-5,2.8261068034668226,295.1394552957444,0.35177712410495,"{""type"":""Point"",""coordinates"":[82.0764856218906,24.001819752688576]}"
1467,180.0,2025-03-01,284.52858111971904,300,0,40,0.7335549092923418,2.957236449105949E-4,0.9274099368670311,295.80151816776817,0.455991965633421,"{""type"":""Point"",""coordinates"":[82.63010221192953,24.10158743531391]}"
1468,180.0,2025-03-01,282.35288706279937,327,0,10,0.5818219720658745,4.246350925996012E-5,2.7802885155465065,300.0898540587652,0.11759620716151523,"{""type"":""Point"",""coordinates"":[80.55119517555562,19.87956578029517]}"
1469,140.3826962448958,2025-03-01,280.61948281242735,636,0,10,0.5683563748079877,9.3142358480236E-5,5.402080589736593,298.16362521761937,0.11100302564972704,"{""type"":""Point"",""coordinates"":[81.28013538900157,20.016690491487704]}"
1470,213.31592957399175,2025-03-01,293.0888373511178,38,0,40,0.306216423637759,0.0037194889466150016,4.430736251319541,299.1375835509527,0.9180355139122788,"{""type"":""Point"",""coordinates"":[83.32887610846052,18.02953415273036]}"
1471,132.9943790910101,2025-03-01,283.8934376580375,310,0,40,0.1753875968992248,2.8054086385509436E-5,0.6800199440534764,298.1277656101045,0.5678034888213156,"{""type"":""Point"",""coordinates"":[81.78350503839766,21.19896405343171]}"
1472,90.0,2025-03-01,280.92111855461485,330,0,30,0.17061195861827108,2.0827023206493323E-5,1.4953466676126692,298.7095120293754,0.5465764300620413,"{""type"":""Point"",""coordinates"":[80.60395217507872,21.53915205069429]}"
1473,18.476654567569057,2025-03-01,286.0708348864601,238,0,10,0.5175960147838663,4.3266531628205485E-4,19.284168975009866,300.652784211295,0.6714568483999006,"{""type"":""Point"",""coordinates"":[80.82194876870852,18.392354904655775]}"
1474,115.21936025629141,2025-03-01,284.5552796409243,239,0,40,0.5002275830678198,6.067704836709709E-4,1.0882563148446496,299.8523749851046,0.2578354165217653,"{""type"":""Point"",""coordinates"":[82.83195108882938,19.61763521018903]}"
1475,256.98524207194254,2025-03-01,282.0425959541684,471,0,30,0.2768995410504844,1.0315593880250162E-4,4.111412757950884,296.9417188281104,0.7328740557390827,"{""type"":""Point"",""coordinates"":[81.35200592285626,22.397909771831333]}"
1476,227.01325914124044,2025-03-01,280.93722021012076,403,0,40,0.20822308162019132,1.5030471502086584E-5,2.0395854605126824,299.2471968787057,0.5098262087191896,"{""type"":""Point"",""coordinates"":[80.57441651154939,21.238430773255505]}"
1477,32.73325404594381,2025-03-01,283.2160927454631,298,0,40,0.4815189873417722,1.5030471502086584E-5,2.7543377808974676,298.60147980281283,0.4127840859481072,"{""type"":""Point"",""coordinates"":[81.11759172775892,21.028051304463773]}"
1478,199.4630630222266,2025-03-01,283.7539054779779,208,0,10,0.36808009422850413,1.5030471502086584E-5,2.9485040246070784,300.4243674051194,0.15845948666588563,"{""type"":""Point"",""coordinates"":[80.40580458367327,19.397851519956305]}"
1479,132.61031654410368,2025-03-01,278.96337232135585,1109,0,10,0.3391226231471777,0.0012319188992364616,1.3697231940652697,293.0823496409825,0.9192688825265778,"{""type"":""Point"",""coordinates"":[83.64373625196889,23.09143465477635]}"
1480,144.21959840063516,2025-03-01,282.3057388578142,337,0,30,0.43583607538139396,1.5183803242280192E-4,1.7143881981548457,297.5879009337652,0.7396816722243659,"{""type"":""Point"",""coordinates"":[81.94604383578144,22.328368016536455]}"
1481,259.2453521848417,2025-03-01,294.6551505951655,50,0,10,0.571711629324798,0.0011202495972497672,2.4836318568701965,299.6341074534825,1.885097426510399,"{""type"":""Point"",""coordinates"":[83.6977811887828,18.250035787569455]}"
1482,286.12261162448334,2025-03-01,281.91514292217437,357,0,30,0.4049429657794677,0.0016881179491861076,8.291571689844595,298.6956773939587,0.6359940627785192,"{""type"":""Point"",""coordinates"":[83.20764663528257,22.332005438558838]}"
1484,295.1292769025984,2025-03-01,285.1931958425613,225,0,10,0.5149844987943507,4.0667769115998453E-4,6.523863924495173,299.3986686979021,0.351689972142275,"{""type"":""Point"",""coordinates"":[83.33168520639181,20.262893537260158]}"
1486,221.69233813277864,2025-03-01,279.90234879085,510,0,10,0.6311475409836066,1.22095314679882E-4,10.44052185628034,297.43551649366105,0.7564808760789518,"{""type"":""Point"",""coordinates"":[80.58495437806758,22.397899773581738]}"
1487,121.35598541186398,2025-03-01,282.8957163038708,408,0,30,0.2703601108033241,3.639873665406412E-5,1.781849087765025,295.91759540921163,0.40667464471999376,"{""type"":""Point"",""coordinates"":[81.32673331217335,23.932496872716605]}"
1488,180.0,2025-03-01,282.59697537195115,242,0,40,0.2796826296401247,1.5030471502086584E-5,1.3909630807829783,299.6263182049706,0.4383132663683145,"{""type"":""Point"",""coordinates"":[80.22054144872489,20.553433373649682]}"
1489,314.91963976929975,2025-03-01,289.2856902622041,588,0,10,0.6139130434782609,7.195275704248161E-4,12.286521182953873,296.6580099832444,0.5745701061418046,"{""type"":""Point"",""coordinates"":[84.1294192108689,19.14114535155916]}"
1490,340.3495099883943,2025-03-01,283.5045623325166,305,0,40,0.1781964175416924,1.4250990551545328E-4,1.4769432300325998,298.804145585923,0.5470868012984129,"{""type"":""Point"",""coordinates"":[82.57955752842018,21.012177437445075]}"
1491,151.9463437717279,2025-03-01,281.93283149174283,253,0,40,0.23736600306278713,1.5030471502086584E-5,1.0508543877397838,300.21219757625033,0.20913947152805454,"{""type"":""Point"",""coordinates"":[80.33264070971785,20.241546053622105]}"
1492,199.9283875136728,2025-03-01,281.3243284225464,576,0,30,0.3273067331670823,5.201515358521647E-5,10.24824820834168,296.71116288503015,0.5828930018772315,"{""type"":""Point"",""coordinates"":[80.31401789441799,23.161831420092184]}"
1493,7.58327767598679,2025-03-01,285.33763408660894,588,0,40,0.3551694673882085,6.346952597482414E-4,11.087583397761206,296.24322087424144,0.33774063701133805,"{""type"":""Point"",""coordinates"":[84.073163496833,20.12905395778915]}"
1494,226.4889305108003,2025-03-01,285.4571932383946,1031,0,30,0.4411648957103503,0.0018047344366891593,15.130189162388197,294.9014472507296,0.10150675839929552,"{""type"":""Point"",""coordinates"":[82.84626782834792,18.317255500352832]}"
1495,346.82774897401094,2025-03-01,286.7454012462071,127,1,10,0.36009607136730143,3.2215830486848063E-4,4.278518946127731,300.8470213299705,0.7028625707321597,"{""type"":""Point"",""coordinates"":[80.62900776436709,18.283330611950607]}"
1496,75.64599858983216,2025-03-01,281.71140757061187,403,0,10,0.5315384615384615,1.5030471502086584E-5,16.374567265144318,299.67562879834855,0.12445660573739817,"{""type"":""Point"",""coordinates"":[80.58495889149407,20.231681232409567]}"
1497,60.12157179134011,2025-03-01,280.8354077566238,809,0,10,0.5948304800268547,0.0068283778111322135,9.228501118504818,294.24527281806587,1.179430585946201,"{""type"":""Point"",""coordinates"":[84.08906134819802,23.184859323539666]}"
1498,340.0030792553634,2025-03-01,281.53711441584994,572,0,10,0.5615397323641169,6.968927065713615E-4,1.4801645373661902,295.61773259299144,0.6325400763234367,"{""type"":""Point"",""coordinates"":[82.36219883454135,23.654700917222538]}"
1499,15.027363827056035,2025-03-01,285.6131758462815,177,0,10,0.3731242623503625,0.0016141038815362663,1.9199456136303625,299.31034792037235,0.5758477855355093,"{""type"":""Point"",""coordinates"":[83.65759690659313,21.372534270943873]}"
1500,-0.0,2025-03-01,284.4476194381714,155,0,40,0.2771838331160365,8.250292938782877E-5,0.0,300.01873356955394,0.16714825656284973,"{""type"":""Point"",""coordinates"":[83.554612159623,20.76929828611513]}"
1501,270.0,2025-03-01,284.1875689824422,134,0,40,0.2646570140042725,1.5030471502086584E-5,0.49078962479419347,301.0058580580212,0.3144880357560499,"{""type"":""Point"",""coordinates"":[80.21541021908226,19.11275178210739]}"
1502,289.5860887406623,2025-03-01,285.49829605647494,686,0,10,0.6103522645578721,2.9652830761506266E-4,8.243021790800055,296.0698170888992,0.10544922300913054,"{""type"":""Point"",""coordinates"":[82.45500072669479,18.409135698897842]}"
1503,312.65166641981807,2025-03-01,280.7880386625017,487,0,40,0.4819514329468388,1.8710908096863932E-4,4.780065927124071,296.5779551097325,0.8615092246066196,"{""type"":""Point"",""coordinates"":[80.53617335947362,22.8962560371136]}"
1504,47.61154739021009,2025-03-01,283.1841219493321,364,0,40,0.5947249919588292,2.0678011594554846E-5,2.062787134751545,295.823450133914,0.4291333196032053,"{""type"":""Point"",""coordinates"":[81.61056719126678,24.11089775235604]}"
1505,131.40236739478246,2025-03-01,286.4358658109392,649,0,30,0.3565217391304348,3.453147093637199E-4,62.35556290641991,300.8067497525897,0.7722560295833304,"{""type"":""Point"",""coordinates"":[80.77216314261948,18.283874016787806]}"
1506,41.020081108715644,2025-03-01,280.7465696334839,732,0,10,0.6355555555555555,2.0612296265198893E-4,9.141475152814829,296.1750591368902,0.6867944603354301,"{""type"":""Point"",""coordinates"":[80.55955775579405,23.126060147056435]}"
1507,-0.0,2025-03-01,281.3901359467279,572,0,30,0.20807185923464994,2.0871726690074865E-5,0.9274099368670311,296.86054788317,0.887602207081205,"{""type"":""Point"",""coordinates"":[80.32466754370546,22.881276892749614]}"
1508,47.315950186498576,2025-03-01,280.1241272971744,749,0,40,0.4047791455467053,2.1787997883393473E-4,0.6840032159219858,295.56180695125033,0.7751972587600905,"{""type"":""Point"",""coordinates"":[81.00064538509586,22.741398448533385]}"
1509,278.83994031177315,2025-03-01,282.0086662201654,385,0,40,0.23363895036357887,1.5030471502086584E-5,6.013242233489983,298.8358373641968,0.4548221730183474,"{""type"":""Point"",""coordinates"":[80.55174514450098,21.071444224394895]}"
1510,226.5618421968901,2025-03-01,285.75565515245705,175,0,30,0.43254237288135594,1.06836525617382E-4,1.348688792999839,300.36529118674144,0.3279553633139963,"{""type"":""Point"",""coordinates"":[80.71282913812963,18.75312105030006]}"
1511,133.20778235158508,2025-03-01,285.2174064545405,581,0,10,0.5096219931271477,5.307447592599601E-4,2.707385636040306,296.9770785286313,0.30756069417306175,"{""type"":""Point"",""coordinates"":[83.96003216012691,20.06292408901047]}"
1512,312.5216401494564,2025-03-01,282.136741229466,493,0,30,0.436241610738255,1.5030471502086584E-5,0.6861145587725744,296.3381101971581,0.3245265456797552,"{""type"":""Point"",""coordinates"":[80.62871887159525,23.504634092373756]}"
1513,167.99116398782482,2025-03-01,284.88979298727855,309,0,10,0.5834328952608523,3.833722750528068E-4,2.3692554860084964,298.59716665177115,0.4168625910597856,"{""type"":""Point"",""coordinates"":[83.27670436338886,19.912177531719262]}"
1514,64.56016578023547,2025-03-01,287.8978205635434,132,0,10,0.4089661482159195,2.5368746918275065E-4,2.1581284509868026,301.1045606249854,1.0050419420029375,"{""type"":""Point"",""coordinates"":[80.73579921479786,17.940733152803602]}"
1515,155.01391659706707,2025-03-01,290.6642128626505,449,0,10,0.6183206106870229,0.0028715830723626823,16.88863151663287,298.284620148795,0.6910162684751243,"{""type"":""Point"",""coordinates"":[83.67957740236926,18.789949205187607]}"
1516,53.96455107914673,2025-03-01,281.59453977857316,361,0,30,0.17032316795630406,1.5030471502086584E-5,5.501131865374845,299.37712038130985,0.29759025659916777,"{""type"":""Point"",""coordinates"":[80.73726100406152,20.71634156925746]}"
1517,115.19851812233625,2025-03-01,280.9803168433053,611,0,30,0.5746606334841629,2.5073854146739905E-5,1.0890973597659044,297.9443229947771,0.46185207783539317,"{""type"":""Point"",""coordinates"":[82.14411208340562,19.76916920174311]}"
1518,268.41187796130106,2025-03-01,283.2731112071446,248,0,10,0.5799120234604106,1.5030471502086584E-5,16.280238460185032,300.2608687537057,0.15704778418231694,"{""type"":""Point"",""coordinates"":[80.3873222063159,19.498715103196982]}"
1519,304.78399980503366,2025-03-01,283.04002085186187,314,0,40,0.22357894736842104,3.419172446115226E-4,2.4372228029061747,297.7842771893456,0.6513329522651604,"{""type"":""Point"",""coordinates"":[82.8146018434806,22.159300452483272]}"
1520,169.69876750801592,2025-03-01,282.044938541594,490,0,10,0.33765532144786603,1.8083569210602946E-4,2.8257644198656786,296.4095213299707,0.2794413103273867,"{""type"":""Point"",""coordinates"":[80.93855975202655,23.50976044445068]}"
1521,83.06038120511106,2025-03-01,283.96184934888566,785,0,10,0.7733419188667096,2.4947044056489176E-4,31.08598799844471,298.53227174849735,0.30255680164199933,"{""type"":""Point"",""coordinates"":[81.24812395529756,18.79569817594673]}"
1522,294.6782988100277,2025-03-01,281.4377143042429,529,0,40,0.3299571484222828,1.6284999054505533E-4,5.536238517314694,295.7340016592117,0.8755257204158341,"{""type"":""Point"",""coordinates"":[82.57000890292463,23.222644178771688]}"
1523,23.592168752987927,2025-03-01,281.8743423734392,460,0,10,0.6569200779727096,9.134065787179679E-4,2.528565822811603,295.61085596538726,0.35407970970818753,"{""type"":""Point"",""coordinates"":[83.58464222903706,23.66555143800829]}"
1524,180.0,2025-03-01,280.71799936748687,523,0,10,0.4024592888002659,3.071379343850822E-4,9.646463364773247,298.55857499440515,0.44871071664690226,"{""type"":""Point"",""coordinates"":[82.22513711422992,20.023271492769798]}"
1525,226.82937492976725,2025-03-01,285.38811888013566,185,0,50,0.19503348214285715,4.4857975643708414E-4,0.6777871182691731,299.3528109505063,0.5808734588181163,"{""type"":""Point"",""coordinates"":[83.47927876242127,20.26578769942908]}"
1526,67.32652534162351,2025-03-01,281.5839022227696,336,0,10,0.3650114591291062,1.5030471502086584E-5,4.800881586595879,299.36787210192,0.10657572656519523,"{""type"":""Point"",""coordinates"":[80.93834872760677,19.95258795448119]}"
1527,103.35367645924553,2025-03-01,285.9539205914452,179,0,40,0.360551724137931,2.0999726456238932E-4,2.007070819588302,300.63494450705394,0.6215853968424458,"{""type"":""Point"",""coordinates"":[81.49100491832492,18.283102011790742]}"
1528,193.7318621331449,2025-03-01,284.4594428198678,919,0,10,0.49568788501026695,0.0011565935294015617,18.001543141876567,295.7725700650896,0.41710457577389054,"{""type"":""Point"",""coordinates"":[83.0508377318338,19.201459934007698]}"
1529,270.0,2025-03-01,282.6382758276803,335,1,40,0.2587991718426501,2.3023304146363444E-4,3.4678599509729207,298.93785908108663,0.4188592054141119,"{""type"":""Point"",""coordinates"":[82.44928867872899,20.78128502758471]}"
1530,-0.0,2025-03-01,281.2693967819214,651,0,40,0.4288466169034433,1.704048792703361E-4,0.4637353428839794,297.9337261290778,0.4521747502514171,"{""type"":""Point"",""coordinates"":[82.0656972677161,19.692316571194933]}"
1531,312.8363223809507,2025-03-01,283.7249515624274,251,0,40,0.23595166163141995,4.7090169590546793E-4,0.6820403874380624,298.3387728645688,0.4131089738638304,"{""type"":""Point"",""coordinates"":[82.86212664829299,21.999264595017713]}"
1532,119.68031205046196,2025-03-01,287.58411729903446,68,0,80,0.03132938187976291,1.7067310017182535E-4,2.80742059930709,301.49306973956885,0.7802112272399176,"{""type"":""Point"",""coordinates"":[80.61587325074844,18.214485047609333]}"
1533,237.84217592990046,2025-03-01,282.0370039712815,608,0,30,0.3294281729428173,1.6703721684052653E-4,1.7420375328331335,297.700385820298,0.3518317734930746,"{""type"":""Point"",""coordinates"":[81.81573617227485,19.428703595537332]}"
1534,240.87420307075922,2025-03-01,280.9719230561029,713,0,10,0.46385760988013075,4.800674122407145E-5,5.697823347168055,297.6352525892712,0.7115370757021314,"{""type"":""Point"",""coordinates"":[80.42766513211537,21.776280571417395]}"
1535,47.12658429198945,2025-03-01,284.0920751208351,232,0,40,0.33911060433295326,5.889635960443229E-4,0.6815646790202607,298.72452086494076,0.3843971112516544,"{""type"":""Point"",""coordinates"":[83.35666799108719,21.814465814670637]}"
1536,232.917461862759,2025-03-01,279.779540243603,948,0,10,0.6209708737864078,1.4596697491242594E-4,17.15754819476845,294.82777491069976,0.4701648556678156,"{""type"":""Point"",""coordinates"":[81.13904904134061,23.055287943775717]}"
1537,255.11607958845013,2025-03-01,282.25928819747196,473,0,10,0.6890286512928022,8.396607319696159E-4,15.833135045144955,295.5219771521432,0.6709997227886179,"{""type"":""Point"",""coordinates"":[83.05640300907746,23.728522171099517]}"
1538,157.19119279249614,2025-03-01,287.6760943730672,164,0,10,0.4447653429602888,2.2740182083680338E-4,2.513810326693124,301.41021306174144,0.9415602847837646,"{""type"":""Point"",""coordinates"":[81.1231280465702,17.982253259342837]}"
1539,151.69177056524018,2025-03-01,280.28850950513566,473,0,40,0.20654003366193796,1.3471659821107096E-4,2.106005139068125,298.5462284542265,0.6391978297504994,"{""type"":""Point"",""coordinates"":[80.72159755204416,21.831573253675263]}"
1540,287.1450123316111,2025-03-01,282.21151801518033,319,0,10,0.4124113475177305,0.0014676254670007438,4.70876737867029,298.2815625781105,0.6687383932631157,"{""type"":""Point"",""coordinates"":[83.3743182737809,22.256642243420742]}"
1541,40.83957597279915,2025-03-01,282.74208790915355,363,0,10,0.392846757778424,4.150983494355387E-5,3.0619777720684462,297.66922882625033,0.6974224749772585,"{""type"":""Point"",""coordinates"":[81.3560233118043,22.25391381544119]}"
1542,133.37314517539568,2025-03-01,282.4600008555821,554,0,40,0.2509586706433745,3.8629290264680094E-4,2.0249922026370917,297.45700668153313,0.3931456896833037,"{""type"":""Point"",""coordinates"":[81.74642291637093,19.132264569162384]}"
1543,316.52987460246976,2025-03-01,281.66281777336485,567,0,30,0.21858500527983105,0.006117562619863293,5.0985213146051,296.6921257291521,0.8312894729878134,"{""type"":""Point"",""coordinates"":[84.05676218413905,22.628108276613403]}"
1544,124.84428571943884,2025-03-01,283.93463929494226,217,0,40,0.41648205582631814,4.337381998880119E-4,2.4335422558097375,298.4444101878575,0.36491605181924186,"{""type"":""Point"",""coordinates"":[83.24379916895029,21.84159926433962]}"
1545,140.8294052820602,2025-03-01,282.42382735297787,392,0,30,0.2805167413656736,9.424504440858072E-5,2.391305813470023,295.84743985675635,0.9023320680096503,"{""type"":""Point"",""coordinates"":[82.35134585473307,22.992694089318224]}"
1546,232.87585157841684,2025-03-01,282.6541042782011,664,0,40,0.250523795270877,2.771567980630607E-4,3.0705390529319643,297.3594608761015,0.47751315587528753,"{""type"":""Point"",""coordinates"":[81.70220930997831,18.880728258244552]}"
1547,12.3426794315167,2025-03-01,281.63615994226365,551,0,10,0.5388866956178444,3.228601616456217E-5,2.3722325685950443,295.64749449775326,0.4519125342448864,"{""type"":""Point"",""coordinates"":[81.85297507573578,23.934694293604448]}"
1548,42.97473642821956,2025-03-01,281.64191468556726,566,0,10,0.6462912087912088,0.0010629695336206169,20.61243988300344,295.5689916610718,0.4744323296920519,"{""type"":""Point"",""coordinates"":[83.40658481045959,23.72661423848686]}"
1549,270.0,2025-03-01,282.4227694102696,281,0,10,0.6205071050431875,1.5030471502086584E-5,1.994566870738536,298.49345338912235,0.6523524344046571,"{""type"":""Point"",""coordinates"":[80.26411410061782,21.62072113707429]}"
1550,9.400213865776559,2025-03-01,288.17011292775476,1096,0,10,0.7787259981712893,0.004019091693578503,22.70476121504859,297.3870138894944,0.33981937337780715,"{""type"":""Point"",""coordinates"":[83.06353948799656,18.646477617271067]}"
1551,290.6653303119048,2025-03-01,288.92387966882615,217,0,10,0.46999306999307,6.371539513452262E-4,5.241593348695709,298.4974177678426,0.4934045342402245,"{""type"":""Point"",""coordinates"":[83.82122089519581,19.447928492816278]}"
1552,270.0,2025-03-01,283.1500701450166,381,0,30,0.3034934497816594,1.5030471502086584E-5,2.0304590627390664,295.9813277380807,0.6000576184129475,"{""type"":""Point"",""coordinates"":[80.40624181913138,24.049181027764142]}"
1553,203.60954192801879,2025-03-01,282.90805703117735,398,0,40,0.7427848101265823,1.6311971364757483E-5,2.5289003908770473,296.3249382291521,0.5197687907402436,"{""type"":""Point"",""coordinates"":[80.25321707804203,23.77380347503064]}"
1554,244.847399762541,2025-03-01,281.8059481212071,358,0,10,0.4557823129251701,1.7995802579662268E-5,1.0909553933450036,300.20439088912235,0.15323557865419726,"{""type"":""Point"",""coordinates"":[80.32780604634276,20.097632520446737]}"
1555,22.170344257417668,2025-03-01,282.3284439359393,496,0,10,0.5252451870686524,7.935878437592692E-5,3.9996452199779244,295.9483629408337,0.8545852254980179,"{""type"":""Point"",""coordinates"":[82.64240354570548,23.034302529174987]}"
1556,69.50533674265903,2025-03-01,282.0981844493321,738,0,10,0.6842105263157895,7.499274414612955E-5,25.895019234208476,298.7053267615182,0.2754227517883118,"{""type"":""Point"",""coordinates"":[81.30150900949505,19.378792104008408]}"
1557,340.4719018922901,2025-03-01,280.57931005387076,645,0,10,0.5368171021377672,1.4039394062592692E-4,1.4758213862454173,297.562446367173,0.34584146064579835,"{""type"":""Point"",""coordinates"":[81.84320779701487,19.97551220622543]}"
1558,180.0,2025-03-01,287.05314050401955,174,0,40,0.5992307692307692,3.6693629425599283E-4,0.463735342881014,300.33677323659265,0.23197144761927743,"{""type"":""Point"",""coordinates"":[81.89281648669883,18.344286332450398]}"
1559,256.7576972998917,2025-03-01,281.6045321055821,601,0,40,0.3030474040632054,4.776817242486686E-4,2.0236320232536964,297.77291883741105,0.3313826578884238,"{""type"":""Point"",""coordinates"":[82.3535990871081,19.727624802698667]}"
1560,294.9768621792798,2025-03-01,284.15497620900476,290,0,40,0.346113719353156,9.989258450104899E-5,1.098131991452641,298.32633331843783,0.6352921886904132,"{""type"":""Point"",""coordinates"":[82.79098917246417,21.309153975282303]}"
1561,108.47973653560769,2025-03-01,285.9095218749273,252,1,10,0.39580209895052476,1.6744105039379065E-5,8.71063276373183,300.83092548733663,0.4200677509550978,"{""type"":""Point"",""coordinates"":[80.37868744428542,18.754967390652414]}"
1563,12.267118691986283,2025-03-01,280.5647546223232,703,0,40,0.38450419196299507,0.0011281621138437004,2.3715510505912074,294.8123010453724,0.7926543218863444,"{""type"":""Point"",""coordinates"":[83.35103930095609,23.10105496984293]}"
1564,226.6097772074688,2025-03-01,284.8926645460583,298,0,10,0.6139367240688827,1.5030471502086584E-5,6.052971339925886,300.2679778961909,0.34466591963428217,"{""type"":""Point"",""coordinates"":[80.42905392913711,19.032876310726447]}"
1565,-0.0,2025-03-01,284.01928052448085,308,0,40,0.21610117961814423,1.7325250325939123E-5,0.0,298.29329876672654,0.4687155401410296,"{""type"":""Point"",""coordinates"":[81.45803472410645,21.102972142686127]}"
1566,276.0262803120064,2025-03-01,287.10058516547787,185,0,10,0.5084570245081118,1.2766834896638102E-4,4.408549962453552,301.3668141592117,0.8712796031708825,"{""type"":""Point"",""coordinates"":[81.11570813191283,18.173988458011195]}"
1567,193.1711926082904,2025-03-01,285.8955884206863,174,0,30,0.28974358974358977,3.833424727304191E-4,4.278500518175481,300.6279981249855,0.30400749577164826,"{""type"":""Point"",""coordinates"":[81.79663294154814,18.26847239873182]}"
1569,345.1894925416325,2025-03-01,290.446299916222,120,0,10,0.3858501783590963,0.0019274902026040763,1.9180119363775845,298.9972550074259,0.6788180896512972,"{""type"":""Point"",""coordinates"":[83.74449775115453,19.00125057069762]}"
1570,107.06776239192357,2025-03-01,281.48027615320115,896,0,10,0.6216312689630555,0.005147348014531872,3.1568800813796947,295.3946752548218,1.0575842406731946,"{""type"":""Point"",""coordinates"":[83.92121393300835,22.91655307074371]}"
1571,257.0184059699889,2025-03-01,281.2202605747042,594,0,30,0.30779816513761465,3.2044467133118815E-4,2.0635194388856375,295.8585831324259,1.002461216095943,"{""type"":""Point"",""coordinates"":[81.95418955242884,22.761840652772253]}"
1572,66.66279881303326,2025-03-01,280.30246039799283,758,0,10,0.692359817042182,6.789964119775505E-4,9.283150279072533,295.27224454425635,0.8806137627494672,"{""type"":""Point"",""coordinates"":[82.25889372318903,23.536317015125118]}"
1573,133.14586980743348,2025-03-01,285.173600650969,172,0,40,0.26373626373626374,3.7560877007081217E-4,0.6780994653698275,299.91216037386937,0.4256608950861467,"{""type"":""Point"",""coordinates"":[83.40205119100557,20.399806727736525]}"
1574,24.120542705951227,2025-03-01,284.06943398430235,409,0,10,0.31330182309250504,1.0720905464722819E-4,6.074454329945523,297.956477710179,0.4756869066708621,"{""type"":""Point"",""coordinates"":[82.77173802224473,21.475338998951635]}"
1575,312.61397372047225,2025-03-01,280.6628759020851,644,0,30,0.18324138959296257,2.020117443635172E-5,4.102641284036786,296.41210224514913,0.6903775628807983,"{""type"":""Point"",""coordinates"":[80.41535640053736,23.074761092802287]}"
1576,-0.0,2025-03-01,285.7279742558797,188,0,30,-0.18446601941747573,8.837830702645988E-4,0.0,298.8628614062355,0.41170793580102377,"{""type"":""Point"",""coordinates"":[83.68436195563802,21.701592792040024]}"
1577,226.86083709790748,2025-03-01,281.400645619347,419,0,30,0.3350189633375474,3.7471620260021155E-5,1.3561783417443958,299.5520006361462,0.33752629678777135,"{""type"":""Point"",""coordinates"":[82.22873232623756,20.435451025461965]}"
1578,151.69947324662684,2025-03-01,283.01486274174283,293,0,40,0.7023411371237458,1.5328494725963537E-5,1.0532821128361392,298.50632890065515,0.610386262645545,"{""type"":""Point"",""coordinates"":[81.49717341984609,21.785736548229725]}"
1579,-0.0,2025-03-01,280.68015757061187,485,0,10,0.6231078158789002,4.378062168939323E-4,9.646463364773247,296.193561508542,0.9419020442817851,"{""type"":""Point"",""coordinates"":[82.23586843538737,22.561879335636288]}"
1580,28.28619395855973,2025-03-01,283.3484344028292,274,0,40,0.5103478643769265,1.8264023481151526E-5,1.0531403226212335,298.5960215159825,0.5956822094946183,"{""type"":""Point"",""coordinates"":[81.56275175176468,21.699396449619243]}"
1581,129.9720457428546,2025-03-01,283.0008479072934,329,0,10,0.5761221656640444,3.2272454899384684E-4,7.890414611701848,295.69024235861644,0.3223147394877737,"{""type"":""Point"",""coordinates"":[84.17941442274301,23.868435348820075]}"
1582,28.230892291611074,2025-03-01,281.0034985769363,330,0,10,0.4744408945686901,1.5030471502086584E-5,1.0525942136843602,298.6450065885271,0.5321158581565988,"{""type"":""Point"",""coordinates"":[80.57846467201068,21.363164404153757]}"
1583,284.7351905463116,2025-03-01,280.6956256230672,966,0,10,0.5872382851445663,0.003550316063581249,3.64157458511291,294.31838712238124,1.1406137669935414,"{""type"":""Point"",""coordinates"":[83.82383637893214,22.999608226779486]}"
1584,114.97628149745127,2025-03-01,284.0398406528291,280,0,50,0.0998211091234347,2.1616784749767248E-5,2.1955055288723107,298.4289653868902,0.5389459163911076,"{""type"":""Point"",""coordinates"":[81.63208321498567,21.313365849906976]}"
1585,151.2948164774438,2025-03-01,283.31920146942133,345,0,10,0.5837031060911658,2.1488484543397135E-4,3.1691096956733538,295.8277807235718,0.47377132600255384,"{""type"":""Point"",""coordinates"":[83.44815341192877,24.065973660205707]}"
1586,12.257846928908076,2025-03-01,281.62556888943624,550,0,40,0.28002244668911336,6.633516949250406E-5,2.371467734892553,295.486762773423,0.9753491276065518,"{""type"":""Point"",""coordinates"":[81.89951010985219,22.995098869545618]}"
1587,237.75457999351715,2025-03-01,291.26901313236783,446,0,10,0.6659994280812125,0.0013333660046441764,5.200717771451674,298.21969618116105,0.6627418305049847,"{""type"":""Point"",""coordinates"":[83.98124796755188,18.868340958427893]}"
1588,313.5038974073045,2025-03-01,294.2195514043172,21,0,10,0.4802289281997919,0.004637728301702282,0.6736221152187661,299.5687184560867,1.145881305802679,"{""type"":""Point"",""coordinates"":[83.85287980250033,18.360048454876544]}"
1589,295.41591411747584,2025-03-01,288.1308062871297,87,1,40,0.2598153846153846,6.533679169251627E-5,1.08039516810779,301.59854430244087,0.9130952857957021,"{""type"":""Point"",""coordinates"":[80.74385186706263,18.129818881620764]}"
1590,235.3659524366959,2025-03-01,280.7880386625017,703,0,40,0.22654629742588753,1.8710908096863932E-4,2.446437822868792,296.5779551097325,0.8615092246066196,"{""type"":""Point"",""coordinates"":[80.45228807058669,22.930444850332616]}"
1591,252.4892436421511,2025-03-01,288.8373725073678,340,0,30,0.3688002216680521,0.004644404021917126,3.0795756212075633,298.34680044083365,0.45958407379910693,"{""type"":""Point"",""coordinates"":[83.22444848937299,18.823818789088584]}"
1592,337.91057544312633,2025-03-01,282.6831744511922,308,0,40,0.32754759238521836,0.001251826850591442,3.99735616970723,298.24687135787235,0.7575049804049239,"{""type"":""Point"",""coordinates"":[83.09539984644101,22.481652757995906]}"
1593,144.5173822895077,2025-03-01,282.95795472462976,319,0,30,0.37508747375787266,3.264647404535026E-4,1.70801734484335,298.9901400520688,0.7142678796318305,"{""type"":""Point"",""coordinates"":[82.84557845114819,20.734335691678424]}"
1594,313.14380751144915,2025-03-01,281.52223346346904,444,0,10,0.5741617730630801,1.5030471502086584E-5,8.74743992453094,299.17661117372063,0.01636642606493513,"{""type"":""Point"",""coordinates"":[81.18453912550672,20.41041345313159]}"
1595,186.7150649283696,2025-03-01,282.79661846160883,487,0,10,0.6230172122848464,1.6535488782665198E-5,27.177641187837043,299.8098363876343,0.05299711845925226,"{""type"":""Point"",""coordinates"":[80.76415470902224,19.316849741635693]}"
1596,151.66536162722232,2025-03-01,282.7915438243321,278,0,40,0.516617168717296,1.5030471502086584E-5,1.0536199880811683,298.71062228793187,0.7499654152158365,"{""type"":""Point"",""coordinates"":[81.66617541112053,21.9882150080767]}"
1597,262.4747816542405,2025-03-01,283.06638222648985,357,0,10,0.43773851590106005,5.296882790162272E-5,3.5365556780857297,297.6039502734229,0.7145361860438301,"{""type"":""Point"",""coordinates"":[81.61416120741701,22.37642670969943]}"
1598,115.20581580807287,2025-03-01,282.3036520367577,309,0,40,0.30414088529271777,4.2935725849702067E-4,1.0888027112226157,298.5146645591372,0.23087175648733582,"{""type"":""Point"",""coordinates"":[82.61186574718313,19.715653232788203]}"
1599,313.49781460926954,2025-03-01,287.0037717819214,89,0,10,0.23186470850022253,3.319498699738688E-5,2.692929394276269,302.2732676097325,0.6315269322729389,"{""type"":""Point"",""coordinates"":[80.37338661709795,18.39680073334533]}"
1600,10.28084613859859,2025-03-01,280.8475740977696,544,0,40,0.043191171814933746,1.834135929925651E-4,2.8255821660052316,294.9327379408337,0.6459717003855296,"{""type"":""Point"",""coordinates"":[83.21978033826531,23.24050804537425]}"
1601,57.80105156323498,2025-03-01,282.5773685546149,657,0,30,0.4322436434758312,4.0448722046448893E-4,1.7400526915830759,297.84832922617596,0.2826548792526369,"{""type"":""Point"",""coordinates"":[81.6314672779883,19.168038202152303]}"
1602,171.7995943888268,2025-03-01,284.6177098864601,926,0,10,0.49352983465133,4.612606446130485E-4,25.756026841902166,295.71616776784265,0.29403118193557654,"{""type"":""Point"",""coordinates"":[84.01411408307331,19.79575017850319]}"
1603,47.38095840493681,2025-03-01,281.7435295014155,497,0,80,-0.08644859813084112,3.712889355256266E-5,1.3694965838511064,295.3729002362206,0.8831171266927818,"{""type"":""Point"",""coordinates"":[81.94514706874699,23.050766480941167]}"
1604,248.53336442005752,2025-03-01,281.7587824776059,445,0,30,0.25700865991486865,4.842382351739616E-4,3.7960503756522295,296.6418676376343,0.4565301240678319,"{""type"":""Point"",""coordinates"":[81.17146836655625,23.428506776228694]}"
1605,138.39030554814585,2025-03-01,283.8301994232904,597,0,10,0.3800988875154512,7.385861555917472E-4,3.7162269186549635,297.7377684002831,0.2629130491343024,"{""type"":""Point"",""coordinates"":[83.83953440084852,20.23408947678425]}"
1606,232.66162977709163,2025-03-01,282.12981809888566,520,0,10,0.5590710198586335,8.962255398614616E-4,7.601083695016766,295.6567602157593,0.6143998525737728,"{""type"":""Point"",""coordinates"":[83.24709042341509,23.73390884873569]}"
1607,90.0,2025-03-01,285.0851519902547,224,0,40,0.35129533678756475,4.861455838067741E-4,1.973450109563539,299.1246557235718,0.3925659473123474,"{""type"":""Point"",""coordinates"":[83.17126904738386,20.0158036110106]}"
1608,-0.0,2025-03-01,281.9477647599719,482,0,30,0.3784786641929499,8.444008034302897E-5,1.8543341688414132,295.8439870107742,0.8972915909530419,"{""type"":""Point"",""coordinates"":[82.4828212934636,23.082842112378856]}"
1609,226.90793564345,2025-03-01,282.8780044828142,373,0,10,0.38169934640522873,1.5030471502086584E-5,1.357369082915399,298.44571808406283,0.30981357107715163,"{""type"":""Point"",""coordinates"":[81.8161634863284,20.687214675967287]}"
1610,158.1793571148632,2025-03-01,280.78995109739765,661,0,30,0.338430583501006,1.9292203603527014E-5,3.9898284842347063,298.4120150520688,0.48584682351692776,"{""type"":""Point"",""coordinates"":[82.44132936825568,20.513231102523388]}"
1611,245.31573718650077,2025-03-01,280.7773836680821,719,0,10,0.4415718717683557,0.00824205097359254,2.2197987090430926,293.9646273567563,1.183682709794638,"{""type"":""Point"",""coordinates"":[84.16544650342719,23.1855615907015]}"
1612,227.12569737234514,2025-03-01,284.80343696049283,219,0,30,0.07876890975482524,5.899917761666984E-4,1.3629138083234158,298.56682927267894,0.3666983616128841,"{""type"":""Point"",""coordinates"":[83.88030363263046,21.809845252706538]}"
1613,49.66374550496436,2025-03-01,288.3395523343768,630,0,30,0.5581622678396871,0.001490588156400463,6.421132993308589,296.3736733481997,0.3016738928019186,"{""type"":""Point"",""coordinates"":[84.22112671319637,19.352112067854495]}"
1614,352.1565608909811,2025-03-01,284.6177098864601,817,0,10,0.7143684820393974,4.612606446130485E-4,23.806945295543475,295.71616776784265,0.29403118193557654,"{""type"":""Point"",""coordinates"":[84.00253777384852,19.777557531535038]}"
1615,353.2337908721109,2025-03-01,282.8631700334095,253,0,10,0.4318630678077683,1.5030471502086584E-5,4.195467678230674,299.5882555189587,0.3794320152980935,"{""type"":""Point"",""coordinates"":[80.21655136791715,20.528268242447645]}"
1616,74.87471655068381,2025-03-01,284.85565398988274,810,0,40,0.21145975443383355,3.582042137963981E-4,3.5500015469842556,295.97967106955394,0.2762746520291453,"{""type"":""Point"",""coordinates"":[82.76912626867465,18.910209297250425]}"
1617,76.76575758922797,2025-03-01,282.22893337976365,280,0,10,0.5164567249085737,4.8215357480785315E-5,4.044637816861693,300.3591353552682,0.09930087642225904,"{""type"":""Point"",""coordinates"":[80.29736843637191,19.827749971868137]}"
1618,242.02936726845365,2025-03-01,280.34109855833515,371,0,10,0.6094566947033416,1.0211285751893229E-4,3.948761645996146,298.39352430616105,0.6025113675861472,"{""type"":""Point"",""coordinates"":[80.67633109169115,21.66787948462108]}"
1619,72.92585288508008,2025-03-01,280.96908637455533,611,0,40,0.24728950403690889,0.0028161805550439567,3.1557370430395566,295.1038572674706,1.0883317544923714,"{""type"":""Point"",""coordinates"":[83.6266333642743,22.86300234187419]}"
1620,205.12471693823508,2025-03-01,286.42567003340946,263,0,10,0.4182825484764543,2.4212416809632487E-4,4.599959928672619,299.96184880392894,0.2585232917903861,"{""type"":""Point"",""coordinates"":[82.2004497333016,18.60790518309862]}"
1621,82.95455520176283,2025-03-01,284.4706500371297,631,0,30,0.4410480349344978,4.5068082016541666E-4,11.197754388484011,298.6290676934379,0.515116993074301,"{""type"":""Point"",""coordinates"":[81.31611371022728,18.64451816091218]}"
1622,332.0998408047787,2025-03-01,282.5293600445702,548,0,40,0.20172684458398743,5.16082016645214E-4,1.0493603346142713,298.21001774924144,0.19820997301706597,"{""type"":""Point"",""coordinates"":[82.17183419478557,19.208426057301313]}"
1623,270.0,2025-03-01,283.4552284876505,315,0,40,0.30383351588170865,1.5030471502086584E-5,2.4770894265458483,298.63018376486644,0.29413004681203303,"{""type"":""Point"",""coordinates"":[81.66215353780012,20.693310746902974]}"
1624,64.57992915772999,2025-03-01,288.4785904203142,84,0,40,0.31210028140189305,5.928692024781412E-5,1.0802302832968909,301.3854560397921,0.9400908246139906,"{""type"":""Point"",""coordinates"":[80.78730427728902,18.09806909450686]}"
1626,180.0,2025-03-01,281.8109297525315,586,0,40,0.29583975346687214,1.7313179176881022E-4,1.8543341688414132,295.73837293897355,0.8216858905725551,"{""type"":""Point"",""coordinates"":[82.10018133974849,23.319996457206866]}"
1627,15.235118848187284,2025-03-01,282.0062887555077,563,0,30,0.3141226818830242,1.5030471502086584E-5,1.9218276220530655,296.5119499479021,0.3990808931503313,"{""type"":""Point"",""coordinates"":[80.45467091964112,23.374632608869035]}"
1628,346.0877759909209,2025-03-01,281.1666717075166,518,0,10,0.28502725232446297,1.5030471502086584E-5,18.014589606062856,298.23382146017894,0.525495988855694,"{""type"":""Point"",""coordinates"":[80.68267594713217,21.30741259101288]}"
1629,312.88935009204215,2025-03-01,284.2583465122041,212,0,10,0.2814125807977298,5.688768307550163E-4,0.6813606176758736,298.66671185266404,0.4260822927134462,"{""type"":""Point"",""coordinates"":[83.31278959884266,21.734197072116594]}"
1630,79.39907965573167,2025-03-01,281.4681737536476,416,0,30,0.2712028377942599,1.5030471502086584E-5,2.519181396133541,299.2170455115182,0.2461361216242907,"{""type"":""Point"",""coordinates"":[80.75538409147963,20.64073199793444]}"
1631,180.0,2025-03-01,283.9446258090791,191,0,10,0.5759141494435612,4.76789156778068E-5,0.9274099368670311,300.1884868712652,0.22136221380959545,"{""type"":""Point"",""coordinates"":[83.36683202608293,20.805228728886146]}"
1632,270.0,2025-03-01,283.3968207495553,315,0,40,0.3718657033574161,1.544770401551432E-5,0.49592906077728865,298.7315776915777,0.3190116283827488,"{""type"":""Point"",""coordinates"":[81.40514775508666,20.758898018088573]}"
1633,270.0,2025-03-01,281.6100601468767,473,0,40,0.24683393070489845,3.626745621545524E-4,2.5301181951153553,296.1247545423962,0.53315839995035,"{""type"":""Point"",""coordinates"":[81.6399720204893,23.673248233673053]}"
1634,47.101164019801516,2025-03-01,285.04929819561187,310,0,10,0.2289156626506024,6.63096872983715E-4,17.179052584423797,298.6640728087653,0.34447132823295684,"{""type"":""Point"",""coordinates"":[83.99287143681471,21.686835613668094]}"
1635,143.86348343478545,2025-03-01,283.3738192149571,364,0,40,0.6226308345120226,1.5030471502086584E-5,1.7221309630337442,295.9115209579468,0.3935832122353157,"{""type"":""Point"",""coordinates"":[81.2922690032213,24.07608177503498]}"
1636,-0.0,2025-03-01,283.95835581279937,197,0,40,0.25154215215901304,4.2746631322643225E-5,0.463735342881014,299.57043906620567,0.5818264251739748,"{""type"":""Point"",""coordinates"":[83.06003905763973,20.952979525737167]}"
1637,176.48572052278905,2025-03-01,285.5963475817726,321,0,10,0.5302039245863793,9.361606518609733E-4,15.844986284867645,298.6940672284081,0.4213370510234853,"{""type"":""Point"",""coordinates"":[84.22450119491143,21.492000236731243]}"
1638,175.96087313950994,2025-03-01,285.0724624906267,674,0,10,0.4427390791027155,0.0017285000960214347,13.68093192041851,296.400581132798,0.5139663794690582,"{""type"":""Point"",""coordinates"":[83.17957004767473,19.246372371805563]}"
1639,139.33152428268517,2025-03-01,281.63615994226365,476,0,10,0.6466591166477916,3.228601616456217E-5,8.49681205774929,295.64749449775326,0.4519125342448864,"{""type"":""Point"",""coordinates"":[81.91853619640358,23.86603660603889]}"
1640,12.336716818449128,2025-03-01,284.3611529668172,341,0,40,0.39625486992585146,3.364634196145744E-4,2.3721786249534396,295.9345166796729,0.6142334761235432,"{""type"":""Point"",""coordinates"":[82.76133062874547,23.869496983966627]}"
1641,169.29195435544403,2025-03-01,287.24785427820115,549,0,10,0.4213164049448714,0.003028790322957775,24.763410950481294,297.82792604537235,0.586800654353576,"{""type"":""Point"",""coordinates"":[83.25582433203189,19.20770410374689]}"
1642,47.354534779527896,2025-03-01,280.9287741070703,640,0,10,0.33013937282229966,0.002620528308568737,3.41861596586767,295.0407701673962,1.1090224484048063,"{""type"":""Point"",""coordinates"":[83.6648415925023,22.925325479422895]}"
1643,-0.0,2025-03-01,287.3321874255226,317,0,80,-0.34024179620034545,1.6836342018677897E-4,0.0,298.3633555003575,0.2275680593368866,"{""type"":""Point"",""coordinates"":[81.90415203916811,17.981943604770372]}"
1644,216.9359557393428,2025-03-01,285.24163450513566,893,0,40,0.2445351209559895,5.108517090661735E-4,4.05450596296314,294.75962479909265,0.07899627197991786,"{""type"":""Point"",""coordinates"":[82.74740742840527,18.17694293091626]}"
1645,180.0,2025-03-01,281.6205175036476,638,0,10,0.6291060291060291,7.593881766183586E-4,2.3174627380815918,294.9210366294497,0.5748642440138843,"{""type"":""Point"",""coordinates"":[83.33883910682087,23.55984244070984]}"
1646,-0.0,2025-03-01,285.58041449955533,912,0,30,0.42072015161086546,2.1786507767274088E-4,2.7802885155287553,295.642036210923,0.11234112296303767,"{""type"":""Point"",""coordinates"":[82.70056196083638,18.44824624008326]}"
1647,199.4736637874859,2025-03-01,281.63213162195115,597,0,40,0.3388472473507366,6.60846797643444E-4,1.4753251495667272,298.25088805244087,0.3483200116566745,"{""type"":""Point"",""coordinates"":[82.2090528227012,19.493219764311135]}"
1648,103.31194486159788,2025-03-01,284.95314747946605,308,0,10,0.5595653861078774,2.847131889893717E-5,2.0132435500843635,299.48817530132476,0.3855014192193645,"{""type"":""Point"",""coordinates"":[80.91487299790334,18.83726071804211]}"
1649,25.690948442912312,2025-03-01,287.33949420565654,804,0,30,0.6616822429906543,0.00399766382378175,16.509746556436014,297.3608443396432,0.5692476765791566,"{""type"":""Point"",""coordinates"":[83.27060474882909,19.11576237188947]}"
1650,28.37424825794143,2025-03-01,282.7484936941238,289,0,40,0.32186732186732187,5.2909223256847326E-5,1.0540130645056494,298.0123161588396,0.725293140112836,"{""type"":""Point"",""coordinates"":[81.83180061748187,22.22209301637249]}"
1651,302.3548633166528,2025-03-01,287.92425169263566,80,0,50,0.3526570048309179,5.639609497620768E-5,1.7325765266782833,301.5977653775896,0.8577464810827664,"{""type"":""Point"",""coordinates"":[80.63268902108187,18.144240811465803]}"
1652,321.63099228382214,2025-03-01,286.1354217075166,159,0,10,0.5711917480198931,1.751285473687858E-4,2.364616374340635,300.6721178236462,0.4084522569578677,"{""type"":""Point"",""coordinates"":[80.66437660112464,18.680659962512795]}"
1654,90.0,2025-03-01,281.58473927634105,466,0,30,0.18286085262930102,1.8092509907319254E-4,1.0101177763420157,296.01486219678605,0.397628486784001,"{""type"":""Point"",""coordinates"":[80.95417170605491,23.349211463339774]}"
1655,39.526653971335385,2025-03-01,288.77321583884105,616,0,30,0.6499254102436599,0.007138947812734386,15.818630205113276,296.3030295144944,0.2521961381401602,"{""type"":""Point"",""coordinates"":[84.34179772379433,19.503110876007288]}"
1656,344.08552925508747,2025-03-01,282.07125341324576,778,0,10,0.7222222222222222,5.217906635834879E-5,12.343365788095223,298.4802232923962,0.17287657395981115,"{""type"":""Point"",""coordinates"":[81.23142064519692,19.224401697159685]}"
1657,281.4797781823317,2025-03-01,284.89433865320115,917,0,30,0.49953488372093025,6.955217997415275E-4,6.9559847066233775,295.3940009616671,0.2635093344643108,"{""type"":""Point"",""coordinates"":[82.5239274185372,18.60688460555182]}"
1658,-0.0,2025-03-01,281.655534244719,561,0,10,0.5707671957671958,0.003567154375730297,2.7802885155287553,295.6103734970093,1.0198400986394984,"{""type"":""Point"",""coordinates"":[83.7909517339957,22.77417348421339]}"
1659,-0.0,2025-03-01,286.86121109553744,270,0,10,0.29582395598899724,2.298456112725944E-4,0.0,298.0228490829468,0.3256509002696158,"{""type"":""Point"",""coordinates"":[82.20469461965723,18.419929577416966]}"
1660,336.1764124623067,2025-03-01,288.35381712232316,821,0,30,0.5465722801788375,0.0012015056292398185,6.060575867461851,296.29754797617596,0.4134859286591824,"{""type"":""Point"",""coordinates"":[84.18886879470216,19.32491546944149]}"
1661,-0.0,2025-03-01,281.91526499248687,460,0,40,0.32562417871222077,9.345811287744255E-4,0.463735342881014,295.4544490178426,0.5467966808324876,"{""type"":""Point"",""coordinates"":[83.26310673131412,23.660018272192048]}"
1662,301.3572999865735,2025-03-01,283.2618400482904,394,0,30,0.28062944923192207,1.568612259461588E-5,7.092968946253174,296.1092341740926,0.5506411248150331,"{""type"":""Point"",""coordinates"":[80.45814559036569,23.926204375929117]}"
1663,-0.0,2025-03-01,281.66295146942133,333,0,10,0.5354736424891002,1.5030471502086584E-5,0.463735342881014,299.6933464322771,0.168705176517537,"{""type"":""Point"",""coordinates"":[80.51401308282539,20.212480427715604]}"
1664,213.57297170505694,2025-03-01,283.14247853415355,876,0,10,0.7155457552370452,6.961476485116691E-4,24.999280088540477,298.0851049423218,0.26562310025374586,"{""type"":""Point"",""coordinates"":[83.06592300386832,19.667093639020703]}"
1665,115.00411631223756,2025-03-01,283.77591882433205,324,0,10,0.3936017253774263,1.802843491418571E-4,1.0970121610880352,298.13005588168187,0.4974101291779169,"{""type"":""Point"",""coordinates"":[82.23047524359211,21.125754856242317]}"
1666,340.3562573015565,2025-03-01,283.10703745342437,362,0,10,0.3883082952318746,3.731202761514396E-4,1.4768811642919413,298.32438019343783,0.4297856299178229,"{""type"":""Point"",""coordinates"":[82.298993870075,20.95618439541846]}"
1667,90.0,2025-03-01,291.1129549571446,105,0,10,0.5735537190082645,0.0023768198172433586,0.4898023956902986,299.915229570298,0.6814414348685754,"{""type"":""Point"",""coordinates"":[83.52476240517025,18.77684657525278]}"
1668,35.511070990128715,2025-03-01,284.5897092819214,163,0,30,0.27016854851906397,1.256268898828239E-4,1.7086220432913368,299.8447019940331,0.3200341755183952,"{""type"":""Point"",""coordinates"":[83.55109427336875,20.8926050685153]}"
1669,162.49732522409138,2025-03-01,287.41331186748687,502,0,10,0.5575459023734886,1.8345829647614664E-4,4.85095372121365,299.3596410751343,0.2738085360292061,"{""type"":""Point"",""coordinates"":[81.75146681805307,17.950942294986287]}"
1670,65.21790761486389,2025-03-01,281.9441433407011,420,0,10,0.4081694402420575,0.005830357639013073,1.1062091356403714,296.8696159635271,0.7924200936531598,"{""type"":""Point"",""coordinates"":[84.20566851052507,22.575734573402304]}"
1671,305.31325926657826,2025-03-01,284.2777905691238,374,0,10,0.3025900189513582,4.6695439039012854E-5,19.292771727054163,299.25828202565515,0.4896142165658636,"{""type"":""Point"",""coordinates"":[83.09367726495503,20.76029279979561]}"
1672,237.6965805316412,2025-03-01,294.11780870528446,26,0,40,0.5450127285350613,0.0014476281086786003,1.73503474643397,299.3430860156105,0.8446439373977335,"{""type"":""Point"",""coordinates"":[84.1466128507858,18.4882588312233]}"
1673,159.53208709807097,2025-03-01,284.2041647320702,273,0,10,0.6549393758696084,5.921524445398063E-4,9.803116185026358,298.2406108947028,0.3456183991630923,"{""type"":""Point"",""coordinates"":[83.66964641801763,20.328775788837355]}"
1674,63.12572273763764,2025-03-01,284.30107693445115,660,0,10,0.6146076146076146,6.444257180078239E-4,20.607004346434554,298.3982327325004,0.40013407381440763,"{""type"":""Point"",""coordinates"":[83.2955868784369,19.757364969534233]}"
1675,90.0,2025-03-01,284.89852392105826,193,0,30,0.30058803182289867,1.013677994592399E-4,1.4856641249541056,299.6713854017712,0.21108832413539705,"{""type"":""Point"",""coordinates"":[83.47050021642563,20.571452922521722]}"
1676,226.4556995307368,2025-03-01,287.66082395826066,147,0,10,0.4443273621355813,1.227211634500236E-4,3.3619023235618104,300.2072856993902,0.27135112343877216,"{""type"":""Point"",""coordinates"":[81.77194340897528,18.11512258115819]}"
1678,312.8714194143515,2025-03-01,284.80343696049283,230,0,40,0.26099092812281927,5.899917761666984E-4,0.6815902565973763,298.56682927267894,0.3666983616128841,"{""type"":""Point"",""coordinates"":[83.86115698203035,21.824488272839773]}"
1679,90.0,2025-03-01,289.13915938422787,145,0,80,0.19271758436944939,0.004169980851827404,1.4712575942485673,298.31194646017894,0.6686449039040528,"{""type"":""Point"",""coordinates"":[83.44990430357892,19.020448368898993]}"
1680,252.88733388425567,2025-03-01,281.40613297053744,590,0,10,0.7193816884661117,1.0822233360840983E-4,1.5756194561794077,297.54753635043187,0.8139103247015478,"{""type"":""Point"",""coordinates"":[81.74807557828464,22.53507726966173]}"
1681,19.3049093794377,2025-03-01,287.395762806847,771,0,10,0.7130203720106288,7.658403794152946E-4,4.413616483593968,295.3387670516968,0.339707337632541,"{""type"":""Point"",""coordinates"":[82.40165697499211,17.901615752727277]}"
1682,-0.0,2025-03-01,286.9091382253738,145,0,40,0.2093183779119931,7.033449093682975E-4,0.0,299.2628044400896,0.5375799738132911,"{""type"":""Point"",""coordinates"":[84.22111069609757,20.992758707296616]}"
1683,270.0,2025-03-01,280.97960186004633,519,0,10,0.5206235790841183,2.1300729912354655E-4,2.023975508614692,295.79925114767894,0.608715037065717,"{""type"":""Point"",""coordinates"":[81.9016219170552,23.633907937640892]}"
1684,238.36243921701674,2025-03-01,280.6004689080375,642,0,10,0.4622314622314622,2.4045523804261393E-4,8.771743154331475,296.80355848584855,0.8148634283037588,"{""type"":""Point"",""coordinates"":[80.93198415977362,22.457245422194763]}"
1685,252.94803158470216,2025-03-01,281.3981344586326,515,0,30,0.29736269053955966,2.231251875741691E-4,6.30031994542044,295.619086992173,0.817922433386543,"{""type"":""Point"",""coordinates"":[82.82122661347273,23.049106577520526]}"
1686,85.53158215471142,2025-03-01,281.65602252596904,406,0,40,0.284789644012945,3.227111500336832E-5,5.9310791139138,298.8997208277384,0.12566247679831863,"{""type"":""Point"",""coordinates"":[81.48503967415581,20.320044405890965]}"
1687,112.9292826448005,2025-03-01,287.1909695125761,370,0,10,0.37398879900435594,0.0037518840710504264,24.56291900911936,297.82876309894385,0.5877119453619132,"{""type"":""Point"",""coordinates"":[83.53885208337994,19.57908644982964]}"
1688,321.5569951019908,2025-03-01,283.3423308872041,578,0,30,0.2594272753047916,4.595172087533683E-4,2.367035864814765,297.72920022692006,0.38349341636381595,"{""type"":""Point"",""coordinates"":[82.42350836014806,19.12433944421797]}"
1689,324.3605842694688,2025-03-01,282.7914973213559,283,0,40,0.4616988739051856,1.8725959478160803E-5,1.7113602448844147,298.4124975204468,0.5160128968156976,"{""type"":""Point"",""coordinates"":[81.28762160297286,21.590750921129725]}"
1690,46.54681364144917,2025-03-01,285.6401998883202,310,0,10,0.6291187739463602,8.199628990723795E-5,2.022006812058923,299.8965876897176,0.46009172939568477,"{""type"":""Point"",""coordinates"":[80.90445415123777,18.66398300191854]}"
1691,157.02125204794376,2025-03-01,283.7539054779779,198,0,40,0.26652247055996153,1.5030471502086584E-5,2.516956847256585,300.4243674051194,0.15845948666588563,"{""type"":""Point"",""coordinates"":[80.36280736320077,19.383855944347747]}"
1692,6.880018275097303,2025-03-01,280.9584139415196,744,0,30,0.3852438090375287,0.009884218541799328,4.196461371523862,294.7764646893456,1.00730615156105,"{""type"":""Point"",""coordinates"":[84.30359046372234,22.946850494252207]}"
1693,290.1117016254947,2025-03-01,281.53711441584994,594,0,10,0.27819134270747176,6.968927065713615E-4,2.695369064314747,295.61773259299144,0.6325400763234367,"{""type"":""Point"",""coordinates"":[82.35860245029913,23.729898662079787]}"
1694,51.62819354902059,2025-03-01,279.76072397686187,643,0,10,0.5296,2.9286262196137614E-4,4.4732390279656284,296.5890983854021,0.8953537521456816,"{""type"":""Point"",""coordinates"":[81.06243280929533,22.518098487788773]}"
1695,106.48170482800798,2025-03-01,286.2612645739601,1258,0,30,0.3155080213903743,0.0027181905190332145,15.922818316515386,296.14712828681587,0.34486236097750617,"{""type"":""Point"",""coordinates"":[83.06596746593975,18.777662526866358]}"
1696,218.3887311019772,2025-03-01,283.99916798727855,531,0,10,0.6173979984603541,3.836255947931022E-4,4.722486564767789,298.8240256082444,0.32192776069221674,"{""type"":""Point"",""coordinates"":[81.90891477746138,18.800093813288747]}"
1697,324.58593251745776,2025-03-01,281.43199443817133,443,0,30,0.13078918117821414,6.374236744477457E-5,1.7065639748603711,298.3984478087653,0.15088064928007996,"{""type"":""Point"",""coordinates"":[81.73504912842728,20.347297254643834]}"
1698,230.4945152637559,2025-03-01,283.5355100631714,1102,0,10,0.497116493656286,0.0010733556429727287,14.959249337230686,297.5654981249854,0.24054161742746136,"{""type"":""Point"",""coordinates"":[83.17701311984176,19.560915889318398]}"
1699,8.88035266639067,2025-03-01,283.0390094121297,391,0,30,0.3188769687286008,1.5030471502086584E-5,3.282008900106568,295.9599886848813,0.40155748877606634,"{""type"":""Point"",""coordinates"":[80.9922198666708,23.891197847560456]}"
1700,90.0,2025-03-01,284.8228868302845,309,0,30,0.17837694248904237,2.1786507767274088E-4,5.063687680366847,295.8859733854021,0.5517937890549042,"{""type"":""Point"",""coordinates"":[82.87620500510802,24.014910499921264]}"
1701,-0.0,2025-03-01,282.9622155598232,287,0,40,0.6380705730009711,1.531359356476969E-5,0.0,298.42930253346765,0.46680598570805903,"{""type"":""Point"",""coordinates"":[81.2131608742232,21.413403042831554]}"
1702,33.23453985572978,2025-03-01,282.1303703217279,520,0,10,0.5981665393430099,5.860146683289713E-5,2.769997811817994,295.9937265941075,0.2864209869613825,"{""type"":""Point"",""coordinates"":[80.9897328378538,23.696409893550058]}"
1703,165.22978243274568,2025-03-01,293.2271139508202,52,0,40,0.6580721935739786,0.003179411260305187,1.917656128370697,299.9397192001343,0.8672415133793374,"{""type"":""Point"",""coordinates"":[83.71603179524826,18.52133571738728]}"
1704,226.53876731759695,2025-03-01,285.83859321049283,364,0,10,0.6876314280252341,4.259761971070475E-5,1.3481157468265192,300.3231129873367,0.5355436021734855,"{""type"":""Point"",""coordinates"":[81.0371961306067,18.616305622359558]}"
1705,243.86944503180484,2025-03-01,284.13035869598383,379,0,10,0.5900396968603392,4.5088943642213053E-4,11.428611022764056,299.0234419958932,0.16423094650313516,"{""type"":""Point"",""coordinates"":[83.89181550308986,20.525032428362774]}"
1706,320.9200524302676,2025-03-01,280.99345974695115,368,0,40,0.27267897463142515,5.333822647912712E-4,2.3882340080276934,296.80197157178605,0.9349325195287123,"{""type"":""Point"",""coordinates"":[82.08370074432709,22.551836175603555]}"
1707,132.71999170660445,2025-03-01,280.6236855189006,613,0,40,0.28576062277002917,5.6932536779186194E-5,3.413809002968828,296.6883299237206,0.7452907586980861,"{""type"":""Point"",""coordinates"":[80.65717573157002,22.568842739343904]}"
1708,180.0,2025-03-01,281.5984285899571,571,0,40,0.16190040417905896,4.3536242645814127E-4,0.9274099368611016,295.5483908426194,0.9705344548990467,"{""type"":""Point"",""coordinates"":[82.35497490911517,23.299956152897835]}"
1709,213.01309384210978,2025-03-01,283.0464324497041,361,0,10,0.4207898320472084,3.1512495678498453E-4,2.763031969779362,296.95684392111644,0.9684690705434709,"{""type"":""Point"",""coordinates"":[82.53708351323898,22.563290838717872]}"
1710,27.815869884894834,2025-03-01,285.770530291966,325,0,20,0.17395182872435325,2.4047013920380778E-4,5.228746100446932,300.5082878385271,0.5125792265431595,"{""type"":""Point"",""coordinates"":[80.57577354385772,18.61272237032144]}"
1711,-0.0,2025-03-01,283.9109285899571,252,0,40,0.5832414553472988,2.1987673443391031E-4,0.0,298.4955809002831,0.6279081402915249,"{""type"":""Point"",""coordinates"":[81.89634799903305,21.816275825876964]}"
1712,27.7816900097386,2025-03-01,290.7917298362368,101,0,40,0.3215613382899628,0.001742060152707836,3.141843768285074,299.3497650055659,0.5279674324040237,"{""type"":""Point"",""coordinates"":[83.28751816165574,18.3643109702474]}"
1713,301.4560922812218,2025-03-01,281.01520570119226,633,0,40,0.214514652014652,0.006866450277982494,1.7767605482401003,294.3126440048218,0.8265796533118307,"{""type"":""Point"",""coordinates"":[84.16340684340827,23.41997181405182]}"
1714,270.0,2025-03-01,284.59254596346904,237,0,40,0.1484149855907781,3.157061020715446E-4,1.4982473675184687,298.34413233257476,0.44825936446596354,"{""type"":""Point"",""coordinates"":[82.6175704253529,21.819099554978344]}"
1715,-0.0,2025-03-01,286.7010664712815,159,0,10,0.3939770257683949,2.5416430634095377E-4,1.8543341688295631,301.4538851692563,0.6609467082382984,"{""type"":""Point"",""coordinates"":[80.89248870047086,18.44795606732323]}"
1716,143.0618674002889,2025-03-01,286.86341998690654,171,0,10,0.45819144911085885,9.519856850488395E-4,5.782293869579249,299.41914163317,0.5561919053367402,"{""type"":""Point"",""coordinates"":[83.94971048349755,21.40560574371401]}"
1717,289.19846594950985,2025-03-01,284.6153847376505,287,0,10,0.4061058642653196,6.12328616796276E-4,4.2230580055421205,298.91983917781283,0.3791435235701699,"{""type"":""Point"",""coordinates"":[83.74927511021642,21.789782694300182]}"
1718,107.5523973316276,2025-03-01,286.67650127410894,199,0,20,0.4262023217247098,3.345262686593742E-4,1.537361468370886,301.0195589973813,0.6769016418252352,"{""type"":""Point"",""coordinates"":[81.18005884568753,18.393334023499648]}"
1719,107.33359926337799,2025-03-01,284.4503689266386,385,0,10,0.3806868212503669,1.7961379688813395E-4,3.110009783863309,299.2345190048218,0.14959363891210775,"{""type"":""Point"",""coordinates"":[84.06942586918737,20.556348277572194]}"
1720,107.27289301430989,2025-03-01,282.1849996930077,337,0,40,0.4787234042553192,1.5030471502086584E-5,1.5614500778774816,298.98382727305085,0.43334324726787116,"{""type"":""Point"",""coordinates"":[80.43578133178337,21.11828827288394]}"
1721,154.95772956421564,2025-03-01,284.985839071728,546,0,10,0.7146529562982005,0.0017475586811883659,12.589946384756518,297.78960759299144,0.33354945919600587,"{""type"":""Point"",""coordinates"":[83.33977970549033,19.648987187280962]}"
1722,312.5786930134843,2025-03-01,280.99513966696605,563,0,40,0.29855625170253336,1.6483184498383707E-4,1.3705454270578097,295.1376823697771,0.6375466208002308,"{""type"":""Point"",""coordinates"":[83.09688431195367,23.239968685404005]}"
1723,65.32305796657442,2025-03-01,281.76744365692133,506,0,30,0.2737391304347826,8.277115028931803E-5,4.434181307548134,296.13860080355687,0.6104428418185086,"{""type"":""Point"",""coordinates"":[81.55320532006756,23.23063162308121]}"
1724,320.65562994677794,2025-03-01,282.49009409404937,456,0,30,0.353121801432958,1.2705740135743326E-4,4.786103400613203,296.06280676523846,0.4557508554441051,"{""type"":""Point"",""coordinates"":[81.3640595317263,23.81228670813264]}"
1725,194.78642065646676,2025-03-01,285.90440073467437,427,0,10,0.7061874768432753,1.3990220230652994E-4,11.359864003053112,300.23916930244076,0.4269865543819252,"{""type"":""Point"",""coordinates"":[80.84217141653241,18.71601180212144]}"
1726,208.48379854949715,2025-03-01,281.23892570677265,583,0,10,0.33430571761960326,1.291286627633781E-4,1.055104364388217,295.6385659263247,1.0385754481858953,"{""type"":""Point"",""coordinates"":[81.89743166619611,22.852532234187763]}"
1727,2.1357361742319707,2025-03-01,281.3854914619809,437,0,10,0.67368117613145,1.8606599968506998E-4,13.218352431214594,297.6397575650896,0.7715776870821127,"{""type"":""Point"",""coordinates"":[81.93454329911768,22.384959327068707]}"
1728,61.832701455113984,2025-03-01,283.4766372953142,258,0,40,0.25676392572944295,1.0866936844422526E-4,3.923505054009147,299.48592571985154,0.328835228846817,"{""type"":""Point"",""coordinates"":[83.0414037883323,20.43728767986386]}"
1729,23.451331201570618,2025-03-01,280.304460025969,787,0,30,0.3360527141512394,3.693055788858146E-4,2.525865426580614,294.98154862721765,0.7511669937791189,"{""type"":""Point"",""coordinates"":[81.14749068666342,22.768403170425117]}"
1730,119.19541635479226,2025-03-01,281.90381363459994,306,0,50,0.35937044593413,1.5030471502086584E-5,2.8497703526982363,299.04364172617596,0.5373423789134765,"{""type"":""Point"",""coordinates"":[80.38334485748352,21.362534116995914]}"
1731,61.07094716615749,2025-03-01,280.31348160334994,804,0,30,0.39959704499664206,0.007656390635190746,11.353361176629072,294.3369185583932,1.0148532495011189,"{""type"":""Point"",""coordinates"":[84.0563051411801,22.905102778931663]}"
1732,227.4065926148934,2025-03-01,281.12384827931726,540,0,40,0.2532648255191608,1.2565669220521158E-4,0.685179293188209,295.4136019661313,0.7448199191382352,"{""type"":""Point"",""coordinates"":[82.91994770655245,23.170778239272405]}"
1733,337.45392699089217,2025-03-01,280.8516954240345,590,0,10,0.43263196751568844,3.728967587335319E-4,16.59222142216055,296.51456574031283,0.8407399293647888,"{""type"":""Point"",""coordinates"":[80.55925766178241,22.929087718627425]}"
1734,245.1197934017253,2025-03-01,283.4319828124274,217,0,60,0.12463590372527977,5.878311077935905E-4,3.3031154276239705,298.3193171819051,0.3940270498627423,"{""type"":""Point"",""coordinates"":[83.21275290769582,21.947301632391465]}"
1735,245.39078400597543,2025-03-01,282.52684307098383,417,0,40,0.3361188486536676,1.5030471502086584E-5,2.2261383120898506,296.16637470608663,0.3047474333146855,"{""type"":""Point"",""coordinates"":[80.68774707178582,23.643227913023896]}"
1736,119.04401998918338,2025-03-01,282.1001375743321,378,0,40,0.33608378292605523,1.1400398415162272E-4,5.712365487604855,297.77677858443485,0.7703126853834052,"{""type"":""Point"",""coordinates"":[81.31778997678998,22.25244242499427]}"
1737,295.0114261406289,2025-03-01,286.3020418712071,179,0,10,0.5861607889018887,0.0011385929266793937,1.0967122419523223,299.05460480281283,0.5220474415129092,"{""type"":""Point"",""coordinates"":[84.12320126003456,21.07674185121081]}"
1738,295.28561525540135,2025-03-01,283.87545844486783,829,0,30,0.5137701804368471,3.025483767373771E-4,7.555945938999408,295.7291246595837,0.30670820671565024,"{""type"":""Point"",""coordinates"":[82.93922592002124,19.12886191617646]}"
1740,195.03161556579562,2025-03-01,281.0034985769363,404,0,10,0.5217599234815877,1.5030471502086584E-5,1.91998383954928,298.6450065885271,0.5321158581565988,"{""type"":""Point"",""coordinates"":[80.64449290988082,21.41543879950786]}"
1741,222.39583576409356,2025-03-01,282.1024045944214,344,0,10,0.3432332095848802,1.5984145818492834E-5,4.387072132879494,299.48641400110154,0.05936513008697728,"{""type"":""Point"",""coordinates"":[80.7437892241012,20.143943322031383]}"
1742,208.33182815527775,2025-03-01,280.34166821979346,637,0,10,0.46867749419953597,2.3918863934113688E-4,1.0535921306059561,296.8059126990182,0.7258952480590665,"{""type"":""Point"",""coordinates"":[80.50607926760169,21.97264530414638]}"
1743,76.9704241957927,2025-03-01,283.0510711215791,380,0,40,0.31282820705176295,0.003939787713704845,4.106833530431242,297.7239512034825,0.6068057301033998,"{""type"":""Point"",""coordinates"":[83.86430258490913,22.233459135840484]}"
1744,346.3931300476568,2025-03-01,282.0062887555077,553,0,10,0.4625313041803121,1.5030471502086584E-5,8.525001133089448,296.5119499479021,0.3990808931503313,"{""type"":""Point"",""coordinates"":[80.46771712187054,23.354356439313264]}"
1745,63.483968566667606,2025-03-01,289.76962348393033,655,0,10,0.6085526315789473,0.008712033597646496,26.081593942171565,296.59213270459855,0.30206416134012304,"{""type"":""Point"",""coordinates"":[84.38517810877414,19.53708636316221]}"
1746,107.57336073670487,2025-03-01,286.69907846904937,149,0,10,0.45934959349593496,1.6566631001069254E-4,1.5355861570462443,300.882526352292,0.6927352916517945,"{""type"":""Point"",""coordinates"":[81.39082358759343,18.17267153161351]}"
1747,113.79159029867395,2025-03-01,288.5674634206863,442,0,10,0.7171495693030541,0.0034497481266839713,15.689558359326698,297.77874914805096,0.6642561035174149,"{""type"":""Point"",""coordinates"":[83.61916802496717,19.13747438496155]}"
1748,180.0,2025-03-01,282.2857948939005,447,0,30,0.6497297297297298,4.67103402002067E-5,4.166350197281316,296.3970527194794,0.4268674656815316,"{""type"":""Point"",""coordinates"":[80.42982949049498,23.548085339526605]}"
1749,138.3188959704701,2025-03-01,281.4681737536476,381,0,40,0.236226820747111,1.5030471502086584E-5,3.720336377566903,299.2170455115182,0.2461361216242907,"{""type"":""Point"",""coordinates"":[80.81970612131992,20.62015677677251]}"
1750,215.00725302567938,2025-03-01,288.3720346632458,124,0,30,0.30686475409836067,2.2279736202790446E-4,1.6980393109571883,301.4127707254319,1.038303177371808,"{""type"":""Point"",""coordinates"":[80.76247060596083,17.85323680764246]}"
1751,251.86137644930295,2025-03-01,284.8176610583351,858,0,10,0.5971223021582733,2.4085756939484781E-4,13.169677317044174,295.522418930417,0.23941634374238902,"{""type"":""Point"",""coordinates"":[82.73942797836926,18.845764781167453]}"
1752,139.86942339034212,2025-03-01,293.9771023250761,21,0,10,0.44785981039931055,0.005795980660138866,3.0298634593274416,299.5127172470093,1.1386389084826982,"{""type"":""Point"",""coordinates"":[83.84532241839219,18.377642563654387]}"
1753,331.69437122186986,2025-03-01,284.2558121000017,255,0,40,0.23390275952693823,3.506642262323112E-4,1.0533326108274823,298.11827900296163,0.5508363552699054,"{""type"":""Point"",""coordinates"":[82.23125609553115,21.816340104101183]}"
1754,226.8357266741197,2025-03-01,283.54808330535883,550,0,10,0.579445571331981,6.721269766671867E-4,9.405186886274054,297.9805604389735,0.2411468677545722,"{""type"":""Point"",""coordinates"":[83.84801791964172,20.29925861116429]}"
1755,224.58987272663754,2025-03-01,282.90948118482316,446,0,10,0.6109777015437393,2.148267429902262E-5,6.484082489579204,295.58744171687533,0.41931712507467955,"{""type"":""Point"",""coordinates"":[81.7363437796137,24.08020592785664]}"
1756,301.9177471956001,2025-03-01,283.2848415828887,299,0,40,0.7902753368482718,1.6952721296092932E-5,1.7537337528171368,298.377876054673,0.4323928201600254,"{""type"":""Point"",""coordinates"":[81.95406756097827,20.882679589412444]}"
1757,34.35796902579826,2025-03-01,282.6681830542428,447,0,10,0.6576482830385015,3.1525906723572916E-4,8.915443144327712,295.33047208331885,0.42528377481998075,"{""type"":""Point"",""coordinates"":[82.26366992075327,23.90382667101641]}"
1758,6.889805677334317,2025-03-01,280.84043589092437,781,0,10,0.21511967308814944,2.215605656488151E-4,8.348546507450601,295.97755518413726,0.6849344081269659,"{""type"":""Point"",""coordinates"":[80.66156168144326,23.139745093875593]}"
1759,340.5205789021585,2025-03-01,281.4500608444214,671,0,10,0.6364304076386339,1.240026633126945E-4,7.338130995737146,298.38197412944976,0.2838076724035898,"{""type"":""Point"",""coordinates"":[81.2185987184912,19.54506822382084]}"
1760,100.4024658857978,2025-03-01,281.94661962418326,460,0,30,0.35662574756059173,5.610239188058586E-4,2.5666340292255927,296.2350828534081,0.4569442127148501,"{""type"":""Point"",""coordinates"":[81.25241222563447,23.37970845955809]}"
1761,96.73845992221085,2025-03-01,283.87545844486783,782,0,30,0.5204528853177501,3.025483767373771E-4,7.854896812100018,295.7291246595837,0.30670820671565024,"{""type"":""Point"",""coordinates"":[82.90739182019038,19.050915102246925]}"
1762,337.01632848384355,2025-03-01,281.4987727119809,524,0,10,0.5896381578947368,3.2956568418285315E-5,2.5170484561325313,298.28529444194976,0.26064332872145873,"{""type"":""Point"",""coordinates"":[81.23463595947305,19.422644488937898]}"
1763,-0.0,2025-03-01,283.5125375929333,292,0,40,0.49899866488651534,1.7772285161754553E-5,0.4637353428839794,298.38533978235154,0.4888616600704034,"{""type"":""Point"",""coordinates"":[81.41846750335318,21.313417735520947]}"
1764,46.91013416192327,2025-03-01,283.53181888943624,324,0,40,0.28037904124860646,1.55669133050651E-5,1.357424739139417,298.6700251897176,0.27406279871866057,"{""type"":""Point"",""coordinates"":[81.43043305666535,20.698502494156056]}"
1765,295.4180991019011,2025-03-01,287.45505410148985,179,0,10,0.5399965594357474,5.30582348687858E-5,1.0803084893396546,301.7674314862206,0.9742639799659176,"{""type"":""Point"",""coordinates"":[81.03566676750215,18.113205459100715]}"
1766,207.83338834848215,2025-03-01,284.5611041386922,632,0,30,0.3630646083476272,2.7176257771088785E-4,3.1433362786566397,299.63346803755985,0.4235812567101081,"{""type"":""Point"",""coordinates"":[81.69545978935048,18.73797952708005]}"
1767,232.31338791498,2025-03-01,280.75040031614753,572,0,10,0.4576271186440678,2.3370501202180094E-4,3.787321483390242,297.64945343562533,0.7171073397551602,"{""type"":""Point"",""coordinates"":[80.793473048164,22.025002795818324]}"
1768,301.3688954865862,2025-03-01,282.4991214843023,418,0,40,0.7753483386923902,1.5030471502086584E-5,1.7811909134986041,296.3519332068307,0.5384451462997563,"{""type"":""Point"",""coordinates"":[80.21860344932075,23.86674656042545]}"
1769,180.0,2025-03-01,283.69036497388566,284,1,40,0.7266387726638772,1.811501186921305E-5,0.9274099368611016,298.33354127974735,0.4823595812998024,"{""type"":""Point"",""coordinates"":[81.98286592477938,21.049919948317697]}"
1770,240.9772650681653,2025-03-01,282.2452733630226,354,0,40,0.2789850816398449,3.803026358468742E-4,2.865211811418792,297.9673594066075,0.7662588312309913,"{""type"":""Point"",""coordinates"":[82.89625856807399,22.374892669962094]}"
1771,332.26972363727464,2025-03-01,291.84563841138566,99,0,40,0.478726483357453,0.016078467337308666,1.047720487223744,298.72995590028313,0.3244975564502827,"{""type"":""Point"",""coordinates"":[82.98105407948005,17.984293575409218]}"
1772,121.56199511893696,2025-03-01,280.83384409404937,480,0,10,0.27948649371489703,0.006465534536062023,3.5394495812213127,294.78228918711346,1.02507629891678,"{""type"":""Point"",""coordinates"":[83.95640491387167,22.86368725487077]}"
1773,90.0,2025-03-01,284.49369226183205,307,0,10,0.5228301110654052,8.914884728028483E-5,2.4510323006974293,299.7143367131551,0.18073840375237424,"{""type"":""Point"",""coordinates"":[80.89983512925532,19.013202616688496]}"
1774,67.25749567908828,2025-03-01,280.1736122767131,869,0,10,0.6611978651907492,3.641050736291618E-4,5.9761266330291205,295.09025514693485,0.7296910726302893,"{""type"":""Point"",""coordinates"":[80.96476300774589,22.749964629648076]}"
1775,90.0,2025-03-01,285.6635269437517,196,0,40,0.256933938477055,4.189264456613273E-4,0.9880476568696898,299.15940507253015,0.553795762403829,"{""type"":""Point"",""coordinates"":[83.45757320305727,20.178935483711758]}"
1776,6.731457192981377,2025-03-01,281.94421890803744,573,0,30,0.3910139647844566,5.095851103646964E-4,8.345830154585276,297.98189739953904,0.2533175818176647,"{""type"":""Point"",""coordinates"":[82.53274497147798,19.715141615311428]}"
1777,90.0,2025-03-01,282.44688120342437,430,0,40,0.2631082832567456,4.1080531281068033E-4,1.0116095851700329,295.5945624851045,0.9973904591160784,"{""type"":""Point"",""coordinates"":[82.82000268341393,23.54456097114194]}"
1778,358.2726424179859,2025-03-01,284.4531823566982,898,0,30,0.46750524109014674,3.97632686315319E-4,15.823513389686585,295.46932415735154,0.2293732516522323,"{""type"":""Point"",""coordinates"":[82.55487114325804,18.663337463373445]}"
1779,61.13717567126793,2025-03-01,281.58473927634105,509,0,30,0.2518891687657431,1.8092509907319254E-4,5.744893622216012,296.01486219678605,0.397628486784001,"{""type"":""Point"",""coordinates"":[81.03462495103628,23.271950523036786]}"
1780,107.60359096724076,2025-03-01,287.1744783946446,567,0,30,0.31963624115863926,0.001481006709752819,6.110327742231764,297.49908606211346,0.36686123336806054,"{""type"":""Point"",""coordinates"":[82.04792387148888,17.84992702942921]}"
1781,270.0,2025-03-01,281.88342789241244,618,0,10,0.6676238334529792,0.0010756206194741935,0.4920205671627334,297.84457411084855,0.1651572753142082,"{""type"":""Point"",""coordinates"":[82.41134117267289,19.522446491712156]}"
1782,143.91472180804521,2025-03-01,282.8899731863113,398,0,40,0.268685881778212,1.5030471502086584E-5,1.721008521948001,296.0525586718604,0.3697592682039218,"{""type"":""Point"",""coordinates"":[81.17315060572152,23.833945489685107]}"
1783,54.72364751570377,2025-03-01,283.7539054779779,202,0,30,0.39663699307616224,1.5030471502086584E-5,2.407562896516013,300.4243674051194,0.15845948666588563,"{""type"":""Point"",""coordinates"":[80.37492984226157,19.39923546020113]}"
1784,260.2425789875963,2025-03-01,285.2250561941238,284,0,10,0.48204921339249696,1.5581814466258948E-5,5.456108225497506,300.3406911123367,0.3454585470962729,"{""type"":""Point"",""coordinates"":[80.50971073342197,18.94954347555677]}"
1785,295.0837377504877,2025-03-01,282.0750259671893,385,0,10,0.575739988392339,1.74742619378776E-5,1.09375509490785,299.1460703441075,0.38727068683981464,"{""type"":""Point"",""coordinates"":[82.14848841173988,20.580574542995276]}"
1786,344.72162467656517,2025-03-01,281.79427006131124,590,0,10,0.5790931118033922,4.677724520547599E-4,1.9222231152001392,295.80629053569976,0.44567498729819666,"{""type"":""Point"",""coordinates"":[82.1715385888724,23.7656661216775]}"
1787,90.0,2025-03-01,284.4226822171892,211,0,40,0.26370757180156656,2.9214736622407145E-4,1.4970768456152264,298.40585340772355,0.38073749584390815,"{""type"":""Point"",""coordinates"":[83.11532017742506,21.70649798183582]}"
1788,318.88669575412473,2025-03-01,282.01457791101365,504,0,40,0.33653596468449753,4.334699789865226E-4,3.0746856159780926,295.7118139266968,0.804821893464922,"{""type"":""Point"",""coordinates"":[82.92198965730068,23.562071263758053]}"
1789,270.0,2025-03-01,285.04302610669816,265,0,10,0.40244995518374665,4.4242557686402506E-4,0.4896219179383411,299.641809508914,0.2467126468471724,"{""type"":""Point"",""coordinates"":[81.9114962124044,18.715202312672844]}"
1790,160.40762547841365,2025-03-01,281.03178982507615,414,0,10,0.5015360983102919,1.5030471502086584E-5,1.4764094914930148,299.4248731249854,0.2877041691275737,"{""type"":""Point"",""coordinates"":[80.6406470613157,20.52766237468425]}"
1791,90.0,2025-03-01,288.2436922618321,640,0,10,0.4761643835616438,0.003044034210859081,4.423612993008528,297.2145750409081,0.20189574677298666,"{""type"":""Point"",""coordinates"":[84.15766358492678,19.67236696248764]}"
1792,313.16150359944754,2025-03-01,282.169444447472,249,0,10,0.45791245791245794,1.5030471502086584E-5,1.355614576325106,300.31893934522355,0.25947278137952967,"{""type"":""Point"",""coordinates"":[80.2120986731361,20.315072086249927]}"
1793,270.0,2025-03-01,282.29207860855826,260,0,40,0.2436559622726252,0.0010973316113336296,2.0016549763837097,298.6516681398665,0.5216074335493257,"{""type"":""Point"",""coordinates"":[83.47774257290617,22.127423230460693]}"
1794,295.34721744753307,2025-03-01,285.98910009293326,345,0,10,0.5998452012383901,5.7752100644847815E-5,2.1654829913129805,300.39400677453904,0.4432313240196786,"{""type"":""Point"",""coordinates"":[80.49418943177261,18.6642171977219]}"
1795,107.20145431545801,2025-03-01,284.997092791966,238,0,10,0.4289544235924933,0.002019385663686535,1.5677345164616086,298.3803697767712,0.34392883231615917,"{""type"":""Point"",""coordinates"":[84.32025982864276,21.760791728419115]}"
1796,336.6256658958462,2025-03-01,283.0865354537964,354,0,40,0.3465081723625557,3.3029433888032145E-4,2.524397968176969,297.9884078162057,0.7037099473944946,"{""type"":""Point"",""coordinates"":[82.87481456832053,22.259339546426986]}"
1797,270.0,2025-03-01,285.85882781800774,745,0,10,0.5046780407264722,0.004716466037450573,5.909668208450936,295.9539258593605,0.3987188155054746,"{""type"":""Point"",""coordinates"":[84.29764395056475,20.2276658893323]}"
1798,57.309406142280196,2025-03-01,285.27554680052253,1179,0,10,0.5925475901174565,2.0867106121613688E-4,20.538262722030037,295.2302349181402,0.09968070817976353,"{""type"":""Point"",""coordinates"":[82.56411100969258,18.231392458473646]}"
1799,203.11186448098212,2025-03-01,285.36260618482316,164,0,30,0.2286478699320848,4.1681048077180094E-4,2.51944253344311,299.8699879873367,0.5421599891665475,"{""type"":""Point"",""coordinates"":[83.51213070274535,20.405908231094784]}"
1800,160.43179505792747,2025-03-01,285.1931958425613,166,0,40,0.348192443598804,4.0667769115998453E-4,1.4761880760198898,299.3986686979021,0.351689972142275,"{""type"":""Point"",""coordinates"":[83.33234528960874,20.322416425983523]}"
1801,252.8112959237269,2025-03-01,282.2603228886922,314,0,40,0.5822510822510822,2.973791760041422E-5,1.5688617300756071,298.3237233388992,0.6092694456114057,"{""type"":""Point"",""coordinates"":[81.3059588781549,21.873641691912802]}"
1802,331.3994018620653,2025-03-01,281.24484902336485,698,0,10,0.582093316519546,1.5756007832123942E-4,19.77515502765057,298.87780048733663,0.11720444168269417,"{""type"":""Point"",""coordinates"":[81.18840637150974,19.854574280486393]}"
1803,318.58800352644494,2025-03-01,284.4935876301357,326,0,10,0.5365148228488793,1.5030471502086584E-5,3.704926863953251,300.72774700891404,0.30065097221936055,"{""type"":""Point"",""coordinates"":[80.29210651570914,19.12000741401722]}"
1804,27.92291751248438,2025-03-01,282.09837046123687,544,0,10,0.4148964775477279,2.4334606331422037E-4,2.0984582656912387,298.4041386104765,0.28582939964319415,"{""type"":""Point"",""coordinates"":[81.53637811247371,19.36516570684123]}"
1805,313.30791459421135,2025-03-01,281.5126015345256,611,0,40,0.33941491034916643,1.1936840218140787E-4,2.027434637061006,298.00402700333365,0.3658382369998895,"{""type"":""Point"",""coordinates"":[81.87796373570693,19.504684394327267]}"
1806,79.43276132893195,2025-03-01,282.0086662201654,373,0,40,0.3485754484699261,1.5030471502086584E-5,2.527108992280522,298.8358373641968,0.4548221730183474,"{""type"":""Point"",""coordinates"":[80.63355403000753,21.12932016228724]}"
1807,-0.0,2025-03-01,283.9663775761922,277,0,40,0.3391190437203209,1.4063235920502848E-4,2.3174627380815918,297.95828551337837,0.4841321771958506,"{""type"":""Point"",""coordinates"":[82.91323472964034,21.47033784279978]}"
1808,251.5508494989537,2025-03-01,280.51937353043326,985,0,10,0.6749506903353057,0.002074817983327648,5.8412871488442955,294.0402702604021,0.5192203920538547,"{""type"":""Point"",""coordinates"":[83.744677599237,23.44760427734975]}"
1809,350.14937672875203,2025-03-01,280.2102624348232,676,0,10,0.378737096125486,0.003240282503782055,11.605741350800102,294.3220259802682,1.0593322585972422,"{""type"":""Point"",""coordinates"":[83.40729107524396,22.861229664011365]}"
1810,100.48008338145485,2025-03-01,282.74208790915355,412,0,40,0.25772737380475874,4.150983494355387E-5,2.547860030351377,297.66922882625033,0.6974224749772585,"{""type"":""Point"",""coordinates"":[81.36591621340028,22.347231462270628]}"
1811,129.4084131876327,2025-03-01,282.6903707867577,336,0,10,0.6256459330143541,2.67739264188549E-4,5.823759317312737,297.73965177081885,0.8222702537765099,"{""type"":""Point"",""coordinates"":[82.81047503857828,22.42734353953175]}"
1812,156.02021554182946,2025-03-01,278.9032323473976,766,0,10,0.42981691368788144,2.5622066658570475E-4,8.564046454509867,296.75641028086346,0.8082616544642346,"{""type"":""Point"",""coordinates"":[81.04448149750158,22.223114976778266]}"
1813,54.59650003965062,2025-03-01,285.2125817707607,508,0,30,0.27211880359757373,3.012668768747062E-4,2.400048814621057,299.27758076077413,0.5247792177616609,"{""type"":""Point"",""coordinates"":[81.39674799649659,18.616966212552157]}"
1814,207.98178021922254,2025-03-01,285.93397081465946,350,0,40,0.37305863708399367,7.233422676904411E-4,2.0996015391987255,297.94058531806587,0.4958794217116575,"{""type"":""Point"",""coordinates"":[83.64925430929829,19.765158101366602]}"
1815,300.0140741478069,2025-03-01,282.39153684888566,442,0,10,0.45179584120982985,1.8336888950898356E-4,30.908653916122617,300.2430929910569,0.727307909276965,"{""type"":""Point"",""coordinates"":[82.69451677241564,20.483247815820864]}"
1816,294.8842200008105,2025-03-01,284.1631491070702,250,0,40,0.36664940445365096,3.746252934320182E-4,1.101957536036681,298.16947877974735,0.502500186213066,"{""type"":""Point"",""coordinates"":[82.54276740707458,21.92131793253602]}"
1817,90.0,2025-03-01,281.62440631503154,548,0,10,0.40955794504181603,5.341273228509635E-4,2.0122917053614393,295.8741441908337,0.8322635515576312,"{""type"":""Point"",""coordinates"":[82.87281421536704,22.861880518190784]}"
1818,321.56879153970897,2025-03-01,284.15096532730826,374,0,30,0.29312484487465873,1.3364371460511393E-4,2.366649560207031,299.2628625688099,0.17421419092175358,"{""type"":""Point"",""coordinates"":[81.28226454302934,19.0544610976284]}"
1820,72.86351917948589,2025-03-01,283.4340231305077,296,0,60,0.04826254826254826,1.2202080887391276E-4,1.5734964211698603,298.3162828627087,0.8235157239302485,"{""type"":""Point"",""coordinates"":[82.64979135156425,22.33027577629093]}"
1821,124.82618086030989,2025-03-01,284.24200071607316,231,0,40,0.1903401713840561,0.0012417238633020133,2.434646134566712,298.3546129408337,0.31609299199045343,"{""type"":""Point"",""coordinates"":[84.05954796505797,21.937571853348885]}"
1822,46.654589930929916,2025-03-01,284.1906730561029,198,0,10,0.37305389221556884,1.5030471502086584E-5,0.6755935269174232,300.623493149167,0.20419352901090448,"{""type"":""Point"",""coordinates"":[80.42292600974909,19.291831759895018]}"
1823,188.59674073983837,2025-03-01,283.3423308872041,605,0,10,0.6386711459499813,4.595172087533683E-4,3.2795181488706584,297.72920022692006,0.38349341636381595,"{""type"":""Point"",""coordinates"":[82.43482672716695,19.09816064135133]}"
1824,245.27854271102797,2025-03-01,280.69250992366244,686,0,30,0.2008002000500125,2.4649020832612223E-4,3.322936463257591,294.9181999479021,0.5591391848906506,"{""type"":""Point"",""coordinates"":[81.10914262343066,22.955685820201595]}"
1825,90.0,2025-03-01,283.26270035334994,524,0,10,0.6464563703400246,1.7790016335084147E-4,1.470703222619779,298.7181673958188,0.13087425641533604,"{""type"":""Point"",""coordinates"":[82.1871817922251,18.95761942949423]}"
1826,122.13584715830301,2025-03-01,281.21412799471904,729,0,10,0.3286359530261969,2.3577627342774576E-4,15.317112154848953,298.1785759244646,0.183346117041817,"{""type"":""Point"",""coordinates"":[81.13685448017569,19.56609743919365]}"
1827,-0.0,2025-03-01,282.0086662201654,386,0,40,0.21500358937544867,1.5030471502086584E-5,0.0,298.8358373641968,0.4548221730183474,"{""type"":""Point"",""coordinates"":[80.5797906178513,21.095411194701008]}"
1828,270.0,2025-03-01,285.36260618482316,175,0,40,0.3327433628318584,4.1681048077180094E-4,1.4836287553027407,299.8699879873367,0.5421599891665475,"{""type"":""Point"",""coordinates"":[83.45830466416511,20.36189235489527]}"
1829,347.8526017492839,2025-03-01,284.8316642670404,210,0,10,0.4260178748758689,0.001009444562612316,2.370480464253982,298.3648087183634,0.3087970114203564,"{""type"":""Point"",""coordinates"":[84.09793777383129,21.694642790481932]}"
1830,144.28535652254126,2025-03-01,283.1970672153291,270,0,40,0.2731314253959433,1.1285659473969645E-4,1.7129732893492013,298.4821008500599,0.7318231860942415,"{""type"":""Point"",""coordinates"":[81.90930946703195,21.987184312542173]}"
1831,227.32082717546797,2025-03-01,281.8966463633946,575,0,10,0.48919449901768175,4.6021756332947916E-4,4.777588234838538,295.6286026636759,0.9931126233432044,"{""type"":""Point"",""coordinates"":[82.24091127068202,22.76488997479229]}"
1832,173.7946762663925,2025-03-01,280.6628759020851,645,0,30,0.18619361936193618,2.020117443635172E-5,4.654519909898655,296.41210224514913,0.6903775628807983,"{""type"":""Point"",""coordinates"":[80.35915377971592,23.11478754184969]}"
1833,164.84078542951474,2025-03-01,282.9440445218767,366,0,10,0.3642403235124206,2.7350601357056803E-4,3.83796326335383,297.00499194008955,0.9548052498289088,"{""type"":""Point"",""coordinates"":[82.53096967074156,22.668954909228717]}"
1834,116.65698228725324,2025-03-01,280.55593068259105,948,0,10,0.60702943044675,0.004923845497785351,12.215306421826579,294.6450414657593,1.130470820051896,"{""type"":""Point"",""coordinates"":[83.87758490882426,23.02352641319175]}"
1835,169.77210048360334,2025-03-01,280.6707755951654,508,0,30,0.3045751633986928,8.493181866242594E-5,2.8251106010425975,296.8605013801938,0.7499414810940441,"{""type"":""Point"",""coordinates"":[80.57769730167763,22.52514087453441]}"
1836,180.0,2025-03-01,281.361600557963,566,0,30,0.233866804336603,1.2689348858430094E-4,0.4637353428839794,298.54461828867596,0.321851350479709,"{""type"":""Point"",""coordinates"":[81.54720086721608,19.538403079941844]}"
1837,312.8332998013666,2025-03-01,283.1970672153291,254,0,40,0.37255871446229916,1.1285659473969645E-4,2.0454648238457835,298.4821008500599,0.7318231860942415,"{""type"":""Point"",""coordinates"":[81.92633609801631,22.014649726401608]}"
1838,37.889522267066,2025-03-01,282.6900045758201,814,0,40,0.521193092621664,0.0013060521761758537,8.745697596669448,296.5482222693307,0.20989537140299178,"{""type"":""Point"",""coordinates"":[83.09305670927512,19.547704214918664]}"
1839,114.91192546807952,2025-03-01,285.7279742558797,188,0,40,0.11303511303511303,8.837830702645988E-4,1.1008103808188379,298.8628614062355,0.41170793580102377,"{""type"":""Point"",""coordinates"":[83.70423617618333,21.73931708116161]}"
1840,183.1926776351609,2025-03-01,284.0897615977696,1167,0,30,0.33416562630045776,0.0013243657032830924,17.12122717170532,296.25206806546163,0.39558950289970585,"{""type"":""Point"",""coordinates"":[83.05873396959726,19.34375086055427]}"
1841,267.3010080075923,2025-03-01,288.7533416293917,316,0,10,0.6336394393426776,6.633352915628166E-4,18.971462384468087,298.1138437816075,0.4462743746797105,"{""type"":""Point"",""coordinates"":[83.76134743760029,19.46909072384613]}"
1842,133.0260567200615,2025-03-01,283.1051715215047,318,0,40,0.3999348109517601,3.1756874722077555E-4,2.0380867846616875,298.64211759113124,0.5001669482442219,"{""type"":""Point"",""coordinates"":[82.53880294765938,21.03421726835483]}"
1843,127.65111995850636,2025-03-01,282.5824141275315,326,0,10,0.3411458333333333,0.0038644474427087516,3.7903527201109437,297.6533713113694,0.6319824492223727,"{""type"":""Point"",""coordinates"":[83.77851276688243,22.205546306274435]}"
1844,133.0710715508735,2025-03-01,281.65452861785883,366,0,40,0.19856509812196665,1.5030471502086584E-5,0.6790457473320245,299.0447577976045,0.3332989172493134,"{""type"":""Point"",""coordinates"":[80.5656478524435,20.798075749292924]}"
1845,357.2508765502383,2025-03-01,284.6182330449422,867,0,40,0.3594456161494426,1.814466397149772E-4,10.107969734765998,295.725543930417,0.2728802414474502,"{""type"":""Point"",""coordinates"":[82.6317499404136,18.806595975809785]}"
1846,294.9355371251134,2025-03-01,284.2003863652547,230,0,40,0.3367816091954023,6.274532954080314E-4,1.0998348172739696,298.595428603036,0.5114496509361008,"{""type"":""Point"",""coordinates"":[83.25128163035812,21.584423682453107]}"
1847,152.17352649518017,2025-03-01,292.65081419263566,46,0,80,0.27367055771725035,0.0026930671612603874,1.0486472984929236,299.1504125595093,0.6748502039086451,"{""type"":""Point"",""coordinates"":[83.92645819972078,18.688876024010067]}"
1848,263.3416647335866,2025-03-01,287.2800924664452,157,0,10,0.6809098294069862,9.726833979470939E-4,3.9931043980912326,299.10601384299144,0.6129869518365394,"{""type"":""Point"",""coordinates"":[84.26779712352118,20.95122186265434]}"
1849,278.86663459311694,2025-03-01,281.45633874620705,386,0,10,0.36336448598130844,1.5030471502086584E-5,3.005935133074775,299.240674836295,0.21319278530476998,"{""type"":""Point"",""coordinates"":[81.00025287905406,20.610325560342265]}"
1850,46.8643504379011,2025-03-01,285.17464115506124,154,0,40,0.28608470181503887,2.656531016214103E-4,0.6782285392191871,299.92657629648846,0.38111107455964033,"{""type"":""Point"",""coordinates"":[83.47483531177222,20.45376302486309]}"
1851,142.75726507835378,2025-03-01,282.11118784404937,407,0,40,0.22910927456382002,4.069027107789225E-5,4.070896202000266,298.3940881547473,0.09703544779902956,"{""type"":""Point"",""coordinates"":[81.17590580091995,20.01844783844708]}"
1852,236.10494358729497,2025-03-01,281.1634862536476,477,0,10,0.6,1.8383232770702307E-5,4.150582606516236,298.126167070298,0.202185112677094,"{""type"":""Point"",""coordinates"":[81.0235048811011,19.849473078235185]}"
1853,107.55950099041512,2025-03-01,291.5317723864601,99,0,40,0.4510293200249532,0.0031516951004846305,3.0713109142067503,299.35851337796163,0.5171262124224514,"{""type"":""Point"",""coordinates"":[83.28895948412409,18.318892731909617]}"
1855,196.20191665084712,2025-03-01,285.75847439538865,1182,0,30,0.3195050946142649,3.5087284248902506E-4,13.735508211204062,295.77554625556587,0.04572940695317257,"{""type"":""Point"",""coordinates"":[82.70920603901504,18.303646039545974]}"
1856,144.8305288187711,2025-03-01,284.4645058314006,853,0,30,0.24207102195716995,2.792429606301994E-4,5.092304096303631,295.56344618116105,0.24548501175684884,"{""type"":""Point"",""coordinates"":[82.88521404583045,18.89160449725429]}"
1857,121.68080693659091,2025-03-01,283.5289763950166,263,0,10,0.38110539845758357,0.0017426860014779777,1.765462710150721,298.07340363093783,0.44731418395175737,"{""type"":""Point"",""coordinates"":[84.27026425313194,22.222114031496105]}"
1858,46.764488620063545,2025-03-01,284.8111041386922,970,0,30,0.4020926756352765,0.0010231685320718498,6.070203202703683,295.29652491069976,0.2653019052563936,"{""type"":""Point"",""coordinates"":[84.13516006627992,19.909836382840634]}"
1859,308.364558681021,2025-03-01,285.4061910992577,589,0,10,0.6137471756451421,4.0590283077790446E-4,29.281553583985282,299.10349686940515,0.5376751221577252,"{""type"":""Point"",""coordinates"":[83.52602512954532,20.13998501891217]}"
1860,15.038341700568838,2025-03-01,283.512462025597,274,0,40,0.5697261663286004,1.6744105039379065E-5,1.9200443365768616,298.34911396389913,0.5226292354501831,"{""type"":""Point"",""coordinates"":[81.36790403889155,21.483378765241383]}"
1861,132.96395013334288,2025-03-01,284.18700513385596,239,0,40,0.20064899945916712,1.7056879204346842E-4,0.6804075851635899,298.46013400668187,0.5678107679755448,"{""type"":""Point"",""coordinates"":[83.11504124679702,21.355444593787265]}"
1862,25.82265809500355,2025-03-01,284.11923285893033,785,0,10,0.5581269209907792,2.7654585045411295E-4,12.177782613581055,299.29351965586346,0.16649444590579504,"{""type"":""Point"",""coordinates"":[81.97879081903876,18.710834414282008]}"
1863,162.86275627066195,2025-03-01,286.23067142849874,684,0,10,0.36942675159235666,4.471939484460563E-4,14.711950113143406,296.02998147692,0.2902551504941027,"{""type"":""Point"",""coordinates"":[84.0327685363169,19.689555470652408]}"
1864,171.80089592603215,2025-03-01,284.8176610583351,833,0,30,0.28334396936821954,2.4085756939484781E-4,10.198666773323119,295.522418930417,0.23941634374238902,"{""type"":""Point"",""coordinates"":[82.67552698025099,18.843264328463263]}"
1865,121.87024730581912,2025-03-01,283.7083151226952,297,0,40,0.4135090609555189,1.96945349557609E-5,1.7560701760874329,298.3976049423218,0.4955809628792594,"{""type"":""Point"",""coordinates"":[81.50769397736705,21.158797601812047]}"
1866,127.59057384739897,2025-03-01,282.0707593191238,416,0,40,0.2602621964324092,0.0043477517048700065,3.795538268097898,297.0824193954468,0.6892459418847162,"{""type"":""Point"",""coordinates"":[84.18385548462494,22.510147086059124]}"
1867,19.365441296668585,2025-03-01,285.56557423727855,957,0,40,0.2540279269602578,0.0016763162295205802,5.877967568001217,295.3255834579468,0.12977951014503594,"{""type"":""Point"",""coordinates"":[82.8180218982166,18.490628631897074]}"
1868,312.59648654209116,2025-03-01,281.5006212052845,495,0,40,0.6033333333333334,2.244960944040031E-4,1.3700826106642279,295.96373217446455,0.4894939890037991,"{""type"":""Point"",""coordinates"":[81.43569205882964,23.156538854858784]}"
1869,332.22188168554857,2025-03-01,291.5317723864601,98,0,40,0.21810699588477367,0.0031516951004846305,2.095660555839264,299.35851337796163,0.5171262124224514,"{""type"":""Point"",""coordinates"":[83.33255266549071,18.338576433893152]}"
1870,215.33491145539796,2025-03-01,281.24484902336485,387,0,10,0.4403652273159597,1.5756007832123942E-4,3.406769951014986,298.87780048733663,0.11720444168269417,"{""type"":""Point"",""coordinates"":[81.17641777123404,19.888996460807014]}"
1871,76.73699739628712,2025-03-01,287.24373295193624,394,0,10,0.5506732813607371,0.004399220315633556,2.020532745619041,297.25376542409265,0.6111260427215442,"{""type"":""Point"",""coordinates"":[83.53562787636216,19.466925120500523]}"
1872,270.0,2025-03-01,282.6903707867577,327,0,30,0.17222476016445865,2.67739264188549E-4,1.5039383704214304,297.73965177081885,0.8222702537765099,"{""type"":""Point"",""coordinates"":[82.79776255243898,22.354308778027008]}"
1873,312.6842819152063,2025-03-01,282.2328977584839,469,0,30,0.2647814910025707,0.0042543363253457755,4.777128426467412,296.18155211494076,0.9245686673344413,"{""type"":""Point"",""coordinates"":[83.92558740889456,22.74076148698376]}"
1874,79.64128271539113,2025-03-01,282.6681830542428,458,0,40,0.22031963470319635,3.1525906723572916E-4,2.577340312504917,295.33047208331885,0.42528377481998075,"{""type"":""Point"",""coordinates"":[82.3308873647321,23.943240401083283]}"
1875,115.09037836086343,2025-03-01,281.3200036457607,439,0,10,0.623642943305187,1.5030471502086584E-5,1.0934844168611821,299.61622705913726,0.3106095644918418,"{""type"":""Point"",""coordinates"":[80.50887808376433,20.534804645739182]}"
1876,208.64742038834865,2025-03-01,282.47510850997196,391,0,30,0.41604877245015653,7.751089016778678E-4,1.0567457217552865,295.4481246130807,0.6487076487449774,"{""type"":""Point"",""coordinates"":[82.95939386770448,23.75695856511356]}"
1877,316.08001211293595,2025-03-01,283.4903905505226,723,0,30,0.4424986459649756,6.014954726083488E-4,13.885531610236901,296.57193297431576,0.2873483907309746,"{""type"":""Point"",""coordinates"":[82.91997137184761,19.261352743784407]}"
1878,160.45868801243645,2025-03-01,282.26743784404937,409,0,10,0.26687221651250426,4.995417277200431E-4,2.949927980807223,299.70966897692,0.5283993770338331,"{""type"":""Point"",""coordinates"":[82.3922203441654,20.089982769978448]}"
1879,274.76335872215975,2025-03-01,280.81454535893033,690,0,10,0.5420545484239752,6.908279339654655E-4,5.566981159530404,295.41066065288726,0.7432540654083588,"{""type"":""Point"",""coordinates"":[82.33227299562289,23.564409830605182]}"
1880,303.84245488670786,2025-03-01,280.371837025597,573,0,10,0.4826610049539986,1.1628386181428141E-4,4.156243940952273,298.61402979351226,0.2418512769551166,"{""type"":""Point"",""coordinates"":[81.92722744539782,20.16185615345454]}"
1881,142.31926259014278,2025-03-01,282.82468300773985,263,0,30,0.277816267147014,0.0012158554474694938,4.094731705576094,298.4158457347325,0.712142683724566,"{""type"":""Point"",""coordinates"":[83.09764697792143,22.35860203629766]}"
1882,259.48143083342467,2025-03-01,280.1410020646595,573,0,10,0.358983666061706,6.627556484772867E-5,2.538654284560513,298.00217269715813,0.6579466250316652,"{""type"":""Point"",""coordinates"":[80.5717220765818,21.817409957828627]}"
1883,323.28910050740166,2025-03-01,281.01520570119226,775,0,10,0.7411440385940731,0.006866450277982494,29.92015925019002,294.3126440048218,0.8265796533118307,"{""type"":""Point"",""coordinates"":[84.19752513602823,23.42564826287165]}"
1884,72.75630527076879,2025-03-01,286.86341998690654,158,0,30,0.19210977701543738,9.519856850488395E-4,1.5640122511959376,299.41914163317,0.5561919053367402,"{""type"":""Point"",""coordinates"":[83.89581862284791,21.382907256812224]}"
1885,144.01000390967906,2025-03-01,281.2093846911476,552,0,40,0.5228826323716834,8.185755888803214E-4,1.7189287810643359,294.839563415164,0.5581884411629372,"{""type"":""Point"",""coordinates"":[83.35028919453032,23.37576416820529]}"
1886,10.021645143535913,2025-03-01,281.9380688894363,571,0,40,0.1875834445927904,2.974819819314689E-4,2.8232980518207853,298.052198273795,0.3838937394496459,"{""type"":""Point"",""coordinates"":[81.99326088944586,19.415663631419587]}"
1887,270.0,2025-03-01,283.8384304500761,230,0,40,0.47244094488188976,5.563449541909904E-4,0.5076779740653207,295.54386261531283,0.5322446936539549,"{""type"":""Point"",""coordinates"":[83.95810190080124,24.015328489808592]}"
1888,304.36558948132006,2025-03-01,280.3492947078886,733,0,10,0.5201793721973094,8.920845192506022E-5,16.001702251643533,296.40000565846765,0.7771311897717365,"{""type"":""Point"",""coordinates"":[80.93928804043698,22.606084620561074]}"
1889,-0.0,2025-03-01,282.06873062678744,491,0,10,0.465559655596556,7.324766795022697E-4,1.390963080774087,295.8501021521432,0.32024013981392285,"{""type"":""Point"",""coordinates"":[83.65425045980916,23.721079251056572]}"
1890,256.8847845068258,2025-03-01,283.745133854094,238,0,40,0.43455662309025045,3.9126989048554606E-4,2.0428762118683825,298.99466827937533,0.6483209887444249,"{""type"":""Point"",""coordinates"":[83.28014421178713,21.2588890446683]}"
1891,308.16943450031414,2025-03-01,282.2545623325166,434,0,10,0.3996415770609319,3.931623379571647E-4,4.4932290083978295,296.35393864767894,0.38307712514665354,"{""type"":""Point"",""coordinates"":[81.11049984125103,23.498160862690938]}"
1892,280.36503412479385,2025-03-01,283.2618400482904,375,0,40,0.8288926912735273,1.568612259461588E-5,2.5757888342626885,296.1092341740926,0.5506411248150331,"{""type"":""Point"",""coordinates"":[80.53697002348615,23.86263370148741]}"
1893,46.439321536554736,2025-03-01,294.5591277622042,23,0,40,0.46586646661665415,0.0015520405451638908,2.0180175471185064,299.4190544400896,1.6110202822866126,"{""type"":""Point"",""coordinates"":[83.46839146989794,18.01449994641227]}"
1894,205.12363861495984,2025-03-01,285.4242633183797,454,0,10,0.5116554721453971,1.475763003213615E-4,4.599919504956362,300.1205285844349,0.5416589228820343,"{""type"":""Point"",""coordinates"":[81.48476985557721,18.59963135388686]}"
1895,72.87143380287185,2025-03-01,281.46388966696605,494,0,10,0.4374057315233786,3.452119034363932E-5,1.574201329566622,297.4060103552682,0.8037503846391322,"{""type"":""Point"",""coordinates"":[80.40813920448495,22.39828834995287]}"
1896,14.66734313732006,2025-03-01,280.4065631230672,895,0,10,0.7245421245421245,6.890099922998161E-4,13.638097966190454,295.3499219531105,0.8377144558408225,"{""type"":""Point"",""coordinates"":[81.37487265163142,22.74649680352952]}"
1897,20.054547710106796,2025-03-01,283.11734367552265,346,0,40,0.5239248940036342,1.5030471502086584E-5,1.4807070025617084,295.74667953309563,0.5751789890986788,"{""type"":""Point"",""coordinates"":[80.35280691724532,24.060176963570758]}"
1898,324.5379927957393,2025-03-01,282.7224113373529,272,0,50,0.28695652173913044,2.2172447842194742E-4,1.7075798535430378,299.38943204425635,0.7038532654914392,"{""type"":""Point"",""coordinates"":[82.92491687509364,20.618803872716587]}"
1899,188.55381935027944,2025-03-01,287.85039334070115,186,0,40,0.30672033993067205,1.773786227090568E-4,3.2791485136316125,298.9690916424705,0.15508026537931097,"{""type"":""Point"",""coordinates"":[81.99138787905332,18.23637532618735]}"
1900,199.82172704053852,2025-03-01,280.3742261159988,646,0,40,0.243879472693032,3.2504913014008707E-4,1.478526981427571,296.69486940474735,0.8202666061914574,"{""type"":""Point"",""coordinates"":[80.82282582102093,22.367080847364676]}"
1901,132.66812123694882,2025-03-01,282.2892070497785,426,0,30,0.3175609069145191,2.862912098748893E-4,4.778583288068905,296.87686461494087,0.8957770666745959,"{""type"":""Point"",""coordinates"":[82.673013047571,22.81743122472137]}"
1902,227.15808619939367,2025-03-01,282.6319514229184,287,0,10,0.33593212565925246,8.477371613366813E-4,1.3637440606836204,298.8737779798962,0.47128340717031775,"{""type"":""Point"",""coordinates"":[83.50313293575823,21.971863949190517]}"
1903,270.0,2025-03-01,287.33985460372196,285,0,40,0.2666043030869972,2.2035357159211344E-4,1.4655284419714167,298.87298161642894,0.36142473971049904,"{""type"":""Point"",""coordinates"":[82.14838108668577,18.359740355167375]}"
1904,90.0,2025-03-01,283.28552750178744,317,0,40,0.14862277213138902,1.163732687814445E-4,1.0023703261830246,298.0445601599557,0.8109373441759029,"{""type"":""Point"",""coordinates"":[82.51011477506441,22.301266162379513]}"
1905,226.77696360197018,2025-03-01,283.06539985111783,237,0,40,0.47538200339558573,5.995285193307609E-4,3.3818607335454955,299.4171129408337,0.025811609219733373,"{""type"":""Point"",""coordinates"":[82.82408325552251,19.97882248528145]}"
1906,332.17786676279894,2025-03-01,286.2398267019363,147,0,10,0.4843581445523193,1.1768457096650309E-4,2.0965087775831,300.55154141925635,0.4251219584937113,"{""type"":""Point"",""coordinates"":[80.62450068056849,18.65786661320694]}"
1907,204.5364853386387,2025-03-01,289.2856902622041,696,0,10,0.6350710900473934,7.195275704248161E-4,24.406857277987267,296.6580099832444,0.5745701061418046,"{""type"":""Point"",""coordinates"":[84.0713015146111,19.097112619742315]}"
1908,294.7240487303409,2025-03-01,279.9437538782756,644,0,10,0.38867393598311645,2.8548654717042155E-4,8.800376585367427,294.7082273846581,0.9132334976770636,"{""type"":""Point"",""coordinates"":[81.73370094768538,22.939701291673053]}"
1909,180.0,2025-03-01,282.95928587232316,237,0,10,0.6443032949583168,1.5030471502086584E-5,0.4637353428839794,300.15368520645865,0.19845656653550334,"{""type"":""Point"",""coordinates"":[80.60843693847893,19.526124368747563]}"
1910,90.0,2025-03-01,283.0546053477696,561,0,10,0.5640373197625106,2.196234146936149E-4,0.49049372381042333,298.8954832440331,0.2652813269916062,"{""type"":""Point"",""coordinates"":[82.14280852242591,19.013391390786825]}"
1911,227.4116897186861,2025-03-01,281.9550075985136,459,0,30,0.21634786741119164,1.2242314022614664E-4,2.05495323475577,295.6587714694795,0.9179882848121377,"{""type"":""Point"",""coordinates"":[82.2205556717663,23.194926993068375]}"
1912,133.20514886998797,2025-03-01,281.51170635223383,367,0,10,0.334592382751023,1.5030471502086584E-5,2.0312998193783605,299.69290465400326,0.059383503695681635,"{""type"":""Point"",""coordinates"":[80.8257885347505,20.07686987270502]}"
1913,285.5293330440164,2025-03-01,284.15096532730826,494,0,10,0.6514827269948028,1.3364371460511393E-4,8.595568061550612,299.2628625688099,0.17421419092175358,"{""type"":""Point"",""coordinates"":[81.32670879301146,19.130071440798368]}"
1914,270.0,2025-03-01,281.20836162567133,745,0,40,0.3765949690120306,5.037140528543205E-4,2.0119220700700686,295.7910782496134,0.7425645272699912,"{""type"":""Point"",""coordinates"":[81.41049274659278,22.83608573877323]}"
1915,90.0,2025-03-01,284.2484239396595,223,0,40,0.5628482972136223,2.7864691418244547E-4,0.4988402248355395,298.254114196414,0.4517411340834048,"{""type"":""Point"",""coordinates"":[83.05685853863764,21.624231525956635]}"
1916,208.19497758758888,2025-03-01,283.704833212353,298,0,50,0.20536949903127594,1.6609994588634436E-5,1.0522403806709522,298.3228979110718,0.44266530069627297,"{""type"":""Point"",""coordinates"":[81.32855738752355,21.141159693430637]}"
1917,263.39082172718656,2025-03-01,280.3961464564006,593,0,30,0.39039039039039036,2.610486428125114E-4,4.022573832751569,297.36103616442,0.7062624060859184,"{""type"":""Point"",""coordinates"":[80.63752373819614,22.039135786071295]}"
1918,313.03924744255744,2025-03-01,283.5815189452399,311,0,40,0.18241841162044897,1.658019226624674E-5,0.6794495107847704,298.37313275110154,0.45576992538332833,"{""type"":""Point"",""coordinates"":[81.69419699723399,20.964977079161578]}"
1919,160.6307767125024,2025-03-01,290.4215022041684,181,0,40,0.48245326336503774,0.003184328643499157,1.4743777002588832,299.1535515104021,0.43091663434966276,"{""type"":""Point"",""coordinates"":[83.15433482235402,18.526543215855778]}"
1920,221.81074101073455,2025-03-01,281.87334255945115,476,0,10,0.38338960162052665,5.510699431283683E-4,13.436206705483137,295.4901400520688,0.5263468167455014,"{""type"":""Point"",""coordinates"":[82.38430084016863,23.83061797961341]}"
1921,270.0,2025-03-01,281.1541159039452,550,0,10,0.5291537196125022,1.3838228386475748E-4,1.0099276822291463,295.0258368991671,0.6970157304336762,"{""type"":""Point"",""coordinates"":[83.23175202436211,23.324262797602646]}"
1922,115.20819291553445,2025-03-01,290.33834325699576,113,0,40,0.4910048266783677,0.0069784325043542594,1.0887067722779378,297.8367848623367,0.2691245391836924,"{""type"":""Point"",""coordinates"":[84.3838918124951,19.69892435103608]}"
1923,218.3880867657057,2025-03-01,284.95314747946605,339,0,10,0.5968906163242643,2.847131889893717E-5,9.38158425394916,299.48817530132476,0.3855014192193645,"{""type"":""Point"",""coordinates"":[80.94946567731462,18.796949916945238]}"
1924,-0.0,2025-03-01,283.6659567242577,216,0,80,0.17829457364341086,1.543280285432047E-5,1.3909630807829783,300.37042395273835,0.1594373186471139,"{""type"":""Point"",""coordinates"":[80.59839553796591,19.332931222073103]}"
1925,126.80079056789572,2025-03-01,282.95795472462976,340,0,40,0.38408104196816206,3.264647404535026E-4,3.093608887307104,298.9901400520688,0.7142678796318305,"{""type"":""Point"",""coordinates"":[82.81657410628101,20.747771827715518]}"
1926,324.0109172029025,2025-03-01,281.5825245721,510,0,30,0.2994795329863553,2.1598753136231608E-4,1.7189088937268955,295.49667953309563,0.8892332036422531,"{""type"":""Point"",""coordinates"":[82.90033978529488,23.3712086823119]}"
1927,227.13513100252285,2025-03-01,283.4370981398083,264,0,40,0.32391206819201435,6.676730316712565E-5,0.6816742033049052,298.60177044641404,0.697175218951041,"{""type"":""Point"",""coordinates"":[81.81725046553848,21.857222290675665]}"
1928,313.35210063321824,2025-03-01,284.1906730561029,190,0,10,0.5969452694102673,1.5030471502086584E-5,2.0257792456639243,300.623493149167,0.20419352901090448,"{""type"":""Point"",""coordinates"":[80.44507745181718,19.252946010842287]}"
1931,58.57616231679545,2025-03-01,282.61668100811187,396,0,40,0.3754740834386852,3.4956154030396647E-4,1.7783963163756404,296.1729199999855,0.3809551138580351,"{""type"":""Point"",""coordinates"":[81.23905427310989,23.585484119123464]}"
1932,12.99702843258248,2025-03-01,280.6750422432309,456,0,10,0.33454987834549876,1.796585003717155E-4,6.6333380846423315,298.3847701208932,0.5896827742946226,"{""type"":""Point"",""coordinates"":[80.99866920310868,21.814084067868873]}"
1933,343.1804955260285,2025-03-01,282.7619969958351,605,0,40,0.3179419525065963,3.5073873203828043E-4,3.3873422790006336,298.61332062312533,0.2386425819754439,"{""type"":""Point"",""coordinates"":[81.47227503248322,19.062158810190127]}"
1934,90.0,2025-03-01,283.06539985111783,250,0,40,0.32323521006001715,5.995285193307609E-4,0.4935838752363242,299.4171129408337,0.025811609219733373,"{""type"":""Point"",""coordinates"":[82.8269261541259,20.028801522687825]}"
1935,137.01569950238596,2025-03-01,282.91961302076066,291,1,10,0.31316281971303805,0.001297707525907299,5.058257339143418,299.70407118116105,0.3738483953635231,"{""type"":""Point"",""coordinates"":[82.74418412977825,20.142476674085458]}"
1936,47.189948212561305,2025-03-01,282.94155079977855,268,0,40,0.5829685634699562,9.266552132203287E-5,1.364562221723612,298.49433694567,0.7509688542903097,"{""type"":""Point"",""coordinates"":[82.00953788255791,22.129496030460675]}"
1937,270.0,2025-03-01,282.95257200513566,274,0,40,0.39852486319295743,3.7547465962006754E-4,1.0014648919909208,298.1437800725301,0.7030150252666034,"{""type"":""Point"",""coordinates"":[82.19144295188356,22.174840735266876]}"
1938,133.42513435009877,2025-03-01,285.9095218749273,116,0,10,0.4207338795867474,1.6744105039379065E-5,0.6745997575141732,300.83092548733663,0.4200677509550978,"{""type"":""Point"",""coordinates"":[80.43202269422277,18.829018433910058]}"
1939,283.3259343993785,2025-03-01,285.90440073467437,310,0,10,0.742,1.3990220230652994E-4,6.0138070829638215,300.23916930244076,0.4269865543819252,"{""type"":""Point"",""coordinates"":[80.83432096643794,18.65321309879064]}"
1940,324.61989947369256,2025-03-01,280.00810237157907,638,0,30,0.25309150865622426,1.6878215490123694E-5,1.7058456427168722,298.34434740883955,0.08004905342398506,"{""type"":""Point"",""coordinates"":[81.25632323396611,20.152066055560308]}"
1941,-0.0,2025-03-01,288.1308062871297,63,0,60,0.08357482322939608,6.533679169251627E-5,0.463735342881014,301.59854430244087,0.9130952857957021,"{""type"":""Point"",""coordinates"":[80.70046205851209,18.13644681764143]}"
1942,75.8737778516005,2025-03-01,284.2777905691238,313,0,10,0.5049864007252947,4.6695439039012854E-5,13.06946850166634,299.25828202565515,0.4896142165658636,"{""type"":""Point"",""coordinates"":[83.07370801539565,20.809293306258738]}"
1943,45.142878881063226,2025-03-01,281.248301869347,718,0,10,0.6072446072446073,3.0603524845673746E-4,12.299577717705647,298.0926384244646,0.21828193798025647,"{""type"":""Point"",""coordinates"":[81.08811879932531,19.497464546968555]}"
1944,343.0466704559755,2025-03-01,285.36260618482316,169,0,40,0.2605416099913441,4.1681048077180094E-4,3.389739263873773,299.8699879873367,0.5421599891665475,"{""type"":""Point"",""coordinates"":[83.53671972920138,20.404331965864344]}"
1945,139.8764177436059,2025-03-01,285.9182469958351,884,0,10,0.4616040955631399,1.9879159134461588E-4,6.0422584383683375,296.2585901078724,0.062408882659471886,"{""type"":""Point"",""coordinates"":[82.62818858737444,18.333723077180757]}"
1946,61.19935565716332,2025-03-01,281.71183191026955,633,0,10,0.753393665158371,4.12012306867382E-4,16.82582271639116,295.2785805747622,0.7374252154623552,"{""type"":""Point"",""coordinates"":[83.01046212202449,23.611509940161497]}"
1947,352.42221695731126,2025-03-01,281.8769814173381,329,0,10,0.556872037914692,3.648814362122721E-5,3.7373396585328362,300.04057252974735,0.12961650995154472,"{""type"":""Point"",""coordinates"":[80.37471003802212,20.014265584506898]}"
1948,329.9288591424918,2025-03-01,282.4348485583351,746,0,40,0.424881033310673,9.774964730127067E-4,5.873923126296231,296.994831039792,0.18516260890944225,"{""type"":""Point"",""coordinates"":[83.02595168347631,19.601112659493527]}"
1949,57.72314025633573,2025-03-01,285.04302610669816,239,0,40,0.31878409976617306,4.4242557686402506E-4,3.4694311117118124,299.641809508914,0.2467126468471724,"{""type"":""Point"",""coordinates"":[81.88444557032508,18.66403594982106]}"
1950,64.70858652247041,2025-03-01,289.75753852299283,635,0,30,0.5551828245555183,4.8109409016205973E-4,6.485101482041866,297.246057555789,0.5995609057279397,"{""type"":""Point"",""coordinates"":[84.030182879665,19.085970260734854]}"
1951,64.99267838633482,2025-03-01,283.7682632718768,295,0,40,0.1976316864026133,2.1125046430370276E-5,1.0968806265568387,298.22262005578904,0.49824418084342925,"{""type"":""Point"",""coordinates"":[81.65343651916332,21.10421384158111]}"
1952,184.31716987723792,2025-03-01,282.86612297239765,616,0,30,0.3418467583497053,2.704661766870231E-4,6.4830998185248845,297.6298233668009,0.392500137885506,"{""type"":""Point"",""coordinates"":[81.60598613437209,18.883550624050788]}"
1953,224.05849784645474,2025-03-01,282.89951210930235,620,0,10,0.722488038277512,3.583532254083366E-4,16.321947208343175,295.2061986923218,0.4679889124151794,"{""type"":""Point"",""coordinates"":[82.40358593231002,23.910872576198194]}"
1954,226.69473847454117,2025-03-01,281.9351450148083,623,0,10,0.6962025316455697,8.644413630349845E-4,0.6760955869579538,298.2736280077979,0.24339509584324692,"{""type"":""Point"",""coordinates"":[82.31494062078083,19.519737743814943]}"
1955,203.1372207689098,2025-03-01,281.50794542403446,394,0,30,0.15874339727550738,1.5030471502086584E-5,2.5199181090226994,299.23974477677115,0.27322639053493153,"{""type"":""Point"",""coordinates"":[80.67469896495365,20.593007033536836]}"
1956,90.0,2025-03-01,280.8046460378738,605,0,10,0.5561009817671809,0.001936237184224865,1.0114302289525972,294.4714865457445,0.37921742064876646,"{""type"":""Point"",""coordinates"":[83.70745329177619,23.521147504202567]}"
1957,270.0,2025-03-01,281.1812736420404,620,1,40,0.36184016514302564,8.737560909821696E-5,0.9860912924366444,297.97384075891404,0.33522042578868366,"{""type"":""Point"",""coordinates"":[81.70186879511182,19.867392262855017]}"
1958,331.7301826621302,2025-03-01,284.21770872388566,360,0,10,0.3587839005009501,3.8808104199006266E-4,1.0529784407532472,298.33746496836346,0.49194070433482895,"{""type"":""Point"",""coordinates"":[83.23485366445632,21.600383818388888]}"
1959,132.8221977244112,2025-03-01,282.4473287945702,324,0,40,0.47213170982678787,1.5030471502086584E-5,0.6822217808253676,297.96453435080383,0.6918845645828651,"{""type"":""Point"",""coordinates"":[81.3697667562985,22.06942957342447]}"
1960,133.3281820065723,2025-03-01,282.17742552076066,581,0,10,0.28825622775800713,8.644413630349845E-4,1.3514296755133246,298.30575575147355,0.21943593437141348,"{""type"":""Point"",""coordinates"":[82.295370900838,19.38948339999369]}"
1961,301.69831638287235,2025-03-01,281.37107553936187,585,0,10,0.4982626824183461,9.339567822053141E-5,1.7645895639094813,297.9957436606997,0.8876326207018984,"{""type"":""Point"",""coordinates"":[80.24305389131767,22.12593484149109]}"
1962,312.6135019960045,2025-03-01,280.8003793898083,776,0,30,0.18414558914250462,2.2533055943085856E-4,0.6849180707628474,295.5664863132296,0.6228512850574629,"{""type"":""Point"",""coordinates"":[80.76097195116574,23.076652810441207]}"
1963,85.47814326106858,2025-03-01,286.90513315654937,189,0,10,0.5037349788892498,1.2808558147980875E-4,5.8616191023796915,301.7482780729021,0.6474512530140359,"{""type"":""Point"",""coordinates"":[80.99680026162957,18.372489728623012]}"
1964,294.91674594291385,2025-03-01,282.38135269709994,301,0,40,0.350920245398773,1.5030471502086584E-5,1.100611057379058,298.36113498324437,0.7005705075920624,"{""type"":""Point"",""coordinates"":[80.34047458892388,21.708674100953846]}"
1965,208.96829837694256,2025-03-01,282.86612297239765,646,0,10,0.6553381393752146,2.704661766870231E-4,21.23395164245298,297.6298233668009,0.392500137885506,"{""type"":""Point"",""coordinates"":[81.63495496866226,18.87722126157079]}"
1966,199.48687638151202,2025-03-01,281.7231786364601,610,0,30,0.4695759065765212,7.044788998200602E-5,4.418534848593735,297.7470864341372,0.3216493725522017,"{""type"":""Point"",""coordinates"":[81.59419986891504,19.611598027772267]}"
1967,90.0,2025-03-01,283.8531777064005,224,1,40,0.31025473546701504,0.0014152329842431755,1.0002011795850043,298.49562159038726,0.41827199868601994,"{""type"":""Point"",""coordinates"":[83.95791123547569,21.99536894494956]}"
1968,148.76120581299432,2025-03-01,288.4219962982905,498,0,30,0.6608749612162581,0.0035660218874795646,7.549380737807067,296.94633424849735,0.21418271404426595,"{""type"":""Point"",""coordinates"":[84.15111722506722,19.592522927531416]}"
1969,227.1647968300278,2025-03-01,283.05510525476365,295,0,10,0.4155455904334828,1.5030471502086584E-5,2.0453915955586295,298.37992218562533,0.7180326239529303,"{""type"":""Point"",""coordinates"":[81.56810531945388,22.00482568942662]}"
1970,252.45847166591608,2025-03-01,285.74301796867735,1035,0,40,0.3015066869815473,0.0026818316857202262,4.60601207479998,295.1555860156104,0.20175286554357433,"{""type"":""Point"",""coordinates"":[82.94224131404455,18.506857252813866]}"
1971,75.94231282293039,2025-03-01,281.2439422153291,543,0,30,0.32454488386691777,2.2920486134125895E-4,5.708674840709701,295.08092548733663,0.6964822111285466,"{""type"":""Point"",""coordinates"":[83.26894378988621,23.34639758879797]}"
1972,313.21698343962385,2025-03-01,279.8545379184541,660,0,40,0.27717327717327717,1.57306758580944E-4,1.354217461993283,298.18399352119087,0.3934162317158884,"{""type"":""Point"",""coordinates"":[81.97930147562943,20.012000004940944]}"
1973,90.0,2025-03-01,283.9254549571446,303,0,30,0.278916060806345,2.1050540624401037E-5,2.9791753334466473,298.0905051004319,0.5298156584802468,"{""type"":""Point"",""coordinates"":[81.8811236390278,21.07160982904181]}"
1974,-0.0,2025-03-01,282.44173099881124,416,0,40,0.3082287308228731,6.779086272103996E-4,1.3909630807829783,295.4799035844349,0.567420819779967,"{""type"":""Point"",""coordinates"":[83.06157777372574,23.949042524462246]}"
1975,58.59064626959744,2025-03-01,281.7314387276059,475,0,40,0.37318840579710144,2.741169611795158E-4,1.7791320228049554,296.0313009988694,0.5515325471584753,"{""type"":""Point"",""coordinates"":[81.65803531811008,23.66068503169186]}"
1976,238.4466855037828,2025-03-01,280.82497365134105,742,0,30,0.20126582278481012,1.8129762810303873E-4,3.5403205687488613,294.7577937444051,0.6136204933517603,"{""type"":""Point"",""coordinates"":[81.27002915846649,22.909178389496983]}"
1977,294.6466955743989,2025-03-01,280.6542844772339,638,0,40,0.20767269098569685,0.0057801258246286125,2.2229672191706595,294.263135773795,0.7805858249450394,"{""type"":""Point"",""coordinates"":[84.08783227690171,23.415673411837755]}"
1978,84.33398433466874,2025-03-01,281.54562446049283,716,0,10,0.6440742143127604,6.813820999695963E-5,9.311410885770703,298.76678044455394,0.3191575242169828,"{""type"":""Point"",""coordinates"":[81.29572462135198,19.518292692360703]}"
1979,151.48652928353246,2025-03-01,280.88325350625166,700,0,40,0.1725263314048361,3.854435364587516E-4,2.1100862826204385,295.5856687909081,0.6421571465967857,"{""type"":""Point"",""coordinates"":[80.9294277544676,23.019841735713108]}"
1980,339.9561379676136,2025-03-01,283.2444421223232,360,0,40,0.7880009485416173,1.5030471502086584E-5,1.4806062709984564,295.8419815699259,0.577511395655153,"{""type"":""Point"",""coordinates"":[80.59492378828138,23.985458479657417]}"
1981,199.5422089280315,2025-03-01,283.44037659962976,216,0,30,0.17729591836734693,8.814584891183586E-4,1.4759502958121966,299.37821901412235,0.20006061331666827,"{""type"":""Point"",""coordinates"":[82.84878504418484,20.098291608975916]}"
1982,342.89142472509855,2025-03-01,280.1801459448678,616,0,30,0.31211123307720456,2.0364936989381022E-4,3.392547322727071,298.23441437312533,0.6239355423033015,"{""type"":""Point"",""coordinates"":[80.80960254700214,21.83835769019116]}"
1983,121.81231908580646,2025-03-01,283.9681563150315,230,0,10,0.3420513628485899,6.113153378350944E-4,1.7589296220610429,298.6373568489438,0.5896130398394668,"{""type"":""Point"",""coordinates"":[83.30506208881064,21.488618361420315]}"
1984,-0.0,2025-03-01,282.06175518035883,301,0,40,0.3802902055622733,1.5030471502086584E-5,0.0,298.3596236365183,0.6304987942881652,"{""type"":""Point"",""coordinates"":[80.36691150324927,21.56943881767515]}"
1985,65.02786932637251,2025-03-01,284.8237064452398,174,0,40,0.19187264348554672,9.689432064874381E-4,1.0983266599765042,299.6123847507296,0.605174027058485,"{""type"":""Point"",""coordinates"":[83.56345873824468,21.34066637708807]}"
1986,90.0,2025-03-01,281.5676668712071,528,0,10,0.6408708773442552,7.37559477670402E-5,2.0052288466499375,297.73165325891404,0.7296096302387475,"{""type"":""Point"",""coordinates"":[81.81611512856597,22.377036568835404]}"
1987,212.5703351918062,2025-03-01,280.1058225631714,813,0,30,0.28663793103448276,1.3340529602601237E-4,2.7493313696133286,297.81739893413726,0.17535697535484146,"{""type"":""Point"",""coordinates"":[81.45363731922282,20.071165776846136]}"
1988,65.00626187489368,2025-03-01,283.91631130945115,296,0,30,0.3248745942755975,2.6474563298961584E-5,1.0974382862182246,298.2371347972325,0.5459600811478054,"{""type"":""Point"",""coordinates"":[81.67564546911466,21.196567966782226]}"
1989,69.30168156020076,2025-03-01,283.83276871272494,590,0,30,0.5943454210202828,3.497254530770988E-4,2.622294793066045,297.5573310397921,0.4258069924559799,"{""type"":""Point"",""coordinates"":[82.58541123554332,19.16349615238488]}"
1990,226.94930213208434,2025-03-01,283.578885714213,188,0,10,0.34692587324166274,8.183237713410563E-5,0.6793041558612428,300.33831946055096,0.3690754847485445,"{""type"":""Point"",""coordinates"":[83.44270151837192,20.905076582451976]}"
1991,90.0,2025-03-01,280.2538473492577,797,0,30,0.23978685612788633,0.006242046920476696,4.523254772614021,294.110530444554,1.0997189992911727,"{""type"":""Point"",""coordinates"":[83.97188426146633,22.956291453172714]}"
1992,227.0846733723772,2025-03-01,283.7343974794661,275,0,40,0.5615062761506276,6.244596642090983E-5,1.3618642764295004,298.27504053569976,0.6177447795315931,"{""type"":""Point"",""coordinates"":[81.75615008104155,21.603239157716136]}"
1993,115.32196748237484,2025-03-01,289.1602949869065,162,0,40,0.709741550695825,0.005936170784650585,1.0841367443779184,298.1574693861462,0.5445359864203175,"{""type"":""Point"",""coordinates"":[83.34712349226697,18.85619238821728]}"
1994,114.9112483447976,2025-03-01,284.5836987722488,207,0,60,0.09652630753548185,2.161216418130607E-4,1.1008383858241608,298.401069414048,0.36150979063352123,"{""type"":""Point"",""coordinates"":[83.01044595048566,21.744169413958865]}"
1995,46.920726755500915,2025-03-01,286.11509990692144,127,1,40,0.3159500693481276,1.2118634384705729E-4,0.6789418013077384,299.97685763949437,0.24600365428793425,"{""type"":""Point"",""coordinates"":[83.94148048823126,20.755139457138025]}"
1996,28.273489759006427,2025-03-01,284.70282777150476,260,0,10,0.43839654156022795,0.0013659101406915397,2.1053185836179593,298.2734419958932,0.49157117213250645,"{""type"":""Point"",""coordinates"":[83.57418564328437,21.62322147138331]}"
1997,-0.0,2025-03-01,285.7774185453143,120,1,10,0.4738878143133462,1.5239087758800451E-5,0.463735342881014,301.60257843562533,0.41123059150031466,"{""type"":""Point"",""coordinates"":[80.21525974971718,18.827221795449706]}"
1998,231.1625488925328,2025-03-01,280.6628759020851,583,0,10,0.44047619047619047,2.020117443635172E-5,10.242380232483868,296.41210224514913,0.6903775628807983,"{""type"":""Point"",""coordinates"":[80.39187887274072,23.057358427831513]}"
1999,348.13474208140644,2025-03-01,288.16352694375183,242,0,10,0.48270823185582074,2.2619482678010172E-4,20.41410050104645,301.0098456882295,1.0003920119760885,"{""type"":""Point"",""coordinates"":[80.63926340671674,17.837838646253193]}"
2000,98.55694192964751,2025-03-01,288.86275150662374,354,0,10,0.7509307520476545,0.004544953672109386,20.845861449252432,298.1100305375599,0.6106843937255797,"{""type"":""Point"",""coordinates"":[83.4208480041638,18.951419191744407]}"
2001,90.0,2025-03-01,283.3519395646595,257,0,10,0.3057471264367816,7.234763781411857E-4,1.4987246928878277,298.96221501486633,0.4228773603504311,"{""type"":""Point"",""coordinates"":[83.59164008102802,21.86457361824197]}"
2002,290.1092562120879,2025-03-01,280.9861936569214,524,0,30,0.2792207792207792,2.476077954156608E-4,2.695682802013669,295.98784978049144,0.5344834645800423,"{""type"":""Point"",""coordinates"":[81.98524493041906,23.747334134501624]}"
2003,46.8015453056046,2025-03-01,285.3375003905523,217,0,10,0.4637305699481865,5.607556979043693E-4,1.3546835983400496,299.39993009113135,0.4902272059290181,"{""type"":""Point"",""coordinates"":[83.34504943944519,20.113445842340834]}"
2004,153.95050293422693,2025-03-01,284.199962025597,298,0,10,0.4177321316285894,1.300376335962028E-4,5.659521041866736,298.25363172803605,0.4651352376931881,"{""type"":""Point"",""coordinates"":[82.53228121454227,21.577669943811717]}"
2005,84.76921996455125,2025-03-01,291.26901313236783,1070,0,30,0.3856862395145458,0.0013333660046441764,28.043419349682782,298.21969618116105,0.6627418305049847,"{""type"":""Point"",""coordinates"":[83.98155565902668,18.914039834413142]}"
2006,180.0,2025-03-01,281.9441433407011,414,0,40,0.2556315140647764,0.005830357639013073,0.4637353428839794,296.8696159635271,0.7924200936531598,"{""type"":""Point"",""coordinates"":[84.24043418523665,22.635569632526142]}"
2007,270.0,2025-03-01,284.96912125178744,316,0,40,0.35409227253249537,4.717361609323234E-4,0.9876400989628159,298.94119566962826,0.47468031922401194,"{""type"":""Point"",""coordinates"":[83.61012947231482,20.114603339272566]}"
2008,270.0,2025-03-01,285.0126712889898,304,0,10,0.5438743455497382,1.5581814466258948E-5,0.980314566153632,300.1492674237206,0.28760125616807347,"{""type"":""Point"",""coordinates"":[80.55450160120778,18.911077373580973]}"
2009,270.0,2025-03-01,285.85882781800774,584,0,40,0.24769847286905664,0.004716466037450573,1.9763185126291787,295.9539258593605,0.3987188155054746,"{""type"":""Point"",""coordinates"":[84.34187380941243,20.2431411755239]}"
2010,85.23572032613103,2025-03-01,289.3121678942726,574,0,10,0.5177581297767121,0.0028620761315210075,16.296322555724622,295.9560708091372,0.40513441162276737,"{""type"":""Point"",""coordinates"":[84.32699723018706,19.166190014069606]}"
2011,295.420915354467,2025-03-01,287.64842510223394,103,0,10,0.522136845956824,5.046543282105631E-5,1.0801967908733878,301.94107941218783,0.9651149637017734,"{""type"":""Point"",""coordinates"":[80.89870987717435,18.09113467053684]}"
2012,63.67188074039088,2025-03-01,283.5216754277547,289,0,10,0.3408177408177408,1.4662262600495524E-4,17.236117891703806,298.7520506268456,0.6397634594030039,"{""type"":""Point"",""coordinates"":[83.1969523049474,21.335289121984726]}"
2013,133.48301469061195,2025-03-01,293.5883606956118,48,0,40,0.17048994619088076,0.0050710838715417594,0.6738809206741807,299.542915117173,0.9373687407981943,"{""type"":""Point"",""coordinates"":[83.75403476856877,18.48635628412561]}"
2014,257.1095877422564,2025-03-01,282.99751713162374,389,0,40,0.7825488576933664,1.5030471502086584E-5,2.0778537147287106,296.0542095275153,0.34672520633443654,"{""type"":""Point"",""coordinates"":[80.69629574975387,23.735140489865714]}"
2015,342.9208156119039,2025-03-01,283.4421378998529,280,0,30,0.18006216696269983,1.848754089905924E-5,3.392013441848995,298.8438184374855,0.580460230571191,"{""type"":""Point"",""coordinates"":[81.55564570886138,21.576504820767536]}"
2016,57.653462930934666,2025-03-01,286.45277545565654,186,0,10,0.3983447283195394,6.5754024205944E-5,5.186296212698458,301.62272585005985,0.7185435380999327,"{""type"":""Point"",""coordinates"":[80.35351547473519,18.200798815164184]}"
2017,194.90022706340696,2025-03-01,280.5373992465791,650,0,40,0.2644492911668484,4.851338070466227E-5,1.9188081499559488,297.26873938242596,0.15498003484618117,"{""type"":""Point"",""coordinates"":[81.35151625110403,20.023326526132287]}"
2018,156.47066454954333,2025-03-01,280.8119528180077,760,0,40,0.21828229334561364,0.006221170393644115,2.527358470429291,294.27222129276817,1.0070007356266732,"{""type"":""Point"",""coordinates"":[84.09033366761095,23.270319243870137]}"
2019,256.62232253431716,2025-03-01,291.84563841138566,93,0,10,0.6649962034927867,0.016078467337308666,2.003538297888739,298.72995590028313,0.3244975564502827,"{""type"":""Point"",""coordinates"":[82.97195539687718,17.957002072890276]}"
2020,180.0,2025-03-01,280.9803168433053,645,0,40,0.5897018970189702,2.5073854146739905E-5,1.8543341688414132,297.9443229947771,0.46185207783539317,"{""type"":""Point"",""coordinates"":[82.08010321306585,19.776350664029117]}"
2021,11.501128264157702,2025-03-01,284.67967510223394,245,0,10,0.6056782334384858,1.5030471502086584E-5,12.120357824412734,300.3397668656849,0.3003249999259099,"{""type"":""Point"",""coordinates"":[80.40790890658873,19.068920493786713]}"
2022,25.421516068098853,2025-03-01,281.4174041293916,397,0,10,0.5477668736230723,1.5030471502086584E-5,4.611175147764752,299.1380078906104,0.35508713912666146,"{""type"":""Point"",""coordinates"":[80.49846696005064,20.756730557774706]}"
2023,312.4982315572024,2025-03-01,282.42902406056726,406,0,10,0.4762643499844865,3.697675148828239E-4,5.474901523737816,296.2390879222325,0.42716423228884026,"{""type"":""Point"",""coordinates"":[81.25555439140506,23.613062018801593]}"
2024,350.78047608887164,2025-03-01,279.6514012927101,919,0,40,0.3241082410824108,2.149295489175529E-4,9.313389954601783,296.34295813242596,0.8759770004957345,"{""type"":""Point"",""coordinates"":[81.18446673944845,22.461771872964718]}"
2025,64.84560157420904,2025-03-01,280.69482344672787,537,0,30,0.2378957169459963,3.152143637521476E-4,2.180974675301101,298.75337014879506,0.3508401219892611,"{""type"":""Point"",""coordinates"":[82.05543197181152,20.084720725412193]}"
2026,270.0,2025-03-01,281.7778777622041,477,0,30,0.3346747149564051,4.2019304436280436E-4,1.0106174992720562,295.99722594306587,0.49348011331761754,"{""type"":""Point"",""coordinates"":[81.54285816026254,23.415242159314985]}"
2027,44.74512323197315,2025-03-01,285.8955884206863,271,0,10,0.7057872615583576,3.833424727304191E-4,10.964110067758924,300.6279981249855,0.30400749577164826,"{""type"":""Point"",""coordinates"":[81.77363239592968,18.27018450201143]}"
2028,312.605711309089,2025-03-01,281.4022906621297,510,0,40,0.11144535840188013,1.7211851280762858E-4,0.6850193131321796,295.65652188800635,0.798083023628707,"{""type"":""Point"",""coordinates"":[82.76917809524049,23.11301925625128]}"
2029,47.196034720275115,2025-03-01,282.222196261088,350,1,40,0.3449675324675325,4.063066643311686E-5,2.046594359622561,298.0217039471581,0.7217163793946035,"{""type"":""Point"",""coordinates"":[81.3317504989325,22.158806145068144]}"
2030,160.52138476475957,2025-03-01,284.23507177262076,282,0,40,0.351010101010101,3.705274741037101E-4,1.4753702193627019,298.93326691218783,0.38101972738045475,"{""type"":""Point"",""coordinates"":[82.70899378818619,19.537886408237352]}"
2031,69.25148253868193,2025-03-01,279.831553822472,827,0,10,0.44068400427502674,1.7185029190613932E-4,9.086256120272523,294.90201691218783,0.4420898490636602,"{""type"":""Point"",""coordinates"":[81.16209774979563,23.06935844986047]}"
2032,283.00766236498845,2025-03-01,281.4246469679333,580,0,40,0.26976744186046514,0.003157521454511425,2.0594585741878277,296.14934880392894,0.8480654846473716,"{""type"":""Point"",""coordinates"":[83.61141388265146,22.476001755072396]}"
2033,72.59310460096727,2025-03-01,281.27759874434696,580,0,40,0.2593643586833144,1.725357453210563E-4,4.640371334927645,297.92236196427115,0.47844896287660577,"{""type"":""Point"",""coordinates"":[82.24181930198907,19.857493817220853]}"
2034,312.8583078417774,2025-03-01,283.0038008462815,275,0,40,0.5264330565120519,1.544770401551432E-5,0.6817583173081451,298.6074670609974,0.6781702883703806,"{""type"":""Point"",""coordinates"":[81.58862247258902,21.889427966875854]}"
2035,313.0790631748863,2025-03-01,281.911881900969,333,0,40,0.25196204755769,1.5030471502086584E-5,2.036071235350009,299.20454202379506,0.3250439101078014,"{""type"":""Point"",""coordinates"":[80.67866954369008,20.756398307295143]}"
2036,107.09647598639718,2025-03-01,280.4065631230672,777,0,40,0.35765895953757226,6.890099922998161E-4,1.5770662041337071,295.3499219531105,0.8377144558408225,"{""type"":""Point"",""coordinates"":[81.44670702146979,22.6734295048464]}"
2037,203.57107825360646,2025-03-01,282.44688120342437,424,0,10,0.5942240906598428,4.1080531281068033E-4,2.5281600982688133,295.5945624851045,0.9973904591160784,"{""type"":""Point"",""coordinates"":[82.83045177735966,23.534049532888588]}"
2038,331.4805833068931,2025-03-01,281.1527091889155,604,0,40,0.33131259884027414,4.7397133511140055E-4,1.0554604977114324,295.27674952007476,0.7000964746695407,"{""type"":""Point"",""coordinates"":[83.23543277471217,23.05282470579432]}"
2039,50.96969730701468,2025-03-01,284.8598508834839,1111,0,30,0.5368583558471632,1.7114993733002848E-4,20.442166959974116,294.7431685583932,0.10310944629585445,"{""type"":""Point"",""coordinates"":[82.48030051316249,18.11596784014581]}"
2040,331.52619727002843,2025-03-01,280.8874271483648,760,0,40,0.28844884488448846,5.949091593606681E-4,1.0550045361109537,295.7745638801938,0.8182645627564007,"{""type"":""Point"",""coordinates"":[81.48494971825859,22.795949683855703]}"
2041,227.19197604693716,2025-03-01,280.2332930337815,604,0,10,0.6026435357290376,1.961689869744987E-4,2.7276822796806135,297.34284768785744,0.7679815229330016,"{""type"":""Point"",""coordinates"":[80.39523256374669,22.139362040598773]}"
2042,196.96466302278444,2025-03-01,284.4088592075166,495,0,30,0.3144556503749677,3.3857938450410074E-4,3.389943264880089,297.8541479110718,0.29912080269958075,"{""type"":""Point"",""coordinates"":[84.24119806636168,20.512518817184787]}"
2043,35.28469686267476,2025-03-01,281.6212557383946,596,0,30,0.30417495029821073,4.727658432557291E-5,1.7038344769101421,297.72524166107183,0.33281792970565205,"{""type"":""Point"",""coordinates"":[81.66536204356603,19.592505210419937]}"
2044,28.36732785863854,2025-03-01,282.76257828303744,290,0,40,0.27235977766548763,2.4304804009034342E-4,1.053944331116888,298.28084759485154,0.7397072536064119,"{""type"":""Point"",""coordinates"":[82.06887639289224,22.182006690138394]}"
2045,107.12888839099101,2025-03-01,279.5093928291684,689,0,10,0.6931982633863966,2.949189822061271E-4,1.5741726207522504,296.7078960509527,0.881299024154737,"{""type"":""Point"",""coordinates"":[81.0515516931282,22.395858720386517]}"
2046,270.0,2025-03-01,281.5560469400315,404,0,10,0.4284738818709457,1.739975613190836E-5,1.9808502597211122,298.820270492917,0.22440900143137363,"{""type"":""Point"",""coordinates"":[81.7581032678875,20.595721885658463]}"
2048,218.37220907359026,2025-03-01,286.2398267019363,146,0,40,0.3706733794839522,1.1768457096650309E-4,2.3647208654997676,300.55154141925635,0.4251219584937113,"{""type"":""Point"",""coordinates"":[80.58477610887321,18.70034691745349]}"
2049,107.25174905268945,2025-03-01,282.5733518600464,443,0,40,0.34,1.5030471502086584E-5,4.680637743604113,297.9546931584676,0.5199797116698281,"{""type"":""Point"",""coordinates"":[80.79451990676293,21.310633540997497]}"
2050,270.0,2025-03-01,285.90523197537374,200,0,30,0.23553262071507555,6.666731516702384E-4,1.4967940473389112,298.8260077976046,0.4132979534029845,"{""type"":""Point"",""coordinates"":[83.77122574272205,21.679180904152695]}"
2051,115.42161887377911,2025-03-01,288.1308062871297,77,0,40,0.7647389107243122,6.533679169251627E-5,1.0801688918369927,301.59854430244087,0.9130952857957021,"{""type"":""Point"",""coordinates"":[80.68256909498983,18.085164540104806]}"
2052,100.54238368945673,2025-03-01,280.4775092261178,681,0,10,0.6844993141289437,2.835210960938639E-5,7.559752975338612,298.103473617917,0.5354102817411914,"{""type"":""Point"",""coordinates"":[80.72962557033449,21.48387001198029]}"
2053,270.0,2025-03-01,282.8119005021595,289,0,10,0.6657243816254417,3.167789856775016E-4,0.501794145927771,297.67597757066994,0.918036158958087,"{""type"":""Point"",""coordinates"":[82.69452339029924,22.458789621058447]}"
2054,331.614533397656,2025-03-01,283.4340231305077,295,0,40,0.170993733213966,1.2202080887391276E-4,1.0541245367680767,298.3162828627087,0.8235157239302485,"{""type"":""Point"",""coordinates"":[82.61233255989502,22.287443966930766]}"
2055,84.30591280992654,2025-03-01,285.6401998883202,393,0,10,0.7329900698786318,8.199628990723795E-5,9.266451870902692,299.8965876897176,0.46009172939568477,"{""type"":""Point"",""coordinates"":[80.93163535457795,18.69492602944713]}"
2056,199.56820494207253,2025-03-01,281.58562283288865,356,0,30,0.26462972553081304,1.5030471502086584E-5,2.9504189585539344,299.6457738876343,0.17767807962610657,"{""type"":""Point"",""coordinates"":[80.66892467237781,20.3225138592208]}"
2057,234.14763470977158,2025-03-01,280.7916252045404,772,0,10,0.3226480836236934,3.7337509809276526E-5,20.46146546417189,298.9732885360718,0.5643601376365119,"{""type"":""Point"",""coordinates"":[82.51137318408118,20.49215036058212]}"
2058,333.80831686115204,2025-03-01,285.7540682383946,264,0,10,0.6061825792947996,0.0015437704007013053,12.214960582282087,298.8209215345837,0.5376415300781001,"{""type"":""Point"",""coordinates"":[84.1849033985054,21.283468194883536]}"
2059,208.12691067690963,2025-03-01,281.32164287567144,390,0,10,0.41194724592707527,1.5030471502086584E-5,1.051571567810215,299.29046208517894,0.33618049137354716,"{""type"":""Point"",""coordinates"":[80.50779386849662,20.71341815192568]}"
2060,36.9544200550723,2025-03-01,286.12473764873687,178,0,10,0.42154255319148937,1.0913130444123453E-4,4.055485451963286,301.7488651729765,0.64803917727234,"{""type"":""Point"",""coordinates"":[80.31071904841272,18.29382490339658]}"
2062,67.29069341242193,2025-03-01,282.0877910341535,499,0,10,0.648689138576779,7.309418598993034E-4,18.543990325937667,295.716510727292,0.6966688303430427,"{""type"":""Point"",""coordinates"":[83.02448026424213,23.727468387616646]}"
2063,101.8867394140066,2025-03-01,285.5525999069214,892,0,10,0.4174382716049383,4.922401587350578E-4,4.49363409453881,296.02152956099735,0.17355919838826547,"{""type"":""Point"",""coordinates"":[82.80469876684289,18.69985827571433]}"
2064,301.86754666935656,2025-03-01,285.13554377782907,158,0,40,0.24708624708624707,0.0010691684166772575,1.7562032381827126,299.6531969252087,0.6004900435311143,"{""type"":""Point"",""coordinates"":[83.6830980831627,21.173400933954866]}"
2065,221.80209186969887,2025-03-01,283.29536869412374,447,0,10,0.5653384374456238,5.463909785135002E-4,6.810837424621481,295.83190204983663,0.6498005780765527,"{""type"":""Point"",""coordinates"":[82.6557120768826,23.791071315403066]}"
2066,226.97159956289013,2025-03-01,287.2800924664452,144,0,30,0.3135653917776823,9.726833979470939E-4,1.3589834157309717,299.10601384299144,0.6129869518365394,"{""type"":""Point"",""coordinates"":[84.33517027688315,21.02175512428403]}"
2067,126.4340317018829,2025-03-01,282.00789310818624,451,0,40,0.29101475189986586,0.0032986950556619377,3.120318957272428,295.836377961295,0.9531151032408974,"{""type"":""Point"",""coordinates"":[83.80331330690377,22.672106384163033]}"
2068,244.95285049985904,2025-03-01,286.5160601933797,112,0,40,0.23832108133744367,2.944123427255363E-4,1.0952491394930064,299.8124986830212,0.32537377921223154,"{""type"":""Point"",""coordinates"":[84.18317686869514,20.83372324014641]}"
2069,99.48808753485545,2025-03-01,280.4745097841535,742,0,40,0.27735537190082643,2.371918837411613E-4,11.111620305892968,295.25235870906283,0.4021287072070479,"{""type"":""Point"",""coordinates"":[81.17939143450414,23.18943150995591]}"
2070,132.85218182903577,2025-03-01,284.00168496086485,222,0,40,0.550071972033724,3.6300238770081705E-4,1.3634806943157358,298.35538023994087,0.36527095476849575,"{""type"":""Point"",""coordinates"":[82.91722100272041,21.920439919837968]}"
2071,180.0,2025-03-01,281.15532498132615,473,0,40,0.21827247868746985,4.069027107789225E-5,0.4637353428839794,297.17482080913726,0.8124562382497452,"{""type"":""Point"",""coordinates"":[80.52361549468503,22.66951403872653]}"
2072,190.2507658981279,2025-03-01,279.9622795014154,800,0,40,0.28905843592855907,5.193602721078605E-4,2.825313943889629,295.168903305417,0.8735173640666203,"{""type"":""Point"",""coordinates"":[81.55661190304065,22.8375623545545]}"
2073,90.0,2025-03-01,284.3242993581863,272,0,40,0.3511686848774993,2.1318761525890295E-5,0.9963653807070468,298.0499370665778,0.609246088184752,"{""type"":""Point"",""coordinates"":[82.0109548594352,21.443107788298175]}"
2074,218.74397852779964,2025-03-01,282.605985323588,335,0,30,0.2500634678852501,1.0251518887116617E-4,2.3769689656820945,299.0727990922474,0.47452221536631023,"{""type"":""Point"",""coordinates"":[82.48130705952534,20.82332740518619]}"
2075,187.9306000338679,2025-03-01,282.0428982235137,368,0,10,0.32243589743589746,1.74742619378776E-5,10.644948021735994,299.8142367317563,0.3699091285731734,"{""type"":""Point"",""coordinates"":[82.18565070990648,20.55717498013088]}"
2076,259.5341085052581,2025-03-01,281.84441189538865,428,0,10,0.3844940867279895,0.004927377072988293,2.5512718611006298,296.9123463857742,0.7534601666444795,"{""type"":""Point"",""coordinates"":[84.09819366455734,22.5389452492549]}"
2077,90.0,2025-03-01,283.93463929494226,217,0,40,0.18265756724207147,4.337381998880119E-4,1.9969994892373908,298.4444101878575,0.36491605181924186,"{""type"":""Point"",""coordinates"":[83.16374161053996,21.796414799150234]}"
2078,86.84291619689637,2025-03-01,280.22910776592437,705,0,10,0.4959159859976663,1.7082211178376383E-4,23.79241520516606,295.03185322171163,0.4190934682093452,"{""type"":""Point"",""coordinates"":[81.07256635791516,23.1775558049477]}"
2079,35.53673838908126,2025-03-01,283.1051715215047,318,0,40,0.22293295427623785,3.1756874722077555E-4,3.4153000708326537,298.64211759113124,0.5001669482442219,"{""type"":""Point"",""coordinates"":[82.4852026468024,21.034497379491057]}"
2081,263.43767536177705,2025-03-01,280.82390408288865,659,0,30,0.16092350103376982,4.018795172555656E-4,4.051072265826695,295.8947798865182,0.699899011898518,"{""type"":""Point"",""coordinates"":[80.80780616058858,23.02954635306672]}"
2082,294.9428388984002,2025-03-01,284.2220916293916,259,0,40,0.28930191392853194,4.8140851674816076E-5,1.099533517374463,298.22271306174144,0.605371467407911,"{""type"":""Point"",""coordinates"":[82.10281440827164,21.5360918659175]}"
2083,114.99876679476482,2025-03-01,284.4078535806565,270,0,30,0.2440305635148042,2.370294731690592E-5,1.0972317647854275,298.0495534170242,0.5856005035773981,"{""type"":""Point"",""coordinates"":[82.00855195162411,21.162310475200485]}"
2084,-0.0,2025-03-01,284.51059028080533,246,0,40,0.16687453230231977,2.116512934549064E-4,0.0,298.36381471724735,0.46423984878577995,"{""type"":""Point"",""coordinates"":[82.49963157187996,21.807888010551864]}"
2085,72.42621938762558,2025-03-01,286.69907846904937,166,0,10,0.36264402668283807,1.6566631001069254E-4,1.5355506433377484,300.882526352292,0.6927352916517945,"{""type"":""Point"",""coordinates"":[81.36976140113951,18.16798261356857]}"
2086,275.3800302895269,2025-03-01,281.6045321055821,636,0,40,0.3442871587462083,4.776817242486686E-4,4.933790167326672,297.77291883741105,0.3313826578884238,"{""type"":""Point"",""coordinates"":[82.40067694324969,19.64999637638861]}"
2087,265.7397006438577,2025-03-01,284.18700513385596,373,0,10,0.3793103448275862,1.7056879204346842E-4,12.29294727955203,298.46013400668187,0.5678107679755448,"{""type"":""Point"",""coordinates"":[83.13636238709408,21.382430034005857]}"
2088,107.32612099316121,2025-03-01,284.89852392105826,179,0,30,0.27588424437299036,1.013677994592399E-4,1.5568018476077277,299.6713854017712,0.21108832413539705,"{""type"":""Point"",""coordinates"":[83.51711404259527,20.626907177043652]}"
2089,327.26373303501606,2025-03-01,287.4579024087815,164,0,10,0.646379853095488,0.0012287896553857536,5.49618850112084,298.94113172803605,0.6918739503214707,"{""type"":""Point"",""coordinates"":[84.35132138598567,21.04544169912421]}"
2090,151.0296314348975,2025-03-01,284.5689980189006,1205,0,10,0.41575445374543896,2.375346104486198E-4,19.369531606675114,293.9770727157593,0.12169375501406371,"{""type"":""Point"",""coordinates"":[82.58937037633915,18.07345281138995]}"
2091,90.0,2025-03-01,283.95835581279937,185,0,40,0.34601422970814577,4.2746631322643225E-5,2.97707096976883,299.57043906620567,0.5818264251739748,"{""type"":""Point"",""coordinates"":[83.1311598675985,20.96655374726451]}"
2092,208.2315263141355,2025-03-01,284.12139524732316,275,0,40,0.2752016129032258,2.383705776765055E-5,1.0526004659567838,298.12004611605687,0.601021244988911,"{""type"":""Point"",""coordinates"":[81.82031392198351,21.366739422249747]}"
2093,-0.0,2025-03-01,283.3111157644363,391,0,40,0.7649368863955119,1.5030471502086584E-5,1.390963080774087,295.9584831510271,0.47402786510285533,"{""type"":""Point"",""coordinates"":[80.72516349327893,23.86285885645386]}"
2094,132.94505312395978,2025-03-01,284.389432589213,248,0,40,0.2317629179331307,5.1448909459850256E-5,0.6806486374604352,298.26938461122063,0.5644555426680725,"{""type"":""Point"",""coordinates"":[82.22124253168833,21.45198310306625]}"
2095,331.3795360144028,2025-03-01,281.3753596260434,537,0,40,0.2680363115145724,2.533000389917106E-4,2.1122308298732535,295.63481081099735,0.6087935717953965,"{""type"":""Point"",""coordinates"":[81.79162525343035,23.610438449379227]}"
2096,295.26229023961633,2025-03-01,283.31735297611783,574,0,40,0.7578870139398386,4.993331114633293E-4,1.0865284952486984,297.2375765755063,0.32468322059130333,"{""type"":""Point"",""coordinates"":[82.5823870916926,19.30250742904059]}"
2097,-0.0,2025-03-01,281.2411520367576,427,0,10,0.6328328328328329,4.131611984803385E-5,1.8543341688295631,298.80605220794683,0.2340703203720595,"{""type"":""Point"",""coordinates"":[82.01552630421953,20.391643094827113]}"
2098,192.0661985521299,2025-03-01,283.7711638950166,295,0,10,0.32286995515695066,1.0513779324128336E-4,4.731441465611491,299.5669397172474,0.5099578916359415,"{""type"":""Point"",""coordinates"":[83.0733778022819,20.673323273018358]}"
2099,256.7887285192791,2025-03-01,280.22280079977855,572,0,10,0.6039850560398505,2.38786307988903E-4,2.028296489777075,298.5986954371134,0.33879146841754315,"{""type"":""Point"",""coordinates"":[81.95897599473474,20.111922442449657]}"
2100,160.24030871339372,2025-03-01,282.2603228886922,305,0,40,0.406412213740458,2.973791760041422E-5,1.4779513034047764,298.3237233388992,0.6092694456114057,"{""type"":""Point"",""coordinates"":[81.31942942506761,21.887734358746766]}"
2101,199.9148675719125,2025-03-01,280.899430729094,978,0,40,0.28766165676336947,1.0579344433381266E-4,2.9568208413230006,295.4489791052682,0.5816877919511934,"{""type"":""Point"",""coordinates"":[81.48550402413531,23.062701136759326]}"
2102,35.470909140872756,2025-03-01,285.75764896756124,220,0,10,0.5845006367109332,3.006708304269523E-4,5.111222328599251,299.26506564730687,0.24195764245602444,"{""type"":""Point"",""coordinates"":[84.24675295120065,20.668619791961415]}"
2103,227.55370949058386,2025-03-01,283.1382525761922,381,0,50,0.2640915593705293,1.6311971364757483E-5,0.6871004230372241,296.1895273753575,0.5386894317983096,"{""type"":""Point"",""coordinates"":[80.37678608045877,23.849775341520587]}"
2104,103.19886925593006,2025-03-01,282.686522665478,217,0,40,0.4642992066490366,1.5213605564667887E-4,2.0301669178561386,300.17093199775337,0.4783306750080172,"{""type"":""Point"",""coordinates"":[82.82401968815712,20.26410847899042]}"
2105,72.5125915627841,2025-03-01,291.20532730647494,88,0,40,0.4471027520398285,7.276934067590446E-4,1.5428926231609614,299.7441625595093,0.6341419582185693,"{""type"":""Point"",""coordinates"":[83.78285102151361,19.06107862591112]}"
2106,116.20977192071797,2025-03-01,280.05379154568624,633,0,10,0.5485057471264367,9.88644043786735E-5,9.365754650412008,298.0493209021432,0.5493499322494217,"{""type"":""Point"",""coordinates"":[80.8378750133967,21.588472900711544]}"
2107,164.7857759546055,2025-03-01,281.76744365692133,467,0,40,0.2895328503622283,8.277115028931803E-5,1.921637031485753,296.13860080355687,0.6104428418185086,"{""type"":""Point"",""coordinates"":[81.61806213954476,23.183417091347227]}"
2108,117.64397235271872,2025-03-01,281.2804238001506,618,0,10,0.37103628636809416,0.0010754567067010612,3.9915424041095533,294.64824435824437,0.49361797074740493,"{""type"":""Point"",""coordinates"":[83.35926229884181,23.567656602942844]}"
2109,164.9143420283032,2025-03-01,283.5042309988113,260,0,30,0.5118555579725909,3.5365935963227457E-4,1.9204707696248577,298.4527167819796,0.6345285375816427,"{""type"":""Point"",""coordinates"":[82.1714410941529,21.957332422477432]}"
2110,336.6134659627687,2025-03-01,282.58740738459994,329,0,30,0.33771353482260186,2.554309050424308E-4,2.524630064891633,298.06323110489615,0.7818586229005929,"{""type"":""Point"",""coordinates"":[81.98316472992215,22.340544078667783]}"
2111,270.0,2025-03-01,288.7279161271595,46,0,60,0.11884550084889643,4.569542090280265E-4,2.921173313423886,301.4398703348069,0.6417085735479032,"{""type"":""Point"",""coordinates"":[81.39811796815351,17.88131822846856]}"
2112,274.76002400324853,2025-03-01,282.8077326729184,443,0,30,0.2865,1.5030471502086584E-5,5.570847752098907,295.89383820125033,0.3993060146022328,"{""type"":""Point"",""coordinates"":[80.57361544569719,23.656797956536145]}"
2113,21.072866642906146,2025-03-01,280.8516954240345,700,0,30,0.4094717045648829,3.728967587335319E-4,15.050439395788668,296.51456574031283,0.8407399293647888,"{""type"":""Point"",""coordinates"":[80.64845585492378,22.9442547038427]}"
2114,90.0,2025-03-01,281.3003445125762,526,0,40,0.20850622406639005,9.202477139069742E-5,0.503835130725677,295.2018041610718,0.9997074994313208,"{""type"":""Point"",""coordinates"":[81.98779884500372,23.014815455695757]}"
2115,245.1105782740362,2025-03-01,284.00168496086485,221,0,40,0.5759606791778373,3.6300238770081705E-4,1.1017419547718794,298.35538023994087,0.36527095476849575,"{""type"":""Point"",""coordinates"":[82.94035117924301,21.887224148518893]}"
2116,121.88266303125282,2025-03-01,283.9788985025315,167,0,40,0.3267519804996953,1.2814518612458414E-4,1.7554587547687726,300.005561601548,0.5480774446949573,"{""type"":""Point"",""coordinates"":[83.42425407668166,21.08694382715412]}"
2117,190.32745458821276,2025-03-01,282.04217161451066,475,0,40,0.5814213766088416,9.73458258329174E-4,2.82599940501204,295.51046766553605,0.5007801854721675,"{""type"":""Point"",""coordinates"":[83.25698864886398,23.84889503644831]}"
2118,349.88315223629917,2025-03-01,287.3746737071446,114,0,10,0.486495074674293,5.491178910119743E-4,2.824129856861758,299.55618590400337,0.541185008267675,"{""type"":""Point"",""coordinates"":[84.30430242770535,20.92120240914043]}"
2119,232.59752632258846,2025-03-01,281.7778777622041,451,0,30,0.1904164925477086,4.2019304436280436E-4,7.590086693761641,295.99722594306587,0.49348011331761754,"{""type"":""Point"",""coordinates"":[81.51295905612335,23.429045877509758]}"
2120,164.90474832060605,2025-03-01,282.45546100253154,303,0,40,0.19047619047619047,0.0011653256098611564,3.836808649382897,298.60539186568485,0.4826780496308228,"{""type"":""Point"",""coordinates"":[83.29609402683693,22.0516299451173]}"
2121,226.6921836301514,2025-03-01,281.63213162195115,632,0,10,0.52,6.60846797643444E-4,0.6760636063492215,298.25088805244087,0.3483200116566745,"{""type"":""Point"",""coordinates"":[82.19736767079723,19.505233115772803]}"
2122,298.8311882790089,2025-03-01,281.7835278738113,439,0,10,0.5721323011963406,1.6699401555797522E-5,2.882567765383756,296.3272285007296,0.35255469091817726,"{""type"":""Point"",""coordinates"":[80.56762080898837,23.445221432580766]}"
2123,173.63383320324854,2025-03-01,283.7373329798381,953,0,30,0.4677990092002831,0.001409212915120861,17.196041665321893,296.21248821985154,0.3188113479312624,"{""type"":""Point"",""coordinates"":[83.13289407089513,19.357248564579336]}"
2124,197.98805760572887,2025-03-01,285.26836790357316,909,0,40,0.30566037735849055,0.0017436545769555778,6.3128420270092205,295.1140879222325,0.1734473143469599,"{""type"":""Point"",""coordinates"":[82.91606949324314,18.620840669730402]}"
2125,226.92472013498255,2025-03-01,282.8450920014155,332,0,40,0.3364674278038952,2.238702456338615E-4,1.3577941541011587,298.5105897358485,0.65122931707839,"{""type"":""Point"",""coordinates"":[82.8231383095414,20.775564325178365]}"
2127,105.20888304657645,2025-03-01,288.6709790456863,54,0,40,0.17998385794995964,1.9669052761628336E-4,3.5309930902684172,301.6982350576492,0.480013086554587,"{""type"":""Point"",""coordinates"":[81.45418767220244,17.915201150684254]}"
2128,312.87219586960225,2025-03-01,282.2603170758202,298,0,40,0.7017121455323703,5.2730409322521155E-5,0.6815803079146113,298.44094571613124,0.5522229880275622,"{""type"":""Point"",""coordinates"":[81.31304987634233,21.820625709248773]}"
2129,279.35134515430013,2025-03-01,282.72970649174283,644,0,10,0.5268533772652388,2.1373745602204508E-4,11.268534063899178,298.6199414843605,0.5096139972027286,"{""type"":""Point"",""coordinates"":[81.71187024049082,18.757444698784067]}"
2130,65.10563987663163,2025-03-01,284.40178494226365,225,0,30,0.33661094723041624,8.885961453302116E-4,1.101537373338301,298.46690018971765,0.3645031671930353,"{""type"":""Point"",""coordinates"":[84.02373010570683,21.854710270938124]}"
2131,72.58008682591581,2025-03-01,281.2693967819214,638,0,40,0.23604960141718334,1.704048792703361E-4,1.5486814890542282,297.9337261290778,0.4521747502514171,"{""type"":""Point"",""coordinates"":[82.11633565965884,19.731477559938448]}"
2132,297.65670227056637,2025-03-01,280.8316061383202,533,0,10,0.44510852469329976,0.002447868553815624,3.989855491319232,294.4051674888247,0.41105628556382384,"{""type"":""Point"",""coordinates"":[83.80557230925278,23.496697552339867]}"
2133,216.04320111728052,2025-03-01,280.6864936011178,600,0,10,0.4771354616048318,3.287446181161613E-4,1.720088891328497,295.591749055045,0.5944714789236648,"{""type"":""Point"",""coordinates"":[82.05010979718894,23.632036514851915]}"
2134,94.03713744979352,2025-03-01,284.57788590022494,460,0,10,0.565410199556541,4.683237950189323E-4,19.029054928611263,299.34387075333376,0.31940477716365967,"{""type"":""Point"",""coordinates"":[83.13302309889662,19.772410843250317]}"
2135,144.89649606843207,2025-03-01,294.78748062678744,8,0,30,0.28378026555584485,0.0022955488840921134,5.088201258896698,299.2434766406105,1.3094357244488288,"{""type"":""Point"",""coordinates"":[84.25807960888021,18.477949652461092]}"
2136,164.98116218039974,2025-03-01,281.65865575699576,329,0,40,0.5308101345010948,1.5030471502086584E-5,1.9198689956739772,299.03369590214317,0.5141874608004003,"{""type"":""Point"",""coordinates"":[80.27388754022367,21.28475398822325]}"
2137,350.94594267229456,2025-03-01,280.1866098585583,681,0,10,0.5980165289256199,1.89388958631298E-4,15.571248785205226,295.9145669028872,0.953836714043418,"{""type"":""Point"",""coordinates"":[81.838693132557,22.652385424732966]}"
2138,313.22756897817516,2025-03-01,282.562987509228,290,0,30,0.38990825688073394,4.948180596215934E-4,0.6770702044039562,300.02233755020865,0.37908659681978557,"{""type"":""Point"",""coordinates"":[82.50412443110673,19.95339283944092]}"
2139,199.3723133882028,2025-03-01,285.6797564824422,134,0,40,0.283363802559415,5.918261211945719E-5,1.4744056448688327,301.8809219996134,0.4865109098082325,"{""type"":""Point"",""coordinates"":[80.2035755643033,18.55636200542152]}"
2140,180.0,2025-03-01,282.4991214843023,542,0,30,0.3264797507788162,1.5030471502086584E-5,5.087785128130928,296.3519332068307,0.5384451462997563,"{""type"":""Point"",""coordinates"":[80.23308541525965,23.901566814335492]}"
2141,53.12593207557374,2025-03-01,280.2540333611625,795,0,10,0.5116495806150979,4.505914131982536E-4,6.921638002502698,295.1899342763992,0.7579564069301415,"{""type"":""Point"",""coordinates"":[82.10365532030747,23.535862302797906]}"
2142,-0.0,2025-03-01,280.97960186004633,586,0,30,0.40185387131952016,2.1300729912354655E-4,2.3174627380815918,295.79925114767894,0.608715037065717,"{""type"":""Point"",""coordinates"":[81.89036688755428,23.5547900731002]}"
2143,46.49030835386119,2025-03-01,285.75847439538865,861,0,40,0.3830010493179433,3.5087284248902506E-4,0.6735503566392087,295.77554625556587,0.04572940695317257,"{""type"":""Point"",""coordinates"":[82.67034281464613,18.325000029523437]}"
2144,180.0,2025-03-01,281.5772232328143,306,0,40,0.27458180334557325,1.5030471502086584E-5,0.9274099368670311,299.1271726971581,0.5030897963926998,"{""type"":""Point"",""coordinates"":[80.428500990586,21.34965622955952]}"
2145,354.8113541529928,2025-03-01,282.0268895739601,501,0,30,0.27719799857040744,3.170472065789909E-4,5.5702271209083145,295.5394448325747,0.9682189044321132,"{""type"":""Point"",""coordinates"":[82.76645047004733,23.408666370603953]}"
2146,180.0,2025-03-01,283.9730100631714,264,0,40,0.46317606444188725,6.70653263910026E-5,1.8543341688295631,299.01064786456885,0.6288864603282721,"{""type"":""Point"",""coordinates"":[83.13888618596494,21.144932980896947]}"
2147,119.0049386450593,2025-03-01,281.84441189538865,458,0,10,0.46330567964262925,0.004927377072988293,5.71934545496598,296.9123463857742,0.7534601666444795,"{""type"":""Point"",""coordinates"":[84.1122678986649,22.476652152803016]}"
2148,160.29191026328252,2025-03-01,282.32533986227855,300,0,40,0.41440677966101697,1.5030471502086584E-5,1.4774741123395518,298.5055732272921,0.6045032046899885,"{""type"":""Point"",""coordinates"":[80.27613585297118,21.478914588793355]}"
2149,180.0,2025-03-01,285.2927994046892,138,0,10,0.3496262219666475,5.344253460748405E-4,1.8543341688414132,299.9509671075003,0.4382386412395478,"{""type"":""Point"",""coordinates"":[83.74508143566256,20.96166198125504]}"
2150,294.86607896226155,2025-03-01,284.44918310074587,311,0,10,0.40977670488835244,0.003065178958593151,1.1027101083089061,297.84624240511937,0.32353215985764566,"{""type"":""Point"",""coordinates"":[84.38340700157161,22.038908035768724]}"
2151,16.447785289854327,2025-03-01,280.2894105002993,645,0,10,0.5368227731864096,2.94442145047924E-4,5.303657315101894,296.70507099514913,0.8632921900395184,"{""type"":""Point"",""coordinates"":[81.03497542551936,22.51174220318285]}"
2152,169.69612880219415,2025-03-01,281.070811634972,840,0,10,0.6140167364016736,7.916491906030387E-4,2.8257880377022953,294.66656071799144,1.0029248809051385,"{""type"":""Point"",""coordinates"":[82.55892610470985,23.54369702842949]}"
2153,132.4334299161055,2025-03-01,281.74847044263566,444,0,10,0.49208400646203554,1.3152774971558756E-4,4.799854381128717,296.123481523423,0.4549477789416889,"{""type"":""Point"",""coordinates"":[81.7529499728796,23.908477962099614]}"
2154,180.0,2025-03-01,282.95928587232316,234,0,10,0.5887463798096815,1.5030471502086584E-5,1.390963080774087,300.15368520645865,0.19845656653550334,"{""type"":""Point"",""coordinates"":[80.5728929904604,19.532808375497208]}"
2155,133.34977510122138,2025-03-01,287.34747527894524,475,0,40,0.2990452725592855,0.0025949728171212882,3.3739462899432997,297.92664023808067,0.5663491106215053,"{""type"":""Point"",""coordinates"":[83.32385671986188,19.26633798530843]}"
2156,193.62861564037672,2025-03-01,285.265647479466,254,0,10,0.5611592021076401,3.3823665779664225E-4,10.382821859528171,299.1987814676194,0.14072020964474455,"{""type"":""Point"",""coordinates"":[83.16654021495296,20.38277621944848]}"
2157,-0.0,2025-03-01,281.58562283288865,374,0,30,0.26659490491567994,1.5030471502086584E-5,0.4637353428839794,299.6457738876343,0.17767807962610657,"{""type"":""Point"",""coordinates"":[80.69644532873815,20.25474952130058]}"
2158,-0.0,2025-03-01,284.41997341882615,231,0,30,0.24864864864864866,6.290477196557731E-4,0.463735342881014,299.3235489527384,0.6257081481617334,"{""type"":""Point"",""coordinates"":[83.41859502755527,21.329141746030956]}"
2159,307.3642121106241,2025-03-01,280.98637966882615,700,0,10,0.5995224287907215,7.821124474389762E-4,3.815089221244289,295.40812624068485,0.7938409805913239,"{""type"":""Point"",""coordinates"":[82.41907094658612,23.611372713998925]}"
2160,28.2204054194997,2025-03-01,281.65865575699576,326,0,40,0.2984118138757314,1.5030471502086584E-5,2.104271841052386,299.03369590214317,0.5141874608004003,"{""type"":""Point"",""coordinates"":[80.34462080634005,21.298290857122325]}"
2161,57.63847825113034,2025-03-01,286.3183004742577,296,0,10,0.5476094817195661,2.868425528390617E-4,3.46135689334478,300.99723175593783,0.7767334782285125,"{""type"":""Point"",""coordinates"":[80.33480973404068,18.099628167354567]}"
2162,166.5881318595343,2025-03-01,282.5733518600464,419,0,10,0.5074229158736201,1.5030471502086584E-5,4.282732474913546,297.9546931584676,0.5199797116698281,"{""type"":""Point"",""coordinates"":[80.75414769347454,21.261819547165526]}"
2163,-0.0,2025-03-01,283.47190561748687,347,0,80,-0.21951219512195122,1.5030471502086584E-5,0.0,298.5304406938099,0.20569468653392797,"{""type"":""Point"",""coordinates"":[81.46734221915635,20.58198915871965]}"
2164,180.0,2025-03-01,282.5688933872041,297,0,40,0.41200201714573875,1.5730826078197424E-5,2.3174627380815918,298.5143622897919,0.480741963363435,"{""type"":""Point"",""coordinates"":[81.23233953021698,21.470214122053232]}"
2165,90.0,2025-03-01,281.30010037195115,576,0,40,0.20567755757900374,0.0029165398756845207,1.0057873783119016,295.28421324775326,1.0451234068712307,"{""type"":""Point"",""coordinates"":[83.69823420231427,22.770713738410674]}"
2166,132.9703366454544,2025-03-01,286.2352287201654,153,0,40,0.2198526560682435,0.0015373778025491447,1.360460562258655,299.5786003385271,0.6133292305967211,"{""type"":""Point"",""coordinates"":[83.80164252034434,21.322786222308935]}"
2167,47.07973968079582,2025-03-01,284.27425634293326,214,0,40,0.28415433147294344,0.0010563385168893547,1.3617382118664094,298.7628393173218,0.4984620827543248,"{""type"":""Point"",""coordinates"":[83.425183322673,21.578350037161254]}"
2169,270.0,2025-03-01,282.6833895274571,457,0,10,0.5019255455712451,4.6947118443085856E-4,9.944393172139533,297.4733699162801,0.9599965169183626,"{""type"":""Point"",""coordinates"":[82.71519263411156,22.587405932367535]}"
2170,199.43507247478803,2025-03-01,284.04021267663865,522,0,10,0.6507512520868114,4.353639286591715E-5,22.39075747632647,299.7563521521432,0.06667893276768563,"{""type"":""Point"",""coordinates"":[80.92056342590199,19.142311831931362]}"
2171,324.2101707835726,2025-03-01,283.2810457774571,297,0,50,0.29392712550607286,1.6766306561066813E-4,1.7145914275376968,298.11837782178605,0.8774829486352065,"{""type"":""Point"",""coordinates"":[82.73986282114323,22.377018912289692]}"
2172,-0.0,2025-03-01,293.5883606956118,33,0,40,0.12594646475418578,0.0050710838715417594,2.317462738066788,299.542915117173,0.9373687407981943,"{""type"":""Point"",""coordinates"":[83.7939365706821,18.512431379216906]}"
2173,95.49604446956222,2025-03-01,281.45082814352855,737,0,10,0.7543795620437956,4.970383326394767E-4,22.905900485380656,296.6047233854021,0.804992767405606,"{""type"":""Point"",""coordinates"":[82.93347986074444,22.525393419036593]}"
2174,-0.0,2025-03-01,289.9836243674869,126,0,10,0.40637119113573406,0.001680145827947399,3.704791833671086,298.9793571744646,0.6310263117793395,"{""type"":""Point"",""coordinates"":[83.7308518259833,19.131829599150944]}"
2175,332.2390513022957,2025-03-01,287.85039334070115,178,0,10,0.3900990099009901,1.773786227090568E-4,1.0480155011629657,298.9690916424705,0.15508026537931097,"{""type"":""Point"",""coordinates"":[82.04955555461584,18.213247660928214]}"
2176,259.57902896481914,2025-03-01,281.1184713726952,712,0,40,0.23324150596877868,0.00854800161522462,2.5621325481900326,294.35855406806587,1.1686982119915077,"{""type"":""Point"",""coordinates"":[84.17643108222452,23.137316474451875]}"
2177,133.02808092786861,2025-03-01,283.2160927454631,302,0,40,0.25365168539325844,1.5030471502086584E-5,0.6795913477350958,298.60147980281283,0.4127840859481072,"{""type"":""Point"",""coordinates"":[81.06379129973895,21.023888216208878]}"
2178,212.5113591509502,2025-03-01,287.52093138013566,332,0,40,0.2802989855846236,0.002226750222860119,2.7475290091365454,298.6672815141224,0.5388207536577079,"{""type"":""Point"",""coordinates"":[83.56235905398226,19.71188882983185]}"
2179,12.472192121564806,2025-03-01,284.8204512369065,693,0,10,0.7067431850789097,1.410793940408439E-4,41.03626386416965,299.53988661084855,0.20810682078396303,"{""type"":""Point"",""coordinates"":[82.05319393857172,18.687961154641595]}"
2180,270.0,2025-03-01,281.7587824776059,476,0,30,0.363961038961039,4.842382351739616E-4,2.0209543339107356,296.6418676376343,0.4565301240678319,"{""type"":""Point"",""coordinates"":[81.15302302459033,23.437597901914465]}"
2181,216.05049369305684,2025-03-01,282.99751713162374,396,0,40,0.7223219628964692,1.5030471502086584E-5,3.4374004579277244,296.0542095275153,0.34672520633443654,"{""type"":""Point"",""coordinates"":[80.67993176875743,23.66742531902742]}"
2182,146.21186819313107,2025-03-01,281.9477647599719,514,0,10,0.6040835858988675,8.444008034302897E-5,14.20910075814671,295.8439870107742,0.8972915909530419,"{""type"":""Point"",""coordinates"":[82.48439328848752,23.12340328554466]}"
2183,125.38976917182356,2025-03-01,285.37181377410883,347,0,30,0.4373962138824311,4.563745659424967E-5,2.4008574413158903,299.61087921687533,0.4768173406673556,"{""type"":""Point"",""coordinates"":[80.99487674706198,18.702984041326708]}"
2184,133.11033313610614,2025-03-01,285.308360463097,156,0,40,0.3294943820224719,1.5533980530335612E-4,1.3569068563623183,299.8137426376343,0.17536825614164364,"{""type"":""Point"",""coordinates"":[83.6686213950839,20.589817236013513]}"
2185,256.6445098515521,2025-03-01,291.5317723864601,103,0,40,0.3791500664010624,0.0031516951004846305,2.0068034296243513,299.35851337796163,0.5171262124224514,"{""type"":""Point"",""coordinates"":[83.28287359955279,18.2586161107419]}"
2186,289.9240086809507,2025-03-01,287.24785427820115,862,0,30,0.5564457392571013,0.003028790322957775,38.08934043643226,297.82792604537235,0.586800654353576,"{""type"":""Point"",""coordinates"":[83.25706933718214,19.157888972403665]}"
2187,324.4082524872356,2025-03-01,284.33891873132615,260,0,30,0.23886754872670365,1.389783303125114E-4,1.710341230957014,298.6279341833932,0.6284334631513081,"{""type"":""Point"",""coordinates"":[83.02021660245475,21.334279898976455]}"
2188,100.6103125789039,2025-03-01,282.3600775854928,280,0,40,0.33704006541291903,1.2817498844697184E-4,2.5169797722020846,299.4644355319795,0.6124461530182026,"{""type"":""Point"",""coordinates"":[82.92447036246212,20.503133882593513]}"
2189,118.9564855908751,2025-03-01,280.2263524645851,593,0,30,0.1859420962997368,3.503811041696281E-4,2.8711873400525425,295.40658001672654,0.7411939226033923,"{""type"":""Point"",""coordinates"":[80.86240477804928,22.75146630567462]}"
2190,65.25519676598465,2025-03-01,281.2202605747042,573,0,40,0.24287922278648708,3.2044467133118815E-4,1.1077705584232251,295.8585831324259,1.002461216095943,"{""type"":""Point"",""coordinates"":[82.04130746043236,22.810632025854684]}"
2191,84.727079020921,2025-03-01,280.45859995342437,692,0,10,0.43802868701728576,1.4094528359009928E-4,5.033210656563503,296.30834247952413,0.8221399023309667,"{""type"":""Point"",""coordinates"":[81.00951661834455,22.645327383088915]}"
2192,137.90885277993843,2025-03-01,290.05881967998687,178,0,30,0.4899436846339501,0.0023591172377450675,4.366018707759529,298.44742125556587,0.4235602535534846,"{""type"":""Point"",""coordinates"":[83.22497265130428,18.39315325977037]}"
2193,310.1331361952308,2025-03-01,285.1473322822934,923,0,30,0.38461538461538464,2.525102774484367E-4,5.736510345077814,295.2063440141224,0.09280239448649788,"{""type"":""Point"",""coordinates"":[82.71015631191923,18.47733628843454]}"
2194,82.7205051658641,2025-03-01,281.06235971904937,699,0,10,0.7209990141307919,1.0793921154572672E-4,35.093863413731754,298.28170789991105,0.15700610395289338,"{""type"":""Point"",""coordinates"":[81.09875009002334,19.843237351307366]}"
2195,126.89747118989344,2025-03-01,281.5375387555077,365,0,10,0.15502724120851907,1.5030471502086584E-5,3.086664741667352,299.69193390437533,0.09551339184643419,"{""type"":""Point"",""coordinates"":[80.71024242745536,20.208588326989414]}"
2196,133.32632707748317,2025-03-01,282.0370039712815,568,0,40,0.25910064239828695,1.6703721684052653E-4,2.026744354524592,297.700385820298,0.3518317734930746,"{""type"":""Point"",""coordinates"":[81.75830782336237,19.400646876264744]}"
2197,127.12899031591293,2025-03-01,288.1775534039452,237,0,40,0.46354967702245464,0.005207548705755016,3.0701969615621585,297.3391332626343,0.47471734269840277,"{""type"":""Point"",""coordinates"":[83.24728016145488,18.851145236712927]}"
2198,332.15967601746763,2025-03-01,291.1129549571446,102,0,40,0.5156417271321517,0.0023768198172433586,3.143536809772501,299.915229570298,0.6814414348685754,"{""type"":""Point"",""coordinates"":[83.49887975311273,18.788241116367722]}"
2199,-0.0,2025-03-01,283.9234960192726,209,0,30,0.33439591966847304,2.5252668081066076E-5,2.7802885155465065,300.2139530636015,0.10812795260843115,"{""type"":""Point"",""coordinates"":[83.40613170523815,20.733298523755035]}"
2200,259.4467592419944,2025-03-01,283.745133854094,246,0,40,0.5094577553593947,3.9126989048554606E-4,2.5304186002931104,298.99466827937533,0.6483209887444249,"{""type"":""Point"",""coordinates"":[83.34074823068688,21.33013126789139]}"
2201,132.43894586715362,2025-03-01,283.3111157644363,386,0,30,0.21809588116137746,1.5030471502086584E-5,0.6871967344725199,295.9584831510271,0.47402786510285533,"{""type"":""Point"",""coordinates"":[80.70542714560156,23.88294904499572]}"
2202,249.77449859004247,2025-03-01,280.7536729630969,705,0,40,0.5858480749219563,2.6116785210206217E-4,2.680854619370974,294.8420687630063,0.6214367880972442,"{""type"":""Point"",""coordinates"":[81.19449777598663,22.914651520468993]}"
2203,331.4986860256132,2025-03-01,282.10312539055235,428,0,30,0.2887458273724368,3.194909970147819E-4,3.162979260386663,295.574665024167,0.9816763865127297,"{""type"":""Point"",""coordinates"":[82.22076338621387,22.95177076597768]}"
2204,79.64792628754584,2025-03-01,282.8145686104184,376,0,10,0.5064182194616977,3.8010892075135416E-4,2.5789740895698565,295.2173884709676,0.5071373307132198,"{""type"":""Point"",""coordinates"":[83.56475023588526,24.027812603755017]}"
2205,242.27382279660264,2025-03-01,282.86612297239765,621,0,30,0.42848061029879214,2.704661766870231E-4,4.971355102331672,297.6298233668009,0.392500137885506,"{""type"":""Point"",""coordinates"":[81.58885704480888,18.90316728922563]}"
2206,139.34908557271373,2025-03-01,284.1657125836327,291,0,10,0.3354120267260579,5.30582348687858E-5,3.05332043133201,298.3849154426938,0.6265406466005048,"{""type"":""Point"",""coordinates"":[82.60669635094585,21.298847300293744]}"
2207,249.6966991590411,2025-03-01,282.3057388578142,526,0,10,0.5443959243085881,1.5183803242280192E-4,2.67102739153203,297.5879009337652,0.7396816722243659,"{""type"":""Point"",""coordinates"":[81.86382709365897,22.34102638511807]}"
2208,27.913804771029977,2025-03-01,282.57816491808205,575,0,10,0.3977105958321104,8.947354237420768E-4,1.049492676008092,298.0961784635272,0.1353790304591151,"{""type"":""Point"",""coordinates"":[82.27542948586441,19.302180832976106]}"
2209,336.9844737072547,2025-03-01,281.3746446427845,601,0,10,0.45932484781405647,4.2552916227123205E-5,2.51764176266988,297.72314321427115,0.33682697983911075,"{""type"":""Point"",""coordinates"":[81.69437180588461,19.672620439359747]}"
2210,226.76790456021456,2025-03-01,282.2462266740344,295,0,40,0.544205495818399,5.94359318597526E-5,0.6770133107744155,300.21061066218783,0.11698647954848482,"{""type"":""Point"",""coordinates"":[80.4759044318082,19.928504295356717]}"
2211,115.24193448038535,2025-03-01,286.2033218656268,429,0,10,0.4242652599849284,0.002064670292554638,3.258913712897551,298.13401444753015,0.3298410063058152,"{""type"":""Point"",""coordinates"":[83.27446640379397,19.45235240039834]}"
2212,64.5802107297406,2025-03-01,287.45505410148985,191,0,10,0.5355648535564853,5.30582348687858E-5,1.080241450646464,301.7674314862206,0.9742639799659176,"{""type"":""Point"",""coordinates"":[81.04856824748278,18.099324277235148]}"
2213,180.0,2025-03-01,284.75496342068624,216,0,10,0.513052558301427,0.0016093057076318473,1.390963080774087,298.69142237163726,0.5530808768273819,"{""type"":""Point"",""coordinates"":[83.62869150305612,21.482341961675868]}"
2214,270.0,2025-03-01,289.2574164526803,150,0,10,0.5953200275292498,1.9336756867005533E-4,4.898147918165489,297.85361312684563,0.5700335463892205,"{""type"":""Point"",""coordinates"":[83.95213856918082,19.18441495549595]}"
2215,-0.0,2025-03-01,282.85689794449587,274,0,40,0.5751998062484863,1.4324006241395182E-4,0.9274099368611016,298.24063414619087,0.7669475551906365,"{""type"":""Point"",""coordinates"":[81.91158486121132,22.153556328838352]}"
2216,165.00338710866316,2025-03-01,283.29915868668326,323,0,40,0.5993175725079211,2.339732329232902E-4,3.8350387857164434,298.2768541517712,0.4901430239835231,"{""type"":""Point"",""coordinates"":[82.25293581027111,21.055402911729544]}"
2217,308.2706329713076,2025-03-01,280.75184190840946,661,0,10,0.6218760142810775,0.0016450684944970817,8.91217260877124,294.9602560769944,0.8721961437047131,"{""type"":""Point"",""coordinates"":[83.31756859640808,23.014430695918314]}"
2218,220.7927308954885,2025-03-01,282.9663368860881,297,0,40,0.4741431512655928,1.5030471502086584E-5,3.059820469584789,298.24722013019385,0.6929020279044575,"{""type"":""Point"",""coordinates"":[81.46008573014683,22.02127277225118]}"
2219,270.0,2025-03-01,284.2704256602696,288,0,40,0.4033065372364629,2.2010025185181803E-4,0.49898035082740777,298.10418278830394,0.6085790319814756,"{""type"":""Point"",""coordinates"":[81.86957776639684,21.663789511626437]}"
2220,-0.0,2025-03-01,283.7605437778291,225,0,40,0.46081726516893684,3.729280632569498E-5,0.9274099368611016,298.70680323101226,0.5654721043599074,"{""type"":""Point"",""coordinates"":[82.92483367791415,20.995082227422444]}"
2221,285.1800107516097,2025-03-01,286.88660172053744,146,0,10,0.4433125205389418,2.3057576817109293E-4,3.5375340543471,301.38033489953904,0.7761636708748495,"{""type"":""Point"",""coordinates"":[80.86391688735394,18.264548580277047]}"
2222,133.12228760533725,2025-03-01,281.5127933593023,409,0,10,0.38277111792584334,2.236184280945963E-5,0.6783973971696846,299.65641725630985,0.3522057231242281,"{""type"":""Point"",""coordinates"":[82.13384059261226,20.526291371149384]}"
2223,-0.0,2025-03-01,281.06235971904937,461,0,10,0.5521579252951423,1.0793921154572672E-4,1.390963080774087,298.28170789991105,0.15700610395289338,"{""type"":""Point"",""coordinates"":[81.12830309188283,19.84108717623455]}"
2224,222.42365318699112,2025-03-01,281.38595649174283,634,0,10,0.46304098046725395,1.5516099136902994E-4,8.727108135946514,298.9796536309379,0.3141332032813573,"{""type"":""Point"",""coordinates"":[82.15716700695616,20.296529090793]}"
2225,192.0794639162258,2025-03-01,282.6382758276803,367,0,30,0.27413026419042635,2.3023304146363444E-4,2.369877993502621,298.93785908108663,0.4188592054141119,"{""type"":""Point"",""coordinates"":[82.38706218986617,20.84380597111041]}"
2226,34.356821998762605,2025-03-01,282.3093544642131,412,0,40,0.46974697469746973,6.726038138253898E-4,4.48480770948171,295.3658317838396,0.48532186537900207,"{""type"":""Point"",""coordinates"":[83.47575153614491,23.897909701567226]}"
2227,160.5035121933525,2025-03-01,282.4727775482905,256,0,10,0.39285714285714285,4.79918400628776E-5,1.475533016268755,300.41811856769385,0.04995081854560621,"{""type"":""Point"",""coordinates"":[80.31949623957445,19.69673959593659]}"
2228,112.80080485376301,2025-03-01,280.1247841517131,661,0,10,0.6043593130779392,2.308439890725822E-4,5.96176249192902,296.52221547989615,0.7876584355367936,"{""type"":""Point"",""coordinates"":[80.73326132772749,22.35692385705956]}"
2229,182.29606310578146,2025-03-01,280.389915057591,572,0,10,0.3748006379585327,2.1822270554139322E-4,12.336927186845273,296.73136261531283,0.7923064622050879,"{""type"":""Point"",""coordinates"":[80.74972986650418,22.523087217735263]}"
2230,83.95903155383796,2025-03-01,281.2102391833351,671,0,10,0.6665426125790844,3.0356165569855875E-4,12.992345043238215,295.4448054631551,0.6287627237208601,"{""type"":""Point"",""coordinates"":[81.81602475627729,23.484254463818765]}"
2231,188.46309141115015,2025-03-01,281.68755735669816,623,0,10,0.3378295524218271,5.221318880899162E-4,10.2054056097783,294.93869032178605,0.7157334934591792,"{""type"":""Point"",""coordinates"":[83.10148968076541,23.584964986943632]}"
2232,132.44555655852312,2025-03-01,282.349852743603,403,0,40,0.3388116308470291,5.823474804742546E-4,1.374022513379222,295.29056090400337,0.4673663126740799,"{""type"":""Point"",""coordinates"":[83.5793115275299,23.853047991569]}"
2233,66.29108929644359,2025-03-01,282.0364110583351,435,0,10,0.6375629231036278,5.837481896264762E-4,13.579909896978581,295.3149284635271,0.5740829750183979,"{""type"":""Point"",""coordinates"":[82.46752154997117,23.807639851683074]}"
2234,-0.0,2025-03-01,282.88865366436187,287,0,40,0.19158780231335437,2.1156188648774332E-4,2.7802885155287553,299.04574598584855,0.641533662251788,"{""type"":""Point"",""coordinates"":[82.71162601899762,20.808528470283072]}"
2235,21.19054125358193,2025-03-01,280.8516954240345,627,0,40,0.18322672352523098,3.728967587335319E-4,6.929286609913511,296.51456574031283,0.8407399293647888,"{""type"":""Point"",""coordinates"":[80.63153321680599,22.894531963332508]}"
2236,180.0,2025-03-01,289.581321307591,136,0,30,0.5149718351615772,0.005434612600026867,1.390963080774087,298.15154025668187,0.18986957661213172,"{""type"":""Point"",""coordinates"":[84.34598893509109,19.801661605708336]}"
2237,199.94450773617422,2025-03-01,280.8119528180077,796,0,10,0.5123775601068566,0.006221170393644115,5.8990743836374655,294.27222129276817,1.0070007356266732,"{""type"":""Point"",""coordinates"":[84.08338588939293,23.27881756854758]}"
2238,38.52682448003493,2025-03-01,282.4348485583351,746,0,30,0.4539810080350621,9.774964730127067E-4,2.369787277608547,296.994831039792,0.18516260890944225,"{""type"":""Point"",""coordinates"":[82.97085683521286,19.614378449939235]}"
2239,175.9853652158618,2025-03-01,286.45277545565654,149,0,10,0.3104342190537913,6.5754024205944E-5,6.939165099360014,301.62272585005985,0.7185435380999327,"{""type"":""Point"",""coordinates"":[80.43515190226265,18.214266710910696]}"
2240,256.7458800728949,2025-03-01,281.6212557383946,611,0,40,0.4726398075766687,4.727658432557291E-5,2.0218615023552493,297.72524166107183,0.33281792970565205,"{""type"":""Point"",""coordinates"":[81.73299831631486,19.578799860179533]}"
2241,-0.0,2025-03-01,281.4647499720256,607,0,40,0.26211116777154514,7.407319228036613E-4,0.9274099368670311,298.0384740829468,0.2626451013680664,"{""type"":""Point"",""coordinates"":[82.30347854330645,19.610810313656508]}"
2242,249.5504117429765,2025-03-01,284.2563410713559,239,0,30,0.13331462250912152,1.32168499646923E-4,2.6527558865421828,298.6648168563843,0.6762014496259062,"{""type"":""Point"",""coordinates"":[83.03055124189953,21.21824310059592]}"
2243,65.45408970357178,2025-03-01,283.1750945590791,486,0,10,0.523957792769417,1.1804219883515543E-4,3.345163341761787,295.1457564490182,0.36671954327353723,"{""type"":""Point"",""coordinates"":[82.32610813130202,24.021860391254904]}"
2244,332.0660699175802,2025-03-01,283.64170542217437,253,0,10,0.3741496598639456,1.5030471502086584E-5,1.049688030590969,300.30075086866105,0.1939771986177077,"{""type"":""Point"",""coordinates"":[80.46309253440135,19.44105545037697]}"
2246,300.15248872742256,2025-03-01,285.71307005201066,1176,0,30,0.6375150784077201,1.1923429173066324E-4,19.519318503220425,295.8228514080956,0.09326282196362634,"{""type"":""Point"",""coordinates"":[82.43410894692867,18.090044722313372]}"
2247,221.23483185814536,2025-03-01,288.2692688987369,488,0,10,0.7680262199563,0.022346491781888744,7.35931262841614,295.5668176469349,0.2594238872123794,"{""type"":""Point"",""coordinates"":[82.8657032703483,18.058126677587435]}"
2248,340.5146170662896,2025-03-01,282.69638129643033,262,0,10,0.4577709217123023,3.1242934880992834E-5,1.4754318435721216,300.00077179500033,0.17945352629835293,"{""type"":""Point"",""coordinates"":[80.50438695031487,19.597938367343495]}"
2249,180.0,2025-03-01,280.30495412009105,445,0,40,0.3900584795321637,7.736202877595133E-5,3.704791833671086,297.92217595236644,0.7069887160966267,"{""type"":""Point"",""coordinates"":[81.10899559116825,21.962452189574943]}"
2250,6.26455741909466,2025-03-01,283.02938329605826,405,0,10,0.5790625569943462,7.333871525361246E-5,17.617650524918652,298.3845376060122,0.5747919558107413,"{""type"":""Point"",""coordinates"":[82.82027851412873,20.882459382632966]}"
2251,232.5795568873341,2025-03-01,286.23067142849874,628,0,10,0.5357411587659895,4.471939484460563E-4,19.10169545729503,296.02998147692,0.2902551504941027,"{""type"":""Point"",""coordinates"":[84.03957610318346,19.662341164360768]}"
2252,180.0,2025-03-01,282.32354949769524,295,0,10,0.6992221261884183,4.212078255250162E-5,0.9274099368611016,299.9274075371879,0.16390657807107434,"{""type"":""Point"",""coordinates"":[80.60570570867027,19.696151128249085]}"
2253,238.07674039501669,2025-03-01,286.15338348207024,135,0,10,0.48345323741007196,1.2358543079926676E-4,1.7534630889598395,299.7771157310122,0.3771200721921657,"{""type"":""Point"",""coordinates"":[83.81778958879637,20.850599825126828]}"
2254,121.93719133006128,2025-03-01,283.3043728328886,305,0,40,0.5734049143093124,1.5030471502086584E-5,1.7527794741406837,298.5444962183634,0.36363466844028014,"{""type"":""Point"",""coordinates"":[81.75848295892347,20.768969646061457]}"
2255,140.33774689762714,2025-03-01,285.63567166101365,384,0,30,0.16722783389450055,1.2288507622315592E-4,8.37357474997958,300.7797257105509,0.5197929898673364,"{""type"":""Point"",""coordinates"":[80.52243933046284,18.617823245953005]}"
2256,160.09330034282888,2025-03-01,280.88325350625166,686,0,40,0.22922437673130194,3.854435364587516E-4,4.430094193968628,295.5856687909081,0.6421571465967857,"{""type"":""Point"",""coordinates"":[80.91576104577621,23.002866684670117]}"
2257,270.0,2025-03-01,283.2486332030523,270,0,40,0.2889183808891838,1.723122279031486E-4,0.49496433064952344,299.3947043191819,0.4451218450507287,"{""type"":""Point"",""coordinates"":[82.9872901024422,20.461871277468347]}"
2258,14.787768256130189,2025-03-01,284.49601159776955,896,0,40,0.368832936372916,7.954489867074699E-4,1.917810989264229,294.86732569194976,0.14168535718181632,"{""type"":""Point"",""coordinates"":[82.92742478354599,18.732289559430864]}"
2259,180.0,2025-03-01,283.16985716138566,384,0,30,0.21332014507088692,1.5030471502086584E-5,0.463735342881014,295.8182243619646,0.5900303198192697,"{""type"":""Point"",""coordinates"":[80.51024260231686,23.986176582630264]}"
2260,43.306678694120606,2025-03-01,281.50794542403446,429,0,10,0.45420699925539837,1.5030471502086584E-5,10.707379026972722,299.23974477677115,0.27322639053493153,"{""type"":""Point"",""coordinates"":[80.7118942443969,20.591737552708775]}"
2261,217.78378324615588,2025-03-01,280.62367389315654,758,0,40,0.3302425106990014,2.682161013467521E-4,4.100414665529946,294.961616289048,0.664354736839508,"{""type"":""Point"",""coordinates"":[81.44338742040935,22.86954560669537]}"
2262,270.0,2025-03-01,294.6551505951655,40,0,30,0.46246893123446564,0.0011202495972497672,1.951937796793016,299.6341074534825,1.885097426510399,"{""type"":""Point"",""coordinates"":[83.72804927961562,18.202255180754495]}"
2263,191.89589745749262,2025-03-01,287.75040612901955,181,0,40,0.4908411214953271,2.850097100122184E-4,2.368268202294167,299.40610917409265,0.2243238749326435,"{""type"":""Point"",""coordinates"":[81.95954236544121,18.303497180695746]}"
2264,148.52942605661872,2025-03-01,285.6728856677101,585,0,10,0.7246871444823664,7.550966421945304E-4,17.38855603374307,298.03328900110154,0.5073384561429114,"{""type"":""Point"",""coordinates"":[83.54298856849476,19.84149088867062]}"
2265,312.4821148865401,2025-03-01,281.7196676617577,535,0,10,0.5332696593441579,0.001054639784513256,2.059105280275225,295.3984419958932,0.40632180387378136,"{""type"":""Point"",""coordinates"":[83.5070558813184,23.6864608337234]}"
2266,345.1683882739087,2025-03-01,283.2995365233648,557,0,40,0.42131147540983604,6.552588621957511E-4,1.9181987433522942,297.5460424423217,0.37298167417485684,"{""type"":""Point"",""coordinates"":[82.45360414825136,19.24803795502794]}"
2267,168.37525125001594,2025-03-01,287.0835708890642,851,0,10,0.6865528486476118,1.6159829300477213E-4,20.812575436973052,297.4066148939587,0.21576156832304672,"{""type"":""Point"",""coordinates"":[82.06608726194759,18.000344846413512]}"
2268,180.0,2025-03-01,287.19924122946605,124,0,10,0.5456755817992358,9.266552132203287E-5,1.3909630807829783,301.60654862721765,0.8901916454354858,"{""type"":""Point"",""coordinates"":[80.99695383572111,18.221784670920982]}"
2269,344.85525471918766,2025-03-01,280.6004689080375,572,0,40,0.20672966121226088,2.4045523804261393E-4,3.837701595626071,296.80355848584855,0.8148634283037588,"{""type"":""Point"",""coordinates"":[80.87226451032559,22.53111170073457]}"
2270,312.64967831282524,2025-03-01,281.48027615320115,608,0,40,0.32834685598377283,0.005147348014531872,2.7358431129569962,295.3946752548218,1.0575842406731946,"{""type"":""Point"",""coordinates"":[83.86174318904095,22.90574271018551]}"
2271,245.17500883269366,2025-03-01,282.9315119697934,257,0,40,0.17820867959372114,0.003623212544141552,1.1044188315349552,297.6719027473813,0.6536334433001361,"{""type"":""Point"",""coordinates"":[84.04309203340773,22.302675821420525]}"
2272,270.0,2025-03-01,283.6761641275315,322,0,10,0.3822794541610609,4.225489300324625E-5,1.9913792257640421,298.62858522505985,0.5465660912730711,"{""type"":""Point"",""coordinates"":[82.51902925083938,21.388825134534617]}"
2273,90.0,2025-03-01,281.95602485111783,654,0,10,0.6385083713850838,5.235788029267496E-5,9.271007091844108,298.65348175593783,0.16512250231274003,"{""type"":""Point"",""coordinates"":[80.76040425000757,19.594279085698712]}"
2274,281.4182204328421,2025-03-01,284.4425506137667,632,0,30,0.55,0.0013823461214883537,6.992618574621052,297.5459552492415,0.23720643893169646,"{""type"":""Point"",""coordinates"":[83.18105084675102,19.52281900143801]}"
2275,90.0,2025-03-01,281.7311422711327,484,0,30,0.22390833075255498,5.417582195832438E-5,1.5137482204866295,295.9566055933634,0.6571073404750957,"{""type"":""Point"",""coordinates"":[81.70465234395562,23.240567367187882]}"
2276,100.64371453432418,2025-03-01,284.8084825334095,364,0,10,0.4769440190573422,4.7510382336213297E-4,2.5091816602068504,298.0379509244646,0.4118421653940863,"{""type"":""Point"",""coordinates"":[83.70748223897864,20.00282382190463]}"
2277,115.13817335296324,2025-03-01,281.3457837331863,409,0,30,0.24767702659404037,1.5030471502086584E-5,1.091540620877786,299.41403211866105,0.04769790570238628,"{""type"":""Point"",""coordinates"":[80.9134087104164,20.19976166267419]}"
2278,112.85738339433153,2025-03-01,282.39043240320115,462,0,10,0.6428571428571429,5.505499046876139E-5,7.126247763649069,296.0840063095092,0.40767627408485674,"{""type"":""Point"",""coordinates"":[81.80665357128197,24.029418608093586]}"
2279,-0.0,2025-03-01,281.374784151713,530,0,40,0.30777148739063304,1.2248274487092203E-4,0.463735342881014,295.38612452007476,0.6205535607466978,"{""type"":""Point"",""coordinates"":[81.84730753726699,23.317103285990175]}"
2280,90.0,2025-03-01,281.51170635223383,315,0,10,0.3100409191060749,1.5030471502086584E-5,0.4937883857815359,299.69290465400326,0.059383503695681635,"{""type"":""Point"",""coordinates"":[80.77494961038506,20.09300413859842]}"
2281,199.47657115651702,2025-03-01,283.1838313057309,253,0,10,0.5419501133786848,1.5030471502086584E-5,1.4753516117896464,300.1495406287057,0.19374147951538484,"{""type"":""Point"",""coordinates"":[80.47720993783139,19.51929340757337]}"
2282,127.6539707098313,2025-03-01,280.6437108630226,579,0,10,0.5217214778725132,1.443576495034904E-4,3.7901090166149722,297.41625263577413,0.7837764087598433,"{""type"":""Point"",""coordinates"":[80.40111230519072,22.191246982751355]}"
2283,100.36024389708534,2025-03-01,282.4187817800613,382,0,10,0.44104477611940296,7.214647213800163E-4,2.5769651874358313,295.64326272692,0.5198772169617457,"{""type"":""Point"",""coordinates"":[83.1860892619474,23.92388793218006]}"
2284,84.19216831770686,2025-03-01,281.2262710843767,622,0,10,0.5387687188019967,5.703371445520133E-4,4.573078767120146,295.6527028310867,0.5420166913169161,"{""type"":""Point"",""coordinates"":[82.23296689884485,23.732640789982845]}"
2285,-0.0,2025-03-01,284.07833930424283,250,0,40,0.26449864498644987,0.0022697996775491447,0.0,298.1576612109229,0.3244491621621809,"{""type"":""Point"",""coordinates"":[84.28603104257093,22.04631893405021]}"
2286,86.26869396248875,2025-03-01,282.90948118482316,410,0,10,0.5166184971098265,2.148267429902262E-5,7.089637358122457,295.58744171687533,0.41931712507467955,"{""type"":""Point"",""coordinates"":[81.7222474380492,24.07391643274164]}"
2287,133.45468501741877,2025-03-01,286.68852810632615,203,0,10,0.41932194748916646,0.00307055827778413,5.378256553972617,296.30984220050635,0.31426828969828946,"{""type"":""Point"",""coordinates"":[83.13163977376689,18.65499318658722]}"
2288,102.5682760204003,2025-03-01,286.83299541473394,624,0,10,0.5138239047213952,4.967403094155998E-4,18.50854104783221,297.9432418005807,0.42827258116650646,"{""type"":""Point"",""coordinates"":[83.83303809286386,19.724346006842367]}"
2289,202.96676862992823,2025-03-01,288.6069967633202,252,0,30,0.4028708133971292,0.005654225913701794,2.516734062793602,298.0058871223813,0.6999263381512921,"{""type"":""Point"",""coordinates"":[83.46566221503669,19.289145221593703]}"
2290,188.79283657974565,2025-03-01,281.67717556726365,371,0,10,0.642339635978088,7.78029529271862E-4,3.2812313500113897,297.54774561382476,0.7676635009324544,"{""type"":""Point"",""coordinates"":[83.02278681432661,22.547396245459915]}"
2291,320.7389764790496,2025-03-01,280.7472904296148,1004,0,10,0.7135455218356773,0.0015833329836709709,7.149989004147202,294.21073273250033,0.46045648456492655,"{""type"":""Point"",""coordinates"":[83.59694336052803,23.423057461647826]}"
2292,144.07153159559928,2025-03-01,280.5647546223232,686,0,40,0.6443610030843503,0.0011281621138437004,1.7175909925067725,294.8123010453724,0.7926543218863444,"{""type"":""Point"",""coordinates"":[83.37133204966466,23.074112317464607]}"
2293,144.19451445780024,2025-03-01,279.5353763671148,693,0,30,0.2917863296955773,2.1033999126984781E-4,6.8292401253171215,295.95916906992596,0.8274866076979817,"{""type"":""Point"",""coordinates"":[81.26115145408973,22.456893610654777]}"
2294,312.6611267750324,2025-03-01,281.23892570677265,582,0,40,0.521203830369357,1.291286627633781E-4,0.6843000969723814,295.6385659263247,1.0385754481858953,"{""type"":""Point"",""coordinates"":[81.85860226988504,22.850860808432966]}"
2295,180.0,2025-03-01,287.842784291222,81,0,10,0.36671913006152523,2.2865351837708658E-4,0.4637353428839794,301.2414595740182,0.5586735473053244,"{""type"":""Point"",""coordinates"":[81.50835678712774,18.00452418138944]}"
2296,-0.0,2025-03-01,283.2421053477696,323,0,10,0.3209150326797386,1.5030471502086584E-5,0.0,298.51104313986644,0.5023576907857321,"{""type"":""Point"",""coordinates"":[80.9488396240536,21.175543769415835]}"
2297,268.64604012041934,2025-03-01,290.75983460744226,203,0,10,0.7026338147833475,7.65408245740673E-4,18.908505032371465,298.40092990511937,0.6694040432248588,"{""type"":""Point"",""coordinates"":[83.86690996228145,19.017635580403564]}"
2298,185.64660716598235,2025-03-01,280.40374388013566,718,0,30,0.5318374772589448,6.330412308557243E-4,5.112461851605051,294.19366614023846,0.7265328298717936,"{""type"":""Point"",""coordinates"":[83.54051937636258,23.15290143946594]}"
2299,252.53845587062273,2025-03-01,284.06785869598394,206,0,10,0.691089108910891,1.5030471502086584E-5,1.5451055534232958,300.79979755764913,0.20918715104565344,"{""type"":""Point"",""coordinates"":[80.28156618919371,19.320344184848267]}"
2300,20.0174891105725,2025-03-01,282.47510850997196,424,0,10,0.5031969309462916,7.751089016778678E-4,1.480357938049907,295.4481246130807,0.6487076487449774,"{""type"":""Point"",""coordinates"":[82.98326750786894,23.80084467181808]}"
2301,309.03845691896555,2025-03-01,283.9134804407756,516,0,40,0.30992074337250614,2.2789355915620035E-4,4.409008959905359,298.6980955487206,0.32181127886767147,"{""type"":""Point"",""coordinates"":[81.51625174241975,18.906994639186912]}"
2302,308.4032113114247,2025-03-01,281.0972020739601,503,0,10,0.5763648928818245,1.5030471502086584E-5,8.156410305186268,299.25156815846765,0.1519824115862123,"{""type"":""Point"",""coordinates"":[80.95802349180688,20.478359443901727]}"
2303,152.2798018021095,2025-03-01,288.8011001859392,74,0,40,0.362962962962963,1.2526926201417155E-4,1.0476236547446465,301.6411410286313,1.0721208358055074,"{""type"":""Point"",""coordinates"":[80.86108542874938,17.909377066367536]}"
2305,28.477621127373094,2025-03-01,281.2599624906267,567,0,10,0.3635059345245859,4.515748898370475E-4,1.0550426644440007,295.6086703255063,0.9936607915326066,"{""type"":""Point"",""coordinates"":[82.13944131554729,22.817632611150753]}"
2306,36.968575384319614,2025-03-01,286.3480158760434,341,0,10,0.33694267515923565,3.444057385308952E-4,8.072217897407556,300.1818834486462,0.6552105170416991,"{""type"":""Point"",""coordinates"":[80.58250175806067,18.38304007270712]}"
2307,-0.0,2025-03-01,287.2269744418916,188,0,80,-0.0784,7.7391680878236E-4,0.0,299.08515725817,0.5425726140810649,"{""type"":""Point"",""coordinates"":[83.8241829082336,21.535333595221704]}"
2308,345.03620158175227,2025-03-01,282.8780044828142,332,0,30,0.20421922575032622,1.5030471502086584E-5,1.9193755594921165,298.44571808406283,0.30981357107715163,"{""type"":""Point"",""coordinates"":[81.77417474024868,20.7114430979219]}"
2309,121.35510881897578,2025-03-01,283.3111157644363,372,0,40,0.5429917550058893,1.5030471502086584E-5,1.7818937986451255,295.9584831510271,0.47402786510285533,"{""type"":""Point"",""coordinates"":[80.67328684599474,23.93702106032419]}"
2310,294.90166911426627,2025-03-01,284.51059028080533,256,0,40,0.5026951834463571,2.116512934549064E-4,2.2016564562545744,298.36381471724735,0.46423984878577995,"{""type"":""Point"",""coordinates"":[82.45890908207595,21.80698305420921]}"
2311,122.03147902213607,2025-03-01,281.2052459262666,458,0,10,0.661526599845798,3.4567233723237223E-4,3.4930902801154,299.41385191962826,0.4092308916295254,"{""type"":""Point"",""coordinates"":[82.25791085339274,20.20734560542809]}"
2312,90.0,2025-03-01,281.2066119511922,568,0,40,0.2925170068027211,4.555982033593864E-4,1.5119729975175664,295.4537863504319,0.690749010289303,"{""type"":""Point"",""coordinates"":[83.1049229582843,23.08356565301804]}"
2313,270.0,2025-03-01,280.83461720602855,665,0,10,0.3020057306590258,2.0390268963410563E-4,0.5044123909801891,294.8698194140479,0.6731061541122085,"{""type"":""Point"",""coordinates"":[83.34035866592286,23.16767564978721]}"
2314,253.02336561574555,2025-03-01,282.70489134107316,409,0,40,0.1947976878612717,1.2176748913361735E-4,1.5878623580773363,296.12200505392894,0.3691030781932928,"{""type"":""Point"",""coordinates"":[81.16788693662279,23.672854656799267]}"
2316,65.08519831136671,2025-03-01,284.5401254835583,236,0,40,0.4600562892400953,8.26370398385734E-5,1.1006914413826525,298.3887461253575,0.4857306394433387,"{""type"":""Point"",""coordinates"":[82.35958512168303,21.720970534558614]}"
2317,72.60591602753263,2025-03-01,284.4682551338559,337,0,30,0.44777997483372284,4.04576627431652E-4,9.227121580235256,298.14786652156283,0.5243370118975539,"{""type"":""Point"",""coordinates"":[83.46555763887196,19.98134383602014]}"
2318,90.0,2025-03-01,280.9674064545405,591,0,40,0.1895910780669145,0.0011943530718667716,3.5337245023521673,294.554157211667,0.5011936097386174,"{""type"":""Point"",""coordinates"":[83.49767556579485,23.439920302040615]}"
2319,313.00768208047447,2025-03-01,284.01928052448085,300,0,40,0.20497960935823137,1.7325250325939123E-5,2.7174908015272163,298.29329876672654,0.4687155401410296,"{""type"":""Point"",""coordinates"":[81.52148551705345,21.129410755960002]}"
2320,90.0,2025-03-01,282.02083837418326,366,0,10,0.5838926174496645,1.5030471502086584E-5,1.4896515264467012,299.67460573287235,0.44165830257476346,"{""type"":""Point"",""coordinates"":[80.32285568500504,20.977081396713228]}"
2321,90.0,2025-03-01,288.4219962982905,689,0,10,0.549962434259955,0.0035660218874795646,18.524310348216037,296.94633424849735,0.21418271404426595,"{""type"":""Point"",""coordinates"":[84.2333274500865,19.595190448327617]}"
2322,46.73380265470861,2025-03-01,281.66131223951066,619,0,10,0.5626973806427643,1.5066084068848795E-4,5.396914367508785,297.8515728087652,0.18638240959288271,"{""type"":""Point"",""coordinates"":[81.16264722452404,19.738972651041394]}"
2323,132.41154847811308,2025-03-01,283.38861878712976,352,0,40,0.6477732793522267,1.5030471502086584E-5,2.0618775049805107,296.0412468229021,0.5347731685925756,"{""type"":""Point"",""coordinates"":[80.80083024271171,24.00665524788303]}"
2324,10.06662814077621,2025-03-01,283.9580535434541,236,0,10,0.43109756097560975,5.046081225259513E-4,2.823690046616494,299.1633520126342,0.0998338983714397,"{""type"":""Point"",""coordinates"":[82.87679270688324,20.144639295188785]}"
2325,301.74798127659943,2025-03-01,284.0451071148827,230,0,40,0.21436058700209643,3.621083180291862E-4,1.762118502050123,298.19877565474735,0.3658476288039492,"{""type"":""Point"",""coordinates"":[83.04488837950905,21.850972186256943]}"
2326,19.424033565335467,2025-03-01,284.64021732693624,212,0,10,0.44227504244482174,1.5030471502086584E-5,1.4748741582214853,299.9434394382294,0.3066460104688669,"{""type"":""Point"",""coordinates"":[80.48677975685904,19.040981115924282]}"
2327,270.0,2025-03-01,284.4226822171892,220,0,40,0.2744919623900516,2.9214736622407145E-4,1.9954262453753682,298.40585340772355,0.38073749584390815,"{""type"":""Point"",""coordinates"":[83.11814537275016,21.683481000197297]}"
2328,147.52832406558022,2025-03-01,281.69454442887076,763,0,10,0.2703594374023268,2.9934462708069987E-4,13.48735063101448,298.2407097135271,0.04378276369802994,"{""type"":""Point"",""coordinates"":[80.9108678106341,19.466385930824593]}"
2329,245.75632189791216,2025-03-01,288.86275150662374,636,0,10,0.5492341356673961,0.004544953672109386,30.597684770314448,298.1100305375599,0.6106843937255797,"{""type"":""Point"",""coordinates"":[83.36385418691947,18.967258957610458]}"
2330,251.3860478635168,2025-03-01,283.29417124248687,304,0,10,0.46585051546391754,0.002343903152166149,5.791719396033179,298.19628193264913,0.4749791721005705,"{""type"":""Point"",""coordinates"":[83.98291495634979,22.147062517952808]}"
2331,133.1440137945563,2025-03-01,281.6177098864601,447,0,40,0.28037166085946574,5.442914169861979E-5,2.0336093085754605,298.77252356211346,0.1479345921046209,"{""type"":""Point"",""coordinates"":[81.90350525750087,20.40911273341658]}"
2332,151.37790188227208,2025-03-01,282.52684307098383,432,0,10,0.4468674281758394,1.5030471502086584E-5,2.1122636748823886,296.16637470608663,0.3047474333146855,"{""type"":""Point"",""coordinates"":[80.72745232102477,23.619544332970346]}"
2334,157.15291122901112,2025-03-01,287.0999399366833,174,0,10,0.42442244224422443,1.862895171029777E-4,2.5145165114880403,301.44297440846765,0.7610842798071139,"{""type"":""Point"",""coordinates"":[81.14164037467346,18.30897091627839]}"
2335,201.51681854308896,2025-03-01,281.60956605275476,541,0,10,0.4436645733284078,3.6568459671570963E-4,13.219418889119172,299.4178337369646,0.5007866808155502,"{""type"":""Point"",""coordinates"":[82.28393570612954,20.043240414509793]}"
2336,270.0,2025-03-01,281.0034985769363,332,0,10,0.5200308166409862,1.5030471502086584E-5,0.4979628891440415,298.6450065885271,0.5321158581565988,"{""type"":""Point"",""coordinates"":[80.58240643238527,21.367861294663054]}"
2337,118.44849516147212,2025-03-01,285.2764477956863,283,0,10,0.36145320197044334,1.922946850640983E-4,3.888026659940478,301.0796873455956,0.5019189103432331,"{""type"":""Point"",""coordinates"":[81.59741413380888,18.533650810159667]}"
2338,126.29006487895883,2025-03-01,281.2234634671892,606,0,40,0.27264026797463814,0.008452783195195934,3.1309652130176584,293.91337526412235,0.8358258864839988,"{""type"":""Point"",""coordinates"":[84.3514610735582,23.381885809207755]}"
2339,118.33182741445052,2025-03-01,288.5962196985881,356,0,40,0.4981179422835634,1.3449308079316324E-4,3.902657132478815,297.5698229017712,0.5010670650317768,"{""type"":""Point"",""coordinates"":[83.99599576239336,19.346772403695994]}"
2340,242.0250022047357,2025-03-01,284.8084825334095,645,0,10,0.42931174089068824,4.7510382336213297E-4,24.161913074506767,298.0379509244646,0.4118421653940863,"{""type"":""Point"",""coordinates"":[83.660012941827,19.99466437669848]}"
2341,114.91370225455466,2025-03-01,284.46493598393033,207,0,40,0.30099909173478656,8.622806946618766E-4,1.1007369025625593,298.7440288634527,0.4199531179111504,"{""type"":""Point"",""coordinates"":[83.37652761784196,21.728443875425942]}"
2343,139.79607483981383,2025-03-01,284.6182330449422,865,0,30,0.34423014056881335,1.814466397149772E-4,3.0331331169718116,295.725543930417,0.2728802414474502,"{""type"":""Point"",""coordinates"":[82.61756365891702,18.818995905137946]}"
2344,46.90416988031584,2025-03-01,285.42021755945115,297,0,10,0.43466666666666665,9.135421913697428E-5,18.960325992302224,299.58605244046163,0.14270170933998783,"{""type"":""Point"",""coordinates"":[83.88384564098361,20.666728092435786]}"
2345,199.1041514258878,2025-03-01,281.3053610211327,904,0,10,0.4373248645619279,9.063896339966959E-5,10.671896195120588,295.8039305096581,0.3621528817558699,"{""type"":""Point"",""coordinates"":[80.94561618858556,23.2720581575749]}"
2346,105.8800811296368,2025-03-01,280.33262339092437,912,0,40,0.20346320346320346,2.1700081032349772E-4,6.747915513748554,296.64713409968783,0.8603219025066977,"{""type"":""Point"",""coordinates"":[81.15956650543356,22.397074350367202]}"
2347,180.0,2025-03-01,279.99827280498687,643,0,10,0.5503685503685504,2.3570176762177653E-4,3.242751465064752,298.2626126153129,0.40445123720071574,"{""type"":""Point"",""coordinates"":[82.09719006447604,19.97773538392284]}"
2348,275.9695848499933,2025-03-01,281.0489377975464,611,0,40,0.2931806869089099,3.5117236791393225E-5,4.450099109114383,297.7446392150152,0.3250104118207795,"{""type"":""Point"",""coordinates"":[81.5713633829016,19.761784383112975]}"
2349,241.1891156639931,2025-03-01,280.81454535893033,704,0,10,0.5259209868311385,6.908279339654655E-4,2.884421710330403,295.41066065288726,0.7432540654083588,"{""type"":""Point"",""coordinates"":[82.32194240570105,23.555940344664663]}"
2350,164.6937679959434,2025-03-01,283.0664810453142,394,0,10,0.5750320649850363,5.490597885682291E-5,5.750216979502152,295.9940811793009,0.42989248910928085,"{""type"":""Point"",""coordinates"":[81.57880539681527,24.01261708852784]}"
2351,252.92499831569359,2025-03-01,282.58904080163865,363,0,40,0.28636604774535807,1.2818988960816569E-4,1.5789894427642202,295.9902388708932,0.8729863383337738,"{""type"":""Point"",""coordinates"":[82.56506757277354,22.855322161414264]}"
2352,252.66705260752167,2025-03-01,281.4198804128738,306,0,10,0.4210134128166915,1.5030471502086584E-5,1.5562078177713126,299.9933080673218,0.3550246880330112,"{""type"":""Point"",""coordinates"":[80.4108697126422,20.562698952778398]}"
2353,64.76526538914553,2025-03-01,283.2731112071446,218,0,40,0.2755020080321285,1.5030471502086584E-5,1.0876368359267286,300.2608687537057,0.15704778418231694,"{""type"":""Point"",""coordinates"":[80.41588965429763,19.505981977888823]}"
2354,46.78008960530361,2025-03-01,280.5373992465791,652,0,10,0.5405071119356833,4.851338070466227E-5,2.7067766350134006,297.26873938242596,0.15498003484618117,"{""type"":""Point"",""coordinates"":[81.42816560671122,19.996213482642883]}"
2355,146.4397165179422,2025-03-01,281.50816050029937,557,0,10,0.6913812570568311,3.4258779686524576E-4,4.443181631864353,298.10863544827413,0.12725693343495506,"{""type"":""Point"",""coordinates"":[80.95459963079288,19.5904512728647]}"
2356,-0.0,2025-03-01,281.7042635508946,512,0,10,0.3520213577421815,7.91054646356315E-5,0.0,295.7554162797474,0.816314968306333,"{""type"":""Point"",""coordinates"":[82.72796112059724,23.132267122571704]}"
2357,312.9904005312743,2025-03-01,283.91631130945115,293,0,40,0.16875,2.6474563298961584E-5,0.6800705917890788,298.2371347972325,0.5459600811478054,"{""type"":""Point"",""coordinates"":[81.71793352895553,21.219144358456273]}"
2358,275.24267800967175,2025-03-01,281.9430737722488,459,0,40,0.25312416910396174,4.87814513860485E-4,5.062013511049818,296.1881148474557,0.4989207153054217,"{""type"":""Point"",""coordinates"":[81.43969297346379,23.425292054693056]}"
2359,270.0,2025-03-01,283.4319828124274,233,0,40,0.2361588989677823,5.878311077935905E-4,0.4996509334364415,298.3193171819051,0.3940270498627423,"{""type"":""Point"",""coordinates"":[83.17626183217239,21.857763402942783]}"
2360,-0.0,2025-03-01,282.858159337725,330,0,40,0.34181240063593005,3.984671513421745E-4,0.9274099368611016,298.7467027845837,0.4192579560917848,"{""type"":""Point"",""coordinates"":[82.44701989173396,20.90992157553811]}"
2361,147.68555022431624,2025-03-01,290.91336999620705,102,0,40,0.44709302325581396,0.002165789572416088,2.741549320887231,299.1719434374855,0.6732578261574168,"{""type"":""Point"",""coordinates"":[83.36397270493663,18.45496165169899]}"
2362,47.14503246094654,2025-03-01,283.8959430058797,236,0,10,0.687673258177786,4.486840645654411E-4,0.6818011513890736,298.18938786642894,0.3840600634428544,"{""type"":""Point"",""coordinates"":[83.0596637703961,21.907018008090937]}"
2364,96.74113801401435,2025-03-01,284.1191863559542,744,0,30,0.2355848434925865,2.651464621408195E-4,7.851829405306842,295.5618941443307,0.2974111967707575,"{""type"":""Point"",""coordinates"":[82.86799565760023,18.984922807780944]}"
2365,295.0155252325617,2025-03-01,282.02083837418326,348,0,40,0.2825361512791991,1.5030471502086584E-5,2.1922855901086353,299.67460573287235,0.44165830257476346,"{""type"":""Point"",""coordinates"":[80.33169789025652,21.0491886670533]}"
2366,218.7857943547199,2025-03-01,283.28364413125166,327,0,40,0.18316998986143967,2.3811575573517985E-4,2.3783608146573347,298.30376774924144,0.44304564803185875,"{""type"":""Point"",""coordinates"":[82.21872057209461,21.046883370197303]}"
2367,259.4696482689341,2025-03-01,288.1775534039452,455,0,30,0.5347177157689812,0.005207548705755016,25.973782181893057,297.3391332626343,0.47471734269840277,"{""type"":""Point"",""coordinates"":[83.17080602216431,18.85572046210789]}"
2368,180.0,2025-03-01,281.37107553936187,340,0,10,0.605857740585774,9.339567822053141E-5,2.7802885155287553,297.9957436606997,0.8876326207018984,"{""type"":""Point"",""coordinates"":[80.22469055930286,22.0584429306302]}"
2369,164.9162546491056,2025-03-01,280.9936457588559,577,0,10,0.6095860566448802,8.16684643609733E-5,5.744196216904475,297.6699496223813,0.7651904865166516,"{""type"":""Point"",""coordinates"":[80.34116568664159,21.938450254318187]}"
2370,77.65274356530314,2025-03-01,284.32982158660894,350,0,10,0.38938227748174464,1.6970452469422526E-4,8.60939396095288,298.01980895087837,0.49149024179157463,"{""type"":""Point"",""coordinates"":[82.95350463974016,21.515175227937988]}"
2371,294.6533468196708,2025-03-01,281.7835278738113,585,0,40,0.4867744305657605,1.6699401555797522E-5,1.1116208718680043,296.3272285007296,0.35255469091817726,"{""type"":""Point"",""coordinates"":[80.60107472954604,23.375275922142638]}"
2372,61.8303762814954,2025-03-01,281.7992284411476,433,0,10,0.4179673950745751,1.5030471502086584E-5,3.923208650471634,299.00869473956885,0.1005908453288602,"{""type"":""Point"",""coordinates"":[81.02283784965503,20.421462499850172]}"
2373,8.88050280683132,2025-03-01,281.74847044263566,474,0,10,0.4592074592074592,1.3152774971558756E-4,3.282010240934344,296.123481523423,0.4549477789416889,"{""type"":""Point"",""coordinates"":[81.76578111623466,23.892686820329015]}"
2374,13.152295271754529,2025-03-01,280.4289891833351,803,0,10,0.6455948232951717,8.12749234853527E-4,6.6374768711435586,295.19879309336346,0.9403812826502671,"{""type"":""Point"",""coordinates"":[82.41939340289923,23.502475754488135]}"
2375,182.02865227822855,2025-03-01,285.93397081465946,449,0,10,0.37087378640776697,7.233422676904411E-4,13.656462359976434,297.94058531806587,0.4958794217116575,"{""type"":""Point"",""coordinates"":[83.57634023376339,19.771885349647317]}"
2376,284.34572130629897,2025-03-01,281.4554610025315,405,0,10,0.6122364613476643,1.5030471502086584E-5,5.59710941778257,299.5015623455956,0.0782083333233247,"{""type"":""Point"",""coordinates"":[80.87998959253004,20.32524921218441]}"
2377,-0.0,2025-03-01,281.62440631503154,630,0,10,0.45326386760649706,5.341273228509635E-4,0.4637353428839794,295.8741441908337,0.8322635515576312,"{""type"":""Point"",""coordinates"":[82.93037056639032,22.900514416519016]}"
2378,163.1637106410576,2025-03-01,283.0380386625017,543,0,10,0.5688665710186513,8.506592911317057E-5,6.751762479271756,298.5567265011015,0.18985938968950963,"{""type"":""Point"",""coordinates"":[81.31751699473278,19.236278332206254]}"
2379,169.95241686279462,2025-03-01,281.2949501673381,640,0,40,0.2519184969568669,1.3909753960206217E-4,2.8235238575870594,297.7960308165777,0.3809160873557537,"{""type"":""Point"",""coordinates"":[81.79275805032961,19.839681373867762]}"
2380,64.54576847164647,2025-03-01,288.61696583884105,122,0,40,0.26193143625364107,2.7751442593171305E-4,1.0788773498043653,301.6816451208932,1.000348160228098,"{""type"":""Point"",""coordinates"":[81.13592591048982,17.82570006255486]}"
2381,192.87986177029197,2025-03-01,280.6854879742577,701,0,10,0.3794835007173601,3.6443440137645666E-5,24.936357542185913,298.88824621836346,0.4195890235481804,"{""type"":""Point"",""coordinates"":[82.3492296939525,20.424220128784892]}"
2382,257.13002072216403,2025-03-01,283.09778917403446,387,0,10,0.5866920152091255,4.717957655770988E-4,6.22146121815581,295.7236082440331,0.33153253863912696,"{""type"":""Point"",""coordinates"":[84.05218855676628,23.94745449136515]}"
2383,42.36294481263013,2025-03-01,283.35781056540355,363,0,40,0.7074385309679427,1.5030471502086584E-5,3.7603321876755107,295.97518353235154,0.5600366334524081,"{""type"":""Point"",""coordinates"":[80.71536893790706,23.963740874391267]}"
2384,270.0,2025-03-01,283.381108556475,329,0,40,0.3798662322071686,1.5894738851329748E-5,0.4958016265443944,298.74515074775337,0.270350993547115,"{""type"":""Point"",""coordinates"":[81.29924234563673,20.71976983147749]}"
2385,187.18564589889235,2025-03-01,288.0375561941238,204,0,10,0.5684803001876173,4.959654490335197E-4,11.527321393652205,301.2801791145688,0.872907397206168,"{""type"":""Point"",""coordinates"":[81.2438382049567,17.859391172123313]}"
2386,304.65148701870686,2025-03-01,282.02830791473383,544,0,10,0.43833254975709135,3.57235638318798E-4,2.4453616778792693,296.99485429128015,0.8565113108317445,"{""type"":""Point"",""coordinates"":[82.83445909928628,22.842820601276753]}"
2387,226.5524404081245,2025-03-01,293.28310353415355,120,0,10,0.6004176818656457,0.0030964415947778434,5.378958486873054,298.92608801523846,0.5522401595806729,"{""type"":""Point"",""coordinates"":[84.12073153977681,18.69739010870182]}"
2388,208.55761753497583,2025-03-01,281.6864180337815,548,0,40,0.22513307587934453,3.8270172279908365E-4,2.1109697319110925,295.5639693396433,0.9493445842316256,"{""type"":""Point"",""coordinates"":[82.34821218941264,23.26579472764976]}"
2389,244.6403995018647,2025-03-01,285.3504398436773,300,0,10,0.65443186255369,1.80001227079174E-4,5.397790757151178,299.48308903830394,0.4887124441372436,"{""type"":""Point"",""coordinates"":[81.06300353921291,18.568227952908966]}"
2390,133.28722182613424,2025-03-01,282.83533800215946,352,0,40,0.3921676778819636,5.001079718454093E-4,2.7034038059775742,297.7485396521432,0.2541122918996822,"{""type"":""Point"",""coordinates"":[82.59505470569344,19.62122567341638]}"
2391,85.50939110153733,2025-03-01,288.3848346074422,696,0,30,0.44926470588235295,3.0950721901490397E-4,22.465264238014246,298.1327007384527,0.370948693594116,"{""type"":""Point"",""coordinates"":[83.91217403223044,19.533954983860973]}"
2392,312.4413953454923,2025-03-01,282.5967428570702,416,0,30,0.4586861313868613,1.715671698434562E-4,2.0607036697456897,296.18438298361644,0.4720734356287905,"{""type"":""Point"",""coordinates"":[81.5658972362751,23.87253326736169]}"
2393,180.0,2025-03-01,282.01567654382615,491,0,10,0.3830775728565395,1.621496359689445E-4,4.166350197281316,295.5789839880808,0.942788019586633,"{""type"":""Point"",""coordinates"":[82.15280437511406,23.136784375853694]}"
2394,6.679974712958151,2025-03-01,285.49829605647494,872,0,30,0.49851190476190477,2.9652830761506266E-4,8.344960922640361,296.0698170888992,0.10544922300913054,"{""type"":""Point"",""coordinates"":[82.4981367993873,18.430997666709814]}"
2395,180.0,2025-03-01,282.4248387927101,399,0,10,0.6398846312319736,5.504008930756754E-5,1.8543341688414132,296.1399900799706,0.41894219909016456,"{""type"":""Point"",""coordinates"":[81.68890148907654,23.976234718924886]}"
2396,245.23358899107185,2025-03-01,282.0624062220255,407,0,40,0.25966158345519114,0.006699736086545727,2.2129047954702212,296.82450226375033,0.8570780936481345,"{""type"":""Point"",""coordinates"":[84.28933786367371,22.674503027557694]}"
2397,256.99223682109414,2025-03-01,281.6014570962815,514,0,10,0.6496793790077624,3.425132910592765E-4,2.0594429014543145,297.3731501897176,0.8778372711583914,"{""type"":""Point"",""coordinates"":[82.20932808879748,22.4754867057004]}"
2398,37.856227656514776,2025-03-01,283.9730100631714,452,0,10,0.4736329709557034,6.70653263910026E-5,22.296028440708373,299.01064786456885,0.6288864603282721,"{""type"":""Point"",""coordinates"":[83.0695781956826,21.12877632165671]}"
2399,27.0302291904865,2025-03-01,282.86602996644524,368,0,10,0.27523229734059595,1.5030471502086584E-5,10.803023864588948,298.820270492917,0.4026572673535801,"{""type"":""Point"",""coordinates"":[80.80602574539661,21.035053671121855]}"
2400,218.61736403234175,2025-03-01,280.3850613094511,764,0,10,0.5649100257069408,1.5529510181977457E-4,2.3727721729100884,297.79680974142894,0.27295761061935,"{""type"":""Point"",""coordinates"":[81.71424470196628,20.12847382170271]}"
2401,140.97008866720955,2025-03-01,281.9823397227696,328,0,40,0.222002374356945,4.7827927289745276E-5,2.3865443344389723,297.86104779016404,0.6938710058691138,"{""type"":""Point"",""coordinates"":[81.77062879746698,22.30393590158038]}"
2402,70.4536073899813,2025-03-01,284.4643605096,950,0,40,0.237741456166419,4.3716546696259684E-4,4.151003977721236,295.19482290177115,0.18477171923189953,"{""type"":""Point"",""coordinates"":[82.92293173872024,18.78275113751326]}"
2403,213.02492471513958,2025-03-01,280.7473485583351,463,0,10,0.6895604395604396,6.31402103124401E-4,8.239371240250712,296.1342237109229,0.8456928811894229,"{""type"":""Point"",""coordinates"":[82.91129475789886,22.625612157131574]}"
2404,270.0,2025-03-01,283.5835301989601,296,0,10,0.4335355763927192,1.5075174985668127E-5,0.9924270908514095,298.4500021707444,0.42017470988118827,"{""type"":""Point"",""coordinates"":[81.8112450059925,20.85626605460646]}"
2405,347.80180216565293,2025-03-01,279.72721276964455,613,0,10,0.6023007395234182,1.744728962762565E-4,2.3709333528668455,297.5192857923962,0.7563778236613022,"{""type"":""Point"",""coordinates"":[80.57170659067428,22.304356909768725]}"
2406,28.512777696922917,2025-03-01,281.3990354537964,585,0,10,0.2507846512098815,8.417766968591422E-4,1.0553940675642772,295.7349956603278,0.7897364880632078,"{""type"":""Point"",""coordinates"":[83.06766962939224,23.01581391417832]}"
2407,252.9797523194618,2025-03-01,281.5431191126505,484,0,40,0.3941176470588235,4.1494783562257E-4,1.5839155094494533,296.09861405690515,0.43178452346585605,"{""type"":""Point"",""coordinates"":[81.28221892793646,23.31319857967999]}"
2408,337.9010817935883,2025-03-01,286.9307388578142,1089,0,10,0.6826658514215836,0.0014565837065561027,21.02517687731642,294.7399831045242,0.3202486731057143,"{""type"":""Point"",""coordinates"":[82.50640311742202,17.90829877307932]}"
2409,-0.0,2025-03-01,282.47178936004644,319,0,40,0.252534779533129,1.5030471502086584E-5,0.4637353428839794,298.211128007798,0.6733896319804975,"{""type"":""Point"",""coordinates"":[81.37150726200075,22.04670499430953]}"
2410,196.81213152136417,2025-03-01,283.8294960657755,354,0,10,0.3549280177187154,1.491409222467155E-4,3.387210853693235,299.7317695163545,0.15127941824099705,"{""type"":""Point"",""coordinates"":[81.20702695436401,18.984169014144175]}"
2411,238.63339937278744,2025-03-01,282.36276313236783,492,0,10,0.5368494586098498,2.7504083317353434E-4,8.838624936613312,295.44375333331874,0.3933473673907679,"{""type"":""Point"",""coordinates"":[82.17104054130782,23.878338031327207]}"
2412,132.74111461209955,2025-03-01,281.40613297053744,409,0,10,0.5955315870570108,1.0822233360840983E-4,0.683265749941475,297.54753635043187,0.8139103247015478,"{""type"":""Point"",""coordinates"":[81.67380802437823,22.466608319979674]}"
2413,-0.0,2025-03-01,287.4557342075166,170,0,40,0.32878714076960547,2.08462444959423E-4,0.9274099368670311,299.9811882291521,0.2145648612488659,"{""type"":""Point"",""coordinates"":[81.8829937323713,18.18510418797125]}"
2414,190.21042505421738,2025-03-01,281.9823397227696,325,0,40,0.20988663057910326,4.7827927289745276E-5,2.8249555292076414,297.86104779016404,0.6938710058691138,"{""type"":""Point"",""coordinates"":[81.80156429630395,22.28200760432421]}"
2415,90.0,2025-03-01,284.2281370162964,372,0,30,0.38351798451965396,3.41291395841381E-4,1.0139927606306713,296.09026677267883,0.589488543792806,"{""type"":""Point"",""coordinates"":[82.65207939625147,23.851806991003524]}"
2416,244.8997286153788,2025-03-01,281.0972020739601,432,0,10,0.37972865123703115,1.5030471502086584E-5,3.276067359429102,299.25156815846765,0.1519824115862123,"{""type"":""Point"",""coordinates"":[81.01970464930062,20.46607829642957]}"
2417,139.2606900183711,2025-03-01,284.997092791966,242,0,40,0.26066350710900477,0.002019385663686535,3.0573665285798683,298.3803697767712,0.34392883231615917,"{""type"":""Point"",""coordinates"":[84.30589992478913,21.752011262691656]}"
2418,54.90016857697898,2025-03-01,281.90354624248687,415,0,40,0.2804564907275321,5.281981628968424E-5,2.4180929217141025,298.3662212462653,0.08492376896012702,"{""type"":""Point"",""coordinates"":[81.76653751154613,20.433678850634674]}"
2419,213.30922370605236,2025-03-01,283.3284439359392,389,0,50,0.3557010365521004,1.5864936528942053E-5,2.7723643372164273,295.70762284596765,0.5333496755350355,"{""type"":""Point"",""coordinates"":[80.6951331488963,24.063633311644185]}"
2420,-0.0,2025-03-01,284.47530614762076,179,0,40,0.289586305278174,8.865710896088785E-5,0.463735342881014,299.81459712982183,0.07942897804351907,"{""type"":""Point"",""coordinates"":[83.37957419216903,20.561445683555263]}"
2421,41.03302430092431,2025-03-01,281.82662450699576,522,0,10,0.4796844181459566,5.703684490754313E-5,3.0709404551948416,296.77615079425635,0.5608306501093504,"{""type"":""Point"",""coordinates"":[80.219811592703,23.18655806880231]}"
2422,261.6902203141354,2025-03-01,285.75077233995705,504,0,40,0.2856362643364282,2.7529415291382975E-4,6.3908710251265,296.01911721910744,0.14877413529187916,"{""type"":""Point"",""coordinates"":[82.37090939846405,18.308235564924868]}"
2423,53.24911963527293,2025-03-01,283.7605437778291,257,0,40,0.346183500385505,3.729280632569498E-5,3.097209399085249,298.70680323101226,0.5654721043599074,"{""type"":""Point"",""coordinates"":[82.94260641931542,21.020827095448062]}"
2424,194.75893410655203,2025-03-01,285.282958212353,227,0,10,0.5355029585798816,2.2528585594727701E-4,1.917556675357884,300.8060580208188,0.6450157823034925,"{""type"":""Point"",""coordinates"":[81.49479102903945,18.38337353055098]}"
2425,152.1572553500846,2025-03-01,286.06791682470407,127,0,10,0.49523052464228934,1.620766323640055E-5,1.0488045173354887,301.26458317892894,0.41833736586808024,"{""type"":""Point"",""coordinates"":[80.28045988867115,18.804946109728125]}"
2426,19.65346564598694,2025-03-01,283.5045623325166,298,0,40,0.5053116147308782,1.4250990551545328E-4,1.4769706098338473,298.804145585923,0.5470868012984129,"{""type"":""Point"",""coordinates"":[82.63973766977075,21.036692669795126]}"
2427,-0.0,2025-03-01,285.2927994046892,147,0,40,0.3016116653875672,5.344253460748405E-4,2.7802885155465065,299.9509671075003,0.4382386412395478,"{""type"":""Point"",""coordinates"":[83.73030851120089,21.04220814438231]}"
2428,331.5985890128637,2025-03-01,281.79762990134105,510,0,40,0.2278633301251203,0.0020314258019311637,3.1599983393610493,297.241157304673,0.7422466090315429,"{""type"":""Point"",""coordinates"":[83.42789187638994,22.380465259998935]}"
2430,31.741086771030293,2025-03-01,281.40613297053744,525,0,10,0.6294298921417566,1.0822233360840983E-4,3.811498657123169,297.54753635043187,0.8139103247015478,"{""type"":""Point"",""coordinates"":[81.71411145850364,22.521428124267842]}"
2431,224.20866832113768,2025-03-01,279.90971951257615,781,0,10,0.5714867617107943,1.8967208069398112E-4,12.10872058401815,295.1148435955956,0.5045723969140125,"{""type"":""Point"",""coordinates"":[81.03199108436546,23.10317926752202]}"
2432,151.7570379627026,2025-03-01,284.3242993581863,275,0,40,0.27692942633099465,2.1318761525890295E-5,1.052713271560562,298.0499370665778,0.609246088184752,"{""type"":""Point"",""coordinates"":[82.04396150602932,21.43699902483761]}"
2433,28.406487760293395,2025-03-01,283.06638222648985,373,0,10,0.3226768459978528,5.296882790162272E-5,1.0543335880483333,297.6039502734229,0.7145361860438301,"{""type"":""Point"",""coordinates"":[81.56435940236364,22.409657506596115]}"
2434,171.81054952357113,2025-03-01,293.9720567521595,151,0,10,0.568262246228348,0.002898196546254894,19.78873249297634,298.8587517057146,0.8948902765445831,"{""type"":""Point"",""coordinates"":[84.20913097255418,18.642585456692807]}"
2435,69.76993085089694,2025-03-01,281.3901359467279,570,0,30,0.23848987108655617,2.0871726690074865E-5,5.348871426779184,296.86054788317,0.887602207081205,"{""type"":""Point"",""coordinates"":[80.26796668653947,22.881285441455223]}"
2436,270.0,2025-03-01,283.47190561748687,339,0,40,0.5188425302826379,1.5030471502086584E-5,0.49552411401577123,298.5304406938099,0.20569468653392797,"{""type"":""Point"",""coordinates"":[81.49486268100601,20.63513302458639]}"
2437,256.869466318498,2025-03-01,283.9730100631714,233,0,10,0.3263313609467456,6.70653263910026E-5,2.0405367520794453,299.01064786456885,0.6288864603282721,"{""type"":""Point"",""coordinates"":[83.10996782259217,21.08047222690625]}"
2438,14.812115865325804,2025-03-01,289.93695863087976,938,0,30,0.5543307086614173,0.0010965418497903556,3.8317631246054122,296.85664163316994,0.611629673877717,"{""type"":""Point"",""coordinates"":[84.09977683457181,19.020499096965747]}"
2439,241.84305655745783,2025-03-01,282.2709139415196,435,0,10,0.359529702970297,1.5030471502086584E-5,7.813159543854395,298.54107243674144,0.11045977103070283,"{""type"":""Point"",""coordinates"":[81.47326081778668,20.5033749564827]}"
2440,28.047541358407013,2025-03-01,281.94796239762087,367,0,10,0.3491547464239272,1.5268890081188147E-5,3.1495612041896455,298.8645529519944,0.034185102290289995,"{""type"":""Point"",""coordinates"":[81.01100214508838,20.201830120573174]}"
2441,-0.0,2025-03-01,293.62603391919816,46,0,40,0.7056625467088243,0.004070888129888317,0.4637353428839794,299.6670722507295,1.066041154441303,"{""type"":""Point"",""coordinates"":[83.70631343113679,18.44464066067757]}"
2442,324.87360132551004,2025-03-01,292.5371841703142,51,0,40,0.4994889764929187,0.0020629417578561515,1.7005182740021603,299.7955948511759,0.7696297971562726,"{""type"":""Point"",""coordinates"":[83.73963198583604,18.622248072416472]}"
2443,272.8009301660768,2025-03-01,292.250260807219,352,0,10,0.5754740211770499,0.0055807780901773185,26.4229207938628,298.06643399738135,0.6980404162649524,"{""type"":""Point"",""coordinates"":[84.18362794557753,18.93748772931882]}"
2444,-0.0,2025-03-01,282.139432589213,312,0,10,0.4578192730910303,0.0014119100252969474,0.4637353428839794,296.1487035751342,0.35117830162741365,"{""type"":""Point"",""coordinates"":[83.98595891955931,23.741606870479274]}"
2445,287.2628333106766,2025-03-01,286.0767058872041,141,0,40,0.4933850767331099,0.0017316442410333366,1.562331831107295,299.4033248083932,0.6185768217923251,"{""type"":""Point"",""coordinates"":[83.92262401820618,21.2100134083075]}"
2446,65.17961421565411,2025-03-01,279.8204337982905,809,0,10,0.727689594356261,2.8401133221223063E-4,16.13104531165858,296.56300440288726,0.7886516194053167,"{""type"":""Point"",""coordinates"":[80.7045309537186,22.332352225665733]}"
2447,180.0,2025-03-01,280.08473927634105,675,0,30,0.3249230769230769,0.004792640773473522,3.2427514650854445,293.70283303942,0.72618879264105,"{""type"":""Point"",""coordinates"":[84.04831065885912,23.43446426331569]}"
2448,294.80137865610516,2025-03-01,282.2554226375761,424,0,10,0.5503669112741828,0.0019525390545709342,1.105403463341321,297.720172836667,0.783718185939535,"{""type"":""Point"",""coordinates"":[83.34641236879469,22.45412593699954]}"
2449,342.2295303628531,2025-03-01,282.0062887555077,459,0,30,0.4799133188864811,1.5030471502086584E-5,8.221773552203484,296.5119499479021,0.3990808931503313,"{""type"":""Point"",""coordinates"":[80.52173550084805,23.408635177548263]}"
2450,180.0,2025-03-01,282.74208790915355,364,0,40,0.3382026040012702,4.150983494355387E-5,0.9274099368670311,297.66922882625033,0.6974224749772585,"{""type"":""Point"",""coordinates"":[81.38896676899303,22.254203523451412]}"
2451,28.025576627477058,2025-03-01,280.4324710936773,665,0,40,0.29515418502202645,1.6320761841370768E-4,2.1004544302692274,297.94278258369076,0.2247451498363071,"{""type"":""Point"",""coordinates"":[81.5822134923885,20.057352749557037]}"
2452,180.0,2025-03-01,283.61755875178744,282,0,40,0.604586129753915,1.7295448003551428E-5,3.242751465064752,298.3654946372622,0.5623153769534104,"{""type"":""Point"",""coordinates"":[81.5161425557576,21.58174013118322]}"
2453,172.21089402580347,2025-03-01,282.8904091517131,397,0,10,0.4951940192239231,3.728371540887565E-4,3.7391945104928723,295.4129392987206,0.4884310733617076,"{""type"":""Point"",""coordinates"":[83.53966009854413,23.962204443004055]}"
2454,353.1288889507619,2025-03-01,282.2892070497785,517,0,10,0.4986422267481331,2.862912098748893E-4,4.196382988466592,296.87686461494087,0.8957770666745959,"{""type"":""Point"",""coordinates"":[82.71005815647231,22.76955432012471]}"
2455,39.10066122666146,2025-03-01,281.4978368395851,506,0,10,0.42343960484957344,5.897086541040153E-4,2.3889347203442863,296.7225096112206,0.8310145786746721,"{""type"":""Point"",""coordinates"":[82.91708891377036,22.653609178747068]}"
2456,295.16609755033085,2025-03-01,283.66888641175774,254,0,40,0.3464590067587423,3.158104101999015E-4,3.2680717655001428,299.16687461308067,0.1407650035991332,"{""type"":""Point"",""coordinates"":[82.87441192951681,20.00100664729563]}"
2457,151.49898198586126,2025-03-01,280.92891942887076,668,0,40,0.2748706152961472,4.600089470727653E-4,1.0552764548518443,295.1259810583932,0.6749005809138281,"{""type"":""Point"",""coordinates"":[81.03605185980634,22.9501274362658]}"
2458,58.424445228298254,2025-03-01,280.1736122767131,691,0,30,0.3972602739726027,3.641050736291618E-4,1.770733083157139,295.09025514693485,0.7296910726302893,"{""type"":""Point"",""coordinates"":[80.9665063760743,22.791148153894405]}"
2459,301.6180281239532,2025-03-01,281.8345125743321,413,0,10,0.32436563741974933,0.005067760912595531,1.7686017830099805,296.92963968004506,0.8498146651692896,"{""type"":""Point"",""coordinates"":[83.98793469097836,22.563636819618438]}"
2460,312.6081916423226,2025-03-01,279.90971951257615,958,0,10,0.5061683599419449,1.8967208069398112E-4,0.6849870758215763,295.1148435955956,0.5045723969140125,"{""type"":""Point"",""coordinates"":[80.95986938452475,23.101646328449487]}"
2461,114.97943248990116,2025-03-01,283.8251654761178,243,0,40,0.23521521765638337,1.2035187882020182E-4,1.0980262731178039,298.7310312816075,0.6234011123653673,"{""type"":""Point"",""coordinates"":[83.12056280883829,21.292457139108553]}"
2462,208.69078690298494,2025-03-01,283.06062748318624,366,0,10,0.6023536698668318,1.5030471502086584E-5,2.1136467538365187,296.1734082812355,0.5929985769462616,"{""type"":""Point"",""coordinates"":[80.29974129663975,23.989641115016166]}"
2463,87.47670331103505,2025-03-01,279.4635467075166,747,0,10,0.5051041241322989,4.139792601449699E-4,10.417216722949385,296.9924361365182,0.8533568688172741,"{""type"":""Point"",""coordinates"":[80.93720379691163,22.265736533129708]}"
2464,320.60809853093525,2025-03-01,284.5611041386922,624,0,10,0.44142259414225943,2.7176257771088785E-4,5.384690383561572,299.63346803755985,0.4235812567101081,"{""type"":""Point"",""coordinates"":[81.67679017848154,18.709940924464995]}"
2465,90.0,2025-03-01,284.3242993581863,281,0,40,0.25853658536585367,2.1318761525890295E-5,1.4941040118488156,298.0499370665778,0.609246088184752,"{""type"":""Point"",""coordinates"":[81.97322183660991,21.41785834785662]}"
2466,-0.0,2025-03-01,284.2597183500017,273,0,40,0.5122222222222222,2.0290581403514807E-5,0.0,298.3684359505063,0.5550960520063571,"{""type"":""Point"",""coordinates"":[81.60442660833624,21.444968835883603]}"
2467,54.47410341855089,2025-03-01,288.7143256323678,80,0,30,0.4778053487730907,5.892169157846183E-4,2.3928707296346055,301.47453830355687,0.7916500545347774,"{""type"":""Point"",""coordinates"":[81.34686463648053,17.83044244811307]}"
2468,312.4459235490127,2025-03-01,283.2675715401059,367,0,10,0.8206420801273547,1.5030471502086584E-5,0.6871052341374025,295.98723942892894,0.5178072144614658,"{""type"":""Point"",""coordinates"":[80.63915584499483,23.851505575643863]}"
2469,312.4298718004727,2025-03-01,281.8004142670405,559,0,40,0.2497190379860643,2.718370835168571E-4,2.061156649956792,295.3543746130807,0.4068534684183006,"{""type"":""Point"",""coordinates"":[82.08317072616833,23.924376089238578]}"
2470,28.56233469552027,2025-03-01,281.29057888757615,498,0,40,0.19982058757568963,1.475166956765861E-4,2.1110642477282813,295.5926733016968,0.5569312979604573,"{""type"":""Point"",""coordinates"":[81.70274419354622,23.292090311817997]}"
2471,180.0,2025-03-01,286.79500829605826,162,0,10,0.5971830985915493,2.406042496545524E-4,0.463735342881014,301.2200391406105,0.5946978064274497,"{""type"":""Point"",""coordinates"":[80.89293023953125,18.5245343303031]}"
2472,121.7264887125605,2025-03-01,280.08583790915355,617,0,10,0.2073913043478261,1.8783923786713785E-4,1.7631868459405766,296.9221992038546,0.7505431510500814,"{""type"":""Point"",""coordinates"":[80.41062967254695,21.97025255322573]}"
2473,121.7032614102709,2025-03-01,283.29417124248687,248,0,50,0.14285714285714285,0.002343903152166149,3.525346581433218,298.19628193264913,0.4749791721005705,"{""type"":""Point"",""coordinates"":[84.04662560471438,22.098595385118514]}"
2474,35.58302954926212,2025-03-01,281.61898290543326,335,0,10,0.3768566493955095,1.5030471502086584E-5,1.7101551242841682,298.8652446837652,0.5151032936667097,"{""type"":""Point"",""coordinates"":[80.54289280333609,21.28724615554145]}"
2475,180.0,2025-03-01,279.7257828031268,1125,0,40,0.21699819168173598,3.8295504253937906E-4,2.317462738066788,294.55508145831885,0.8423460129872089,"{""type"":""Point"",""coordinates"":[81.59632956586923,22.867793896423226]}"
2476,315.73169952951883,2025-03-01,281.1640326636178,510,0,10,0.6309775708844689,1.613315743043131E-5,6.448807001926411,297.24845827193485,0.787127409547948,"{""type"":""Point"",""coordinates"":[80.52686408974424,22.588572608722224]}"
2477,312.8910062464931,2025-03-01,284.6368865512666,229,0,40,0.4808510638297872,1.6059991520478434E-4,2.043248011184602,298.4478514080956,0.456289952211714,"{""type"":""Point"",""coordinates"":[82.54147009192518,21.72626035444121]}"
2478,180.0,2025-03-01,282.0495539619809,494,0,10,0.5325336241366776,8.416872898919792E-4,7.378860558780502,295.59137121836346,0.43648224427177296,"{""type"":""Point"",""coordinates"":[83.48064729317176,23.76769872354936]}"
2479,109.15065081725079,2025-03-01,281.4500608444214,712,0,10,0.7011583011583011,1.240026633126945E-4,9.798742095272589,298.38197412944976,0.2838076724035898,"{""type"":""Point"",""coordinates"":[81.23212651815975,19.508037640638435]}"
2480,160.5991447421367,2025-03-01,285.1402754556564,567,0,30,0.3539651837524178,4.6833869618012614E-4,2.9473768758358996,296.65830643971765,0.38942137433653634,"{""type"":""Point"",""coordinates"":[82.51917939106502,18.82580914309164]}"
2481,110.37189955866671,2025-03-01,280.28850950513566,447,0,30,0.3245744998507017,1.3471659821107096E-4,2.6624259389425404,298.5462284542265,0.6391978297504994,"{""type"":""Point"",""coordinates"":[80.69086602750077,21.821658164412785]}"
2482,227.17544475787918,2025-03-01,282.89610576629644,292,1,10,0.3681628648516066,0.0026044350544793815,0.6821914952383495,298.20818088168187,0.5431950544127427,"{""type"":""Point"",""coordinates"":[83.77854633167937,22.057900756665262]}"
2483,245.21773181232078,2025-03-01,281.1018349329631,384,0,10,0.5072148952676493,8.443098942620963E-4,3.315312753936889,296.7279155822027,0.8107970496830259,"{""type"":""Point"",""coordinates"":[83.03006251157232,22.575553861398]}"
2484,335.92526445043205,2025-03-01,282.30012943631124,627,0,10,0.6984043485884622,1.1133667629792399E-4,9.56089092007266,298.8322973251343,0.10555601354530553,"{""type"":""Point"",""coordinates"":[80.81090042772419,19.54335269869383]}"
2485,204.9233047090056,2025-03-01,281.63023081279937,546,0,40,0.2648102648102648,0.0032237720171792716,3.5749280861652295,295.50991544269385,0.9700423851568396,"{""type"":""Point"",""coordinates"":[83.71940230055968,22.736276879129488]}"
2486,313.4024447392446,2025-03-01,282.83737250736783,687,0,40,0.22674167027260925,3.535401503427238E-4,2.0238979023398564,297.3006055468605,0.3387915839955359,"{""type"":""Point"",""coordinates"":[81.63825276372269,18.96175471808932]}"
2487,72.49779479968913,2025-03-01,285.5919879277547,126,0,40,0.2702461420737151,1.5581814466258948E-5,1.5416296120568926,300.586377961295,0.3849233678631619,"{""type"":""Point"",""coordinates"":[80.36502988834464,18.91084460398036]}"
2488,312.99083084814714,2025-03-01,284.41818305424283,266,0,10,0.2505902192242833,4.960116547181315E-5,0.6800651132603404,298.0333064397176,0.5773616889967069,"{""type"":""Point"",""coordinates"":[82.05290871770455,21.21666211700396]}"
2489,49.24485515975159,2025-03-01,287.2156625929333,323,0,10,0.6049346453223674,6.006610075814933E-4,23.457795631766146,299.5657829557146,0.48080944754646987,"{""type"":""Point"",""coordinates"":[84.36516262884653,20.661708526323693]}"
2490,27.00038122206365,2025-03-01,285.26710069747196,687,0,10,0.4801932367149758,8.528631607873649E-4,11.801172708586453,296.2252300353277,0.39130915855704657,"{""type"":""Point"",""coordinates"":[84.2311118810522,20.17796065545386]}"
2491,90.0,2025-03-01,283.2439829054333,247,0,30,0.3098995695839311,2.5963303249909586E-4,0.985811869914295,299.4365628106254,0.2399348019265948,"{""type"":""Point"",""coordinates"":[82.69247285428358,19.822850509779883]}"
2492,72.42979155667491,2025-03-01,284.9989994139898,1082,0,40,0.40173638516179955,1.8462058704926676E-4,3.0695016835052416,295.32021236419683,0.10743416888026873,"{""type"":""Point"",""coordinates"":[82.54946536725586,18.206005996660934]}"
2493,61.61248370671761,2025-03-01,280.63610181354346,679,0,40,0.26225784903139615,0.0012210410515649528,9.661552178690377,294.58053602491105,0.6351733826706806,"{""type"":""Point"",""coordinates"":[83.56452705713187,23.261963029823026]}"
2494,139.2512518826701,2025-03-01,284.451194354466,244,0,40,0.2153088630259624,1.3161715668275065E-4,3.057799599420257,298.2914618991671,0.4907447903436113,"{""type"":""Point"",""coordinates"":[82.41690135822648,21.80015469023351]}"
2495,287.4859774948631,2025-03-01,284.2136862164452,930,0,40,0.40561322568242986,0.0012378197590692253,3.083794819966217,295.3899610156104,0.4082741805305113,"{""type"":""Point"",""coordinates"":[83.0652972543806,19.075680519830605]}"
2496,158.05171027796646,2025-03-01,284.32982158660894,292,0,10,0.3554059109614665,1.6970452469422526E-4,7.948352634204066,298.01980895087837,0.49149024179157463,"{""type"":""Point"",""coordinates"":[83.03293151470756,21.475333423209293]}"
2497,287.20364611826096,2025-03-01,285.10742691584994,224,0,40,0.2643364281813217,0.0017547708432061881,1.5675409161038458,298.4070915494646,0.37206613597420113,"{""type"":""Point"",""coordinates"":[84.27076605604356,21.741806024125896]}"
2498,290.3849368218787,2025-03-01,284.46493598393033,213,0,40,0.17283268912203203,8.622806946618766E-4,2.6607979096823873,298.7440288634527,0.4199531179111504,"{""type"":""Point"",""coordinates"":[83.44118223132031,21.721461418539924]}"
2499,197.1685462852671,2025-03-01,282.3560202008202,341,0,30,0.27626020839200227,0.003114561406789562,3.39363997192646,297.421100571042,0.6805460122419106,"{""type"":""Point"",""coordinates"":[84.13949177668314,22.363210604736068]}"
2500,114.89478550621082,2025-03-01,280.32942631131124,433,0,40,0.21930477304135218,1.5648719471528239E-4,2.2022258543547317,297.95292604537235,0.6604155824644853,"{""type"":""Point"",""coordinates"":[81.0220237579138,21.85191755633575]}"
2501,290.13104519102774,2025-03-01,282.01457791101365,421,0,40,0.31123430252290984,4.334699789865226E-4,5.3739353946532,295.7118139266968,0.804821893464922,"{""type"":""Point"",""coordinates"":[82.8864465676587,23.59353348531895]}"
2502,35.025482510027445,2025-03-01,291.84563841138566,85,0,10,0.5138031828515752,0.016078467337308666,3.3938557196454915,298.72995590028313,0.3244975564502827,"{""type"":""Point"",""coordinates"":[82.95831028911986,17.973803374003328]}"
2503,65.0781875017537,2025-03-01,284.5369109653292,205,0,40,0.31588077590285446,9.25431815801403E-4,1.1004016448386111,298.8248510360718,0.42797892953431244,"{""type"":""Point"",""coordinates"":[83.47868193981797,21.674615739840686]}"
2504,227.21910971787239,2025-03-01,282.988797823588,335,0,10,0.570154095701541,6.382119337899894E-4,0.6827530566268962,298.20228662944976,0.6679658898114598,"{""type"":""Point"",""coordinates"":[82.95133207571615,22.27281252582605]}"
2505,-0.0,2025-03-01,279.9966452008202,767,0,30,0.41810526315789476,1.6736504238679117E-4,6.922303189771408,297.74788861047654,0.6817749440895438,"{""type"":""Point"",""coordinates"":[80.61128593606618,21.92893552209296]}"
2506,208.67489132551347,2025-03-01,283.2618400482904,374,0,40,0.6366322008862629,1.568612259461588E-5,1.0570226401997165,296.1092341740926,0.5506411248150331,"{""type"":""Point"",""coordinates"":[80.52017268756383,23.90443715546189]}"
2507,352.49923585725264,2025-03-01,286.1668867837815,491,0,10,0.4604895104895105,3.7279245060517496E-4,3.736676694445897,300.4719922656105,0.7445058842413297,"{""type"":""Point"",""coordinates"":[80.65217630255002,18.310194944504804]}"
2508,270.0,2025-03-01,281.9519790921893,238,0,10,0.49093494489868467,1.7995802579662268E-5,1.481071861301249,300.56689321427115,0.16170172986243161,"{""type"":""Point"",""coordinates"":[80.21291027852779,20.09324816861065]}"
2509,-0.0,2025-03-01,282.2328977584839,386,0,40,0.23827392120075047,0.0042543363253457755,2.317462738066788,296.18155211494076,0.9245686673344413,"{""type"":""Point"",""coordinates"":[83.88370125687159,22.671216330789626]}"
2510,-0.0,2025-03-01,283.5835301989601,291,0,40,0.24808607490171736,1.5075174985668127E-5,0.4637353428839794,298.4500021707444,0.42017470988118827,"{""type"":""Point"",""coordinates"":[81.77960860319895,20.916774326823393]}"
2511,180.0,2025-03-01,288.0930574962071,608,0,10,0.5165189363416599,0.005655060378728649,8.742673412295344,297.267791884286,0.5615045824463856,"{""type"":""Point"",""coordinates"":[83.2500937735384,18.993107182618463]}"
2512,151.61348560642278,2025-03-01,283.0811934244065,315,0,10,0.35969942653747283,2.2774454754426188E-4,2.1075567553291457,298.0288130896432,0.7587284941209045,"{""type"":""Point"",""coordinates"":[82.7988828977131,22.29401790317619]}"
2513,90.0,2025-03-01,281.9476194381714,618,0,40,0.32709280556298476,8.071463982446403E-4,1.966635278292571,297.1353281566075,0.17360316177926755,"{""type"":""Point"",""coordinates"":[82.54275798372737,19.46290851977474]}"
2514,245.03077813843387,2025-03-01,283.9285532179333,310,0,10,0.4765896544673891,4.7649113355419104E-5,1.0984463753215479,298.49059345608663,0.552897487033838,"{""type"":""Point"",""coordinates"":[82.5831367769268,21.360524848062617]}"
2515,101.98393528059896,2025-03-01,283.46261083512076,415,0,10,0.5746656760772659,6.801900070740885E-5,11.028926352055345,298.1681708835421,0.5772780316919555,"{""type"":""Point"",""coordinates"":[82.90788404753377,20.9395341144244]}"
2516,192.22713568252928,2025-03-01,280.8560202008202,782,0,10,0.5106171859495932,3.1302539525768225E-5,2.371192249478823,296.9480199813843,0.7413429154153443,"{""type"":""Point"",""coordinates"":[80.57664964029371,22.64370343165834]}"
2517,180.0,2025-03-01,284.09034288497196,299,0,40,0.2914757103574702,6.898757618500895E-5,0.463735342881014,298.37460340772355,0.6422796914725798,"{""type"":""Point"",""coordinates"":[82.72429784327856,21.300469746130272]}"
2518,277.8804952731347,2025-03-01,280.1627131416684,933,0,10,0.6666666666666666,4.32158676801464E-4,10.042927165370793,295.1770471391224,0.827958230361871,"{""type"":""Point"",""coordinates"":[81.26121889130097,22.666715150034882]}"
2519,47.27851245822594,2025-03-01,281.8345125743321,380,0,40,0.2954149738827626,0.005067760912595531,0.6835191406690166,296.92963968004506,0.8498146651692896,"{""type"":""Point"",""coordinates"":[83.95300631036632,22.56202758979958]}"
2520,32.959476571593775,2025-03-01,281.7257188615345,546,0,10,0.5971479500891266,4.974257628305168E-4,19.64238053235261,295.85138098398846,0.4942470626394571,"{""type"":""Point"",""coordinates"":[81.52356320612874,23.50685308896114]}"
2521,215.86358770312015,2025-03-01,286.06791682470407,221,0,10,0.3767790262172285,1.620766323640055E-5,10.744669855001657,301.26458317892894,0.41833736586808024,"{""type"":""Point"",""coordinates"":[80.28898457887543,18.832325817145858]}"
2522,167.9970473853829,2025-03-01,282.22893337976365,288,0,30,0.4033167495854063,4.8215357480785315E-5,4.730333214006948,300.3591353552682,0.09930087642225904,"{""type"":""Point"",""coordinates"":[80.28216619450664,19.83297368411912]}"
2523,35.21087011041988,2025-03-01,289.1441817056565,776,0,40,0.474293271615143,0.0074408900420053214,5.094885710396614,295.37981174105687,0.4554613409373127,"{""type"":""Point"",""coordinates"":[84.28280798355475,19.14673441915078]}"
2524,11.974596681539605,2025-03-01,281.9147011439005,640,0,30,0.5592417061611374,6.508779208047599E-4,2.368955115316073,298.19463688986644,0.3323721277938954,"{""type"":""Point"",""coordinates"":[82.20687418679643,19.442150284245514]}"
2525,35.6095595257434,2025-03-01,284.3252933593023,256,0,40,0.6531547409235108,1.3519343536927408E-4,1.710721721797912,298.31611428942,0.5523341380680724,"{""type"":""Point"",""coordinates"":[83.02327163335178,21.43081782434531]}"
2526,35.72977217783176,2025-03-01,282.4970230375017,272,0,10,0.4335231492943798,0.00113935288590028,3.4235383131683395,298.75546859559563,0.4987172327330746,"{""type"":""Point"",""coordinates"":[83.3983537765162,22.066711318349228]}"
2527,132.84269598283922,2025-03-01,283.0506990977696,231,0,30,0.22802768166089965,8.09232560811779E-4,1.3637239932416427,298.420862243289,0.4248601199272461,"{""type"":""Point"",""coordinates"":[83.1813981913828,21.967887824184505]}"
2528,232.53316628664894,2025-03-01,281.9866528738113,489,0,10,0.39575671852899574,4.252311390473551E-5,3.806193548639322,295.93296464284265,0.8207298905003098,"{""type"":""Point"",""coordinates"":[81.75273912968254,23.119713523482616]}"
2529,55.41780735282928,2025-03-01,280.8354077566238,777,0,10,0.3289421683572652,0.0068283778111322135,4.890366212378937,294.24527281806587,1.179430585946201,"{""type"":""Point"",""coordinates"":[84.0922725902156,23.19177651918173]}"
2530,208.332670952928,2025-03-01,280.6499073846,572,0,40,0.3353401565322095,2.624195496423454E-4,1.053600484777189,297.8809917540778,0.7032432484688529,"{""type"":""Point"",""coordinates"":[80.66027634556859,21.97684579598958]}"
2531,282.98113475419257,2025-03-01,281.39576280684696,502,0,30,0.2206170857856251,2.1050540624401037E-5,4.1218423889029605,297.1743383407593,0.8882531046965886,"{""type"":""Point"",""coordinates"":[80.35089905372276,22.76724918078102]}"
2532,135.74864761651025,2025-03-01,281.3302982421148,620,0,10,0.5247489871410956,1.3234731358124918E-4,6.4469640231842265,297.55702295757476,0.819355315199859,"{""type"":""Point"",""coordinates"":[81.8425832384435,22.506790946226957]}"
2533,347.98726701386516,2025-03-01,282.58404173169816,337,0,40,0.2896768658850443,3.458079498841471E-5,2.3692897313113748,299.4786480040777,0.08249448077682008,"{""type"":""Point"",""coordinates"":[80.55420564221801,19.965188107671178]}"
2534,261.28466106817194,2025-03-01,280.6628759020851,621,0,10,0.6384986370308241,2.020117443635172E-5,6.0978957672061345,296.41210224514913,0.6903775628807983,"{""type"":""Point"",""coordinates"":[80.35648849227513,23.106822594643397]}"
2535,270.0,2025-03-01,280.1322943823678,584,0,10,0.6247405562474055,1.287263314111442E-4,0.999396972002899,297.09052835192,0.7326714221632435,"{""type"":""Point"",""coordinates"":[80.35458438721594,21.881733648039074]}"
2536,270.0,2025-03-01,286.11509990692144,136,0,40,0.2728700431880644,1.2118634384705729E-4,0.9918713224553535,299.97685763949437,0.24600365428793425,"{""type"":""Point"",""coordinates"":[83.86101003839534,20.771924313195843]}"
2537,133.0717031088911,2025-03-01,282.5096834727696,388,0,10,0.2853185595567867,1.5030471502086584E-5,2.7142459187162435,298.7886252176195,0.3151187062603012,"{""type"":""Point"",""coordinates"":[80.92850300781777,20.7942268647245]}"
2538,208.7024668023403,2025-03-01,283.48322327931726,354,0,40,0.6783387622149837,1.5164581952831213E-5,2.113882415895833,296.01403676895865,0.419331983609703,"{""type"":""Point"",""coordinates"":[81.05745050829469,24.051921202338736]}"
2539,132.52669238663907,2025-03-01,281.6208023343767,503,0,30,0.3237769594950026,4.3095168274476237E-4,4.791369433541489,295.7220562072028,0.5232298680983805,"{""type"":""Point"",""coordinates"":[81.59697622584187,23.481642398889612]}"
2540,180.0,2025-03-01,293.62603391919816,37,0,40,0.3672472121288059,0.004070888129888317,1.390963080774087,299.6670722507295,1.066041154441303,"{""type"":""Point"",""coordinates"":[83.733797753655,18.37383094218584]}"
2541,32.39901523688638,2025-03-01,284.4717544828142,329,0,30,0.30781639536588945,1.570102375580973E-5,2.744110227351783,299.6900737853277,0.20211799903516398,"{""type"":""Point"",""coordinates"":[80.7241840459132,19.006484449152158]}"
2542,132.93971477590853,2025-03-01,282.32533986227855,297,0,40,0.3263777421080792,1.5030471502086584E-5,1.3612414416270602,298.5055732272921,0.6045032046899885,"{""type"":""Point"",""coordinates"":[80.27795866478223,21.47938969139391]}"
2543,99.72209141945501,2025-03-01,286.3307342075166,1032,0,10,0.7664714494875549,0.0028984498659951896,16.044127856616424,297.7220213299706,0.4763526278513441,"{""type"":""Point"",""coordinates"":[83.42360288136965,19.555636103645018]}"
2544,93.61977066308283,2025-03-01,285.49829605647494,948,0,10,0.6204869857262805,2.9652830761506266E-4,21.036722744799995,296.0698170888992,0.10544922300913054,"{""type"":""Point"",""coordinates"":[82.50771067071399,18.39265539296844]}"
2546,172.27381495909518,2025-03-01,280.8427610397339,651,0,30,0.26162018592297476,0.0031601142565591545,3.738636737883076,294.97155048733663,1.0803751284622647,"{""type"":""Point"",""coordinates"":[83.54707204838353,22.876079366403747]}"
2547,287.44688300470875,2025-03-01,281.6887199311029,637,0,10,0.3242742433600988,7.034358185364908E-5,7.6872320953357125,297.6703390848069,0.33816204507500286,"{""type"":""Point"",""coordinates"":[81.777221686969,19.46585920145691]}"
2548,84.6367829134724,2025-03-01,284.96912125178744,294,0,10,0.7024904644379627,4.717361609323234E-4,4.949135265345184,298.94119566962826,0.47468031922401194,"{""type"":""Point"",""coordinates"":[83.57209546074812,20.148935042016287]}"
2549,28.59594057550098,2025-03-01,282.044938541594,509,0,30,0.29997324056729996,1.8083569210602946E-4,4.217754778748107,296.4095213299707,0.2794413103273867,"{""type"":""Point"",""coordinates"":[80.86861515604971,23.476826575741917]}"
2550,244.5589798875119,2025-03-01,288.87364482879633,87,0,10,0.32111212954476015,2.0797220884105627E-5,1.0794001402187996,301.66214293525326,1.1093089778904532,"{""type"":""Point"",""coordinates"":[80.98734451107175,17.93142565581139]}"
2551,27.906490839181895,2025-03-01,282.67428656986783,556,0,40,0.20887792848335388,2.703022639138908E-4,1.0494217304092373,298.03850896017894,0.41968887065733756,"{""type"":""Point"",""coordinates"":[81.92789235382048,19.251812452111515]}"
2552,144.73157483553598,2025-03-01,283.2731112071446,209,0,10,0.3191609977324263,1.5030471502086584E-5,1.7034924039703865,300.2608687537057,0.15704778418231694,"{""type"":""Point"",""coordinates"":[80.40059608572447,19.4960351396752]}"
2553,58.38981155312475,2025-03-01,282.3751794270107,391,0,40,0.20215956808638272,0.004080499378858349,3.5346232522705874,296.52847013019385,0.8704712293784204,"{""type"":""Point"",""coordinates"":[83.90306895651638,22.6055293682046]}"
2554,244.92572888780296,2025-03-01,285.308360463097,144,0,40,0.27884022208513265,1.5533980530335612E-4,1.0941412218718647,299.8137426376343,0.17536825614164364,"{""type"":""Point"",""coordinates"":[83.67895109892194,20.646685106048828]}"
2555,119.17444129507447,2025-03-01,287.04903661637076,149,0,30,0.3205602962485912,5.33590881047985E-4,2.8516357204063025,299.14103058406283,0.5128984851484315,"{""type"":""Point"",""coordinates"":[83.94840506169324,21.488497177824005]}"
2556,46.953220950569836,2025-03-01,283.5365680058797,295,0,40,0.23426573426573427,1.601394814088053E-5,0.679353892396988,298.4256055468605,0.42444138491728944,"{""type"":""Point"",""coordinates"":[81.93133870394122,20.926085285960177]}"
2557,214.57792717077874,2025-03-01,281.8345125743321,501,0,10,0.5413476263399694,0.005067760912595531,6.171645711880586,296.92963968004506,0.8498146651692896,"{""type"":""Point"",""coordinates"":[84.00736809430897,22.598424880194848]}"
2558,48.77390093367828,2025-03-01,286.88194561004633,487,0,30,0.4222222222222222,2.474587838037223E-4,16.423163357144855,296.90324924105687,0.17152828391484332,"{""type"":""Point"",""coordinates"":[82.33677322486476,18.33038936468741]}"
2559,46.63340389705222,2025-03-01,283.05554703303744,563,0,30,0.44013490725126475,8.638453165872306E-4,0.6753290282448795,297.80163442520865,0.28186730895389833,"{""type"":""Point"",""coordinates"":[82.44966293745614,19.169861385250858]}"
2560,234.95424103337785,2025-03-01,283.50656196049283,207,0,10,0.3541297412265154,2.808388870789713E-5,2.421341557228446,300.2796268917265,0.2847230606777155,"{""type"":""Point"",""coordinates"":[83.33975718664654,20.740253362815288]}"
2561,180.0,2025-03-01,287.0999399366833,165,0,10,0.4050420168067227,1.862895171029777E-4,0.463735342881014,301.44297440846765,0.7610842798071139,"{""type"":""Point"",""coordinates"":[81.14846746380825,18.28539792897666]}"
2562,90.0,2025-03-01,281.504655338469,513,0,30,0.4402272140459592,1.8889722031190104E-4,1.505249596128014,297.0931325185867,0.9612551842464435,"{""type"":""Point"",""coordinates"":[80.22428392068102,22.47555578705493]}"
2563,75.0879695541563,2025-03-01,283.9566933314005,294,0,40,0.36180904522613067,6.64096752984733E-5,3.599463494712499,298.3476781845093,0.6882036003856845,"{""type"":""Point"",""coordinates"":[82.71188863303048,21.24155978430245]}"
2564,47.109435327293376,2025-03-01,281.6785125278291,306,0,40,0.2910244786944696,1.5343395887157385E-5,1.3624974935434886,298.1247371037801,0.6769844970755872,"{""type"":""Point"",""coordinates"":[80.40501741282553,21.72790709625452]}"
2565,90.0,2025-03-01,282.8179865791684,402,0,40,0.5609073088770653,1.5030471502086584E-5,2.0296788256659366,296.32024724142894,0.5794542169806308,"{""type"":""Point"",""coordinates"":[80.20412679207978,24.000085226366732]}"
2566,144.54874124046924,2025-03-01,282.32564794449576,292,0,40,0.31800766283524906,2.3364540737702555E-4,1.7073518768786258,299.6610210509528,0.6547863000812767,"{""type"":""Point"",""coordinates"":[82.6086583558474,20.558491398636548]}"
2567,110.21107015833921,2025-03-01,280.08497179122196,836,0,40,0.1984478935698448,2.0090755623414225E-4,5.353660944002082,294.6194532031104,0.6600543524722295,"{""type"":""Point"",""coordinates"":[81.54298547137337,23.019786624481974]}"
2568,287.18467093580915,2025-03-01,283.8388547897339,257,0,40,0.6047265987025023,3.694545904977531E-4,1.5692186425875816,298.44371845608663,0.6210656252581784,"{""type"":""Point"",""coordinates"":[82.13595224918299,21.90941871758132]}"
2569,87.05417138291901,2025-03-01,290.0455082030523,454,0,10,0.4234492649695231,0.0032753449360711784,32.209916257280234,297.05752867744087,0.3264222035557597,"{""type"":""Point"",""coordinates"":[82.61821556573662,17.823042473813537]}"
2570,121.69680133621752,2025-03-01,283.66448606763566,250,0,40,0.31308703819661865,0.0015376162211282463,1.7646650743413606,298.2765402566819,0.39580040368177355,"{""type"":""Point"",""coordinates"":[84.18884316786314,22.13397079466207]}"
2571,226.84681883995168,2025-03-01,285.173600650969,164,0,40,0.2528952329652572,3.7560877007081217E-4,0.6780071719774078,299.91216037386937,0.4256608950861467,"{""type"":""Point"",""coordinates"":[83.37073329760251,20.359536891264515]}"
2572,238.5496959865502,2025-03-01,281.28401615506124,577,0,30,0.5317507418397626,2.2112843197419352E-4,1.7770538330250347,294.9762647265479,0.728855793626356,"{""type"":""Point"",""coordinates"":[83.23672824993668,23.44886291272701]}"
2573,83.2891890471121,2025-03-01,281.66131223951066,654,0,10,0.6078591895210806,1.5066084068848795E-4,3.962120648970721,297.8515728087652,0.18638240959288271,"{""type"":""Point"",""coordinates"":[81.17096274034941,19.72628735771708]}"
2574,227.18814653661937,2025-03-01,282.4473287945702,331,0,40,0.33010730065221966,1.5030471502086584E-5,1.3645159203882486,297.96453435080383,0.6918845645828651,"{""type"":""Point"",""coordinates"":[81.39756908337932,22.120731030079344]}"
2575,-0.0,2025-03-01,280.91621830349874,645,0,10,0.5468680586406042,6.350394886567301E-5,1.390963080774087,297.8701274962652,0.2977727269531528,"{""type"":""Point"",""coordinates"":[81.59731131969912,19.871710471600235]}"
2576,287.1160349793281,2025-03-01,281.33140268779937,449,0,40,0.6252176941832114,1.6162959752819006E-5,1.575318764233807,297.5760368619646,0.8201784460071216,"{""type"":""Point"",""coordinates"":[80.38943876712158,22.505636688762664]}"
2577,137.72521205706923,2025-03-01,280.81454535893033,718,0,10,0.4207396664249456,6.908279339654655E-4,3.755082834785535,295.41066065288726,0.7432540654083588,"{""type"":""Point"",""coordinates"":[82.28500950748118,23.56122473059761]}"
2578,340.23127225974525,2025-03-01,280.08583790915355,643,0,10,0.598738667717777,1.8783923786713785E-4,4.426262524470922,296.9221992038546,0.7505431510500814,"{""type"":""Point"",""coordinates"":[80.37942778904498,21.957796871719633]}"
2579,137.02939217534447,2025-03-01,285.4615877696446,914,0,10,0.5899252262888627,0.003835539189992687,5.057136938795086,295.7438835416521,0.3276492395579808,"{""type"":""Point"",""coordinates"":[84.15550210035987,20.067555438241662]}"
2580,-0.0,2025-03-01,282.5967428570702,388,0,30,0.2547892720306513,1.715671698434562E-4,0.0,296.18438298361644,0.4720734356287905,"{""type"":""Point"",""coordinates"":[81.5736017314328,23.8957582767036]}"
2581,270.0,2025-03-01,281.97974136897494,312,0,40,0.2578586622547861,1.5030471502086584E-5,0.9960849781305345,298.66192785898835,0.5591127334280223,"{""type"":""Point"",""coordinates"":[80.33800410342126,21.402357262316293]}"
2582,83.88731697207808,2025-03-01,292.2845335006714,339,0,10,0.6507890545823078,0.011922950712857983,24.515893485159157,297.5056255431403,0.7181672766155828,"{""type"":""Point"",""coordinates"":[84.30568795567325,18.917523555677004]}"
2583,81.07691554868819,2025-03-01,281.2941073008946,626,0,40,0.6623222748815166,4.1792957006236975E-5,2.987105575654446,297.8794745944796,0.35064967687411114,"{""type"":""Point"",""coordinates"":[81.76112875386238,19.601200145369432]}"
2584,151.69761894847363,2025-03-01,283.5375503812517,255,0,40,0.21034374014506466,5.9525338826915686E-5,1.0533004644853399,298.63033489953915,0.6527260529806179,"{""type"":""Point"",""coordinates"":[81.77578709674212,21.79654612830455]}"
2585,28.376051933176264,2025-03-01,282.76257828303744,290,0,40,0.19901554983778946,2.4304804009034342E-4,1.0540309825933933,298.28084759485154,0.7397072536064119,"{""type"":""Point"",""coordinates"":[82.06953392084998,22.232677449635442]}"
2586,324.1853516308365,2025-03-01,281.27942398616244,462,0,40,0.19300732341129223,3.277775448395914E-5,1.715126901768662,297.32622287386937,0.7672652147958645,"{""type"":""Point"",""coordinates"":[80.51195734975808,22.502839082610098]}"
2587,98.91804080260162,2025-03-01,281.94421890803744,565,0,30,0.2348076231571377,5.095851103646964E-4,2.9887782366183,297.98189739953904,0.2533175818176647,"{""type"":""Point"",""coordinates"":[82.5493071360189,19.693383593314174]}"
2588,70.66273620461743,2025-03-01,281.5708930151803,441,0,10,0.29757199322416716,3.0915109334728186E-5,4.193997795288914,298.6120824813843,0.4460799790092388,"{""type"":""Point"",""coordinates"":[82.41598249998901,20.64213042040621]}"
2589,283.63006407988394,2025-03-01,280.68455210186187,793,0,10,0.47832143479017936,4.892599264962882E-4,9.744566385950371,295.5254183723813,0.725960694148411,"{""type"":""Point"",""coordinates"":[80.86658385624935,22.86473824692671]}"
2590,287.03281817270226,2025-03-01,280.76592649732316,648,0,30,0.3,8.081909817292399E-5,4.738718996922897,295.7471968787057,0.5895895222699203,"{""type"":""Point"",""coordinates"":[80.69888743390648,23.209075501331235]}"
2591,256.8420977879401,2025-03-01,283.2328512555077,322,0,30,0.2006220839813375,1.5894738851329748E-5,2.036370579440805,298.44974640437533,0.37266182599058595,"{""type"":""Point"",""coordinates"":[81.94610412963209,20.75702114167318]}"
2592,152.6196230772247,2025-03-01,285.2174064545405,828,0,10,0.551094890510949,5.307447592599601E-4,18.636961375884187,296.9770785286313,0.30756069417306175,"{""type"":""Point"",""coordinates"":[84.04587420026441,20.06362636087334]}"
2593,-0.0,2025-03-01,280.81293519337976,727,0,40,0.3914510686164229,3.4771379631592936E-4,1.8543341688414132,295.2785747618902,0.5925709475022898,"{""type"":""Point"",""coordinates"":[80.98224851933293,23.029643130810616]}"
2594,124.97554794897567,2025-03-01,283.48983251480826,232,0,40,0.31342155009451794,6.664809387757487E-5,2.4255760518005545,299.46989963168187,0.6237614573508516,"{""type"":""Point"",""coordinates"":[83.23677125450794,21.130605020664596]}"
2595,-0.0,2025-03-01,286.088622274853,265,0,80,-0.14914914914914915,3.430944363458366E-4,0.0,296.0548198790777,0.516226284319446,"{""type"":""Point"",""coordinates"":[82.86687644664951,24.100389545838677]}"
2596,-0.0,2025-03-01,282.7904800687517,223,0,30,0.3327777777777778,3.1242934880992834E-5,0.463735342881014,300.4777993247622,0.049191050391100576,"{""type"":""Point"",""coordinates"":[80.29373325042245,19.59926655098486]}"
2597,58.071805710311125,2025-03-01,281.911881900969,372,0,10,0.4237536656891496,1.5030471502086584E-5,1.7532208764566088,299.20454202379506,0.3250439101078014,"{""type"":""Point"",""coordinates"":[80.73906488465478,20.821545182214667]}"
2598,3.9019111709977823,2025-03-01,281.11204814910883,639,0,10,0.43847487001733104,0.0013814222494943351,7.395814842238746,294.43230778830394,0.4363788469002251,"{""type"":""Point"",""coordinates"":[83.5214757859846,23.604992929287427]}"
2599,133.23500925492445,2025-03-01,281.2379607700166,638,0,10,0.5971066907775768,1.4468547504975504E-4,0.6769766939843221,297.80107638949437,0.3657028428075419,"{""type"":""Point"",""coordinates"":[81.81631715985404,19.912952573742352]}"
2600,237.65833898457828,2025-03-01,287.4103531156267,90,0,30,0.24353779516557217,1.8037375610902018E-4,1.733206594718263,301.19010866255985,0.8352065070979398,"{""type"":""Point"",""coordinates"":[80.68740863776733,18.233254669157024]}"
2601,167.94157755652586,2025-03-01,283.357200213841,412,0,20,0.2929936305732484,1.5030471502086584E-5,2.369692125666973,298.62787024180096,0.20569712701864384,"{""type"":""Point"",""coordinates"":[81.57051948455722,20.572255118674107]}"
2602,270.0,2025-03-01,282.3959197543916,437,0,10,0.4935163996948894,1.5030471502086584E-5,1.5183931593959805,296.08365753718783,0.27553011605428973,"{""type"":""Point"",""coordinates"":[80.75754741010203,23.646202900699663]}"
2603,270.0,2025-03-01,280.2028219586327,669,0,10,0.36785027112121743,0.0011431079785211296,2.513032154875942,295.0341841833932,0.857259037515498,"{""type"":""Point"",""coordinates"":[83.12828722475803,22.766538848310287]}"
2604,110.34102910495949,2025-03-01,283.10463673727855,222,0,40,0.20573006558508802,0.0027137797753198356,2.666289389049064,298.1782213392712,0.525213720489094,"{""type"":""Point"",""coordinates"":[83.94228182539369,22.05717087394577]}"
2605,263.25198558062465,2025-03-01,283.4669181732905,584,0,40,0.31084967320261436,1.602124850137443E-4,3.9404454474571025,298.065864335923,0.4660196872135334,"{""type"":""Point"",""coordinates"":[81.63094027863065,18.811670006122196]}"
2606,46.81456552387002,2025-03-01,280.76456047239753,487,0,10,0.6542056074766355,2.2516664665772623E-4,2.708508853660628,299.0927779333932,0.2726000754330352,"{""type"":""Point"",""coordinates"":[82.0914828736139,20.185140531266075]}"
2607,280.9410569762699,2025-03-01,286.00261502038865,842,0,10,0.689161554192229,0.008053029743848583,16.62096915836147,295.3604723158337,0.3270246639227099,"{""type"":""Point"",""coordinates"":[84.27161986415986,20.12468018031643]}"
2608,-0.0,2025-03-01,281.65452861785883,371,0,40,0.2629558541266795,1.5030471502086584E-5,0.0,299.0447577976045,0.3332989172493134,"{""type"":""Point"",""coordinates"":[80.56992820566764,20.801979784926854]}"
2609,-0.0,2025-03-01,283.9580535434541,248,0,10,0.35780730897009966,5.046081225259513E-4,1.390963080774087,299.1633520126342,0.0998338983714397,"{""type"":""Point"",""coordinates"":[82.91306657469484,20.077947284706717]}"
2610,90.0,2025-03-01,283.56220277150476,295,0,40,0.6336665591744598,1.607355278565592E-5,0.496808984665111,298.4576926004319,0.44814684164378865,"{""type"":""Point"",""coordinates"":[81.58780211092913,21.024515354345212]}"
2611,28.210045800937515,2025-03-01,285.87207535334994,141,0,40,0.3117723156532988,0.0015294652859552116,1.0523887539777543,299.5435370944795,0.6179856324096766,"{""type"":""Point"",""coordinates"":[83.81523394465061,21.234659336983608]}"
2612,237.87395185229434,2025-03-01,281.03659707023985,657,0,40,0.24188580904998816,4.688915413453287E-5,1.7435748956776764,298.3323438281105,0.37666675343701983,"{""type"":""Point"",""coordinates"":[81.89346526600316,19.626708985942773]}"
2613,229.81663472276617,2025-03-01,284.4503689266386,277,0,10,0.4278058946114915,1.7961379688813395E-4,24.897459108093784,299.2345190048218,0.14959363891210775,"{""type"":""Point"",""coordinates"":[84.09870110642292,20.630191871470252]}"
2614,180.0,2025-03-01,284.24219254084994,199,0,30,0.23342516069788796,6.535601298196525E-4,0.4637353428839794,298.900366056533,0.39270303604172924,"{""type"":""Point"",""coordinates"":[83.51186191833173,21.772719956952635]}"
2615,190.95920193477295,2025-03-01,279.56963743482316,871,0,10,0.6595368569913381,0.0023879509846551628,12.998392469163226,293.54501937684563,0.9745257477143054,"{""type"":""Point"",""coordinates"":[83.26425162633048,22.753511388732505]}"
2616,107.4478937175578,2025-03-01,281.5850589843024,524,0,10,0.44172010562052055,9.765741032197184E-5,1.5462761597461474,298.78592804500033,0.32297595276243657,"{""type"":""Point"",""coordinates"":[81.44673732030647,19.45610986492986]}"
2617,107.3811943201147,2025-03-01,285.05242552076066,191,0,40,0.3132862841362381,4.5054670971467203E-4,1.552022907477616,299.3893855412801,0.28748972931616984,"{""type"":""Point"",""coordinates"":[83.06679995652645,20.105582235050438]}"
2618,259.43442661940014,2025-03-01,283.91631130945115,296,0,60,0.22523025397711416,2.6474563298961584E-5,2.527502265198117,298.2371347972325,0.5459600811478054,"{""type"":""Point"",""coordinates"":[81.71414576787903,21.154157287169575]}"
2619,97.71482355428867,2025-03-01,293.7399662108648,22,0,40,0.5136681500317863,0.0037487250248773307,3.4503567403461703,299.61747101375033,0.9327022994342365,"{""type"":""Point"",""coordinates"":[83.91977929039622,18.50767368731497]}"
2620,204.35372403194282,2025-03-01,284.5458569753738,467,0,30,0.3322359396433471,3.2098111313416666E-4,3.5587071832202533,298.536579086667,0.3204766006607953,"{""type"":""Point"",""coordinates"":[81.33090042429836,18.7708288570051]}"
2621,190.28739768108028,2025-03-01,281.3705872581118,523,0,30,0.32457027300303337,1.058083454950065E-4,2.8256406952438895,295.38887982141415,0.7966720643679176,"{""type"":""Point"",""coordinates"":[82.93986712071897,23.327467833042704]}"
2622,328.69913255699385,2025-03-01,281.80527964092437,414,0,10,0.480814408770556,1.607355278565592E-5,3.793632733085431,299.80846454983663,0.10084931132706501,"{""type"":""Point"",""coordinates"":[81.09529246271256,19.981333397902958]}"
2623,218.78662954321072,2025-03-01,283.704833212353,296,0,40,0.21174846240743064,1.6609994588634436E-5,2.37838864357485,298.3228979110718,0.44266530069627297,"{""type"":""Point"",""coordinates"":[81.34642932781156,21.05115320594576]}"
2624,199.95341349095239,2025-03-01,281.12983553750183,607,0,30,0.2667844522968198,4.368376414163322E-4,2.95754107370504,295.31816623324437,0.9173451600944009,"{""type"":""Point"",""coordinates"":[82.58217752441091,23.343312140636243]}"
2625,90.0,2025-03-01,284.36716928936187,256,0,10,0.40795287187039764,2.5690612000062174E-4,1.9801733763671703,299.8207471484229,0.08145722438441572,"{""type"":""Point"",""coordinates"":[83.18700585667203,20.54424939047397]}"
2626,215.5932882725868,2025-03-01,284.33891873132615,253,0,40,0.22673235514619255,1.389783303125114E-4,1.7103741306441205,298.6279341833932,0.6284334631513081,"{""type"":""Point"",""coordinates"":[83.01779698179298,21.34271286457865]}"
2627,21.69084822426391,2025-03-01,282.6900045758201,764,0,30,0.34762633996937214,0.0013060521761758537,7.934249000521877,296.5482222693307,0.20989537140299178,"{""type"":""Point"",""coordinates"":[83.05029484625877,19.478097098954784]}"
2628,-0.0,2025-03-01,290.3131502696446,135,0,40,0.41479099678456594,0.003770897952733776,0.0,298.04199087052115,0.4171721428090093,"{""type"":""Point"",""coordinates"":[83.22927095204652,18.29250147611389]}"
2629,271.55807014049094,2025-03-01,286.91676471346904,1133,0,10,0.6866523911491792,0.0015178572813852043,16.57709120674883,296.8624486923218,0.39095226515235043,"{""type"":""Point"",""coordinates"":[82.12352105958243,17.823003726100254]}"
2630,90.0,2025-03-01,281.4164217540196,368,0,40,0.3220832121035787,1.5030471502086584E-5,0.496808984665111,299.4347898846581,0.39800093293303684,"{""type"":""Point"",""coordinates"":[80.55903178482511,21.024757812861736]}"
2631,-0.0,2025-03-01,282.1830814452398,578,0,40,0.17146198830409357,4.432749430520744E-4,0.9274099368611016,298.20098454611633,0.370722361407771,"{""type"":""Point"",""coordinates"":[82.06225985090693,19.178794025535048]}"
2632,37.04851451420647,2025-03-01,282.6387815475464,718,0,40,0.4306049822064057,3.282528797967643E-4,4.060490825825929,297.9198508035569,0.520990952604304,"{""type"":""Point"",""coordinates"":[81.80032619593368,18.875816438998882]}"
2633,340.64250202473863,2025-03-01,286.3480158760434,384,0,10,0.45390781563126253,3.444057385308952E-4,1.4742717137337888,300.1818834486462,0.6552105170416991,"{""type"":""Point"",""coordinates"":[80.63215983407582,18.414332798727443]}"
2634,90.0,2025-03-01,287.94481182098383,143,0,10,0.45081411126187243,5.5904356656810705E-5,1.9500207062681374,301.7991465159825,1.0357433101861075,"{""type"":""Point"",""coordinates"":[81.03215997820686,18.02924494795756]}"
2635,-0.0,2025-03-01,283.01182842254633,337,0,40,0.3825891423064568,1.5030471502086584E-5,1.3909630807829783,298.5351781845092,0.5111247096999283,"{""type"":""Point"",""coordinates"":[80.91658871052708,21.258110359030688]}"
2636,283.01345132358927,2025-03-01,282.2163833890642,369,0,40,0.7542646894860073,4.8602787671825354E-5,4.111817045421309,298.165741103036,0.7164514119485084,"{""type"":""Point"",""coordinates"":[81.65696108701492,22.412948110106548]}"
2637,27.91211498902329,2025-03-01,288.5962196985881,545,0,10,0.5843137254901961,1.3449308079316324E-4,4.190884680626581,297.5698229017712,0.5010670650317768,"{""type"":""Point"",""coordinates"":[84.02756072658156,19.29092468736531]}"
2638,151.7359576663452,2025-03-01,283.29161357879633,261,0,30,0.20184899845916796,2.072271507813639E-5,1.052921387584123,298.89666325705394,0.6021059569107234,"{""type"":""Point"",""coordinates"":[81.66348851932126,21.565588505649817]}"
2639,335.55238580261346,2025-03-01,282.3748713447934,769,0,40,0.2728446884081369,0.0011815678755624504,3.561346784273999,296.6136693954468,0.18693555445027515,"{""type"":""Point"",""coordinates"":[83.0216959724433,19.490099784951703]}"
2640,67.55957089158436,2025-03-01,284.72112087976365,215,0,10,0.23293455313159747,9.324949662072868E-4,4.847899408178513,298.705524399167,0.4235289903380823,"{""type"":""Point"",""coordinates"":[83.59458340335921,21.683158804883757]}"
2641,28.215896732633674,2025-03-01,283.95736762455533,313,0,30,0.2501694915254237,2.7115313230297033E-5,3.1545031497181384,298.3499858947027,0.5505532133460029,"{""type"":""Point"",""coordinates"":[82.28133945821799,21.270546054452478]}"
2642,336.37280561819546,2025-03-01,282.9750038782755,394,0,40,0.7119577185641929,1.568612259461588E-5,2.529240665743109,296.35465363093783,0.5610430350842169,"{""type"":""Point"",""coordinates"":[80.25324392433787,23.882494396091445]}"
2643,76.7319626403628,2025-03-01,281.68824908846904,583,0,10,0.3279839518555667,2.469223420007438E-4,4.034553304411799,298.1989035379319,0.28394452384642915,"{""type"":""Point"",""coordinates"":[81.58408962194314,19.402944632735434]}"
2644,114.80557258446166,2025-03-01,281.49628480275476,512,0,20,0.42079889807162535,2.4954644857189123E-5,1.105228436386114,297.2090063095093,0.855237624685226,"{""type"":""Point"",""coordinates"":[80.29952836722788,22.426441874271504]}"
2645,127.26484397636608,2025-03-01,291.84563841138566,96,0,10,0.5549570779330079,0.016078467337308666,3.0606383984835692,298.72995590028313,0.3244975564502827,"{""type"":""Point"",""coordinates"":[82.97651747708137,18.00430055632407]}"
2646,289.58334214403527,2025-03-01,285.49829605647494,862,0,30,0.3839907192575406,2.9652830761506266E-4,8.244117238751278,296.0698170888992,0.10544922300913054,"{""type"":""Point"",""coordinates"":[82.50681567139696,18.435033574979162]}"
2647,313.0440227818843,2025-03-01,282.9954826264155,319,0,30,0.19237057220708448,1.5030471502086584E-5,1.3585867676449095,298.7134415308634,0.367686124808812,"{""type"":""Point"",""coordinates"":[81.11740243122404,20.94039570142905]}"
2648,150.60218530349917,2025-03-01,281.69454442887076,577,0,10,0.3649253731343284,2.9934462708069987E-4,16.5564219974763,298.2407097135271,0.04378276369802994,"{""type"":""Point"",""coordinates"":[80.91694952558683,19.455285561108113]}"
2649,225.2347605933643,2025-03-01,283.5355100631714,1033,0,10,0.7261774370208105,0.0010733556429727287,34.59093610477531,297.5654981249854,0.24054161742746136,"{""type"":""Point"",""coordinates"":[83.17288955280311,19.56747816782732]}"
2650,28.074054958416497,2025-03-01,281.54103810446605,392,0,10,0.4326414326414326,1.5030471502086584E-5,4.197163211917576,299.6730769475301,0.29326605630675256,"{""type"":""Point"",""coordinates"":[80.54936191608287,20.374075668413496]}"
2651,208.4629588961203,2025-03-01,282.41831675029937,406,0,30,0.25359385903698534,2.3330268066956705E-4,2.109077899392599,296.3893739155361,0.9542349948470279,"{""type"":""Point"",""coordinates"":[82.36894464937821,22.73394741904498]}"
2652,114.71062499128774,2025-03-01,280.3215324311029,732,0,30,0.20967741935483872,1.6633686226441569E-4,2.217581213458179,294.86504704611644,0.5199360615964522,"{""type"":""Point"",""coordinates"":[81.28414490884258,23.023518320070146]}"
2653,180.0,2025-03-01,285.6987936383202,950,0,40,0.320617110799439,0.003228152958570263,1.390963080774087,294.78971803755985,0.1871068617232059,"{""type"":""Point"",""coordinates"":[82.85169704151987,18.354506777772098]}"
2654,211.78265665554213,2025-03-01,280.2584162666684,798,0,30,0.274437161584497,8.233886639459342E-4,3.813206041105062,295.42193181174144,0.8797697169612252,"{""type"":""Point"",""coordinates"":[81.47609436775835,22.744338600092078]}"
2655,98.70347110368178,2025-03-01,281.84302843184696,480,0,40,0.42684157416750756,3.4959134262635416E-4,3.061735461323662,296.21954504648846,0.49720414301316374,"{""type"":""Point"",""coordinates"":[81.41055614846171,23.29168577402189]}"
2656,50.72178882634139,2025-03-01,281.22121388571605,392,0,10,0.27105866928875777,1.5030471502086584E-5,5.1139820961053095,299.6978223437354,0.3800454594638407,"{""type"":""Point"",""coordinates"":[80.39253773550843,20.821627891301876]}"
2657,207.98211110611575,2025-03-01,283.2439829054333,255,0,40,0.4225255972696246,2.5963303249909586E-4,1.0501565414872414,299.4365628106254,0.2399348019265948,"{""type"":""Point"",""coordinates"":[82.73970079493924,19.768213101504404]}"
2658,216.061166035623,2025-03-01,282.63475322723383,401,0,30,0.4138041733547351,1.4599677723481364E-4,1.7204812964043315,296.145709946042,0.414722080444892,"{""type"":""Point"",""coordinates"":[81.30268169772044,23.718906204094825]}"
2659,207.91888113988674,2025-03-01,288.92734414055235,253,0,40,0.45212926608275444,0.004129509298024914,2.09837999502885,298.9805895033337,0.6384041645942727,"{""type"":""Point"",""coordinates"":[83.42935312879364,19.337309151696914]}"
2660,316.37353395265325,2025-03-01,288.58349532172787,1004,0,10,0.7408169262415516,0.0018437605778558463,31.123998381719645,295.91715363093783,0.4105287293057966,"{""type"":""Point"",""coordinates"":[82.39033361734391,17.82532354911763]}"
2661,351.2400812918703,2025-03-01,283.1970672153291,264,0,30,0.07536729631749665,1.1285659473969645E-4,3.280940957827332,298.4821008500599,0.7318231860942415,"{""type"":""Point"",""coordinates"":[81.86349185442751,22.01478379677765]}"
2662,235.58862508605853,2025-03-01,285.72639896756124,279,0,30,0.4961586564230838,1.2026247185303873E-4,2.4602821562245376,296.0464551562355,0.5543655500225239,"{""type"":""Point"",""coordinates"":[82.81198733858818,24.028274112623528]}"
2663,313.4119590611628,2025-03-01,283.1468846911476,552,0,40,0.22823272925466684,2.3322817486359781E-4,0.6747636967597894,298.54668185824437,0.2849059130341002,"{""type"":""Point"",""coordinates"":[82.04501554474525,18.906750025110345]}"
2664,143.27727472542736,2025-03-01,287.89830884479335,924,0,10,0.7765625,4.366886298043937E-4,17.382000301933182,297.01449017297654,0.2315153033384034,"{""type"":""Point"",""coordinates"":[82.29603074332455,17.95164029746107]}"
2665,238.1238762643808,2025-03-01,283.3500038782756,295,0,40,0.18250134192163178,1.7295448003551428E-5,1.755780723742928,298.7962052027384,0.4571825591299218,"{""type"":""Point"",""coordinates"":[81.44807816434724,21.124223877762162]}"
2666,46.83039861792771,2025-03-01,283.8588103793916,211,0,40,0.31619982673982094,1.5928861301972574E-4,1.3554103960947645,299.7161852064587,0.19872733791532213,"{""type"":""Point"",""coordinates"":[83.00193068704624,20.271358746081273]}"
2667,227.0502682770822,2025-03-01,284.2597183500017,265,0,40,0.29715459078908774,2.0290581403514807E-5,0.6805889339481631,298.3684359505063,0.5550960520063571,"{""type"":""Point"",""coordinates"":[81.63457071828816,21.428134057763465]}"
2668,199.87720106042323,2025-03-01,281.2599624906267,579,0,10,0.46741214057507985,4.515748898370475E-4,7.356173523003313,295.6086703255063,0.9936607915326066,"{""type"":""Point"",""coordinates"":[82.13702451399678,22.784217994271874]}"
2669,90.0,2025-03-01,281.00216742924283,655,0,10,0.44801026957637996,6.582986990792961E-4,2.020911896713898,294.992378007798,0.9897695445907769,"{""type"":""Point"",""coordinates"":[82.63433965711808,23.435218983846735]}"
2671,180.0,2025-03-01,282.048106556847,430,0,40,0.6403253922138291,2.741616646630973E-4,0.4637353428839794,296.1594108854021,0.5436929569496541,"{""type"":""Point"",""coordinates"":[81.47923967536792,23.33860589343963]}"
2672,65.15302252975884,2025-03-01,283.297862416222,266,0,10,0.2809553739786298,0.0014044892470224113,3.3072426678712907,298.14042023250033,0.47621850516667635,"{""type"":""Point"",""coordinates"":[84.17504782339358,22.161909817863982]}"
2673,290.3251394871433,2025-03-01,281.2523650668917,572,0,10,0.6454736842105263,4.231449764802164E-5,5.325041341608892,297.88262517111644,0.903079011859806,"{""type"":""Point"",""coordinates"":[80.24754823007189,22.17645382057537]}"
2674,-0.0,2025-03-01,286.86121109553744,264,0,10,0.3562952243125905,2.298456112725944E-4,0.463735342881014,298.0228490829468,0.3256509002696158,"{""type"":""Point"",""coordinates"":[82.16843781109361,18.416014802922174]}"
2675,19.869527692967274,2025-03-01,281.63023081279937,560,0,40,0.25842696629213485,0.0032237720171792716,1.4789720493423826,295.50991544269385,0.9700423851568396,"{""type"":""Point"",""coordinates"":[83.65791220397183,22.72735933482871]}"
2676,227.1113125642738,2025-03-01,284.66872365134105,216,0,40,0.22420193021529325,2.1561500233246989E-4,2.04333695655065,298.3883043470837,0.3717589986887132,"{""type"":""Point"",""coordinates"":[82.90234659952768,21.73747824616706]}"
2677,289.48073365561356,2025-03-01,283.64170542217437,230,0,10,0.6175078864353313,1.5030471502086584E-5,4.164401479300201,300.30075086866105,0.1939771986177077,"{""type"":""Point"",""coordinates"":[80.5245469578453,19.385305350413]}"
2678,164.7990462058085,2025-03-01,281.88116087232316,424,0,40,0.2276800172730217,7.864352863862223E-5,3.838719657644429,295.8607106435867,0.8579934367166235,"{""type"":""Point"",""coordinates"":[82.648296578215,23.060186115320132]}"
2679,270.0,2025-03-01,283.52966812678744,316,0,10,0.45206402695871944,9.989258450104899E-5,0.4907006600651737,299.4559196744646,0.10772482703938883,"{""type"":""Point"",""coordinates"":[81.08937270002875,19.0832052709475]}"
2680,274.3804898489018,2025-03-01,280.40374388013566,961,0,10,0.6654778887303852,6.330412308557243E-4,6.049020088974244,294.19366614023846,0.7265328298717936,"{""type"":""Point"",""coordinates"":[83.51973194376829,23.185018429548865]}"
2681,199.50338331869636,2025-03-01,289.581321307591,372,0,10,0.4705361882852592,0.005434612600026867,8.786012573831126,298.15154025668187,0.18986957661213172,"{""type"":""Point"",""coordinates"":[84.29089330759291,19.758111241404354]}"
2682,227.57971151001968,2025-03-01,283.8385467075166,259,0,40,0.31644233306941144,2.2077080410554117E-4,0.6874415638051575,295.6293002083188,0.5283832886578196,"{""type"":""Point"",""coordinates"":[84.20072750580334,23.967163928759557]}"
2683,338.9685366384472,2025-03-01,284.8598508834839,1259,0,30,0.6966227819118489,1.7114993733002848E-4,24.271604077853077,294.7431685583932,0.10310944629585445,"{""type"":""Point"",""coordinates"":[82.49966567794564,18.14020737543781]}"
2684,58.50965872454896,2025-03-01,281.26353159404937,548,0,40,0.2694041061592389,9.448346298768229E-5,1.7750275402827165,295.56789884113135,0.7938607359330976,"{""type"":""Point"",""coordinates"":[82.79446171945055,23.24072284491443]}"
2685,138.12784843620045,2025-03-01,285.71098323095407,192,0,30,-0.11430281268701377,4.1056689423157877E-4,3.7314039655246796,298.7525389080956,0.4001508538561153,"{""type"":""Point"",""coordinates"":[83.95529157135725,21.61528647932245]}"
2686,320.6944436876142,2025-03-01,284.48174680982316,941,0,10,0.7472703062583222,3.638666550500602E-4,22.192906601807607,297.6849352064587,0.502045933089987,"{""type"":""Point"",""coordinates"":[83.59772012973141,20.01037826657726]}"
2687,7.572904574561376,2025-03-01,281.27759874434696,637,0,40,0.22486678507992897,1.725357453210563E-4,3.737297458886018,297.92236196427115,0.47844896287660577,"{""type"":""Point"",""coordinates"":[82.21118185139655,19.910806489692163]}"
2688,109.69142845455035,2025-03-01,280.6956256230672,881,0,10,0.5803988120492151,0.003550316063581249,9.544715111886656,294.31838712238124,1.1406137669935414,"{""type"":""Point"",""coordinates"":[83.77922030033834,23.034358237944218]}"
2689,222.83435806462538,2025-03-01,279.5093928291684,697,0,10,0.5638653808305452,2.949189822061271E-4,4.417951230769227,296.7078960509527,0.881299024154737,"{""type"":""Point"",""coordinates"":[81.07455764341756,22.40407531392231]}"
2690,-0.0,2025-03-01,282.26531614576066,378,0,80,-0.10989010989010989,2.835210960938639E-5,0.0,298.33229151226226,0.5123970632140642,"{""type"":""Point"",""coordinates"":[80.927287037534,21.533768188915346]}"
2691,194.80607046737367,2025-03-01,284.4272395088559,354,0,10,0.5248441674087266,1.1707362335755533E-4,1.9179726995369535,299.4139216740926,0.2825740000905672,"{""type"":""Point"",""coordinates"":[80.9830963828841,18.949584065371614]}"
2692,227.37460229371763,2025-03-01,281.5292670386178,526,0,40,0.20918785890073832,2.0065423649384684E-4,0.6847635644777117,295.2617988132295,0.9930141078039415,"{""type"":""Point"",""coordinates"":[82.05453080459469,23.020271981298993]}"
2693,324.439126635973,2025-03-01,283.2421053477696,324,0,40,0.3862158647594278,1.5030471502086584E-5,1.7096825053963476,298.51104313986644,0.5023576907857321,"{""type"":""Point"",""coordinates"":[80.93230916285923,21.166790085548243]}"
2694,172.50600600149252,2025-03-01,292.8580779575166,59,0,30,0.42823608316566064,0.0032789510170800895,3.7366187514600044,299.4863500595093,0.7996684150010457,"{""type"":""Point"",""coordinates"":[83.43939352851378,18.151100023314783]}"
2695,349.7694405346762,2025-03-01,281.80865110669816,604,0,10,0.42082239720035,0.003570015398679516,2.825134230476449,295.94025398436054,0.9133242582430329,"{""type"":""Point"",""coordinates"":[83.55057881365227,22.561771534475252]}"
2696,301.9352045405785,2025-03-01,282.72119644709994,336,0,40,0.25388323513658273,1.5030471502086584E-5,1.752876924851146,298.7902935118902,0.3120921964771475,"{""type"":""Point"",""coordinates"":[81.07028617906929,20.779991208773847]}"
2697,47.45686626514846,2025-03-01,282.0390035992576,454,0,30,0.2518750852311469,2.7389344376160807E-4,2.0567166449279344,296.8031806491671,0.37440091695336325,"{""type"":""Point"",""coordinates"":[80.98148903524898,23.405432223129008]}"
2698,312.6026385051737,2025-03-01,282.0373876208351,497,0,40,0.281789802289282,7.810708683564371E-5,1.369922699197063,295.692340805417,0.904758833963907,"{""type"":""Point"",""coordinates"":[82.40686002481164,23.127383337082254]}"
2699,160.27379191618058,2025-03-01,284.27425634293326,206,0,40,0.3394609752297866,0.0010563385168893547,1.4776414921898962,298.7628393173218,0.4984620827543248,"{""type"":""Point"",""coordinates"":[83.43593304481638,21.6234214441544]}"
2700,235.36002163758684,2025-03-01,280.9584139415196,778,0,10,0.3899325971604761,0.009884218541799328,2.4460717165644144,294.7764646893456,1.00730615156105,"{""type"":""Point"",""coordinates"":[84.28118009415562,22.900983821580986]}"
2701,180.0,2025-03-01,283.6128212610881,317,0,40,0.2452249711575439,1.607355278565592E-5,1.390963080774087,298.4370569047474,0.43284802437538505,"{""type"":""Point"",""coordinates"":[81.37551165808222,20.965246521987513]}"
2702,226.9026019748278,2025-03-01,283.8454117093767,332,0,40,0.2223769730733519,1.5030471502086584E-5,0.6787122549130541,298.73179276784265,0.2819687681186551,"{""type"":""Point"",""coordinates"":[81.54508610128309,20.658711964298334]}"
2703,215.66973729224776,2025-03-01,283.93463929494226,218,0,40,0.12267975250693407,4.337381998880119E-4,1.7120096839767798,298.4444101878575,0.36491605181924186,"{""type"":""Point"",""coordinates"":[83.17823680090271,21.751547431436283]}"
2704,232.01493096275345,2025-03-01,281.9182586215791,386,0,10,0.3610489286856412,1.5030471502086584E-5,7.491994681202124,299.23620473770876,0.19242907078710136,"{""type"":""Point"",""coordinates"":[80.83649869400848,20.439908758458596]}"
2705,294.85034089687423,2025-03-01,283.76969323839467,285,0,40,0.25063291139240507,6.13997546849987E-4,3.306824392757175,298.1129020963396,0.5704689266933511,"{""type"":""Point"",""coordinates"":[82.74664670936693,22.14071587301922]}"
2706,184.62822446958663,2025-03-01,281.27694770268033,551,0,10,0.497581202487906,5.7871309934398596E-5,12.366414370800756,296.14768632253015,0.5031738557093898,"{""type"":""Point"",""coordinates"":[81.94538435709771,23.79208725259425]}"
2707,190.19111403893058,2025-03-01,283.8452722004482,266,0,10,0.2323686428772127,0.0016592543999536247,2.8247844842975205,298.2442265011015,0.33266653683497216,"{""type"":""Point"",""coordinates"":[84.2246201418691,22.009902465196394]}"
2708,295.1133836762257,2025-03-01,282.8951698939006,250,0,10,0.45817290864543225,1.5030471502086584E-5,1.0925478451692092,299.62606825147355,0.31449311991540085,"{""type"":""Point"",""coordinates"":[80.21867429612331,20.373895194048902]}"
2709,-0.0,2025-03-01,284.0984983444214,168,0,40,0.27797635413802585,7.545468014313883E-5,1.390963080774087,299.9342027845837,0.5347443690051462,"{""type"":""Point"",""coordinates"":[83.32494508930658,20.97755029290055]}"
2710,47.290263148117845,2025-03-01,279.5244946706863,874,0,10,0.6408227848101266,6.07247320829174E-4,2.7327396188587443,295.7524400892712,0.9113099455917875,"{""type"":""Point"",""coordinates"":[81.60465282159534,22.618408810630456]}"
2711,312.93535147291453,2025-03-01,284.5035450799125,210,0,10,0.4138643622017659,0.001477981774030468,0.6807724879055245,298.7657573790777,0.5648409078363894,"{""type"":""Point"",""coordinates"":[83.47761897843624,21.502073473287457]}"
2712,46.903542635046364,2025-03-01,281.21493598393033,386,0,10,0.4883720930232558,1.5030471502086584E-5,4.0656977055329016,299.78855546315515,0.36606677129212833,"{""type"":""Point"",""coordinates"":[80.41871578512621,20.663507970501737]}"
2713,46.9096105835119,2025-03-01,283.8454117093767,323,0,40,0.37546666666666667,1.5030471502086584E-5,0.6788009909483274,298.73179276784265,0.2819687681186551,"{""type"":""Point"",""coordinates"":[81.4887407799562,20.695793374454375]}"
2714,19.585617076020693,2025-03-01,285.17464115506124,144,0,80,0.10548362528560548,2.656531016214103E-4,1.4763475539721795,299.92657629648846,0.38111107455964033,"{""type"":""Point"",""coordinates"":[83.54666337389854,20.470045879512682]}"
2715,2.894336307686807,2025-03-01,281.50816050029937,597,0,10,0.7124856815578465,3.4258779686524576E-4,9.658552605574481,298.10863544827413,0.12725693343495506,"{""type"":""Point"",""coordinates"":[81.01943042229156,19.63368533942101]}"
2716,252.4039553847966,2025-03-01,288.87364482879633,94,0,10,0.4237743451981195,2.0797220884105627E-5,1.5336699881112041,301.66214293525326,1.1093089778904532,"{""type"":""Point"",""coordinates"":[80.99421936632949,17.93044230681853]}"
2717,47.12458899749263,2025-03-01,283.5375503812517,258,0,40,0.6888736263736264,5.9525338826915686E-5,1.362885421918179,298.63033489953915,0.6527260529806179,"{""type"":""Point"",""coordinates"":[81.82995752358745,21.80431918607221]}"
2718,180.0,2025-03-01,283.7530800501506,295,0,30,0.0958904109589041,3.954288166596598E-5,1.3909630807829783,298.3493871688843,0.6107559905037249,"{""type"":""Point"",""coordinates"":[81.80888437305177,21.47158192631547]}"
2720,-0.0,2025-03-01,282.4227694102696,294,0,40,0.38333333333333336,1.5030471502086584E-5,0.9274099368611016,298.49345338912235,0.6523524344046571,"{""type"":""Point"",""coordinates"":[80.31745105308907,21.60765874485012]}"
2721,132.8928823867424,2025-03-01,285.04929819561187,204,0,30,0.19260584376863446,6.63096872983715E-4,2.043176053990187,298.6640728087653,0.34447132823295684,"{""type"":""Point"",""coordinates"":[83.99845678746864,21.71632495874966]}"
2722,90.0,2025-03-01,283.3333674385434,368,0,40,0.3119318181818182,2.2075590294434733E-4,0.5078954170620266,295.5401016871134,0.49191910843567216,"{""type"":""Point"",""coordinates"":[83.52492863306452,24.06992280899266]}"
2723,151.81903349171532,2025-03-01,286.2530451729184,174,0,10,0.5985980446412101,0.0011583071629388542,2.1034960065045265,299.4764914285569,0.5423244366661233,"{""type"":""Point"",""coordinates"":[83.96479724349068,21.05410020376928]}"
2724,107.37817741644945,2025-03-01,285.2469416572934,192,0,10,0.45775778991326693,5.561512390954704E-4,1.5522839000568152,299.49700505392894,0.41737886618979436,"{""type"":""Point"",""coordinates"":[83.16652289930957,20.134249224422533]}"
2725,-0.0,2025-03-01,283.0842568079631,309,0,40,0.18432026688907424,1.5030471502086584E-5,0.0,298.71136633555096,0.4081343163180164,"{""type"":""Point"",""coordinates"":[80.92117542298654,20.973380994617212]}"
2726,219.3311673616967,2025-03-01,282.6912252789452,393,0,10,0.5205151793928243,6.486129443032951E-4,2.396781386325676,295.60367706843783,0.6671892307999179,"{""type"":""Point"",""coordinates"":[82.91168042523424,23.750778448467262]}"
2727,90.0,2025-03-01,283.9475554965791,283,0,40,0.33256616800920596,2.2719470678111975E-5,0.49727934176914684,298.3515379315331,0.5182506599191236,"{""type"":""Point"",""coordinates"":[81.6033030714225,21.165396499166594]}"
2728,233.10842519943358,2025-03-01,281.9126375743321,390,0,10,0.4891871737509321,1.5030471502086584E-5,3.087087110540037,299.1306952976046,0.05964321952163642,"{""type"":""Point"",""coordinates"":[80.75288214089203,20.242141950254993]}"
2729,208.18221314021736,2025-03-01,284.01928052448085,305,0,40,0.19772905246671887,1.7325250325939123E-5,1.052114781676407,298.29329876672654,0.4687155401410296,"{""type"":""Point"",""coordinates"":[81.52503510390598,21.062240066373604]}"
2730,47.18139730869319,2025-03-01,283.76969323839467,257,0,40,0.27097926109050957,6.13997546849987E-4,1.3643425116454286,298.1129020963396,0.5704689266933511,"{""type"":""Point"",""coordinates"":[82.7314146679198,22.087564232109766]}"
2731,-0.0,2025-03-01,295.01535102299283,0,0,80,-0.21726618705035972,0.0015987109820230216,0.0,299.4938951673962,2.135104302971179,"{""type"":""Point"",""coordinates"":[83.83666419002738,18.16474937569885]}"
2732,215.1301014543062,2025-03-01,285.6206860769363,267,0,10,0.569988367584335,2.957832495553703E-4,3.3982000474431593,300.0568776357742,0.21753084380547763,"{""type"":""Point"",""coordinates"":[82.00895460456057,18.646220867204704]}"
2733,265.8713310325182,2025-03-01,283.2435760043917,255,0,10,0.2602739726027397,5.100023428781242E-4,12.671712521029935,299.8716504687355,0.3389093304139878,"{""type"":""Point"",""coordinates"":[82.76155302158897,20.21739962247273]}"
2734,53.48354405454062,2025-03-01,281.5708523250761,591,0,30,0.5235109717868338,6.506544033868522E-4,27.333258380205702,295.8294548307146,0.5892963243907635,"{""type"":""Point"",""coordinates"":[82.3191525506672,23.685583805931802]}"
2735,90.0,2025-03-01,281.3003445125762,524,0,40,0.2502535496957404,9.202477139069742E-5,1.0076338507058293,295.2018041610718,0.9997074994313208,"{""type"":""Point"",""coordinates"":[81.97581425731506,23.019785691654953]}"
2736,72.69862592438908,2025-03-01,286.99105321793326,104,0,40,0.5318601158549667,3.0783828896119303E-4,1.5589593038513874,299.6873882384528,0.4625371996465579,"{""type"":""Point"",""coordinates"":[84.19113417112563,20.856260465723796]}"
2737,151.94200390843451,2025-03-01,282.02264617738274,245,0,10,0.4852724594992636,1.5030471502086584E-5,5.240411577226663,300.28555020831885,0.26480136920432834,"{""type"":""Point"",""coordinates"":[80.31514122184781,20.27005675597858]}"
2738,19.499180325151368,2025-03-01,281.4649185453142,563,0,40,0.31896551724137934,1.9947704475953287E-4,2.9491604257693904,297.7949147451492,0.23824566140346085,"{""type"":""Point"",""coordinates"":[81.30168502785921,19.72133579340593]}"
2739,107.35523913394805,2025-03-01,281.52223346346904,417,0,40,0.3262387761888926,1.5030471502086584E-5,1.554271307609696,299.17661117372063,0.01636642606493513,"{""type"":""Point"",""coordinates"":[81.2368337038206,20.35271801658065]}"
2740,303.13311124865703,2025-03-01,286.0767058872041,130,0,80,0.4416167664670659,0.0017316442410333366,5.917945618183815,299.4033248083932,0.6185768217923251,"{""type"":""Point"",""coordinates"":[83.89822655611904,21.179832819618266]}"
2741,353.34311851682907,2025-03-01,288.3821664991833,145,0,10,0.45359019264448336,2.766203562600822E-4,4.194529082054382,301.0760484877087,1.0371709088104688,"{""type"":""Point"",""coordinates"":[80.74319810599854,17.8195143038]}"
2742,226.97799500789438,2025-03-01,282.86293170565654,330,0,40,0.4350148367952522,1.5030471502086584E-5,1.3591458907169947,298.654964038304,0.4532778153681807,"{""type"":""Point"",""coordinates"":[80.71681577773786,21.055516776244673]}"
2743,298.45067851018035,2025-03-01,285.55504131317133,162,0,30,0.46761565836298935,1.064639965875358E-4,3.8877540586237047,301.7459180468605,0.5351979625435457,"{""type"":""Point"",""coordinates"":[80.22817057006259,18.518529844588283]}"
2744,72.58259265669267,2025-03-01,283.62221486227855,259,0,10,0.5213402473075389,3.4890588921143717E-4,1.5488972842474336,299.6912072953724,0.2200409430314174,"{""type"":""Point"",""coordinates"":[82.76188312490851,19.75510914078346]}"
2745,232.14606822234242,2025-03-01,283.9566933314005,290,0,40,0.38288590604026845,6.64096752984733E-5,3.773115750932642,298.3476781845093,0.6882036003856845,"{""type"":""Point"",""coordinates"":[82.65708776160697,21.152273654426086]}"
2746,46.42770801852058,2025-03-01,288.6709790456863,92,0,10,0.4064245810055866,1.9669052761628336E-4,0.6727764967042581,301.6982350576492,0.480013086554587,"{""type"":""Point"",""coordinates"":[81.54158536334613,17.942632758174522]}"
2747,-0.0,2025-03-01,283.07040473393033,372,0,40,0.25802364864864863,1.5656320272228186E-5,0.463735342881014,298.56359731583365,0.20307558735136497,"{""type"":""Point"",""coordinates"":[81.4382754948768,20.621829541064002]}"
2748,-0.0,2025-03-01,282.7967870348976,307,0,40,0.2592901878914405,0.004840130774198315,0.4637353428839794,297.5122754687355,0.7057810667890251,"{""type"":""Point"",""coordinates"":[83.93554175781506,22.28425324393084]}"
2749,64.66231193169556,2025-03-01,290.75603880201066,104,0,10,0.4095649047105358,0.00297997411888673,2.166242868101838,299.59660280318485,0.6238238295311082,"{""type"":""Point"",""coordinates"":[83.43142700043622,18.73655083191294]}"
2750,76.77430642782389,2025-03-01,282.0330686569214,315,0,10,0.4345035862589656,2.1765796361705725E-5,2.026125884593212,299.71859173547654,0.16417497060247527,"{""type"":""Point"",""coordinates"":[80.67911247185928,19.93413955295035]}"
2751,-0.0,2025-03-01,281.52223346346904,429,0,10,0.3605683836589698,1.5030471502086584E-5,0.9274099368670311,299.17661117372063,0.01636642606493513,"{""type"":""Point"",""coordinates"":[81.22378493533127,20.443238498610526]}"
2752,55.28927479646963,2025-03-01,282.83197816212976,425,0,30,0.3912254160363086,0.0036103528420312614,4.874593135956455,297.64359987349735,0.6529096217014704,"{""type"":""Point"",""coordinates"":[84.35231129460011,22.539720506789262]}"
2753,334.46193959102015,2025-03-01,286.54802517663865,345,0,10,0.41238938053097346,4.972037476136393E-5,5.635315832952468,300.453315507798,0.9210732119075603,"{""type"":""Point"",""coordinates"":[80.2361388101771,17.945650544430464]}"
2754,139.89800513640824,2025-03-01,283.9730100631714,462,0,10,0.3649222065063649,6.70653263910026E-5,30.649787167499497,299.01064786456885,0.6288864603282721,"{""type"":""Point"",""coordinates"":[83.13355752300762,21.092786624049342]}"
2755,180.0,2025-03-01,281.3753596260434,554,0,10,0.4027611044417767,2.533000389917106E-4,2.3174627380815918,295.63481081099735,0.6087935717953965,"{""type"":""Point"",""coordinates"":[81.80338793292327,23.586894516073382]}"
2756,121.79365639624288,2025-03-01,282.7914973213559,290,0,40,0.8076214486570348,1.8725959478160803E-5,1.7598532145052301,298.4124975204468,0.5160128968156976,"{""type"":""Point"",""coordinates"":[81.33908279470957,21.594648634696956]}"
2757,132.8492826464922,2025-03-01,284.2364145460583,267,0,40,0.16095076400679117,2.913427035196037E-4,1.3635550411997908,298.11349500928605,0.519354289763753,"{""type"":""Point"",""coordinates"":[82.37364827665066,21.93470401425272]}"
2758,27.937584787723615,2025-03-01,287.85045146942133,435,0,40,0.4335294117647059,0.0038611393849237174,3.146356471924967,297.43924835750033,0.6044172724104186,"{""type"":""Point"",""coordinates"":[83.58264524966094,19.46604615463951]}"
2759,-0.0,2025-03-01,283.67578629084994,348,0,80,-0.078125,3.497254530770988E-4,0.0,296.9720852715628,0.9634220716802808,"{""type"":""Point"",""coordinates"":[82.63792397349106,22.661077280034384]}"
2760,342.3714744857434,2025-03-01,282.0149731863113,309,0,10,0.4044253226797787,1.5030471502086584E-5,12.914828323005095,299.34653304872063,0.4976229699555237,"{""type"":""Point"",""coordinates"":[80.2102491916819,21.18287986939029]}"
2761,312.74740808904596,2025-03-01,282.7467498325166,340,0,40,0.32604828462515884,3.7051257294251627E-4,1.3661749007201887,298.22689832959855,0.8285960850437823,"{""type"":""Point"",""coordinates"":[82.06076346774329,22.43558043748595]}"
2762,144.6320025695422,2025-03-01,285.3375003905523,223,0,40,0.39735560194850383,5.607556979043693E-4,1.7055899776128531,299.39993009113135,0.4902272059290181,"{""type"":""Point"",""coordinates"":[83.27560522115817,20.082621525255988]}"
2763,132.75882670120149,2025-03-01,283.2810457774571,283,0,30,0.35686119873817035,1.6766306561066813E-4,1.3658805380457582,298.11837782178605,0.8774829486352065,"{""type"":""Point"",""coordinates"":[82.72767852592358,22.380164322989962]}"
2764,331.35350543356685,2025-03-01,281.9333139601208,436,0,40,0.32006048387096775,4.072588364465446E-4,1.056736395850376,295.68077900296163,0.33208751976530004,"{""type"":""Point"",""coordinates"":[83.74755114581305,23.751586642673214]}"
2765,107.37777097033029,2025-03-01,285.4061910992577,608,0,10,0.6864466292134831,4.0590283077790446E-4,20.776541827763282,299.10349686940515,0.5376751221577252,"{""type"":""Point"",""coordinates"":[83.54073011987491,20.137731328193762]}"
2766,47.109435327293376,2025-03-01,284.5369109653292,207,0,10,0.29029718559338713,9.25431815801403E-4,0.6813450704999844,298.8248510360718,0.42797892953431244,"{""type"":""Point"",""coordinates"":[83.47066029518966,21.727737817496404]}"
2767,64.68074804416675,2025-03-01,284.34474322909404,734,0,30,0.36543298598634566,4.698884169442863E-4,2.1677146560010847,295.98070576077413,0.3127601546279074,"{""type"":""Point"",""coordinates"":[82.74560202167984,18.87719152291723]}"
2768,282.9685949290396,2025-03-01,280.7536729630969,706,0,40,0.19176372712146422,2.6116785210206217E-4,2.0655505557250686,294.8420687630063,0.6214367880972442,"{""type"":""Point"",""coordinates"":[81.20211257350265,22.903403385702656]}"
2769,331.52952256528783,2025-03-01,280.8874271483648,748,0,40,0.41026479241582214,5.949091593606681E-4,1.0549713376804633,295.7745638801938,0.8182645627564007,"{""type"":""Point"",""coordinates"":[81.46443558491579,22.777544072950015]}"
2770,65.04653173162299,2025-03-01,280.92111855461485,334,0,40,0.21222631693041405,2.0827023206493323E-5,1.0990952345297433,298.7095120293754,0.5465764300620413,"{""type"":""Point"",""coordinates"":[80.55511552062991,21.465535795799678]}"
2771,351.7605542553557,2025-03-01,281.62556888943624,550,0,30,0.320625,6.633516949250406E-5,6.993790424421944,295.486762773423,0.9753491276065518,"{""type"":""Point"",""coordinates"":[81.88506521451589,22.959490577900464]}"
2772,235.0577819053971,2025-03-01,281.61898290543326,322,0,40,0.41116751269035534,1.5030471502086584E-5,2.4275926689807323,298.8652446837652,0.5151032936667097,"{""type"":""Point"",""coordinates"":[80.46882119140278,21.313327482022252]}"
2773,170.03978037983632,2025-03-01,285.58041449955533,898,0,40,0.3680805176132279,2.1786507767274088E-4,2.822765752835644,295.642036210923,0.11234112296303767,"{""type"":""Point"",""coordinates"":[82.74412194979224,18.36581581808101]}"
2774,234.79152499015686,2025-03-01,281.1634862536476,695,0,10,0.6374956762365963,1.8383232770702307E-5,24.856745391642413,298.126167070298,0.202185112677094,"{""type"":""Point"",""coordinates"":[80.96611504809944,19.804221683511514]}"
2775,132.79719190212586,2025-03-01,282.6415949776059,308,0,40,0.4794023181119955,1.5030471502086584E-5,0.6825432521140563,297.67304788317,0.6749132875803787,"{""type"":""Point"",""coordinates"":[81.63765500118372,22.192263211568086]}"
2776,90.0,2025-03-01,283.8940015066238,304,0,40,0.18445945945945946,4.8915712056896155E-5,0.9964868437114011,298.0648993991671,0.612806898336046,"{""type"":""Point"",""coordinates"":[81.8756700928941,21.461320236001345]}"
2777,270.0,2025-03-01,291.92590836116244,84,0,40,0.49006499535747444,0.001267383662877819,1.9553601785299652,299.74547626858663,0.7805394621698662,"{""type"":""Point"",""coordinates"":[83.51016208665878,18.504509953945668]}"
2778,240.889617497074,2025-03-01,284.35524708884105,221,0,10,0.3225806451612903,0.001105899779020092,2.857350144508987,298.36191972096765,0.4100683835889727,"{""type"":""Point"",""coordinates"":[83.92037430104442,21.86704870881421]}"
2779,79.47108502040732,2025-03-01,284.46493598393033,200,0,30,0.3502319416832339,8.622806946618766E-4,2.5361911017850933,298.7440288634527,0.4199531179111504,"{""type"":""Point"",""coordinates"":[83.41603540836417,21.673308924117404]}"
2780,29.89985727671848,2025-03-01,283.15356949397494,311,0,10,0.38782924613987285,0.001692960826574108,7.972369297036888,298.70632657550635,0.4780262856196907,"{""type"":""Point"",""coordinates"":[83.75868003468817,21.951275927536315]}"
2781,47.59005353270178,2025-03-01,283.0664810453142,436,0,10,0.5352727272727272,5.490597885682291E-5,0.6875773824124431,295.9940811793009,0.42989248910928085,"{""type"":""Point"",""coordinates"":[81.61795299942904,24.014410414832373]}"
2782,133.1590397673902,2025-03-01,281.7513129370554,366,0,40,0.23981648825246768,1.5164581952831213E-5,2.033040974187952,298.8994650613694,0.05312944625869503,"{""type"":""Point"",""coordinates"":[81.04234757837523,20.328524994333467]}"
2783,27.75808757238074,2025-03-01,287.4103531156267,62,0,80,0.09598603839441536,1.8037375610902018E-4,1.0479879624426307,301.19010866255985,0.8352065070979398,"{""type"":""Point"",""coordinates"":[80.6541217193501,18.19138742143089]}"
2784,329.50614821958254,2025-03-01,285.823014713469,375,0,10,0.6766802443991853,0.0017043602148874015,25.596676064801468,299.2070531845093,0.5746030735314738,"{""type"":""Point"",""coordinates"":[83.97139698225553,21.206794417510036]}"
2785,207.96003644853988,2025-03-01,284.0154440289452,296,0,40,0.3803213983648153,3.7046786945893473E-4,1.0499417441148897,299.2826147079468,0.32153315234421764,"{""type"":""Point"",""coordinates"":[82.66645895245047,19.618447085140172]}"
2786,312.6537704930499,2025-03-01,280.96908637455533,631,0,40,0.3210241260462826,0.0028161805550439567,1.3685956491310565,295.1038572674706,1.0883317544923714,"{""type"":""Point"",""coordinates"":[83.61201997671266,22.885632358952787]}"
2787,205.73129028922864,2025-03-01,281.81305145082024,563,0,10,0.6159579131959667,2.090152901246256E-5,9.186716880241502,297.31153955913726,0.9177081872734798,"{""type"":""Point"",""coordinates"":[80.33079382727026,22.750202958233164]}"
2788,71.05106721112989,2025-03-01,285.0724624906267,503,0,30,0.33573141486810554,0.0017285000960214347,5.693649138557969,296.400581132798,0.5139663794690582,"{""type"":""Point"",""coordinates"":[83.24600701177455,19.23753830168423]}"
2789,138.3008250262173,2025-03-01,280.7348218191238,609,0,10,0.6716791979949874,1.3626631897523112E-4,13.999939853876915,297.2735873176938,0.7896260327812656,"{""type"":""Point"",""coordinates"":[80.3276161525776,21.99682582963423]}"
2790,211.24967840417682,2025-03-01,281.91526499248687,519,0,10,0.5452778857364944,9.345811287744255E-4,4.870254105665506,295.4544490178426,0.5467966808324876,"{""type"":""Point"",""coordinates"":[83.25082603407746,23.718116367642608]}"
2791,219.2592549030633,2025-03-01,280.08473927634105,688,0,40,0.3138305177860184,0.004792640773473522,2.3943237330673526,293.70283303942,0.72618879264105,"{""type"":""Point"",""coordinates"":[84.03015689442435,23.414706300316194]}"
2792,132.79673994712013,2025-03-01,283.40377875736783,286,0,10,0.3289902280130293,3.537040631158561E-4,2.0468728472444675,298.12309787386937,0.7025998233985626,"{""type"":""Point"",""coordinates"":[82.59383471667354,22.19506486787884]}"
2793,157.446885295644,2025-03-01,288.11875620342437,233,0,10,0.5347881087919039,6.065916697366447E-4,11.396672376781737,298.2067276636759,0.42985773285368206,"{""type"":""Point"",""coordinates"":[83.76295829947463,19.57204205041321]}"
2794,43.30392652259582,2025-03-01,283.64170542217437,268,0,10,0.5832992222677036,1.5030471502086584E-5,5.716236291026636,300.30075086866105,0.1939771986177077,"{""type"":""Point"",""coordinates"":[80.54188298153156,19.415096415529494]}"
2795,47.19423037075413,2025-03-01,280.87109879084994,540,0,40,0.3315522308308843,1.9031283062531656E-4,0.6824329293008919,297.4737826301938,0.7578187452957995,"{""type"":""Point"",""coordinates"":[80.47937843742086,22.149868718453604]}"
2796,144.69687706164993,2025-03-01,281.61061818259105,630,0,10,0.5686492495831017,3.6602732342316813E-4,1.704222172166209,297.91715363093783,0.3761945957692028,"{""type"":""Point"",""coordinates"":[82.1924079367775,19.702077045905305]}"
2797,164.95759900263,2025-03-01,284.75496342068624,235,0,10,0.5710761055228696,0.0016093057076318473,5.7430882450905605,298.69142237163726,0.5530808768273819,"{""type"":""Point"",""coordinates"":[83.59259059488684,21.524646093540234]}"
2798,-0.0,2025-03-01,288.8011001859392,45,0,80,-0.2631578947368421,1.2526926201417155E-4,0.0,301.6411410286313,1.0721208358055074,"{""type"":""Point"",""coordinates"":[80.88674230570955,17.887032134540696]}"
2799,32.401267060508964,2025-03-01,284.64021732693624,236,0,10,0.608357230643179,1.5030471502086584E-5,2.7441785665500866,299.9434394382294,0.3066460104688669,"{""type"":""Point"",""coordinates"":[80.46981639004528,19.02019388219709]}"
2800,207.01144484377335,2025-03-01,284.4531823566982,895,0,10,0.7095868431608504,3.97632686315319E-4,14.759869720898683,295.46932415735154,0.2293732516522323,"{""type"":""Point"",""coordinates"":[82.62342488642963,18.737616965198146]}"
2801,11.648425289626978,2025-03-01,283.9580535434541,287,0,10,0.5343047965998786,5.046081225259513E-4,14.369371031678897,299.1633520126342,0.0998338983714397,"{""type"":""Point"",""coordinates"":[82.8980298397503,20.13780201629101]}"
2802,132.88846652539087,2025-03-01,282.0674459820702,356,0,40,0.5817300631517109,1.1558350723817057E-4,0.681371928362485,298.72720641181576,0.5165296559620616,"{""type"":""Point"",""coordinates"":[81.07618081952162,21.738710272590296]}"
2803,249.6016535142296,2025-03-01,280.1897313708351,351,0,30,0.37626675384112457,8.740541142060465E-5,5.30684512304811,298.1913061141968,0.5620857866260022,"{""type"":""Point"",""coordinates"":[80.6617941696286,21.61871970210227]}"
2804,-0.0,2025-03-01,282.70489134107316,377,0,30,0.4008784773060029,1.2176748913361735E-4,1.390963080774087,296.12200505392894,0.3691030781932928,"{""type"":""Point"",""coordinates"":[81.180383846593,23.749592872639536]}"
2805,162.79707394974656,2025-03-01,280.7397918247041,519,0,10,0.338414080929051,1.748752276284904E-4,10.089145286738598,296.8381857644945,0.7659149916430933,"{""type"":""Point"",""coordinates"":[80.7324669694776,22.65730443161195]}"
2806,208.1505046160284,2025-03-01,283.5835301989601,296,0,40,0.6660563896008788,1.5075174985668127E-5,1.0518031331495439,298.4500021707444,0.42017470988118827,"{""type"":""Point"",""coordinates"":[81.78625262821895,20.863306722851554]}"
2807,252.58961375811808,2025-03-01,282.5264884857904,307,0,10,0.5801809210526315,2.6325551687023108E-5,3.0967412965588523,300.38706039247063,0.1027178556039768,"{""type"":""Point"",""coordinates"":[80.21837516117542,19.823409781031476]}"
2808,69.6017973679059,2025-03-01,284.29011967068624,228,0,40,0.29229896468586014,1.9591566723420328E-4,2.659143522594254,298.23031048547654,0.42638449096264763,"{""type"":""Point"",""coordinates"":[82.98340236713496,21.619096006255912]}"
2809,151.39736036955438,2025-03-01,280.5224485397339,736,0,10,0.5538233110616184,3.5346564453675455E-4,5.267186029871709,295.3941172191075,0.6953345653835832,"{""type"":""Point"",""coordinates"":[82.0254646217997,23.51362376989621]}"
2810,351.4006680885327,2025-03-01,284.15096532730826,370,0,10,0.44471071550838753,1.3364371460511393E-4,3.2795405252570364,299.2628625688099,0.17421419092175358,"{""type"":""Point"",""coordinates"":[81.2849378127539,19.14831973938401]}"
2811,108.5480044511345,2025-03-01,280.1241272971744,678,0,30,0.17564035546262416,2.1787997883393473E-4,5.811447940846009,295.56180695125033,0.7751972587600905,"{""type"":""Point"",""coordinates"":[81.02195340377483,22.675732473262876]}"
2812,207.34261755573493,2025-03-01,291.4246585936773,247,0,10,0.6954167217012284,0.0021409195343835563,24.059966967068455,298.93749287014913,0.7252174258626708,"{""type"":""Point"",""coordinates"":[83.67930828192088,18.695865756235563]}"
2813,188.54599878044772,2025-03-01,287.5618365605672,102,0,40,0.252824687158304,1.2304898899628824E-4,3.2790813703074244,300.6479420888992,0.3808954360015587,"{""type"":""Point"",""coordinates"":[81.65266322974087,18.073956785139163]}"
2814,72.73625040768155,2025-03-01,284.0506467819214,293,0,40,0.18651211801896733,2.611693543030924E-5,1.5622514739789344,298.0997010639736,0.5773798413137028,"{""type"":""Point"",""coordinates"":[81.90299997529964,21.201250413808673]}"
2815,90.0,2025-03-01,283.69036497388566,294,0,40,0.4372655273030429,1.811501186921305E-5,1.9855297683489221,298.33354127974735,0.4823595812998024,"{""type"":""Point"",""coordinates"":[82.0371771400715,20.95235976069041]}"
2816,270.0,2025-03-01,282.0674459820702,326,0,30,0.35909785034652886,1.1558350723817057E-4,1.9955877223877343,298.72720641181576,0.5165296559620616,"{""type"":""Point"",""coordinates"":[81.11067243295834,21.694884721068284]}"
2817,90.0,2025-03-01,286.2375306174868,132,0,40,0.301010101010101,0.0014510553757531852,0.49766143382516026,299.3358199255807,0.5954958283583617,"{""type"":""Point"",""coordinates"":[83.92219776087909,21.278572100356808]}"
2818,309.44478188000755,2025-03-01,284.23283962976365,758,0,30,0.5553987297106563,3.009539524896354E-4,18.981597094399596,296.7218062537057,0.3576457963830994,"{""type"":""Point"",""coordinates"":[82.82616696035939,19.160865725417572]}"
2819,72.94591175148668,2025-03-01,281.6023348399571,511,0,40,0.18809980806142035,9.537753265931315E-5,1.5808671766469564,295.64044348398846,0.9139113082229607,"{""type"":""Point"",""coordinates"":[81.79401816023295,23.031520241564753]}"
2820,116.82362596209111,2025-03-01,285.2174064545405,600,0,10,0.6766902892166252,5.307447592599601E-4,14.096338489332986,296.9770785286313,0.30756069417306175,"{""type"":""Point"",""coordinates"":[83.96195413434997,20.10385150724238]}"
2821,287.43815852430964,2025-03-01,282.4348485583351,707,0,10,0.45431269003040486,9.774964730127067E-4,4.632344976646415,296.994831039792,0.18516260890944225,"{""type"":""Point"",""coordinates"":[82.9702103319234,19.551840365623324]}"
2822,180.0,2025-03-01,284.6177098864601,893,0,30,0.3036106750392465,4.612606446130485E-4,0.4637353428839794,295.71616776784265,0.29403118193557654,"{""type"":""Point"",""coordinates"":[84.01090478544684,19.81578791405066]}"
2823,237.99344064394677,2025-03-01,281.6085081100464,447,0,40,0.29515209125475284,3.584739368989176E-5,1.7493851125191189,298.4081494921729,0.0671090372017032,"{""type"":""Point"",""coordinates"":[81.68936887857083,20.35729490175104]}"
2824,-0.0,2025-03-01,282.8951698939006,235,0,40,0.3392857142857143,1.5030471502086584E-5,0.4637353428839794,299.62606825147355,0.31449311991540085,"{""type"":""Point"",""coordinates"":[80.23835629102393,20.413555775847666]}"
2825,19.484698836809923,2025-03-01,282.7904800687517,229,0,10,0.5396694214876033,3.1242934880992834E-5,2.9488970615210857,300.4777993247622,0.049191050391100576,"{""type"":""Point"",""coordinates"":[80.33340826607406,19.592077374921494]}"
2826,151.63768708393627,2025-03-01,282.83665171123687,277,0,10,0.3125805857432308,6.848525683267326E-4,1.053894537930523,298.0034224646432,0.5730776249034629,"{""type"":""Point"",""coordinates"":[82.98991704968323,22.152121201854833]}"
2827,288.23523527426664,2025-03-01,280.17039775848394,664,0,10,0.4847050254916242,1.749050299508781E-4,7.369087382079916,295.7888402938843,0.7484622431976471,"{""type"":""Point"",""coordinates"":[80.94278765622578,22.70492160437328]}"
2828,86.73021087585865,2025-03-01,282.9266640345256,318,0,10,0.6429433051869723,1.5030471502086584E-5,15.844402898624292,299.7109594345093,0.2007214178372934,"{""type"":""Point"",""coordinates"":[80.74335020698855,19.497212325481325]}"
2829,151.50105298074868,2025-03-01,282.34677773430235,425,0,40,0.2609783845278726,3.1694289845063395E-4,2.1097960750093336,295.92319320497063,0.9624900485679247,"{""type"":""Point"",""coordinates"":[82.27318246146585,22.938157254590223]}"
2830,332.1552792021293,2025-03-01,279.779540243603,977,0,10,0.5448051948051948,1.4596697491242594E-4,17.76445745558339,294.82777491069976,0.4701648556678156,"{""type"":""Point"",""coordinates"":[81.06103944942952,23.14710468427345]}"
2831,324.9319743110676,2025-03-01,287.0999399366833,158,0,30,0.3713247439709283,1.862895171029777E-4,1.6993019354104006,301.44297440846765,0.7610842798071139,"{""type"":""Point"",""coordinates"":[81.08691762120282,18.250745893823517]}"
2832,180.0,2025-03-01,284.12139524732316,283,0,40,0.11342216444588886,2.383705776765055E-5,2.7802885155465065,298.12004611605687,0.601021244988911,"{""type"":""Point"",""coordinates"":[81.76647783430163,21.443189250284195]}"
2833,11.442630610097698,2025-03-01,284.22922402336485,404,0,10,0.7047580317202115,4.398774782998771E-4,9.838300474300977,298.6711877641224,0.348524160821728,"{""type"":""Point"",""coordinates"":[83.22361864345666,19.772132136413816]}"
2834,57.91590355893897,2025-03-01,284.59030800773985,381,0,30,0.42457399103139015,3.783058802468986E-4,3.4879845165359997,298.5330681119646,0.45665466953251577,"{""type"":""Point"",""coordinates"":[83.38611811127582,19.886723679441026]}"
2835,248.56490791334392,2025-03-01,281.65790589650476,545,0,30,0.2723508862724803,0.004149923888860485,3.8013573241508483,294.6607245944795,0.5410174612300269,"{""type"":""Point"",""coordinates"":[84.36452558043386,23.64141311710868]}"
2836,144.9750256836689,2025-03-01,287.9151371093023,131,0,10,0.43452928549524683,1.6894456547333903E-4,1.698407100874651,300.47929323287235,0.3550637149370361,"{""type"":""Point"",""coordinates"":[81.66703829671225,17.969979847842108]}"
2837,160.34077415911796,2025-03-01,283.48983251480826,225,0,40,0.2746903778977453,6.664809387757487E-5,1.477023625473976,299.46989963168187,0.6237614573508516,"{""type"":""Point"",""coordinates"":[83.1858228331915,21.083717687086356]}"
2838,270.0,2025-03-01,281.8966463633946,500,0,40,0.20859817404368428,4.6021756332947916E-4,1.5087146118548547,295.6286026636759,0.9931126233432044,"{""type"":""Point"",""coordinates"":[82.20263511690995,22.792054414723065]}"
2839,121.79887182210962,2025-03-01,284.21922007061187,287,0,30,0.34075508228460794,1.615535895211906E-4,1.7595949934177217,298.25585224514913,0.4543696714702267,"{""type"":""Point"",""coordinates"":[82.7055234089053,21.56527621915082]}"
2840,331.5695538384304,2025-03-01,281.39766942887076,449,0,40,0.716461013389341,2.2853581128856604E-5,2.1084302127244627,297.19417767297654,0.8942203751751415,"{""type"":""Point"",""coordinates"":[80.32477893824498,22.54827138963148]}"
2841,-0.0,2025-03-01,284.0447234653291,197,0,10,0.33458411507191993,1.1120256584717936E-4,1.8543341688295631,300.00443390437533,0.3297334874405297,"{""type"":""Point"",""coordinates"":[83.45431683286427,20.901795804219738]}"
2842,125.59905544437497,2025-03-01,282.3284439359393,420,0,30,0.276946487446107,7.935878437592692E-5,5.559134506575344,295.9483629408337,0.8545852254980179,"{""type"":""Point"",""coordinates"":[82.57828237189561,23.008049411217844]}"
2843,12.28876329944463,2025-03-01,286.3739122209095,897,0,10,0.6938511326860841,3.3364710014893717E-4,17.90376564259012,296.9090330487206,0.35719255952587253,"{""type"":""Point"",""coordinates"":[83.94693115152504,19.6630176680297]}"
2844,17.169577941069292,2025-03-01,279.90234879085,621,0,10,0.6765557163531114,1.22095314679882E-4,6.763671676171361,297.43551649366105,0.7564808760789518,"{""type"":""Point"",""coordinates"":[80.56968170572564,22.371749206383736]}"
2845,119.9057743300425,2025-03-01,280.872569447472,610,0,10,0.6731148835373075,1.5030471502086584E-5,10.124835372758659,298.27322691962826,0.20912411653960253,"{""type"":""Point"",""coordinates"":[80.86400190812732,19.750714329939537]}"
2846,46.820685829986495,2025-03-01,284.4286345981416,201,0,40,0.3400563547382471,2.705555836541862E-4,0.6776775825983261,299.60136935824437,0.12651885213232283,"{""type"":""Point"",""coordinates"":[82.98114788999793,20.21768819645077]}"
2847,107.57194290931346,2025-03-01,288.12449350811187,613,0,30,0.5009777082518576,1.1169430416657633E-4,25.76064907262581,297.6268413634527,0.13978732712938066,"{""type"":""Point"",""coordinates"":[82.21004381596238,18.187648857595917]}"
2848,227.01412075539298,2025-03-01,282.9511304128738,344,0,40,0.24207102195716995,1.5030471502086584E-5,0.6801281616745471,298.4156015941075,0.5067282466285259,"{""type"":""Point"",""coordinates"":[80.83125671883595,21.242554402010608]}"
2849,290.5442681387134,2025-03-01,282.3600775854928,276,0,30,0.30764563106796117,1.2817498844697184E-4,2.6410719223311117,299.4644355319795,0.6124461530182026,"{""type"":""Point"",""coordinates"":[82.86991331771362,20.460109272638203]}"
2850,180.0,2025-03-01,283.3969137555077,289,0,40,0.1550827994681494,1.7891494451305334E-5,0.9274099368670311,298.4352432886759,0.5044341453714416,"{""type"":""Point"",""coordinates"":[81.40949624083541,21.40265658959391]}"
2851,47.27724715972525,2025-03-01,281.9605763299124,688,0,10,0.6394865987164968,2.649527470452995E-4,2.049730790849276,296.33500031062533,0.960477122311665,"{""type"":""Point"",""coordinates"":[82.4055978029845,22.55528652318239]}"
2852,55.22491504182371,2025-03-01,283.4588905970256,306,0,10,0.6750572082379863,2.8736409348084635E-4,2.437768241370089,297.97140516553605,0.6964166946054337,"{""type"":""Point"",""coordinates"":[82.39408186929386,22.206001270025393]}"
2853,13.897032923539946,2025-03-01,284.4272395088559,554,0,10,0.5844264582751884,1.1707362335755533E-4,21.39939146085696,299.4139216740926,0.2825740000905672,"{""type"":""Point"",""coordinates"":[81.00903898547786,18.926799436036983]}"
2854,192.26333481888898,2025-03-01,280.8003793898083,664,0,30,0.22011917280056081,2.2533055943085856E-4,2.3715170406665793,295.5664863132296,0.6228512850574629,"{""type"":""Point"",""coordinates"":[80.80009337588722,23.05765994225148]}"
2855,210.55781855594012,2025-03-01,285.93397081465946,512,0,10,0.707196029776675,7.233422676904411E-4,9.6027797350373,297.94058531806587,0.4958794217116575,"{""type"":""Point"",""coordinates"":[83.60323361584568,19.784369421734016]}"
2856,284.3480801287692,2025-03-01,280.8710522878738,655,0,10,0.11801242236024845,0.0011659067551477165,9.274923902863728,295.0140367689587,0.8603854943431753,"{""type"":""Point"",""coordinates"":[83.08535477562592,22.94982448664329]}"
2857,352.4900127098311,2025-03-01,285.23556586674283,561,0,10,0.6655567887532371,4.3650981587006754E-4,7.441990752987797,299.5205297470093,0.6237280475230306,"{""type"":""Point"",""coordinates"":[81.3282674019984,18.52330573351177]}"
2858,50.467595694732246,2025-03-01,282.0981844493321,843,0,10,0.7262479871175523,7.499274414612955E-5,28.1053288888986,298.7053267615182,0.2754227517883118,"{""type"":""Point"",""coordinates"":[81.29159271395135,19.407106657837286]}"
2859,160.28349662729318,2025-03-01,284.1331895646595,281,0,40,0.20719767134162476,4.855808418824381E-5,1.4775518156197114,298.0518262499855,0.6143319412061664,"{""type"":""Point"",""coordinates"":[82.00910082436411,21.546794108201414]}"
2860,183.5518797127455,2025-03-01,285.68964417775476,300,0,30,0.2374662263584509,4.6412166756226725E-4,7.849367963817653,300.9527981621879,0.2483270487589317,"{""type"":""Point"",""coordinates"":[81.78658703200497,18.61669380258525]}"
2861,53.17135558492027,2025-03-01,281.4198804128738,361,0,10,0.5334184759472116,1.5030471502086584E-5,3.0916041672316243,299.9933080673218,0.3550246880330112,"{""type"":""Point"",""coordinates"":[80.43053448055304,20.594105412746185]}"
2863,300.384385653288,2025-03-01,280.62997504643033,553,0,10,0.4977973568281938,1.6805049580170817E-4,4.574543851241918,298.7833238783337,0.40987811582211825,"{""type"":""Point"",""coordinates"":[82.25505885804692,20.26027989743682]}"
2864,-0.0,2025-03-01,282.063004947844,255,0,30,0.03377110694183865,1.5030471502086584E-5,0.4637353428839794,299.78808462052115,0.42793691671373973,"{""type"":""Point"",""coordinates"":[80.26916220577571,20.888118621675805]}"
2866,96.61798682580795,2025-03-01,283.0036497116089,270,0,40,0.25529910504003767,1.760837238862223E-5,4.017261027060905,298.77091920943485,0.627011416774182,"{""type"":""Point"",""coordinates"":[81.57216860703201,21.847241255255653]}"
2867,250.65203545655277,2025-03-01,282.78643430982316,370,0,40,0.24803301947633175,1.5894738851329748E-5,4.191774953794299,298.90652770087837,0.19554293633090716,"{""type"":""Point"",""coordinates"":[81.2752750489548,20.55113376217277]}"
2868,47.03161065145941,2025-03-01,283.745133854094,246,0,10,0.4130397967823878,3.9126989048554606E-4,2.0402860823813502,298.99466827937533,0.6483209887444249,"{""type"":""Point"",""coordinates"":[83.31525517162845,21.332895920263322]}"
2869,244.80856779715384,2025-03-01,282.37497016361783,314,0,10,0.5687397708674304,6.553050678803629E-5,3.265006009104671,300.0907608668009,0.1356440498393286,"{""type"":""Point"",""coordinates"":[80.48264040799391,19.81979470793222]}"
2870,180.0,2025-03-01,282.0330686569214,294,0,40,0.6188518108492804,2.1765796361705725E-5,2.3174627380815918,299.71859173547654,0.16417497060247527,"{""type"":""Point"",""coordinates"":[80.69361699503601,19.87712868778906]}"
2871,132.42188704546345,2025-03-01,283.8192479723976,244,0,30,0.3247527860618427,4.027884880883903E-4,0.687420577256973,295.55742985861644,0.5279266037931079,"{""type"":""Point"",""coordinates"":[84.14452243117238,23.960740651648354]}"
2872,203.19338916518515,2025-03-01,283.5045623325166,310,0,40,0.29620441577772266,1.4250990551545328E-4,2.5209739837869476,298.804145585923,0.5470868012984129,"{""type"":""Point"",""coordinates"":[82.57214026323133,21.002231191016357]}"
2873,313.41423805218193,2025-03-01,285.5919879277547,119,0,40,0.3720626631853786,1.5581814466258948E-5,2.0234579203496823,300.586377961295,0.3849233678631619,"{""type"":""Point"",""coordinates"":[80.3569256793899,18.892744781123064]}"
2874,245.00271623363057,2025-03-01,284.19650917961485,268,0,40,0.25016393442622953,9.366389912202067E-5,4.381148510574791,298.4241000130063,0.6714246611185152,"{""type"":""Point"",""coordinates"":[82.8212968768512,21.172315055715416]}"
2875,345.0444591008293,2025-03-01,281.13399755387076,383,0,10,0.5704099821746881,1.5030471502086584E-5,3.834305656842044,299.65609173547654,0.32170565911356236,"{""type"":""Point"",""coordinates"":[80.50386886548208,20.62281800086073]}"
2876,326.8329511828819,2025-03-01,280.08473927634105,1041,0,10,0.35477518871020675,0.004792640773473522,5.522874647940342,293.70283303942,0.72618879264105,"{""type"":""Point"",""coordinates"":[84.01494968543845,23.357623331700566]}"
2877,270.0,2025-03-01,282.30172216324576,306,0,40,0.23281888932858463,0.0011245411316735954,2.503641359561623,298.374963805789,0.6079452481452537,"{""type"":""Point"",""coordinates"":[83.46757328856334,22.248215276895532]}"
2878,10.25113468685678,2025-03-01,279.61593114762076,873,0,40,0.33851514339319216,3.0430671375825114E-4,2.825317227321753,294.8857524962652,0.9074820807618275,"{""type"":""Point"",""coordinates"":[81.7094124082627,22.842806407974148]}"
2879,339.96265623205613,2025-03-01,283.3111157644363,364,0,40,0.8040173724212812,1.5030471502086584E-5,1.4805448567289294,295.9584831510271,0.47402786510285533,"{""type"":""Point"",""coordinates"":[80.70983669515411,23.939438703534258]}"
2880,229.4487048928408,2025-03-01,281.1578303291684,635,0,30,0.3001949317738791,1.1340793770386881E-4,7.096620714008682,298.29727477119087,0.15838834435227048,"{""type"":""Point"",""coordinates"":[81.07394158495107,19.74701221745071]}"
2881,180.0,2025-03-01,286.8911008834839,82,0,10,0.5547605943863512,4.00495211465568E-5,0.4637353428839794,301.38829853421163,0.5704410580450832,"{""type"":""Point"",""coordinates"":[80.38248507228599,18.493935127615526]}"
2882,294.67359322543064,2025-03-01,281.8109297525315,527,0,30,0.2939508506616257,1.7313179176881022E-4,2.2206975921907333,295.73837293897355,0.8216858905725551,"{""type"":""Point"",""coordinates"":[82.14812057530214,23.251585439982293]}"
2883,67.884293368014,2025-03-01,285.23556586674283,719,0,30,0.7617536775310066,4.3650981587006754E-4,10.950866411378916,299.5205297470093,0.6237280475230306,"{""type"":""Point"",""coordinates"":[81.27689273302745,18.520066492864697]}"
2884,245.1623538936736,2025-03-01,282.5013536271595,325,0,40,0.3572789913502419,1.5030471502086584E-5,2.206964927798091,297.5301674888247,0.6685950324994349,"{""type"":""Point"",""coordinates"":[81.50995864874216,22.221668545726086]}"
2885,332.3072751259304,2025-03-01,280.15841742924283,954,0,10,0.6647590917482001,0.004538844196019909,14.846926329852765,293.9216353552682,1.1833985889046594,"{""type"":""Point"",""coordinates"":[83.85187259057831,23.102186063103368]}"
2886,58.32479377907587,2025-03-01,293.5390442893618,128,0,10,0.5490757615204374,0.0022813629786355705,23.34448968670472,299.28096966516404,0.7070583586954914,"{""type"":""Point"",""coordinates"":[84.01190208899666,18.637607163003015]}"
2887,199.542978062971,2025-03-01,285.2469416572934,201,0,50,0.35150737652341246,5.561512390954704E-4,1.4759573254723604,299.49700505392894,0.41737886618979436,"{""type"":""Point"",""coordinates"":[83.20883593743258,20.10431365403494]}"
2888,28.749643552484045,2025-03-01,281.1634862536476,499,0,10,0.6370471633629529,1.8383232770702307E-5,15.970541244836435,298.126167070298,0.202185112677094,"{""type"":""Point"",""coordinates"":[80.96094639048407,19.814185796838903]}"
2889,180.0,2025-03-01,284.8907753626506,189,0,40,0.7285444234404537,0.0012610953728540153,0.9274099368611016,299.2994604110718,0.5907687694348291,"{""type"":""Point"",""coordinates"":[83.50732321835937,21.371301706067914]}"
2890,19.62116233625295,2025-03-01,281.22121388571605,395,0,10,0.4265113699389906,1.5030471502086584E-5,1.4766736436825367,299.6978223437354,0.3800454594638407,"{""type"":""Point"",""coordinates"":[80.37695392054559,20.769381415385546]}"
2891,235.18092843649094,2025-03-01,285.4569549106416,492,0,10,0.7105444521019986,6.526064555032463E-4,25.73214761972343,297.8680523009528,0.4568108714347009,"{""type"":""Point"",""coordinates"":[83.68772331790099,19.782521603534242]}"
2892,51.706337969640046,2025-03-01,285.5525999069214,859,0,40,-0.3928182807399347,4.922401587350578E-4,3.73643457685451,296.02152956099735,0.17355919838826547,"{""type"":""Point"",""coordinates"":[82.78215359882026,18.650663055850288]}"
2893,312.5521094808801,2025-03-01,282.0390035992576,449,0,30,0.2989542012261089,2.7389344376160807E-4,5.469324998235211,296.8031806491671,0.37440091695336325,"{""type"":""Point"",""coordinates"":[81.03196356079997,23.363515667778444]}"
2894,344.85862272886425,2025-03-01,280.6707755951654,554,0,40,0.2173202614379085,8.493181866242594E-5,1.920974855843253,296.8605013801938,0.7499414810940441,"{""type"":""Point"",""coordinates"":[80.58426821629679,22.49836688605955]}"
2895,160.66838413071193,2025-03-01,285.64491412753154,1184,0,30,0.3255045871559633,1.356702725274772E-4,14.430558466708794,295.5273540587652,0.09800849969763585,"{""type"":""Point"",""coordinates"":[82.41303155591997,18.16336842541496]}"
2896,283.05800993764024,2025-03-01,282.9692375092279,285,0,10,0.3127795913432475,1.5030471502086584E-5,2.0516617973418168,298.33465735117596,0.6502359823938794,"{""type"":""Point"",""coordinates"":[81.48150041303957,21.91463404171871]}"
2897,140.7923691232925,2025-03-01,290.446299916222,194,0,10,0.5827638572513287,0.0019274902026040763,20.08222040096515,298.9972550074259,0.6788180896512972,"{""type"":""Point"",""coordinates"":[83.69897350661245,18.98416617093685]}"
2898,144.99728331394323,2025-03-01,288.3821664991833,140,0,10,0.6198048427900253,2.766203562600822E-4,1.6979452148794711,301.0760484877087,1.0371709088104688,"{""type"":""Point"",""coordinates"":[80.74486332097253,17.823740487559107]}"
2899,64.631747550121,2025-03-01,285.94231228601365,155,0,10,0.6224371373307543,8.269664448334879E-5,1.0822897745142301,301.8791374479021,0.5458421175346558,"{""type"":""Point"",""coordinates"":[80.25424386400248,18.502511345008266]}"
2900,270.0,2025-03-01,287.45505410148985,123,0,30,0.2482616533608035,5.30582348687858E-5,2.4373197066111443,301.7674314862206,0.9742639799659176,"{""type"":""Point"",""coordinates"":[80.96065791240233,18.053362467907455]}"
2901,9.256569641952142,2025-03-01,280.3215324311029,722,0,30,0.27642571739920085,1.6633686226441569E-4,9.314352257258005,294.86504704611644,0.5199360615964522,"{""type"":""Point"",""coordinates"":[81.34557483853271,23.02005357134962]}"
2902,46.60385108362875,2025-03-01,284.76808888571605,147,0,10,0.5013084112149533,1.5030471502086584E-5,0.6749605736530697,300.99509261903313,0.3448344571636859,"{""type"":""Point"",""coordinates"":[80.2295956364166,18.99866634854602]}"
2903,331.29010972140065,2025-03-01,284.5117179779779,220,0,40,0.5076201641266119,4.709165970666618E-4,1.0573760065847204,295.86052463168187,0.5674850882341181,"{""type"":""Point"",""coordinates"":[83.97054265930203,24.09191262157379]}"
2904,28.51604602983539,2025-03-01,280.81293519337976,717,0,40,0.30584192439862545,3.4771379631592936E-4,1.05542676786435,295.2785747618902,0.5925709475022898,"{""type"":""Point"",""coordinates"":[80.98599008736593,23.033943073789647]}"
2905,194.83829971379862,2025-03-01,282.74861576443624,514,0,40,0.24715980812926028,3.315013329370231E-4,1.9182580047262205,298.2844980784825,0.2509744217714239,"{""type"":""Point"",""coordinates"":[81.53576513027289,19.325123226519647]}"
2906,23.525664790428475,2025-03-01,281.7272476468767,539,0,30,0.26498855835240276,1.6162809532715983E-4,2.5272880675349336,295.72419534410756,0.9239808059709776,"{""type"":""Point"",""coordinates"":[82.43009309453949,23.24664002395954]}"
2907,207.76125008688882,2025-03-01,286.8673727398827,190,0,40,0.29949238578680204,2.2592660587861246E-4,1.0480184023112156,300.5479374386015,0.2859699889528987,"{""type"":""Point"",""coordinates"":[81.75127990287686,18.214294803405508]}"
2908,143.8725770192287,2025-03-01,282.8904091517131,363,0,10,0.6036585365853658,3.728371540887565E-4,3.440758189950267,295.4129392987206,0.4884310733617076,"{""type"":""Point"",""coordinates"":[83.53474404114569,24.03275352476437]}"
2909,295.2892592718017,2025-03-01,283.3423308872041,576,0,40,0.3079019073569482,4.595172087533683E-4,2.1701137818161604,297.72920022692006,0.38349341636381595,"{""type"":""Point"",""coordinates"":[82.40502277262067,19.10264869992508]}"
2910,313.4507494094388,2025-03-01,284.14340278080533,548,0,30,0.3704156479217604,4.424404780252189E-4,2.6952601151601057,298.10736242930096,0.41386636372260555,"{""type"":""Point"",""coordinates"":[81.28311372993461,18.678510349138467]}"
2911,203.18714321822083,2025-03-01,283.55441352299283,315,0,30,0.3502426804446532,7.798787754609293E-5,2.520856406821397,298.2967690513247,0.4727115225290634,"{""type"":""Point"",""coordinates"":[82.14941118518749,20.956818432492287]}"
2912,340.32613465887187,2025-03-01,283.9475554965791,289,0,50,0.2766364070711897,2.2719470678111975E-5,1.477158448724579,298.3515379315331,0.5182506599191236,"{""type"":""Point"",""coordinates"":[81.63927092178811,21.203440938510383]}"
2913,331.68097295234537,2025-03-01,280.1322943823678,638,0,10,0.6701754385964912,1.287263314111442E-4,5.253150899719859,297.09052835192,0.7326714221632435,"{""type"":""Point"",""coordinates"":[80.37825389668987,21.895913171276682]}"
2914,112.28140303512959,2025-03-01,280.304460025969,780,0,40,0.41721343110768044,3.693055788858146E-4,4.880560908457693,294.98154862721765,0.7511669937791189,"{""type"":""Point"",""coordinates"":[81.14525767273928,22.78913827585604]}"
2915,19.59665052996809,2025-03-01,282.0428982235137,356,0,40,0.49025641025641026,1.74742619378776E-5,2.9509391664162408,299.8142367317563,0.3699091285731734,"{""type"":""Point"",""coordinates"":[82.19370530236336,20.563549178743468]}"
2916,-0.0,2025-03-01,283.40377875736783,279,0,40,0.2150554427612057,3.537040631158561E-4,0.4637353428839794,298.12309787386937,0.7025998233985626,"{""type"":""Point"",""coordinates"":[82.61448117359986,22.222444055718523]}"
2917,152.25661032248453,2025-03-01,288.2692688987369,380,0,10,0.6291314373558801,0.022346491781888744,8.32463109676183,295.5668176469349,0.2594238872123794,"{""type"":""Point"",""coordinates"":[82.89772514315224,18.082443384879895]}"
2918,306.4534698410601,2025-03-01,286.41847951071605,1011,0,10,0.5993407800769089,0.0030136954466684074,8.522020450353573,296.1922419865926,0.23367293583758328,"{""type"":""Point"",""coordinates"":[84.17882035756608,19.919313481460737]}"
2919,156.35523384033476,2025-03-01,283.0664810453142,371,0,40,0.3777437468095967,5.490597885682291E-5,2.529579714591754,295.9940811793009,0.42989248910928085,"{""type"":""Point"",""coordinates"":[81.55532082459571,23.990369489302857]}"
2920,261.1003799158635,2025-03-01,280.55926145826066,658,0,50,0.4542635658914729,1.3090190094544596E-4,2.994903359557216,297.6094492503575,0.3775111495172738,"{""type"":""Point"",""coordinates"":[81.92628145910307,20.026310668534578]}"
2921,294.7295829162094,2025-03-01,280.8427610397339,929,0,10,0.36938031591737547,0.0031601142565591545,5.525543881982143,294.97155048733663,1.0803751284622647,"{""type"":""Point"",""coordinates"":[83.54518896575352,22.90592304826273]}"
2922,115.4177468250146,2025-03-01,288.1251910527547,470,0,10,0.47788309636650866,5.295392674042887E-5,8.57891319304477,297.8098480133784,0.1329440484191315,"{""type"":""Point"",""coordinates"":[82.06396747426972,18.11570992535761]}"
2923,283.145397469303,2025-03-01,283.71926076071605,315,0,40,0.17026047955839227,1.5030471502086584E-5,2.038271943567967,298.53480616069976,0.4075201951126927,"{""type"":""Point"",""coordinates"":[81.6952092378366,20.904832357795673]}"
2924,159.9784096363136,2025-03-01,281.79427006131124,532,0,10,0.639751552795031,4.677724520547599E-4,22.46493387463453,295.80629053569976,0.44567498729819666,"{""type"":""Point"",""coordinates"":[82.24428286785309,23.828740905818936]}"
2925,221.85904448693302,2025-03-01,282.26531614576066,593,0,10,0.39683608212722987,2.835210960938639E-5,27.548038720107126,298.33229151226226,0.5123970632140642,"{""type"":""Point"",""coordinates"":[80.85450691429604,21.549096623020763]}"
2926,280.54995630093765,2025-03-01,283.3969137555077,278,0,40,0.3658759124087591,1.7891494451305334E-5,2.531196440677817,298.4352432886759,0.5044341453714416,"{""type"":""Point"",""coordinates"":[81.37072650121773,21.377017649357715]}"
2927,132.96395013334288,2025-03-01,285.1071013950166,178,0,40,0.3533537133609063,0.0014919739643914909,0.6804075851635899,299.23319367000033,0.5829910579631852,"{""type"":""Point"",""coordinates"":[83.62117692433813,21.35534116549878]}"
2928,28.173764461423776,2025-03-01,284.03163287753154,175,0,40,0.3227687626774848,5.498048466279215E-5,1.0520316939587568,299.81081876300635,0.5745833164036616,"{""type"":""Point"",""coordinates"":[83.16210750522313,21.009198684748146]}"
2929,14.764312378868748,2025-03-01,292.3388082867577,114,0,40,0.6962237762237762,0.0011239450852258415,1.9176040691761473,299.777301742917,0.7943254304443628,"{""type"":""Point"",""coordinates"":[83.48539121778113,18.449101677294053]}"
2930,107.079336210251,2025-03-01,280.8874271483648,785,0,30,0.3316877506942302,5.949091593606681E-4,1.5786008470691435,295.7745638801938,0.8182645627564007,"{""type"":""Point"",""coordinates"":[81.53042429264565,22.818939446807068]}"
2931,120.43180842990368,2025-03-01,284.9117888950166,821,0,10,0.7932539016613526,5.232792775018424E-4,4.568124241736671,297.2493883314587,0.3363612566298246,"{""type"":""Point"",""coordinates"":[83.89424351018994,19.963816437453545]}"
2932,-0.0,2025-03-01,280.76456047239753,494,0,10,0.5788288288288288,2.2516664665772623E-4,2.7802885155465065,299.0927779333932,0.2726000754330352,"{""type"":""Point"",""coordinates"":[82.0815449130323,20.179907380154773]}"
2933,28.00554689102615,2025-03-01,283.2188887369065,256,0,40,0.337034980566352,4.5117255848481364E-4,1.0503848501278528,299.44706085750033,0.15431194180799934,"{""type"":""Point"",""coordinates"":[82.65892857350113,19.924392649346842]}"
2934,340.28621194890604,2025-03-01,284.2220916293916,264,0,40,0.17820206841686556,4.8140851674816076E-5,1.4775267341599725,298.22271306174144,0.605371467407911,"{""type"":""Point"",""coordinates"":[82.14259686956184,21.524605592201375]}"
2935,160.04597118053002,2025-03-01,281.26417682284404,641,0,40,0.2061293984108967,8.976858536584587E-4,1.4797620077539415,295.0228955859229,0.5782483044185992,"{""type"":""Point"",""coordinates"":[83.49948239934561,23.348017529261558]}"
2936,233.21600640627207,2025-03-01,282.605985323588,340,0,40,0.618699780861943,1.0251518887116617E-4,3.0948194218854015,299.0727990922474,0.47452221536631023,"{""type"":""Point"",""coordinates"":[82.50673416718479,20.840365933671674]}"
2937,90.0,2025-03-01,283.1970672153291,259,0,40,0.47790143084260733,1.1285659473969645E-4,2.4996110485504497,298.4821008500599,0.7318231860942415,"{""type"":""Point"",""coordinates"":[81.89321384545973,22.02048958617706]}"
2938,321.1751590756497,2025-03-01,283.95705372946605,289,0,50,0.08454335730764011,1.8979279218456213E-5,2.3796631035933,298.339069321042,0.5148393541536449,"{""type"":""Point"",""coordinates"":[81.51792521491927,21.253720224845214]}"
2939,72.69970797915863,2025-03-01,282.9954826264155,331,0,40,0.23184622686283815,1.5030471502086584E-5,1.559053781317467,298.7134415308634,0.367686124808812,"{""type"":""Point"",""coordinates"":[81.11763589245977,20.866325299101558]}"
2940,58.418201951403994,2025-03-01,281.10938004084994,655,0,30,0.3548120611317637,8.593153635843009E-4,1.7704194145321983,296.06743962424144,0.8379283852613358,"{""type"":""Point"",""coordinates"":[82.97423468421697,22.757101800700244]}"
2941,208.68475298115527,2025-03-01,283.3185329891387,415,0,10,0.5112237509051412,1.5030471502086584E-5,4.221313889262641,296.02990009671163,0.4111705160604194,"{""type"":""Point"",""coordinates"":[81.1926865019833,23.957901123312396]}"
2942,208.5922919117338,2025-03-01,282.136741229466,433,0,40,0.8036096665646987,1.5030471502086584E-5,2.111665019491412,296.3381101971581,0.3245265456797552,"{""type"":""Point"",""coordinates"":[80.55671500560959,23.457409710032916]}"
2943,331.72172940573813,2025-03-01,284.46493598393033,196,0,40,0.5014338385907415,8.622806946618766E-4,1.053061983704409,298.7440288634527,0.4199531179111504,"{""type"":""Point"",""coordinates"":[83.40083760853281,21.65154835000671]}"
2944,197.56584643206062,2025-03-01,285.2125817707607,472,0,40,0.31272727272727274,3.012668768747062E-4,4.85263581819643,299.27758076077413,0.5247792177616609,"{""type"":""Point"",""coordinates"":[81.44553968248434,18.616166278511074]}"
2945,283.2553541577514,2025-03-01,281.4647499720256,612,0,40,0.30403337969401945,7.407319228036613E-4,2.0216767668051188,298.0384740829468,0.2626451013680664,"{""type"":""Point"",""coordinates"":[82.3457645874237,19.563777934234693]}"
2946,41.1193609222213,2025-03-01,281.1871620814006,462,0,10,0.4355083459787557,1.5030471502086584E-5,15.60736375440002,297.7568171819051,0.9119822500959375,"{""type"":""Point"",""coordinates"":[80.22325076026466,22.29468884717211]}"
2947,180.0,2025-03-01,281.5521639415196,540,0,40,0.21549534292972058,1.275342385156364E-4,1.390963080774087,295.2461447488694,0.8059848251511353,"{""type"":""Point"",""coordinates"":[82.99388560332756,23.416359381741575]}"
2948,196.98364805082957,2025-03-01,283.89983181726365,925,0,30,0.5723140495867769,6.760012785775871E-4,23.753070405094824,295.7544745944796,0.32330402439319716,"{""type"":""Point"",""coordinates"":[82.99618581757186,19.182397558604077]}"
2949,207.7749314534591,2025-03-01,287.05314050401955,169,0,40,0.2880222841225627,3.6693629425599283E-4,1.0481501455110454,300.33677323659265,0.23197144761927743,"{""type"":""Point"",""coordinates"":[81.87631629478396,18.315403661470665]}"
2950,248.19982170783447,2025-03-01,283.95835581279937,191,0,40,0.3522611356681401,4.2746631322643225E-5,3.7408951473314715,299.57043906620567,0.5818264251739748,"{""type"":""Point"",""coordinates"":[83.08967596033384,21.04864325062238]}"
2951,137.8346684698653,2025-03-01,280.5647546223232,704,0,40,0.48736906962415283,0.0011281621138437004,3.7485978133287636,294.8123010453724,0.7926543218863444,"{""type"":""Point"",""coordinates"":[83.41756590379431,23.051193328495653]}"
2952,195.38899997802542,2025-03-01,287.69076024918326,702,0,10,0.4771039603960396,4.3141361874177164E-4,12.770963350751911,297.1988628478278,0.2867225984077849,"{""type"":""Point"",""coordinates"":[83.98746780415526,19.61964514259116]}"
2953,90.0,2025-03-01,284.3055528459095,232,0,30,0.22757619738751814,9.597938935144157E-4,0.4979062471458695,299.2771506082444,0.6041573258269797,"{""type"":""Point"",""coordinates"":[83.40409179523276,21.350771509547606]}"
2954,17.753811243606172,2025-03-01,282.2700652622041,351,0,30,0.27872,7.327911060883707E-5,4.8576825088161675,300.009717805045,0.6219195880792164,"{""type"":""Point"",""coordinates"":[82.81990457946588,20.44846146485724]}"
2955,287.31019182208536,2025-03-01,282.5096834727696,385,0,40,0.2362019356526288,1.5030471502086584E-5,1.558189847036318,298.7886252176195,0.3151187062603012,"{""type"":""Point"",""coordinates"":[80.90651243805993,20.775302067589045]}"
2956,227.0714213667601,2025-03-01,287.04903661637076,157,0,10,0.49863945578231295,5.33590881047985E-4,2.0418083464686885,299.14103058406283,0.5128984851484315,"{""type"":""Point"",""coordinates"":[83.89085782736475,21.536055421299743]}"
2957,257.0541581218496,2025-03-01,280.5647546223232,755,0,30,0.25464684014869887,0.0011281621138437004,6.185899226667007,294.8123010453724,0.7926543218863444,"{""type"":""Point"",""coordinates"":[83.37514331086837,23.148086691278415]}"
2958,198.4206208511654,2025-03-01,283.91523011525476,328,0,10,0.583288117200217,3.642853897645182E-5,21.001531475693017,298.753840991429,0.5558430342610392,"{""type"":""Point"",""coordinates"":[83.017323517142,20.91462161567109]}"
2959,19.409063871501807,2025-03-01,285.72445746830533,96,0,40,0.23302338686954072,1.5581814466258948E-5,1.474738399345639,300.9300117038545,0.38444838262013875,"{""type"":""Point"",""coordinates"":[80.30254020877285,18.90172586279107]}"
2960,270.0,2025-03-01,282.49009409404937,478,0,10,0.570426651081239,1.2705740135743326E-4,1.5198219480571529,296.06280676523846,0.4557508554441051,"{""type"":""Point"",""coordinates"":[81.4457333571634,23.76881491816853]}"
2961,180.0,2025-03-01,284.7132560639155,295,0,10,0.408466819221968,0.002809907166181347,1.390963080774087,298.16879286084855,0.361961243367495,"{""type"":""Point"",""coordinates"":[84.3952128814295,21.915786787054813]}"
2962,152.0013730627327,2025-03-01,281.91622411637076,593,0,40,0.26482969766551856,2.050202767236442E-4,2.099929385077483,299.0559824534825,0.4838598907374783,"{""type"":""Point"",""coordinates"":[82.27009510947003,19.878652380857787]}"
2963,8.269291911231411,2025-03-01,281.070811634972,654,0,10,0.3037324823088664,7.916491906030387E-4,6.994313726393868,294.66656071799144,1.0029248809051385,"{""type"":""Point"",""coordinates"":[82.59683172504185,23.449822825710797]}"
2964,242.12750764299813,2025-03-01,294.20374039241244,168,0,10,0.5345268542199488,0.008126298753438732,18.20838811444497,298.8190904798962,1.0881902709766422,"{""type"":""Point"",""coordinates"":[84.39268947577513,18.84834303749905]}"
2965,72.92552417302538,2025-03-01,280.68455210186187,688,0,40,0.21134492223238793,4.892599264962882E-4,1.5790366001691585,295.5254183723813,0.725960694148411,"{""type"":""Point"",""coordinates"":[80.93478650985038,22.860186655478017]}"
2966,264.12191434599544,2025-03-01,279.2930842354184,667,0,10,0.6350194552529183,2.1211322945191569E-4,4.518837443377719,297.19051556360165,0.785701124391852,"{""type"":""Point"",""coordinates"":[80.93584103718004,22.091430059383217]}"
2967,102.92636308964433,2025-03-01,281.39449560074576,490,0,30,0.2967702620353443,2.8936084908082194E-4,4.138948737600844,295.6027237574259,0.5438256280567358,"{""type"":""Point"",""coordinates"":[81.65049744804853,23.35558728337426]}"
2968,169.03159498655899,2025-03-01,283.54808330535883,597,0,10,0.5552336110105034,6.721269766671867E-4,5.1819461887598735,297.9805604389735,0.2411468677545722,"{""type"":""Point"",""coordinates"":[83.83891176891252,20.259412891387406]}"
2969,19.63694973021549,2025-03-01,281.823008900597,406,0,10,0.3920736022646851,1.5030471502086584E-5,1.4768187045456858,299.00412582215813,0.3748951873321522,"{""type"":""Point"",""coordinates"":[80.47957989705861,20.900751085548215]}"
2970,133.04614316959083,2025-03-01,283.2848415828887,294,0,40,0.4917771883289125,1.6952721296092932E-5,0.679361963785405,298.377876054673,0.4323928201600254,"{""type"":""Point"",""coordinates"":[81.97651258510015,20.929515756919265]}"
2971,180.0,2025-03-01,283.15356949397494,320,0,10,0.36154008885127986,0.001692960826574108,3.242751465064752,298.70632657550635,0.4780262856196907,"{""type"":""Point"",""coordinates"":[83.82710562089942,22.04942035190423]}"
2972,76.65472194133842,2025-03-01,285.38779917217437,357,0,10,0.5396740103886799,4.960995594842643E-4,2.0083099408300633,299.981879960923,0.6620418185539425,"{""type"":""Point"",""coordinates"":[80.6629484154956,18.39605627631885]}"
2973,-0.0,2025-03-01,294.78748062678744,0,0,80,-0.09719626168224299,0.0022955488840921134,0.0,299.2434766406105,1.3094357244488288,"{""type"":""Point"",""coordinates"":[84.25450670847495,18.458421290927053]}"
2974,219.85986751143957,2025-03-01,281.1634862536476,710,0,10,0.7033475124838173,1.8383232770702307E-5,8.397295877555344,298.126167070298,0.202185112677094,"{""type"":""Point"",""coordinates"":[81.00727153084544,19.772811801278024]}"
2975,16.912653450870703,2025-03-01,282.11118784404937,407,0,30,0.26146031746031745,4.069027107789225E-5,3.389008391241052,298.3940881547473,0.09703544779902956,"{""type"":""Point"",""coordinates"":[81.18381134581311,20.006503901473227]}"
2976,22.984657607430595,2025-03-01,282.50049332209994,608,0,10,0.6240786240786241,0.0010701518933160514,2.517066806587794,297.988483383542,0.1395587864450941,"{""type"":""Point"",""coordinates"":[82.38737385087457,19.431044761344907]}"
2977,107.47404844340899,2025-03-01,284.5346206937517,216,0,10,0.7107508532423208,1.5030471502086584E-5,1.5440348628022715,300.6077751432146,0.22255314129703985,"{""type"":""Point"",""coordinates"":[80.51374140248721,19.19568399113155]}"
2978,236.12890576568876,2025-03-01,285.10707814352855,978,0,30,0.5150454863540938,3.241848627908439E-4,13.868196096948134,295.42635540735154,0.14552505302081198,"{""type"":""Point"",""coordinates"":[82.6790434772428,18.62456043555188]}"
2979,312.9103867055188,2025-03-01,282.7914973213559,284,0,40,0.6823457544288333,1.8725959478160803E-5,1.3619905337004932,298.4124975204468,0.5160128968156976,"{""type"":""Point"",""coordinates"":[81.2951035089887,21.62846872811706]}"
2980,90.0,2025-03-01,284.4476194381714,148,0,40,0.2613996993485886,8.250292938782877E-5,1.4882074495289719,300.01873356955394,0.16714825656284973,"{""type"":""Point"",""coordinates"":[83.55869122043183,20.831353663954665]}"
2981,133.06527715728703,2025-03-01,283.9446258090791,213,0,30,0.2727572016460905,4.76789156778068E-5,2.714571113369942,300.1884868712652,0.22136221380959545,"{""type"":""Point"",""coordinates"":[83.35501419030606,20.82922539411936]}"
2982,195.19411660308901,2025-03-01,284.9989994139898,1170,0,30,0.45848864791596067,1.8462058704926676E-4,14.574169376889321,295.32021236419683,0.10743416888026873,"{""type"":""Point"",""coordinates"":[82.50570323709675,18.154756778952304]}"
2983,151.52619727125685,2025-03-01,282.22559097834994,543,0,10,0.5539422589903765,3.378790299279899E-4,1.0550045360986884,296.08059415363135,0.9720934391153189,"{""type"":""Point"",""coordinates"":[82.29489914375483,22.795965611272955]}"
2984,223.942865507769,2025-03-01,288.3548750650315,618,0,10,0.5131752305665349,3.098648468835563E-4,7.048904291160918,297.29666441962837,0.38247330536093455,"{""type"":""Point"",""coordinates"":[84.02662453491227,19.391856599318867]}"
2985,68.20712955205407,2025-03-01,284.0833383741833,260,0,30,0.29595494111623144,5.390760105683512E-5,3.742085082551781,298.6466167540777,0.6041645564432623,"{""type"":""Point"",""coordinates"":[82.78410298873396,21.10356459106061]}"
2986,312.723557833286,2025-03-01,280.3618679500761,637,0,40,0.31683168316831684,6.472584408356852E-5,0.6834924000021562,296.5431360063099,0.7552503062482526,"{""type"":""Point"",""coordinates"":[80.82014523599614,22.551702761781044]}"
2987,245.28865784073992,2025-03-01,282.4831302733648,480,0,40,0.31635211825260656,7.506724995209879E-5,1.1091758437560495,295.9848735900153,0.8919191195992194,"{""type"":""Point"",""coordinates"":[82.49552285896574,23.018466975213478]}"
2988,108.53411943441971,2025-03-01,284.54282846904937,582,0,10,0.403905822230334,6.675076166970939E-4,7.255559191616297,297.4184789657593,0.25663616632309,"{""type"":""Point"",""coordinates"":[83.91222330488117,20.162481059031652]}"
2989,340.0145498051671,2025-03-01,282.9019070125761,420,0,40,0.7514792899408284,2.5633987587525553E-4,1.4800567865560836,296.4548268545242,0.4624800987114999,"{""type"":""Point"",""coordinates"":[80.21938708512918,23.57301585728275]}"
2990,278.75466133755407,2025-03-01,280.389915057591,592,0,40,0.26636647038448213,2.1822270554139322E-4,3.044004717244937,296.73136261531283,0.7923064622050879,"{""type"":""Point"",""coordinates"":[80.7920603430841,22.48377071873041]}"
2991,244.92492545684536,2025-03-01,282.7074838819958,346,0,40,0.1940409683426443,1.5030471502086584E-5,3.2791393979601144,298.40106360117596,0.20656207267642143,"{""type"":""Point"",""coordinates"":[81.68776469666092,20.64101564149967]}"
2992,192.22387730558265,2025-03-01,278.8123539061773,961,0,30,0.3631910426871938,4.5558330219819254E-4,9.404687393567992,295.34081899552126,0.8938068171363841,"{""type"":""Point"",""coordinates"":[81.29217560413323,22.60556795627874]}"
2993,222.18881962960106,2025-03-01,289.92527475811187,821,0,10,0.2068518785087088,7.768672386987419E-4,24.645778790934237,297.22983964284265,0.6450372693481392,"{""type"":""Point"",""coordinates"":[84.04422813549033,18.97386510062081]}"
2994,18.611598272796023,2025-03-01,280.847928682963,422,0,10,0.6020100502512563,1.0175522965027994E-4,9.217042165161374,299.05576737721765,0.26510197032059346,"{""type"":""Point"",""coordinates"":[82.08770833756581,20.327592993825427]}"
2995,215.6595663862512,2025-03-01,284.8316642670404,210,0,10,0.30791229742612014,0.001009444562612316,1.7117917312159623,298.3648087183634,0.3087970114203564,"{""type"":""Point"",""coordinates"":[84.10047021121741,21.697675948103548]}"
2996,244.6081158819505,2025-03-01,287.7226554779779,225,0,40,0.273542600896861,1.669031063897819E-4,2.1619291377237095,298.486768586295,0.26823637036664205,"{""type"":""Point"",""coordinates"":[82.05150568706988,18.31894573547788]}"
2997,176.87811823771543,2025-03-01,280.4289891833351,736,0,10,0.5134536245647356,8.12749234853527E-4,9.20857775471643,295.19879309336346,0.9403812826502671,"{""type"":""Point"",""coordinates"":[82.43868790528977,23.545943885726725]}"
2998,-0.0,2025-03-01,283.86436167217437,246,0,40,0.2731192556450698,3.5340603989197916E-4,0.9274099368670311,298.25946203867596,0.5444371158718858,"{""type"":""Point"",""coordinates"":[82.29537234289558,21.923658079691236]}"
2999,100.55449016115203,2025-03-01,285.40774894896015,168,0,10,0.6792323509252913,0.0014132958332879753,2.5301228384498415,299.6483431770688,0.6001487320138589,"{""type"":""Point"",""coordinates"":[83.73934176596853,21.31170077243628]}"
