system:index,aspect_deg,date,dewpoint_k,elevation_m,fire_label,landcover,ndvi,precip_total_m,slope_deg,temp_mean_k,wind_speed,.geo
0,191.98555278093679,2025-04-01,286.6875455493019,222,0,10,0.18137847642079807,0.0021821133422363914,2.369051129465602,304.150924591791,0.8479516032138484,"{""type"":""Point"",""coordinates"":[80.30784277825452,19.59356286001993]}"
1,294.9218124982463,2025-04-01,287.06184800465905,239,0,40,0.158465500881117,0.025708170943211428,1.1004016448386111,301.6856565021333,0.38652541781263755,"{""type"":""Point"",""coordinates"":[82.7793533664545,21.674992188551304]}"
2,180.0,2025-04-01,284.3356575284685,598,0,10,0.6333253759847219,0.0020159951972473777,0.4637353428839794,302.00627127147857,0.7336651574456415,"{""type"":""Point"",""coordinates"":[81.57563564999846,19.663593829888608]}"
3,23.729615064571195,2025-04-01,284.1402694611322,469,0,10,0.26855241264559065,0.002951728515576235,8.547771674057154,303.33712250845764,0.36532281082654794,"{""type"":""Point"",""coordinates"":[80.5863872839881,20.49363888551103]}"
4,114.9668928953983,2025-04-01,285.58124555860246,277,0,40,0.16338861036122895,0.00642439942831885,1.098542247319582,302.7152905237107,0.4199566189373001,"{""type"":""Point"",""coordinates"":[81.58327670285573,21.37543284475325]}"
5,119.66334649773638,2025-04-01,288.0462869462512,878,0,10,0.23206954841825647,0.001462834291409365,5.604318425674495,299.33490780421664,0.7073024726784667,"{""type"":""Point"",""coordinates"":[82.62937853244603,18.334375352049523]}"
6,-0.0,2025-04-01,284.13810125986737,418,0,10,0.6563297086857296,0.00881414335245978,25.147489683916906,301.7190049489339,0.5994959686626087,"{""type"":""Point"",""coordinates"":[82.94571129888462,22.122134474614082]}"
7,294.9276293603165,2025-04-01,286.2283286594209,247,0,40,0.17496166178725778,0.021993758492421023,1.100161329214969,301.7060364314488,0.4438052855052672,"{""type"":""Point"",""coordinates"":[82.58962268522939,21.636599176590156]}"
8,90.0,2025-04-01,288.90856256939117,264,0,10,0.414126611957796,0.039947944097470156,0.4998689688263625,301.1527323949905,0.20005316658914543,"{""type"":""Point"",""coordinates"":[84.12588059473386,21.919054802639653]}"
9,270.0,2025-04-01,287.06184800465905,220,0,40,0.7485599799649386,0.025708170943211428,0.4992287750832021,301.6856565021333,0.38652541781263755,"{""type"":""Point"",""coordinates"":[82.79648924038757,21.736431215206398]}"
10,-0.0,2025-04-01,285.4030635924566,253,1,40,0.1582608695652174,0.011934073977421633,0.0,302.16189929417203,0.5937071160600965,"{""type"":""Point"",""coordinates"":[82.09976891930347,21.57851490684015]}"
11,129.16552351248296,2025-04-01,287.30172779446553,243,0,40,0.1862803075103489,0.034046890549610964,5.126254065758294,301.7665891193208,0.37553562735041685,"{""type"":""Point"",""coordinates"":[83.08379703323165,21.41742362021486]}"
12,90.0,2025-04-01,284.4807177498227,385,0,50,0.302652683528686,0.006007003002117983,0.9902314104757725,303.20573997497564,0.2827133812036347,"{""type"":""Point"",""coordinates"":[81.06788429359794,20.520320528574313]}"
13,180.0,2025-04-01,296.00016761961433,66,0,40,0.26647820264841543,0.0030971638488281883,0.4637353428839794,301.75796863010953,2.984135888093267,"{""type"":""Point"",""coordinates"":[83.71700897140516,18.324529036124495]}"
14,144.59826528343336,2025-04-01,284.468830426534,356,0,40,0.2237190812720848,0.0034062586354721702,1.7063030226769103,303.41586948576423,0.5165322184916441,"{""type"":""Point"",""coordinates"":[81.01341984578761,20.27627350280136]}"
15,180.0,2025-04-01,284.8979947680519,296,0,40,0.12427833485262837,0.0068400524186600364,0.463735342881014,302.6623236338297,0.5511321610144487,"{""type"":""Point"",""coordinates"":[81.83573568904838,21.484507646739]}"
16,252.55767151858382,2025-04-01,290.5995096025013,417,0,40,0.4432038112252494,0.02133487384791266,4.631276597480631,299.21969086783275,0.7538493726659382,"{""type"":""Point"",""coordinates"":[84.1780399326889,19.511352235177185]}"
17,57.37870413704651,2025-04-01,282.9879198982602,495,0,10,0.2779050736497545,0.012740346007298342,7.6956129134822895,300.2521848224458,0.8823922541703402,"{""type"":""Point"",""coordinates"":[81.40116366845749,22.40440407379605]}"
18,161.00457030668622,2025-04-01,286.25152783166794,494,0,10,0.2878897751994199,0.048774334006260744,10.665066394557721,299.8147603897822,0.6216380319237167,"{""type"":""Point"",""coordinates"":[84.18531387502028,22.435448138717536]}"
19,166.7446037132535,2025-04-01,285.3335416430519,571,0,30,0.30631758679567445,0.006010907106350771,4.279971621211488,301.89981433323453,1.1366672147442685,"{""type"":""Point"",""coordinates"":[81.99626402125826,19.379099400724613]}"
20,138.84145048124665,2025-04-01,288.92930870964415,612,0,30,0.4217006540977299,0.011985423378895632,34.52897826862508,299.4023603711809,0.6343306803342565,"{""type"":""Point"",""coordinates"":[83.11108703001278,18.676812277032127]}"
21,316.4223885871995,2025-04-01,282.95665827251617,799,0,40,0.2360928602715725,0.05339129488940131,5.1075655509991735,296.00849178859164,1.095026639816629,"{""type"":""Point"",""coordinates"":[83.97226822529997,23.13820547243014]}"
23,337.9294142579873,2025-04-01,286.51797825949535,409,0,10,0.3218356328734253,0.04516425948614966,3.9968247740897076,299.98989641098746,0.5664438398949543,"{""type"":""Point"",""coordinates"":[84.33204040566582,22.35052387237643]}"
24,-0.0,2025-04-01,280.6030147643316,383,0,40,0.3631247931148626,0.0023255221175659813,0.0,299.8711510612851,0.9586330667521827,"{""type"":""Point"",""coordinates"":[80.70495420199494,23.848827975078905]}"
25,90.0,2025-04-01,290.7743142900013,157,0,40,0.24934579439252336,0.026163222603749148,1.4908792862247169,302.0246341342018,0.4090772395637507,"{""type"":""Point"",""coordinates"":[84.04569938561201,21.099643930308662]}"
26,40.570145011947915,2025-04-01,288.28434149424237,207,0,40,0.19638315908448714,0.018982546739529482,3.0496390721045152,303.3206546420143,0.05808778636984693,"{""type"":""Point"",""coordinates"":[83.3560182723203,20.87453335303309]}"
27,262.4192360621491,2025-04-01,282.0169958841233,312,0,10,0.3067838505904971,0.0021214805173386253,3.5108571162707767,303.64581507728207,0.36441824213291674,"{""type"":""Point"",""coordinates"":[80.43157863923821,21.312559650079187]}"
28,144.3192202136255,2025-04-01,289.18048290979294,233,0,10,0.5388069275176395,0.034469412975262514,1.712246437949134,301.2399254753476,0.2369474551166713,"{""type"":""Point"",""coordinates"":[84.19583858642737,21.809409242433816]}"
29,214.55723872586952,2025-04-01,285.9584660757156,352,0,30,0.18091451292246521,0.042047771029423586,12.200366655089129,299.81964901515414,0.6717074206036568,"{""type"":""Point"",""coordinates"":[84.32086091717282,22.49152859116612]}"
30,207.964386708834,2025-04-01,284.337476957412,618,0,30,0.5263901979264844,0.00758309882159125,1.0499840550272865,302.13825834365116,0.7622507449185678,"{""type"":""Point"",""coordinates"":[82.29019031823832,19.648801394322987]}"
31,64.95577093954363,2025-04-01,288.0294993718465,163,0,10,0.2308605341246291,0.01962097208971869,1.0953685878702413,303.1387466249012,0.12972707590075397,"{""type"":""Point"",""coordinates"":[83.51124722536346,20.853101673858074]}"
32,346.71406742896255,2025-04-01,284.9188397271293,406,0,10,0.46715867158671587,0.002255203537892214,4.280507639396928,302.65530168442496,0.8095715816946283,"{""type"":""Point"",""coordinates"":[80.7992489156221,19.76368794305458]}"
33,47.212649307066755,2025-04-01,287.2312525340489,371,0,10,0.31642437364676773,0.04670702140803229,0.6826698880456886,300.37776029677616,0.5374113343548693,"{""type"":""Point"",""coordinates"":[83.86395232605338,22.24101597059364]}"
34,132.97811589104936,2025-04-01,290.84155759357265,126,0,80,0.07899255867200916,0.032263787798832766,0.680227045663058,301.8753247033982,0.3992669557592811,"{""type"":""Point"",""coordinates"":[83.90816940958463,21.282332775633925]}"
35,306.4986260657114,2025-04-01,280.94713678814117,677,0,10,0.6085282795380516,0.008452611379574648,3.1155720821123545,300.3186550140381,0.9279132292086747,"{""type"":""Point"",""coordinates"":[80.91533344545292,22.346081258489]}"
36,-0.0,2025-04-01,280.7385825656709,618,0,40,0.33577891905111273,0.007682578973721377,1.390963080774087,301.41505568368103,0.8776567499888167,"{""type"":""Point"",""coordinates"":[80.84119579937905,22.100575876003532]}"
37,107.01727657518346,2025-04-01,290.2984609603881,778,0,10,0.3933563260119804,0.006028430871914736,18.359727622141897,299.25411469595775,0.9919634916072703,"{""type"":""Point"",""coordinates"":[84.08285651957686,19.31997146483408]}"
38,164.7542598639517,2025-04-01,281.53577146076026,625,0,10,0.3780749940291378,0.027192088179539553,1.92192461582116,297.76619965689525,0.508356167503234,"{""type"":""Point"",""coordinates"":[83.49552769112643,23.471473243787983]}"
39,208.58318680974224,2025-04-01,281.8408716746739,560,0,40,0.14531104921077065,0.024876581840466372,1.0560997333393418,298.6917425791422,0.6285924350080382,"{""type"":""Point"",""coordinates"":[83.27662993995939,23.4069944599019]}"
40,60.972707776713136,2025-04-01,285.69879345666794,374,0,30,0.21423312883435583,0.04523231308932196,2.8648018087516287,300.06140054975236,0.7163068496970493,"{""type"":""Point"",""coordinates"":[83.77212257266703,22.348990583829]}"
41,12.240900479959508,2025-04-01,294.8287169592721,326,0,10,0.7019958706125258,0.001453059129666201,37.305979257179764,301.52376801627025,2.4240446431960856,"{""type"":""Point"",""coordinates"":[83.0535007756364,17.84062146727864]}"
42,133.42380995527787,2025-04-01,289.05585493360246,121,0,10,0.2071847768095323,0.0024244062232483543,0.6746162316612114,304.4526126498268,1.3836377680324543,"{""type"":""Point"",""coordinates"":[80.42218123836196,18.837244074526264]}"
43,133.04985090958795,2025-04-01,284.91836307162333,286,0,30,0.28857566765578635,0.014921399168919436,0.6793149043297971,302.7071931929815,0.2875932741957042,"{""type"":""Point"",""coordinates"":[82.00046567485974,20.909250519965944]}"
44,64.57577998691359,2025-04-01,290.5434560775757,140,0,30,0.28766404199475065,1.9134800906073224E-4,1.08006575396004,304.23371151515414,1.9017421991770909,"{""type"":""Point"",""coordinates"":[81.14045314464275,18.064451829659458]}"
45,76.78850221685234,2025-04-01,284.42226350875126,602,0,10,0.39105522839407925,0.005022930316876284,4.051454055643771,302.7344323112851,0.46897596856487633,"{""type"":""Point"",""coordinates"":[81.23646619940195,20.10966452650238]}"
46,270.0,2025-04-01,287.1863887877692,178,0,10,0.41294642857142855,0.006571071557949892,2.966433751966058,303.01102038792203,0.5077481325897027,"{""type"":""Point"",""coordinates"":[83.67244054448273,20.42142862858671]}"
47,104.89152644918096,2025-04-01,286.3610888435727,359,0,10,0.296137339055794,0.020184668116520754,3.6042944682086113,301.732432683309,0.4984611737703502,"{""type"":""Point"",""coordinates"":[82.4961515404054,21.452491138127584]}"
48,270.0,2025-04-01,284.9175027665638,631,0,10,0.6264402668283808,0.007108511738728396,1.4756650829051148,302.12124988010953,0.9291571010299201,"{""type"":""Point"",""coordinates"":[82.18113052088901,19.510781746239637]}"
49,167.75482024003892,2025-04-01,281.42862279074535,877,0,10,0.41322530057501305,0.03956508856291663,2.37135401788455,297.5085615430559,1.028587165529197,"{""type"":""Point"",""coordinates"":[81.69465571254227,22.850751953318564]}"
50,125.09905235533404,2025-04-01,284.765705426534,432,0,10,0.23030072325846973,0.00501121800417792,2.4181396504488597,303.3518174489339,0.3382584887990317,"{""type"":""Point"",""coordinates"":[81.22762373488781,20.437933278182893]}"
51,14.963326912680618,2025-04-01,288.34923639751617,161,0,40,0.18461070559610707,0.011684881858776919,1.9193713411293583,302.87780098688035,0.12412468524479499,"{""type"":""Point"",""coordinates"":[84.00795342833672,20.706107568830912]}"
52,285.52125395493175,2025-04-01,285.7408728372483,538,0,10,0.3189033189033189,0.024915309958409182,5.184822415359156,300.9706906818209,0.6209147038739649,"{""type"":""Point"",""coordinates"":[83.58770059051443,22.218738882569834]}"
53,36.01944428977645,2025-04-01,283.09027294885544,938,0,10,0.7025157232704402,0.06877953033919226,15.119754883617823,297.4768988291422,0.6837944374166638,"{""type"":""Point"",""coordinates"":[84.214623065154,23.518647729385368]}"
54,169.76446874912648,2025-04-01,283.73672825949535,560,0,10,0.2680095595766473,0.016522260718296877,2.8251784142436978,299.73837925138923,1.1418556788695748,"{""type"":""Point"",""coordinates"":[81.91188279610749,22.630119386118185]}"
55,194.9746283908705,2025-04-01,289.0606738045102,115,0,40,0.4051568402036459,0.01708421330923926,1.9194724918606578,303.1128851572672,0.17989433366580942,"{""type"":""Point"",""coordinates"":[83.91838443974041,20.825330385078345]}"
56,62.39425185270255,2025-04-01,282.2686990556263,427,0,10,0.5279634189236722,0.012385594062756411,3.996617459955748,299.46120988754996,0.844256466974063,"{""type"":""Point"",""coordinates"":[83.16020511928703,23.780117153050792]}"
57,320.3116445333412,2025-04-01,284.56001694997155,424,0,10,0.24059920513604402,0.0031032882260788597,5.407602876615843,303.65411004566016,0.46940101347812374,"{""type"":""Point"",""coordinates"":[80.92554917163359,20.40951977859816]}"
58,208.41022860782417,2025-04-01,283.46644133613216,405,0,10,0.2471151752667102,0.01521094363207709,5.25764207728334,300.8915193648566,0.8804574669328559,"{""type"":""Point"",""coordinates"":[83.3302833860981,22.43117068121874]}"
59,199.86841220906408,2025-04-01,282.85776388077517,616,0,30,0.2743575724439584,0.021331953220318667,4.429027670708833,298.98969296046664,1.1365983118582108,"{""type"":""Point"",""coordinates"":[81.9911746442327,22.71915580016442]}"
60,227.11794523312093,2025-04-01,286.94180638449535,214,0,40,0.1987753179463024,0.031092765145253054,3.4034221684522072,301.6846973782494,0.2742981611937566,"{""type"":""Point"",""coordinates"":[83.07209543397549,21.77098733309372]}"
61,162.63768945479458,2025-04-01,290.0151764551798,150,0,10,0.3243096913914456,4.3539922709356915E-4,17.420298609982463,304.159463700794,1.7966736419041291,"{""type"":""Point"",""coordinates"":[80.64984022635522,18.035195563769378]}"
62,50.622063730968726,2025-04-01,283.6422690891084,534,0,40,0.388881069669247,0.03266974013323676,5.827506804149539,299.00800932021366,0.9777467210708326,"{""type"":""Point"",""coordinates"":[83.56783334571998,22.577585921293796]}"
63,312.8905646727066,2025-04-01,287.8881826400757,211,0,40,0.641688654353562,0.038583519272755495,1.3624974935434886,301.7120701926096,0.16146368149785384,"{""type"":""Point"",""coordinates"":[83.2915205984059,21.727829935780427]}"
64,191.91879220583357,2025-04-01,289.59658572787333,298,0,10,0.47454052425429344,0.002213077955197207,4.728868175516893,303.8877875010172,1.4175527240825,"{""type"":""Point"",""coordinates"":[80.89165310094373,18.642859870010277]}"
65,-0.0,2025-04-01,285.2284449168614,558,0,40,0.6774193548387096,0.005103724412869326,0.0,302.2460115523565,1.1411211281388962,"{""type"":""Point"",""coordinates"":[82.24460160007358,19.295628849604956]}"
66,180.0,2025-04-01,283.98698983873635,583,0,10,0.5003160556257902,0.0010057411717880882,3.704791833694711,302.6198024749756,0.6586665809264615,"{""type"":""Point"",""coordinates"":[81.18978798722065,19.813267314346643]}"
67,11.942297967838286,2025-04-01,288.31199913933165,384,0,40,0.25461638491547467,0.0046346656608093895,2.368672613144958,302.68665631612146,1.2330358043664127,"{""type"":""Point"",""coordinates"":[81.40525733908613,18.98474492853491]}"
68,345.0895763039529,2025-04-01,283.063551176162,556,0,10,0.45451643791892754,0.003086420111607424,1.9188989790338518,302.73371151515414,0.35054820702616474,"{""type"":""Point"",""coordinates"":[81.97823107951885,20.13512724196761]}"
69,329.8120796130518,2025-04-01,293.0592670894804,519,0,10,0.751390505756047,0.021238254718731753,20.533528886322298,299.3739063626244,1.3723494567605434,"{""type"":""Point"",""coordinates"":[84.37043832975279,19.011050068303437]}"
70,277.10020685456027,2025-04-01,284.9851994741531,345,0,40,0.2639555443293761,0.012437271289776675,7.461201332307287,302.83611106872553,0.2372029523827607,"{""type"":""Point"",""coordinates"":[82.27238488711022,20.90043791951808]}"
71,73.65907717111703,2025-04-01,290.23113046373646,706,0,10,0.7847508945774841,0.02056271057600867,21.937077673507332,300.1671599433535,1.013258525549513,"{""type"":""Point"",""coordinates"":[83.45397984040159,19.53851635581546]}"
72,180.0,2025-04-01,281.57132298605785,778,0,40,0.30115146147032773,0.03646396320338141,2.7802885155287553,297.48586809067496,0.546112887249197,"{""type"":""Point"",""coordinates"":[83.70419937566115,23.41398547029341]}"
73,175.35767954539352,2025-04-01,292.932186081296,106,0,40,0.39290681502086233,0.011978419833134524,6.026214157319721,301.925321215675,0.9516111317880195,"{""type"":""Point"",""coordinates"":[83.33489953928685,18.681616570162458]}"
74,127.51887057135896,2025-04-01,287.1852552777245,875,0,10,0.43906562163823576,0.01588554900164496,25.568245180462437,300.1505002521333,0.6383456109740859,"{""type"":""Point"",""coordinates"":[84.0581240433191,20.20184044947274]}"
75,212.50901448605228,2025-04-01,286.1385604767573,332,0,10,0.3605038903297518,0.001789721064518801,2.7474574629444932,303.714383715675,0.7994466649653251,"{""type"":""Point"",""coordinates"":[80.62893811630845,19.69750974154963]}"
76,33.05477674839384,2025-04-01,281.5543668383644,1098,0,40,0.20930232558139536,0.032369854264210574,2.7643373299900422,296.35273006984164,0.9723148456658064,"{""type"":""Point"",""coordinates"":[83.26079677880003,22.782084672769116]}"
77,180.0,2025-04-01,279.98278131939117,426,0,40,0.38127467569091933,0.002583371810864321,2.3174627380815918,300.05593645005,1.1619367319139453,"{""type"":""Point"",""coordinates"":[80.32383140339,23.69916185692228]}"
78,145.86442843458016,2025-04-01,290.2984609603881,732,0,10,0.28534499900576654,0.006028430871914736,26.05545146062221,299.25411469595775,0.9919634916072703,"{""type"":""Point"",""coordinates"":[84.13818717466492,19.262783934769097]}"
79,132.96838935000252,2025-04-01,285.66007391611737,281,0,40,0.12858052196053468,0.009543629698704592,0.6803509935341998,302.54633358546664,0.3806232974265456,"{""type"":""Point"",""coordinates"":[81.71144535747308,21.332564379670018]}"
81,227.45542895915457,2025-04-01,282.2794412431263,535,0,40,0.17491338722572622,0.025640117340039126,0.685815330582114,298.80047235034766,0.7840005263947961,"{""type"":""Point"",""coordinates"":[82.96136055301325,23.39871213457204]}"
82,110.77716897366923,2025-04-01,292.95393784840905,133,0,30,0.3798900743614614,0.006658869199704043,2.6127938570856704,302.1688863663447,1.0310902875311379,"{""type"":""Point"",""coordinates"":[83.30125217920695,18.4643242009893]}"
83,113.39187236229576,2025-04-01,285.69600327809655,323,0,30,0.2708333333333333,0.020356672220181338,6.973791686310186,303.3284787677583,0.10161071153541086,"{""type"":""Point"",""coordinates"":[82.55176832100838,20.4072970769962]}"
84,298.8926154327627,2025-04-01,280.68033177512035,536,0,10,0.4251794588625069,0.013917478136967532,2.8769755407688633,298.95432163420173,0.6970532385736431,"{""type"":""Point"",""coordinates"":[81.41161873291463,23.10812461128222]}"
85,98.1121127553387,2025-04-01,288.41410223642987,836,0,10,0.2796789184621884,0.008618222885083071,32.24960112978796,299.4135617755708,0.687941653716659,"{""type"":""Point"",""coordinates"":[83.09017807596624,18.92817472857105]}"
86,221.00284513972522,2025-04-01,280.4771718978882,745,0,30,0.22743682310469315,0.005718695335339419,3.069536469877778,299.07868221827914,0.9142002696683551,"{""type"":""Point"",""coordinates"":[80.99635636854705,23.043975561555815]}"
87,53.67602981073527,2025-04-01,279.5908309845697,813,0,40,0.18985976267529667,0.009262087159108034,6.238355704043399,299.08173397609164,0.9549627879658853,"{""type"":""Point"",""coordinates"":[80.80611795332321,23.216784531424686]}"
88,60.49392226568979,2025-04-01,285.44938055674237,702,0,10,0.5244334277620396,0.0030107669162262596,2.822469110637584,301.550315402803,0.9409303000042055,"{""type"":""Point"",""coordinates"":[81.06966489655063,19.40613621569585]}"
89,303.13765219514073,2025-04-01,282.0697244462513,328,0,10,0.35714285714285715,0.013353647999714724,4.233961794879819,299.3431155795143,0.8761830829656277,"{""type"":""Point"",""coordinates"":[83.98640124956682,23.941644208638298]}"
90,-0.0,2025-04-01,283.79986767541794,278,0,40,0.3600520494469746,0.004752161316822878,0.4637353428839794,302.9596985408238,0.5170028181201562,"{""type"":""Point"",""coordinates"":[81.42786350383939,21.635115388149014]}"
91,197.65310142253873,2025-04-01,289.3966054916382,413,0,10,0.30783732830595206,0.020415829830120913,4.854970770066585,300.94140543256486,0.8249948127733345,"{""type"":""Point"",""coordinates"":[83.34621975532852,19.49247010617396]}"
92,246.85032284254868,2025-04-01,288.5531112580073,1101,0,30,0.028881158482323435,0.016733633689831606,10.497435382540415,297.1131874266125,1.0022280377574788,"{""type"":""Point"",""coordinates"":[82.86107612809927,18.17010052840343]}"
93,122.75011792253434,2025-04-01,288.6815176010132,621,0,10,0.29141779314680916,0.023649307303379885,30.263712722659683,298.9902044932047,0.551651435520402,"{""type"":""Point"",""coordinates"":[84.23341653767646,19.932300199324203]}"
94,261.2891409939277,2025-04-01,279.79161921001617,515,0,40,0.3188622754491018,0.00820061784262549,6.100984184575595,300.1515116918655,1.0532734621668804,"{""type"":""Point"",""coordinates"":[80.34877399347813,23.17682373764623]}"
95,187.37505420176618,2025-04-01,286.9460090909686,890,0,30,0.554796647004036,0.0014321378993500389,21.796903167378776,299.4452012379964,0.734405889300136,"{""type"":""Point"",""coordinates"":[82.80239767000322,18.910225088979274]}"
96,39.34052520924372,2025-04-01,281.24806335994174,426,0,40,0.37262569832402237,0.0054548255729187645,4.78584135661186,299.33823857988625,0.723005112807235,"{""type"":""Point"",""coordinates"":[80.98828935912644,23.793972018346576]}"
97,226.95502289259508,2025-04-01,290.34069147564117,119,0,40,0.12946005683612252,0.019513281397770754,0.6793767656401161,302.6602949414934,0.4449578334262933,"{""type"":""Point"",""coordinates"":[84.17479736379588,20.93566091618531]}"
98,115.24707603361149,2025-04-01,285.0568605604626,597,0,10,0.4662309368191721,0.005885722451161257,2.1734980393701395,302.06628336225236,1.0997121472326168,"{""type"":""Point"",""coordinates"":[82.08261039620086,19.414680113546968]}"
99,133.1277835216754,2025-04-01,284.3264499391828,364,0,40,0.23818634015687776,0.00808346491331946,2.7114126331804447,302.89017077854703,0.14646387776034794,"{""type"":""Point"",""coordinates"":[81.56989027498891,20.496202255162384]}"
100,208.21706832427617,2025-04-01,289.2953975768317,198,0,40,0.5264483627204031,0.034503104500721804,2.104206133635612,302.2412508101691,0.3033406640137857,"{""type"":""Point"",""coordinates"":[83.5118638734077,21.278214646951078]}"
101,64.96365392096513,2025-04-01,287.56619603293285,212,1,10,0.24514149335151722,0.018778534941624514,2.1905814911303545,303.34307488941016,0.00672730143650601,"{""type"":""Point"",""coordinates"":[83.2517561259881,20.906925143329342]}"
102,340.0372639533487,2025-04-01,281.42366441090905,603,0,10,0.35653050932929903,0.021310301833104006,1.4798436380532711,298.5874829065232,0.9848413212055845,"{""type"":""Point"",""coordinates"":[82.09849907048682,23.41028261068139]}"
103,6.245845463128959,2025-04-01,286.54104954855785,639,0,10,0.3293691080493111,0.01866539042467963,17.61705888280423,300.606223605928,0.48935362946298083,"{""type"":""Point"",""coordinates"":[84.14374882773092,20.424206865001157]}"
104,270.0,2025-04-01,284.6372293290638,255,0,40,0.2527112748107223,0.014630379490803591,0.49952281307925633,302.6672180720738,0.7436094016449072,"{""type"":""Point"",""coordinates"":[81.80506045810117,21.820674833341354]}"
105,129.81293627720007,2025-04-01,280.3061572029477,776,0,10,0.5359430604982206,0.008448409252117983,6.490628734887211,300.12880661374044,0.9132411872129002,"{""type"":""Point"",""coordinates"":[80.99957497707089,22.154262259277427]}"
106,110.70405605031549,2025-04-01,288.1578940891085,300,0,10,0.14882697947214077,0.0033799133824814476,2.621600955042741,303.5905462900797,0.9670814031410936,"{""type"":""Point"",""coordinates"":[80.65988908766909,19.11286659616076]}"
107,72.97539991947777,2025-04-01,281.69412572043285,556,0,40,0.20150358810798497,0.013008939437817446,3.16463008592059,298.7932004474459,0.920558293672452,"{""type"":""Point"",""coordinates"":[81.95868431416002,23.277964346457686]}"
108,90.0,2025-04-01,284.3765685217721,312,0,40,0.22801616317106022,0.005553575568150393,0.49728680946037934,302.7792553674607,0.03864933885246965,"{""type"":""Point"",""coordinates"":[80.97278998860678,21.167324553394202]}"
109,180.0,2025-04-01,283.73521109989707,600,0,10,0.4265975820379965,0.040232437066983096,2.7802885155287553,297.82751964387444,1.0750223568565749,"{""type"":""Point"",""coordinates"":[83.83733286401515,22.922865505352682]}"
110,180.0,2025-04-01,280.1379210608346,383,0,30,0.07491082045184304,0.002282979302357546,0.463735342881014,299.61340250287736,1.2684280709247266,"{""type"":""Point"",""coordinates"":[80.53616893761205,24.005642286755233]}"
111,226.6184001061506,2025-04-01,286.2638511203584,598,0,30,0.4920828258221681,9.551368283737816E-4,0.6751418933006753,301.36059488568986,1.033254035353514,"{""type"":""Point"",""coordinates"":[82.505101430897,19.083422889786327]}"
112,211.2567210183845,2025-04-01,282.4122711817423,471,0,30,0.2806015037593985,0.023493158035229555,4.870615678507572,298.85077113196957,0.6231691557731404,"{""type"":""Point"",""coordinates"":[81.86334398748596,23.75393298846425]}"
113,90.0,2025-04-01,284.4356563658941,297,0,10,0.3550531914893617,0.01315953057284247,4.991634741109782,302.1238540467762,0.45435315560026773,"{""type"":""Point"",""coordinates"":[83.37143470461795,22.07445501287679]}"
114,17.300261857074336,2025-04-01,291.72277155376617,285,0,10,0.38945362134688694,0.015118914060543887,8.200770940093696,301.28842226664227,1.08459135426043,"{""type"":""Point"",""coordinates"":[83.38130766460404,19.215310335243892]}"
115,-0.0,2025-04-01,283.941248348781,370,0,10,0.28268225161488775,0.0022040925549973167,0.4637353428839794,303.956809543428,0.38087474935251453,"{""type"":""Point"",""coordinates"":[80.4384993359422,20.643177727243852]}"
116,313.3691017951939,2025-04-01,286.5287320727394,563,0,30,0.3303471444568869,0.006416680626820437,2.0251433520361797,301.5677307673863,1.303108846591707,"{""type"":""Point"",""coordinates"":[81.72368920311067,19.155358190487746]}"
117,152.2575816617755,2025-04-01,289.0172632762364,303,0,10,0.4498186215235792,5.123339223374046E-4,1.047837215917743,303.97521309625535,1.702126328504647,"{""type"":""Point"",""coordinates"":[80.29901668312742,18.07569127818222]}"
119,90.0,2025-04-01,281.66058544885544,558,0,10,0.3668085106382979,0.018219115548085085,5.536603579852052,298.73354294186544,1.0334069056181603,"{""type"":""Point"",""coordinates"":[82.19208899131372,23.29384541012789]}"
120,15.230497163067566,2025-04-01,281.5471472513108,502,0,10,0.29118370214260625,0.015327664427708498,1.9217854404063888,299.214866184053,0.7276241960604849,"{""type"":""Point"",""coordinates"":[81.23461448261806,23.332018276227885]}"
121,234.98762739783598,2025-04-01,290.5084393365043,148,0,40,0.25840813883901853,0.014477121047924868,2.42335282391639,302.5266221364339,0.6688097865007101,"{""type"":""Point"",""coordinates"":[84.36416722307736,20.926992372284584]}"
122,162.68841483887485,2025-04-01,281.58577378590905,748,0,10,0.3255022131426626,0.01971666734690558,22.55890588989809,298.5218904586066,0.6090985406634659,"{""type"":""Point"",""coordinates"":[83.4263093989241,23.555685196774856]}"
123,136.30099776361433,2025-04-01,287.11715166909363,286,0,30,0.2804482453553524,0.039959865026425234,5.753514163241757,301.56434186299646,0.3455526009430387,"{""type"":""Point"",""coordinates"":[83.24437519067341,21.533647217824704]}"
124,252.79835774074968,2025-04-01,280.83566915421255,514,0,10,0.2451888809693514,0.0032642058658112205,10.845352895734534,302.607461747669,0.6674156661260578,"{""type"":""Point"",""coordinates"":[80.9736308878632,21.75931147215845]}"
125,35.61348428890726,2025-04-01,282.25167896634053,308,0,40,0.26214073339940536,6.557128953446067E-4,1.7108056054933791,303.20698392958866,0.44657365675597255,"{""type"":""Point"",""coordinates"":[80.49490146196558,21.451489816179613]}"
126,294.9643124104819,2025-04-01,286.19333516983755,307,0,10,0.28073394495412846,0.013751345090817324,3.2927197869671803,302.11933744521366,0.5459691502294272,"{""type"":""Point"",""coordinates"":[82.40253240207956,21.393316975449654]}"
127,294.6224532366546,2025-04-01,280.11082726433165,423,0,40,0.2574416733708769,0.004935087971638552,3.335431604447295,299.84591738382977,0.8957848544336241,"{""type"":""Point"",""coordinates"":[80.59185881739474,23.56369894802969]}"
128,146.03464931256173,2025-04-01,291.19103327251617,899,0,10,0.4895833333333333,0.020543204956005923,17.851016922039392,298.7819002242316,0.9330561192895769,"{""type"":""Point"",""coordinates"":[84.21954623396724,19.147006305134624]}"
129,320.6889208103073,2025-04-01,282.18383112407867,499,0,10,0.34365411436541143,0.023075702004383913,2.3960939735387594,298.9650696345738,0.8177099130226165,"{""type"":""Point"",""coordinates"":[83.72482237470429,23.657912125323993]}"
130,204.7622883511596,2025-04-01,280.35636297861737,668,0,10,0.5443819204937376,5.975238608826317E-4,7.113070598291532,302.3853577205113,0.5673730423111056,"{""type"":""Point"",""coordinates"":[80.50111536698411,21.70166084326091]}"
131,208.17607425760463,2025-04-01,290.35204401470367,158,0,10,0.43587259295143516,0.022383960299443117,1.0520544058567685,302.2647813161214,0.4136109772803,"{""type"":""Point"",""coordinates"":[84.09366859791983,21.023503638994967]}"
132,246.76577846452756,2025-04-01,289.67953541165303,453,0,10,0.30461644070705335,6.308726596344627E-4,25.26252308472079,303.1951256706601,2.0025393468846207,"{""type"":""Point"",""coordinates"":[80.2867389781001,17.83503147687602]}"
133,270.0,2025-04-01,283.23807684580487,655,0,40,0.5960912052117264,0.003857093267392031,0.4930424403927232,302.0534717923119,0.5927837977704343,"{""type"":""Point"",""coordinates"":[82.05017541261796,19.854633390799833]}"
134,-0.0,2025-04-01,287.65562125614707,244,0,40,0.21821210438645197,0.007958935909222475,0.9274099368611016,303.4241702670143,0.47285370373884705,"{""type"":""Point"",""coordinates"":[83.18324854260715,20.524263620518102]}"
135,187.60492759301073,2025-04-01,287.7336474373227,274,0,10,0.3765106910443136,0.013117643408726565,3.7375749748774774,303.31599853152323,0.3080250187103367,"{""type"":""Point"",""coordinates"":[83.18521638086871,20.574969403081436]}"
136,152.02309537860688,2025-04-01,285.19918873196553,301,0,40,0.27735368956743,0.0074423722552765526,2.0995067104412612,302.77926118033275,0.49876098708810823,"{""type"":""Point"",""coordinates"":[82.62432761767037,19.73312391572858]}"
137,133.46916379960865,2025-04-01,287.4089869090489,896,0,40,0.29393109413291046,0.013482498340557925,2.021412407346553,298.12778354826423,0.6393266509189504,"{""type"":""Point"",""coordinates"":[82.92922152214646,18.568269657202524]}"
138,90.0,2025-04-01,283.55433777400424,353,0,10,0.30910806984426614,0.0158173910903443,0.5018202971312201,300.10291608174646,1.1384475442312074,"{""type"":""Point"",""coordinates"":[82.44665995556133,22.466187760163045]}"
139,208.34966906936108,2025-04-01,287.09536502474833,452,0,10,0.2803939673745768,0.039462061934422366,5.254657521078098,300.9467474619547,0.45454799263698087,"{""type"":""Point"",""coordinates"":[83.77461477013247,22.07740549136677]}"
140,227.37542571933145,2025-04-01,279.74030898866204,669,0,40,0.19084689785326728,0.005377279930065981,2.053540822410193,299.71297700064525,1.0405364080379347,"{""type"":""Point"",""coordinates"":[80.84213356781424,23.024026143415554]}"
141,270.0,2025-04-01,284.82299128032867,366,0,10,0.25856110587496073,0.0035398475455750145,2.963337843222495,303.6000270843506,0.5845438667827413,"{""type"":""Point"",""coordinates"":[80.84204070794517,20.26028075344491]}"
142,234.63520165106848,2025-04-01,286.5828615370251,598,0,50,0.39089481946624804,0.0013279042767990745,2.402329760396275,300.4116725921631,0.9429119833730493,"{""type"":""Point"",""coordinates"":[82.57924905565004,18.858598349430206]}"
143,215.43878060435964,2025-04-01,284.3918214979626,361,0,40,0.3057929724596391,0.008103551678608767,1.7070873643549227,303.0088870638893,0.1528711689575771,"{""type"":""Point"",""coordinates"":[81.51524491577177,20.487084601124796]}"
144,297.27319878440994,2025-04-01,282.84374323345367,686,0,10,0.5876375952582558,0.021718534045170657,9.03266939720826,298.5871283213297,0.7079948496753417,"{""type"":""Point"",""coordinates"":[83.00488776397964,23.57679018175535]}"
145,332.0384048886234,2025-04-01,284.58274527958457,645,0,40,0.7825763216679077,0.006348865442227236,1.0499569026826001,302.0190421513149,0.8972894983588522,"{""type"":""Point"",""coordinates"":[82.06924045439715,19.629422746519722]}"
146,139.79666175256355,2025-04-01,279.74030898866204,658,0,40,0.16745506149479658,0.005377279930065981,5.448217638740137,299.71297700064525,1.0405364080379347,"{""type"":""Point"",""coordinates"":[80.83357314263156,23.03542185183192]}"
147,133.42437762313037,2025-04-01,288.2816559473673,511,0,10,0.40523723100855585,0.002958895974110476,3.3693125448752497,301.839866184053,1.33962217052215,"{""type"":""Point"",""coordinates"":[81.25259978074703,18.833466762852957]}"
148,305.20357076095195,2025-04-01,284.3399648666381,399,0,10,0.3488110313775151,0.001699062399815432,7.201780299887208,302.2611250196184,0.7288832583383971,"{""type"":""Point"",""coordinates"":[80.98355623415753,19.832897580445202]}"
149,-0.0,2025-04-01,283.2934560775757,306,0,40,0.19359019677153294,0.006962152533482424,0.0,302.2558643704369,0.728606542720517,"{""type"":""Point"",""coordinates"":[81.3735711820377,21.899637820514293]}"
150,83.35251980229528,2025-04-01,292.4130152293614,299,0,30,0.2732474964234621,0.01308614235396277,48.20688384600896,301.68128522237146,0.9158842838733208,"{""type"":""Point"",""coordinates"":[83.2522207573774,18.751783738073755]}"
151,83.48453276904281,2025-04-01,281.71802243732265,332,0,30,0.3010538308174309,0.01026101630206,4.07998177688019,299.62781842549646,1.1374691231883194,"{""type"":""Point"",""coordinates"":[83.39640542291252,23.982019223120147]}"
152,46.547001027442185,2025-04-01,287.47582331157867,863,0,40,0.44267726971504306,0.004804971032093874,0.6742534195040529,299.2975019727434,0.7263342643451641,"{""type"":""Point"",""coordinates"":[82.84438062249181,18.664871010589245]}"
153,199.79323941663498,2025-04-01,283.8978726977394,271,0,40,0.6938369781312127,0.007348941974591128,1.4782623518536648,302.13892101106194,0.8217876605774095,"{""type"":""Point"",""coordinates"":[82.24852312970887,22.14805751362851]}"
154,237.8946322016739,2025-04-01,288.80023969922746,281,0,40,0.326906719591721,0.010335611514996401,1.744577185730603,300.76123546418694,0.9577360491329007,"{""type"":""Point"",""coordinates"":[83.70710388985813,19.755654023049626]}"
155,90.0,2025-04-01,283.430017880031,378,0,30,0.2865928659286593,0.011393415145825259,0.5011080133867762,301.16718319484164,0.8598956831149273,"{""type"":""Point"",""coordinates"":[81.40878618265697,22.268368770848756]}"
156,112.01270334517386,2025-04-01,291.02365162259053,310,0,30,0.3195611910528565,0.008986698799084536,3.7066433935776035,300.69417817252025,0.9753668058622544,"{""type"":""Point"",""coordinates"":[83.73330805018524,19.38203695074062]}"
157,180.0,2025-04-01,281.42862279074535,914,0,40,0.26288372093023255,0.03956508856291663,2.3174627380815918,297.5085615430559,1.028587165529197,"{""type"":""Point"",""coordinates"":[81.72187030005153,22.891988987572237]}"
158,83.41665902922382,2025-04-01,282.8154403595697,502,0,10,0.3452588714368819,0.017341928892086855,4.03823917858686,298.98171188717794,0.9936873835963052,"{""type"":""Point"",""coordinates"":[82.90100838240252,22.590737224127647]}"
159,143.73666925822616,2025-04-01,286.4557049615043,667,0,10,0.21705426356589147,0.0011534712838638939,14.627531008553683,301.0299877893357,0.7836677129668247,"{""type"":""Point"",""coordinates"":[82.82036366494243,19.312180744915537]}"
160,97.61418422833518,2025-04-01,284.6993514923822,420,0,10,0.24135250680139914,0.008104699068020693,3.49557550514818,302.8048610687256,0.13679491847623157,"{""type"":""Point"",""coordinates"":[81.94552267580951,20.648055098335718]}"
161,38.94097592697457,2025-04-01,280.6312536966233,655,0,10,0.5678100263852243,0.004999937825154177,4.758881241242786,301.8046169281006,0.7687874097685651,"{""type"":""Point"",""coordinates"":[80.91382639308375,21.855470929685634]}"
162,90.0,2025-04-01,290.3114876065935,147,0,40,0.5991339313331271,0.028819414191197268,0.4970130109235341,302.2992574600947,0.3841954586124549,"{""type"":""Point"",""coordinates"":[83.7722580267989,21.08542450587278]}"
163,185.27815089766523,2025-04-01,292.471765926906,254,0,10,0.29615147149619264,0.03364213030810248,20.5009779832527,300.4546820322672,0.43767841281200304,"{""type"":""Point"",""coordinates"":[84.38265022240995,19.735001513755485]}"
164,270.0,2025-04-01,290.84155759357265,140,0,40,0.782,0.032263787798832766,2.487248158286202,301.8753247033982,0.3992669557592811,"{""type"":""Point"",""coordinates"":[83.92706768332087,21.305321944094672]}"
165,284.8377384083053,2025-04-01,280.2563525154477,587,0,40,0.670906200317965,0.003845157437275759,3.617031504891832,301.51891426813035,0.7747526013879883,"{""type"":""Point"",""coordinates"":[80.60068331336525,21.996232070932027]}"
166,19.18825601182603,2025-04-01,279.86277457645957,841,0,10,0.5174934725848565,0.008396761827420107,12.092803984312518,299.09919003077914,0.9455931234101649,"{""type"":""Point"",""coordinates"":[80.90058299720774,23.143800163164812]}"
167,313.09038941502575,2025-04-01,284.89705889565596,367,0,10,0.26595744680851063,0.011982145123432986,1.3574114840114893,302.7684376126244,0.18983653875835282,"{""type"":""Point"",""coordinates"":[81.83673972405872,20.69614898212694]}"
168,190.1021437532146,2025-04-01,287.6439606348673,126,0,30,0.2305007383541415,0.012155341319989077,2.824000844574476,303.61593110220775,0.18746996104083266,"{""type"":""Point"",""coordinates"":[83.71658666073394,20.697364334714194]}"
169,347.84868613836335,2025-04-01,289.347248395284,219,0,40,0.18937071105270842,0.030670585446308962,2.3705153003531265,301.3818176814488,0.2379274361182088,"{""type"":""Point"",""coordinates"":[84.22829552312777,21.74254259185851]}"
170,260.53887307016794,2025-04-01,287.4081266039894,814,0,10,0.5375626043405676,0.0035725257920731224,8.402853224479252,301.98660051255,1.006520969561986,"{""type"":""Point"",""coordinates"":[81.03789080994724,19.20915133819541]}"
171,84.20182457676341,2025-04-01,281.8164924894061,410,0,30,0.2202517162471396,0.01554481904978644,17.76918996892342,298.8530439649309,0.6139377630393665,"{""type"":""Point"",""coordinates"":[81.96708988895372,23.95045959318268]}"
172,138.41703223117347,2025-04-01,281.9166715258644,1029,0,10,0.599883347914844,0.05101500671381842,16.286290749042497,296.8688549768357,0.8454680353671935,"{""type"":""Point"",""coordinates"":[83.901106932543,23.321706594886916]}"
173,276.6825447204191,2025-04-01,287.2407507669358,646,0,10,0.4057628719886632,0.020593749694775454,7.919492721041346,300.14733804975236,0.5027547064508541,"{""type"":""Point"",""coordinates"":[84.2597568458235,20.39501029891326]}"
174,256.8579893782686,2025-04-01,287.56619603293285,184,0,10,0.485373473445044,0.018778534941624514,2.038787546295524,303.34307488941016,0.00672730143650601,"{""type"":""Point"",""coordinates"":[83.28978523456816,20.945369101126342]}"
175,245.0728760427515,2025-04-01,285.2026008878435,264,0,40,0.5139442231075697,0.01063609343047034,1.1001822046387975,302.1911147889637,0.5959108218821404,"{""type"":""Point"",""coordinates"":[82.00662381938635,21.640367757132744]}"
176,28.556514444609654,2025-04-01,282.4071849187215,865,0,40,0.3934799090219864,0.05944597940916907,3.1646328728392397,296.7641360873268,0.8785640492792568,"{""type"":""Point"",""coordinates"":[83.96609932983293,23.25930172107805]}"
177,65.11953708351844,2025-04-01,288.2668098722185,293,0,10,0.5152553993829276,0.03211695175642859,2.2034116357713756,301.61590785071957,0.28029780273749993,"{""type"":""Point"",""coordinates"":[83.63170370277328,21.945520919258254]}"
178,64.75050788742689,2025-04-01,287.53566101619174,220,0,10,0.23293172690763053,0.002904104404400698,2.173303886680942,304.1023057301839,0.9214919640117888,"{""type"":""Point"",""coordinates"":[80.44324385956355,19.396696725447285]}"
179,90.0,2025-04-01,286.61557056790303,308,0,10,0.3790030632135895,0.001811551265667788,1.4744236633881764,302.1079674675351,0.7777213686100776,"{""type"":""Point"",""coordinates"":[82.73084141725876,19.374668369376373]}"
180,313.59412405771394,2025-04-01,289.67953541165303,313,0,40,0.1333152321477057,6.308726596344627E-4,2.016780961381143,303.1951256706601,2.0025393468846207,"{""type"":""Point"",""coordinates"":[80.34842504960383,17.807022669060636]}"
181,143.91553944683275,2025-04-01,281.7676818030221,424,0,40,0.2938298450665942,0.025412442498158327,3.438881439364643,299.1716067904518,0.6420709913768915,"{""type"":""Point"",""coordinates"":[81.65639515026062,23.830376615528603]}"
182,155.47378089145596,2025-04-01,285.74835981641496,411,0,20,0.23466764597869996,0.012295903973530642,3.5635670147310448,303.5850996289934,0.11610039516340415,"{""type"":""Point"",""coordinates"":[82.51629320797062,20.069907886155537]}"
183,90.0,2025-04-01,283.94207958948044,340,0,40,0.2592239942870745,0.013034971766423098,1.003270263463007,301.5684631892613,0.915885038317735,"{""type"":""Point"",""coordinates"":[82.99636128313921,22.42620083427659]}"
184,289.02107504909384,2025-04-01,280.1418098722186,879,0,10,0.39866793529971456,0.011738421730946413,4.260825435567123,298.5699280330113,0.8584912956732206,"{""type"":""Point"",""coordinates"":[80.98092976458739,23.175235751441047]}"
185,90.0,2025-04-01,285.67923314230785,316,0,40,0.2874037920030036,0.01780157011027228,2.9734033040846533,302.10851969037736,0.19216850802628124,"{""type"":""Point"",""coordinates"":[82.84494745646407,20.780145086292656]}"
186,28.384704788117002,2025-04-01,280.8088834399269,705,0,40,0.189453125,0.00982497852320563,1.0541169648953777,299.9873968760172,0.9397410634618469,"{""type"":""Point"",""coordinates"":[80.95316430418,22.282880023479997]}"
187,120.34803138801858,2025-04-01,287.65562125614707,234,0,10,0.27768115942028987,0.007958935909222475,4.5794794416428335,303.4241702670143,0.47285370373884705,"{""type"":""Point"",""coordinates"":[83.15190084554936,20.485130171621233]}"
188,107.41917313126791,2025-04-01,288.57093933650424,518,0,40,0.2959926088462871,0.009563239626835696,1.5487452129174515,298.8919204530262,0.785789784285886,"{""type"":""Point"",""coordinates"":[83.99946036425835,19.73865402609173]}"
189,199.45099650899803,2025-04-01,286.55242533910837,492,0,40,0.3437094682230869,0.004751580171536318,1.4751189998624321,301.57512474060064,1.2157549403193966,"{""type"":""Point"",""coordinates"":[81.56726283051927,19.28790456498654]}"
190,270.0,2025-04-01,288.7142440705072,577,0,10,0.4000612182430364,0.00107696872229468,2.9310018714748356,302.74660446530294,1.670767990797205,"{""type"":""Point"",""coordinates"":[81.3995587796012,18.468766441067867]}"
192,172.46708639315148,2025-04-01,286.364576566787,595,0,10,0.30065951118582696,0.004921319298695437,3.736952583652613,302.2941479455857,1.3866732104363193,"{""type"":""Point"",""coordinates"":[81.97979969124339,19.043344425263797]}"
193,-0.0,2025-04-01,280.6809595652989,457,0,40,0.28536585365853656,0.002960922532032839,0.463735342881014,301.2564282190232,1.0864203706224052,"{""type"":""Point"",""coordinates"":[80.41125475879474,22.624384524155495]}"
194,342.6800739199146,2025-04-01,281.6286611557007,570,0,10,0.39282120093928213,0.021245630793522707,3.396417706996944,298.78165027073453,0.768133955876338,"{""type"":""Point"",""coordinates"":[81.7404071929493,23.623438002826436]}"
195,256.826669320564,2025-04-01,285.9656972885131,401,0,10,0.29867788461538464,0.016721697859715334,2.0340296727316223,302.6567258380708,0.0484138602391946,"{""type"":""Point"",""coordinates"":[82.25759650291064,20.572548886152795]}"
196,332.2179296853123,2025-04-01,290.2088380995251,181,0,10,0.30843303180624454,3.5791318888556134E-4,2.0957366372136432,304.6688805534726,1.6552965132680997,"{""type"":""Point"",""coordinates"":[80.97981559723,18.367091206357433]}"
197,19.777441967060913,2025-04-01,279.48411246708457,606,0,10,0.42378241619228335,0.0018635563182343162,2.9542667419414363,301.23211878821957,0.7833637910654482,"{""type"":""Point"",""coordinates"":[80.37076943994961,22.026266449251672]}"
198,290.4330152344304,2025-04-01,285.6617654618763,327,0,10,0.27503090234857847,0.013126211576413027,2.65481245739051,302.32332856314525,0.5660493575192574,"{""type"":""Point"",""coordinates"":[82.45994708805196,21.34877137911964]}"
199,-0.0,2025-04-01,283.6594345001948,519,0,40,0.252169600793454,0.03813302736754309,1.3909630807829783,298.4295064835322,1.0231780904108205,"{""type"":""Point"",""coordinates"":[83.7890166162113,22.847589815664943]}"
200,-0.0,2025-04-01,285.2223297754923,358,0,30,0.2449874686716792,0.010087194256733767,0.9274099368670311,303.01430466061544,0.1862323730308945,"{""type"":""Point"",""coordinates"":[81.60668844678555,20.61666999959433]}"
201,47.01099833689417,2025-04-01,285.722010067531,292,0,40,0.16295195641406637,0.012191938571881167,2.0394991955328243,302.40120942252025,0.3139720416736668,"{""type"":""Point"",""coordinates"":[81.68181102353796,21.226416218252023]}"
202,148.07683985750634,2025-04-01,283.5012371880668,436,0,30,0.22503961965134706,0.029938223175953738,3.8190030633959733,298.5825942811512,0.9254198028963231,"{""type"":""Point"",""coordinates"":[82.8295916999708,23.478165279856196]}"
203,199.6211623353258,2025-04-01,285.2033274968465,307,0,40,0.45409982174688057,0.013881536536167971,1.4766736436740222,302.71626708621073,0.22860877118199752,"{""type"":""Point"",""coordinates"":[81.85420416690243,20.769121399400618]}"
204,176.31434463137677,2025-04-01,288.05264041537333,777,1,10,0.5133037694013304,0.0181357584523667,14.98410029030099,301.4252863384428,0.812964011231364,"{""type"":""Point"",""coordinates"":[83.25991776559749,19.803551879680818]}"
205,270.0,2025-04-01,287.2634732836769,612,0,10,0.30633608815427,7.656536626328148E-4,1.4689854558601332,301.1176575251988,1.0591212567568353,"{""type"":""Point"",""coordinates"":[82.4135047631636,18.7616034855261]}"
206,337.1493560378501,2025-04-01,288.8794982092721,124,0,10,0.40537881272548376,5.030504989136375E-4,2.514582171581581,304.88297444298144,1.5333726619484278,"{""type"":""Point"",""coordinates"":[80.24841646647938,18.338701077115054]}"
207,270.0,2025-04-01,283.0832568123227,402,0,30,0.3229388140798488,0.008717196397732607,2.0125960163933083,299.5591044653029,0.88406303596004,"{""type"":""Point"",""coordinates"":[82.58361010693594,22.882616720761682]}"
208,245.10062383719412,2025-04-01,289.6254698889596,207,0,50,0.3593236261155472,0.04068394225115668,1.1013296615857602,301.23506010146366,0.28475877755024986,"{""type"":""Point"",""coordinates"":[84.04104762515864,21.822051891815804]}"
209,28.61026765860936,2025-04-01,280.93471468062626,491,0,10,0.355966556878642,0.009254755787800661,1.056371823629568,299.4842288607643,0.6746200313038632,"{""type"":""Point"",""coordinates"":[80.93303794627647,23.555186257195647]}"
210,287.07171343497765,2025-04-01,281.8880721955072,522,0,30,0.27767857142857144,0.006287874989460818,1.5792843720954726,299.3489865802584,0.8588544607543364,"{""type"":""Point"",""coordinates"":[82.80984828693958,22.882800485356167]}"
211,-0.0,2025-04-01,283.44331773122155,593,0,10,0.46099290780141844,0.01994809728140723,8.289099835320444,299.24899936857673,1.119680715607701,"{""type"":""Point"",""coordinates"":[81.81275409265547,22.598098432253952]}"
212,312.79119947501454,2025-04-01,284.6087695076352,299,0,40,0.5708362128541811,0.018654691390942446,0.6826203542209658,301.42776843479703,0.629506758603746,"{""type"":""Point"",""coordinates"":[83.5336815727879,22.222215379807352]}"
213,-0.0,2025-04-01,284.337476957412,594,0,40,0.3088165959453088,0.00758309882159125,1.8543341688414132,302.13825834365116,0.7622507449185678,"{""type"":""Point"",""coordinates"":[82.32284009812184,19.57233738418006]}"
214,353.83973987857274,2025-04-01,284.71499393099833,259,0,10,0.3729060451565914,0.01723060231680762,4.65412508917572,301.80182674952914,0.46363555702281856,"{""type"":""Point"",""coordinates"":[83.46590021316746,22.104280310640586]}"
215,116.21831328060682,2025-04-01,282.3756152107602,585,0,10,0.4335887611749681,0.01884965818400275,7.30794365073413,298.904825028919,0.6444116014492394,"{""type"":""Point"",""coordinates"":[82.16562147824311,23.85583893184035]}"
217,93.7740289637519,2025-04-01,280.552570660909,527,0,10,0.2972218344269161,0.0032147340106476463,7.01029700384696,301.094278153919,0.9720850693644566,"{""type"":""Point"",""coordinates"":[80.50314754362896,22.556306317732787]}"
218,331.4235760902913,2025-04-01,280.4364585422335,455,0,40,0.2463295269168026,0.006581204347561709,3.1652304341702426,299.9012210482643,0.9133438860796717,"{""type"":""Point"",""coordinates"":[80.52861078991575,23.369759765943012]}"
219,301.93964956799573,2025-04-01,285.22040571485246,365,0,30,0.1796707229778096,0.01655495386595618,1.752658917088014,302.72970063345775,0.035284263328866375,"{""type"":""Point"",""coordinates"":[81.0608237358557,20.75435014800587]}"
220,42.848312784084264,2025-04-01,285.9584660757156,358,0,10,0.25474898236092264,0.042047771029423586,4.418945237363746,299.81964901515414,0.6717074206036568,"{""type"":""Point"",""coordinates"":[84.26762649983105,22.472022376465542]}"
221,208.5150552928287,2025-04-01,282.044508207412,562,0,40,0.4148077835785477,0.019216331057499758,1.0554168547684883,299.08198974246073,0.8524294281489142,"{""type"":""Point"",""coordinates"":[83.08434724543393,23.02843544274589]}"
222,244.5954672551287,2025-04-01,292.2748897643316,120,0,10,0.5251204404679972,0.015391501002262942,3.2394691536588414,299.8520325251988,1.1942472124849792,"{""type"":""Point"",""coordinates"":[83.1124894804457,18.219897994360817]}"
223,326.76311217905226,2025-04-01,281.1308409827096,462,0,30,0.35092198581560285,0.0053410701083649315,2.7700720793891707,299.38552048092794,0.7050991992604265,"{""type"":""Point"",""coordinates"":[80.91686853167626,23.70805331171172]}"
224,227.0737180740152,2025-04-01,285.7360830307007,264,0,40,0.17775147928994084,0.012222262434910647,0.6808883273878257,302.2208011263893,0.5440571629762156,"{""type"":""Point"",""coordinates"":[82.16322883602481,21.547809668056225]}"
225,258.30526983745193,2025-04-01,283.35048035212924,591,0,10,0.27692307692307694,0.0026829115676392234,4.566054672364529,302.48969296046664,0.18987924260211037,"{""type"":""Point"",""coordinates"":[80.77780713858368,21.3341605891456]}"
226,-0.0,2025-04-01,290.1741875693912,188,0,30,-0.12459770114942528,0.04344055276389014,0.0,301.50582949320477,0.2907365286135601,"{""type"":""Point"",""coordinates"":[83.71470639153064,21.670513500427212]}"
227,28.222391438757356,2025-04-01,284.9476134436471,279,0,10,0.21663313212608987,0.006267967038105837,2.104310951097506,302.7648161933535,0.21456279279994983,"{""type"":""Point"",""coordinates"":[81.25314765974186,21.311132084210907]}"
228,139.0720765711727,2025-04-01,279.7383035478138,577,0,40,0.1628460851443882,0.002879383377980105,3.066060190679956,300.012723559425,0.9225185263090314,"{""type"":""Point"",""coordinates"":[80.78256853353554,22.68553086877825]}"
229,109.44987060170315,2025-04-01,290.43704564230785,391,0,10,0.48440065681444994,0.017522128634404055,24.789299248333514,300.2248701368059,0.6711956391740243,"{""type"":""Point"",""coordinates"":[83.08168505564264,18.578336715781614]}"
230,-0.0,2025-04-01,287.66910130637035,265,0,80,-0.19343696027633853,0.009018482975911013,0.0,300.04062534513923,1.0694262138851296,"{""type"":""Point"",""coordinates"":[82.84118287519496,24.068331449898565]}"
231,160.37349937094456,2025-04-01,287.7179875600906,151,0,10,0.33184855233853006,0.017170565538357607,1.4767226783142609,303.24511637006486,0.1935185785647845,"{""type"":""Point"",""coordinates"":[83.54313268380757,20.813869461547277]}"
232,180.0,2025-04-01,289.0886511575608,225,0,40,0.16945493793847816,0.041787477545689455,1.3909630807829783,301.60876964387444,0.17179361130244372,"{""type"":""Point"",""coordinates"":[83.45443351314387,21.731183809144788]}"
233,96.23446740755469,2025-04-01,279.747877348037,367,0,10,0.3238239757207891,0.0010470024871338524,8.478211462235272,301.79610688345775,0.6386507832100227,"{""type"":""Point"",""coordinates"":[80.49397747253079,21.787145266621216]}"
234,180.0,2025-04-01,286.4784042267573,353,0,30,0.2711385248008224,0.05010551434035193,2.7802885155465065,300.14272262936544,0.6775780577983982,"{""type"":""Point"",""coordinates"":[83.87910872980866,22.32847681175812]}"
235,-0.0,2025-04-01,285.57035223642987,255,1,40,0.19523254307552793,0.013995679430912844,0.0,302.03188278561544,0.6215837597788412,"{""type"":""Point"",""coordinates"":[82.13869833345106,21.6507046819245]}"
236,102.95252164808375,2025-04-01,282.294740722293,868,0,10,0.37182303106369624,0.04232958178992163,2.068067695120388,296.01733316693986,1.0416171307918376,"{""type"":""Point"",""coordinates"":[83.84498519356494,23.076560716573344]}"
237,207.89240751751237,2025-04-01,288.5032135645548,182,0,10,0.23951612903225805,0.00430025380129706,1.0492851964570324,304.2668623243059,1.051749911832568,"{""type"":""Point"",""coordinates"":[80.36163955386374,19.154220905961772]}"
238,24.174758188266498,2025-04-01,286.35296826135544,668,0,30,0.35340833884844475,0.006777720861386172,16.318676854220357,301.2763431185768,1.3446767091585723,"{""type"":""Point"",""coordinates"":[81.67233366278302,19.074420817708706]}"
239,344.79052986609025,2025-04-01,281.9731435775757,470,0,10,0.4713430282292558,0.020758824758480898,5.747586360330515,298.28467877705896,1.090120018815658,"{""type"":""Point"",""coordinates"":[82.13464018487468,23.13896738847576]}"
240,35.58415650983635,2025-04-01,285.30452378590905,326,0,40,0.3971896955503513,0.01052022200102698,1.7101791775625064,302.41016124543694,0.5451711078095798,"{""type"":""Point"",""coordinates"":[82.43595482738549,21.29305465843609]}"
241,294.462484109314,2025-04-01,285.99298872266496,493,0,10,0.5068447963054593,0.0013780764865387596,15.303885412587837,302.5436829158238,0.863693911867053,"{""type"":""Point"",""coordinates"":[80.79779119892846,19.546492312305972]}"
242,200.94972115177228,2025-04-01,279.66281177884053,598,0,30,0.15210541392151247,0.002692150287579409,8.381416182097691,299.7615144820441,0.9992833883106449,"{""type"":""Point"",""coordinates"":[80.83415829688761,22.800953584016693]}"
243,312.5235654642776,2025-04-01,280.1828661873227,399,0,40,0.5832701924534021,0.00355574708456885,0.6860894208217999,300.30768612452914,1.0525577547075755,"{""type"":""Point"",""coordinates"":[80.28016106909662,23.49609465225187]}"
244,308.34974678378404,2025-04-01,294.909265926906,98,0,10,0.34667541557305337,0.003603952341030947,3.7318229743938045,302.1574756985619,1.9646749401660906,"{""type"":""Point"",""coordinates"":[83.54682406138853,18.30563352265343]}"
245,122.3853394390492,2025-04-01,283.218830426534,483,0,10,0.41161756531406335,0.053604247384022585,7.744910945511769,297.90198834737146,0.6715269775921802,"{""type"":""Point"",""coordinates"":[84.30534394641039,23.630004848738945]}"
246,-0.0,2025-04-01,290.1741875693912,188,0,30,-0.05715635333018422,0.04344055276389014,0.0,301.50582949320477,0.2907365286135601,"{""type"":""Point"",""coordinates"":[83.69448029428803,21.667859303184688]}"
247,14.974944911885439,2025-04-01,283.9552457446144,398,0,10,0.32107843137254904,0.0039030037450302757,1.9194753260341266,303.51183419000535,0.3053956591517085,"{""type"":""Point"",""coordinates"":[80.40032948569097,20.82853163884395]}"
249,64.8130444573999,2025-04-01,284.43212213970367,664,0,10,0.5246504782928624,0.0028115085887421287,8.651216908576101,302.6632595062256,0.7365697417780791,"{""type"":""Point"",""coordinates"":[80.85492207092496,19.852310177232265]}"
250,46.86497080308862,2025-04-01,287.8541075842721,152,0,40,0.31471083660864685,0.00705272179121863,0.6782363762358787,303.70018868219285,0.5835661219857922,"{""type"":""Point"",""coordinates"":[83.52650857972944,20.45781811983754]}"
251,-0.0,2025-04-01,282.85762437184644,325,0,40,0.18205293737895417,0.006387280635784975,0.0,302.3788821810768,0.7249011115654351,"{""type"":""Point"",""coordinates"":[81.26550038604789,21.941950203684428]}"
252,180.0,2025-04-01,289.016199520656,154,0,10,0.2227866473149492,0.003833445124577395,0.463735342881014,304.1601612454369,1.3156683421028101,"{""type"":""Point"",""coordinates"":[80.38965373583248,18.90966979302156]}"
253,203.5309974843725,2025-04-01,282.0698755809239,551,0,40,0.31949171772180623,0.021240162067364565,2.5273903527712553,298.8611587342762,0.7722695320504065,"{""type"":""Point"",""coordinates"":[82.96305475500283,23.280982079242538]}"
254,15.202210934359751,2025-04-01,282.2115468978882,466,0,30,0.15164998146088246,0.013989137821148745,3.838742475573917,298.93008777073453,1.0252914757326417,"{""type"":""Point"",""coordinates"":[82.44338746307388,23.071488995271427]}"
255,47.56939181926718,2025-04-01,280.19524179186135,388,0,40,0.33459357277882795,0.0024128578233231224,0.6873061142607041,300.0531753358387,1.225378587140049,"{""type"":""Point"",""coordinates"":[80.43085832789832,23.920901964888394]}"
256,151.78851505598317,2025-04-01,285.12726025354294,286,0,30,0.21935631134444192,0.01096420209879767,3.154373100341844,302.60163724990116,0.5467350589086247,"{""type"":""Point"",""coordinates"":[82.51390662112465,21.24422346273947]}"
257,313.3142926234381,2025-04-01,290.6774950935727,442,0,40,0.4171562867215041,0.01625183444495093,1.3517769817872585,300.3709359850203,0.9984285975696823,"{""type"":""Point"",""coordinates"":[83.59090281079212,19.468669643200904]}"
258,-0.0,2025-04-01,291.76398481641496,165,0,30,0.45761689291101054,0.013405891470860354,1.390963080774087,301.54821114313035,0.8015646792737999,"{""type"":""Point"",""coordinates"":[83.21243718258478,18.71661509130586]}"
259,111.84369997375715,2025-04-01,283.6758209864298,376,0,40,0.21833333333333332,0.003588231615971438,3.7338253930625425,303.31366756984164,0.29359751623524233,"{""type"":""Point"",""coordinates"":[80.48518801360531,20.718651337297292]}"
260,-0.0,2025-04-01,285.88822333017987,317,0,40,0.24612502129109182,0.018108668141316286,0.9274099368611016,302.7296541304815,0.20398980091827992,"{""type"":""Point"",""coordinates"":[81.70336194012702,20.823250609254888]}"
261,201.89057010488892,2025-04-01,283.97577680860246,362,0,30,0.16573138795361017,0.0070069156217087425,3.991775764541702,303.3013733455113,0.20830508949296525,"{""type"":""Point"",""coordinates"":[80.61321123494515,21.04680143449385]}"
262,340.09880622292235,2025-04-01,282.044508207412,600,0,30,0.2985004686035614,0.019216331057499758,7.357275833895607,299.08198974246073,0.8524294281489142,"{""type"":""Point"",""coordinates"":[83.06907484394912,22.962042712982644]}"
263,294.8891660915036,2025-04-01,288.65912641797746,286,0,10,0.3720423864131224,0.02940282445425879,2.202690922774062,301.30816278003516,0.23213511868188702,"{""type"":""Point"",""coordinates"":[84.33706744796336,21.888857196306233]}"
264,56.486648944123786,2025-04-01,286.8124990463256,568,0,10,0.4785581106277191,0.004285397343586794,5.858924660560934,302.17977387564525,1.3604675796562444,"{""type"":""Point"",""coordinates"":[82.0352717129401,18.909607639554835]}"
265,121.44794362050621,2025-04-01,282.4745735440935,608,0,10,0.29461256615551634,0.026120739393185488,1.7771734643743575,298.3506839388893,0.7646846610771242,"{""type"":""Point"",""coordinates"":[83.00156761014699,23.461799234231822]}"
266,208.14250080888925,2025-04-01,285.60890320369174,308,0,40,0.5274909293887804,0.01747338693613898,2.1027408259645095,302.7418960389637,0.04390078895669186,"{""type"":""Point"",""coordinates"":[81.2090726150937,20.812731650508454]}"
267,249.20561520127848,2025-04-01,289.2135814030965,503,0,30,0.20288491690185012,5.058519172180809E-4,2.610729269727398,303.62768472943986,1.6436682961600313,"{""type"":""Point"",""coordinates"":[80.70879986612628,18.30814155829635]}"
268,3.6865431118958405,2025-04-01,280.86190845852803,365,0,10,0.4507841174507841,0.007477032356213442,7.850520394305141,299.6632711319697,0.793244838425032,"{""type"":""Point"",""coordinates"":[81.33618619823429,24.08184536263201]}"
269,270.0,2025-04-01,291.44757856641496,166,0,30,0.30305156085584006,0.03377108495707404,0.9962554132979244,302.030563263666,0.35813832761096276,"{""type"":""Point"",""coordinates"":[83.9056279203114,21.427119103570437]}"
270,180.0,2025-04-01,281.6765534083048,477,0,30,0.22401103955841767,0.025767179541539065,0.9274099368611016,298.9523220062256,0.6694293803254177,"{""type"":""Point"",""coordinates"":[81.50942153647988,23.680673346541212]}"
271,278.9069011848247,2025-04-01,285.7400357836769,316,0,40,0.258974358974359,0.002230855040501467,2.9924792688323816,303.9269430069697,0.7372706852363418,"{""type"":""Point"",""coordinates"":[80.39473572567218,19.89514964478282]}"
272,203.09424868524934,2025-04-01,284.82299128032867,347,0,10,0.26642232872850297,0.0035398475455750145,2.519112532056442,303.6000270843506,0.5845438667827413,"{""type"":""Point"",""coordinates"":[80.77718143704925,20.27368954060507]}"
273,180.0,2025-04-01,289.0606738045102,116,0,40,0.6489742754802996,0.01708421330923926,0.9274099368611016,303.1128851572672,0.17989433366580942,"{""type"":""Point"",""coordinates"":[83.85956300813976,20.808042004051128]}"
274,144.01240086912517,2025-04-01,280.38256159282867,527,0,40,0.20520325203252032,0.010298880152653567,3.434664744341478,299.62279610406785,0.7472175607447452,"{""type"":""Point"",""coordinates"":[80.79783256886604,23.36405775664963]}"
275,284.4693065679195,2025-04-01,283.92280410584954,881,0,10,0.4825256975036711,0.03992323797221076,12.776032595744676,298.3746387844994,0.9742190723421236,"{""type"":""Point"",""coordinates"":[84.04878993628004,22.840026816526827]}"
276,207.83868560857582,2025-04-01,286.4967961538406,911,0,50,0.11808308912256507,0.004438566379498354,5.229839174640648,298.4959301721482,0.5837445075286882,"{""type"":""Point"",""coordinates"":[82.9139089477536,18.776212529333197]}"
277,344.78052741935926,2025-04-01,281.857746442159,556,0,40,0.19017463058913836,0.01947628181452643,1.9216848780923135,298.7698327019101,1.0704119014452296,"{""type"":""Point"",""coordinates"":[82.43575942674535,23.231549198476788]}"
278,270.0,2025-04-01,287.28928243546255,217,0,40,0.4260634706279541,0.03095987658972632,1.997774447512168,301.7052342551096,0.23194889123060056,"{""type"":""Point"",""coordinates"":[83.48308161405598,21.85221725930927]}"
279,69.86096659465913,2025-04-01,281.80459935324535,512,0,40,0.23727230266230734,0.0190818033742417,5.371904223091336,299.03985804603207,0.7094868271993402,"{""type"":""Point"",""coordinates"":[81.50630051070381,23.53698857874564]}"
280,312.92223205156733,2025-04-01,287.20710005079,245,0,30,0.1342039455404279,0.035514759235333315,1.3616878399555172,301.487594513666,0.3482950752194875,"{""type"":""Point"",""coordinates"":[82.99923018371409,21.568540101358305]}"
281,290.0837685653532,2025-04-01,288.6815176010132,846,0,10,0.537394451145959,0.023649307303379885,9.368937802337765,298.9902044932047,0.551651435520402,"{""type"":""Point"",""coordinates"":[84.2087862746819,19.91825524788013]}"
282,289.2142150191375,2025-04-01,284.43490650540303,279,0,40,0.39307018657189996,0.007612126283596865,4.219739164983809,302.81763194856194,0.6717949862971729,"{""type"":""Point"",""coordinates"":[81.56783712369165,21.662391640343625]}"
283,113.87591934063474,2025-04-01,288.05264041537333,573,1,10,0.5867554568997411,0.0181357584523667,9.088884861675611,301.4252863384428,0.812964011231364,"{""type"":""Point"",""coordinates"":[83.2611295080223,19.84711648172692]}"
284,270.0,2025-04-01,286.5993642807006,313,0,10,0.2619718309859155,0.025655093007038943,8.902498234103389,301.58382079714823,0.42052890877224725,"{""type"":""Point"",""coordinates"":[82.69832152531403,21.55125294236982]}"
285,207.97550151783335,2025-04-01,284.4454336166381,629,0,40,0.4449986873195064,0.00438320856566321,1.0500922013450644,301.97963087899353,0.8450131137603545,"{""type"":""Point"",""coordinates"":[81.8946841039343,19.723271099359202]}"
286,-0.0,2025-04-01,286.10024202437626,566,0,10,0.4491649575153824,0.0014842174577225364,0.9274099368611016,302.5052017030262,1.2285034422834102,"{""type"":""Point"",""coordinates"":[82.16103252670018,19.007451974611985]}"
287,338.85608731753234,2025-04-01,287.85382856641496,696,0,10,0.6788868075996789,0.012341888956974856,15.980544386004635,300.2149184999012,0.953361211334139,"{""type"":""Point"",""coordinates"":[83.59039967765185,19.908289437040995]}"
288,270.0,2025-04-01,293.98986139751617,64,0,40,0.359629294755877,0.0038934521007050193,0.9795784221277958,301.21247128077914,1.2357962139626308,"{""type"":""Point"",""coordinates"":[83.89468070624167,18.785292679843124]}"
289,252.7330766938639,2025-04-01,282.5763685589745,426,0,10,0.2243623112961999,0.0032128415631760276,1.5619732088998186,303.6002014705113,0.29617027682214203,"{""type"":""Point"",""coordinates"":[80.54687798649198,21.172479319584347]}"
290,126.91895213929773,2025-04-01,291.64780294327505,290,0,10,0.3867425782838552,0.015285658054303042,19.991875897448832,300.9684585389637,0.9219258385500816,"{""type"":""Point"",""coordinates"":[83.25363042895623,18.89182174595027]}"
291,90.0,2025-04-01,281.5202278409685,458,0,10,0.4203935599284436,0.02665198069090735,2.025507062535426,299.0211057208834,0.7003257274509981,"{""type"":""Point"",""coordinates"":[81.64804525063548,23.732613040150305]}"
292,72.9513470164328,2025-04-01,281.9731435775757,497,0,30,0.2771949199337383,0.020758824758480898,3.1603063655990513,298.28467877705896,1.090120018815658,"{""type"":""Point"",""coordinates"":[82.10017528050545,23.07733071092658]}"
293,339.8670553660074,2025-04-01,286.4462590444656,663,0,10,0.5450643776824035,8.450023459900535E-4,24.145409916585418,300.52762195042203,0.7894536451272459,"{""type"":""Point"",""coordinates"":[82.83824340003667,19.22577609744042]}"
294,137.22999794827504,2025-04-01,290.5309932799566,229,0,10,0.5135785953177258,0.01498186808104407,5.040811743692536,300.2882711319697,0.812295038104626,"{""type"":""Point"",""coordinates"":[83.24815853148434,18.931306106019374]}"
295,196.79565740031762,2025-04-01,288.30621533166794,456,0,10,0.4848211602043883,0.00336578708166968,6.750328921588722,302.41585786002025,1.264066892394396,"{""type"":""Point"",""coordinates"":[81.13855376177092,18.810707566398076]}"
296,-0.0,2025-04-01,283.97577680860246,359,0,40,0.34789997572226267,0.0070069156217087425,0.0,303.3013733455113,0.20830508949296525,"{""type"":""Point"",""coordinates"":[80.62327240295039,21.02233356129607]}"
297,301.5853316941686,2025-04-01,280.079181989034,593,0,30,0.21297162457125038,0.003134863786648623,5.297271040229791,300.5394453321184,0.9392605961815671,"{""type"":""Point"",""coordinates"":[80.72719692550045,22.73816188080456]}"
298,68.15760660626594,2025-04-01,285.48394970666794,349,0,10,0.30293428846948617,0.02201791327471625,3.734037216867682,302.7791623615083,0.19512647932359278,"{""type"":""Point"",""coordinates"":[82.60830398290838,20.728094850599724]}"
299,321.6211937518145,2025-04-01,289.0286623182751,154,0,10,0.27052238805970147,0.0015232585000504173,2.364936247284874,304.0267325810024,1.3972428913080892,"{""type"":""Point"",""coordinates"":[80.51697559274388,18.740644502461432]}"
300,133.0179488516914,2025-04-01,283.2247828074864,357,0,40,0.20938794293603313,0.005080255083989016,3.3947819079776234,303.326194309053,0.2651918750938173,"{""type"":""Point"",""coordinates"":[80.48884024056969,21.076376289954414]}"
301,171.7893555846677,2025-04-01,286.88852559952505,892,0,30,0.5050761421319797,0.0010065011310089744,10.19895675124648,300.01671700250535,0.7496088338860715,"{""type"":""Point"",""coordinates"":[82.82824387863242,19.081637823112406]}"
302,249.79321826548212,2025-04-01,283.0812223071144,494,0,10,0.28064300066979236,0.027176963500927798,2.683230726756589,298.79620570228207,0.9457443091555795,"{""type"":""Point"",""coordinates"":[81.77580114624591,23.050869428923694]}"
303,265.9791408027953,2025-04-01,285.0912785757156,324,0,10,0.22389977513652426,0.0015754721688736595,19.100402931363966,304.06359200250535,0.5630188679581318,"{""type"":""Point"",""coordinates"":[80.30386213693109,20.40727885474374]}"
304,180.0,2025-04-01,285.435633114406,364,0,10,0.27753023551877787,0.004547166042279116,0.4637353428839794,303.6077407655262,0.6830656077087692,"{""type"":""Point"",""coordinates"":[80.72217116106842,20.233623449653365]}"
305,238.08291868987857,2025-04-01,288.08383809952505,172,0,40,0.2784139884250708,0.020028608255337588,1.7537664550977197,303.023239044916,0.1741671315405701,"{""type"":""Point"",""coordinates"":[83.62809567408488,20.885995087688933]}"
306,297.94299389635495,2025-04-01,280.4084114347186,674,0,10,0.4228888164329964,0.011973308734845034,14.525431732395788,298.49434325808573,0.7914840209503211,"{""type"":""Point"",""coordinates"":[81.14895349263823,23.158842097053782]}"
307,98.99264883592616,2025-04-01,289.5546923591977,128,0,10,0.3063953488372093,4.511795567978538E-4,2.964227128179443,303.87848690577914,1.6939089972831076,"{""type"":""Point"",""coordinates"":[80.82679674343792,18.283288574896776]}"
308,290.4499412890816,2025-04-01,286.94940962110246,263,0,10,0.3,0.026813270859669558,2.652712115316518,302.5008594876244,0.30940515053846795,"{""type"":""Point"",""coordinates"":[83.25041841654658,21.216080656549856]}"
309,350.0550737002052,2025-04-01,295.94715422675716,17,0,10,0.18802913959440834,0.0019291512298096336,2.822633759283493,301.58401843479703,2.948947977825329,"{""type"":""Point"",""coordinates"":[83.52386399124518,18.092477451709392]}"
310,226.96054018716552,2025-04-01,290.35204401470367,126,0,30,0.18956476140534873,0.022383960299443117,1.3587025861090596,302.2647813161214,0.4136109772803,"{""type"":""Point"",""coordinates"":[84.10138624609017,20.964583949507308]}"
311,327.9810049502654,2025-04-01,281.9785146713257,406,0,30,0.20176787086856265,0.01632313650126349,3.8229803798936968,298.89465250287736,0.6865332495058251,"{""type"":""Point"",""coordinates"":[82.23859936969751,23.963848238430746]}"
312,313.16878221447155,2025-04-01,283.50052220480785,445,0,30,0.3067367415193502,0.003904642872761599,0.6778103560502751,303.09134265354703,0.12078181719817074,"{""type"":""Point"",""coordinates"":[82.07667936400709,20.27570633507922]}"
313,104.95234105253697,2025-04-01,283.7379257111322,426,0,10,0.24319363719791987,0.0051076881217468895,3.5900048025322047,303.13870012192496,0.26562629139847804,"{""type"":""Point"",""coordinates"":[80.46845417042998,20.819773402911125]}"
314,144.21277386770166,2025-04-01,283.22825309208457,348,0,40,0.20135537529520484,0.0078064374255646385,1.7145353038854745,301.1446931929815,1.0941478318244129,"{""type"":""Point"",""coordinates"":[81.98419938073528,22.363131987943788]}"
315,245.03835350809948,2025-04-01,289.3947511854626,400,0,10,0.5190784737221023,0.019589575343083254,16.049972129492364,301.7931365058535,0.38224636518095645,"{""type"":""Point"",""coordinates"":[84.32996005585983,21.41081391374234]}"
316,69.88577591002877,2025-04-01,282.18383112407867,455,0,30,0.27652322113336175,0.023075702004383913,2.695045522846573,298.9650696345738,0.8177099130226165,"{""type"":""Point"",""coordinates"":[83.72901444052292,23.712482388504252]}"
317,245.03877025897782,2025-04-01,286.25027806418285,276,0,40,0.3505933117583603,0.024431484155606142,2.196743304976887,301.81094133286246,0.4787788663672778,"{""type"":""Point"",""coordinates"":[82.70132125825386,21.41362278355352]}"
318,130.27388749287394,2025-04-01,287.6293993904477,1127,0,30,0.37406972189580884,0.004368739538143984,22.449530395860787,297.5184608641125,0.7602546304912053,"{""type"":""Point"",""coordinates"":[82.72542442329143,18.198859863515874]}"
319,327.610059069544,2025-04-01,289.13095142727803,247,0,10,0.39509160041479435,0.0033679626512039817,5.475142083402876,304.5983820415678,1.3757624218738231,"{""type"":""Point"",""coordinates"":[80.34706424642887,18.947565985915713]}"
320,123.373897102307,2025-04-01,291.8945070448376,791,0,10,0.6888380454322601,0.0024489186334122337,18.696324546065295,300.00491105942496,1.0650537277834164,"{""type"":""Point"",""coordinates"":[83.95323963084158,19.06877526208214]}"
321,242.36149412003033,2025-04-01,285.361152785165,681,0,10,0.3637135578828191,0.0029078743981827415,9.89722217235831,302.2257246289934,0.9106068165114011,"{""type"":""Point"",""coordinates"":[81.24281154213547,19.514331200642488]}"
322,302.20077646715515,2025-04-01,288.38759554000126,217,0,10,0.2708512467755804,0.0039688519763458885,1.7399645885983086,304.1604925791422,0.9913187884476549,"{""type"":""Point"",""coordinates"":[80.54922485838168,19.156413532158624]}"
323,270.0,2025-04-01,285.58651783352803,257,0,10,0.23117154811715482,0.009711103849362246,1.5001348168071016,301.85500290280294,0.5607767872358879,"{""type"":""Point"",""coordinates"":[82.68203525446826,21.998029087203967]}"
324,270.0,2025-04-01,280.6995549429031,344,0,10,0.36172566371681414,0.0010356329011429466,1.9968989266809873,301.9464568183535,0.6366434659039253,"{""type"":""Point"",""coordinates"":[80.39544689105114,21.78949594779991]}"
325,208.41531926631325,2025-04-01,283.4710509436471,615,0,40,0.33753943217665616,0.03223119895930182,3.1604124259877175,299.1380200158982,0.930500598638374,"{""type"":""Point"",""coordinates"":[83.58973292198142,22.460733410269746]}"
326,332.0536218974513,2025-04-01,286.42731489453996,244,0,40,0.7560160427807486,0.002714859657238833,1.0498089636313397,301.9111726851691,0.5954553208736483,"{""type"":""Point"",""coordinates"":[82.86610703222146,19.52596716186866]}"
327,-0.0,2025-04-01,291.661463192531,188,0,80,0.0,0.03879541378493201,0.0,301.69577671232673,0.337911034391011,"{""type"":""Point"",""coordinates"":[83.80799038537221,21.49809011704992]}"
328,180.0,2025-04-01,282.38144552140005,446,0,40,0.20719602977667495,0.013413476161908022,4.166350197281316,299.09882381984164,0.9413038825203344,"{""type"":""Point"",""coordinates"":[82.97886921089034,23.892792300012736]}"
329,199.5103040458816,2025-04-01,284.0778334027245,489,0,10,0.4738692664216078,6.565622615326561E-4,2.9493628843683664,302.7441804976691,0.625242594590507,"{""type"":""Point"",""coordinates"":[81.28440287330099,19.819322133900176]}"
330,90.0,2025-04-01,285.8517766225906,308,0,40,0.2305941270202595,0.016589718275021426,1.4911638752444725,302.2646185557047,0.25767083033461646,"{""type"":""Point"",""coordinates"":[81.72121498403679,21.128357212430405]}"
331,180.0,2025-04-01,287.8315071378435,156,0,40,0.24850711988975654,0.021639915518711916,1.8543341688295631,303.1457395099459,0.12332495357336101,"{""type"":""Point"",""coordinates"":[83.39387846934933,21.01227366072995]}"
332,283.11631380785525,2025-04-01,285.16307917095367,297,0,40,0.20395578824898197,0.009175377302121035,2.0427082892229596,302.67704763866607,0.21724800264765687,"{""type"":""Point"",""coordinates"":[81.36502314606265,21.246452215570415]}"
333,64.60121456384589,2025-04-01,289.39382112593876,165,0,40,0.28479154433352905,2.1267157072912823E-4,1.0810752029635877,303.8790565672375,1.8058577933047013,"{""type"":""Point"",""coordinates"":[81.51555551881975,18.265396503852564]}"
334,126.37901176350806,2025-04-01,281.63196867988216,596,0,40,0.20425620696849572,0.027190478854130617,3.1243767732043177,297.208524340675,0.9232864633093129,"{""type"":""Point"",""coordinates"":[83.15046366706923,22.94582597820794]}"
335,337.3433603472585,2025-04-01,282.7549981162662,693,0,10,0.5743119266055046,0.03153071027274024,16.604821921839132,298.08198974246073,0.7882663827484573,"{""type"":""Point"",""coordinates"":[82.47908603945245,23.65268622434714]}"
336,313.5706744476186,2025-04-01,289.22049872080487,318,0,10,0.19835890117731003,5.955271052826561E-4,2.017647734293695,303.6725135984875,1.8795679231721072,"{""type"":""Point"",""coordinates"":[80.20102870464832,17.952587670465025]}"
337,132.7908600205486,2025-04-01,280.3591589700608,541,0,10,0.34822451317296677,0.0032358638572205223,2.047099558491102,301.6486691974458,0.8887186826988182,"{""type"":""Point"",""coordinates"":[80.45673382203027,22.223658358728446]}"
338,223.56979376980715,2025-04-01,279.86277457645957,829,0,10,0.40445765230312036,0.008396761827420107,5.106906065953743,299.09919003077914,0.9455931234101649,"{""type"":""Point"",""coordinates"":[80.85414998014438,23.10128191886714]}"
339,19.546892508479818,2025-04-01,288.24533712296255,211,0,30,0.2522704339051463,0.01036775331969153,1.4759931074747352,303.0211231594994,0.8481239041288503,"{""type"":""Point"",""coordinates"":[83.40293247490445,20.138505296689303]}"
340,331.57206379146896,2025-04-01,285.1904345466977,395,0,40,0.2669712793733681,0.04546122472758185,2.10838025665842,299.4074524470738,0.8281560072915616,"{""type"":""Point"",""coordinates"":[84.0258742248787,22.534234536974374]}"
341,156.2660206886538,2025-04-01,286.9900880995251,498,0,40,0.19155800510821347,0.015296073965977541,8.548053688926238,301.32660121009457,0.3350778844403763,"{""type"":""Point"",""coordinates"":[84.0823552014325,20.525142824478284]}"
342,270.0,2025-04-01,284.96508112407867,392,0,10,0.299807109396528,0.015831219367932192,3.46632278679554,302.74099504380007,0.10324713768651697,"{""type"":""Point"",""coordinates"":[82.3270733752146,20.714103447968125]}"
343,126.40928831516494,2025-04-01,286.9762127740043,1078,0,10,0.4724702380952381,9.543619679917015E-4,20.89783721324501,298.7878526051839,0.758140283110079,"{""type"":""Point"",""coordinates"":[82.59762073407258,18.516082353930805]}"
344,6.031498675174379,2025-04-01,288.45471677326015,555,0,10,0.427224513847967,0.003688784651707522,13.721332503248542,302.24054163978207,1.348787757362432,"{""type"":""Point"",""coordinates"":[81.48433112579964,18.838676612170676]}"
345,354.90692988055895,2025-04-01,284.87926569439117,401,0,30,0.2582009039218545,0.010262089185665957,5.56939649267101,302.83353015354703,0.2121252593147764,"{""type"":""Point"",""coordinates"":[82.069537617972,20.770831813368716]}"
346,235.26162945091852,2025-04-01,283.49132624126617,348,0,30,0.2676315184929933,0.010313826017330996,2.4400177408933703,301.217569169544,1.1174684033528008,"{""type"":""Point"",""coordinates"":[82.38631512215144,22.396949618374816]}"
347,319.3523214945758,2025-04-01,282.97641622452505,696,0,10,0.6858122001370802,0.014122369103382937,17.190121565115607,299.69380614871073,0.9846254727164677,"{""type"":""Point"",""coordinates"":[82.89155365099039,22.516199095336717]}"
348,287.23542814823406,2025-04-01,283.05193124498635,324,0,40,0.3058161350844278,0.004215183072041384,1.5647392518813408,303.2903463272822,0.30651846866862625,"{""type"":""Point"",""coordinates"":[80.98070328469294,21.457538186382255]}"
349,90.0,2025-04-01,284.1170702888852,358,0,80,-0.29105125977410945,0.013129445128392092,4.006067774874056,300.815469560169,0.9068896782686562,"{""type"":""Point"",""coordinates"":[81.58911411791507,22.39537320675584]}"
350,313.182171670396,2025-04-01,285.435633114406,334,0,10,0.32106715731370744,0.004547166042279116,0.6776415717949449,303.6077407655262,0.6830656077087692,"{""type"":""Point"",""coordinates"":[80.74323926523323,20.202911104511017]}"
351,24.244231501986174,2025-04-01,281.7392161687215,375,0,80,0.3169462116830538,0.01915429752344977,8.58149265529549,299.2912415095738,0.6372839132223184,"{""type"":""Point"",""coordinates"":[81.59343865676749,23.889256608102052]}"
352,120.33072906251749,2025-04-01,279.47711958203996,596,0,30,0.18584070796460178,0.009401159696530215,6.401504216067038,299.84317370823453,1.0435413121809078,"{""type"":""Point"",""coordinates"":[80.42574864719744,23.16188343853607]}"
353,-0.0,2025-04-01,285.7375769388108,559,0,40,0.27620612747975115,0.006055655293415896,0.0,302.0421308789934,1.2392140957744795,"{""type"":""Point"",""coordinates"":[81.99307339502442,19.314717024603606]}"
354,180.0,2025-04-01,282.2794412431263,541,0,30,0.1841959845275373,0.025640117340039126,2.7802885155287553,298.80047235034766,0.7840005263947961,"{""type"":""Point"",""coordinates"":[82.9720823381289,23.37196999512782]}"
355,-0.0,2025-04-01,295.965412457784,35,0,30,0.3100853711474461,0.0017701409387100853,0.0,301.7700070880708,3.071041567610584,"{""type"":""Point"",""coordinates"":[83.62268187180034,18.15478909251668]}"
356,294.58890533920385,2025-04-01,281.8282519295102,480,0,10,0.41551724137931034,0.019560890607785097,2.2278609462785828,299.1163031260172,0.65926414586424,"{""type"":""Point"",""coordinates"":[81.43338224799746,23.764947211942605]}"
357,27.932307498350802,2025-04-01,286.3613387970697,476,0,30,0.2773598641106528,0.003953727297734133,2.0986404129364216,302.4469044094994,1.0263350086516598,"{""type"":""Point"",""coordinates"":[81.33742670393315,19.430081763542585]}"
358,72.56251849766025,2025-04-01,286.5990096955073,246,0,10,0.24158298877731837,0.001822503619145266,1.547170322838645,303.9039705367316,0.8327350829105328,"{""type"":""Point"",""coordinates"":[80.42820075980676,19.558809914740294]}"
359,282.5004460058059,2025-04-01,289.4952499298823,776,0,10,0.6241869429053241,0.01981604319090735,24.167263161037752,300.6828488849459,0.9067392533638156,"{""type"":""Point"",""coordinates"":[83.37910832100073,19.569432171544335]}"
360,157.1422256415697,2025-04-01,287.5564187821888,857,0,30,0.3665791776027997,0.0010135493802536644,7.5057572813984095,299.2123666490828,0.6809860306528915,"{""type"":""Point"",""coordinates"":[82.61199467326074,18.398977806785876]}"
361,331.6625488740667,2025-04-01,283.42377485547746,298,0,40,0.21805911100767977,0.0073450527715195335,1.0536478747115317,302.4015523819697,0.775288666300201,"{""type"":""Point"",""coordinates"":[81.50635379400293,22.00573879997693]}"
362,49.76274690922833,2025-04-01,283.6381128856114,958,0,10,0.5561670443509227,0.05985662560934912,16.076602501711125,296.6375084831601,1.102985757250948,"{""type"":""Point"",""coordinates"":[84.18144501084512,23.10858809882726]}"
363,155.71051669641614,2025-04-01,289.69810172489707,192,0,40,0.24478935698447893,2.2638063902746808E-4,3.556908874286262,302.42678024655294,0.7352756902592655,"{""type"":""Point"",""coordinates"":[82.05524645247333,18.25969969288086]}"
364,196.2411912906819,2025-04-01,283.941248348781,402,0,10,0.21515988945913936,0.0022040925549973167,5.2980839214858895,303.956809543428,0.38087474935251453,"{""type"":""Point"",""coordinates"":[80.36818724700207,20.573354083825183]}"
365,347.91232989051406,2025-04-01,290.5126652944656,126,0,10,0.4474827498083312,0.01729461770529639,2.369950576586199,302.61271658397857,0.5514676007907539,"{""type"":""Point"",""coordinates"":[84.34004213970316,20.949355617155657]}"
366,301.7377999344728,2025-04-01,281.96285479409363,328,0,10,0.34418737503570407,5.494527148712791E-4,1.76262439990357,302.1213428860618,0.8511256718325886,"{""type"":""Point"",""coordinates"":[80.20185713833317,21.907382624977505]}"
367,340.38376339767,2025-04-01,288.02701146262035,212,0,30,0.18815185648727575,0.016920419745396487,1.4766284128342513,303.34770774841303,0.22548695844469815,"{""type"":""Point"",""coordinates"":[83.30718512254083,20.72791779235422]}"
368,192.36022530685054,2025-04-01,287.4311048870995,344,0,10,0.36907289455060155,0.0022419713067520775,13.511572260283994,303.3112842923119,0.9115899654129423,"{""type"":""Point"",""coordinates"":[80.79092216899049,19.24092374751272]}"
369,133.5205126356609,2025-04-01,288.0462869462512,883,0,40,0.2759493670886076,0.001462834291409365,4.703537420590415,299.33490780421664,0.7073024726784667,"{""type"":""Point"",""coordinates"":[82.58712707710943,18.259749434300076]}"
370,340.440476897878,2025-04-01,287.29662409282867,644,0,10,0.5377294357579878,0.009876462035130373,8.789019260176188,301.4633955274309,0.6676177827882761,"{""type"":""Point"",""coordinates"":[83.7130854762816,20.24715431337796]}"
371,90.0,2025-04-01,287.2899799801054,595,0,10,0.42843793801588537,0.012951048426579348,13.105883567806496,300.6797506241572,0.6148845568402994,"{""type"":""Point"",""coordinates"":[84.00644759129962,20.17209744417547]}"
372,115.32108709683156,2025-04-01,286.5609876995995,825,0,40,0.3530583214793741,0.0015215448665131248,4.328949362007763,299.528610138666,0.8508104480572434,"{""type"":""Point"",""coordinates"":[82.67455111727124,18.86281716381889]}"
373,267.27894937681936,2025-04-01,289.82565938858755,470,0,10,0.4694477085781434,3.274850177277244E-4,18.82864844259314,302.73415910629996,0.7565284957131077,"{""type"":""Point"",""coordinates"":[81.91738557748987,18.094771555573345]}"
374,344.78010452071857,2025-04-01,280.2613806497483,530,0,40,0.3210952084629745,0.011796595864247195,1.9216887341177913,298.7907881055559,0.7147053513171346,"{""type"":""Point"",""coordinates"":[81.24739044493029,23.23499197378508]}"
375,294.9838220532119,2025-04-01,282.3489108766828,334,0,10,0.2940344258429616,0.0021032712983597435,1.0978457800451125,303.50849760146366,0.356282529162146,"{""type"":""Point"",""coordinates"":[80.24093030661342,21.26254303466189]}"
376,270.0,2025-04-01,286.0279531478882,564,0,40,0.12815198618307427,0.0020739458131302513,0.49108903915173635,301.5954756055559,1.1132347672436405,"{""type"":""Point"",""coordinates"":[82.35562976364125,19.213573957685067]}"
377,121.75226522544712,2025-04-01,285.83722700391496,227,0,80,-0.4952681388012618,0.014551299028347842,1.7619057414970654,301.8648789723714,0.5994424675895677,"{""type"":""Point"",""coordinates"":[82.1872827323738,21.826973639838478]}"
378,90.0,2025-04-01,280.81195844922746,875,0,40,0.25995694294940797,0.03404969196791541,3.5247697074287645,295.86164120265414,0.980105830195936,"{""type"":""Point"",""coordinates"":[83.73555189356989,23.101563842245966]}"
379,151.66498674113535,2025-04-01,285.35375881195074,229,0,10,0.24850023073373328,0.01358658295149695,1.0536237046026473,301.9406555720738,0.45958130268360975,"{""type"":""Point"",""coordinates"":[82.95609730917229,21.99090466212271]}"
380,54.71361006526579,2025-04-01,286.9482528595698,470,0,10,0.4186374314800313,0.0015455357360352195,14.155110713619639,303.34152285257977,0.8781210991202332,"{""type"":""Point"",""coordinates"":[80.83366967610695,19.338800156341957]}"
381,98.82434227501716,2025-04-01,281.7882884343465,459,0,10,0.31021671826625385,0.002151253037403933,3.020200335815894,303.20949509030294,0.3029194041679911,"{""type"":""Point"",""coordinates"":[80.60452450480146,21.33649310360391]}"
382,163.19001244878308,2025-04-01,280.14255391983755,420,0,30,0.16286919831223629,0.0027468524503220237,13.777126896308982,299.1992586226691,1.204913205215467,"{""type"":""Point"",""coordinates"":[80.60843102993512,24.05932623366227]}"
383,252.45441474733525,2025-04-01,295.6746060961769,17,0,40,0.21479210576738839,0.003804089837025515,3.0736655932785415,301.75432977222266,1.9635537951376092,"{""type"":""Point"",""coordinates"":[83.94763301994251,18.463976783494374]}"
384,270.0,2025-04-01,288.07900760287333,378,0,10,0.316875,0.015096487812947146,0.4932916247649113,300.7122213272822,0.9529720682213986,"{""type"":""Point"",""coordinates"":[83.49620921305687,19.934657383813636]}"
385,112.27607603617308,2025-04-01,282.40602815718876,1028,0,10,0.656127672387835,0.03841498713965308,4.8816632424403155,297.01315371195477,1.017290028918534,"{""type"":""Point"",""coordinates"":[83.36928298576842,22.824993157131544]}"
386,36.08010029223333,2025-04-01,287.8349832353138,848,0,10,0.7723177723177723,0.003053548150013796,16.19480087521388,301.91907237824944,1.3036840418663749,"{""type"":""Point"",""coordinates"":[81.22960232501258,18.83669008278415]}"
387,132.476041560273,2025-04-01,283.4108935310727,510,1,10,0.5043103448275862,0.025486084036778323,2.0593434571147005,299.1691130683535,0.7690764559658536,"{""type"":""Point"",""coordinates"":[83.87361729955788,23.713988141333605]}"
388,33.88043248811236,2025-04-01,291.3776845932007,977,1,10,0.447098976109215,0.007627176456402651,21.78761792993015,300.9335638682047,1.1465320182498087,"{""type"":""Point"",""coordinates"":[83.54360864368968,19.194460680018317]}"
389,342.68014297776557,2025-04-01,280.93471468062626,451,0,10,0.2520833333333333,0.009254755787800661,3.3964164333940445,299.4842288607643,0.6746200313038632,"{""type"":""Point"",""coordinates"":[80.9319152813377,23.62217758619327]}"
390,212.2242601290046,2025-04-01,289.9200313658941,848,0,30,0.33314170738718024,0.002078073434780947,2.738829912854167,298.42239734104703,0.9444355871991587,"{""type"":""Point"",""coordinates"":[82.29045716437238,17.84416066423141]}"
391,117.67206487293588,2025-04-01,281.42366441090905,622,0,10,0.28992146596858637,0.021310301833104006,3.9878218625638424,298.5874829065232,0.9848413212055845,"{""type"":""Point"",""coordinates"":[82.11560645905337,23.410151824199666]}"
392,7.606680171611304,2025-04-01,284.6993514923822,376,0,10,0.32790479173191356,0.008104699068020693,3.7375901977613504,302.8048610687256,0.13679491847623157,"{""type"":""Point"",""coordinates"":[81.94279760264469,20.609587175118982]}"
393,121.5530003986505,2025-04-01,281.98999509357276,587,0,10,0.49567642956764296,0.01592137139315497,1.7718673395619253,298.97611990429107,0.8856390005615726,"{""type"":""Point"",""coordinates"":[82.9551696274235,22.910968866415384]}"
394,337.8655753168895,2025-04-01,282.88068984803704,604,0,40,0.2760072158749248,0.03190899115080725,3.9986278255794185,298.47297514052616,1.1315576211515084,"{""type"":""Point"",""coordinates"":[81.96516933627345,22.790620548582698]}"
395,41.75305629896744,2025-04-01,283.9724344071888,358,0,30,0.5734203500444972,0.003969403319310061,3.724492098442228,303.75283586411246,0.30744031369942854,"{""type"":""Point"",""coordinates"":[80.33575021207481,21.00169343092237]}"
396,173.27628516429144,2025-04-01,286.0366143272036,804,0,40,0.3813757604117922,0.01136572878832709,4.195100999606376,299.72195207504996,0.6399781613865186,"{""type"":""Point"",""coordinates"":[83.05158478240365,19.52803431482527]}"
397,240.34895447912737,2025-04-01,289.79509530748635,241,0,10,0.31845153998304604,4.033021258820213E-4,8.376379792439646,303.8450280144101,1.72382624431635,"{""type"":""Point"",""coordinates"":[81.24712013063927,18.420248707976516]}"
398,160.2375375248918,2025-04-01,280.33774434952517,526,0,10,0.42857142857142855,0.0029316715526093162,2.953989634623493,302.52474457877025,0.72412808534689,"{""type"":""Point"",""coordinates"":[80.71272869047758,21.909532085450316]}"
399,324.2998932373033,2025-04-01,285.90260437556674,230,0,10,0.287478944413251,0.018555106930683962,3.4222671587483027,301.83023425510953,0.4215198277672653,"{""type"":""Point"",""coordinates"":[82.89191229246931,21.91130505761359]}"
400,43.72610679154339,2025-04-01,280.81195844922746,917,0,10,0.494534790722474,0.03404969196791541,15.642577116852866,295.86164120265414,0.980105830195936,"{""type"":""Point"",""coordinates"":[83.71210335722921,23.0697343368587]}"
401,25.140458900260445,2025-04-01,286.0109098071144,267,0,40,0.4391829155060353,0.010170000009487978,3.58124449693476,299.6824652353922,0.9752827168531617,"{""type"":""Point"",""coordinates"":[82.79674484186845,24.04556698402485]}"
402,121.9379479002375,2025-04-01,284.9509500321887,406,0,10,0.2914743745445713,0.012932123951863161,5.24516619588584,302.9539844876244,0.1666626329668671,"{""type"":""Point"",""coordinates"":[82.32785914973299,20.76444410334248]}"
403,216.01496192136167,2025-04-01,281.2900148573376,501,0,40,0.2319127849355798,0.0167040995883454,1.7194727697150622,298.89597202482673,0.7873428783431958,"{""type"":""Point"",""coordinates"":[81.70916307154086,23.496681627362914]}"
404,111.1881498285808,2025-04-01,291.24155875614707,914,0,30,0.4585166561910748,0.030400278382252566,19.712766990020242,298.26607758658275,0.9257589089110919,"{""type"":""Point"",""coordinates"":[84.32311405556747,19.115049679557927]}"
405,183.242005007579,2025-04-01,280.0756361370995,623,0,10,0.31813312930374904,0.0019116721677292503,8.756470828490045,302.48889078412736,0.6035386178224786,"{""type"":""Point"",""coordinates"":[80.78452803546375,21.695594523506486]}"
406,139.06954596088895,2025-04-01,282.4745735440935,595,0,10,0.4110429447852761,0.026120739393185488,25.238304530421793,298.3506839388893,0.7646846610771242,"{""type"":""Point"",""coordinates"":[83.02471493882436,23.463472208389167]}"
407,270.0,2025-04-01,289.20309498196553,120,0,40,0.2073255010366275,0.0025210402535904564,1.4692468560334175,304.04382242475236,1.316673480774951,"{""type"":""Point"",""coordinates"":[80.52111462558008,18.79146181153128]}"
408,169.73029463166597,2025-04-01,282.76340352921255,490,0,30,0.3076501233890869,0.0283390454577912,2.8254827284221706,298.8600891658238,0.8777288314419235,"{""type"":""Point"",""coordinates"":[81.72512015537485,23.092928726036778]}"
409,241.20134724680275,2025-04-01,283.2291773387364,510,0,10,0.3518427518427518,0.009800972752522341,20.286084594623482,300.7873061952137,1.0387418341921466,"{""type"":""Point"",""coordinates"":[81.88431784432971,22.402070748832895]}"
410,-0.0,2025-04-01,280.3462078911918,573,0,10,0.34696445423089023,0.002913417630146853,0.0,301.79878080458866,0.9266388314382243,"{""type"":""Point"",""coordinates"":[80.4830616834059,22.38947786768801]}"
411,227.56497592905424,2025-04-01,280.19524179186135,393,0,20,0.3801030519223147,0.0024128578233231224,0.6872481772786233,300.0531753358387,1.225378587140049,"{""type"":""Point"",""coordinates"":[80.4195972162064,23.90085602221006]}"
413,227.44693414939042,2025-04-01,281.7947697866531,602,0,30,0.34306569343065696,0.026926847510289065,0.6857045748077825,298.3239796048119,1.0229950362259426,"{""type"":""Point"",""coordinates"":[82.15690828089208,23.35925112832548]}"
414,270.0,2025-04-01,282.94171337854294,630,0,40,0.22957198443579765,0.0030764959382523216,1.4807728373899032,302.2997806185768,0.3750053300686317,"{""type"":""Point"",""coordinates"":[81.89330829490916,20.06165266242885]}"
415,226.77635890611654,2025-04-01,285.27216352735246,349,0,40,0.17167438782263403,0.002447428517292849,2.706589380001543,303.9312270936512,0.6254675061841695,"{""type"":""Point"",""coordinates"":[80.99287941146778,19.975064753630996]}"
416,180.0,2025-04-01,284.14389669327505,634,0,40,0.24116161616161616,0.00564368288988959,2.3174627380815918,301.98836762564525,0.8007452466453469,"{""type"":""Point"",""coordinates"":[82.10779868254777,19.691069106707296]}"
417,295.18757344634395,2025-04-01,287.8858458655221,229,0,10,0.4255025318398036,0.01161575537199866,2.1782917718344503,302.96195974804107,0.6016705252747533,"{""type"":""Point"",""coordinates"":[83.0916622954291,19.847652054881497]}"
418,233.0494376970164,2025-04-01,287.85382856641496,772,0,10,0.48461034708578915,0.012341888956974856,6.147988966022563,300.2149184999012,0.953361211334139,"{""type"":""Point"",""coordinates"":[83.63959585211194,19.90632019605505]}"
419,47.51436619752138,2025-04-01,281.6294865835281,424,0,10,0.3560316994423246,0.010693999342869631,0.6865851595428356,299.199241184053,0.644477194475891,"{""type"":""Point"",""coordinates"":[81.1209355956215,23.669852573938947]}"
420,-0.0,2025-04-01,288.0411076772781,127,0,30,0.24034471752314077,0.015811698846768252,1.3909630807829783,303.2991063254221,0.11822769814216004,"{""type"":""Point"",""coordinates"":[83.74338154283,20.790339954726562]}"
422,132.81016441521953,2025-04-01,284.92239720480785,269,0,40,0.20279992222438264,0.007583575658749453,0.6823764253036131,301.8348089853922,0.6977375645753872,"{""type"":""Point"",""coordinates"":[82.58620609670012,22.12904492438512]}"
423,324.6477799821658,2025-04-01,285.73647830599833,343,0,10,0.2346616065781151,0.004292549900959841,3.407498167930161,303.67055466061544,0.7575108935033933,"{""type"":""Point"",""coordinates"":[80.56275534882822,19.990908515464717]}"
424,324.2127738663112,2025-04-01,283.61107140495665,302,0,40,0.26501614639397203,0.013282554559658877,5.131378190764111,301.3744527725947,0.874795775536593,"{""type"":""Point"",""coordinates"":[83.17303916324948,22.362878735366536]}"
425,291.5538469921504,2025-04-01,288.96184335436135,490,0,10,0.29792583280955376,0.0014486781882752098,6.286254975117519,303.9374178023565,1.4382215188343712,"{""type"":""Point"",""coordinates"":[80.61654553964406,18.55945796895227]}"
426,72.4380141494989,2025-04-01,288.0803329376948,934,1,40,0.2922555115884681,0.020233618431042544,1.5365489185459924,297.0179144541422,0.8390879301175691,"{""type"":""Point"",""coordinates"":[82.91047276811632,18.29265856323629]}"
427,203.0497432519248,2025-04-01,285.7424132483346,271,0,40,0.21093167701863355,0.009462507777165285,2.518280243407242,303.6209883008684,0.26599865816776574,"{""type"":""Point"",""coordinates"":[82.59651546652387,19.93718830538213]}"
428,226.95502289259508,2025-04-01,285.51248509543285,324,0,40,0.45972957084068194,0.015919449143360964,2.7155991628356775,302.8277405330113,0.2936611124661765,"{""type"":""Point"",""coordinates"":[82.61144887949935,20.935849279494782]}"
429,156.69731116267022,2025-04-01,292.2748897643316,296,0,10,0.4654947916666667,0.015391501002262942,10.972417074609654,299.8520325251988,1.1942472124849792,"{""type"":""Point"",""coordinates"":[83.0994514967462,18.235878140276785]}"
430,28.322759137328024,2025-04-01,289.1319570541382,200,0,80,0.14653488104815537,0.04195381920809638,2.1062926498524184,301.16965366545173,0.261485243425341,"{""type"":""Point"",""coordinates"":[83.99384179598214,21.91884675895454]}"
431,259.3954890766046,2025-04-01,284.7077917825609,366,0,10,0.27805222300635146,0.009267391972493044,2.518339269918032,302.80233828226727,0.16886290440510815,"{""type"":""Point"",""coordinates"":[81.6849855087845,20.588356660485132]}"
432,12.948148999441983,2025-04-01,285.0164843513852,560,0,10,0.46629213483146065,0.04824634116167914,15.32653278546666,299.1337301163447,0.8780427673391633,"{""type"":""Point"",""coordinates"":[84.34887810951999,22.689777082729904]}"
433,125.14941961711011,2025-04-01,283.59860279446553,543,0,10,0.3536269430051813,0.0034418277072418846,14.201190469877105,302.83792468479703,0.3234967923382766,"{""type"":""Point"",""coordinates"":[82.05696031164537,20.14885578121372]}"
434,151.69455689865825,2025-04-01,286.94180638449535,232,0,50,0.3197242841993637,0.031092765145253054,1.053330772828146,301.6846973782494,0.2742981611937566,"{""type"":""Point"",""coordinates"":[83.14515681243105,21.81502025449453]}"
435,321.6001078832791,2025-04-01,286.4144161315191,734,0,40,0.22605893186003684,0.007000955157231203,2.3656251230209993,301.6444374266125,1.4655437702232403,"{""type"":""Point"",""coordinates"":[81.76287401451576,18.86738952867856]}"
436,324.8529946795444,2025-04-01,289.324549130031,152,0,10,0.2965998785670917,0.0023161045836914695,1.7009484993824808,304.83380917140414,1.4210095626258687,"{""type"":""Point"",""coordinates"":[80.33465756154723,18.7519651453443]}"
437,87.06089279814772,2025-04-01,281.3619607743763,916,0,10,0.42982752789989853,0.014199780635784975,8.970331945078234,298.8889035724458,0.9456670915279457,"{""type"":""Point"",""coordinates"":[81.28014884713545,22.457904572872902]}"
438,256.6497926214564,2025-04-01,287.86500671931674,886,0,30,0.30729465824238944,0.0032899252700318016,7.981584048827479,298.57428768702914,0.6962313295246695,"{""type"":""Point"",""coordinates"":[82.69507013536925,18.32939084095533]}"
439,103.12915923219852,2025-04-01,286.6661658059983,206,0,40,0.5444325481798715,0.02223347347254645,2.040746439195654,302.8557934533982,0.24319870540884592,"{""type"":""Point"",""coordinates"":[83.24408063277714,21.09644469583055]}"
440,-0.0,2025-04-01,280.24058800651915,384,0,40,0.3142570281124498,0.002094241194676272,0.463735342881014,299.68460437229703,1.2595264320237907,"{""type"":""Point"",""coordinates"":[80.56710144852723,24.02539957803409]}"
441,283.1720346442121,2025-04-01,283.91379415421255,416,0,10,0.22660230624832395,0.002719166092823855,2.034226102890945,303.57299722943986,0.3349990614240017,"{""type"":""Point"",""coordinates"":[80.53752796015458,20.58809130227204]}"
442,331.6042311136868,2025-04-01,285.69879345666794,363,0,30,0.23426734037666513,0.04523231308932196,2.1077405913587195,300.06140054975236,0.7163068496970493,"{""type"":""Point"",""coordinates"":[83.84510334642965,22.34767850300068]}"
443,102.93247471768763,2025-04-01,281.93463911328996,478,0,50,0.1818451498071789,0.018624248318623415,2.0712159590299266,299.43157005310064,0.682477203930378,"{""type"":""Point"",""coordinates"":[81.36604749286234,23.291361492971493]}"
444,327.26927072402805,2025-04-01,286.1827557427543,378,0,10,0.18609580330648579,0.013691621236752383,29.997650030034237,302.4760036468506,0.258188182658125,"{""type"":""Point"",""coordinates"":[82.85020373583191,21.014151998318944]}"
445,10.609189195563971,2025-04-01,286.3832882018317,277,0,10,0.30015847860538825,0.0015446565675247825,7.968994874307342,303.76075299580896,0.8240265924993906,"{""type"":""Point"",""coordinates"":[80.50176816865874,19.587836774479815]}"
446,-0.0,2025-04-01,282.64122277214415,349,0,40,0.40736478711162255,0.008152501993130556,0.9274099368670311,302.0769964853922,0.8369377843125054,"{""type"":""Point"",""coordinates"":[81.28615064409692,22.067119649547045]}"
447,139.53563071201478,2025-04-01,288.4533274968465,1076,1,10,0.2591295647823912,0.008539142422627322,15.461518206201466,299.34755080086853,0.6631074501907492,"{""type"":""Point"",""coordinates"":[83.06246376993712,18.758923216937415]}"
448,141.2736754315121,2025-04-01,283.5012371880668,578,1,10,0.4451876625789669,0.029938223175953738,19.430074362905845,298.5825942811512,0.9254198028963231,"{""type"":""Point"",""coordinates"":[82.7861376502118,23.5184629719975]}"
449,157.16045052298136,2025-04-01,280.506678036281,848,0,10,0.3442404006677796,0.023109676651905886,23.284195846938776,298.11706461225236,0.8137460757605637,"{""type"":""Point"",""coordinates"":[81.45263091760323,22.97869371808587]}"
450,175.98765602704646,2025-04-01,295.30280317578996,80,0,30,0.19785565372778716,0.0041912816094864525,6.939145822877268,301.6193374452137,2.4120534567027208,"{""type"":""Point"",""coordinates"":[83.38680038703839,18.11538067823098]}"
451,256.9495797819783,2025-04-01,283.3969310124715,295,0,40,0.22316275490573298,0.007351355962704531,2.052833253350531,302.5276975177584,0.8132986161114171,"{""type"":""Point"",""coordinates"":[81.569093974992,22.000435130459334]}"
452,202.76021014192648,2025-04-01,289.86010065532867,229,0,10,0.41007194244604317,0.017118277363728396,11.413428987246053,302.25073741731194,0.5291781675316329,"{""type"":""Point"",""coordinates"":[84.29261090268288,21.14260871095473]}"
453,90.0,2025-04-01,285.3256710143316,300,0,10,0.23071216617210683,0.0021551869439591087,1.9733665448569677,303.8956058138893,0.7170457569523903,"{""type"":""Point"",""coordinates"":[80.44771823669176,20.009233694477842]}"
454,347.9553063054794,2025-04-01,285.69600327809655,305,0,40,0.19317904993909865,0.020356672220181338,2.369571041846875,303.3284787677583,0.10161071153541086,"{""type"":""Point"",""coordinates"":[82.58867821852454,20.39216807223795]}"
455,170.38982326738517,2025-04-01,288.592371395656,777,0,30,0.3875083948959033,0.020206021480511538,11.59761880094249,299.1129723503476,0.8626109724780234,"{""type"":""Point"",""coordinates"":[83.16620226380405,19.098994356016505]}"
456,270.0,2025-04-01,290.69341073717385,141,0,10,0.38288920056100983,2.039394902695335E-4,0.48750508830384026,304.0560003916422,1.9298099220104004,"{""type"":""Point"",""coordinates"":[81.10830536357832,17.965963133084227]}"
457,180.0,2025-04-01,284.23243254706966,278,0,30,0.24727992087042533,0.007038655095051638,0.4637353428839794,301.8105344318208,0.8977339679029382,"{""type"":""Point"",""coordinates"":[82.64107995820372,22.19774614055326]}"
458,105.1671225138514,2025-04-01,288.9307154246739,246,0,10,0.3439153439153439,3.511778640259422E-4,3.5404619698536037,304.5360273633684,1.7740337890933724,"{""type"":""Point"",""coordinates"":[81.56156382132548,18.418740186139424]}"
459,104.89152644845298,2025-04-01,286.6577545801798,359,0,10,0.4139402560455192,0.03413653593535315,3.6042944683803717,301.305709748041,0.39585248878204676,"{""type"":""Point"",""coordinates"":[82.8674998476526,21.452163869717232]}"
460,294.712955278297,2025-04-01,282.7218531199864,525,0,10,0.6424161073825503,0.033983694724987856,3.3240054283770024,297.9150963737851,1.1239564852182216,"{""type"":""Point"",""coordinates"":[82.00415110475898,23.008836417483177]}"
461,223.84299071514218,2025-04-01,280.079181989034,565,0,30,0.366087477531456,0.003134863786648623,21.443705470411267,300.5394453321184,0.9392605961815671,"{""type"":""Point"",""coordinates"":[80.72375244199438,22.74564291333337]}"
462,338.4669898796741,2025-04-01,289.7885848908197,132,0,10,0.29094638148256663,4.204086589325584E-4,3.9819006918003437,304.5726891472226,1.6748606413128198,"{""type"":""Point"",""coordinates"":[80.54869966332389,18.124167870138365]}"
463,132.07847540379242,2025-04-01,294.0456765946888,624,0,10,0.5109047418038554,0.010882662944744936,14.231985490805677,299.92226945786246,1.4997625705053008,"{""type"":""Point"",""coordinates"":[84.2565682428603,18.935637203600432]}"
464,38.83985937032054,2025-04-01,285.87568496522454,272,0,40,0.5144390493227703,0.019615801386784426,2.380164675540584,302.205594653175,0.5361189544072907,"{""type"":""Point"",""coordinates"":[82.6710941416014,21.333190224922216]}"
465,50.27249524743231,2025-04-01,290.3924667267572,1013,0,30,0.4723796033994334,0.019406097345303408,5.065822438942458,298.35369500659766,1.1291894017644986,"{""type"":""Point"",""coordinates"":[82.99258213546479,18.241378418277062]}"
466,180.0,2025-04-01,289.2711346490043,178,0,40,0.8109222050489439,0.03567607920641791,1.3909630807829783,302.1413159143357,0.34123262988311626,"{""type"":""Point"",""coordinates"":[83.59332712948192,21.29815859667474]}"
467,270.0,2025-04-01,285.6738853000459,241,0,10,0.2248968363136176,0.001819657497357241,1.9734919046319597,304.34788213457387,0.7520136551528187,"{""type"":""Point"",""coordinates"":[80.21242747879703,20.01927140361783]}"
468,14.861246864436435,2025-04-01,285.00444589342385,582,0,40,0.48392240233855965,0.0030454270171631492,3.832631007090423,301.7784648168655,0.8611411013456696,"{""type"":""Point"",""coordinates"":[81.61678031189238,19.58694878155362]}"
469,186.57447530581476,2025-04-01,287.58959284282867,355,0,10,0.4762422923467537,0.00527844052786719,16.775757115219395,302.7195862361363,0.7180418439507025,"{""type"":""Point"",""coordinates"":[83.60821263857677,20.279525909812833]}"
470,180.0,2025-04-01,287.0265929358346,218,0,40,0.6490879761757041,0.028869750313710085,0.4637353428839794,301.6296901702881,0.34620320657413073,"{""type"":""Point"",""coordinates"":[83.02685942842568,21.824013322642163]}"
471,226.67445426958747,2025-04-01,291.02365162259053,240,0,40,0.40346634421604194,0.008986698799084536,2.7014888903261136,300.69417817252025,0.9753668058622544,"{""type"":""Point"",""coordinates"":[83.7046573092982,19.40463470405795]}"
472,180.0,2025-04-01,285.1881907780965,629,0,40,0.29334849346219444,0.005948605351399294,0.463735342881014,301.8084243592762,0.963996790121953,"{""type"":""Point"",""coordinates"":[81.85509602624322,19.577851439832457]}"
473,35.809736963191796,2025-04-01,285.9584660757156,354,0,40,0.3040488922841864,0.042047771029423586,1.715020885923709,299.81964901515414,0.6717074206036568,"{""type"":""Point"",""coordinates"":[84.26109163067258,22.478301758554384]}"
474,187.55816685120652,2025-04-01,284.95591422489707,614,0,40,0.5180851063829788,0.0051284156369675316,3.7371701446363805,301.63505545116607,0.9495780495475997,"{""type"":""Point"",""coordinates"":[81.80229125435343,19.59589976243943]}"
475,180.0,2025-04-01,283.82217166537333,440,0,10,0.589076387994332,0.005358444862316958,2.317462738066788,302.921920685541,0.06847458588434757,"{""type"":""Point"",""coordinates"":[82.00603345421085,20.369426427083997]}"
476,180.0,2025-04-01,287.3270893551054,231,0,10,0.30318257956448913,0.002617122940968386,0.9274099368670311,303.99750546046664,0.9137861208527386,"{""type"":""Point"",""coordinates"":[80.4955171984089,19.398764922666555]}"
477,270.0,2025-04-01,280.52925523122155,562,0,40,0.35136690647482016,0.005955012850712649,1.5012719139754467,301.360379809425,0.8439878863669941,"{""type"":""Point"",""coordinates"":[80.7149911582185,22.105723787855485]}"
478,114.77699029122648,2025-04-01,283.73180475689117,555,0,40,0.24768570783472568,0.028953003101300112,2.2120204166415642,299.05072230384457,0.9780461502071414,"{""type"":""Point"",""coordinates"":[83.48156513418544,22.608556753249847]}"
479,180.0,2025-04-01,281.7617759250459,534,0,40,0.24627249357326478,0.02138707261557471,1.3909630807829783,298.6835115523566,0.7050973360993188,"{""type"":""Point"",""coordinates"":[83.16377413959766,23.284195572377563]}"
480,58.6418238430697,2025-04-01,281.45261251358755,439,0,40,0.22093522093522094,0.010642843656491152,1.781737359792813,299.30273355756486,1.0174124303267829,"{""type"":""Point"",""coordinates"":[83.4229288534262,23.92127074791252]}"
481,148.1911704188385,2025-04-01,288.2056991486322,535,1,30,0.26570736572161274,0.007541047744702212,12.875682332681745,300.77436092921664,0.8917567698173695,"{""type"":""Point"",""coordinates"":[83.79200502024803,19.864734530887976]}"
482,19.684618739472008,2025-04-01,288.7551318123227,208,0,40,0.784724109812449,0.032857286148022524,1.477257559800853,302.09848086039216,0.2866815343357437,"{""type"":""Point"",""coordinates"":[83.43464076430986,21.29033877879384]}"
483,252.459968621007,2025-04-01,294.0173853465489,79,0,10,0.6051819864281308,0.004739689044903628,1.5384107163792364,302.275918778919,1.5154782643349831,"{""type"":""Point"",""coordinates"":[83.50436766373377,18.52221208690595]}"
484,72.87917814361023,2025-04-01,285.1904345466977,400,0,10,0.48197115384615385,0.04546122472758185,1.5748917124277455,299.4074524470738,0.8281560072915616,"{""type"":""Point"",""coordinates"":[83.99576193932555,22.46475087906422]}"
485,107.46405137511682,2025-04-01,287.167787597293,433,0,10,0.3063170441001192,0.001254396848629824,22.025769182817037,303.84305163792203,0.8603901513616967,"{""type"":""Point"",""coordinates"":[80.72929448091543,19.29514822079615]}"
486,266.512385824278,2025-04-01,291.3776845932007,444,0,40,0.3493975903614458,0.007627176456402651,14.901251335800481,300.9335638682047,1.1465320182498087,"{""type"":""Point"",""coordinates"":[83.50075971092348,19.1506851599222]}"
487,19.48047544703037,2025-04-01,290.51137483687626,194,1,10,0.42353626565685987,0.005058171563099734,4.418360899313962,301.13093412490116,0.8699095624187156,"{""type"":""Point"",""coordinates"":[83.75522828937257,19.554516081763907]}"
488,57.59581350500742,2025-04-01,291.2253001530965,95,0,10,0.4210681616996164,2.4084966654669415E-4,1.7302274793196655,303.9344009217762,1.9223971116126903,"{""type"":""Point"",""coordinates"":[81.17702088596891,17.808939497575963]}"
489,134.85937335125175,2025-04-01,286.9418703260876,457,0,30,0.2688293370944993,0.011181639842938296,11.03804880089276,301.7627584366572,0.2990604270493288,"{""type"":""Point"",""coordinates"":[84.04389258395896,20.51736727872752]}"
490,295.2723339366857,2025-04-01,285.9379989533198,582,0,40,0.3403115871470302,0.002923073582600466,1.086125142177848,301.9419111524309,1.1342060557754703,"{""type"":""Point"",""coordinates"":[82.32099140061716,19.228265397542582]}"
491,341.8176866763103,2025-04-01,288.2584335236322,378,0,10,0.5670510708401977,7.94383101414553E-4,7.762050606719568,300.7431225549607,0.9508046840782248,"{""type"":""Point"",""coordinates"":[81.82093542898185,17.924563917151684]}"
492,90.0,2025-04-01,285.7605203446888,265,0,40,0.3059617547806524,0.01950091343397986,0.49497328476837316,303.4725042978922,0.14706104793857822,"{""type"":""Point"",""coordinates"":[82.66900673731827,20.465366434227835]}"
493,-0.0,2025-04-01,289.4657031013852,213,0,40,0.2028811524609844,0.035096424035977236,0.9274099368670311,301.2863819485619,0.23375140418369325,"{""type"":""Point"",""coordinates"":[84.10711171456246,21.668170887911]}"
494,278.79672152895887,2025-04-01,284.0380617323376,266,0,40,0.24798459872458187,0.00907334905142676,3.0295909556608622,302.8454756055559,0.7433309124415681,"{""type"":""Point"",""coordinates"":[81.63253484482762,21.798402328354452]}"
495,160.20647236359338,2025-04-01,284.06882926395957,278,0,40,0.1592520954223082,0.007851468734692446,1.4782650269051385,301.73822811671664,0.8794261352816832,"{""type"":""Point"",""coordinates"":[82.29874091540621,22.150247237717895]}"
496,-0.0,2025-04-01,281.9856296266828,494,0,40,0.8218923933209648,0.02851471524710547,1.3909630807829783,298.81808535257977,0.6390291089869865,"{""type"":""Point"",""coordinates"":[83.71826739164099,23.614634531140023]}"
497,157.0025522289227,2025-04-01,285.21185498010544,709,0,10,0.32426075268817206,0.0027201644706238426,5.024928833953572,301.78934070042203,0.9184923221319027,"{""type"":""Point"",""coordinates"":[81.0815242930748,19.531763477432875]}"
498,180.0,2025-04-01,289.97574774424237,114,0,40,0.3052681091251176,0.02136825244898688,0.9274099368611016,302.6155125754221,0.3398237329257731,"{""type"":""Point"",""coordinates"":[84.01335947698595,20.890660558993034]}"
499,256.7115103056876,2025-04-01,285.97543966202505,557,0,30,0.34029590948651,0.0023220799493302025,2.0167300811652153,301.7899568648566,1.1181693481629746,"{""type"":""Point"",""coordinates"":[82.31117889508734,19.141688580118853]}"
500,52.56599746328318,2025-04-01,289.33133275168285,302,0,10,0.3700743233768055,0.015438499264668337,19.774666603923425,302.25872430347255,0.4331883776117931,"{""type"":""Point"",""coordinates"":[84.34997483743179,20.673065252065513]}"
501,28.0975455237618,2025-04-01,284.3264499391828,385,0,10,0.2815198618307427,0.00808346491331946,1.0512837515008517,302.89017077854703,0.14646387776034794,"{""type"":""Point"",""coordinates"":[81.6230783570943,20.52600808672389]}"
502,7.606186885118191,2025-04-01,285.4179852349418,310,0,30,0.3100030969340353,0.022473531179379336,3.7375859127136266,302.89599527631486,0.1545900450546772,"{""type"":""Point"",""coordinates"":[82.57642137335506,20.600022164987305]}"
503,180.0,2025-04-01,284.2701929637364,455,0,40,0.302071973827699,0.04210037212843787,1.8543341688414132,299.4027265821184,0.8763035212927612,"{""type"":""Point"",""coordinates"":[84.10724230741693,22.61937419967718]}"
504,278.7517529722853,2025-04-01,280.596510160537,452,0,10,0.3161230483846035,0.0023956469821442283,3.045006522896237,301.5451361338297,1.0259378506620056,"{""type"":""Point"",""coordinates"":[80.38886693627867,22.530389807202774]}"
506,199.4962375354381,2025-04-01,284.56180731455487,518,0,10,0.3722138428020781,0.001959057860325686,1.4755307353705795,302.35999615987146,0.7855433238715598,"{""type"":""Point"",""coordinates"":[81.13037430828383,19.694968710173985]}"
507,309.13947782348214,2025-04-01,282.7549981162662,634,0,10,0.4753747323340471,0.03153071027274024,5.85705177495833,298.08198974246073,0.7882663827484573,"{""type"":""Point"",""coordinates"":[82.45893742187523,23.715888902889436]}"
508,352.7423848486033,2025-04-01,294.2535274596441,124,0,10,0.5220392989909719,0.003907950930546633,15.069806431681675,301.94515473502025,1.4227269437756729,"{""type"":""Point"",""coordinates"":[83.03652556792348,17.86225753500952]}"
509,215.26101691437793,2025-04-01,284.5275927498227,631,0,10,0.6358041958041958,0.006486924700688235,1.7033367544624165,301.356246857416,0.7674609769191192,"{""type"":""Point"",""coordinates"":[82.46147688443345,19.450747756977968]}"
510,47.51327465917921,2025-04-01,280.30466910770957,435,0,30,0.32766474339508045,0.003137188367794863,5.476094544773795,299.79230526515414,0.9548580087019551,"{""type"":""Point"",""coordinates"":[80.61064365482396,23.66543532616947]}"
511,270.0,2025-04-01,282.0698755809239,561,0,40,0.23609056775514847,0.021240162067364565,1.5147587744965507,298.8611587342762,0.7722695320504065,"{""type"":""Point"",""coordinates"":[83.01294495535595,23.330013530517213]}"
512,342.26343278907177,2025-04-01,286.9601576214745,699,0,10,0.28540618260244427,0.007626893334339968,4.8572169173041715,301.8526370638893,0.5793836184549028,"{""type"":""Point"",""coordinates"":[83.73804473411917,20.288833231973037]}"
513,76.87506525858403,2025-04-01,286.2049318495251,297,0,40,0.15328683780976407,0.014606895260762087,2.0413912081453995,302.3019836970738,0.21980168990640442,"{""type"":""Point"",""coordinates"":[81.47138555630583,21.146175923016727]}"
514,21.802782823381968,2025-04-01,283.95990185510544,424,0,10,0.46098473941837026,0.004411029033612124,3.9893323841916084,303.25464366731194,0.04471914463486836,"{""type"":""Point"",""coordinates"":[82.10338492301916,20.37558137216069]}"
515,352.4285136952618,2025-04-01,286.05179754892987,308,0,10,0.24448931516069325,0.003111960701893679,3.737285195831713,303.9772592272078,0.7440587401210191,"{""type"":""Point"",""coordinates"":[80.49063536713122,19.880962350093274]}"
516,64.98685157905292,2025-04-01,284.59913757869174,330,0,80,0.07307307307307308,0.010566475205372683,3.2867167379149143,302.6897952670143,0.42359609490700323,"{""type"":""Point"",""coordinates"":[82.43463226175383,21.065269055167967]}"
517,282.88360295696845,2025-04-01,282.2496793383644,316,0,40,0.3162997903563941,0.019916745238255373,2.0789323777941773,299.32458414350236,0.8397284857425277,"{""type"":""Point"",""coordinates"":[83.96082448667516,23.80567290171702]}"
518,312.54828199138944,2025-04-01,283.0470019295102,511,0,40,0.2916586768935762,0.029658319764088503,0.6857669407620463,298.66768310183573,0.9332418246241464,"{""type"":""Point"",""coordinates"":[82.8373292829933,23.382125201578525]}"
519,237.80758958859164,2025-04-01,286.7653101512364,693,0,10,0.3420966151823858,0.005309226326893679,15.294211444606216,301.5206697554815,1.2687912321759445,"{""type"":""Point"",""coordinates"":[81.58932945720056,19.209252044856267]}"
520,115.13990217841032,2025-04-01,287.1852552777245,790,0,30,0.4548472775564409,0.01588554900164496,1.0914704542023168,300.1505002521333,0.6383456109740859,"{""type"":""Point"",""coordinates"":[84.13501379190299,20.18730503654888]}"
521,-0.0,2025-04-01,285.521082333156,319,0,40,0.18906474820143884,0.012661965899418703,0.0,302.86526843479703,0.16166103756139175,"{""type"":""Point"",""coordinates"":[81.44680298085517,20.699220054666153]}"
522,12.029110950751107,2025-04-01,287.2899799801054,693,0,10,0.565967305959583,0.012951048426579348,24.4730408224619,300.6797506241572,0.6148845568402994,"{""type"":""Point"",""coordinates"":[83.97604334589364,20.185263797970173]}"
523,90.0,2025-04-01,291.5758163361323,101,0,40,0.24043577400557387,1.8321197504889142E-4,0.9748507688358679,304.19905517214823,2.0389706845569076,"{""type"":""Point"",""coordinates"":[80.99480843128829,17.949269608830292]}"
524,180.0,2025-04-01,283.5598134994507,335,0,10,0.2901116861890493,0.008167671375225893,1.8543341688414132,301.6750189463297,0.9950872032819141,"{""type"":""Point"",""coordinates"":[82.82286419780587,22.345561928825518]}"
525,295.0961267656312,2025-04-01,288.0200360161918,159,0,30,0.2823275862068966,0.008113803677510134,2.1857049755071944,303.7032230013893,0.5124347070204114,"{""type"":""Point"",""coordinates"":[83.59243116284615,20.49470177771202]}"
526,46.651970182314834,2025-04-01,286.28578308650424,648,0,10,0.2554863180709835,0.0060121588038910545,2.025931591865831,301.58713413420173,1.2326085602876642,"{""type"":""Point"",""coordinates"":[81.65652781695553,19.27608921330409]}"
527,321.441173774354,2025-04-01,286.32644412631083,244,0,10,0.415,0.006798686795185915,2.370840773089054,303.95293817066016,0.3840111264894104,"{""type"":""Point"",""coordinates"":[82.79022068439107,19.79735251595379]}"
528,75.07144200571243,2025-04-01,283.2956649689447,361,0,10,0.20451010886469673,0.0047580025720108665,3.595579155294927,303.40302885146366,0.2947111453201997,"{""type"":""Point"",""coordinates"":[80.42657060729408,21.069496765408346]}"
529,277.4904515712692,2025-04-01,282.7774881181263,530,0,10,0.49191810344827586,0.02971519749636542,3.55283454438627,298.1063107990083,1.1228415050954526,"{""type"":""Point"",""coordinates"":[82.08610842723203,23.017881588633333]}"
530,57.79374630982517,2025-04-01,288.421949613662,327,0,10,0.3484848484848485,0.00415452044482123,1.7397006746859198,303.781272434053,1.0090066627203258,"{""type"":""Point"",""coordinates"":[80.63456116123241,19.12136165061453]}"
531,11.334744117351335,2025-04-01,285.12335400354294,393,0,10,0.28962279423668447,0.02223773520464789,7.523977745572477,302.32294491359164,0.13390759751932838,"{""type"":""Point"",""coordinates"":[82.49705689235427,20.70844409635787]}"
532,-0.0,2025-04-01,289.08485535212924,237,0,40,0.2284166932143995,0.02744105678076636,0.9274099368611016,301.5566456204369,0.2912011154518338,"{""type"":""Point"",""coordinates"":[84.30376622243,21.834039731211238]}"
533,233.32605967896075,2025-04-01,287.30172779446553,321,0,20,0.2644787644787645,0.034046890549610964,3.10278088034655,301.7665891193208,0.37553562735041685,"{""type"":""Point"",""coordinates"":[83.14679190557304,21.434138761070134]}"
534,147.60072503562733,2025-04-01,286.3148300080072,726,0,40,0.21082047842611223,0.00746846418852698,2.7441181092552136,300.98876871381486,1.3590906123543447,"{""type"":""Point"",""coordinates"":[81.66908347631671,19.008337516022333]}"
535,304.4675056127148,2025-04-01,282.9505489440191,438,0,10,0.40167046317388005,0.018818082623432986,2.456774077855147,299.17708251589823,0.8019814355162377,"{""type"":""Point"",""coordinates"":[82.69244329715316,23.757371874428255]}"
536,192.03541308413463,2025-04-01,283.39666943323044,462,0,40,0.25036425449247207,0.004198598079632632,2.3694892733754718,302.8273103804815,0.15124854909185423,"{""type"":""Point"",""coordinates"":[81.98007642430748,20.269112685390112]}"
537,342.8972730248528,2025-04-01,291.6553771155221,247,0,10,0.3071280276816609,0.02905737083430182,17.83806417408747,300.68708065577914,0.42766741290838306,"{""type"":""Point"",""coordinates"":[84.32173523111227,19.815255322282084]}"
538,-0.0,2025-04-01,289.107740629287,133,0,10,0.263219569356965,5.418829249848045E-4,1.3909630807829783,305.17739059811544,1.498008854532949,"{""type"":""Point"",""coordinates"":[80.26413126979259,18.424379932498624]}"
539,304.0809455836682,2025-04-01,287.5317024503435,1175,0,60,0.03344262295081967,0.002646284513424746,4.130726392949989,301.2654614221482,1.3961697348045832,"{""type"":""Point"",""coordinates"":[81.22268724956247,18.702933542342585]}"
540,215.30894588138344,2025-04-01,284.4349762598673,664,0,40,0.18680369634683477,0.005437599830578677,1.7043447635615168,301.9263791583834,0.8321149720595776,"{""type"":""Point"",""coordinates"":[82.04454451313848,19.736632110878464]}"
541,20.01875036358709,2025-04-01,282.0121653874715,387,0,10,0.4527445315724309,0.019935177974652163,7.3627000198225625,298.94323648725236,0.8777235375978798,"{""type"":""Point"",""coordinates"":[83.91595729856334,23.809148029079857]}"
542,222.21894501889986,2025-04-01,282.1287018458048,587,0,40,0.20048260607279308,0.026524277739476076,3.75176977677908,298.4295936766125,1.074668961880504,"{""type"":""Point"",""coordinates"":[82.38003756177693,23.303087061913505]}"
543,47.51097114103816,2025-04-01,281.7745119276501,614,0,10,0.31633784083351807,0.017146053128193728,1.3728844069842456,298.94228317624044,0.777494752762516,"{""type"":""Point"",""coordinates"":[83.47130045909698,23.655302942390538]}"
544,146.80870378264177,2025-04-01,283.5012371880668,432,0,40,0.37110933758978454,0.029938223175953738,2.7686315304790017,298.5825942811512,0.9254198028963231,"{""type"":""Point"",""coordinates"":[82.75029377293279,23.47972941132916]}"
545,344.82520182194975,2025-04-01,282.8080754507156,579,0,40,0.2826282628262826,0.027350368313740603,1.921278209262733,298.3939026423863,1.1252231703224493,"{""type"":""Point"",""coordinates"":[82.09448730088467,22.815834041422626]}"
546,199.67297732476345,2025-04-01,285.1722053800311,301,0,10,0.296375877381464,0.00836923938269507,2.952339514335106,302.730996903919,0.16867398188082905,"{""type"":""Point"",""coordinates"":[81.33305402256943,21.196029144988117]}"
547,272.69612547473315,2025-04-01,286.6875455493019,245,0,10,0.3073825503355705,0.0021821133422363914,9.763160020477072,304.150924591791,0.8479516032138484,"{""type"":""Point"",""coordinates"":[80.3300640935684,19.6403389915294]}"
548,19.56295243119882,2025-04-01,284.80455285026915,349,0,40,0.25565985643291,0.003698753528546206,5.885082810762785,303.7094020843506,0.5685568440335319,"{""type"":""Point"",""coordinates"":[80.88005559613701,20.27711210063546]}"
549,339.94465316447,2025-04-01,282.6900276456561,223,0,50,0.21289765366345184,0.004393907599400393,1.4807145383632088,300.018582934425,0.8675847698392585,"{""type"":""Point"",""coordinates"":[84.07242797156042,24.065544179342552]}"
550,302.0814725866875,2025-04-01,287.85382856641496,707,0,10,0.5763384005287508,0.012341888956974856,1.7457370054176726,300.2149184999012,0.953361211334139,"{""type"":""Point"",""coordinates"":[83.57744161259149,19.903070796200556]}"
551,344.95973954912,2025-04-01,285.6773904618763,250,0,40,0.7671724137931034,0.01434208672518622,1.9200615999702748,302.1149429139637,0.5345479768992355,"{""type"":""Point"",""coordinates"":[82.29610649074058,21.5034240103469]}"
552,318.63765355961124,2025-04-01,287.135340145656,626,0,10,0.41664250507393447,0.004629599266003481,3.7021066270253966,301.53674815949944,1.382681837180438,"{""type"":""Point"",""coordinates"":[81.61564889835218,18.828797101536765]}"
553,-0.0,2025-04-01,289.8532240277245,452,0,80,-0.2550607287449393,3.338478135574974E-4,0.0,301.35224178859164,0.6525772279800479,"{""type"":""Point"",""coordinates"":[82.23570621535886,18.29224041989347]}"
554,150.06290803056328,2025-04-01,289.207594144912,423,0,10,0.4713896457765668,0.003145801238964907,5.866048208183294,303.6172796885172,1.2937431417083511,"{""type"":""Point"",""coordinates"":[80.82911714712066,18.709325834074445]}"
555,106.3497106967956,2025-04-01,291.98199658166794,269,0,10,0.5964856230031949,0.006913664154957644,14.508448738157725,299.5340393611363,1.0612485378206231,"{""type"":""Point"",""coordinates"":[84.14100248527122,19.042438699544377]}"
556,27.9263132011087,2025-04-01,285.70019435882574,581,0,40,0.3670886075949367,0.0054571650552261985,1.0496140704238772,301.39938999357673,1.1385569125102346,"{""type"":""Point"",""coordinates"":[81.67850850641044,19.38923308325666]}"
557,307.1866562525733,2025-04-01,289.7970309938703,247,0,10,0.4280431432973806,0.0011604450273026146,3.0661302509027992,303.95998337155294,1.5734047140498915,"{""type"":""Point"",""coordinates"":[81.133921834702,18.497164354711774]}"
558,-0.0,2025-04-01,281.8952743439447,576,0,30,0.37772087067861715,0.0101895652341355,0.9274099368670311,299.2681469690232,0.8630611372105876,"{""type"":""Point"",""coordinates"":[82.94894707892442,22.929743053470244]}"
559,249.9148172164185,2025-04-01,281.3144056683495,395,0,40,0.25517717441325355,0.009733917527150027,2.698775498039149,299.2263001033238,1.0092841236672043,"{""type"":""Point"",""coordinates"":[83.53531215432118,23.916315131124847]}"
560,90.0,2025-04-01,290.1393917174566,282,0,40,0.3727714748784441,0.011887597255658022,0.4926092819813361,301.4082546234131,0.9649249655432401,"{""type"":""Point"",""coordinates"":[83.66061299088567,19.71455378881697]}"
561,133.1073121793348,2025-04-01,284.69275969550716,366,0,80,0.2657043571237637,0.007630782537411562,0.6785867886906698,303.05329159327914,0.17898665620179838,"{""type"":""Point"",""coordinates"":[81.1273021983622,20.60562601154878]}"
562,148.88889416783132,2025-04-01,286.98978583017987,597,0,40,0.23425143168802837,6.235263871658958E-4,3.786051436959228,301.74889473688035,1.1088684027495939,"{""type"":""Point"",""coordinates"":[82.27484304843085,18.76366310082191]}"
563,79.32285726374435,2025-04-01,290.6774950935727,400,0,10,0.3849397590361446,0.01625183444495093,2.501426465108289,300.3709359850203,0.9984285975696823,"{""type"":""Point"",""coordinates"":[83.57921590691954,19.49132164405926]}"
564,81.44544510331338,2025-04-01,287.8602692286173,606,0,10,0.5215031315240084,0.00931942682738196,12.278880573098142,299.7352344876244,0.8434158425141087,"{""type"":""Point"",""coordinates"":[83.88439524113008,19.921940212368852]}"
565,46.736788752886,2025-04-01,285.92704168955487,247,0,40,0.35939323220536756,0.007471995763729922,0.6766225854065924,303.85589808509457,0.3619646696229785,"{""type"":""Point"",""coordinates"":[82.72053152942556,19.75582566605161]}"
566,139.1064156447602,2025-04-01,285.41583447229294,402,0,40,0.2572570219767305,0.044712396674107424,3.064471272268637,299.5637315114339,0.7168198826979818,"{""type"":""Point"",""coordinates"":[84.199351222908,22.518622986265484]}"
567,-0.0,2025-04-01,287.1828894388108,218,0,40,0.21516164994425863,0.03489519875521552,0.9274099368611016,301.7630374545143,0.14021548316694837,"{""type"":""Point"",""coordinates"":[83.29691455925499,21.751467144475882]}"
568,210.6368182896899,2025-04-01,286.5951499484834,686,0,10,0.2686719869040311,0.013152690939854494,23.85151699205434,302.4931399935768,0.13242311574836088,"{""type"":""Point"",""coordinates"":[82.98754505842379,20.92873656661607]}"
569,47.1286915203487,2025-04-01,287.0265929358346,227,0,40,0.19206680584551147,0.028869750313710085,0.6815916780277803,301.6296901702881,0.34620320657413073,"{""type"":""Point"",""coordinates"":[82.98257542743193,21.825266113335893]}"
570,264.1614267131133,2025-04-01,279.9730389458793,631,0,30,0.24320652173913043,0.006874682717274538,4.549184048658992,300.03803280421664,1.1571384856143203,"{""type"":""Point"",""coordinates"":[80.3001711533872,23.029052329569165]}"
571,208.0988420968736,2025-04-01,287.65562125614707,232,0,40,0.28494041170097506,0.007958935909222475,1.0512964504369073,303.4241702670143,0.47285370373884705,"{""type"":""Point"",""coordinates"":[83.22869669702298,20.534514065266958]}"
572,215.94774347901645,2025-04-01,282.1103389830817,524,0,40,0.2833092833092833,0.023047166280697695,1.718009651027202,298.7254514240083,0.953388883840984,"{""type"":""Point"",""coordinates"":[82.72496375100732,23.16874669474689]}"
573,270.0,2025-04-01,282.18383112407867,441,0,40,0.3227760947397411,0.023075702004383913,1.012893129222599,298.9650696345738,0.8177099130226165,"{""type"":""Point"",""coordinates"":[83.7484558591475,23.710924736349398]}"
574,297.52571676861044,2025-04-01,287.9991213026501,247,0,10,0.26437462951985774,0.0039518348502625145,19.304001575839678,303.3936585017613,0.803262212033497,"{""type"":""Point"",""coordinates"":[83.49321102573967,20.27381513469958]}"
575,201.21879767902107,2025-04-01,285.1304457074119,464,0,10,0.4208754208754209,0.019077601246785036,24.7106260155537,300.33073997497564,0.9130283780856813,"{""type"":""Point"",""coordinates"":[83.19216225384478,22.579603396226258]}"
576,110.17683486182707,2025-04-01,281.66058544885544,510,0,40,0.2470288624787776,0.018219115548085085,2.6870412747986214,298.73354294186544,1.0334069056181603,"{""type"":""Point"",""coordinates"":[82.24918612750037,23.266644651083386]}"
577,270.0,2025-04-01,290.4501594815935,121,0,40,0.4081864695849915,4.2782943720709454E-4,0.9751175429095585,303.48757126217794,1.2330853309597083,"{""type"":""Point"",""coordinates"":[81.67317919885384,17.997912950889894]}"
578,151.69613470066017,2025-04-01,284.6372293290638,259,0,40,0.193815987933635,0.014630379490803591,1.0533151550642619,302.6672180720738,0.7436094016449072,"{""type"":""Point"",""coordinates"":[81.78760069359971,21.805543882592428]}"
579,132.74466300145733,2025-04-01,284.1399904432751,306,0,40,0.27754725680036885,0.009202750735234133,3.4122219442440946,301.78090622311544,1.1726056729963246,"{""type"":""Point"",""coordinates"":[82.59730711549068,22.449665353459377]}"
580,326.32232339818734,2025-04-01,293.07365394773933,631,0,10,0.5166764189584553,0.010294603519390932,20.284162466322215,302.1084034329369,0.9907461692066929,"{""type"":""Point"",""coordinates"":[83.28023769111195,18.591813993597786]}"
581,133.21789207694758,2025-04-01,283.1621491114298,663,0,40,0.23215984776403426,0.0031448028611649192,0.6771918807569708,301.94138218107673,0.48703647316060195,"{""type"":""Point"",""coordinates"":[81.93164845214183,20.006429147202002]}"
582,72.93329216575093,2025-04-01,283.4506361370995,746,0,40,0.16300784742227079,0.05896115522856604,1.5797335554191558,296.7682050977434,1.0085828221093194,"{""type"":""Point"",""coordinates"":[84.19326888741885,22.925486088077086]}"
583,35.83523578309532,2025-04-01,284.055750301906,527,0,40,0.2751918158567775,0.024973767213772646,1.715571574018418,299.1652649470738,0.9493783938982793,"{""type"":""Point"",""coordinates"":[83.35961586028402,22.607460305055618]}"
584,106.38288483083839,2025-04-01,279.9764976047335,535,0,10,0.36171554714601073,0.00715643387312781,12.929313448938567,300.206809543428,1.070710517463622,"{""type"":""Point"",""coordinates"":[80.27143141124975,23.259211292446803]}"
585,244.81961828360085,2025-04-01,283.76078192392987,700,0,10,0.5219454329774614,0.0015249125289429344,5.433462602074086,301.8829105013893,0.50991940654084,"{""type"":""Point"",""coordinates"":[81.52596170130096,19.899113297916955]}"
586,215.2456132560022,2025-04-01,285.2036065147036,607,0,10,0.5753029428736296,0.006619515232991091,1.7030133011684851,302.27766264052616,0.9670861988732233,"{""type"":""Point"",""coordinates"":[82.33259603233476,19.35791959561694]}"
587,324.57482082757565,2025-04-01,284.0640045801799,411,0,30,0.24026845637583893,0.006294595413159243,1.7067992259929838,303.40457507542203,0.19849644420906581,"{""type"":""Point"",""coordinates"":[81.50940242056757,20.410459392459014]}"
588,90.0,2025-04-01,281.48595514751617,436,0,40,0.3726229765833726,0.017932297997425906,0.5068884337525067,298.96322114127025,0.9348551059597131,"{""type"":""Point"",""coordinates"":[83.72613430002589,23.814103312616986]}"
589,321.2673478994317,2025-04-01,283.9552457446144,401,0,10,0.2996223936956165,0.0039030037450302757,2.376592460814315,303.51183419000535,0.3053956591517085,"{""type"":""Point"",""coordinates"":[80.4379957534975,20.762231684826485]}"
590,180.0,2025-04-01,285.24618580227803,422,0,10,0.4251748251748252,0.0015825800227631248,8.7426734122403,302.7352461133684,0.803382180784765,"{""type"":""Point"",""coordinates"":[80.77373632896216,19.713419963912976]}"
591,286.83873855634806,2025-04-01,288.9237167267573,402,1,10,0.38357763652873267,0.005409660153340212,14.115373402257543,299.8596706390381,0.8605863238561485,"{""type"":""Point"",""coordinates"":[83.9366199465369,19.678634812919462]}"
592,147.54835135526474,2025-04-01,291.4720740091233,647,0,10,0.4275318374772589,0.039538355879734866,2.74570956390687,299.0296680813744,0.7938695492072873,"{""type"":""Point"",""coordinates"":[84.25864315582419,19.340045963929665]}"
593,270.0,2025-04-01,283.6571093513852,665,0,10,0.28317506695885075,0.002816649489354006,0.49324481028531075,301.99709274655294,0.5996268503896401,"{""type"":""Point"",""coordinates"":[81.94388802248196,19.920075362811588]}"
594,94.50163736253165,2025-04-01,286.92043245406376,717,0,40,0.2976776917663617,0.013185235075901858,5.887708198089866,298.47383544558573,0.770047312579449,"{""type"":""Point"",""coordinates"":[83.14091163419435,19.132232057098324]}"
595,173.10906257576767,2025-04-01,281.6957068216233,449,0,30,0.30834553440702783,0.012662770562123171,4.196557601228589,298.7989028749012,1.065892722983603,"{""type"":""Point"",""coordinates"":[82.2103300763372,23.16234984274431]}"
596,180.0,2025-04-01,280.7003687449864,350,0,40,0.39932577382776585,0.004381390623997561,4.166350197307866,299.94191115243103,1.0439889769764628,"{""type"":""Point"",""coordinates"":[81.00433630983571,24.012521669616312]}"
597,156.9129223771691,2025-04-01,285.1701185589745,345,0,40,0.3929164360819037,0.00466336529726874,2.5189782874576827,303.4102658771333,0.6706305714549573,"{""type"":""Point"",""coordinates"":[80.75415777028273,20.219879071576823]}"
598,312.5150157279707,2025-04-01,281.528621628171,519,0,40,0.20586438607208307,0.017226027660321108,0.6862010707881933,298.96448834737146,0.738368379542898,"{""type"":""Point"",""coordinates"":[81.58192385681399,23.535008103860196]}"
599,223.5711863005684,2025-04-01,286.3933095932007,663,0,10,0.4210728459864294,0.006782161407421938,6.374310059459675,301.04567673092794,1.397873500773754,"{""type"":""Point"",""coordinates"":[81.6821185535552,18.906917465068876]}"
600,229.66347356483968,2025-04-01,289.1139138993762,572,0,10,0.448033062911373,6.212912129868187E-4,17.359945970481313,301.6406881241572,0.7441444942749583,"{""type"":""Point"",""coordinates"":[81.86098284165153,18.00000639516478]}"
601,88.31620780795728,2025-04-01,288.80023969922746,867,0,10,0.628859278518037,0.010335611514996401,28.850978061022364,300.76123546418694,0.9577360491329007,"{""type"":""Point"",""coordinates"":[83.69234215438131,19.834038750315532]}"
602,12.116634344437593,2025-04-01,285.52638948531376,283,0,50,0.0752453653217012,0.00825479846472632,2.3702071864931784,302.72127196902323,0.34552339298222784,"{""type"":""Point"",""coordinates"":[81.63899491540027,21.31435388607315]}"
603,64.72961179105282,2025-04-01,288.5032135645548,195,0,10,0.3293492695883134,0.00430025380129706,2.171626312395455,304.2668623243059,1.051749911832568,"{""type"":""Point"",""coordinates"":[80.40849089121731,19.24251837515799]}"
604,10.291782776192665,2025-04-01,281.83247788747155,473,0,10,0.46788990825688076,0.018998520784329287,2.8256798921615793,299.77179163978207,0.7218999486042474,"{""type"":""Point"",""coordinates"":[81.14113728007078,23.385163167179662]}"
605,235.3998789872125,2025-04-01,287.8858458655221,279,0,10,0.3268023878769325,0.01161575537199866,17.41042650660683,302.96195974804107,0.6016705252747533,"{""type"":""Point"",""coordinates"":[83.14368579768481,19.827865898502534]}"
606,328.11520089348926,2025-04-01,282.5820826121739,653,0,40,0.2646146504414221,0.06412586789603125,3.8174163105493597,296.08358828226727,0.9460878274366734,"{""type"":""Point"",""coordinates"":[84.33793198152188,23.280704568929465]}"
607,312.62186765843944,2025-04-01,281.95181615012035,1099,0,40,0.2051056338028169,0.03439930301184546,2.0536461446859935,296.9548506055559,0.9729116671390904,"{""type"":""Point"",""coordinates"":[83.55521881661487,23.03697983056099]}"
608,349.9222657619168,2025-04-01,283.72849723270957,436,0,40,0.22647403358063256,0.005088495426129214,2.823787112566903,302.7271022796631,0.18730866709269411,"{""type"":""Point"",""coordinates"":[81.9411803003621,20.319764848512584]}"
609,37.843420828953185,2025-04-01,283.941248348781,367,0,10,0.2856213402732596,0.0022040925549973167,6.432584292470276,303.956809543428,0.38087474935251453,"{""type"":""Point"",""coordinates"":[80.43051130120517,20.588712948566368]}"
610,143.93976408041266,2025-04-01,288.41395691462924,674,0,10,0.3279684677286911,0.019182088189076296,12.422140773072634,300.27413422720775,0.53994595952109,"{""type"":""Point"",""coordinates"":[84.35330485819894,20.54946023059041]}"
611,346.79499386809874,2025-04-01,281.80128601619174,891,0,10,0.520059805631697,0.02021090906138312,17.09827511370634,298.23175839015414,0.8929356315896225,"{""type"":""Point"",""coordinates"":[83.13839251148661,22.85597000433948]}"
612,180.0,2025-04-01,284.9875129972185,627,0,10,0.478900883218842,0.006619843058537356,0.463735342881014,302.03012729826423,0.9947724948673182,"{""type"":""Point"",""coordinates"":[82.07226760883158,19.507032462718154]}"
613,107.24024345785173,2025-04-01,287.30172779446553,230,0,40,0.2054442732408834,0.034046890549610964,3.1263026841235524,301.7665891193208,0.37553562735041685,"{""type"":""Point"",""coordinates"":[83.09676344484306,21.41448882349665]}"
614,14.729173443089566,2025-04-01,295.65128485361737,38,0,40,0.39818341634925286,0.0032220504807938255,1.9172947691595197,301.5785252707346,3.0984289424400147,"{""type"":""Point"",""coordinates"":[83.41783409827497,18.016587303076044]}"
615,72.59144428926183,2025-04-01,287.24631368546255,221,0,40,0.7039644312708411,0.007322194390248171,1.5496600675908674,303.4985866546631,0.4908896515161117,"{""type"":""Point"",""coordinates"":[82.9767300857973,19.841708019867923]}"
616,151.83987846275906,2025-04-01,284.8488062449864,347,0,40,0.18678100815728926,0.01422214727873694,3.152861185732101,302.8085115523565,0.2351808091627646,"{""type"":""Point"",""coordinates"":[82.431449304218,20.923904170785118]}"
617,188.6941617388369,2025-04-01,284.2059432892573,330,0,40,0.2701492537313433,0.007677885107945315,3.2803642564486593,302.89567556835357,0.20316622263777526,"{""type"":""Point"",""coordinates"":[80.64945562348431,20.8990833089493]}"
618,141.12446049484777,2025-04-01,290.7435118811471,170,0,40,0.23655913978494625,0.03100383501524817,2.381357790529713,302.1126933324905,0.26304610168564946,"{""type"":""Point"",""coordinates"":[84.01073683304256,21.518990292918396]}"
619,252.87569040835615,2025-04-01,283.7247886203584,574,0,10,0.5420098846787479,0.029109316282223574,3.1467866428930793,299.59960855756486,0.8980696056745624,"{""type"":""Point"",""coordinates"":[83.60730215130516,22.435253982396297]}"
620,19.675574092937556,2025-04-01,289.2219286873227,218,0,10,0.4610303830911493,0.02034153264040839,1.4771741934403255,301.92672211783275,0.3239000639149667,"{""type"":""Point"",""coordinates"":[84.14156382185423,21.21715228060458]}"
621,327.9691096410774,2025-04-01,280.0919993718465,398,0,30,0.20826905276149338,0.002389105372380129,3.8234753776104435,299.6981832413447,1.2744134584074134,"{""type"":""Point"",""coordinates"":[80.3767858055946,24.02286284726863]}"
622,184.59861075692828,2025-04-01,288.1689152944656,259,0,10,0.29821138211382114,0.006991731338452212,23.285174705511324,303.18157586597266,0.7816999180010299,"{""type"":""Point"",""coordinates"":[83.27448525752712,20.230068673067294]}"
623,174.35082972217123,2025-04-01,282.0637081237066,480,0,40,0.3410064239828694,0.01856070976729285,5.112484349488508,299.29089855012444,0.7042916176739128,"{""type"":""Point"",""coordinates"":[81.46064150083812,23.213588989024533]}"
624,98.20127898773073,2025-04-01,290.1078220094953,934,0,10,0.8536859876195836,0.001594396643589846,15.838390289065059,299.8997097015381,0.7124589633585543,"{""type"":""Point"",""coordinates"":[82.25296737350588,17.968183726793196]}"
625,-0.0,2025-04-01,281.6294865835281,472,0,10,0.5960638812711728,0.010693999342869631,0.4637353428839794,299.199241184053,0.644477194475891,"{""type"":""Point"",""coordinates"":[81.0520896085333,23.663065709102106]}"
626,-0.0,2025-04-01,283.10981001172746,291,0,40,0.29439497118910424,0.00809264402861487,0.9274099368611016,302.3117783864339,0.8505042592827529,"{""type"":""Point"",""coordinates"":[81.67733127291635,22.094787743476097]}"
627,132.76463823844625,2025-04-01,283.71209912073044,527,0,10,0.41438515081206495,0.011511372737835757,2.048111460854213,300.77186139424646,0.9784825247442761,"{""type"":""Point"",""coordinates"":[81.75462430307458,22.35199204512042]}"
628,270.0,2025-04-01,285.785719144912,268,0,40,0.33206314643440393,0.010549353771160952,1.4806313943467981,303.62048258100236,0.17813161275153105,"{""type"":""Point"",""coordinates"":[82.62199711599807,20.04643785898496]}"
629,199.62389649947187,2025-04-01,285.123121488662,355,0,40,0.20014716703458427,0.013342755250882021,1.47669875619982,302.6817909422375,0.07001736686743967,"{""type"":""Point"",""coordinates"":[81.0126114670485,20.791522629689567]}"
630,-0.0,2025-04-01,285.40685358501617,286,0,40,0.18718975180144115,0.007725717835377566,0.0,302.4365109943209,0.43171993207069886,"{""type"":""Point"",""coordinates"":[81.89151969337864,21.340851827182444]}"
631,28.68257073926404,2025-04-01,284.28712585994174,329,0,30,0.30994550408719346,0.0133805892991532,1.0571001212801727,299.4979472387404,0.8937782735037637,"{""type"":""Point"",""coordinates"":[82.82393729894058,23.94564484046234]}"
632,347.71028937305084,2025-04-01,282.3352971304031,745,0,10,0.3977539827631235,0.034332739524792544,2.371754345145393,297.8953732990083,1.065267367114969,"{""type"":""Point"",""coordinates"":[82.44416997101877,23.35397574627329]}"
633,160.42379249488093,2025-04-01,284.42530945369174,422,0,30,0.26099558916194077,0.00433258932108771,4.4209696412511,303.28272565205896,0.39439207394808323,"{""type"":""Point"",""coordinates"":[81.13903978211665,20.390557840338722]}"
634,171.4286425520206,2025-04-01,288.8287518365043,279,0,30,0.25275938189845476,0.0014651439713944114,3.2792993182821277,303.68434279305603,1.4081312105704906,"{""type"":""Point"",""coordinates"":[81.71880378918523,18.593900429730553]}"
635,155.63575158335576,2025-04-01,286.5870816821144,1264,0,10,0.48711554447215294,0.0039747230338562645,3.5590023939529134,298.4880246661958,0.5841100044549549,"{""type"":""Point"",""coordinates"":[83.01696116088517,18.85334666637101]}"
636,340.1285376014961,2025-04-01,280.079181989034,512,0,30,0.18128654970760233,0.003134863786648623,1.4789900905344828,300.5394453321184,0.9392605961815671,"{""type"":""Point"",""coordinates"":[80.65740502690791,22.74101730575266]}"
637,133.52882941612032,2025-04-01,290.1652880623227,173,0,10,0.2875154511742892,1.848958062637962E-4,0.6733135030169889,303.9438642774309,1.8491028731357109,"{""type"":""Point"",""coordinates"":[81.15140068733756,18.208994969152897]}"
638,270.0,2025-04-01,287.7135465258644,584,0,10,0.676595744680851,4.0169280047308575E-4,10.160692003706455,301.3308504195441,0.8698710546922909,"{""type"":""Point"",""coordinates"":[82.28787034056813,18.48696408577028]}"
639,291.7902896011489,2025-04-01,281.8959777014596,989,0,10,0.5617114646187603,0.05874024551386725,20.338159397765892,296.792258762178,0.6413572225374073,"{""type"":""Point"",""coordinates"":[83.97656406381422,23.48992517752479]}"
640,279.5956650194964,2025-04-01,280.4385104860578,602,0,10,0.3927676333691371,0.001307802610348574,5.546636088717754,302.6017302558535,0.5097131318386412,"{""type"":""Point"",""coordinates"":[80.72536976140424,21.592565032362366]}"
641,215.13566528694605,2025-04-01,288.92930870964415,732,0,10,0.3935038804254096,0.011985423378895632,8.444379235225309,299.4023603711809,0.6343306803342565,"{""type"":""Point"",""coordinates"":[83.12594222846973,18.680976040121045]}"
642,75.49486252226795,2025-04-01,281.39084493546255,613,0,10,0.37084048027444255,0.001683893017720095,9.178299625664197,302.4519209180559,0.3109202141039377,"{""type"":""Point"",""coordinates"":[80.72932905437818,21.350847656424307]}"
643,202.92171887822906,2025-04-01,294.0456765946888,544,0,30,0.6007500360594259,0.010882662944744936,7.509254462312364,299.92226945786246,1.4997625705053008,"{""type"":""Point"",""coordinates"":[84.30178323138682,18.92708802503868]}"
644,90.0,2025-04-01,296.8453882762364,17,0,10,0.41165887009715724,7.756821441162742E-4,3.901805486396013,301.44955507914227,3.542757525835268,"{""type"":""Point"",""coordinates"":[84.04443928133115,18.311925606776494]}"
645,28.202232868272777,2025-04-01,285.690504301162,281,0,40,0.8190981432360742,0.010881470851849429,1.0523118074855529,302.58085623241607,0.28049416416195516,"{""type"":""Point"",""coordinates"":[81.5760323047996,21.186459354480515]}"
646,226.5136486900861,2025-04-01,295.6746060961769,25,0,50,0.3182861514919663,0.003804089837025515,0.6738395496486019,301.75432977222266,1.9635537951376092,"{""type"":""Point"",""coordinates"":[83.94758181279146,18.466370472709055]}"
647,287.35858111079057,2025-04-01,284.82299128032867,336,0,40,0.23179160021265285,0.0035398475455750145,1.5539814216035455,303.6000270843506,0.5845438667827413,"{""type"":""Point"",""coordinates"":[80.79696555836553,20.320893714754302]}"
648,227.4976573380212,2025-04-01,280.4743759064447,414,0,40,0.513675783855904,0.004947545342396609,5.4744754430535325,299.8524568648566,0.8098226601793549,"{""type"":""Point"",""coordinates"":[80.6799798097477,23.593784352877222]}"
649,331.82365910752145,2025-04-01,285.91731675465905,310,0,40,0.18068041600564075,0.021223428063343874,1.0520570278120447,302.2922180720738,0.2202676803222332,"{""type"":""Point"",""coordinates"":[81.68902391257937,21.025395722381358]}"
650,78.4888762919276,2025-04-01,283.218830426534,637,0,10,0.7121364092276831,0.053604247384022585,13.677306787925062,297.90198834737146,0.6715269775921802,"{""type"":""Point"",""coordinates"":[84.26188727301717,23.588007013549852]}"
651,125.90236661571956,2025-04-01,283.74779596782867,482,0,10,0.3121311475409836,0.005635248832653872,20.438833685292483,302.6979856036958,0.33129706384754426,"{""type"":""Point"",""coordinates"":[81.44300845066306,20.20847794803108]}"
652,133.18298766253346,2025-04-01,288.1876850582304,205,0,40,0.2969768820391227,0.007923173122357241,1.3550730640064472,303.1567316509428,0.8229322829960148,"{""type"":""Point"",""coordinates"":[83.40308628150494,20.198352290216192]}"
653,233.51362180338117,2025-04-01,285.5638883227394,366,0,40,0.2534158288218613,0.045447724275540224,3.116470734298139,299.79263078598746,0.8133447193698681,"{""type"":""Point"",""coordinates"":[83.81730718631012,22.40807048899805]}"
654,312.4411504561874,2025-04-01,281.21570891425716,403,0,30,0.34852320675105486,0.005880670957516543,1.374138014762966,299.6099205925351,0.777891687313065,"{""type"":""Point"",""coordinates"":[81.10414684564336,23.873116405552533]}"
655,290.23349064841875,2025-04-01,279.64626834506083,659,0,40,0.3176056338028169,0.003248231821011416,2.679841903999976,300.1042762938,1.1392551743549137,"{""type"":""Point"",""coordinates"":[80.60367971572545,22.855960321036086]}"
656,306.0872876755092,2025-04-01,288.2668098722185,314,0,10,0.3738721067085131,0.03211695175642859,8.5954620079713,301.61590785071957,0.28029780273749993,"{""type"":""Point"",""coordinates"":[83.63502358354944,21.927631238968857]}"
657,169.58324570778257,2025-04-01,287.8099936984834,864,1,10,0.38581363004172464,5.432687329758323E-4,35.28851743044278,299.85534004938035,0.7184940607647052,"{""type"":""Point"",""coordinates"":[82.448156929566,18.419175523227974]}"
658,107.07946745362653,2025-04-01,280.23528085436135,506,0,10,0.3011542497376705,0.003349261693905703,1.5785890840692034,300.8155276888893,1.1707989451863594,"{""type"":""Point"",""coordinates"":[80.35361570775136,22.81799815942823]}"
659,140.1475819632093,2025-04-01,287.88873486291794,533,0,10,0.3777955271565495,0.01069712858672034,21.31042810820196,301.63181768144887,0.7806692755359117,"{""type"":""Point"",""coordinates"":[83.73345992412158,20.119542991257063]}"
660,183.4447441268303,2025-04-01,283.18341259729294,686,0,10,0.3430534137109211,0.011650057845066897,8.303894577583101,299.5361378079369,1.1660930499192306,"{""type"":""Point"",""coordinates"":[82.06704484731263,22.64191146272647]}"
661,125.27284550954523,2025-04-01,287.53566101619174,212,0,30,0.24001072673639046,0.002904104404400698,2.4077709839652424,304.1023057301839,0.9214919640117888,"{""type"":""Point"",""coordinates"":[80.40600382032395,19.41992676450963]}"
662,121.93189066559347,2025-04-01,285.56684126172746,307,0,30,0.26747638326585693,0.019122915677975527,3.502802964934548,302.8455162956601,0.2400583314745318,"{""type"":""Point"",""coordinates"":[82.63677588370669,20.800239533218917]}"
663,335.28687969164804,2025-04-01,285.7678329376948,339,0,10,0.21008961168270826,0.012624102048825137,3.568884176743344,302.43624360220775,0.5155499509044702,"{""type"":""Point"",""coordinates"":[82.29247842792311,21.374415516213972]}"
664,98.71050890937408,2025-04-01,288.92930870964415,499,0,10,0.6871974628609581,0.011985423378895632,30.451246504773398,299.4023603711809,0.6343306803342565,"{""type"":""Point"",""coordinates"":[83.13355264511061,18.7176892741073]}"
665,180.0,2025-04-01,280.2175574075608,614,0,40,0.15769828926905133,0.011284815483044497,2.3174627380815918,299.5128863198416,0.7945776510719345,"{""type"":""Point"",""coordinates"":[80.8828306944914,23.299109409479286]}"
666,287.49471158558606,2025-04-01,288.50572472526915,296,1,10,0.27007793968146393,0.004736857824276797,1.5422689751304408,303.4058945973714,1.1678537002795712,"{""type"":""Point"",""coordinates"":[80.45286412599388,18.987387470558883]}"
667,280.5410458762184,2025-04-01,286.62224374498646,295,0,40,0.39473684210526316,0.027928384356449953,2.5333090996676058,301.4244434719994,0.4365190069354767,"{""type"":""Point"",""coordinates"":[82.69281882938077,21.502865736488076]}"
668,132.8072350820047,2025-04-01,284.1764952795846,287,0,40,0.29358044587698096,0.009445326738308779,1.3646346173283224,301.8991400400797,0.5576667044362644,"{""type"":""Point"",""coordinates"":[83.03551314739312,22.143073467018812]}"
669,127.0644032382315,2025-04-01,287.3009953725906,492,0,10,0.43355704697986575,0.003079371862362734,6.13192772954155,302.69701485406785,0.9602542211590984,"{""type"":""Point"",""coordinates"":[80.86570784498225,19.239867882636695]}"
670,90.0,2025-04-01,284.6073569797334,351,0,40,0.1933411214953271,0.00973342578883063,0.9923904417653395,302.9425563812256,0.1467587465764642,"{""type"":""Point"",""coordinates"":[80.66448357291449,20.85167613625082]}"
671,180.0,2025-04-01,289.5546923591977,133,0,10,0.4116161616161616,4.511795567978538E-4,0.463735342881014,303.87848690577914,1.6939089972831076,"{""type"":""Point"",""coordinates"":[80.83997265439527,18.301717728171106]}"
672,144.38268996942713,2025-04-01,287.3108598164149,287,0,40,0.38953168044077136,0.0367437325047959,1.7108873884471978,301.3209627242315,0.37932409275663126,"{""type"":""Point"",""coordinates"":[83.03101429091045,21.472353603054618]}"
673,107.48366371912155,2025-04-01,286.92043245406376,826,0,40,0.29444444444444445,0.013185235075901858,3.084189415149098,298.47383544558573,0.770047312579449,"{""type"":""Point"",""coordinates"":[83.11331233997119,19.098349576941963]}"
674,203.010139315493,2025-04-01,281.6294865835281,505,0,10,0.3898204481377059,0.010693999342869631,8.994367270826148,299.199241184053,0.644477194475891,"{""type"":""Point"",""coordinates"":[81.08355985592445,23.69273135384231]}"
675,90.0,2025-04-01,287.20389134543285,827,0,40,0.29664226205503663,0.001888530664395205,0.48998844762866667,299.3514163607643,0.7362441667408554,"{""type"":""Point"",""coordinates"":[82.8207977457844,18.840536825911354]}"
676,18.617600114147834,2025-04-01,283.12460958390005,346,0,30,0.2930453240104882,0.01318152468676459,6.335640842044891,299.50478898911246,0.8601740347396828,"{""type"":""Point"",""coordinates"":[82.47438819697044,24.02603776010535]}"
677,64.67495363066072,2025-04-01,287.29399667467396,618,0,10,0.46527570789865874,0.0032631478833664573,2.167251838084281,301.758590607416,1.3206335274166394,"{""type"":""Point"",""coordinates"":[81.95632900837553,18.83260592118003]}"
678,69.27724154843287,2025-04-01,286.36044942765005,561,0,10,0.6087246087246088,0.0015995077418793358,2.619342037308916,302.8884908585322,1.3098697177799792,"{""type"":""Point"",""coordinates"":[82.13348421341294,18.949918098812226]}"
679,10.188847920109167,2025-04-01,282.86519273122155,298,0,40,0.33621536647671446,0.007351355962704531,2.8247644347939223,302.34976550510953,0.7694384878867382,"{""type"":""Point"",""coordinates"":[81.43259516517553,21.978131864205917]}"
680,350.0646224441994,2025-04-01,291.05769761403405,127,0,30,0.24871399176954734,1.9137781138311993E-4,2.822551454087812,304.04987362452914,1.969055095073453,"{""type"":""Point"",""coordinates"":[81.08558560596573,17.920165780524428]}"
681,294.7921869730642,2025-04-01,283.8100576400757,366,0,10,0.4075418994413408,0.015394227914761416,5.512550255438319,300.3347334180559,0.9209270986235956,"{""type"":""Point"",""coordinates"":[83.01212719189094,22.512194977912227]}"
682,41.22313745603577,2025-04-01,282.0286913826352,449,0,30,0.2622157716497339,0.014214756302784792,3.0798340731604723,299.05853480384457,0.6968961443650892,"{""type"":""Point"",""coordinates"":[82.11837498507789,24.06476137977486]}"
683,313.04030916371806,2025-04-01,286.1815350396293,304,0,40,0.24097600322645696,0.0198197982835282,0.6794360292440362,302.26335716247564,0.19032716444254794,"{""type"":""Point"",""coordinates"":[81.513223117128,20.960136182245204]}"
684,35.477552052441276,2025-04-01,285.87225537073044,332,0,40,0.2799647473560517,0.02161990325922858,1.7079097768304758,302.72640473502025,0.21345431200413392,"{""type"":""Point"",""coordinates"":[82.73727175162033,20.705753849999645]}"
685,12.254865917223954,2025-04-01,281.7535739626203,600,0,40,0.17765738838034748,0.015174495391796938,2.371440962054185,298.9020755404518,0.8877470776885305,"{""type"":""Point"",""coordinates"":[82.8956173646888,22.961001625279568]}"
686,263.41292697895125,2025-04-01,283.1741236277989,700,0,10,0.6171511161072748,0.013071658425282351,4.035968836040224,300.0983704158238,1.074415555713238,"{""type"":""Point"",""coordinates"":[82.7894382219697,22.51139896690022]}"
687,135.36574002055144,2025-04-01,289.87310986291794,373,1,10,0.2677979325141408,0.0054276309537399925,26.06264240890271,299.9915530795143,0.8029956427278456,"{""type"":""Point"",""coordinates"":[84.00286169090109,19.57865853611307]}"
688,122.30710895119907,2025-04-01,289.2280728930519,227,0,10,0.285677683832949,0.001147287301968447,3.4665410604475113,303.2144650958833,1.6235912639567383,"{""type"":""Point"",""coordinates"":[81.23826619867488,18.464812039963668]}"
689,170.95356601905397,2025-04-01,288.4636685961769,991,0,10,0.5246048314941844,0.001448752694081179,15.13426747168095,298.4569490523565,0.8565132226824222,"{""type"":""Point"",""coordinates"":[82.16561756685654,17.89255183992005]}"
690,160.0065959616804,2025-04-01,282.3660937263852,430,0,20,0.3038906414300736,0.01984659057135474,2.9582900825899747,299.25635265168694,0.6456577978333586,"{""type"":""Point"",""coordinates"":[81.29123778185972,23.62975780133342]}"
691,207.9102656196516,2025-04-01,286.82918198903405,631,0,30,0.271484375,0.004279481582592837,2.098212982906799,302.086454028175,1.1895435185028636,"{""type"":""Point"",""coordinates"":[81.5421086303432,19.27790887006699]}"
692,39.11646592300145,2025-04-01,280.0997304916382,794,0,30,0.21692946058091286,0.009357901625584475,2.389469856102443,298.96883637564525,0.9593132325143358,"{""type"":""Point"",""coordinates"":[81.08673256419534,22.73057487932994]}"
693,243.20688369212976,2025-04-01,289.33133275168285,363,0,10,0.2079744031503815,0.015438499264668337,31.40377207047853,302.25872430347255,0.4331883776117931,"{""type"":""Point"",""coordinates"":[84.28963612542738,20.657181408402174]}"
694,115.24594273074433,2025-04-01,285.793531644912,542,0,30,0.26368396001903854,0.003522174768399111,1.0871857206626667,301.98575183323453,0.9715229381131488,"{""type"":""Point"",""coordinates"":[81.20058599856412,19.42288854781835]}"
695,291.9338133228016,2025-04-01,287.73133972712924,233,0,10,0.29043241402791964,0.01028441112513434,3.719278463770531,302.94082995823453,0.5727330457109043,"{""type"":""Point"",""coordinates"":[83.07332207499283,20.016472015963114]}"
696,-0.0,2025-04-01,285.51677499498635,498,0,30,0.21263482280431434,0.003132509403179995,1.3909630807829783,302.5669925326393,0.9293901702523022,"{""type"":""Point"",""coordinates"":[81.29481475222244,19.47264179305053]}"
697,99.35261480340883,2025-04-01,287.21890599387035,650,0,10,0.5936030103480715,7.296524571884788E-4,21.724499082909475,300.65987641470775,1.023785361645191,"{""type"":""Point"",""coordinates"":[82.4469999785894,18.73369613982101]}"
698,34.521096103302604,2025-04-01,283.12823681604294,404,0,10,0.3435257410296412,0.007027076892804018,6.167464589687173,301.30081530979703,0.9920163758982995,"{""type"":""Point"",""coordinates"":[81.87537656277345,22.303677713304303]}"
699,270.0,2025-04-01,285.71642389751617,294,0,40,0.2705121829935356,0.008806096725415102,0.49770091074231454,302.30279168628516,0.4810628802162886,"{""type"":""Point"",""coordinates"":[82.2354492862136,21.290284475288367]}"
700,6.116538912990371,2025-04-01,285.767908505031,263,0,40,0.5592271072528704,0.014516579322766177,4.653744832757283,302.5064514705113,0.4703833941448003,"{""type"":""Point"",""coordinates"":[82.72954685301909,21.06513978540174]}"
701,258.46440156809575,2025-04-01,279.951252301534,612,0,10,0.31322364411943937,0.007750334553669802,4.627903560300001,300.0307725270589,1.0130818228484564,"{""type"":""Point"",""coordinates"":[80.43182348076078,23.300315690090866]}"
702,47.18398319591243,2025-04-01,283.1588241486323,300,0,40,0.22850844966936076,0.008142309598873965,0.6823012015935991,302.09345853896366,0.812984621530919,"{""type"":""Point"",""coordinates"":[81.58757100912325,22.100153161506384]}"
703,293.4077934220893,2025-04-01,286.5878954841977,893,0,10,0.4028405422853454,0.014476226978253237,6.969359040785818,300.48444393702914,0.5461394864864919,"{""type"":""Point"",""coordinates"":[83.97962970556628,20.289883792028046]}"
704,294.7160898826469,2025-04-01,282.410236676534,459,0,10,0.5772695772695773,0.011348890476178042,5.528353257589453,299.2058794839042,0.8550601297375839,"{""type"":""Point"",""coordinates"":[82.69128255132597,22.989626574584758]}"
705,226.4951820855451,2025-04-01,289.9327208655221,158,0,10,0.2986577181208054,4.5202892298590314E-4,2.692583082075399,304.47396332877025,1.631662585590604,"{""type"":""Point"",""coordinates"":[80.9201438516953,18.354395475004527]}"
706,-0.0,2025-04-01,284.0481993811471,375,0,80,-0.07266881028938907,0.007505210452031008,0.0,302.66556140354703,0.13121548954816714,"{""type"":""Point"",""coordinates"":[81.66260536142941,20.52460214584097]}"
707,299.48992619810156,2025-04-01,285.69432335808165,522,0,10,0.30608108108108106,0.0032532386111725486,5.634094531350991,302.5702419281006,0.9485153643909067,"{""type"":""Point"",""coordinates"":[81.3968793272807,19.513167622220003]}"
708,55.575709263281404,2025-04-01,280.44082982199535,355,0,10,0.4955022488755622,0.0021866283940781273,2.45947384263347,299.82195091247564,1.225507135444789,"{""type"":""Point"",""coordinates"":[80.68621174310935,23.966253218517494]}"
709,299.07246969170484,2025-04-01,280.7385825656709,602,0,40,0.20142729705619983,0.007682578973721377,2.86074466847578,301.41505568368103,0.8776567499888167,"{""type"":""Point"",""coordinates"":[80.80460766562739,22.088509515524596]}"
710,150.62758032762287,2025-04-01,290.6383802777245,641,1,10,0.36904005085823266,0.00425447743410956,24.47047129261257,300.49657540094285,0.7922677786422291,"{""type"":""Point"",""coordinates"":[84.02029319671998,19.481876253972786]}"
711,-0.0,2025-04-01,287.34527201879587,574,0,40,0.8052991961893421,9.393863009918846E-4,0.0,300.28898611522857,1.009989387728346,"{""type"":""Point"",""coordinates"":[82.54784263840783,18.836337831578515]}"
712,287.15108935729074,2025-04-01,284.0508035478138,346,0,10,0.5340425531914894,0.009626122527073733,1.5721970606732878,301.9481832413447,0.6454012129231124,"{""type"":""Point"",""coordinates"":[83.19999442281592,22.20328752947388]}"
713,155.26731994471385,2025-04-01,284.35338678814117,264,0,80,0.20043891733723482,0.004187615923832766,3.5694437402508568,302.91645077296664,0.4269256881697354,"{""type"":""Point"",""coordinates"":[81.37451711870526,21.50553816242394]}"
714,207.75080116461714,2025-04-01,290.7423667453584,92,0,10,0.29743888242142025,3.1195800776373517E-4,1.047917848116583,304.59638241359164,1.892484927407486,"{""type"":""Point"",""coordinates"":[80.85537283177555,18.13723779107744]}"
715,270.0,2025-04-01,292.4304654711769,323,0,10,0.5677359078168794,0.00897184234137427,22.673280301780423,300.94522448948453,1.0739737385018053,"{""type"":""Point"",""coordinates"":[83.18080477283203,18.314256986596757]}"
716,270.0,2025-04-01,289.13095142727803,108,0,40,0.23058599333015722,0.0033679626512039817,0.9804514110620391,304.5983820415678,1.3757624218738231,"{""type"":""Point"",""coordinates"":[80.29154308293685,18.93448863557497]}"
717,123.10376826694176,2025-04-01,282.283766019912,434,0,40,0.18927056247433968,0.01273448985094916,4.237787504547642,299.03981735592794,0.8704112770775582,"{""type"":""Point"",""coordinates"":[82.35832700502164,24.108070859944913]}"
718,266.3819674090524,2025-04-01,287.1088450749715,875,1,10,0.6046304541406946,5.515388774384178E-4,7.308929705576741,299.7551784515381,0.8162286580306363,"{""type"":""Point"",""coordinates"":[82.44531082565811,18.475525178746526]}"
719,294.9488693027741,2025-04-01,284.8979947680519,299,0,30,0.20634920634920634,0.0068400524186600364,1.0992848170337686,302.6623236338297,0.5511321610144487,"{""type"":""Point"",""coordinates"":[81.84404570324337,21.496020460217395]}"
720,90.0,2025-04-01,281.65281945183165,482,0,40,0.43522654754307594,0.015090631656597964,0.504533889940061,299.29270635332387,0.6738899321741185,"{""type"":""Point"",""coordinates"":[81.4178913530382,23.19993557497217]}"
721,141.51314181852422,2025-04-01,291.31810265495665,185,0,40,0.40080477990488966,0.00431066971297156,2.368473938669566,301.3828000568208,0.910476647701165,"{""type"":""Point"",""coordinates"":[83.83075599035199,19.382579074138224]}"
722,349.93449359845675,2025-04-01,282.8307921545846,649,0,10,0.3745583038869258,0.002930434756230227,2.823680248991253,302.1296494801839,0.37877952670683324,"{""type"":""Point"",""coordinates"":[81.81671128424236,20.126462707931484]}"
723,313.8911145859712,2025-04-01,283.57738581157867,604,0,10,0.5593313993645531,0.023470195345829836,13.775306924669833,298.78466133844285,0.77049489061263,"{""type"":""Point"",""coordinates"":[82.85047960684716,23.62121224401768]}"
724,180.0,2025-04-01,282.2781682241531,332,0,40,0.18631346578366445,0.0015439711141098655,0.9274099368670311,303.1511629195441,0.4238055450191321,"{""type"":""Point"",""coordinates"":[80.25819602982648,21.398614453785438]}"
725,180.0,2025-04-01,288.50124300093876,169,0,10,0.6766630316248636,0.02740547280783545,0.463735342881014,302.668014435541,0.2895326413754422,"{""type"":""Point"",""coordinates"":[83.57364436159389,21.13206341782507]}"
726,190.2474514174696,2025-04-01,280.2063211259388,884,0,10,0.38150192339856165,0.007287221364926211,8.421553924944964,298.57303210667203,0.947922047245845,"{""type"":""Point"",""coordinates"":[81.06687933882438,22.79254955958321]}"
727,28.246055434125132,2025-04-01,291.661463192531,185,0,40,0.7733678458441184,0.03879541378493201,1.0527437971685845,301.69577671232673,0.337911034391011,"{""type"":""Point"",""coordinates"":[83.83467373780697,21.45610118543808]}"
728,96.77791060095892,2025-04-01,290.56328378404885,195,0,10,0.30663918739879287,1.7534416193853986E-4,3.9231995876272547,303.9523975735619,1.8847353535480476,"{""type"":""Point"",""coordinates"":[81.24942138050686,18.045212845703386]}"
729,31.931588472937182,2025-04-01,287.739826520284,556,0,10,0.5345516847515706,0.010617243461560122,21.356396266397834,301.2054609571184,0.735847746170313,"{""type"":""Point"",""coordinates"":[83.82370437533055,20.069966024616992]}"
730,274.1027966154837,2025-04-01,285.4422423498972,308,0,10,0.2577751196172249,0.006730096750210635,6.4543279920730185,302.4109866732643,0.45778051461643404,"{""type"":""Point"",""coordinates"":[82.21100435212615,21.1738703974821]}"
731,39.10206189349286,2025-04-01,288.30621533166794,390,0,10,0.43722172751558325,0.00336578708166968,7.721605062202177,302.41585786002025,1.264066892394396,"{""type"":""Point"",""coordinates"":[81.14700852895109,18.832114594363954]}"
732,203.89254393710715,2025-04-01,288.4638720466977,757,0,10,0.34791666666666665,0.006413566284130923,11.99468566491629,300.48982665652323,0.9407658221528659,"{""type"":""Point"",""coordinates"":[83.82154332821885,19.848466244577864]}"
733,227.64315495340148,2025-04-01,289.36996509915303,871,0,30,0.24106113033448673,0.0019878469037521995,15.445740091876292,298.4756258101691,0.8472808975832417,"{""type"":""Point"",""coordinates"":[82.26637174749592,17.938497635604165]}"
734,347.79259597038885,2025-04-01,280.3462078911918,503,0,10,0.49281553398058253,0.002913417630146853,2.3710156457661316,301.79878080458866,0.9266388314382243,"{""type"":""Point"",""coordinates"":[80.52116649877729,22.41363200444467]}"
735,238.07303872009396,2025-04-01,284.52670338040303,362,0,10,0.25654450261780104,0.011258559637020937,6.980570364404522,302.7865272703625,0.24029272928688952,"{""type"":""Point"",""coordinates"":[82.04659214455137,20.829033037027592]}"
736,138.19230569962372,2025-04-01,288.8242759250459,720,0,30,0.4844546800460602,0.014771553091954104,11.657369222559792,298.9220601944697,0.7206919676154306,"{""type"":""Point"",""coordinates"":[84.07212108911442,19.680210666351087]}"
737,166.48955191783764,2025-04-01,280.94713678814117,703,0,10,0.3797661413319776,0.008452611379574648,4.2844900405052755,300.3186550140381,0.9279132292086747,"{""type"":""Point"",""coordinates"":[80.88716105170977,22.349933717630964]}"
738,180.0,2025-04-01,285.4030635924566,262,1,40,0.204101373573225,0.011934073977421633,0.9274099368611016,302.16189929417203,0.5937071160600965,"{""type"":""Point"",""coordinates"":[82.06253509850426,21.56702021993783]}"
739,252.44919692689376,2025-04-01,289.79535107385544,93,0,40,0.6801895173230678,5.822054671753563E-4,1.5374966564378139,305.4602972666422,1.5498460051314387,"{""type"":""Point"",""coordinates"":[80.37513008230182,18.4093692031566]}"
740,90.0,2025-04-01,282.6411239533198,568,0,10,0.3336308195745947,0.0424665085601319,10.94372481567227,297.7691002800351,1.091126941909668,"{""type"":""Point"",""coordinates"":[81.75426837515663,22.942495859851963]}"
741,11.17790147222544,2025-04-01,279.88935102735246,741,0,30,0.17541899441340783,0.010619270019482485,5.185635393843607,298.49280865987146,0.7640901815715988,"{""type"":""Point"",""coordinates"":[81.1915684574071,23.057799936139233]}"
742,270.0,2025-04-01,288.85531666165303,99,0,80,0.0420899854862119,0.004175382070492617,0.4904233101340202,304.17074067252025,1.2984081056574441,"{""type"":""Point"",""coordinates"":[80.2716985094811,18.989092489167938]}"
743,65.39391604788965,2025-04-01,280.04318868546255,453,0,40,0.30443703513721465,0.0032465777921188987,1.1136222595794536,299.6665844690232,1.0423144856226632,"{""type"":""Point"",""coordinates"":[80.45876649039796,23.662232928503585]}"
744,288.8390063452425,2025-04-01,283.91600885845367,577,0,10,0.3124100201554852,0.003657864742230288,5.725443315620702,302.7605553581601,0.2883311957968505,"{""type"":""Point"",""coordinates"":[81.55660374679303,20.237737812909984]}"
745,180.0,2025-04-01,283.7379257111322,369,0,30,0.19766177270255575,0.0051076881217468895,0.4637353428839794,303.13870012192496,0.26562629139847804,"{""type"":""Point"",""coordinates"":[80.50911986760931,20.779791261549082]}"
746,139.61664160121217,2025-04-01,281.94596840086433,573,0,10,0.25687203791469193,0.010986985974263064,5.46266291440089,299.4226647331601,0.9971729601497604,"{""type"":""Point"",""coordinates"":[83.33740190100323,23.875843631019993]}"
747,60.783090504285575,2025-04-01,282.8999130158198,417,0,10,0.25295248558088435,0.0032845459508408226,5.681721256569782,303.10770007542203,0.1972967073381755,"{""type"":""Point"",""coordinates"":[80.71099659345106,21.23319668154553]}"
748,51.14826547891529,2025-04-01,287.8426620392572,589,0,10,0.45777468222183526,0.010256233029316775,4.4267527882042215,300.252469653175,0.7918984038162844,"{""type"":""Point"",""coordinates"":[83.85368568352683,19.989176526709137]}"
749,121.61617273147111,2025-04-01,283.18341259729294,518,0,10,0.37062037929926067,0.011650057845066897,5.2926646349786415,299.5361378079369,1.1660930499192306,"{""type"":""Point"",""coordinates"":[82.14905259160442,22.573578907840744]}"
750,75.94369005591597,2025-04-01,292.8810444332304,323,0,10,0.5025025025025025,0.001780348234127871,16.695425112004457,301.45004336039227,1.2563690960273532,"{""type"":""Point"",""coordinates"":[83.63024765072653,18.94177181283541]}"
751,340.0397326958604,2025-04-01,281.8408716746739,559,1,40,0.2303058387395737,0.024876581840466372,1.4798204892020863,298.6917425791422,0.6285924350080382,"{""type"":""Point"",""coordinates"":[83.34149273935634,23.392307265668183]}"
752,208.24469030356497,2025-04-01,285.03183614640005,292,0,40,0.4130596459913729,0.00568667273993384,1.0527303254778644,302.8104995545887,0.3871158972234989,"{""type"":""Point"",""coordinates"":[81.48183527207541,21.44785341357007]}"
753,72.61556146257156,2025-04-01,287.88873486291794,328,0,10,0.4217982075744435,0.01069712858672034,6.1843580621080605,301.63181768144887,0.7806692755359117,"{""type"":""Point"",""coordinates"":[83.66406161719293,20.074524774462216]}"
754,324.54499815168543,2025-04-01,287.70653620220367,163,0,40,0.24875183553597652,0.009108798913906924,1.7074312548157142,303.2518476758684,0.22832567457952838,"{""type"":""Point"",""coordinates"":[83.7800334218492,20.57940493956266]}"
755,312.7438620118298,2025-04-01,283.1741236277989,358,0,10,0.5017241379310344,0.013071658425282351,4.771775630108683,300.0983704158238,1.074415555713238,"{""type"":""Point"",""coordinates"":[82.82072462926155,22.452662408850614]}"
756,313.5821560985665,2025-04-01,294.467603910537,75,0,30,0.5063251106894371,0.0028214029597748436,1.3451242143489828,301.7508653004964,1.8609807823645461,"{""type"":""Point"",""coordinates"":[83.12766758535749,17.881487577149336]}"
757,19.749276151322466,2025-04-01,282.96247114454,291,0,40,0.24093002358755475,0.006077455692242495,1.477854866934387,302.6195583343506,0.694311193512855,"{""type"":""Point"",""coordinates"":[81.4279375903563,21.806023362839042]}"
758,334.946175174646,2025-04-01,294.75525969550716,41,0,10,0.2766645119586296,0.006173434071492068,4.597307313081653,301.83002499171664,1.855045245325387,"{""type"":""Point"",""coordinates"":[83.32830845331861,18.051224668011418]}"
759,82.52720522588282,2025-04-01,279.70339143843876,628,0,10,0.2926315789473684,0.008519532494496218,7.0950161960597375,299.40670258658275,0.9014431008725344,"{""type"":""Point"",""coordinates"":[80.66711237454301,23.33812010686179]}"
760,180.0,2025-04-01,280.7385825656709,578,0,40,0.2385542168674699,0.007682578973721377,0.4637353428839794,301.41505568368103,0.8776567499888167,"{""type"":""Point"",""coordinates"":[80.75076314800201,22.058045130418634]}"
761,-0.0,2025-04-01,285.8517766225906,294,0,40,0.185444366689993,0.016589718275021426,1.8543341688414132,302.2646185557047,0.25767083033461646,"{""type"":""Point"",""coordinates"":[81.6732818257218,21.082785756963574]}"
762,294.8719084300858,2025-04-01,284.8499048777989,229,0,10,0.33518197573656844,0.013406278901051394,1.1024681515345387,302.017844699678,0.3688575606195319,"{""type"":""Point"",""coordinates"":[83.20893412156772,22.001155904637976]}"
763,-0.0,2025-04-01,287.7179875600906,176,0,10,0.3288429875767101,0.017170565538357607,0.0,303.24511637006486,0.1935185785647845,"{""type"":""Point"",""coordinates"":[83.46653587158029,20.76725075371109]}"
764,327.3360194912583,2025-04-01,285.5645044871739,342,0,40,0.7793240556660039,0.01048614304537665,2.752204101240581,303.4666565486363,0.057778493552134054,"{""type"":""Point"",""coordinates"":[82.16034974103273,20.62750077172494]}"
765,144.5395727975452,2025-04-01,287.70653620220367,189,0,10,0.24781544914365605,0.009108798913906924,8.47784221890117,303.2518476758684,0.22832567457952838,"{""type"":""Point"",""coordinates"":[83.82199829506636,20.610008990127373]}"
766,310.92103939701866,2025-04-01,283.71209912073044,568,0,10,0.6195749775516313,0.011511372737835757,10.500660413492692,300.77186139424646,0.9784825247442761,"{""type"":""Point"",""coordinates"":[81.7853081344845,22.38252539106101]}"
767,196.14734195313827,2025-04-01,285.34115650540303,536,0,10,0.5982211910286156,0.0016479216145981468,10.502198022330209,302.00435883658275,0.8327271209332339,"{""type"":""Point"",""coordinates"":[80.90326745813029,19.616298862700404]}"
768,247.7392137324689,2025-04-01,282.4996444611322,464,0,30,0.2784484464674451,0.00681853514189612,4.884830200652571,299.32381103152323,0.8542779783154428,"{""type"":""Point"",""coordinates"":[82.65143496027318,22.928050723283047]}"
769,221.44658969632727,2025-04-01,291.46766785212924,470,1,30,0.5356651901634336,0.0061756096410263694,7.38301683919353,300.93848737080896,1.0266936407026326,"{""type"":""Point"",""coordinates"":[83.65337127213564,19.320501603678647]}"
770,180.0,2025-04-01,289.13095142727803,107,0,40,0.19291180024164317,0.0033679626512039817,0.463735342881014,304.5983820415678,1.3757624218738231,"{""type"":""Point"",""coordinates"":[80.31349070169874,18.908073151954174]}"
771,107.48305726968626,2025-04-01,286.13118394215905,586,0,10,0.6005772005772005,0.0015771709012497581,1.543264440226586,301.4786833808535,1.0943057229109217,"{""type"":""Point"",""coordinates"":[82.42274636846956,19.10497117233585]}"
772,190.05612402726135,2025-04-01,283.2424539384388,619,0,40,0.48395662757247176,0.0023335240411270775,2.8235983455103995,301.9981855664934,0.4633233803690098,"{""type"":""Point"",""coordinates"":[81.77770021763509,19.976896246407858]}"
773,19.70372171971149,2025-04-01,281.58665734245665,341,0,10,0.5002888503755055,0.0012827239560593284,2.952905427332557,303.04335739499044,0.35886591973298865,"{""type"":""Point"",""coordinates"":[80.59330721532324,21.443954012715494]}"
774,12.038806708274077,2025-04-01,284.7570035571144,364,0,10,0.22813345356176737,0.0026237241553772606,9.39827629135123,303.69974109104703,0.558516104135358,"{""type"":""Point"",""coordinates"":[80.53701898246912,20.31412600241486]}"
775,60.771156669034944,2025-04-01,289.2129187356858,233,0,10,0.40453508654233195,0.01721488159174811,2.8468034236678683,302.22138822646366,0.36626254161449456,"{""type"":""Point"",""coordinates"":[84.15315916171716,21.161512286441233]}"
776,103.10486968447526,2025-04-01,286.75839283352803,268,0,40,0.25582362728785357,0.029918196015309206,2.0444593871755257,301.59197044372564,0.41821118808306335,"{""type"":""Point"",""coordinates"":[82.91830515687617,21.37963151926162]}"
777,-0.0,2025-04-01,284.9054991858346,343,0,30,0.23688789460601542,0.012608455829571596,0.0,302.78669003077914,0.2624248626206,"{""type"":""Point"",""coordinates"":[82.20366604244153,20.903993692522107]}"
778,133.36254416823235,2025-04-01,292.9491829190935,103,0,40,0.3013731060606061,0.002370523624371401,1.3505715511441292,302.29865292140414,1.0363868956308255,"{""type"":""Point"",""coordinates"":[83.78222880941868,19.192900830131208]}"
779,-0.0,2025-04-01,286.2644498461769,583,0,40,0.2195582405134982,9.393266963471092E-4,1.390963080774087,301.4752479734875,0.8429904281237726,"{""type"":""Point"",""coordinates"":[82.71244726263184,19.28476318216596]}"
780,72.72175925827356,2025-04-01,285.74916780562626,286,0,40,0.7433514071778983,0.015404256396244875,1.5609817633652652,302.4787531353178,0.2264411921327896,"{""type"":""Point"",""coordinates"":[81.57721801858897,21.069285936425626]}"
781,180.0,2025-04-01,288.26197937556674,614,0,40,0.23543888433141918,0.009390430860470644,1.390963080774087,301.19670095897857,0.818235037116206,"{""type"":""Point"",""coordinates"":[83.83982449735443,19.964465295015117]}"
782,180.0,2025-04-01,286.61326285770957,228,0,30,0.23493496150783116,0.007135110311459414,0.9274099368670311,303.24037887936544,0.3215414490409557,"{""type"":""Point"",""coordinates"":[82.89230648503604,20.134887842189936]}"
783,47.0103526411956,2025-04-01,285.1722053800311,295,0,40,0.17266187050359713,0.00836923938269507,2.0394745597786756,302.730996903919,0.16867398188082905,"{""type"":""Point"",""coordinates"":[81.31679995154714,21.22317961522574]}"
784,308.1468466811254,2025-04-01,280.93471468062626,444,0,30,0.3435745937961595,0.009254755787800661,4.495474735027979,299.4842288607643,0.6746200313038632,"{""type"":""Point"",""coordinates"":[80.90145241559381,23.6055250746168]}"
785,160.31544992252077,2025-04-01,285.42108349573044,272,0,40,0.35159500693481277,0.007285060696553103,1.4772569267552187,302.67650122869594,0.31292175406629047,"{""type"":""Point"",""coordinates"":[81.5341232289047,21.289640206998143]}"
786,119.66271536801878,2025-04-01,279.8764929544358,870,0,10,0.5755470649531087,0.005380662493656985,14.664176918868542,300.39651843479703,0.8782914278530416,"{""type"":""Point"",""coordinates"":[80.73330002864529,22.258997029362423]}"
787,86.4049878506628,2025-04-01,292.007648785909,423,0,10,0.5323331608898086,0.04336573403353583,7.355159755816679,299.3718427930559,0.5987836057329243,"{""type"":""Point"",""coordinates"":[84.3916084290105,19.5399049692821]}"
788,180.0,2025-04-01,281.93806870778405,428,0,40,0.2926084300549786,0.02322076480860602,1.8543341688295631,299.0997015635172,0.6630334959859415,"{""type"":""Point"",""coordinates"":[81.35270274955512,23.60314234014401]}"
789,76.8637425292974,2025-04-01,284.81598676953996,304,0,40,0.7856937661591497,0.011708351187657229,2.0396640016236884,302.6051191602434,0.31434088022171836,"{""type"":""Point"",""coordinates"":[82.20821116545635,21.012904880509907]}"
790,276.1371418102717,2025-04-01,289.4202231906709,435,0,10,0.5247181266261925,0.018883021883915774,24.429954202021854,302.0345915839785,0.32216344626396987,"{""type"":""Point"",""coordinates"":[84.23123257271865,21.26966318200276]}"
791,160.29447665439304,2025-04-01,286.7361411594209,268,1,40,0.4761189546410333,0.024266632609318606,2.9529386229647487,301.5704046885172,0.46882616139356154,"{""type"":""Point"",""coordinates"":[82.63737783255529,21.45812098994245]}"
792,168.01865776476103,2025-04-01,284.9875129972185,628,0,30,0.4385139901246179,0.006619843058537356,2.369014219039102,302.03012729826423,0.9947724948673182,"{""type"":""Point"",""coordinates"":[82.07548981405405,19.535154170340544]}"
793,152.14911594835573,2025-04-01,288.6095833097185,307,0,40,0.27093389296956977,0.004349725656460635,1.048883213181917,303.02716854640414,1.1124430730221646,"{""type"":""Point"",""coordinates"":[80.78261920897683,18.86218914692337]}"
794,273.7524800175766,2025-04-01,282.4071849187215,997,0,10,0.542495212844307,0.05944597940916907,13.892941309881234,296.7641360873268,0.8785640492792568,"{""type"":""Point"",""coordinates"":[83.99842717523477,23.33315643232826]}"
795,180.0,2025-04-01,284.72123695555183,422,0,40,0.25945017182130586,0.0416209719705094,2.317462738066788,299.5142232804072,0.8380680767355149,"{""type"":""Point"",""coordinates"":[84.22971895679791,22.626260668174115]}"
796,133.52188522615333,2025-04-01,296.00016761961433,41,0,10,0.41720629047178537,0.0030971638488281883,2.0194546134512685,301.75796863010953,2.984135888093267,"{""type"":""Point"",""coordinates"":[83.70433086146242,18.25185595480695]}"
797,126.37901176490779,2025-04-01,283.26272923605785,550,0,30,0.23212954085437307,0.03535282831663977,6.230282030325881,298.0323885054815,1.1462960176146975,"{""type"":""Point"",""coordinates"":[82.05680837006591,22.946003691062216]}"
798,11.119327468426405,2025-04-01,290.59069147564117,460,0,30,0.5892881173462522,0.017992081456135622,12.555753966398072,299.5075849805559,0.6698171314086796,"{""type"":""Point"",""coordinates"":[84.21354789845978,19.57329353156449]}"
799,301.4081626393819,2025-04-01,281.6765534083048,470,0,40,0.23648,0.025767179541539065,1.7791925559199329,298.9523220062256,0.6694293803254177,"{""type"":""Point"",""coordinates"":[81.50202542982939,23.666565249131704]}"
800,132.7733972228437,2025-04-01,283.541090238662,330,0,50,0.20098089302135486,0.009597109966229311,2.047773291510867,301.29354921976727,0.8742673261175474,"{""type"":""Point"",""coordinates"":[81.69795094139407,22.30954748231381]}"
801,208.2999706822063,2025-04-01,287.97423639751617,203,0,40,0.49985775248933145,0.03685608726019751,1.053276609849995,301.71749360220775,0.10218563619493161,"{""type"":""Point"",""coordinates"":[83.44585452477358,21.78216002084904]}"
802,-0.0,2025-04-01,293.42926801953996,64,0,40,0.37627341439369044,0.004880013279866091,1.3909630807829783,301.0267035166422,1.2514149586357768,"{""type"":""Point"",""coordinates"":[83.86033224856874,18.872754288440202]}"
803,180.0,2025-04-01,281.9979703539894,635,0,10,0.4749316317228806,0.02200807850832831,2.3174627380815918,298.2271255311511,0.7750497617798897,"{""type"":""Point"",""coordinates"":[82.07711656565792,23.623249259380525]}"
804,327.5969994591216,2025-04-01,286.5051143737067,579,0,30,0.2533400554575246,0.0010394326972473777,2.744231180101715,301.41241082691005,1.0861727130994832,"{""type"":""Point"",""coordinates"":[82.38096757338867,19.030866641632635]}"
805,160.29079954740413,2025-04-01,284.8979947680519,292,0,40,0.14627414903403863,0.0068400524186600364,1.477484367941068,302.6623236338297,0.5511321610144487,"{""type"":""Point"",""coordinates"":[81.8315750822101,21.487981103798283]}"
806,240.90644735531131,2025-04-01,287.44125997452505,736,0,10,0.48106008047731375,0.018768551163624636,14.913698386252472,298.78878266470775,0.5935719778489825,"{""type"":""Point"",""coordinates"":[84.16779965263896,20.115434186207256]}"
807,304.84188353035955,2025-04-01,279.5651439030965,586,0,30,0.264050901378579,0.002255799584339968,2.4336886491315926,301.2892883845738,0.7035124376204612,"{""type"":""Point"",""coordinates"":[80.47402841385106,21.853930491511353]}"
808,313.3455071357318,2025-04-01,285.2284449168614,570,0,40,0.21007462686567163,0.005103724412869326,0.6755923143981116,302.2460115523565,1.1411211281388962,"{""type"":""Point"",""coordinates"":[82.17945742205023,19.290892437731074]}"
809,229.78250011662885,2025-04-01,281.50346933092385,517,0,10,0.293586851434096,0.003295274786900393,7.144890975754587,302.49543026515414,0.3684721099592742,"{""type"":""Point"",""coordinates"":[80.8346190961633,21.541749888465834]}"
810,117.12523396359525,2025-04-01,293.8480680102394,103,0,30,0.415678776290631,0.003307300023983828,7.083572235306517,301.7596252986363,1.2997168939313248,"{""type"":""Point"",""coordinates"":[82.91561963156794,17.939682423324957]}"
811,107.17139221654628,2025-04-01,283.3969310124715,290,0,40,0.36171373993723566,0.007351355962704531,1.570394945040173,302.5276975177584,0.8132986161114171,"{""type"":""Point"",""coordinates"":[81.62204244412122,22.02601500440719]}"
812,147.13905278274638,2025-04-01,285.29861790793285,252,0,40,0.2384381057878704,0.013082387261341921,2.7582900696593042,302.41161446344285,0.680704935806844,"{""type"":""Point"",""coordinates"":[81.84477205729985,21.74449829473277]}"
813,294.5929758918573,2025-04-01,282.40856256939117,485,0,30,0.23596047240298867,0.023771332912396304,3.339171972267595,298.9870771680559,0.6994089392350837,"{""type"":""Point"",""coordinates"":[81.89814120470079,23.741273702841504]}"
814,287.388197961627,2025-04-01,285.25943333762035,392,0,10,0.2919903941234638,0.003553988747547976,1.551417376609945,303.8390058789934,0.5676495088263852,"{""type"":""Point"",""coordinates"":[81.13967728795981,20.038671290883194]}"
815,133.4839419169448,2025-04-01,288.90447030748635,295,0,10,0.27056019070321813,0.0010347835349548973,2.020863071418593,304.450729279291,1.6442308161808168,"{""type"":""Point"",""coordinates"":[81.58883489266152,18.480818782278348]}"
816,46.79839943035923,2025-04-01,285.2079429172334,330,0,40,0.22950320024382811,0.002948614172886721,2.031433656417528,303.6830232711066,0.696514287597751,"{""type"":""Point"",""coordinates"":[80.54683180421375,20.096795166714546]}"
817,79.32472022965278,2025-04-01,286.7052748089745,231,0,30,0.26703499079189685,0.0014047048615921653,2.501857381824185,303.85743268330896,0.8627454437915363,"{""type"":""Point"",""coordinates"":[80.5663994653055,19.51968286532451]}"
818,-0.0,2025-04-01,283.67596630823044,305,0,40,0.20419885125767478,0.007000180296849123,0.0,301.7686294374012,1.0386180394110993,"{""type"":""Point"",""coordinates"":[82.26719196075759,22.285657319330674]}"
819,249.72836565078558,2025-04-01,284.64800058092385,368,0,10,0.37756497948016415,0.018365072421978823,2.6750180460682875,300.12173816135953,0.9212045235898246,"{""type"":""Point"",""coordinates"":[83.08947740326644,22.57606741711698]}"
820,193.2982215561519,2025-04-01,285.761799176534,337,0,10,0.4741306191687871,0.01101218383784186,4.280723733591931,303.2809236617315,0.33609527860399674,"{""type"":""Point"",""coordinates"":[82.37676234691635,19.91488341038781]}"
821,160.64764199603792,2025-04-01,290.26894900912333,173,0,40,0.24058323207776428,3.6747973437201154E-4,1.4742252771744981,304.5094392867315,1.6742887056904152,"{""type"":""Point"",""coordinates"":[81.1110351216465,18.364953332193267]}"
822,133.49033166332063,2025-04-01,288.9307154246739,247,0,40,0.29493600445186424,3.511778640259422E-4,0.673790206531702,304.5360273633684,1.7740337890933724,"{""type"":""Point"",""coordinates"":[81.63773920510869,18.442045828383286]}"
823,270.0,2025-04-01,284.11869208017987,266,0,10,0.32690058479532164,0.006696494631718508,1.5024100529968767,301.7595381055559,0.881085862407864,"{""type"":""Point"",""coordinates"":[82.68162181898082,22.21218821680174]}"
824,133.4398523257623,2025-04-01,296.6306724094209,17,0,40,0.24746835443037973,0.002958478741597048,2.0225032625834,301.1499422164191,2.7225759171635495,"{""type"":""Point"",""coordinates"":[84.36503491752656,18.74268552072633]}"
825,180.0,2025-04-01,288.8478064309983,485,0,30,0.32890940565493365,7.026962565888084E-4,1.8543341688414132,300.3020941416422,0.5934828897144772,"{""type"":""Point"",""coordinates"":[82.28612318325074,18.240014514950804]}"
826,213.59768703494208,2025-04-01,288.05264041537333,645,0,10,0.5807975807975808,0.0181357584523667,4.445099937045226,301.4252863384428,0.812964011231364,"{""type"":""Point"",""coordinates"":[83.29800268144095,19.816804138397128]}"
827,312.55868046296376,2025-04-01,282.2016533897036,521,0,40,0.1848151848151848,0.023700746111821047,2.0561093123425707,298.7509641193208,0.8442028923183479,"{""type"":""Point"",""coordinates"":[82.9409165211711,23.33321913263192]}"
828,90.0,2025-04-01,285.66201541537333,269,0,40,0.5709844559585492,0.01576262932295691,2.9760456953340606,302.62558046976727,0.2971205146545617,"{""type"":""Point"",""coordinates"":[82.73610053368182,20.91369025890568]}"
829,46.980342760867046,2025-04-01,285.0068582353138,328,0,40,0.3982102908277405,0.008575322442005984,2.03833051023191,302.73439162118086,0.04972206710019648,"{""type"":""Point"",""coordinates"":[80.87027320352344,21.068117476302486]}"
830,180.0,2025-04-01,284.6073569797334,337,0,40,-0.04154427192614352,0.00973342578883063,0.4637353428839794,302.9425563812256,0.1467587465764642,"{""type"":""Point"",""coordinates"":[80.71481394689998,20.895954357614077]}"
831,144.27982370002024,2025-04-01,285.27934242430194,269,0,40,0.6595883698137863,0.011021348051976076,1.7130921615121546,301.7614563533238,0.5863501269252166,"{""type"":""Point"",""coordinates"":[82.45754250328869,22.016098343302655]}"
832,257.9465931675228,2025-04-01,288.88596793583457,645,0,10,0.7118596093971129,3.94823365162722E-4,19.230577256407052,302.9100217365083,1.7718590740396871,"{""type"":""Point"",""coordinates"":[81.33265633881854,18.372518274200694]}"
833,207.8846435425903,2025-04-01,281.6286611557007,722,0,10,0.4845167344385361,0.021245630793522707,16.814006273447518,298.78165027073453,0.768133955876338,"{""type"":""Point"",""coordinates"":[81.73681215764526,23.60717610178768]}"
834,337.0506913120924,2025-04-01,285.9246467862811,579,0,10,0.4020618556701031,0.006039919667195193,2.5164096202561295,302.15302303859164,1.3616338797622967,"{""type"":""Point"",""coordinates"":[82.04046311820886,19.150145746529976]}"
835,117.63024062256439,2025-04-01,290.2662053335281,333,0,40,0.37976782752902155,0.019794034175824038,4.987170143030204,300.76815278189525,0.9943189097417428,"{""type"":""Point"",""coordinates"":[83.49812705368768,19.570703878731674]}"
837,88.96084145662941,2025-04-01,291.31810265495665,284,0,10,0.5565092989985694,0.00431066971297156,24.05095093088916,301.3828000568208,0.910476647701165,"{""type"":""Point"",""coordinates"":[83.81254427904746,19.401739748112156]}"
838,90.0,2025-04-01,289.58625044141496,194,0,40,0.3652173913043478,0.039000692181538454,3.4830943290701573,301.9414577484131,0.2730411212294517,"{""type"":""Point"",""coordinates"":[83.50289953769716,21.433051601435245]}"
839,309.0429219362838,2025-04-01,286.8124990463256,572,0,10,0.547264374216901,0.004285397343586794,4.40858696681011,302.17977387564525,1.3604675796562444,"{""type"":""Point"",""coordinates"":[82.01157553203012,18.880645929648043]}"
840,221.78053270020416,2025-04-01,290.1078220094953,938,0,30,0.6112696148359487,0.001594396643589846,23.468638107185292,299.8997097015381,0.7124589633585543,"{""type"":""Point"",""coordinates"":[82.2637521893023,17.950536634740658]}"
841,260.4988460535348,2025-04-01,283.2136569704329,790,0,40,0.27738644644158367,0.05566281300063025,5.600950171750822,296.2281544094994,1.051659298212947,"{""type"":""Point"",""coordinates"":[84.12095375479304,23.00050361342476]}"
842,108.99827537707489,2025-04-01,280.2989201772781,420,0,40,0.3814826598790964,0.005818473510693423,4.265731524859829,300.168723605928,1.077715900118206,"{""type"":""Point"",""coordinates"":[80.24112879102127,23.347552607114995]}"
843,315.3846148246208,2025-04-01,280.66996161142987,828,0,10,0.35726981869889796,0.028356539421032778,7.129220930816099,298.30576206388923,0.9154395177606495,"{""type"":""Point"",""coordinates"":[81.49922154851339,22.871365069002856]}"
844,215.46279749403854,2025-04-01,284.7077917825609,350,0,30,0.20659211300765157,0.009267391972493044,1.7075966205190924,302.80233828226727,0.16886290440510815,"{""type"":""Point"",""coordinates"":[81.73126890343323,20.622829964827368]}"
845,79.08041521568956,2025-04-01,292.57477001916794,481,0,10,0.3408263416178566,0.04651554148669135,21.03404841175713,299.90068045116607,0.6560407179563124,"{""type"":""Point"",""coordinates"":[84.39842110030855,19.406684690934295]}"
846,70.77458759018714,2025-04-01,287.78131298791794,570,0,10,0.3648412975235438,0.01890608888144385,26.178866941762223,300.695602326166,0.8133657427285997,"{""type"":""Point"",""coordinates"":[83.34455944710002,19.680890095699972]}"
847,60.78990217923537,2025-04-01,285.71642389751617,297,0,10,0.27116035703293323,0.008806096725415102,5.682921435057768,302.30279168628516,0.4810628802162886,"{""type"":""Point"",""coordinates"":[82.18578173642148,21.274228882580466]}"
848,-0.0,2025-04-01,284.9509790965489,292,0,40,0.19683089873731122,0.008492829613636843,0.4637353428839794,301.7317002614339,0.7085633512265461,"{""type"":""Point"",""coordinates"":[82.50872711898353,22.120349200826034]}"
849,107.28690490283243,2025-04-01,290.32135786328996,123,0,10,0.2675532675532675,0.017287047915409914,1.5602236447093232,302.37219156537736,0.5629577919625116,"{""type"":""Point"",""coordinates"":[84.30600599965338,20.9900111984146]}"
850,39.100895648100234,2025-04-01,281.7585207167126,472,0,10,0.368705035971223,0.014389427714299075,17.91721188101938,298.9722427186512,0.7444747834178344,"{""type"":""Point"",""coordinates"":[82.20931565445414,24.087934832663503]}"
851,270.0,2025-04-01,285.00507368360246,251,0,40,0.14918815663801338,0.0015995226430405296,1.9798644400406593,303.9359936487107,0.48736980783953937,"{""type"":""Point"",""coordinates"":[80.30685841348831,20.5194909438932]}"
852,53.94291108431782,2025-04-01,283.4404171080816,733,0,10,0.5487320501069355,0.018280418925236575,11.654902647187871,299.01715296790707,0.9211617931382771,"{""type"":""Point"",""coordinates"":[82.96132285609494,22.74760970071753]}"
853,75.24960024262113,2025-04-01,281.42862279074535,867,0,30,0.2558911384002655,0.03956508856291663,3.63791279813167,297.5085615430559,1.028587165529197,"{""type"":""Point"",""coordinates"":[81.70569596523376,22.85379103663348]}"
854,90.0,2025-04-01,288.85251485733767,239,0,10,0.41124464705069763,0.021005155854176394,2.990811972983987,301.7759420304072,0.2864975160694401,"{""type"":""Point"",""coordinates"":[84.26164702943764,21.64391699530512]}"
855,14.95830609561995,2025-04-01,284.68423802512024,385,0,40,0.2133242071640429,0.009367557578038088,3.8343549447215244,302.8571013496035,0.13211191808668418,"{""type"":""Point"",""coordinates"":[80.97748480616085,20.652843460621668]}"
856,-0.0,2025-04-01,285.00444589342385,584,0,10,0.32984542211652795,0.0030454270171631492,2.7802885155287553,301.7784648168655,0.8611411013456696,"{""type"":""Point"",""coordinates"":[81.5626151250371,19.641598546868657]}"
857,-0.0,2025-04-01,287.07576402028405,223,0,30,0.17798074549493953,0.006486432962368838,0.9274099368611016,302.99983642214823,0.3880584827594053,"{""type"":""Point"",""coordinates"":[83.12389215407424,20.498890102372023]}"
858,22.889385291706027,2025-04-01,291.76398481641496,142,0,40,0.4984993178717599,0.013405891470860354,2.515298526308298,301.54821114313035,0.8015646792737999,"{""type"":""Point"",""coordinates"":[83.23080144003967,18.66239616269136]}"
859,103.00922443230465,2025-04-01,285.41583447229294,410,0,40,0.23179936693450207,0.044712396674107424,2.0592157597525933,299.5637315114339,0.7168198826979818,"{""type"":""Point"",""coordinates"":[84.21301654161081,22.459066599003823]}"
860,-0.0,2025-04-01,282.2794412431263,552,0,10,0.290534778901206,0.025640117340039126,0.463735342881014,298.80047235034766,0.7840005263947961,"{""type"":""Point"",""coordinates"":[82.99870749493901,23.435910662186814]}"
861,156.31091551791857,2025-04-01,287.765943754287,1014,0,30,0.48751733703190014,0.0011506102609146751,17.650597117724235,299.4033601851691,0.7139068469906686,"{""type"":""Point"",""coordinates"":[82.50716471500697,18.25281193940035]}"
862,160.5010076488337,2025-04-01,291.698816708156,250,0,10,0.5279468732706143,0.028416799716900698,2.949157005699426,300.3055993034726,0.4925686604087685,"{""type"":""Point"",""coordinates"":[84.26907161602031,19.719439585874948]}"
863,-0.0,2025-04-01,280.6312536966233,625,0,40,0.23725671918443003,0.004999937825154177,1.3909630807829783,301.8046169281006,0.7687874097685651,"{""type"":""Point"",""coordinates"":[80.90895981253642,21.91915515117253]}"
864,-0.0,2025-04-01,284.97601513635544,302,0,40,0.18248175182481752,0.012166502289723269,3.2427514650854445,302.65363339015414,0.33404212234336056,"{""type"":""Point"",""coordinates"":[82.06146848765044,20.986925218267654]}"
865,79.60535604375242,2025-04-01,283.09027294885544,785,0,30,0.3260923228832387,0.06877953033919226,2.568541594188495,297.4768988291422,0.6837944374166638,"{""type"":""Point"",""coordinates"":[84.224576142563,23.481422568309874]}"
866,93.85028475744036,2025-04-01,284.78856745220367,814,0,10,0.4530128004995317,0.0023786000537384666,6.872998618687974,302.31885265168694,0.8284422729463147,"{""type"":""Point"",""coordinates"":[81.27108500388437,19.571614905180848]}"
867,-0.0,2025-04-01,289.7970309938703,197,0,30,0.2784838350055741,0.0011604450273026146,0.0,303.95998337155294,1.5734047140498915,"{""type"":""Point"",""coordinates"":[81.1441544510609,18.459078704887744]}"
869,-0.0,2025-04-01,283.5376548312959,320,0,30,0.34419942473633747,0.0037930778789032615,0.4637353428839794,303.41437557765414,0.21206036170866488,"{""type"":""Point"",""coordinates"":[80.98228364290426,21.38861827302706]}"
870,112.12685702194118,2025-04-01,280.7027345839001,445,0,10,0.25666624541893085,0.002942370586346499,8.55433185227554,302.5008943648565,0.576076972683254,"{""type"":""Point"",""coordinates"":[80.93720251723612,21.661262449086408]}"
871,357.9230552574797,2025-04-01,292.59097049349833,188,0,10,0.6042340488091738,0.00748798470969092,13.217871101997284,300.6256676628476,1.2212812100925632,"{""type"":""Point"",""coordinates"":[82.94165985133235,18.03909101483231]}"
872,324.78585670015025,2025-04-01,286.4125618253435,567,0,40,0.27477607627853223,7.142297553528465E-4,1.7023532438842408,301.3399940672375,0.8637714371891023,"{""type"":""Point"",""coordinates"":[82.65317283402591,19.166580948255294]}"
873,195.2817982396863,2025-04-01,281.90408665793285,412,0,10,0.3876500857632933,0.01587923090929877,3.840191341070899,299.28693417140414,0.641779495362908,"{""type"":""Point"",""coordinates"":[81.26292911225225,23.796205059812756]}"
874,208.0901236750341,2025-04-01,284.21576704297746,414,0,10,0.3679786014520443,0.007231818847607485,3.150807149694264,302.8681167420886,0.09017009267307767,"{""type"":""Point"",""coordinates"":[81.9281226438954,20.478662845437984]}"
875,180.0,2025-04-01,285.69879345666794,357,0,40,0.3021296512988533,0.04523231308932196,0.463735342881014,300.06140054975236,0.7163068496970493,"{""type"":""Point"",""coordinates"":[83.84734407197914,22.312778651428474]}"
876,270.0,2025-04-01,280.13379973456966,518,0,10,0.3185867895545315,0.002151729874562136,3.504639671486314,301.79116012936544,0.971742422935612,"{""type"":""Point"",""coordinates"":[80.44229878545785,22.31530693055102]}"
877,-0.0,2025-04-01,291.661463192531,188,0,80,-0.1218872870249017,0.03879541378493201,0.0,301.69577671232673,0.337911034391011,"{""type"":""Point"",""coordinates"":[83.8082569216063,21.52451826476024]}"
878,187.55958659307143,2025-04-01,289.87310986291794,944,0,10,0.565149136577708,0.0054276309537399925,3.737182398222748,299.9915530795143,0.8029956427278456,"{""type"":""Point"",""coordinates"":[84.00436400577547,19.626450092400734]}"
879,211.0834571362497,2025-04-01,295.3788122903733,74,0,10,0.3737151248164464,0.0016522876548279442,3.784952801942591,301.3670820508684,1.4616132011220284,"{""type"":""Point"",""coordinates"":[84.10150036975658,18.578582110831224]}"
880,334.1024874544349,2025-04-01,283.558924130031,436,0,10,0.3955621301775148,0.018694000654171816,4.629535259736233,299.04493849618086,0.7554012109271444,"{""type"":""Point"",""coordinates"":[82.94371349259816,23.737685087293638]}"
881,28.63817289209294,2025-04-01,281.73635623568583,482,0,10,0.4868354854938789,0.007986905388783327,2.1125869135024957,299.1801924024309,0.6574573874264263,"{""type"":""Point"",""coordinates"":[81.04397959123318,23.70683322027584]}"
882,148.21546597640923,2025-04-01,280.23528085436135,558,0,30,0.1898259705488621,0.003349261693905703,3.8132832327912207,300.8155276888893,1.1707989451863594,"{""type"":""Point"",""coordinates"":[80.4213729876127,22.754022488238007]}"
883,250.96041513749032,2025-04-01,288.6672063100906,158,0,10,0.35279315551082036,5.151800441254295E-4,5.667708828064186,305.01757730756486,1.4682726857074317,"{""type"":""Point"",""coordinates"":[80.20104398610147,18.373188679902594]}"
884,287.2048351515814,2025-04-01,283.24094259171255,284,0,40,0.24239177025289327,0.005497904829930178,1.5674359106084246,302.9237575531006,0.6172474825189229,"{""type"":""Point"",""coordinates"":[81.35404478170062,21.730626208730115]}"
885,104.34498020654034,2025-04-01,287.58959284282867,555,0,10,0.27607361963190186,0.00527844052786719,21.406148675197624,302.7195862361363,0.7180418439507025,"{""type"":""Point"",""coordinates"":[83.60394121810688,20.333029036363477]}"
886,227.594616035532,2025-04-01,280.44082982199535,374,0,40,0.5265068990559186,0.0021866283940781273,0.6876373245441961,299.82195091247564,1.225507135444789,"{""type"":""Point"",""coordinates"":[80.66737069902192,24.03501134016999]}"
887,90.0,2025-04-01,280.3406798498971,617,0,10,0.30500658761528326,0.0040191284942139305,2.9957853669907024,302.2941130683535,0.747852317927211,"{""type"":""Point"",""coordinates"":[80.81853673497527,21.882323184589325]}"
888,49.95970859348653,2025-04-01,283.4913436798822,871,0,10,0.6331096196868009,0.05257952433104407,7.8793651160851255,297.98439162118103,0.6966097491768449,"{""type"":""Point"",""coordinates"":[84.22212907567139,23.55369832120546]}"
889,312.90555053190866,2025-04-01,289.347248395284,229,0,40,0.1616850201013809,0.030670585446308962,1.3621141718002285,301.3818176814488,0.2379274361182088,"{""type"":""Point"",""coordinates"":[84.14989166185643,21.652884343897778]}"
890,302.3840010388679,2025-04-01,291.05769761403405,124,0,10,0.35616222187154806,1.9137781138311993E-4,1.7311878992062104,304.04987362452914,1.969055095073453,"{""type"":""Point"",""coordinates"":[81.08000237706788,17.94717572713932]}"
891,103.7888759867718,2025-04-01,285.69600327809655,403,0,10,0.2982908739116414,0.020356672220181338,20.48296301903801,303.3284787677583,0.10161071153541086,"{""type"":""Point"",""coordinates"":[82.56925623662443,20.438404276988532]}"
892,227.1546233989037,2025-04-01,288.4240422475906,219,0,40,0.15217391304347827,0.041982623152684084,0.6819241827421237,301.1738447461809,0.2953597813009495,"{""type"":""Point"",""coordinates"":[83.9930045876015,21.953929746930687]}"
893,180.0,2025-04-01,282.44284107571553,473,0,40,0.1926726991834032,0.018488379530857912,1.8543341688295631,298.4981913793655,0.61777375811365,"{""type"":""Point"",""coordinates"":[82.11484376685566,23.880093569698722]}"
894,284.9933101892239,2025-04-01,286.98247323717385,269,0,10,0.22617033276931753,0.004143106155346743,3.5804441299857888,303.5228728339785,0.4886438373090876,"{""type"":""Point"",""coordinates"":[83.07942668140389,20.3833516456144]}"
895,312.7930094266265,2025-04-01,287.3719182241531,351,0,10,0.26799653078924546,0.046455847434948794,2.0470166759129116,300.46710995265414,0.49047550440530385,"{""type"":""Point"",""coordinates"":[83.97463317955578,22.213220289248444]}"
896,129.1317871709004,2025-04-01,284.3776671545846,404,0,10,0.5419235511713933,0.008407162837933413,20.401305004243756,301.56396402631486,0.8790678342630431,"{""type"":""Point"",""coordinates"":[82.3759085805415,22.20795816945757]}"
897,90.0,2025-04-01,281.5766185124715,685,0,10,0.5224817009410945,0.01608441989893805,2.022162274889897,298.4274719783238,0.8610226041555626,"{""type"":""Point"",""coordinates"":[81.89044311901289,23.5169708426743]}"
898,235.4183635109868,2025-04-01,282.1103389830817,579,0,40,0.2566793893129771,0.023047166280697695,2.449679049021599,298.7254514240083,0.953388883840984,"{""type"":""Point"",""coordinates"":[82.66224949513347,23.1944039820145]}"
899,226.66528557718235,2025-04-01,285.3335416430519,586,0,10,0.2671428571428571,0.006010907106350771,1.3512664205062708,301.89981433323453,1.1366672147442685,"{""type"":""Point"",""coordinates"":[81.98476663971364,19.35276556535933]}"
900,268.4226216073695,2025-04-01,288.3495735440936,592,0,10,0.42137249936692833,0.015410529785107485,16.38516853710852,301.25243477594285,0.4163465289844904,"{""type"":""Point"",""coordinates"":[84.27096915686155,20.56566801927121]}"
901,99.17833751475442,2025-04-01,282.37435963040303,498,0,10,0.3836849885768042,0.022788318209599367,8.655598156497824,298.8248166583834,0.671536760246901,"{""type"":""Point"",""coordinates"":[82.0472241943013,23.708349112730097]}"
902,72.78536129439222,2025-04-01,285.9296458562215,258,0,40,0.20492414822183536,0.015443759374569765,1.5665707039969043,302.06451624915707,0.5523217818146612,"{""type"":""Point"",""coordinates"":[82.27573657258262,21.643941665023757]}"
903,166.77489770856843,2025-04-01,287.5960044406709,554,0,30,0.2890895410082769,0.005923303179692141,4.279441184968917,301.7765698205858,1.249774030956578,"{""type"":""Point"",""coordinates"":[81.50259282040457,18.988099875133596]}"
904,207.82236554304876,2025-04-01,287.21890599387035,464,0,10,0.4762550881953867,7.296524571884788E-4,9.35450831693494,300.65987641470775,1.023785361645191,"{""type"":""Point"",""coordinates"":[82.35795325653001,18.65934559441489]}"
905,252.5964291916775,2025-04-01,288.0303771155221,262,0,40,0.41367323290845887,0.014408277683209292,1.5500899850993632,302.3069653283982,0.710284059650746,"{""type"":""Point"",""coordinates"":[83.17039023878807,19.89013828049103]}"
906,12.324191622531446,2025-04-01,280.04318868546255,426,0,30,0.1906083244397012,0.0032465777921188987,2.3720654013489155,299.6665844690232,1.0423144856226632,"{""type"":""Point"",""coordinates"":[80.52355491332787,23.734270103840515]}"
907,-0.0,2025-04-01,282.044508207412,556,0,40,0.2413265306122449,0.019216331057499758,0.463735342881014,299.08198974246073,0.8524294281489142,"{""type"":""Point"",""coordinates"":[83.09052630948406,23.04151121848244]}"
909,270.0,2025-04-01,283.35048035212924,445,0,10,0.3308169317875438,0.0026829115676392234,0.9955450173140066,302.48969296046664,0.18987924260211037,"{""type"":""Point"",""coordinates"":[80.8193230543706,21.323251733008053]}"
910,257.1000452622518,2025-04-01,282.3551248368763,400,0,30,0.23573073969797798,0.01579886894698035,4.147248724504584,299.30641891842794,0.6536560228252974,"{""type"":""Point"",""coordinates"":[81.22213320208866,23.63476577633808]}"
911,226.9134868694448,2025-04-01,283.6287541616531,352,0,10,0.31202542821825885,0.00283250432486426,6.086933134282007,303.7222950344993,0.3364439982606802,"{""type"":""Point"",""coordinates"":[80.3507288015708,20.716719868309845]}"
912,16.206730643104425,2025-04-01,281.5721077237811,937,0,10,0.45228473733291885,0.044410514049481264,7.205821006507651,297.0699338458833,0.6178642131590142,"{""type"":""Point"",""coordinates"":[83.78014250393517,23.440718367426218]}"
914,332.13835040865484,2025-04-01,286.8124990463256,587,0,40,0.20353443022547227,0.004285397343586794,1.0489873505085583,302.17977387564525,1.3604675796562444,"{""type"":""Point"",""coordinates"":[81.95117825702766,18.938582341311648]}"
915,321.20050444219913,2025-04-01,285.40097095852803,284,0,40,0.26757420218701183,0.014359521083783022,2.378817491958932,302.5710150400797,0.47360507325061607,"{""type"":""Point"",""coordinates"":[82.63447441560834,21.119780043884877]}"
916,65.33302261401428,2025-04-01,282.0704045522781,573,0,30,0.2963975155279503,0.029974388294171206,3.329799461247026,298.38266054789227,1.0630965614065433,"{""type"":""Point"",""coordinates"":[82.51087676723891,23.292095833914814]}"
917,334.5052485529453,2025-04-01,291.7809700284685,154,0,10,0.5440313111545988,0.0024902097510803856,10.167401930326355,301.5948652539934,0.9362839751239626,"{""type"":""Point"",""coordinates"":[83.85936428379271,19.322794680007725]}"
918,281.4138176854083,2025-04-01,291.17894831157867,500,1,30,0.6316809747992246,0.03218327682490241,6.995253735468404,299.40744082132977,0.5866918381418541,"{""type"":""Point"",""coordinates"":[84.30785054160035,19.586469360952286]}"
919,69.81513178824864,2025-04-01,281.40778364453996,630,0,10,0.6073805202661827,0.02284912984843146,2.6860179493898118,298.4274777911959,0.7079323886754715,"{""type"":""Point"",""coordinates"":[83.41827887766463,23.209114601353633]}"
920,340.1960003978288,2025-04-01,280.09782968248635,635,0,10,0.4946236559139785,0.004233153872441164,2.9547586579826577,301.5011268797375,0.8477481146616009,"{""type"":""Point"",""coordinates"":[80.61654762175648,22.23136385815334]}"
921,14.718159778109362,2025-04-01,289.8602576028733,762,0,40,0.43616177636796194,0.002374055199574343,1.9171979935044472,298.0239656539191,0.8756329940595047,"{""type"":""Point"",""coordinates"":[82.42623180314176,17.877914258058215]}"
922,50.343854449131534,2025-04-01,293.702955473037,70,0,40,0.3845381526104418,0.0017050079631317772,5.073390202381805,302.49682535443986,1.4039795902701453,"{""type"":""Point"",""coordinates"":[83.57373890646468,18.676255168667076]}"
923,180.0,2025-04-01,285.64623928070074,289,0,10,0.2936157693439247,0.014616610817860476,0.9274099368670311,302.319602512178,0.13133024102458185,"{""type"":""Point"",""coordinates"":[82.93162805546685,20.8005056097702]}"
924,90.0,2025-04-01,282.05009437742694,349,0,40,0.312,0.013680087737988345,0.5079856608261138,299.31631242661257,0.6597319087874306,"{""type"":""Point"",""coordinates"":[82.02579212563012,24.09244097583449]}"
925,117.73868258894232,2025-04-01,289.324549130031,146,0,10,0.22646412152708376,0.0023161045836914695,4.9693019909227445,304.83380917140414,1.4210095626258687,"{""type"":""Point"",""coordinates"":[80.2739569919274,18.813425674624572]}"
926,42.7882953300983,2025-04-01,288.390455473037,325,0,30,0.29477521263669504,0.0045811555909622825,5.042293537999433,303.15938813345775,1.0332409841038894,"{""type"":""Point"",""coordinates"":[80.78954346165592,19.038647895097863]}"
927,330.4764975816944,2025-04-01,290.1393917174566,419,0,10,0.5224053194564903,0.011887597255658022,22.712982606541804,301.4082546234131,0.9649249655432401,"{""type"":""Point"",""coordinates"":[83.65400345580782,19.6506343247092]}"
928,87.64522469529523,2025-04-01,291.5658588863554,599,0,10,0.5170454545454546,0.01065670173640143,21.503821498595638,300.8675354548863,1.0526305726067935,"{""type"":""Point"",""coordinates"":[83.41649907082007,18.950231083995597]}"
929,270.0,2025-04-01,282.2686990556263,464,0,10,0.43894475643202296,0.012385594062756411,3.543649631448427,299.46120988754996,0.844256466974063,"{""type"":""Point"",""coordinates"":[83.19235989671239,23.808627564606837]}"
930,103.03649782492025,2025-04-01,284.0508035478138,298,0,40,0.27163991186654074,0.009626122527073733,2.054985716742265,301.9481832413447,0.6454012129231124,"{""type"":""Point"",""coordinates"":[83.22470950467127,22.156889512128366]}"
931,99.49097346599095,2025-04-01,289.32065450577505,203,0,10,0.1902222222222222,0.002294944934796206,16.410517454905193,304.1172041211809,1.3402847983377226,"{""type"":""Point"",""coordinates"":[80.58480756436872,18.673947591906927]}"
932,172.41616276728416,2025-04-01,289.45859395890005,629,0,10,0.332802728823195,0.02605456333632361,3.7373920673377325,299.34763218107673,0.4696055953508025,"{""type"":""Point"",""coordinates"":[84.3649899633012,20.14066173412285]}"
933,213.2485362311555,2025-04-01,281.7676818030221,414,0,30,0.23277265328269126,0.025412442498158327,2.770440653160306,299.1716067904518,0.6420709913768915,"{""type"":""Point"",""coordinates"":[81.67895750980317,23.7654895910876]}"
934,280.41186881133916,2025-04-01,282.3761848722185,530,0,40,0.412531328320802,0.025905253701161257,2.564344708033642,298.63098644074944,0.9084455693517631,"{""type"":""Point"",""coordinates"":[82.7945352683406,23.25733326780346]}"
935,228.0482664143489,2025-04-01,286.56154573531376,653,0,10,0.44201909959072305,0.010654898695896975,14.265547730195149,301.47305070786246,0.6132729472119527,"{""type"":""Point"",""coordinates"":[83.11593503699247,19.6635358743992]}"
936,28.711355828227383,2025-04-01,282.4059990928287,247,0,40,0.34331175836030203,0.004871534519146792,2.1140618613328948,299.9309887658982,0.7548377834855409,"{""type"":""Point"",""coordinates"":[84.28453133055044,24.09936779170312]}"
937,250.41822596082238,2025-04-01,283.9444861184983,418,0,10,0.28731942215088285,0.01650239747042548,6.885104000218417,301.4085568927582,0.7992473929367898,"{""type"":""Point"",""coordinates"":[83.42064454712346,22.348784628110256]}"
938,180.0,2025-04-01,286.67243208203996,242,1,10,0.6391804097951025,0.022490339689205996,4.166350197307866,302.05294282095775,0.40131238431826227,"{""type"":""Point"",""coordinates"":[83.09484509769119,21.1741866020036]}"
939,241.04450146315776,2025-04-01,281.457605770656,762,0,40,0.3027551177466523,0.03366269391054999,2.8712765872181127,298.149930590675,1.0123942446706746,"{""type"":""Point"",""coordinates"":[81.59040857005213,22.756946736030862]}"
940,270.0,2025-04-01,280.6312536966233,642,0,30,0.27055067837190744,0.004999937825154177,1.998341732404225,301.8046169281006,0.7687874097685651,"{""type"":""Point"",""coordinates"":[80.892904088613,21.8927764372617]}"
941,121.91898349907405,2025-04-01,285.90883577437626,305,0,30,0.1951343132285859,0.022105874829243533,1.7536730406285013,302.4276114872524,0.17945175450151413,"{""type"":""Point"",""coordinates"":[81.60794783737293,20.875185950064388]}"
942,295.1073514242904,2025-04-01,284.42530945369174,403,0,10,0.30899937067337946,0.00433258932108771,1.092793252543408,303.28272565205896,0.39439207394808323,"{""type"":""Point"",""coordinates"":[81.14443078436811,20.41642285976905]}"
943,286.7242038701945,2025-04-01,286.63146296001617,712,0,10,0.6715238330451964,6.495885180939354E-4,20.084797899926805,300.5078639984131,0.9292728492718271,"{""type"":""Point"",""coordinates"":[82.41630421347001,18.620442282128465]}"
944,7.7412540205197,2025-04-01,283.0812223071144,481,0,40,0.2271505376344086,0.027176963500927798,3.7387698946901553,298.79620570228207,0.9457443091555795,"{""type"":""Point"",""coordinates"":[81.75899223247696,23.14179003485964]}"
945,-0.0,2025-04-01,281.9540889830816,1136,0,10,0.3395999035912268,0.03570293109888922,9.195145327303814,296.7420878637405,0.9748863795416557,"{""type"":""Point"",""coordinates"":[83.29801150372256,22.91423574094515]}"
946,226.4537943453467,2025-04-01,291.1526915686471,96,0,30,0.2966360856269113,3.7992220396887433E-4,1.3460115814366238,304.2766628265381,1.8357550894635979,"{""type"":""Point"",""coordinates"":[80.810352819283,18.1031208959437]}"
947,69.70153241157419,2025-04-01,285.8530787059239,300,0,30,0.28314580675095696,0.048800828270863406,2.6716356623478514,299.9865598224458,0.7829655654652197,"{""type"":""Point"",""coordinates"":[83.9391243468935,22.37623000256273]}"
948,132.43060817927312,2025-04-01,282.9632268179031,360,0,30,0.3933393339333933,0.016798915677021853,2.7472490303650257,299.455367951166,0.8377680760407988,"{""type"":""Point"",""coordinates"":[82.59931911606495,23.92074438689982]}"
949,295.0977215453249,2025-04-01,287.65562125614707,243,0,10,0.2952827729997394,0.007958935909222475,2.185575213562753,303.4241702670143,0.47285370373884705,"{""type"":""Point"",""coordinates"":[83.15889305211854,20.48341004001638]}"
950,208.04194838989758,2025-04-01,283.1760302498227,572,0,10,0.27086743044189854,0.0038996807860840477,8.347299831349488,303.03809674580896,0.3083517230701344,"{""type"":""Point"",""coordinates"":[81.70825501860696,20.164974895290317]}"
951,302.09005981254796,2025-04-01,285.92704168955487,242,0,40,0.3366112956810631,0.007471995763729922,1.7453199884992787,303.85589808509457,0.3619646696229785,"{""type"":""Point"",""coordinates"":[82.6967970723218,19.84981808629869]}"
952,331.93159365782986,2025-04-01,285.0755431311471,236,0,40,0.22941646682653877,0.0013928882407654442,2.1012903528807385,304.42801257542203,0.6777544000783823,"{""type"":""Point"",""coordinates"":[80.21450610598544,20.336965207188545]}"
953,227.5617892217271,2025-04-01,280.95421686626617,398,0,10,0.3982222222222222,0.004891487173985354,1.374215090659663,299.6382757822672,0.8777261997833171,"{""type"":""Point"",""coordinates"":[81.0138805871075,23.886846318382602]}"
954,72.86474022046474,2025-04-01,283.6525694983346,337,0,30,0.35407047387606316,0.01021272163863074,1.573605128885944,301.31601015726727,0.8377430907585224,"{""type"":""Point"",""coordinates"":[81.58470117482545,22.340406132039718]}"
955,241.79809121747226,2025-04-01,283.81525434766496,534,0,10,0.6136291600633914,0.005612032823513857,3.919098364023789,302.37284841991607,0.3788333649002345,"{""type"":""Point"",""coordinates"":[81.27889969925455,20.212179534535583]}"
956,114.95463786436491,2025-04-01,283.02433172861737,290,0,40,0.1804958000409752,0.0039430282639969505,2.1972858727923343,303.14215878077914,0.34361454578214035,"{""type"":""Point"",""coordinates"":[81.20544463702845,21.457321347339573]}"
957,60.94557467640654,2025-04-01,280.16643319811135,688,0,40,0.24175538821085432,0.007245244793843142,5.710510390469629,300.649948029291,0.8879021120552585,"{""type"":""Point"",""coordinates"":[80.76655285290155,22.192210495303758]}"
958,195.2113943944109,2025-04-01,281.82154968806674,514,1,10,0.49707199448846023,0.014852540903042666,5.747638492284105,298.78982898167203,1.0658935398117226,"{""type"":""Point"",""coordinates"":[82.34046132696746,23.157415973051876]}"
959,130.1623656590428,2025-04-01,286.5878954841977,727,0,10,0.3241691842900302,0.014476226978253237,6.444001078720739,300.48444393702914,0.5461394864864919,"{""type"":""Point"",""coordinates"":[83.96364844458549,20.329766022203614]}"
960,90.0,2025-04-01,283.81735279446553,625,0,10,0.4897933625547902,0.001105325632046572,2.9563959094524312,302.18127359662736,0.4973256942387363,"{""type"":""Point"",""coordinates"":[81.59690771338197,19.891526019798818]}"
961,194.87602298079617,2025-04-01,286.32644412631083,241,0,10,0.7425168973286128,0.006798686795185915,1.918592823492704,303.95293817066016,0.3840111264894104,"{""type"":""Point"",""coordinates"":[82.81496764825091,19.75390318683402]}"
962,152.1073531118966,2025-04-01,286.4125618253435,571,0,40,0.2124389802928946,7.142297553528465E-4,1.0492875162565214,301.3399940672375,0.8637714371891023,"{""type"":""Point"",""coordinates"":[82.6659147813599,19.15646654708923]}"
963,133.52398856598654,2025-04-01,293.5287146341233,376,0,10,0.4843231279970491,0.009607555680226199,13.227943539319913,301.45906493777323,1.2502245361962245,"{""type"":""Point"",""coordinates"":[83.1860924397468,18.238783830651386]}"
964,324.51240830752624,2025-04-01,285.64623928070074,308,0,10,0.2554546686542892,0.014616610817860476,1.7081229923138472,302.319602512178,0.13133024102458185,"{""type"":""Point"",""coordinates"":[82.91423804145707,20.762354498928076]}"
965,-0.0,2025-04-01,281.18583075205487,414,0,80,-0.3648068669527897,0.0050627909230698265,0.0,300.9970288049607,1.2385733259841107,"{""type"":""Point"",""coordinates"":[80.20602579398269,22.81261794552874]}"
966,256.670536695183,2025-04-01,294.2814408711025,62,0,40,0.7439040292085017,0.002535375170658938,2.0106475631843805,302.8070583343506,1.4924580289767246,"{""type"":""Point"",""coordinates"":[83.62794969969946,18.60609728309095]}"
967,249.18969411709395,2025-04-01,290.0585172289894,188,0,10,0.26280623608017817,1.3520043368231427E-4,5.206873464217534,303.85501452854703,1.839829922051688,"{""type"":""Point"",""coordinates"":[81.2566948392128,18.16255279779285]}"
968,10.059671728240794,2025-04-01,283.845056942531,608,0,40,0.31980966691710494,0.006023483686398379,2.8236293057438333,302.4427365802583,0.398390240377712,"{""type"":""Point"",""coordinates"":[82.17071350216563,20.033557189814683]}"
969,258.12886918801087,2025-04-01,284.80455285026915,520,0,10,0.3062295081967213,0.003698753528546206,27.089582572491118,303.7094020843506,0.5685568440335319,"{""type"":""Point"",""coordinates"":[80.89022553865752,20.30660683830894]}"
970,38.79865731495995,2025-04-01,285.79750183650424,306,0,40,0.2236842105263158,0.014768647365521304,2.378789543396939,302.18964994521366,0.3273911493941764,"{""type"":""Point"",""coordinates"":[81.866327949761,21.115433434029566]}"
971,61.20715461037471,2025-04-01,280.30466910770957,409,0,40,0.325764192139738,0.003137188367794863,2.8860711430597683,299.79230526515414,0.9548580087019551,"{""type"":""Point"",""coordinates"":[80.61394472231868,23.653852988719525]}"
972,313.21405394291077,2025-04-01,286.3394242695399,276,0,10,0.3561430793157076,0.007968532257031313,1.354291129957938,303.4505897703625,0.277656912992677,"{""type"":""Point"",""coordinates"":[82.75370119425918,20.02867142421125]}"
973,49.320456036359246,2025-04-01,286.1793435868763,424,0,10,0.47759638763459533,0.0018588028478134788,14.615078805081769,303.78031912304107,0.7811352540056425,"{""type"":""Point"",""coordinates"":[80.4653098269646,19.716579445361162]}"
974,180.0,2025-04-01,285.4976041430519,262,0,40,0.2910242290748899,0.006511153988789431,0.9274099368670311,302.49457577296664,0.4566938347531143,"{""type"":""Point"",""coordinates"":[82.03431884634381,21.331204697382475]}"
975,210.63131859494032,2025-04-01,283.73521109989707,582,0,10,0.3996372430471584,0.040232437066983096,5.907409841350688,297.82751964387444,1.0750223568565749,"{""type"":""Point"",""coordinates"":[83.83015349131604,22.902831644954777]}"
976,107.27939377095207,2025-04-01,284.9770323889596,314,0,40,0.6436781609195402,0.012896465473126284,3.1194482602301568,302.6300912584578,0.44809486014646654,"{""type"":""Point"",""coordinates"":[82.51835392272947,21.059032658589846]}"
977,187.76565622858425,2025-04-01,282.1096472513108,634,0,30,0.26360887096774194,0.0190617017077912,3.7389860914398514,298.4926807766869,0.760471797655666,"{""type"":""Point"",""coordinates"":[81.97167097626806,23.56536757053178]}"
978,313.4099635322017,2025-04-01,288.55468073345367,294,0,40,0.2074096568478591,0.004604058675717226,0.674788537048722,302.84993407839823,1.1260855605439422,"{""type"":""Point"",""coordinates"":[80.85507082438298,18.917701473339353]}"
979,259.56908929497024,2025-04-01,281.95181615012035,844,0,10,0.6900489396411092,0.03439930301184546,17.376841636527807,296.9548506055559,0.9729116671390904,"{""type"":""Point"",""coordinates"":[83.57949697698844,23.006193938404653]}"
980,314.84239047658946,2025-04-01,285.56062730153405,341,0,10,0.39919354838709675,0.0149779192733277,20.745549892599502,302.1237668536959,0.22556039197322678,"{""type"":""Point"",""coordinates"":[82.82296061156667,20.894214997571186]}"
981,270.0,2025-04-01,288.7336881274269,226,0,40,0.26594533029612755,9.415320682037986E-4,0.489021213824408,304.02402959551137,1.465263854120687,"{""type"":""Point"",""coordinates"":[81.73911738521643,18.505426655971522]}"
982,110.79224838719834,2025-04-01,289.37499323345367,186,0,10,0.5118159203980099,1.670740174759544E-4,2.6109852863252243,303.85646774655294,1.0701874460529235,"{""type"":""Point"",""coordinates"":[81.93224861885074,18.32813149735257]}"
983,18.098227368097973,2025-04-01,286.1793435868763,290,0,10,0.21217827997489014,0.0018588028478134788,6.316765445954706,303.78031912304107,0.7811352540056425,"{""type"":""Point"",""coordinates"":[80.49154322801982,19.697485386329824]}"
984,348.1078766735425,2025-04-01,288.9591519946144,186,0,10,0.27276126378762383,4.8615258211981427E-4,2.3682353825610765,304.4131374359131,1.5970911758402357,"{""type"":""Point"",""coordinates"":[80.29145921881688,18.247365301899208]}"
985,312.76975935941744,2025-04-01,283.7218589328584,275,0,40,0.24388789505068575,0.011451917104672305,2.047913723796521,301.63642728896366,0.8217088110526375,"{""type"":""Point"",""coordinates"":[83.10691613083169,22.327221500034213]}"
986,259.2364873432698,2025-04-01,289.0172632762364,369,0,10,0.2524671052631579,5.123339223374046E-4,2.481612952779969,303.97521309625535,1.702126328504647,"{""type"":""Point"",""coordinates"":[80.29474684895602,18.102806160437797]}"
987,312.8089253373528,2025-04-01,284.92239720480785,272,0,40,0.21236178055004254,0.007583575658749453,1.3645911726779736,301.8348089853922,0.6977375645753872,"{""type"":""Point"",""coordinates"":[82.59853133968092,22.135163705877854]}"
988,40.257186618884944,2025-04-01,289.6272311891828,390,0,10,0.3777643138442896,0.043250518255185,19.28972642910756,301.24325043814525,0.27622924929720405,"{""type"":""Point"",""coordinates"":[83.6463802580076,21.49599014064491]}"
989,15.23725083084346,2025-04-01,282.2794412431263,541,0,40,0.19626358005888922,0.025640117340039126,1.9218470852758736,298.80047235034766,0.7840005263947961,"{""type"":""Point"",""coordinates"":[83.04564522373431,23.39442662320459]}"
990,90.0,2025-04-01,282.64122277214415,334,0,40,0.28885135135135137,0.008152501993130556,1.0007782899357853,302.0769964853922,0.8369377843125054,"{""type"":""Point"",""coordinates"":[81.33562328546593,22.077854455115606]}"
991,302.01839682134346,2025-04-01,284.7231145132156,537,0,10,0.5224739302409205,0.0210148267077912,3.4943624943723623,301.26675187973746,0.07333863789245784,"{""type"":""Point"",""coordinates"":[82.36348077377586,20.286611375261796]}"
992,220.97764491272207,2025-04-01,282.67530945369174,649,0,30,0.253628925837952,0.04215619187827002,3.0683657458687725,297.65262195042203,1.0501258496159465,"{""type"":""Point"",""coordinates"":[83.48492751394953,22.92493419832688]}"
993,171.74772010027522,2025-04-01,289.6698976698376,913,0,30,0.46456425907087145,0.004011677913617007,13.342780015983207,298.31000546046664,0.912686731866304,"{""type"":""Point"",""coordinates"":[82.66670332757926,18.005671471324316]}"
994,90.0,2025-04-01,282.7128257297334,602,0,40,0.3955617198335645,0.017985673956822268,0.5027566363519277,298.75102224804107,1.1391287384475093,"{""type"":""Point"",""coordinates"":[82.05071770896002,22.72324879595802]}"
995,50.9236180169543,2025-04-01,288.38486349015005,484,0,30,0.37356803576417996,0.0025945774840820945,4.405428037330623,302.62119756426125,1.4229078929172523,"{""type"":""Point"",""coordinates"":[81.49269547456062,18.679293087361874]}"
996,125.24259613401473,2025-04-01,286.3832882018317,262,0,10,0.26709973251815056,0.0015446565675247825,7.194908716873709,303.76075299580896,0.8240265924993906,"{""type"":""Point"",""coordinates"":[80.49660160352117,19.602117875520015]}"
997,294.75411753194896,2025-04-01,282.8080754507156,581,0,40,0.4133771929824561,0.027350368313740603,1.107380080537891,298.3939026423863,1.1252231703224493,"{""type"":""Point"",""coordinates"":[82.09645895643469,22.75183831267379]}"
998,349.93896859504787,2025-04-01,287.7497665314447,743,0,30,0.3264033264033264,0.023022698574017397,2.8236411744753322,298.44049862452914,0.4768807402224028,"{""type"":""Point"",""coordinates"":[84.34772230631668,20.05496659884652]}"
999,60.81459144214039,2025-04-01,281.9355284827096,319,0,40,0.25395152792413067,0.0015961251782883323,2.850660020786994,303.36142031351727,0.4231056632762639,"{""type"":""Point"",""coordinates"":[80.24357461598669,21.42275986960588]}"
1000,10.17699946852662,2025-04-01,285.9472879228138,258,0,40,0.256078634247284,0.014501156620930544,2.8246596819881122,301.9558387938,0.644795589563368,"{""type"":""Point"",""coordinates"":[82.06893639885352,21.808333089791667]}"
1001,46.45089371914164,2025-04-01,296.45861721038824,45,0,10,0.5100222717149221,0.0010338000583161033,0.6730628152516916,301.4663891565232,3.6292587739315105,"{""type"":""Point"",""coordinates"":[83.58646274353536,18.08501790569157]}"
1002,300.54168168357035,2025-04-01,283.10539222898944,491,0,10,0.36355710549258935,0.019138830118130556,8.157719972451838,299.42121151515414,0.7247758145741856,"{""type"":""Point"",""coordinates"":[81.17714899339786,23.391211167746363]}"
1003,51.7356188058715,2025-04-01,291.17894831157867,596,0,10,0.3389246667665119,0.03218327682490241,25.197244836336832,299.40744082132977,0.5866918381418541,"{""type"":""Point"",""coordinates"":[84.32492327091884,19.591165622486532]}"
1004,133.0790631763486,2025-04-01,289.0606738045102,140,0,40,0.3288175526432042,0.01708421330923926,0.6789444630835327,303.1128851572672,0.17989433366580942,"{""type"":""Point"",""coordinates"":[83.88535409349765,20.75571289371842]}"
1005,119.50389582937157,2025-04-01,285.4531647364298,589,0,40,0.20726361928616155,0.005753564052533022,2.822658747984125,301.9378188905262,0.9403051990598821,"{""type"":""Point"",""coordinates"":[82.35641606213106,19.42066669012094]}"
1006,207.96028248801588,2025-04-01,290.51137483687626,434,0,10,0.3819784524975514,0.005058171563099734,19.19881423773585,301.13093412490116,0.8699095624187156,"{""type"":""Point"",""coordinates"":[83.83756045115238,19.620527792219843]}"
1007,192.66740934409444,2025-04-01,287.2269742602394,461,0,10,0.2902977412731006,0.016322257332753054,8.9572894135698,300.8806783585322,0.34847317884172035,"{""type"":""Point"",""coordinates"":[84.22079693664509,20.50216183270988]}"
1008,222.70638822482,2025-04-01,293.75513181232276,86,0,40,0.6910147076999135,0.0037377051639069236,5.0356696174436895,302.56249918256486,1.4248050822332368,"{""type"":""Point"",""coordinates"":[83.45483056918386,18.55546725699539]}"
1009,114.7977923768681,2025-04-01,280.596510160537,450,0,10,0.4686303387334315,0.0023956469821442283,2.210283737184368,301.5451361338297,1.0259378506620056,"{""type"":""Point"",""coordinates"":[80.37210704547304,22.47640974970789]}"
1010,225.40221632466432,2025-04-01,291.25365534282867,677,0,10,0.27485795454545453,0.013053315095852724,15.464880498765273,300.8406392960322,1.0908303201602956,"{""type"":""Point"",""coordinates"":[83.37093258078484,19.095778414471912]}"
1011,180.0,2025-04-01,281.5557677405221,488,0,10,0.4282147315855181,0.018824087791394106,3.704791833694711,299.6973694392613,0.6724440032456911,"{""type"":""Point"",""coordinates"":[80.97514805066525,23.536257727641118]}"
1012,119.68458981783607,2025-04-01,290.59069147564117,620,0,10,0.3387096774193548,0.017992081456135622,20.601674008128015,299.5075849805559,0.6698171314086796,"{""type"":""Point"",""coordinates"":[84.23225431110576,19.644889053636188]}"
1013,208.15588253852167,2025-04-01,284.2059432892573,342,0,40,0.22147359269723974,0.007677885107945315,1.0518559545996462,302.89567556835357,0.20316622263777526,"{""type"":""Point"",""coordinates"":[80.61490743404771,20.89702451689151]}"
1014,58.2868674632088,2025-04-01,283.70330424535837,258,0,40,0.23710166919575112,0.008889036588620058,1.7638515271558155,302.5248433975947,0.8448735308775908,"{""type"":""Point"",""coordinates"":[81.90337016814114,22.04397927032439]}"
1015,19.77930335186221,2025-04-01,284.9829092025757,254,0,40,0.548710050057759,0.010595204644154421,1.4781330633394532,302.03986385890414,0.6596598346299274,"{""type"":""Point"",""coordinates"":[82.34171600934896,22.040733194739467]}"
1016,147.1137107747245,2025-04-01,286.21825495220367,245,0,40,0.7359320968248978,0.02377131801123511,2.7590774180985718,301.65705717177616,0.3268071940481495,"{""type"":""Point"",""coordinates"":[83.08185674334376,21.88370139965155]}"
1017,230.247763443138,2025-04-01,290.3006524131412,517,0,10,0.44616467276565797,5.725793170441307E-4,10.048546941350944,301.0058643704369,0.521808528310401,"{""type"":""Point"",""coordinates"":[82.05546508630637,18.08841704617844]}"
1018,303.2699365322239,2025-04-01,286.429517973037,648,0,30,0.2821360457724094,0.01471987586493384,11.670760757434033,300.9547575996035,0.4526572144752535,"{""type"":""Point"",""coordinates"":[83.98584034663595,20.393008118000125]}"
1019,352.45317193963064,2025-04-01,285.6349623089745,1058,0,60,0.2724867724867725,0.005740689449261538,3.7370723663525354,299.75695719037736,0.6576017372750077,"{""type"":""Point"",""coordinates"":[82.9664032596977,19.349952490040497]}"
1020,226.75085976071134,2025-04-01,283.9196186519804,648,0,40,0.7366199101184802,0.003916533999394289,2.705310500755632,302.03783516656785,0.7108699782483412,"{""type"":""Point"",""coordinates"":[82.01131737850416,19.83465150871894]}"
1021,262.3620300215177,2025-04-01,283.37213911329,586,0,10,0.4984894259818731,0.004113721065472475,3.4847807416978682,302.53076090131486,0.30489836825315175,"{""type"":""Point"",""coordinates"":[81.84827240533781,20.162254494051144]}"
1022,264.03055967869363,2025-04-01,284.06363255637035,599,0,40,0.5208012326656395,9.147099780548729E-4,4.4502060310353775,301.94019635518396,0.608280132419467,"{""type"":""Point"",""coordinates"":[81.62463197967857,19.765129652659994]}"
1023,211.2695680739809,2025-04-01,286.0033007576352,280,0,10,0.23571207908557307,0.002405943684529177,3.792377325594149,303.85734549022857,0.7564812827256799,"{""type"":""Point"",""coordinates"":[80.36755360969691,19.786343601931236]}"
1024,318.02551665740475,2025-04-01,280.7385825656709,818,0,40,0.1970404984423676,0.007682578973721377,3.7373763179751256,301.41505568368103,0.8776567499888167,"{""type"":""Point"",""coordinates"":[80.78996625865186,22.12832340127423]}"
1025,47.13702040198618,2025-04-01,284.6234702609834,255,0,40,0.23332604417231576,0.012142988257359377,0.6816984223611939,302.49215180533275,0.7624829108275599,"{""type"":""Point"",""coordinates"":[81.92312052543757,21.86610058689279]}"
1026,-0.0,2025-04-01,288.85251485733767,247,0,10,0.4309183505832101,0.021005155854176394,0.463735342881014,301.7759420304072,0.2864975160694401,"{""type"":""Point"",""coordinates"":[84.30954928910454,21.5948870770669]}"
1027,270.0,2025-04-01,283.7527775991531,297,0,40,0.2202275600505689,0.007685261182736269,0.5007548645060935,301.50484130496073,0.8249587063368989,"{""type"":""Point"",""coordinates"":[82.76733258867807,22.170074185960388]}"
1028,101.0672242026809,2025-04-01,280.86190845852803,383,0,10,0.4919035624325297,0.007477032356213442,14.197142918613203,299.6632711319697,0.793244838425032,"{""type"":""Point"",""coordinates"":[81.25367783232574,24.106016013059342]}"
1029,90.0,2025-04-01,285.25628857385544,584,0,40,0.27758482500667914,0.006506728343914858,1.966635278292571,301.6751410166422,1.0683842301563284,"{""type"":""Point"",""coordinates"":[81.94554803472191,19.463068495661012]}"
1030,90.0,2025-04-01,281.7513534455072,460,0,40,0.19176319176319176,0.02191117625708472,1.5183931593183373,298.80646542140414,0.7223869420724645,"{""type"":""Point"",""coordinates"":[81.62813636738873,23.645660533185804]}"
1031,196.95137090067138,2025-04-01,286.8979715165638,732,0,10,0.34850686037126716,0.01984992843146216,6.755844300525762,300.35309628077914,0.49308380267911467,"{""type"":""Point"",""coordinates"":[84.19853381851084,20.38545443550097]}"
1032,146.87382634248584,2025-04-01,281.7979901177543,550,0,30,0.346172363986519,0.012679325752209536,2.7665794917685496,298.5860180627732,1.0134789530143813,"{""type"":""Point"",""coordinates"":[82.0629474786186,23.149864587277616]}"
1033,-0.0,2025-04-01,291.26579261961444,188,0,30,0.2614530310041647,0.037394451312970034,0.0,301.88370105198453,0.31632000545107153,"{""type"":""Point"",""coordinates"":[83.92830857795379,21.597697108257258]}"
1034,61.776699330744876,2025-04-01,283.063551176162,593,0,30,0.26007614546409347,0.003086420111607424,3.91638032878303,302.73371151515414,0.35054820702616474,"{""type"":""Point"",""coordinates"":[81.98154135725667,20.07218323225456]}"
1035,227.40197467193178,2025-04-01,282.43507507869174,515,0,40,0.2816403488098044,0.017311947755764834,2.7385202994513893,299.01119477408264,0.8984637597700813,"{""type"":""Point"",""coordinates"":[82.73936438494269,23.14892293594474]}"
1036,90.0,2025-04-01,294.6211451121739,51,0,40,0.3031496062992126,0.004703017287205569,0.48772791517907066,301.85686883472266,1.845477108493278,"{""type"":""Point"",""coordinates"":[83.15531634573523,18.046473130868165]}"
1037,256.76870661956116,2025-04-01,285.74656945183165,292,0,10,0.17222490736265506,0.00222040932650458,2.025284367855215,304.06891659327914,0.7425091049951905,"{""type"":""Point"",""coordinates"":[80.31625850088315,19.864602789491077]}"
1038,27.86180711877323,2025-04-01,286.4144161315191,631,0,30,0.2967581047381546,0.007000955157231203,4.188944805938516,301.6444374266125,1.4655437702232403,"{""type"":""Point"",""coordinates"":[81.82156267188786,18.939245731842874]}"
1039,253.0049906417815,2025-04-01,282.17846003032867,443,0,10,0.45035792094615623,0.01905894499297034,4.748902452071858,299.40233711969285,0.6754425837782101,"{""type"":""Point"",""coordinates"":[81.11352037356879,23.521841537741537]}"
1040,180.0,2025-04-01,283.5238201958793,608,0,30,0.30173243503368624,0.026989670805882326,1.8543341688295631,298.49145426068986,1.1257210289453696,"{""type"":""Point"",""coordinates"":[82.15589600050615,22.758911951486915]}"
1041,207.79611089933502,2025-04-01,296.53136530376617,12,0,40,0.6224225212989258,0.0014681838082779564,1.0483542738323617,301.45957065763923,2.6858843222172455,"{""type"":""Point"",""coordinates"":[84.23679875063628,18.469560719076167]}"
1042,270.0,2025-04-01,287.97423639751617,235,0,40,0.27372162975116215,0.03685608726019751,0.49952669154287443,301.71749360220775,0.10218563619493161,"{""type"":""Point"",""coordinates"":[83.36303926321978,21.821543357217347]}"
1043,146.01132435324686,2025-04-01,280.48949518657867,598,0,30,0.18348805056290737,0.006449135355900637,4.4653656772968375,301.79231107802616,0.8271949056115269,"{""type"":""Point"",""coordinates"":[80.82868112541836,22.028750609826915]}"
1044,28.1454885822068,2025-04-01,283.7379257111322,401,0,40,0.20320067382606866,0.0051076881217468895,3.152431182953224,303.13870012192496,0.26562629139847804,"{""type"":""Point"",""coordinates"":[80.47118359337146,20.831896701433806]}"
1045,19.970233826788057,2025-04-01,282.6938408897036,742,0,40,0.23820026466696073,0.04007399302000891,2.957855891237188,297.4162647610619,1.0147033776738026,"{""type"":""Point"",""coordinates"":[82.53416591480428,23.464575633051144]}"
1046,199.53574737392046,2025-04-01,286.3394242695399,269,0,40,0.20570813139472266,0.007968532257031313,1.4758912523172565,303.4505897703625,0.277656912992677,"{""type"":""Point"",""coordinates"":[82.76833665525571,20.041479531677414]}"
1047,126.2162474841037,2025-04-01,281.5904415221441,458,0,30,0.2806420233463035,0.025634574108075014,3.1364598405731834,299.04891450064525,0.7118270197015042,"{""type"":""Point"",""coordinates"":[81.74451235625342,23.7367232775813]}"
1048,65.00378774792364,2025-04-01,285.3786902200608,287,0,10,0.2884371029224905,0.013461457900952212,1.097336666021,302.5226577577137,0.5687142839907722,"{""type"":""Point"",""coordinates"":[82.64805699599056,21.178957313454973]}"
1049,-0.0,2025-04-01,283.49132624126617,350,0,40,0.3204977694294435,0.010313826017330996,1.8543341688414132,301.217569169544,1.1174684033528008,"{""type"":""Point"",""coordinates"":[82.39057642396439,22.413567985792255]}"
1050,216.2551263663351,2025-04-01,285.7400357836769,358,0,10,0.21315996847911742,0.002230855040501467,16.229102379909275,303.9269430069697,0.7372706852363418,"{""type"":""Point"",""coordinates"":[80.42339222526198,19.882281646931705]}"
1051,90.0,2025-04-01,285.4213973908198,573,0,40,0.22912544519192718,0.003864320330571047,1.9671949645457418,301.9742714109875,0.985245283675459,"{""type"":""Point"",""coordinates"":[81.64757024291829,19.508926366839134]}"
1052,209.8729476694,2025-04-01,289.3161669685727,445,0,10,0.5706838393130942,2.2468190665136945E-4,5.8622986484601585,303.18814441135953,1.8094087581598226,"{""type"":""Point"",""coordinates"":[81.26601694253367,18.265856798681334]}"
1053,294.69165943813255,2025-04-01,282.4709521248227,476,0,40,0.2062937062937063,0.01808792572493445,1.1100043145624097,299.0612319764637,0.9530046062639862,"{""type"":""Point"",""coordinates"":[82.59195106250739,23.14049965879087]}"
1054,132.77101023326148,2025-04-01,283.9444861184983,378,0,60,0.19324230502198564,0.01650239747042548,0.6828803041656469,301.4085568927582,0.7992473929367898,"{""type"":""Point"",""coordinates"":[83.40491527932154,22.3209578717298]}"
1055,90.0,2025-04-01,285.8060583841233,247,0,60,0.11516958628401043,0.010781901292752138,0.9960963327624412,302.2475054604667,0.5046194769271595,"{""type"":""Point"",""coordinates"":[82.20597945336682,21.403756642793574]}"
1056,261.3315022906008,2025-04-01,280.2262883413406,410,0,30,0.19543509272467904,0.0023221991586197532,3.0739697259731567,299.9017209552584,1.1329448302502767,"{""type"":""Point"",""coordinates"":[80.54103402547821,23.829106299453844]}"
1057,82.81505059557969,2025-04-01,291.5658588863554,187,0,10,0.36109215017064844,0.01065670173640143,7.374623509269335,300.8675354548863,1.0526305726067935,"{""type"":""Point"",""coordinates"":[83.39399881115952,19.008899039942644]}"
1058,327.3976269412978,2025-04-01,286.74615673791794,207,0,40,0.2090803932909196,0.004626991562794558,2.750312686376777,303.695352372669,0.40598154351264165,"{""type"":""Point"",""coordinates"":[82.9895659669391,20.263803266006608]}"
1059,284.30885298875427,2025-04-01,282.5820826121739,976,0,40,0.29506437768240346,0.06412586789603125,9.299383414118067,296.08358828226727,0.9460878274366734,"{""type"":""Point"",""coordinates"":[84.27831286879947,23.33256401584651]}"
1060,270.0,2025-04-01,286.9601576214745,199,0,10,0.2994652406417112,0.007626893334339968,1.4834047747306986,301.8526370638893,0.5793836184549028,"{""type"":""Point"",""coordinates"":[83.6534586850309,20.338470273514734]}"
1061,31.170326196351066,2025-04-01,289.45839050837924,301,0,10,0.5250836120401338,0.0257675818728913,8.606541605914334,301.63132358732673,0.2114258842497268,"{""type"":""Point"",""coordinates"":[84.24848007625994,21.583737157083494]}"
1062,286.9440145993562,2025-04-01,281.2748025712513,421,0,40,0.23799244468429573,0.012005837969731203,1.590827814558675,299.4181539444697,0.6912866078305409,"{""type"":""Point"",""coordinates"":[81.31534529136391,23.937417659330514]}"
1063,8.249304576310813,2025-04-01,281.7639615649269,866,0,10,0.33554633471645917,0.016540648751210085,6.993963065904008,298.93700508844285,0.7911822352545402,"{""type"":""Point"",""coordinates"":[83.08380044133843,23.123325452789324]}"
1064,-0.0,2025-04-01,286.20952401842385,265,0,80,-0.14494074749316319,0.009239616208027712,0.0,299.8385175977434,1.101587510113862,"{""type"":""Point"",""coordinates"":[82.86560152324827,24.089587263039206]}"
1065,82.54832176943526,2025-04-01,282.1329801196144,486,1,30,0.21160112969802303,0.014339523725460879,3.5711684091680547,299.14258312043694,0.7504990112929225,"{""type"":""Point"",""coordinates"":[83.33767765035121,23.71436677130053]}"
1066,132.8034012572813,2025-04-01,285.7408728372483,406,0,10,0.2768866684196687,0.024915309958409182,3.4084518813207825,300.9706906818209,0.6209147038739649,"{""type"":""Point"",""coordinates"":[83.6481979775523,22.162057853568587]}"
1067,339.958683552272,2025-04-01,281.3345065798078,429,0,10,0.30516563728242563,0.008228632025669924,2.9591898598052055,299.21540678115116,1.1119813762303679,"{""type"":""Point"",""coordinates"":[83.56941039440554,23.967854737433218]}"
1068,332.2382977503713,2025-04-01,290.36000183650424,69,0,60,0.11778080945884493,4.5809369559179913E-4,1.0480227548848804,304.5166181836809,1.6596776648886418,"{""type"":""Point"",""coordinates"":[80.63384489705129,18.218259502726333]}"
1069,255.08025115748052,2025-04-01,290.7796330679031,185,0,10,0.457647591725804,0.030704008750866763,7.167149679160506,301.8394999731154,0.4346826678726708,"{""type"":""Point"",""coordinates"":[83.91807527897022,21.16133831006032]}"
1070,312.57179393033067,2025-04-01,282.2016533897036,530,0,30,0.2731063238359972,0.023700746111821047,0.6854605766600503,298.7509641193208,0.8442028923183479,"{""type"":""Point"",""coordinates"":[82.85240895332268,23.27211399078735]}"
1071,47.546742617279065,2025-04-01,281.6681654339745,385,0,40,0.5321739130434783,0.011868389658879153,1.3738207104239624,299.44336437043694,0.6473544373103378,"{""type"":""Point"",""coordinates"":[81.1604065179679,23.81817499389215]}"
1072,190.17912761865503,2025-04-01,287.1828894388108,222,0,40,0.25378387891587467,0.03489519875521552,2.824678487640173,301.7630374545143,0.14021548316694837,"{""type"":""Point"",""coordinates"":[83.30170395258976,21.838935346073153]}"
1073,171.91891267945462,2025-04-01,283.8100576400757,676,0,10,0.6168462847419172,0.015394227914761416,26.504461173063333,300.3347334180559,0.9209270986235956,"{""type"":""Point"",""coordinates"":[83.00329099552611,22.53016128541389]}"
1074,112.11076803055022,2025-04-01,287.70627462296255,940,0,40,0.36800725733293016,0.009680928997944704,3.6910660021668047,298.81771332877025,0.7905241201868972,"{""type"":""Point"",""coordinates"":[82.79391024436897,18.562327484110273]}"
1075,113.3819218208959,2025-04-01,291.29648458390005,350,0,10,0.6598456893659845,0.004307853393505923,22.190449287523734,299.7825512658982,1.060449794114121,"{""type"":""Point"",""coordinates"":[82.81602568749526,17.97324160457698]}"
1076,259.4263110077847,2025-04-01,285.1425016039894,312,0,30,0.13468179575727676,0.012753608040760867,2.5255868661708845,302.7206093016125,0.030318025269794605,"{""type"":""Point"",""coordinates"":[80.90926960038414,21.037330864613914]}"
1077,163.0333055148061,2025-04-01,287.65562125614707,259,0,40,0.2969655642686669,0.007958935909222475,3.3899798474888807,303.4241702670143,0.47285370373884705,"{""type"":""Point"",""coordinates"":[83.17119532962684,20.53202254900349]}"
1078,46.70892520099518,2025-04-01,284.27496533166794,659,0,40,0.3002028397565923,0.009101989083241335,0.6762732507467243,301.65591784885953,0.6919527628765678,"{""type"":""Point"",""coordinates"":[82.44440499342193,19.600017397799235]}"
1079,241.96433628485445,2025-04-01,290.2950139272781,171,0,10,0.42200725513905685,0.027287097983311526,3.940369137115408,301.76605433509457,0.33343706127879863,"{""type"":""Point"",""coordinates"":[84.01926002296197,21.268951961255766]}"
1080,103.2901279782838,2025-04-01,287.9648486091977,434,0,10,0.3409090909090909,0.004016237668942324,4.02798924217928,302.95050839015414,1.229549616060506,"{""type"":""Point"",""coordinates"":[81.45011335543921,19.119748839949057]}"
1081,90.0,2025-04-01,284.1736876623971,616,0,10,0.543859649122807,0.001433300189923159,1.4771983410573692,302.2125991639636,0.7109439167701586,"{""type"":""Point"",""coordinates"":[81.3884185197826,19.677842427405484]}"
1082,90.0,2025-04-01,290.1741875693912,188,0,30,0.06675938803894298,0.04344055276389014,1.4972155213088467,301.50582949320477,0.2907365286135601,"{""type"":""Point"",""coordinates"":[83.70886504829005,21.720021162505578]}"
1083,90.0,2025-04-01,286.05033851805194,247,0,10,0.44978434996919286,0.013747545294712893,1.4995776647746124,301.6657532283238,0.4897827277613993,"{""type"":""Point"",""coordinates"":[82.65731475311516,21.9453575178193]}"
1084,260.7566513982067,2025-04-01,288.1291552498227,577,0,10,0.430566330488751,0.01586769741053473,24.39434423238358,301.9948664165678,0.7989369765685714,"{""type"":""Point"",""coordinates"":[83.25987526400458,19.900702802363256]}"
1085,19.306926296044022,2025-04-01,289.7587241672334,223,0,40,0.4006002572531085,5.666635560501732E-4,1.4738154713891758,303.79858316693986,1.8437179495035412,"{""type"":""Point"",""coordinates"":[80.37022240694192,17.920600667234222]}"
1086,164.8716312676491,2025-04-01,284.1170702888852,358,0,30,0.2257356608478803,0.013129445128392092,3.8374057736766463,300.815469560169,0.9068896782686562,"{""type"":""Point"",""coordinates"":[81.57291309924152,22.374149188361717]}"
1087,270.0,2025-04-01,289.1355087189447,114,0,40,0.28646069968196275,0.01681985180849921,0.49607140531899147,303.0523266565232,0.21550832273006737,"{""type"":""Point"",""coordinates"":[84.00204916527909,20.801613312364758]}"
1088,254.791935584025,2025-04-01,290.857990582784,185,0,10,0.39453125,1.896492766846336E-4,3.531178204364615,303.93368593851716,1.9086231312739537,"{""type"":""Point"",""coordinates"":[81.17448308470603,17.925113577140497]}"
1089,290.766559614972,2025-04-01,288.6615561984835,272,0,30,0.3400828347906121,3.6342661852728497E-4,2.6140679151216184,303.7396522703625,1.0455618529837276,"{""type"":""Point"",""coordinates"":[82.22759289436752,18.55939072344907]}"
1090,180.0,2025-04-01,283.2424539384388,646,0,10,0.5660137369626049,0.0023335240411270775,0.463735342881014,301.9981855664934,0.4633233803690098,"{""type"":""Point"",""coordinates"":[81.81910606860515,20.039323214095774]}"
1091,270.0,2025-04-01,281.8880721955072,536,0,10,0.3016344725111441,0.006287874989460818,0.5032278528045077,299.3489865802584,0.8588544607543364,"{""type"":""Point"",""coordinates"":[82.80125874136354,22.850750700237004]}"
1092,180.0,2025-04-01,284.07008484431674,243,0,10,0.3877692842251564,0.008938642554234377,0.4637353428839794,302.0621969132197,0.5205518500311415,"{""type"":""Point"",""coordinates"":[83.10134221991736,22.144315681072214]}"
1093,312.7365316300488,2025-04-01,283.38710725875126,343,0,40,0.26445570104176624,0.010562541298817507,2.049197686287849,300.7787961505708,1.1231241560335667,"{""type"":""Point"",""coordinates"":[82.04476220810531,22.488890761802583]}"
1094,142.5684518835672,2025-04-01,280.0003361929031,467,0,10,0.3062295081967213,0.002294140272091738,5.819934681633912,300.01342691693986,1.221199794161183,"{""type"":""Point"",""coordinates"":[80.29506660081488,23.862733466443476]}"
1095,239.2625357975664,2025-04-01,282.53187683650424,905,0,10,0.4137458926615553,0.04932955127234351,9.881573401714013,296.42086274283275,1.0120137269385499,"{""type"":""Point"",""coordinates"":[83.94755690866987,23.220727770001954]}"
1096,114.93133325927083,2025-04-01,282.1310967490786,434,0,10,0.25853985264567986,0.003597097806881777,2.1992064238723104,302.94654401143396,0.4179932589879044,"{""type"":""Point"",""coordinates"":[80.96675245668533,21.61188592908741]}"
1097,105.13155161996795,2025-04-01,292.91580540793285,175,0,10,0.4394085503053681,0.007025869898747317,3.548568974882421,302.0589707692464,1.0507122514029537,"{""type"":""Point"",""coordinates"":[83.40827595583156,18.837349868106713]}"
1098,245.02197677660348,2025-04-01,286.8612283525013,267,0,40,0.6878022568511553,0.02360351603503119,2.195362398389411,301.98679233732673,0.46802402044330216,"{""type"":""Point"",""coordinates"":[82.92109311648856,21.301573698659542]}"
1099,332.0075270474573,2025-04-01,291.6553771155221,139,0,10,0.3035244608100999,0.02905737083430182,1.0502574514627523,300.68708065577914,0.42766741290838306,"{""type"":""Point"",""coordinates"":[84.34266485548781,19.836864618317243]}"
1100,33.91037132403198,2025-04-01,289.45839050837924,297,0,10,0.5262142167899646,0.0257675818728913,21.31117667235523,301.63132358732673,0.2114258842497268,"{""type"":""Point"",""coordinates"":[84.21351457940071,21.60647785217358]}"
1101,270.0,2025-04-01,286.05033851805194,242,0,30,0.29929183749534105,0.013747545294712893,0.4996937003002962,301.6657532283238,0.4897827277613993,"{""type"":""Point"",""coordinates"":[82.74041044938629,21.868840186772484]}"
1102,245.08765140052617,2025-04-01,285.2391231627691,264,1,40,0.1923218221895665,0.010653527789067141,1.100792881414132,302.52711041768396,0.6797901997919579,"{""type"":""Point"",""coordinates"":[81.67168297239957,21.73708768965715]}"
1103,180.0,2025-04-01,286.7320779618763,250,0,40,0.7136246786632391,0.018037723712872378,0.4637353428839794,302.25661423092794,0.4890400464008168,"{""type"":""Point"",""coordinates"":[82.91274259560127,21.245937908669177]}"
1104,55.52223723215336,2025-04-01,280.6202673684983,380,0,40,0.2843197071384991,0.0031349978970993675,2.456134356583606,299.92568161374044,0.8680193164019745,"{""type"":""Point"",""coordinates"":[80.68378541545144,23.70724726531375]}"
1105,212.2402080278936,2025-04-01,294.389949753171,86,0,40,0.32007233273056057,0.0063339642810333885,2.7393098900976702,301.8535787491572,1.4314742942398102,"{""type"":""Point"",""coordinates"":[83.0516911791257,17.953754771505317]}"
1106,233.1716560804786,2025-04-01,285.4179852349418,311,0,40,0.2062780269058296,0.022473531179379336,3.091625777024596,302.89599527631486,0.1545900450546772,"{""type"":""Point"",""coordinates"":[82.60048591868005,20.596060544375185]}"
1107,19.64630414351089,2025-04-01,287.47606745220367,155,0,30,0.27039904705181655,0.020922156386326662,1.4769047229398906,303.22751499357685,0.10700267538518171,"{""type"":""Point"",""coordinates"":[83.33786592211864,20.97797202392925]}"
1108,295.0324376585427,2025-04-01,288.0294993718465,161,0,30,0.27685530328702135,0.01962097208971869,1.095851159906148,303.1387466249012,0.12972707590075397,"{""type"":""Point"",""coordinates"":[83.51159090715673,20.933932684621563]}"
1109,65.35786676092638,2025-04-01,280.7657868067423,491,0,40,0.3295509415741188,0.014237957410763613,1.1120950012543487,300.01239803859164,0.7176811917750785,"{""type"":""Point"",""coordinates"":[80.88082577451262,23.44371929513815]}"
1110,180.0,2025-04-01,282.5953999019805,373,0,40,0.26022126022126024,0.004590766839932314,0.9274099368670311,302.79479898725236,0.3382834632888674,"{""type"":""Point"",""coordinates"":[80.85648407626464,21.466747924183213]}"
1111,132.95852947321055,2025-04-01,289.83499486105785,168,0,40,0.8131923464249748,0.040095256977032534,0.6804767066604632,301.7915844690232,0.3118335246864693,"{""type"":""Point"",""coordinates"":[83.64309829179935,21.38308744891155]}"
1112,301.8703437205385,2025-04-01,285.6285623368763,300,0,40,0.598927294398093,0.015102418475102297,3.5088378507351803,302.3544623057047,0.5667444815621047,"{""type"":""Point"",""coordinates"":[82.70572857377249,21.157230359368288]}"
1113,133.32398245823265,2025-04-01,286.55170454297746,451,0,10,0.37130574959699086,0.0038194827365387596,0.675861346425702,302.62773123241607,1.0579016988126126,"{""type"":""Point"",""coordinates"":[81.38211601723722,19.413831677620312]}"
1114,115.11274929338873,2025-04-01,284.11774458203996,455,0,10,0.5023696682464455,0.006283255629490725,2.184353294154671,302.97436441693986,0.10902975015649109,"{""type"":""Point"",""coordinates"":[81.94053637241527,20.37837812569039]}"
1115,234.83726941724032,2025-04-01,283.59860279446553,545,0,40,0.5361985750402206,0.0034418277072418846,2.4143276265168354,302.83792468479703,0.3234967923382766,"{""type"":""Point"",""coordinates"":[82.08558257108105,20.07181598843619]}"
1116,133.1223913808986,2025-04-01,284.2700185775757,269,0,40,0.2988855116514691,0.001958849244068972,0.6783960852692874,304.0938305627732,0.4359222202394309,"{""type"":""Point"",""coordinates"":[80.39110448202233,20.52493889055476]}"
1117,14.843760057427911,2025-04-01,285.13275341760544,591,0,40,0.26619789050728276,0.005111979656170718,3.832321741538745,301.34257498241607,0.8595442686890057,"{""type"":""Point"",""coordinates"":[82.53210475990213,19.387482489872536]}"
1118,115.28360510153573,2025-04-01,292.4305352256411,186,0,30,0.41740674955595025,0.0022786728667725242,1.0856728903556327,301.73751894632977,1.125695765942785,"{""type"":""Point"",""coordinates"":[83.6812983092984,19.144736289101782]}"
1119,46.806930474996804,2025-04-01,287.7531379972186,546,0,40,0.32066264286631563,0.011426421217869631,3.3837399145701665,300.77481433323453,0.7111745244011775,"{""type"":""Point"",""coordinates"":[83.93534617522188,20.143298346931097]}"
1120,337.0430576384288,2025-04-01,285.9027555102394,854,0,30,0.27106307895897663,0.001140060238789431,19.371826913153736,299.753684543428,0.7365448412281509,"{""type"":""Point"",""coordinates"":[82.90304331474046,19.21064699707979]}"
1122,168.95682215040455,2025-04-01,294.0456765946888,543,0,10,0.6803219778640218,0.010882662944744936,28.192559904935838,299.92226945786246,1.4997625705053008,"{""type"":""Point"",""coordinates"":[84.2688943829068,18.922987238022266]}"
1123,227.16871650521412,2025-04-01,284.1411123275756,262,0,40,0.7670598775571151,0.00840552371020209,0.6821050826126699,302.35931605384457,0.810400443264115,"{""type"":""Point"",""coordinates"":[82.06056933958986,22.0242311879395]}"
1124,90.0,2025-04-01,280.0141243253436,623,0,40,0.2402044293015332,0.004809590392063967,1.003479158508965,300.4079465411959,0.8864660880761592,"{""type"":""Point"",""coordinates"":[80.6833551751276,22.45457350618839]}"
1125,90.0,2025-04-01,285.9656972885131,422,0,40,0.351486524034454,0.016721697859715334,0.4953741539077092,302.6567258380708,0.0484138602391946,"{""type"":""Point"",""coordinates"":[82.2956969198947,20.588676005822816]}"
1126,325.16030162549214,2025-04-01,282.38144552140005,456,0,10,0.3240593534711182,0.013413476161908022,6.1910558502537345,299.09882381984164,0.9413038825203344,"{""type"":""Point"",""coordinates"":[82.98267590397423,23.899868988103215]}"
1127,184.42721105409183,2025-04-01,280.0997304916382,749,0,30,0.25110266159695815,0.009357901625584475,6.484043778992813,298.96883637564525,0.9593132325143358,"{""type"":""Point"",""coordinates"":[81.05625802959528,22.695665098865785]}"
1128,207.8956010675871,2025-04-01,291.72277155376617,237,0,30,0.38089622641509435,0.015118914060543887,4.190247350165909,301.28842226664227,1.08459135426043,"{""type"":""Point"",""coordinates"":[83.38618147204352,19.17653262285382]}"
1129,192.29165745891171,2025-04-01,283.0990271341233,633,0,40,0.37020375760783275,0.0733079187201966,2.3717718826686767,296.51528122311544,0.797845507905466,"{""type"":""Point"",""coordinates"":[84.38798305305818,23.37531613873727]}"
1130,295.417887743105,2025-04-01,290.3900950749715,130,0,30,0.24595842956120093,1.277647542465843E-4,1.0803168733160051,303.7577942439488,1.6220252581625818,"{""type"":""Point"",""coordinates"":[81.6293774926699,18.114902098340497]}"
1131,151.7157427263908,2025-04-01,285.4897742044358,254,0,40,0.20277851990382045,0.012936206870030276,1.0531211715264894,302.0880700065976,0.6281518620966275,"{""type"":""Point"",""coordinates"":[81.98908352963048,21.687969315254986]}"
1132,180.0,2025-04-01,283.4103180567423,367,0,40,0.2583457367637678,0.009026380591343752,0.9274099368670311,300.65544119335357,1.1312456650674152,"{""type"":""Point"",""coordinates"":[82.12401054200731,22.548772684516415]}"
1133,208.66329918663604,2025-04-01,282.2496793383644,316,0,40,0.3274092615769712,0.019916745238255373,2.1130926951442555,299.32458414350236,0.8397284857425277,"{""type"":""Point"",""coordinates"":[84.01788727386317,23.842587411808346]}"
1134,226.85279035015438,2025-04-01,284.7205626623971,340,0,40,0.22704590818363274,0.0029059372472275413,1.3559752050629874,303.5573431650797,0.4853936991447111,"{""type"":""Point"",""coordinates"":[80.80150903117236,20.392184978646384]}"
1135,79.57493705187632,2025-04-01,282.16325355711433,516,0,40,0.3748621830209482,0.017431931905697695,2.5611393329891374,298.8972217923119,0.8960462411530362,"{""type"":""Point"",""coordinates"":[82.7695459287005,23.08370291906477]}"
1136,-0.0,2025-04-01,286.45680940718876,261,0,40,0.3467449008102822,0.020747395567845217,0.0,301.9633141472226,0.519769542103535,"{""type"":""Point"",""coordinates"":[82.639117156017,21.3978096012628]}"
1137,24.639001346002413,2025-04-01,288.11875602177207,454,0,10,0.6458975940777298,9.042195605744041E-4,26.093515202523445,300.1810178302583,0.8077193293485416,"{""type"":""Point"",""coordinates"":[81.8518663054125,17.938444486936362]}"
1138,263.2706003505055,2025-04-01,286.9482528595698,338,1,10,0.3905296155749876,0.0015455357360352195,3.9512607575781935,303.34152285257977,0.8781210991202332,"{""type"":""Point"",""coordinates"":[80.7767242581808,19.274472821916248]}"
1139,270.0,2025-04-01,284.71499393099833,262,0,40,0.18028616852146265,0.01723060231680762,0.5004863822264707,301.80182674952914,0.46363555702281856,"{""type"":""Point"",""coordinates"":[83.47061404589485,22.094619839430635]}"
1140,125.52445958767895,2025-04-01,291.3239039012364,735,0,30,0.33594929067310597,0.003145234994839541,4.777590276865785,298.88106200808573,1.048999544479881,"{""type"":""Point"",""coordinates"":[82.54098254284051,17.840534330963443]}"
1141,180.0,2025-04-01,279.47776481083457,632,0,40,0.16545507414946206,0.003471540622662417,0.463735342881014,300.1630037398565,1.1677159086242372,"{""type"":""Point"",""coordinates"":[80.49182815023887,22.912177055353485]}"
1142,313.58984312668383,2025-04-01,291.65579564230785,75,0,40,0.38746014877789586,3.1998973364721905E-4,2.016939117597623,304.2902998243059,2.0261953709480154,"{""type"":""Point"",""coordinates"":[80.93952359490515,17.83372150443552]}"
1143,226.91233402347697,2025-04-01,288.34923639751617,159,0,40,0.2630964881577412,0.011684881858776919,0.67883548144392,302.87780098688035,0.12412468524479499,"{""type"":""Point"",""coordinates"":[84.00114286953122,20.71016114793147]}"
1144,350.0580633836067,2025-04-01,289.64545454297746,549,0,30,0.376890891535243,0.0012259952353943504,5.6315815819236965,299.9094055720738,0.6812954180231539,"{""type"":""Point"",""coordinates"":[82.22910009471352,18.03850607457179]}"
1145,144.8807278544095,2025-04-01,294.5173911594209,43,0,80,0.024896265560165973,0.00367096286291968,5.089180753936972,302.1982123057047,1.4599753131889395,"{""type"":""Point"",""coordinates"":[83.74026934805416,18.57789512394646]}"
1146,126.22973613646649,2025-04-01,283.558924130031,446,1,10,0.30886351277868407,0.018694000654171816,3.1354539811905062,299.04493849618086,0.7554012109271444,"{""type"":""Point"",""coordinates"":[82.92988162587577,23.671830962897175]}"
1147,47.118166511867926,2025-04-01,286.62985860733755,229,0,40,0.21343283582089553,0.017036097459744326,1.3627209700542289,301.66108549208866,0.44024443400221047,"{""type"":""Point"",""coordinates"":[82.60368008152156,21.77219087682232]}"
1148,195.09723319566965,2025-04-01,282.64122277214415,345,0,40,0.21618204804045513,0.008152501993130556,1.9205753182549645,302.0769964853922,0.8369377843125054,"{""type"":""Point"",""coordinates"":[81.29183565323467,22.070990255962716]}"
1149,301.86937946887844,2025-04-01,285.722010067531,312,0,50,0.3802335516946739,0.012191938571881167,1.7561129323560485,302.40120942252025,0.3139720416736668,"{""type"":""Point"",""coordinates"":[81.73215404753641,21.16272823833364]}"
1150,126.86699551016385,2025-04-01,286.7877943402245,231,0,40,0.277710843373494,0.007634463124226443,3.0888493653950344,302.4683597201393,0.41415209966201955,"{""type"":""Point"",""coordinates"":[83.77969221668049,20.380533872161234]}"
1151,180.0,2025-04-01,285.0209195727394,370,0,10,0.2392807745504841,0.0016765765475739158,6.464860749476268,304.1123619987851,0.7142310865236069,"{""type"":""Point"",""coordinates"":[80.34780351399412,20.099017394524413]}"
1152,160.47139288056658,2025-04-01,282.6355203446888,663,0,40,0.2735073292813729,0.0035627506303299583,1.4758260343811274,302.35939162118086,0.47175237570587464,"{""type"":""Point"",""coordinates"":[82.03108067434515,19.979828687057953]}"
1153,81.28412860390357,2025-04-01,279.3300306683495,659,0,30,0.18647951876253221,0.008053260259579531,3.0574212393968376,299.860379809425,1.0913875334050833,"{""type"":""Point"",""coordinates"":[80.4243459426749,23.09864796620873]}"
1154,223.96496790043338,2025-04-01,285.40097095852803,307,0,30,0.20915165013160558,0.014359521083783022,6.416063599914787,302.5710150400797,0.47360507325061607,"{""type"":""Point"",""coordinates"":[82.58364515324999,21.07358286856744]}"
1155,180.0,2025-04-01,279.8817536036173,601,0,10,0.30327868852459017,0.003810154609631411,1.8543341688414132,301.1546738942464,0.8733507108231284,"{""type"":""Point"",""coordinates"":[80.55017771034181,22.365170353002675]}"
1156,-0.0,2025-04-01,281.2701987766084,398,0,40,0.37730540793998124,0.01234798353190314,0.9274099368611016,299.1196339016869,0.6770815390036874,"{""type"":""Point"",""coordinates"":[81.72359652167958,24.10476448592015]}"
1157,199.91327728643077,2025-04-01,281.517658551534,715,0,10,0.38452883263009846,0.02811430614466559,1.4793805353810725,298.13037027631486,0.8083012589957351,"{""type"":""Point"",""coordinates"":[83.35043712325262,23.051520319100984]}"
1158,332.18335779136055,2025-04-01,294.7259221304031,55,0,40,0.36836158192090396,0.004405605010937563,1.048552368058552,301.80862199692496,1.5347675129911682,"{""type"":""Point"",""coordinates"":[83.76014825414327,18.618288739465676]}"
1159,27.891609793354394,2025-04-01,285.9246467862811,582,0,10,0.6259831841605642,0.006039919667195193,1.049277465699162,302.15302303859164,1.3616338797622967,"{""type"":""Point"",""coordinates"":[82.04251934488786,19.148724180333463]}"
1160,215.56586379110487,2025-04-01,285.4187467211769,283,0,40,0.7734584450402144,0.00966701131338965,1.7097889123087981,302.64211809067496,0.25566195075608145,"{""type"":""Point"",""coordinates"":[81.48106005153679,21.19308703317647]}"
1161,336.9781031379861,2025-04-01,284.6420016969953,610,0,40,0.2576189432142074,0.00991606932158362,2.5177605436183774,301.91253289722266,0.5592338614578594,"{""type"":""Point"",""coordinates"":[82.3546995264032,19.722343213387273]}"
1162,180.0,2025-04-01,290.46896993546255,170,0,40,0.3195625759416768,0.028102772645901553,2.3174627380815918,299.79450834365116,0.429911933922085,"{""type"":""Point"",""coordinates"":[84.31799430039757,19.866395886619003]}"
1163,72.48880895687576,2025-04-01,295.1129373368763,66,0,40,0.35657463734206835,0.0026383272933472313,3.079501713610707,301.0266453879221,1.5815891487352638,"{""type"":""Point"",""coordinates"":[84.22268120602392,18.819606179100937]}"
1164,342.3010578838099,2025-04-01,291.6070779618763,289,0,10,0.35135135135135137,0.03101691823477637,9.64362038116064,300.44137636820477,0.4273958033416581,"{""type"":""Point"",""coordinates"":[84.390320062914,19.934298961110482]}"
1165,345.3839928631821,2025-04-01,279.63439264751617,621,0,30,0.18838862559241706,0.004869046025227419,11.811169379454723,299.82724643888923,1.102105805645423,"{""type"":""Point"",""coordinates"":[80.65703076491167,23.026735876492125]}"
1166,19.69701325433299,2025-04-01,284.459303129287,289,0,40,0.17921503593145385,0.005423220210026614,1.4773718776228122,302.93799908955896,0.34251420869714577,"{""type"":""Point"",""coordinates"":[81.42014396539557,21.390319656924753]}"
1167,113.0683695437473,2025-04-01,289.692457426162,337,0,10,0.6089943785134291,7.340531821142804E-5,15.031398324193283,304.12044770377025,1.7226513194317052,"{""type"":""Point"",""coordinates"":[81.62978121882988,18.18610342446561]}"
1168,50.35937099025754,2025-04-01,285.7408728372483,476,0,10,0.5103155339805825,0.024915309958409182,12.170997642767189,300.9706906818209,0.6209147038739649,"{""type"":""Point"",""coordinates"":[83.59980446145934,22.191060827471325]}"
1169,190.24957827761847,2025-04-01,283.71408712296255,479,0,10,0.32224770642201833,0.018416466526936404,19.057777308827614,299.60322416396366,1.0425272380122592,"{""type"":""Point"",""coordinates"":[82.35432048783957,22.820845364778855]}"
1170,283.2698721213353,2025-04-01,285.13275341760544,594,0,40,0.5034874709377422,0.005111979656170718,2.0195063664549306,301.34257498241607,0.8595442686890057,"{""type"":""Point"",""coordinates"":[82.48299284993132,19.38001886236378]}"
1171,347.65004486165674,2025-04-01,280.99376764751617,405,0,30,0.20699840945239717,0.006290974430989138,2.3722984298356904,299.72999127705896,0.8286396716320573,"{""type"":""Point"",""coordinates"":[81.23576081168626,24.012515131482157]}"
1172,-0.0,2025-04-01,283.12573146820074,312,0,40,0.6144420131291028,0.008959891610096804,0.0,301.7181678953625,0.842524513745924,"{""type"":""Point"",""coordinates"":[81.6876906842119,22.246469134288677]}"
1173,132.54876060355394,2025-04-01,280.0221693402245,605,0,40,0.15947901591895802,0.00800000350947272,1.371324984420393,299.70559465317496,0.7920836284227415,"{""type"":""Point"",""coordinates"":[80.65887087542329,23.37887633059245]}"
1174,180.0,2025-04-01,282.99923756009053,705,0,10,0.5577680018522806,0.015149744563053957,0.463735342881014,298.97847993033275,1.1644398047410585,"{""type"":""Point"",""coordinates"":[82.23925762744749,22.61794260765449]}"
1175,46.939892894767,2025-04-01,284.9851994741531,375,0,10,0.2672463768115942,0.012437271289776675,0.6791847791954633,302.83611106872553,0.2372029523827607,"{""type"":""Point"",""coordinates"":[82.3137718771333,20.856044215440882]}"
1176,65.12697825718627,2025-04-01,285.2782554172334,257,0,10,0.42246642246642246,0.014278190545987002,1.1024219559691488,301.9520778656006,0.40574374801988805,"{""type"":""Point"",""coordinates"":[83.10587262155794,21.99357408061912]}"
1177,199.7222233455828,2025-04-01,284.87001160212924,286,0,30,0.22842639593908629,0.009617882184933535,1.4776046646913836,302.5663124266125,0.6123379667937062,"{""type"":""Point"",""coordinates"":[81.81855572257489,21.592274119359463]}"
1178,115.2035133925271,2025-04-01,286.1385604767573,277,0,10,0.3219494841693348,0.001789721064518801,1.088895653535666,303.714383715675,0.7994466649653251,"{""type"":""Point"",""coordinates"":[80.6407425858038,19.732558970927144]}"
1179,278.7395347096298,2025-04-01,286.56154573531376,707,0,10,0.4338952972493345,0.010654898695896975,23.081480992934925,301.47305070786246,0.6132729472119527,"{""type"":""Point"",""coordinates"":[83.13448135068519,19.681113804227973]}"
1180,52.2106697951564,2025-04-01,285.87625462668285,269,0,10,0.31048252911813645,0.01635791581148993,7.5245832868137095,301.81631823948453,0.523781623153784,"{""type"":""Point"",""coordinates"":[82.35367615306403,21.493632335677315]}"
1181,329.4515763211125,2025-04-01,286.92043245406376,922,0,10,0.38071334214002645,0.013185235075901858,26.04549255376773,298.47383544558573,0.770047312579449,"{""type"":""Point"",""coordinates"":[83.13542195541002,19.100092839513042]}"
1182,212.19302884030552,2025-04-01,287.1852552777245,754,0,10,0.34692644615616974,0.01588554900164496,11.882557226656758,300.1505002521333,0.6383456109740859,"{""type"":""Point"",""coordinates"":[84.14315796783293,20.18224994653655]}"
1183,304.97383310944963,2025-04-01,285.79750183650424,311,0,30,0.11843179961884019,0.014768647365521304,4.842695140230001,302.18964994521366,0.3273911493941764,"{""type"":""Point"",""coordinates"":[81.86833382297019,21.139489850691582]}"
1184,286.6214145344059,2025-04-01,285.2773021062215,416,0,10,0.24806982208794898,0.004100131206463686,11.20355808958323,303.5844602130708,0.6627223234411189,"{""type"":""Point"",""coordinates"":[80.63334388142731,20.24717671889716]}"
1185,52.503264270876286,2025-04-01,283.2136569704329,749,0,40,0.20189098998887653,0.05566281300063025,3.803611590287676,296.2281544094994,1.051659298212947,"{""type"":""Point"",""coordinates"":[84.09859520027665,22.974217727998926]}"
1186,180.0,2025-04-01,289.7885848908197,177,0,10,0.27104425802719123,4.204086589325584E-4,1.3909630807829783,304.5726891472226,1.6748606413128198,"{""type"":""Point"",""coordinates"":[80.4948969587351,18.10613473929175]}"
1187,227.59905938949143,2025-04-01,281.6136697587513,362,0,10,0.363858562815708,0.006620692424725405,0.6876957155405041,299.51453717549646,1.1665951521319804,"{""type"":""Point"",""coordinates"":[83.58642040230761,24.05430560194655]}"
1188,151.52649081331606,2025-04-01,281.457605770656,800,0,40,0.3023038605230386,0.03366269391054999,1.0550016052707647,298.149930590675,1.0123942446706746,"{""type"":""Point"",""coordinates"":[81.58085498222496,22.79390369487698]}"
1189,151.6602029735073,2025-04-01,285.09102280934655,237,0,40,0.2853248523398455,0.011390956454228274,1.0536711358773658,301.95348458063035,0.4896164619163864,"{""type"":""Point"",""coordinates"":[82.91690399487447,22.018892562962236]}"
1190,74.42988087681144,2025-04-01,281.4377257483346,734,0,10,0.4262139003490955,0.027445020489643923,16.780208339423535,297.2416751498268,0.8262023518207907,"{""type"":""Point"",""coordinates"":[83.52593824289308,23.143429612310687]}"
1191,315.5601928577181,2025-04-01,291.4226122810727,333,1,10,0.712186803095894,0.0020646325873840965,17.018151047459575,300.5643941788447,1.0357517185952103,"{""type"":""Point"",""coordinates"":[83.99444919979943,19.22913447027003]}"
1192,53.26666336377795,2025-04-01,290.3114876065935,143,0,10,0.4827678332888058,0.028819414191197268,3.0984775473893587,302.2992574600947,0.3841954586124549,"{""type"":""Point"",""coordinates"":[83.78722662902636,21.115873477152]}"
1193,64.97008919084436,2025-04-01,284.7301364626203,331,0,10,0.34293369055592765,0.011705087833355776,2.1911078773223847,302.5745899563744,0.30537635527979584,"{""type"":""Point"",""coordinates"":[82.25671443706872,20.950910985865907]}"
1194,-0.0,2025-04-01,283.5890173684983,303,0,40,0.23141564318034907,0.003684075884770266,0.0,303.16585786002025,0.22699465251776513,"{""type"":""Point"",""coordinates"":[81.1140404867422,21.397200952447264]}"
1195,340.1765950795879,2025-04-01,283.71209912073044,629,0,10,0.4115037705160432,0.011511372737835757,1.478542582074608,300.77186139424646,0.9784825247442761,"{""type"":""Point"",""coordinates"":[81.78900955980866,22.379111129982224]}"
1196,82.2814490694891,2025-04-01,292.0921853837513,243,0,40,0.402676399026764,0.007789137177418581,3.448704606283151,301.36455345153814,0.9262936839719014,"{""type"":""Point"",""coordinates"":[83.17345112137006,18.424295880613435]}"
1197,-0.0,2025-04-01,288.7551318123227,233,0,30,0.2237744475488951,0.032857286148022524,0.4637353428839794,302.09848086039216,0.2866815343357437,"{""type"":""Point"",""coordinates"":[83.4070840710114,21.332947430792984]}"
1198,133.19662672274842,2025-04-01,283.7013453074864,677,0,40,0.21518987341772153,0.005651550702999941,1.3547296105459645,302.10439836411246,0.4160791912985059,"{""type"":""Point"",""coordinates"":[81.33238946126644,20.123286418112716]}"
1199,217.0100987496574,2025-04-01,280.1877606255668,847,0,10,0.6135127397652448,0.01235178332800757,13.122850571926804,298.50288817996073,0.9632138155466676,"{""type"":""Point"",""coordinates"":[81.23642062259465,22.657796040615914]}"
1200,180.0,2025-04-01,284.56180731455487,539,0,40,0.22068027210884353,0.001959057860325686,5.0877851281632935,302.35999615987146,0.7855433238715598,"{""type"":""Point"",""coordinates"":[81.10665982439608,19.661393460462758]}"
1201,14.94478663963313,2025-04-01,284.132648785909,396,0,10,0.5262206148282098,0.006288783960293642,5.740485780212616,302.9810085296631,0.06048689781080555,"{""type"":""Point"",""coordinates"":[81.98202788313837,20.508070087212996]}"
1202,144.28705724214754,2025-04-01,280.8713834399269,588,0,80,0.26343457943925236,0.007608356289814822,3.422816949335887,301.2659090132941,0.8519703492416054,"{""type"":""Point"",""coordinates"":[80.857711931909,21.97818828283978]}"
1203,31.29333269163853,2025-04-01,282.0697244462513,328,0,10,0.4038009049773756,0.013353647999714724,4.872497391965815,299.3431155795143,0.8761830829656277,"{""type"":""Point"",""coordinates"":[83.95887713714639,23.940376075935408]}"
1204,249.08778553451754,2025-04-01,281.8337102163406,802,0,10,0.36591952470969485,0.02521319907183539,6.468555003645485,298.01340366545173,0.9276341400496013,"{""type"":""Point"",""coordinates"":[82.13401640291828,23.500327509003668]}"
1205,245.10751220005787,2025-04-01,284.6234702609834,253,0,40,0.49332344213649854,0.012142988257359377,1.10161492759343,302.49215180533275,0.7624829108275599,"{""type"":""Point"",""coordinates"":[81.94808173794227,21.866871512883947]}"
1206,235.38324223868182,2025-04-01,282.8431445076352,430,0,30,0.25342329827346693,0.011516260318707339,4.886112091757902,299.2154067811512,0.9852793332587045,"{""type"":""Point"",""coordinates"":[82.37658875044224,23.01782521816589]}"
1207,252.96085063589817,2025-04-01,282.0637081237066,503,0,40,0.2181095136127256,0.01856070976729285,3.1620132469527276,299.29089855012444,0.7042916176739128,"{""type"":""Point"",""coordinates"":[81.48400763088381,23.156264183448474]}"
1209,90.0,2025-04-01,280.8339311054775,823,0,30,0.30890207715133533,0.035994785242031924,1.0071119246027684,297.6412926628476,0.9731966198535161,"{""type"":""Point"",""coordinates"":[81.59636487062018,22.94952608385457]}"
1210,301.3711891764615,2025-04-01,281.7021997996739,338,0,10,0.38798002410883414,0.014091896228741518,1.7810740381626347,299.3340998150053,0.715557788353244,"{""type"":""Point"",""coordinates"":[84.30275512341035,23.85547143850064]}"
1211,279.5955900696938,2025-04-01,290.51137483687626,364,0,10,0.4682822523164647,0.005058171563099734,18.77237198735844,301.13093412490116,0.8699095624187156,"{""type"":""Point"",""coordinates"":[83.7582327682682,19.62770954169091]}"
1212,148.2766978072218,2025-04-01,280.3462078911918,513,0,10,0.3604355716878403,0.002913417630146853,3.8107692748341964,301.79878080458866,0.9266388314382243,"{""type"":""Point"",""coordinates"":[80.5078195891163,22.424864817676834]}"
1213,144.40177665796864,2025-04-01,286.75839283352803,274,0,40,0.27305699481865287,0.029918196015309206,1.7104795255277596,301.59197044372564,0.41821118808306335,"{""type"":""Point"",""coordinates"":[82.88488190442185,21.36957443223673]}"
1214,165.08785332272868,2025-04-01,286.9270940054031,585,0,10,0.2764003673094582,0.0106051884221543,1.918914333770799,300.8494923001244,0.6038822929197226,"{""type"":""Point"",""coordinates"":[83.91655344526329,20.15418051165471]}"
1215,139.13254782684575,2025-04-01,283.31056917281376,340,0,10,0.4286476393704988,0.009830640964459292,3.0632639360823513,301.18444742475236,1.0671904755358892,"{""type"":""Point"",""coordinates"":[82.83865892321612,22.390946101345392]}"
1216,47.46886143130328,2025-04-01,282.8082498368763,720,0,40,0.35263387026556375,0.03809888880724799,2.0571855844412807,297.81132498241607,1.0012337706792547,"{""type"":""Point"",""coordinates"":[82.43544749540192,23.46115318596206]}"
1217,-0.0,2025-04-01,286.08339050837924,275,0,30,0.26349005995582203,0.011985170059155337,3.704791833694711,303.6206569671631,0.10551002044279359,"{""type"":""Point"",""coordinates"":[82.69612879668047,20.074203481698365]}"
1218,72.97747485913385,2025-04-01,282.2978796731858,584,0,40,0.2908348457350272,0.028851302676152102,3.165003654439743,298.45937883286246,0.9559485489240642,"{""type"":""Point"",""coordinates"":[82.676683674914,23.294837161185377]}"
1219,176.9819675004944,2025-04-01,289.4781949633644,253,0,10,0.18581746552856204,7.267914342392601E-4,9.207697974429212,304.3720869336809,1.5255503021749608,"{""type"":""Point"",""coordinates"":[80.50872982957512,18.49572835386724]}"
1220,158.56686510993248,2025-04-01,282.3179166430519,959,0,10,0.6493099121706399,0.04223270934100043,22.22858998222706,297.0809201740083,1.0265880831486287,"{""type"":""Point"",""coordinates"":[83.38188620897135,22.871072919531997]}"
1221,208.3044220776666,2025-04-01,289.08485535212924,243,0,40,0.1729946154908187,0.02744105678076636,1.053320666147571,301.5566456204369,0.2912011154518338,"{""type"":""Point"",""coordinates"":[84.27578783682516,21.80894822205893]}"
1222,41.673844069813676,2025-04-01,284.2878059659686,385,0,10,0.3367559762554147,0.00711336951727759,3.7199179057553864,303.097701935541,0.1074055450690591,"{""type"":""Point"",""coordinates"":[81.96341276414478,20.582073229487975]}"
1223,-0.0,2025-04-01,282.7128257297334,608,0,40,0.3044822256568779,0.017985673956822268,8.289099835372715,298.75102224804107,1.1391287384475093,"{""type"":""Point"",""coordinates"":[82.1242916536476,22.703786707020242]}"
1224,191.95541339884124,2025-04-01,287.49999323345367,359,0,10,0.45896464646464646,0.004691036753605715,2.3687872290854006,302.4273382822672,1.2155778279451976,"{""type"":""Point"",""coordinates"":[81.36262118929359,19.17139513823299]}"
1225,115.35620329758076,2025-04-01,295.33434381939117,30,0,40,0.5352335708630246,0.002282979302357546,1.0827699135804494,301.6219241732643,1.498346694449472,"{""type"":""Point"",""coordinates"":[83.96881591415071,18.59433815646101]}"
1226,253.9901825363704,2025-04-01,279.8457603000459,589,0,30,0.40829493087557606,0.008646937422703616,8.347645245294553,299.63406726292203,0.9197975658051053,"{""type"":""Point"",""coordinates"":[80.64838170186796,23.338338262713094]}"
1227,123.25122263440785,2025-04-01,287.43766180674237,446,0,10,0.2813306567249785,0.008631931953381411,5.899458198086224,303.03418468293694,0.32081760335100223,"{""type"":""Point"",""coordinates"":[83.83140004939169,20.50283950508906]}"
1228,35.38260391350153,2025-04-01,285.285230863662,237,0,40,0.22595190380761523,0.0013510606812943138,1.705898543184231,304.32721156165707,0.705885055024088,"{""type"":""Point"",""coordinates"":[80.21533672168044,20.166778273350793]}"
1229,35.516289070728256,2025-04-01,288.28434149424237,170,0,40,0.28010012515644556,0.018982546739529482,1.7087330318104443,303.3206546420143,0.05808778636984693,"{""type"":""Point"",""coordinates"":[83.37840630337514,20.920998500128672]}"
1230,333.31675691427347,2025-04-01,280.82091027214415,592,0,10,0.43578688019710504,0.014414789490651003,13.252979845992055,299.58241989499044,0.7835707992062576,"{""type"":""Point"",""coordinates"":[80.97820442703063,23.31607362593079]}"
1231,43.036202878392665,2025-04-01,281.85191613151915,667,0,10,0.5332302936630603,0.02825151603693854,8.812370151632114,298.26694370451423,0.5121179306612191,"{""type"":""Point"",""coordinates"":[83.4768332274833,23.362891317772547]}"
1232,95.9779206508211,2025-04-01,290.23113046373646,453,0,10,0.4805528768884603,0.02056271057600867,4.4439410203601994,300.1671599433535,1.013258525549513,"{""type"":""Point"",""coordinates"":[83.46672509501822,19.535897552679288]}"
1233,144.5109146352306,2025-04-01,290.1358400526501,100,0,30,0.21709166092350105,0.017133223228405825,1.7081547230042808,302.6726821717762,0.4794154640981974,"{""type"":""Point"",""coordinates"":[84.30386295172778,20.770302363340033]}"
1234,95.65151357735279,2025-04-01,288.6815176010132,793,0,10,0.3855917667238422,0.023649307303379885,9.33480793761481,298.9902044932047,0.551651435520402,"{""type"":""Point"",""coordinates"":[84.16911390140844,19.930244530772605]}"
1235,114.60045839827153,2025-04-01,281.9584951400756,428,0,30,0.25871652349671553,0.014527755193661562,2.2268807206186736,299.3692793164934,0.6298978492719228,"{""type"":""Point"",""coordinates"":[81.1502184525715,23.696009255239435]}"
1236,133.20666843581424,2025-04-01,285.45031061626617,437,0,10,0.3308296346876067,0.004984753541897646,9.397907496781322,303.645536059425,0.7255565344951883,"{""type"":""Point"",""coordinates"":[80.83999143540639,20.068760927208082]}"
1237,222.3079235740847,2025-04-01,290.40492371150424,558,0,30,0.27591208300792147,0.01943065445895087,4.380964113890523,299.7560968853178,0.5999089117993287,"{""type"":""Point"",""coordinates"":[84.18902345139217,19.656683810045397]}"
1238,19.847830335318623,2025-04-01,283.7925143923078,986,0,10,0.6970610399397137,0.017670931630085818,8.804623649922869,299.5277382078625,1.0824918136951776,"{""type"":""Point"",""coordinates"":[82.75552547097622,22.564570687853067]}"
1239,227.37213293648176,2025-04-01,280.00874741872155,818,0,40,0.19094036697247707,0.009550677947949282,7.489455177309425,298.68754568554107,0.8355741633497387,"{""type"":""Point"",""coordinates"":[81.17741914105024,23.009323694230815]}"
1240,199.89284501539748,2025-04-01,283.0832568123227,416,0,30,0.3246167718665464,0.008717196397732607,1.4791896257334443,299.5591044653029,0.88406303596004,"{""type"":""Point"",""coordinates"":[82.60884834177213,22.900437499516908]}"
1241,90.0,2025-04-01,281.48599583762035,468,0,10,0.3632286995515695,0.012248369269322268,1.0134375492220904,299.27027448018396,0.9053022736337496,"{""type"":""Point"",""coordinates"":[83.4653708481361,23.780492817795857]}"
1242,100.64312702512655,2025-04-01,282.6355203446888,657,0,40,0.1527789046653144,0.0035627506303299583,2.509318397126221,302.35939162118086,0.47175237570587464,"{""type"":""Point"",""coordinates"":[81.97107018486004,20.01202863686605]}"
1243,234.8360272347845,2025-04-01,282.94171337854294,634,0,40,0.1998393251656959,0.0030764959382523216,2.414253413731959,302.2997806185768,0.3750053300686317,"{""type"":""Point"",""coordinates"":[81.85428505456635,20.064461861486908]}"
1244,328.7244844828998,2025-04-01,284.3399648666381,424,0,10,0.3584577474996376,0.001699062399815432,3.7926157249099295,302.2611250196184,0.7288832583383971,"{""type"":""Point"",""coordinates"":[80.98103637366789,19.82333005583816]}"
1245,295.16547483122173,2025-04-01,285.27216352735246,348,0,30,0.39022199409726677,0.002447428517292849,4.353861918435987,303.9312270936512,0.6254675061841695,"{""type"":""Point"",""coordinates"":[80.95361988036846,20.005782017055083]}"
1247,147.02738675670216,2025-04-01,284.4318721862066,313,0,40,0.36275106512477173,0.011380778961132876,2.76176683632957,301.6447861989339,0.8028720275599903,"{""type"":""Point"",""coordinates"":[83.18177540883636,22.34838735491933]}"
1248,174.4641036629247,2025-04-01,284.8747897829328,318,0,10,0.25773195876288657,0.0017732552813995994,5.111499978662222,304.03484153747564,0.5501888097039312,"{""type"":""Point"",""coordinates"":[80.43002820420193,20.286981223736042]}"
1249,90.0,2025-04-01,286.7949790500459,262,0,40,0.1782312925170068,0.051111327819775454,0.5011299025228848,300.3129177093506,0.5716211217784952,"{""type"":""Point"",""coordinates"":[84.07598589157449,22.275064847598944]}"
1250,208.1325936385853,2025-04-01,285.87553383055194,291,0,40,0.2026875699888018,0.014066370539616457,1.0516273182506084,302.92532702854703,0.10880714805354892,"{""type"":""Point"",""coordinates"":[82.94696734241893,20.749409901488324]}"
1251,292.57748288823996,2025-04-01,291.3643440519061,307,0,30,0.4442793462109955,0.005665006451557986,13.055943803761343,300.7796797071184,1.1676875944409388,"{""type"":""Point"",""coordinates"":[83.51509583566633,19.09169759212761]}"
1252,313.412433992701,2025-04-01,292.3042912710281,396,0,10,0.4629965386517224,0.008365692906330935,6.716948146694476,301.4810492197672,1.0247348872550945,"{""type"":""Point"",""coordinates"":[83.37447580971764,18.903742940669435]}"
1253,-0.0,2025-04-01,283.26272923605785,521,0,10,0.3599774838164931,0.03535282831663977,0.4637353428839794,298.0323885054815,1.1462960176146975,"{""type"":""Point"",""coordinates"":[82.12749056254582,22.896554057152276]}"
1254,213.03096053182742,2025-04-01,283.19051011403405,595,0,30,0.20747663551401868,0.026735173873852602,2.763591161183088,298.2945315951393,0.94820856396377,"{""type"":""Point"",""coordinates"":[83.29948884203309,22.657270831906843]}"
1255,67.82514611861716,2025-04-01,289.2485865184239,329,0,10,0.260431654676259,7.439724730957664E-4,3.6809623250539296,301.03148751031785,0.6542567055414751,"{""type"":""Point"",""coordinates"":[81.98296078216431,18.006345625899424]}"
1256,116.43548019456686,2025-04-01,288.0803329376948,1107,0,30,0.6764365599691478,0.020233618431042544,11.309287319757193,297.0179144541422,0.8390879301175691,"{""type"":""Point"",""coordinates"":[82.94023601527107,18.349812034347714]}"
1257,245.42974512963963,2025-04-01,286.52956331343876,491,0,10,0.2787022794014823,0.0015317223596085228,17.299017152894617,303.1207615988595,0.8800573732898705,"{""type"":""Point"",""coordinates"":[80.84328360109848,19.439808198706142]}"
1258,32.54676362085418,2025-04-01,285.761799176534,333,0,40,0.32689521970062774,0.01101218383784186,2.748610369105743,303.2809236617315,0.33609527860399674,"{""type"":""Point"",""coordinates"":[82.37810090584443,19.929012161903866]}"
1259,270.0,2025-04-01,288.1689152944656,182,0,50,0.32442422519192493,0.006991731338452212,2.4696181429815383,303.18157586597266,0.7816999180010299,"{""type"":""Point"",""coordinates"":[83.2505555794941,20.22897818440199]}"
1260,15.063118641710467,2025-04-01,285.29861790793285,262,0,40,0.7160739687055476,0.013082387261341921,1.9202674494033116,302.41161446344285,0.680704935806844,"{""type"":""Point"",""coordinates"":[81.75164679574385,21.733413363034995]}"
1262,140.67538403214255,2025-04-01,289.2135814030965,575,0,10,0.2821380243572395,5.058519172180809E-4,5.3795368108305395,303.62768472943986,1.6436682961600313,"{""type"":""Point"",""coordinates"":[80.74290962190827,18.300123584956722]}"
1263,208.09271040452708,2025-04-01,285.0194314775013,379,0,30,0.2522490104354084,0.006755100898693911,1.051236402671833,303.00444021679107,0.23658317954042205,"{""type"":""Point"",""coordinates"":[81.18738631420744,20.49453012086989]}"
1264,70.46819440693277,2025-04-01,286.5609876995995,674,0,30,0.2815163465207989,0.0015215448665131248,16.199171384020904,299.528610138666,0.8508104480572434,"{""type"":""Point"",""coordinates"":[82.68381587325251,18.91793773985579]}"
1265,180.0,2025-04-01,281.9856296266828,848,0,10,0.48532007059201027,0.02851471524710547,0.9274099368611016,298.81808535257977,0.6390291089869865,"{""type"":""Point"",""coordinates"":[83.69857945213691,23.5503893665762]}"
1266,110.77544557133099,2025-04-01,289.7970309938703,201,0,10,0.32202020202020204,0.0011604450273026146,2.6130007267136506,303.95998337155294,1.5734047140498915,"{""type"":""Point"",""coordinates"":[81.08865566783523,18.479431844616478]}"
1267,68.12900661498824,2025-04-01,287.2269742602394,527,0,10,0.2190837882743888,0.016322257332753054,3.7294064847188024,300.8806783585322,0.34847317884172035,"{""type"":""Point"",""coordinates"":[84.16047306701971,20.50814955559857]}"
1268,-0.0,2025-04-01,280.552570660909,456,0,40,0.3709189361363274,0.0032147340106476463,0.0,301.094278153919,0.9720850693644566,"{""type"":""Point"",""coordinates"":[80.47504079529698,22.566378188327956]}"
1269,208.2223914399787,2025-04-01,290.84155759357265,138,0,40,0.43732025038064626,0.032263787798832766,2.104310951121559,301.8753247033982,0.3992669557592811,"{""type"":""Point"",""coordinates"":[83.92276056148081,21.311027121918436]}"
1271,324.9237552044213,2025-04-01,282.7549981162662,673,0,10,0.3582582924883164,0.03153071027274024,7.88307930844953,298.08198974246073,0.7882663827484573,"{""type"":""Point"",""coordinates"":[82.46335224989677,23.722886420483153]}"
1272,133.32788919491148,2025-04-01,285.3335416430519,557,0,10,0.5772915772915773,0.006010907106350771,0.6758124940145621,301.89981433323453,1.1366672147442685,"{""type"":""Point"",""coordinates"":[81.95947798197935,19.39172422765665]}"
1273,180.0,2025-04-01,286.7351936612811,224,0,80,0.176,0.01661220412726294,2.3174627380815918,301.8671285538447,0.4501999922323249,"{""type"":""Point"",""coordinates"":[82.46185143226374,21.70116889205996]}"
1274,294.57676126039763,2025-04-01,281.95392040979294,496,0,10,0.5190301663377502,0.024519251995037905,1.1148679626692304,298.94678815205896,0.6321447306195903,"{""type"":""Point"",""coordinates"":[81.83672004580892,23.8379778352659]}"
1275,208.18301483106808,2025-04-01,286.6661658059983,203,0,40,0.5449267348631462,0.02223347347254645,2.1035362621173337,302.8557934533982,0.24319870540884592,"{""type"":""Point"",""coordinates"":[83.19855400573589,21.066573493681343]}"
1276,190.10308656505293,2025-04-01,283.9718414942423,280,0,10,0.23985042735042736,0.0022816083955277122,2.8240091108358607,304.11726806277323,0.37912198775785083,"{""type"":""Point"",""coordinates"":[80.29126917944265,20.711590055618018]}"
1277,31.344421359144217,2025-04-01,284.5014406385876,517,0,30,0.48129032258064514,0.005775736980389468,7.557746938619971,303.08073997497553,0.1722466175395071,"{""type"":""Point"",""coordinates"":[82.18742447779383,20.24918068365489]}"
1278,61.1632791431623,2025-04-01,289.1139138993762,505,0,10,0.4283950617283951,6.212912129868187E-4,10.458752554489314,301.6406881241572,0.7441444942749583,"{""type"":""Point"",""coordinates"":[81.94314481992022,18.00718682228561]}"
1279,296.5051579673575,2025-04-01,287.3719182241531,362,0,10,0.20207080828323312,0.046455847434948794,7.235270304044499,300.46710995265414,0.49047550440530385,"{""type"":""Point"",""coordinates"":[83.98615770734894,22.157844843271345]}"
1280,308.31173799052965,2025-04-01,282.3616759436472,321,0,10,0.568188261979019,0.020108061246823183,13.93171594212845,299.39050211225236,0.787277329869862,"{""type"":""Point"",""coordinates"":[84.12285491156668,23.81781148557607]}"
1281,252.81532906419085,2025-04-01,285.43234302884053,242,0,40,0.4115720524017467,0.012629123740147463,1.5692186425875816,301.8868923187256,0.5940532990281925,"{""type"":""Point"",""coordinates"":[82.32045936514382,21.909249206044866]}"
1282,90.0,2025-04-01,284.00176615942087,608,0,10,0.5660502860183584,0.0014604799079407371,1.4788043013853538,302.2736401330857,0.5264208753920765,"{""type"":""Point"",""coordinates"":[81.65860212498391,19.851756853046222]}"
1283,355.65193191251996,2025-04-01,288.26197937556674,564,0,10,0.5095774235999415,0.009390430860470644,24.444924381774726,301.19670095897857,0.818235037116206,"{""type"":""Point"",""coordinates"":[83.80796884040238,20.04474159554462]}"
1284,107.19147314539276,2025-04-01,284.36144342876617,270,0,40,0.5140310333443381,0.012225376777600161,1.568616779955676,302.71741803487146,0.7466413545385261,"{""type"":""Point"",""coordinates"":[81.66920100157354,21.848917601454044]}"
1285,-0.0,2025-04-01,283.78859070369174,290,0,40,0.2216867469879518,0.004660638384770266,0.463735342881014,302.99679047720775,0.24865978986055853,"{""type"":""Point"",""coordinates"":[81.20464978095005,21.43532723503877]}"
1286,-0.0,2025-04-01,285.6349623089745,874,0,10,0.5612516644474035,0.005740689449261538,12.769178384097833,299.75695719037736,0.6576017372750077,"{""type"":""Point"",""coordinates"":[83.02779893762597,19.43281437213521]}"
1287,182.8945862929587,2025-04-01,285.1002187728882,710,0,10,0.4695488076857094,0.002143906764935366,9.658554696180909,301.8898975735619,0.860866198306774,"{""type"":""Point"",""coordinates"":[80.97916085347322,19.648140603831937]}"
1288,90.0,2025-04-01,289.5856865928286,178,0,10,0.6559656652360515,0.026681425385426394,0.49832860287297975,302.23266519818986,0.2038116683566446,"{""type"":""Point"",""coordinates"":[84.1454654473148,21.474865901371974]}"
1289,242.2559668982285,2025-04-01,282.8431445076352,433,0,30,0.26930399830759466,0.011516260318707339,3.9783263312388493,299.2154067811512,0.9852793332587045,"{""type"":""Point"",""coordinates"":[82.38485564423019,23.002674439982993]}"
1290,2.447193974841951,2025-04-01,287.5910925638108,243,0,10,0.1654695050280789,0.00907877307410132,11.449348831758002,302.68266868591303,0.17679610523811717,"{""type"":""Point"",""coordinates"":[83.9855989812332,20.618359909490977]}"
1291,313.1141837445964,2025-04-01,285.4179852349418,290,0,40,0.2803497942386831,0.022473531179379336,1.3568094881494168,302.89599527631486,0.1545900450546772,"{""type"":""Point"",""coordinates"":[82.64096412634245,20.56940461098687]}"
1293,169.97168828528183,2025-04-01,287.01375811440596,250,0,10,0.24438742783835793,0.0019164107369888939,2.823356029730468,304.01567068554107,0.8807999045776446,"{""type"":""Point"",""coordinates"":[80.44721064425228,19.525791898480175]}"
1294,226.65420168081593,2025-04-01,286.34648109617683,557,0,40,0.30470534490634993,0.0073947481441010154,0.6755886770844393,301.6923878079369,1.2630589727536206,"{""type"":""Point"",""coordinates"":[81.77580257133175,19.28938940608178]}"
1295,104.04698816495875,2025-04-01,292.1129257111323,542,0,10,0.5104647037956722,0.015411453657101504,18.441960069123326,299.6784659794399,1.26977162741933,"{""type"":""Point"",""coordinates"":[82.98315181988058,18.055878935333027]}"
1296,46.8802039202691,2025-04-01,284.2700185775757,283,0,10,0.29397590361445786,0.001958849244068972,0.6784288964972123,304.0938305627732,0.4359222202394309,"{""type"":""Point"",""coordinates"":[80.37811947659587,20.53959825827764]}"
1297,102.22893945540432,2025-04-01,282.6411239533198,693,0,10,0.33810888252148996,0.0424665085601319,8.690157928079206,297.7691002800351,1.091126941909668,"{""type"":""Point"",""coordinates"":[81.75462930137803,22.908027800921776]}"
1298,340.49391431118016,2025-04-01,291.6553771155221,139,0,10,0.39585698070374575,0.02905737083430182,1.4756205150982729,300.68708065577914,0.42766741290838306,"{""type"":""Point"",""coordinates"":[84.34714041536385,19.78232243948933]}"
1300,28.197841702285942,2025-04-01,288.72259716760544,174,0,40,0.469903894790086,0.03130334835524451,1.0522685741487119,302.21899332318986,0.35004436100619274,"{""type"":""Point"",""coordinates"":[83.5899208127405,21.158920841142326]}"
1301,90.0,2025-04-01,288.007887113662,257,1,40,0.19937129730383266,0.03788522105688941,1.5008409997569359,301.07879266284766,0.2606689793008763,"{""type"":""Point"",""coordinates"":[84.29653326865046,22.065236647215592]}"
1302,248.29976360084714,2025-04-01,283.91379415421255,470,0,10,0.2180814354727398,0.002719166092823855,20.41184765338775,303.57299722943986,0.3349990614240017,"{""type"":""Point"",""coordinates"":[80.52654392296215,20.551040887983525]}"
1303,207.8219783782746,2025-04-01,288.28368463970367,307,0,10,0.3685374619850705,0.0016745499896515526,2.0965057899039934,303.9294948577881,1.4450372458251932,"{""type"":""Point"",""coordinates"":[81.77610696902664,18.656754472041456]}"
1304,207.80662241171066,2025-04-01,288.77333191462924,194,0,10,0.3749216300940439,0.0012056104468811668,1.0484556669126266,303.49142519632977,1.4959623397232613,"{""type"":""Point"",""coordinates"":[80.73226738959923,18.545867141316958]}"
1305,320.11637203990165,2025-04-01,281.58665734245665,662,0,10,0.6416309012875536,0.0012827239560593284,5.422880798188477,303.04335739499044,0.35886591973298865,"{""type"":""Point"",""coordinates"":[80.63252873378694,21.448088953735592]}"
1306,343.1198547590712,2025-04-01,284.6420016969953,626,0,40,0.17150063051702397,0.00991606932158362,3.3884257310742734,301.91253289722266,0.5592338614578594,"{""type"":""Point"",""coordinates"":[82.35462080677866,19.683111998338894]}"
1308,200.2901170136625,2025-04-01,287.866773832412,562,0,10,0.23101495571366343,0.013082104139279238,12.64564116328242,301.6662124452137,0.2729574442104715,"{""type"":""Point"",""coordinates"":[84.16742504588058,20.565758096538413]}"
1309,312.8252285682397,2025-04-01,285.1417808078584,322,0,40,0.2,0.0231995008515824,2.045775431708194,301.26336297534766,0.4601621591667003,"{""type"":""Point"",""coordinates"":[83.64667285772525,22.05451835868562]}"
1310,187.1303604205319,2025-04-01,285.39752973828996,589,0,10,0.29325920778318276,0.009263666682194582,7.894772292105159,302.80829647609164,0.4284252727650809,"{""type"":""Point"",""coordinates"":[82.26356974445537,19.870104616048376]}"
1311,125.08059535750765,2025-04-01,287.8541075842721,177,0,10,0.36955187231430325,0.00705272179121863,2.4192473656998024,303.70018868219285,0.5835661219857922,"{""type"":""Point"",""coordinates"":[83.48294538406412,20.543181741687643]}"
1312,40.538261544745666,2025-04-01,284.89705889565596,339,0,10,0.18531367447239086,0.011982145123432986,3.0481899708376083,302.7684376126244,0.18983653875835282,"{""type"":""Point"",""coordinates"":[81.82113031057655,20.704874322795227]}"
1313,259.26622867654413,2025-04-01,288.7800864719209,161,0,10,0.18577939835916135,8.693657445419944E-4,9.861320402565477,304.5951326461065,1.4588480436785503,"{""type"":""Point"",""coordinates"":[80.3988123112874,18.591745877564616]}"
1314,215.55528059764416,2025-04-01,285.74916780562626,284,0,40,0.28794326241134754,0.015404256396244875,1.7095632864267059,302.4787531353178,0.2264411921327896,"{""type"":""Point"",""coordinates"":[81.64928253494298,21.13630893680949]}"
1315,42.06243458509707,2025-04-01,285.7678329376948,319,0,10,0.29061371841155237,0.012624102048825137,15.245798062574252,302.43624360220775,0.5155499509044702,"{""type"":""Point"",""coordinates"":[82.29332165132146,21.42850639197677]}"
1316,302.1542018189469,2025-04-01,286.56592282794776,239,0,10,0.2623916811091854,0.001048999242733828,1.742212618409941,303.44706716991607,0.8488662693234914,"{""type"":""Point"",""coordinates"":[80.69166737511786,19.450462853835926]}"
1317,119.14086399430286,2025-04-01,287.5086892900013,215,0,30,0.26833677685950413,0.029594617299984805,2.8546277194202263,301.57217761448453,0.3606697733555245,"{""type"":""Point"",""coordinates"":[82.94728703063385,21.687759532581783]}"
1318,183.91197525397658,2025-04-01,281.24418036142987,400,1,10,0.34564301911240686,0.00797142308230292,7.395902581412568,299.56968389238637,0.6988768738247628,"{""type"":""Point"",""coordinates"":[81.20029859130646,23.94078403460289]}"
1319,226.8395227839852,2025-04-01,287.1635616393317,219,0,40,0.22818934408830396,0.003734724931668154,1.355640462238882,303.55121639796664,0.5310536328481641,"{""type"":""Point"",""coordinates"":[83.1491049563896,20.320622474105708]}"
1320,132.7638410532874,2025-04-01,283.36782014937626,325,0,10,0.4964200477326969,0.009851755909870974,0.68297268018617,301.24091366359164,1.1075399100919514,"{""type"":""Point"",""coordinates"":[82.34186926983766,22.356023859053067]}"
1321,132.83105940069123,2025-04-01,285.35375881195074,240,0,40,0.2031948016786246,0.01358658295149695,0.6821079602093746,301.9406555720738,0.45958130268360975,"{""type"":""Point"",""coordinates"":[82.96863429913097,22.025250090163453]}"
1322,180.0,2025-04-01,285.1417808078584,324,0,10,0.24229346485819975,0.0231995008515824,0.9274099368670311,301.26336297534766,0.4601621591667003,"{""type"":""Point"",""coordinates"":[83.5921115740501,22.09695737248895]}"
1323,294.95447080518994,2025-04-01,284.35338678814117,274,0,40,0.2340463458110517,0.004187615923832766,1.0990539167183928,302.91645077296664,0.4269256881697354,"{""type"":""Point"",""coordinates"":[81.34973699731034,21.458410284536846]}"
1324,346.11855539471867,2025-04-01,280.1877083097185,735,0,10,0.3456977804803892,0.011259245090435854,10.393798924815414,298.8042100270589,0.7041047716444923,"{""type"":""Point"",""coordinates"":[81.26313149133296,23.12579519666148]}"
1325,313.40739591633644,2025-04-01,286.5828615370251,572,0,40,0.5546965597216853,0.0013279042767990745,0.6748205025597672,300.4116725921631,0.9429119833730493,"{""type"":""Point"",""coordinates"":[82.57788901102782,18.933457567862067]}"
1326,312.8083619950264,2025-04-01,283.10786851247155,283,0,40,0.7646348823174411,0.007370533757161013,0.6823995975011936,302.56832368033275,0.9084629793346355,"{""type"":""Point"",""coordinates"":[81.80882853163213,22.137612177308384]}"
1327,270.0,2025-04-01,287.97423639751617,212,0,30,0.08849557522123894,0.03685608726019751,2.4949860701732987,301.71749360220775,0.10218563619493161,"{""type"":""Point"",""coordinates"":[83.4468188318802,21.756975796994467]}"
1328,90.0,2025-04-01,283.05038502102803,525,0,40,0.23067065356685176,0.011242153458546511,1.5092806758373403,299.837936310541,0.8785918289175438,"{""type"":""Point"",""coordinates"":[82.8575949511585,22.843173275204233]}"
1329,110.06062125449861,2025-04-01,282.76808870406376,223,0,40,0.29167874746303274,0.004660697989415041,2.701938708231832,300.08251290094285,0.9467998548868394,"{""type"":""Point"",""coordinates"":[83.9852226817882,24.087496312588446]}"
1330,-0.0,2025-04-01,286.62985860733755,238,0,40,0.1965389369592089,0.017036097459744326,0.463735342881014,301.66108549208866,0.44024443400221047,"{""type"":""Point"",""coordinates"":[82.55473902142165,21.765973548400286]}"
1331,193.62855471477462,2025-04-01,281.5459265481858,605,0,10,0.4409035901573215,0.022426562719296328,4.2866142953687385,298.1727984292166,0.6184281548657202,"{""type"":""Point"",""coordinates"":[83.46301020000759,23.571832360202922]}"
1332,54.97108661043376,2025-04-01,290.60824634915303,206,0,10,0.289134438305709,4.29543070744387E-4,11.16746914724052,304.1083918071928,1.8490892025709358,"{""type"":""Point"",""coordinates"":[80.69400279654295,17.954338772656886]}"
1333,102.57327491495758,2025-04-01,284.0903194518317,466,0,10,0.3390079248605812,0.004999788813542239,10.5313816423048,303.3670587993803,0.31697001400434294,"{""type"":""Point"",""coordinates"":[80.99890515473176,20.486906542281965]}"
1334,256.62211991106267,2025-04-01,291.0346379507156,81,0,30,0.2377487695270704,2.995900439728416E-4,4.002129432865221,304.50826508658275,1.9524318874532811,"{""type"":""Point"",""coordinates"":[80.9182652962975,17.954015413265328]}"
1335,180.0,2025-04-01,287.88873486291794,313,1,40,0.30411764705882355,0.01069712858672034,1.3909630807829783,301.63181768144887,0.7806692755359117,"{""type"":""Point"",""coordinates"":[83.65394342012215,20.11700125902797]}"
1336,168.06549064013277,2025-04-01,289.016199520656,158,0,10,0.3105339570898532,0.003833445124577395,2.368604612310143,304.1601612454369,1.3156683421028101,"{""type"":""Point"",""coordinates"":[80.43982926638792,18.872357978395808]}"
1337,309.8801145091636,2025-04-01,281.3347565333048,991,0,10,0.4128864490031783,0.028780060224484316,7.194596033734198,296.63790375845764,0.8011209741422713,"{""type"":""Point"",""coordinates"":[83.62187102185666,23.206026703468332]}"
1338,32.48853711311238,2025-04-01,285.1881907780965,616,0,10,0.4196185286103542,0.005948605351399294,2.7468329602810084,301.8084243592762,0.963996790121953,"{""type"":""Point"",""coordinates"":[81.90485234152061,19.57093668715734]}"
1339,259.35694643174827,2025-04-01,285.3256710143316,313,0,10,0.32976062879599854,0.0021551869439591087,2.5093354945649025,303.8956058138893,0.7170457569523903,"{""type"":""Point"",""coordinates"":[80.43952772261277,20.013227313020014]}"
1340,283.09166472403757,2025-04-01,283.5670970280965,304,0,40,0.186710800539414,0.004173221402119509,2.0464837500565993,303.06392914908275,0.38282175876324265,"{""type"":""Point"",""coordinates"":[81.251824752386,21.531716911349672]}"
1341,89.17930287855481,2025-04-01,281.7881954283942,835,0,10,0.5345454545454545,0.0336621872710694,29.470017827528704,297.9143581390381,0.5055113010066514,"{""type"":""Point"",""coordinates"":[83.67377167146519,23.53888656254929]}"
1342,304.50805774233777,2025-04-01,281.7378501437959,556,0,40,0.501123595505618,0.02583985250468146,2.4542473115222756,298.2993737175351,0.6383171391865673,"{""type"":""Point"",""coordinates"":[83.63183699308482,23.558474188520822]}"
1343,79.52983048360495,2025-04-01,283.38710725875126,573,0,10,0.44032158317872605,0.010562541298817507,5.090419852397053,300.7787961505708,1.1231241560335667,"{""type"":""Point"",""coordinates"":[81.951897690854,22.4818067396875]}"
1344,132.76987309091828,2025-04-01,284.78885228293285,435,0,10,0.24965955515206537,0.03609444420809638,2.047909333020493,299.98370570228207,0.7581388495024338,"{""type"":""Point"",""coordinates"":[83.69810686576595,22.326271216944487]}"
1345,270.0,2025-04-01,290.6434897922334,123,0,10,0.3239911768522123,2.458117532242454E-4,0.48784362892330974,304.4151777539934,1.9311525825327185,"{""type"":""Point"",""coordinates"":[80.96040426396064,18.08784407464478]}"
1346,270.0,2025-04-01,286.7613632111322,598,0,40,0.21958273084073537,0.006938340477894656,1.9616169269435217,301.0175366174607,1.2841466175925265,"{""type"":""Point"",""coordinates"":[81.55999056220512,19.043525852543883]}"
1347,331.22147845307944,2025-04-01,284.83539594922746,476,0,10,0.25574177529484793,0.003103839569043032,16.947926450996302,303.53405679975236,0.5774774954279587,"{""type"":""Point"",""coordinates"":[80.57830917789336,20.299363669414273]}"
1348,180.0,2025-04-01,283.9444861184983,419,0,40,0.22212518195050945,0.01650239747042548,4.627367505919335,301.4085568927582,0.7992473929367898,"{""type"":""Point"",""coordinates"":[83.43088079842305,22.336290275353644]}"
1349,180.0,2025-04-01,286.3832882018317,249,0,10,0.3213192791567494,0.0015446565675247825,0.9274099368670311,303.76075299580896,0.8240265924993906,"{""type"":""Point"",""coordinates"":[80.45996631163776,19.640382097594273]}"
1350,115.12888261453254,2025-04-01,284.28517854781376,514,0,10,0.3933415536374846,0.007173838429402224,1.0919178694092233,302.85936836969285,0.07903394962392177,"{""type"":""Point"",""coordinates"":[82.24811179878209,20.26511208495388]}"
1351,27.939210833458887,2025-04-01,284.944898832412,602,0,30,0.3860991020951114,0.007775398306797854,4.191931576177082,302.3046111152285,0.8611507414139977,"{""type"":""Point"",""coordinates"":[82.32354725455723,19.476402187026803]}"
1353,291.7561967745315,2025-04-01,283.5890173684983,297,0,40,0.15848632446609218,0.003684075884770266,3.748069004549002,303.16585786002025,0.22699465251776513,"{""type"":""Point"",""coordinates"":[81.12654689711448,21.37728147879312]}"
1354,195.2570942024875,2025-04-01,282.1696593420846,553,0,10,0.3334345120655638,0.02041934650416266,5.7488787582054295,298.7020371754964,0.6899344164905568,"{""type"":""Point"",""coordinates"":[83.07962003481276,23.574386634189114]}"
1355,244.69407494747418,2025-04-01,292.7956068402245,164,0,10,0.47132092880209137,0.003785388879727236,10.722139720851127,301.596213840303,1.2392552334059248,"{""type"":""Point"",""coordinates"":[83.74853800524912,18.977157120910576]}"
1356,151.44318474777987,2025-04-01,282.2978796731858,556,0,40,0.22501162250116225,0.028851302676152102,1.0558351307624156,298.45937883286246,0.9559485489240642,"{""type"":""Point"",""coordinates"":[82.69453203537397,23.26099888268112]}"
1357,295.01920976935577,2025-04-01,284.97601513635544,295,0,40,0.24489795918367346,0.012166502289723269,2.191983812201787,302.65363339015414,0.33404212234336056,"{""type"":""Point"",""coordinates"":[82.14758551525597,21.02392108088546]}"
1358,313.39891686726384,2025-04-01,288.5334753763108,341,0,30,0.2675356921166977,0.003779234700154177,2.6978336944126453,303.02246012006486,1.1573966107612117,"{""type"":""Point"",""coordinates"":[81.20272358255758,18.98317173940268]}"
1359,57.80122572256859,2025-04-01,292.9491829190935,117,0,40,0.720161834120027,0.002370523624371401,1.740061085838704,302.29865292140414,1.0363868956308255,"{""type"":""Point"",""coordinates"":[83.76856171755324,19.168829854201515]}"
1360,46.83500895957504,2025-04-01,283.8173004786173,417,0,80,-0.4017094017094017,0.00544427555079352,1.355526631946867,302.8697036561512,0.2165570018351028,"{""type"":""Point"",""coordinates"":[81.77678979080551,20.29570563494257]}"
1361,219.0366058933357,2025-04-01,283.7218589328584,283,0,10,0.36458644371454163,0.011451917104672305,2.3867701592393975,301.63642728896366,0.8217088110526375,"{""type"":""Point"",""coordinates"":[83.06500414049562,22.337176244552083]}"
1362,180.0,2025-04-01,288.65347049349833,325,0,40,0.36507936507936506,0.0036914519595612205,1.8543341688414132,302.8713196345738,1.2282168503017044,"{""type"":""Point"",""coordinates"":[80.9408049329461,18.835746650126605]}"
1363,242.58785431211004,2025-04-01,290.89820984431674,771,0,10,0.6614562458249833,0.006028386168431155,26.208998614741976,299.6080430348714,1.0365586126698634,"{""type"":""Point"",""coordinates"":[84.06632624203732,19.156166264440014]}"
1364,68.01317494385303,2025-04-01,285.7186095373971,713,0,30,0.4198221929535726,0.010343434624623171,3.710777843145002,300.1491981688,0.6163431396136423,"{""type"":""Point"",""coordinates"":[83.10920178309394,19.59140185225571]}"
1365,270.0,2025-04-01,284.14389669327505,615,0,40,0.6741397288842544,0.00564368288988959,0.9851081092957581,301.98836762564525,0.8007452466453469,"{""type"":""Point"",""coordinates"":[82.13724054153803,19.708543076684496]}"
1366,343.9296110845592,2025-04-01,291.22676499684655,318,0,30,0.4205972648618476,0.012709321789692751,5.293536537268904,301.1727344876244,0.8070117701782779,"{""type"":""Point"",""coordinates"":[83.22250217115565,18.786701822912978]}"
1367,121.9941212210354,2025-04-01,284.49479652586444,438,0,10,0.3286579534587185,0.0037268422173966087,3.4967261771496743,303.4223799024309,0.44526999744500906,"{""type"":""Point"",""coordinates"":[80.98822872859434,20.431831777982808]}"
1368,46.7825117331006,2025-04-01,285.6738853000459,284,0,10,0.18457101658255226,0.001819657497357241,6.072219849244694,304.34788213457387,0.7520136551528187,"{""type"":""Point"",""coordinates"":[80.22783559480618,20.00909536308925]}"
1369,19.655429139318898,2025-04-01,289.72127183278405,159,0,10,0.3844665561083472,0.01843616586203467,1.476988679319073,302.14685558137444,0.4130310521138778,"{""type"":""Point"",""coordinates"":[84.22487589010372,21.052265336972564]}"
1370,139.80418437361405,2025-04-01,287.8349832353138,1003,0,10,0.5729818780889621,0.003053548150013796,11.96539145763397,301.91907237824944,1.3036840418663749,"{""type"":""Point"",""coordinates"":[81.22717950763953,18.77105034813252]}"
1371,340.0392699868568,2025-04-01,280.1230749856858,399,0,40,0.37318255250403876,0.004449056796978823,1.479824827659345,300.40868477594285,1.0890823473513607,"{""type"":""Point"",""coordinates"":[80.20404719907812,23.396487110306023]}"
1372,194.87894649499924,2025-04-01,284.19823542095367,619,0,10,0.6736401673640168,0.0015179685878266014,1.9186188111932008,302.0302261170887,0.6553719396639773,"{""type"":""Point"",""coordinates"":[81.71813320140815,19.78657958690964]}"
1373,103.28952460495881,2025-04-01,286.7007407687959,598,0,40,0.21325051759834368,0.0011096916722763694,2.0165759835486745,300.79450253077914,0.8526366601487881,"{""type"":""Point"",""coordinates"":[82.72079074051278,19.128468982175228]}"
1374,180.0,2025-04-01,286.9900880995251,505,0,10,0.2616186477486608,0.015296073965977541,4.166350197307866,301.32660121009457,0.3350778844403763,"{""type"":""Point"",""coordinates"":[84.08427373033629,20.466514687277236]}"
1375,11.97062344720692,2025-04-01,290.404859769912,545,0,40,0.3582069520869682,0.022646325044583193,7.074638722451863,299.00348690577914,0.8159012384520664,"{""type"":""Point"",""coordinates"":[84.19097330708867,19.386212226309645]}"
1376,315.7338520740293,2025-04-01,286.6661658059983,432,0,10,0.3293201133144476,0.02223347347254645,20.454880174497394,302.8557934533982,0.24319870540884592,"{""type"":""Point"",""coordinates"":[83.18056304165579,21.14291511105902]}"
1377,39.19908908202089,2025-04-01,279.86277457645957,806,0,40,0.28635778635778636,0.008396761827420107,4.77623654129308,299.09919003077914,0.9455931234101649,"{""type"":""Point"",""coordinates"":[80.9026802636079,23.12979703956686]}"
1378,151.36797887798056,2025-04-01,280.30466910770957,492,0,10,0.3686887032328369,0.003137188367794863,5.268651653506417,299.79230526515414,0.9548580087019551,"{""type"":""Point"",""coordinates"":[80.58512588720025,23.673335989114104]}"
1379,154.98190014343177,2025-04-01,281.56645761217385,471,0,40,0.2860483242400624,0.015526445918034426,3.5776763706742716,299.3834452856155,0.6702764244497356,"{""type"":""Point"",""coordinates"":[81.29494857588762,23.319135997459277]}"
1380,312.84839016812583,2025-04-01,284.21649946485246,275,0,40,0.32699373244002594,0.012069734148930422,1.3635779303140227,302.625510715303,0.794521670820441,"{""type"":""Point"",""coordinates"":[81.81729568161747,21.939471411167887]}"
1381,106.04406766265144,2025-04-01,286.05772667839415,863,0,30,0.5212730318257957,0.0011626653003204979,11.585124873327334,299.3002921513149,0.6837846654963488,"{""type"":""Point"",""coordinates"":[82.9328467847673,19.108686599083647]}"
1382,160.67389741549061,2025-04-01,290.4782821564447,148,0,10,0.2933261571582347,1.305214690674461E-4,1.4739883057228667,304.104293732416,1.881606897111633,"{""type"":""Point"",""coordinates"":[81.15949348893871,18.109258984875993]}"
1383,121.87362021912624,2025-04-01,284.9770323889596,322,0,10,0.2973701955495617,0.012896465473126284,3.50851595382095,302.6300912584578,0.44809486014646654,"{""type"":""Point"",""coordinates"":[82.49590836587282,21.138876742726968]}"
1384,164.95027925363163,2025-04-01,284.5337253298078,266,0,40,0.6644025933930225,0.005020054392765871,3.8359900822137387,302.82291003635953,0.5536957629483694,"{""type"":""Point"",""coordinates"":[81.52915620824992,21.598475863025456]}"
1385,227.4529147606295,2025-04-01,281.7908984138852,574,0,40,0.23317435082140964,0.025211738758038393,1.3713686547284114,298.71967342921664,0.5599890977055133,"{""type"":""Point"",""coordinates"":[83.40819369871244,23.38734730675732]}"
1386,261.8425340277033,2025-04-01,287.8441559473673,1376,0,30,0.21674352607307557,0.012307959012936465,24.528815950322517,297.56843412490116,0.7411305105951114,"{""type"":""Point"",""coordinates"":[82.84322709620875,18.25812320645981]}"
1387,27.366482838361954,2025-04-01,287.49999323345367,481,0,10,0.6112311015118791,0.004691036753605715,22.29971643180372,302.4273382822672,1.2155778279451976,"{""type"":""Point"",""coordinates"":[81.41919622926848,19.175605283230414]}"
1388,234.87832979856995,2025-04-01,284.99723211924237,238,0,40,0.21221316138820406,0.0015506915378082908,2.4167839406558493,304.29327020191016,0.6049297139705182,"{""type"":""Point"",""coordinates"":[80.30547886911323,20.308843057702457]}"
1389,28.556514444609654,2025-04-01,281.4445035571144,844,0,30,0.5579276230148399,0.0343909732627381,2.110947633026275,297.5385908399309,0.7097685559365111,"{""type"":""Point"",""coordinates"":[83.72731590111334,23.259304643061412]}"
1390,180.0,2025-04-01,294.7429305939448,47,0,40,0.3726559092891409,0.002643334083508364,0.9274099368670311,301.7570501963297,1.100717731575574,"{""type"":""Point"",""coordinates"":[83.98144251929162,18.73757593389601]}"
1391,-0.0,2025-04-01,289.3500501995995,204,0,40,0.2456268221574344,0.043801831417034975,0.9274099368670311,300.9988307952881,0.2473996762769206,"{""type"":""Point"",""coordinates"":[83.62591913715036,21.64895056247894]}"
1392,295.3712732468609,2025-04-01,288.90447030748635,267,0,40,0.3181228934404978,0.0010347835349548973,1.0821694749246695,304.450729279291,1.6442308161808168,"{""type"":""Point"",""coordinates"":[81.56570781109326,18.47920384297573]}"
1393,239.88915656547158,2025-04-01,282.8292284920102,505,0,10,0.3749229821318546,0.015975879840802065,17.042452658646678,299.1932771773565,0.7326727319712296,"{""type"":""Point"",""coordinates"":[83.10119602548868,23.696871095447246]}"
1394,296.25287132770177,2025-04-01,286.6802910850161,314,0,10,0.3781818181818182,0.030187921934079043,18.230157820822757,302.05298932393396,0.3570712019071939,"{""type"":""Point"",""coordinates"":[83.19110552470384,21.3123150282161]}"
1395,332.0059483731951,2025-04-01,286.8040006274269,209,0,40,0.6814044213263979,0.006315024905156008,1.050272830271883,303.89100201924646,0.42471524053792964,"{""type"":""Point"",""coordinates"":[82.90530975491068,19.848195853590862]}"
1397,208.34111150235267,2025-04-01,286.2087276549566,300,0,40,0.4019954940457032,0.022151427679013125,2.1066561083523583,301.82285772051137,0.33603063629201985,"{""type"":""Point"",""coordinates"":[83.54299633735215,22.027408361063234]}"
1398,90.0,2025-04-01,284.5285286222185,421,0,10,0.26881720430107525,0.007749813013028017,0.9915835650589482,302.92300769260953,0.1501571855625781,"{""type"":""Point"",""coordinates"":[80.9100711653533,20.728313092950636]}"
1399,-0.0,2025-04-01,288.65912641797746,251,0,40,0.25175395659977157,0.02940282445425879,0.463735342881014,301.30816278003516,0.23213511868188702,"{""type"":""Point"",""coordinates"":[84.29545316299973,21.871996259011905]}"
1400,35.11716425689287,2025-04-01,295.3788122903733,75,0,10,0.44622551034388275,0.0016522876548279442,1.700325619798083,301.3670820508684,1.4616132011220284,"{""type"":""Point"",""coordinates"":[84.08605965591948,18.564167986532272]}"
1401,-0.0,2025-04-01,284.58274527958457,627,0,40,0.3136120996441281,0.006348865442227236,0.0,302.0190421513149,0.8972894983588522,"{""type"":""Point"",""coordinates"":[82.14933864720906,19.575808103272387]}"
1403,11.996327173635894,2025-04-01,286.3454231534685,534,0,10,0.31504702194357365,0.006510662250470034,13.941179126456262,301.9254142216274,0.5130492095791872,"{""type"":""Point"",""coordinates"":[82.95927344621524,19.74145633680953]}"
1404,270.0,2025-04-01,279.9267626716977,673,0,10,0.6111549592212575,0.0068465046214569725,2.504107853977294,300.3635827019101,0.9007822304068877,"{""type"":""Point"",""coordinates"":[80.8366542704055,22.274596697185935]}"
1405,280.6142548720144,2025-04-01,286.5344054358346,496,0,10,0.35688816855753647,0.01013182323450934,2.516056828920939,301.62758591061544,0.40950190647565204,"{""type"":""Point"",""coordinates"":[83.86227633496357,20.44466921013521]}"
1406,270.0,2025-04-01,287.2312525340489,403,0,10,0.25456578456951173,0.04670702140803229,2.0031418762088125,300.37776029677616,0.5374113343548693,"{""type"":""Point"",""coordinates"":[83.90471912084281,22.231536260611705]}"
1407,18.538232835966777,2025-04-01,290.55901132311146,318,0,40,0.3440890125173853,0.0157246313619126,9.213144926532504,301.56280145191016,0.9955009989718566,"{""type"":""Point"",""coordinates"":[83.55855569866827,19.660357041296617]}"
1408,117.70283966555118,2025-04-01,284.21360465458457,526,0,10,0.3146134071583943,0.004651951007794253,13.698536689414796,302.8022336505709,0.39955542480366796,"{""type"":""Point"",""coordinates"":[81.16950789951176,20.34150160482312]}"
1409,248.41621546766834,2025-04-01,286.0455603372483,486,0,10,0.26296296296296295,0.00224581580634009,15.962278686493276,302.2599508194697,0.9198694717813453,"{""type"":""Point"",""coordinates"":[80.85150339606002,19.376897402184472]}"
1410,238.4313736667189,2025-04-01,290.2984609603881,866,0,10,0.3854845719252499,0.006028430871914736,23.407530401083747,299.25411469595775,0.9919634916072703,"{""type"":""Point"",""coordinates"":[84.08217438272318,19.331245787227846]}"
1411,280.44133929632085,2025-04-01,281.98999509357276,598,0,40,0.20680783692855728,0.01592137139315497,2.557196369350615,298.97611990429107,0.8856390005615726,"{""type"":""Point"",""coordinates"":[82.95919502418595,22.867563093716285]}"
1412,307.06943481136346,2025-04-01,286.3684305009388,561,0,30,0.20575461454940283,8.539132403839744E-4,3.0744115235965763,301.5065619150797,0.955510089861801,"{""type"":""Point"",""coordinates"":[82.56107557060751,19.20998586715669]}"
1413,305.74881356524645,2025-04-01,280.3061572029477,785,0,10,0.66725768321513,0.008448409252117983,5.539056656989197,300.12880661374044,0.9132411872129002,"{""type"":""Point"",""coordinates"":[80.98243540508082,22.250258893924418]}"
1414,141.69344761389522,2025-04-01,288.0803329376948,970,1,40,0.384070796460177,0.020233618431042544,4.717155314326085,297.0179144541422,0.8390879301175691,"{""type"":""Point"",""coordinates"":[82.94645953823024,18.29719822311317]}"
1415,82.46201890900284,2025-04-01,286.5288192658198,430,0,10,0.47958794353300266,0.03156015496725928,3.530617417852448,300.9758873894101,0.45554323917241524,"{""type"":""Point"",""coordinates"":[83.65354587338817,22.136508307732388]}"
1416,137.12072584156186,2025-04-01,284.88541571299237,738,1,10,0.37968458538239785,0.0024121872710693992,5.049683556052557,302.0705151330857,0.8635580186189791,"{""type"":""Point"",""coordinates"":[81.08942864952813,19.559460870933556]}"
1417,226.54971946401693,2025-04-01,287.5317024503435,1169,0,60,-0.001303780964797914,0.002646284513424746,6.7123058394745385,301.2654614221482,1.3961697348045832,"{""type"":""Point"",""coordinates"":[81.19278527442171,18.68109892626778]}"
1418,252.8751740948207,2025-04-01,283.61107140495665,324,0,10,0.2858590978205778,0.013282554559658877,1.5745346853091111,301.3744527725947,0.874795775536593,"{""type"":""Point"",""coordinates"":[83.23252289164547,22.430145261454662]}"
1419,316.25953030007906,2025-04-01,281.8209858394805,315,0,10,0.5128994994224104,0.01331424932951819,10.162176698668326,299.5106658027286,0.742303740423894,"{""type"":""Point"",""coordinates"":[84.23464637204229,23.887691302463633]}"
1420,72.90626440805404,2025-04-01,284.4104110626948,412,0,10,0.31112916328188467,0.017952235751103274,3.152235573082837,300.04213669186544,1.104948861713002,"{""type"":""Point"",""coordinates"":[82.53181040807833,22.696015851057613]}"
1421,258.0725176770891,2025-04-01,283.19056824275424,414,0,10,0.5037770689944603,0.03431064110274207,6.700847276296374,298.61686697460357,0.6893229513164971,"{""type"":""Point"",""coordinates"":[84.32626771741819,23.744773752741562]}"
1422,160.54949181214974,2025-04-01,286.9482528595698,376,1,10,0.47447290468722775,0.0015455357360352195,5.88102145111262,303.34152285257977,0.8781210991202332,"{""type"":""Point"",""coordinates"":[80.76245812220066,19.28351628487267]}"
1423,-0.0,2025-04-01,283.5635046731858,335,0,80,0.19741935483870968,0.019026177339505068,1.390963080774087,300.3248689742316,0.8971202200382573,"{""type"":""Point"",""coordinates"":[83.36609490245378,22.398704244071393]}"
1424,35.5853837399786,2025-04-01,281.7230273201352,411,0,10,0.4353076480736055,0.009296583347271792,14.507954825372428,299.3591881706601,1.1272433117401766,"{""type"":""Point"",""coordinates"":[83.46014296407319,23.967678698326125]}"
1425,188.78236324494316,2025-04-01,280.7460230418614,878,0,10,0.3902858035295955,0.010586740784596316,12.915615945984708,299.9679528190976,0.9545658408950659,"{""type"":""Point"",""coordinates"":[81.01011161475489,22.37930018848229]}"
1426,-0.0,2025-04-01,282.2016533897036,540,0,40,0.18943647327926805,0.023700746111821047,1.3909630807829783,298.7509641193208,0.8442028923183479,"{""type"":""Point"",""coordinates"":[82.87478454800336,23.27541056563556]}"
1427,151.93714512749918,2025-04-01,284.99723211924237,251,0,30,0.2757600215227334,0.0015506915378082908,1.0509442968701272,304.29327020191016,0.6049297139705182,"{""type"":""Point"",""coordinates"":[80.2502808322507,20.301698729636115]}"
1428,144.31247283507065,2025-04-01,286.7139592397781,242,0,10,0.6124031007751938,0.021666409783314577,1.7123911670240093,301.6718858083089,0.38441392949728526,"{""type"":""Point"",""coordinates"":[82.80731049497517,21.845801357052235]}"
1429,27.809238706219123,2025-04-01,288.1939978372483,271,0,10,0.32404283409124246,3.104678916443504E-4,2.0962600850072737,303.76211902073453,1.2686248172153176,"{""type"":""Point"",""coordinates"":[81.9926816247217,18.564861573056607]}"
1430,180.0,2025-04-01,289.9654647736322,165,0,10,0.2856344326439352,0.0012450389194000877,1.8543341688295631,304.40510985964823,1.524665336059171,"{""type"":""Point"",""coordinates"":[80.93004416158153,18.471238537323064]}"
1431,144.31173407333557,2025-04-01,284.6372293290638,262,0,40,0.39742410303587855,0.014630379490803591,1.712407016150139,302.6672180720738,0.7436094016449072,"{""type"":""Point"",""coordinates"":[81.79534879080406,21.8490631901717]}"
1432,270.0,2025-04-01,289.0886511575608,193,0,40,0.36540962288686607,0.041787477545689455,0.4989611360556658,301.60876964387444,0.17179361130244372,"{""type"":""Point"",""coordinates"":[83.53192107940981,21.658623194340905]}"
1433,90.0,2025-04-01,286.74615673791794,217,0,40,0.19858514401212735,0.004626991562794558,0.9886973848659132,303.695352372669,0.40598154351264165,"{""type"":""Point"",""coordinates"":[83.03146753293665,20.281983596152656]}"
1434,71.10509970387699,2025-04-01,288.9237167267573,833,0,10,0.5829426886435808,0.005409660153340212,16.69545578905794,299.8596706390381,0.8605863238561485,"{""type"":""Point"",""coordinates"":[83.90939552323556,19.735835492639566]}"
1435,90.0,2025-04-01,284.58274527958457,642,0,30,0.43472550564749146,0.006348865442227236,1.967939171534233,302.0190421513149,0.8972894983588522,"{""type"":""Point"",""coordinates"":[82.14278419713261,19.570198128329533]}"
1436,255.98332993242747,2025-04-01,282.13778736477803,573,0,10,0.34437869822485206,0.01467235606188666,5.72493554928291,299.1183899470738,0.7636582085726382,"{""type"":""Point"",""coordinates"":[83.37484427145291,23.746371427783906]}"
1437,90.0,2025-04-01,281.9992782501947,307,0,10,0.39344262295081966,8.533171939362205E-4,0.9991637289925094,302.6556097666422,0.7262654055419596,"{""type"":""Point"",""coordinates"":[80.24827244149989,21.848655913495787]}"
1438,-0.0,2025-04-01,288.05634321485246,230,0,40,0.24031007751937986,0.009438740425061098,0.9274099368611016,303.30632009960357,0.808994791423456,"{""type"":""Point"",""coordinates"":[83.27577338626273,20.075350972227096]}"
1439,3.7621262629410546,2025-04-01,288.14340841202505,1140,0,30,0.6045865184155663,0.0012512527036179222,14.55079709524444,298.7858646029518,0.677803729310038,"{""type"":""Point"",""coordinates"":[82.43385562703112,18.10604576627503]}"
1440,42.20272845649715,2025-04-01,292.8498176847185,255,0,10,0.6512605042016807,0.003428789191197268,4.373691030808526,301.1844764891125,1.108480968230422,"{""type"":""Point"",""coordinates"":[83.8688656321245,19.05464022472272]}"
1441,290.49176469857167,2025-04-01,285.90771389007574,327,0,30,0.1628268185348175,0.022810073904942385,2.6475374794815627,302.429977326166,0.05974096352511448,"{""type"":""Point"",""coordinates"":[81.18110555135763,20.884240437255198]}"
1442,100.39665596128684,2025-04-01,281.5557677405221,467,0,10,0.35176790571169536,0.018824087791394106,2.568050643337683,299.6973694392613,0.6724440032456911,"{""type"":""Point"",""coordinates"":[80.96966119149936,23.455211412737413]}"
1443,313.15719074398373,2025-04-01,285.5368933450608,284,0,40,0.24058710912571793,0.01725547235484015,0.6779565731443326,303.58431489127025,0.048910787995038466,"{""type"":""Point"",""coordinates"":[82.60958286026337,20.338042530888348]}"
1444,-0.0,2025-04-01,283.73758275168285,389,0,10,0.2980769230769231,0.006540866904209963,0.0,303.1470706576393,0.24231312836881505,"{""type"":""Point"",""coordinates"":[80.47673688737572,20.960800102216922]}"
1445,347.65097539146797,2025-04-01,280.7003687449864,359,0,40,0.28059191804211725,0.004381390623997561,2.3722900041477835,299.94191115243103,1.0439889769764628,"{""type"":""Point"",""coordinates"":[80.98610382620265,24.002366074181715]}"
1446,107.48498621744257,2025-04-01,288.08043756939117,298,0,10,0.27768953068592056,0.0035723320769776024,3.083963861128373,303.2989551907494,0.9759097177071229,"{""type"":""Point"",""coordinates"":[80.81483680010486,19.08519701319548]}"
1447,264.965529757185,2025-04-01,288.2584335236322,455,0,10,0.6841484973482617,7.94383101414553E-4,24.757425733679213,300.7431225549607,0.9508046840782248,"{""type"":""Point"",""coordinates"":[81.83617289064033,17.931607155853005]}"
1448,331.79489584546485,2025-04-01,284.6509709585281,337,0,50,0.14830157415078707,0.0065595231580246605,1.0523400820634126,302.68269775027323,0.06780222544819729,"{""type"":""Point"",""coordinates"":[81.14216486963105,21.204015982284044]}"
1449,110.56137461410499,2025-04-01,286.5878954841977,680,0,30,0.3552506452927591,0.014476226978253237,7.872600289569801,300.48444393702914,0.5461394864864919,"{""type"":""Point"",""coordinates"":[83.9889467916491,20.32021843795464]}"
1450,125.40959122085039,2025-04-01,287.78889297303704,531,0,10,0.3344947735191638,0.0018601886558045067,2.3996903095304556,301.8040705181303,1.5426727533843008,"{""type"":""Point"",""coordinates"":[81.34848964965708,18.578461190973165]}"
1451,180.0,2025-04-01,289.3500501995995,223,0,30,0.2739336492890995,0.043801831417034975,2.7802885155465065,300.9988307952881,0.2473996762769206,"{""type"":""Point"",""coordinates"":[83.64470804361066,21.562194338073326]}"
1452,32.43650478655544,2025-04-01,287.3483295894804,832,0,40,0.21719955898566704,0.013493122868489138,8.185899355042213,298.8340649377732,0.8106736204814942,"{""type"":""Point"",""coordinates"":[83.0559834151202,19.245316053584865]}"
1453,207.02139257890045,2025-04-01,289.18519714900424,288,0,10,0.28001670494884107,4.464260863770164E-4,16.69022348544107,304.14026378449944,1.662923186678862,"{""type"":""Point"",""coordinates"":[80.41617480322431,18.06697964798457]}"
1454,262.872158021837,2025-04-01,282.36095514751617,679,0,10,0.487846949976478,0.06430672328944098,11.072166559816278,297.1391186487107,0.6666154704120913,"{""type"":""Point"",""coordinates"":[84.05816665489475,23.50410886661222]}"
1455,132.7905205369117,2025-04-01,283.7611132576352,284,0,40,0.18654230512991338,0.006747993044804446,0.6826290914047494,301.8392558324905,0.9076025660908685,"{""type"":""Point"",""coordinates"":[82.21690779789992,22.225414173507737]}"
1456,327.43758089159445,2025-04-01,289.82565938858755,998,0,10,0.645686948721782,3.274850177277244E-4,15.050712109093915,302.73415910629996,0.7565284957131077,"{""type"":""Point"",""coordinates"":[81.89708600853722,18.05910319121373]}"
1457,305.32294487508557,2025-04-01,286.52477350689117,578,0,30,0.3442622950819672,8.89750533055178E-4,2.4048025829252446,301.1638756706601,0.9448189886893665,"{""type"":""Point"",""coordinates"":[82.55821666063545,19.116252483861754]}"
1458,180.0,2025-04-01,285.29861790793285,259,0,40,0.6921296296296297,0.013082387261341921,0.463735342881014,302.41161446344285,0.680704935806844,"{""type"":""Point"",""coordinates"":[81.75399879602828,21.725990225888452]}"
1459,285.0755703900423,2025-04-01,291.0029403595698,497,0,30,0.3730407523510972,0.03591779094214331,3.561405874320173,299.05240222385953,0.673414423974208,"{""type"":""Point"",""coordinates"":[84.29367578424173,19.477437606800535]}"
1460,238.268201848081,2025-04-01,285.68741185324535,240,0,40,0.27222050170331374,0.014827089719723574,1.7629227829425547,301.82853689647857,0.4484529454072187,"{""type"":""Point"",""coordinates"":[82.79026638573609,21.940494803513186]}"
1461,50.391849625475146,2025-04-01,293.39756461552207,71,0,80,0.23437661398615844,0.005682053379963747,5.078497282028361,301.7178772517613,1.2720386440221665,"{""type"":""Point"",""coordinates"":[83.82075548201855,18.96341875898698]}"
1462,216.11293659365342,2025-04-01,285.6484772364298,325,0,30,0.22654964344487108,0.010881500654171816,3.4401249291687983,299.77071044558573,0.9385295545800326,"{""type"":""Point"",""coordinates"":[82.72966869311902,23.964867937823826]}"
1463,167.7316016194121,2025-04-01,282.9615352721441,507,0,40,0.3079944547134935,0.025436329059552065,2.3715625551711907,298.2340137844993,1.0110974157744619,"{""type"":""Point"",""coordinates"":[81.90594610954642,23.115395707359404]}"
1464,245.05724493542715,2025-04-01,282.25167896634053,307,0,40,0.42613416052733616,6.557128953446067E-4,1.099536975650172,303.20698392958866,0.44657365675597255,"{""type"":""Point"",""coordinates"":[80.52102432992703,21.536252044609046]}"
1465,345.0699013125193,2025-04-01,284.0938013621739,385,0,50,0.31262833675564683,0.00550434213156592,1.9190744349528743,303.45995430719285,0.2515104238548077,"{""type"":""Point"",""coordinates"":[81.45472486780805,20.349960572955514]}"
1466,349.6605841214683,2025-04-01,282.0623479116531,361,0,30,0.3406300053390283,0.016099023036908022,2.8261068034668226,298.8001584552584,0.6445766099717746,"{""type"":""Point"",""coordinates"":[82.0764856218906,24.001819752688576]}"
1467,180.0,2025-04-01,283.2729424522036,300,0,40,0.6081330868761553,0.010885404758404604,0.9274099368670311,299.5518906911214,0.9940878402726554,"{""type"":""Point"",""coordinates"":[82.63010221192953,24.10158743531391]}"
1468,180.0,2025-04-01,286.2836265109834,327,0,10,0.25984251968503935,0.0035297892617691673,2.7802885155465065,303.96107037862146,0.7805479376335964,"{""type"":""Point"",""coordinates"":[80.55119517555572,19.879565780294815]}"
1469,140.3826962448958,2025-04-01,284.12619649796255,636,0,10,0.40819619232010323,0.004152225665997378,5.402080589736593,302.4069118499756,0.4806565150948707,"{""type"":""Point"",""coordinates"":[81.28013538900161,20.016690491487584]}"
1470,213.31592957399175,2025-04-01,295.04432800837924,38,0,40,0.313050037716872,0.004287736825894228,4.430736251319541,301.6801575251988,2.4716356286899392,"{""type"":""Point"",""coordinates"":[83.32887610846055,18.02953415273046]}"
1471,132.9943790910101,2025-04-01,285.67983186812626,310,0,40,0.14059590316573556,0.012335064225148074,0.6800199440534764,302.2716172536214,0.3399925606462739,"{""type"":""Point"",""coordinates"":[81.78350503839768,21.198964053431826]}"
1472,90.0,2025-04-01,281.2208242416381,330,0,30,0.161650321271559,6.637744235504783E-4,1.4953466676126692,303.09119733174646,0.42938084516625613,"{""type"":""Point"",""coordinates"":[80.60395217507873,21.53915205069411]}"
1473,18.476654567569057,2025-04-01,289.23705378032867,238,0,10,0.26343283582089555,5.734584855545677E-4,19.284168975009866,303.83317556835357,1.6050799731131329,"{""type"":""Point"",""coordinates"":[80.82194876870858,18.39235490465487]}"
1474,115.21936025629141,2025-04-01,287.09528364454,239,0,40,0.7479215164615897,0.004048781804989687,1.0882563148446496,303.9181074414934,0.5501198849805006,"{""type"":""Point"",""coordinates"":[82.83195108882933,19.61763521018899]}"
1475,256.98524207194254,2025-04-01,282.9879198982602,471,0,30,0.2469966362325805,0.012740346007298342,4.111412757950884,300.2521848224458,0.8823922541703402,"{""type"":""Point"",""coordinates"":[81.35200592285632,22.39790977183113]}"
1476,227.01325914124044,2025-04-01,282.3903101512364,403,0,40,0.18966172557962752,0.0032406471299637474,2.0395854605126824,303.5437177930559,0.25895159539844836,"{""type"":""Point"",""coordinates"":[80.57441651154939,21.238430773255505]}"
1477,32.73325404594381,2025-04-01,285.50870091574535,298,0,40,0.5804713804713805,0.01915499787802588,2.7543377808974676,302.5352949414934,0.051249333009273784,"{""type"":""Point"",""coordinates"":[81.11759172775893,21.028051304463773]}"
1478,199.4630630222266,2025-04-01,287.53566101619174,208,0,10,0.25911274371291326,0.002904104404400698,2.9485040246070784,304.1023057301839,0.9214919640117888,"{""type"":""Point"",""coordinates"":[80.40580458367319,19.397851519956344]}"
1479,132.61031654410368,2025-04-01,280.5994689123971,1109,0,10,0.30672579453067256,0.0304682574796189,1.3697231940652697,296.0580290839785,0.8982541257855025,"{""type"":""Point"",""coordinates"":[83.643736251969,23.09143465477632]}"
1480,144.21959840063516,2025-04-01,283.12823681604294,337,0,30,0.31867549668874173,0.007027076892804018,1.7143881981548457,301.30081530979703,0.9920163758982995,"{""type"":""Point"",""coordinates"":[81.94604383578145,22.328368016536476]}"
1481,259.2453521848417,2025-04-01,296.4872397922335,50,0,10,0.5615082253603144,0.001645462923001162,2.4836318568701965,301.5177051907494,3.7363270311931744,"{""type"":""Point"",""coordinates"":[83.69778118878278,18.250035787569438]}"
1482,286.12261162448334,2025-04-01,284.4318721862066,357,0,30,0.26969615488034415,0.011380778961132876,8.291571689844593,301.6447861989339,0.8028720275599903,"{""type"":""Point"",""coordinates"":[83.20764663528257,22.332005438559047]}"
1484,295.1292769025984,2025-04-01,287.7860969815936,225,0,10,0.40217729393468116,0.0045466296004761375,6.523863924495173,303.31584739685064,0.7495591337088918,"{""type"":""Point"",""coordinates"":[83.33168520639185,20.262893537260194]}"
1486,221.69233813277864,2025-04-01,279.8817536036173,510,0,10,0.5139442231075697,0.003810154609631411,10.44052185628034,301.1546738942464,0.8733507108231284,"{""type"":""Point"",""coordinates"":[80.58495437806752,22.397899773581607]}"
1487,121.35598541186398,2025-04-01,281.2748025712513,408,0,30,0.198611852642819,0.012005837969731203,1.781849087765025,299.4181539444697,0.6912866078305409,"{""type"":""Point"",""coordinates"":[81.3267333121733,23.932496872716317]}"
1488,180.0,2025-04-01,284.50416687556674,242,0,40,0.27769191138588356,0.0014600179719437278,1.3909630807829783,304.1088103339785,0.4789094665371451,"{""type"":""Point"",""coordinates"":[80.22054144872489,20.55343337364955]}"
1489,314.91963976929975,2025-04-01,291.3387848536173,588,0,10,0.4998539293017821,0.00672938149447333,12.286521182953873,299.37678954714823,1.0364197762373946,"{""type"":""Point"",""coordinates"":[84.12941921086889,19.141145351559235]}"
1490,340.3495099883943,2025-04-01,285.4598960422335,305,0,40,0.15986622073578596,0.014499830417584292,1.4769432300325998,302.7299970899309,0.3771348388162258,"{""type"":""Point"",""coordinates"":[82.57955752842022,21.012177437445104]}"
1491,151.9463437717279,2025-04-01,285.0060269946144,253,0,40,0.2185735201840619,0.0015797935056198753,1.0508543877397838,304.16072509402323,0.6506621458116421,"{""type"":""Point"",""coordinates"":[80.33264070971772,20.241546053621754]}"
1492,199.9283875136728,2025-04-01,279.79161921001617,576,0,30,0.26169265033407574,0.00820061784262549,10.24824820834168,300.1515116918655,1.0532734621668804,"{""type"":""Point"",""coordinates"":[80.31401789441803,23.161831420091936]}"
1493,7.58327767598679,2025-04-01,287.48787920815613,588,0,40,0.3229089103996029,0.014633106403302065,11.087583397761206,299.34226108732673,0.6977909192559151,"{""type"":""Point"",""coordinates"":[84.07316349683308,20.129053957789473]}"
1494,226.4889305108003,2025-04-01,287.8441559473673,1031,0,30,0.3812432626661876,0.012307959012936465,15.130189162388197,297.56843412490116,0.7411305105951114,"{""type"":""Point"",""coordinates"":[82.84626782834792,18.317255500352832]}"
1495,346.82774897401094,2025-04-01,289.6281089328584,127,0,10,0.2749003984063745,5.087874459732689E-4,4.278518946127731,304.0783450717018,1.600733694160564,"{""type"":""Point"",""coordinates"":[80.62900776436727,18.283330611951204]}"
1496,75.64599858983216,2025-04-01,285.2773021062215,403,0,10,0.32017034456058846,0.004100131206463686,16.374567265144318,303.5844602130708,0.6627223234411189,"{""type"":""Point"",""coordinates"":[80.58495889149408,20.231681232409436]}"
1497,60.12157179134011,2025-04-01,283.33986604781376,809,0,10,0.5113636363636364,0.059096204452465884,9.228501118504818,296.4834673745291,1.079173148570306,"{""type"":""Point"",""coordinates"":[84.08906134819811,23.184859323539637]}"
1498,340.0030792553634,2025-04-01,282.7357051940191,572,0,10,0.344752582925503,0.02954432588095557,1.4801645373661902,298.55744198390414,0.7453660624249454,"{""type"":""Point"",""coordinates"":[82.36219883454135,23.654700917222538]}"
1499,15.027363827056035,2025-04-01,290.26077029818583,177,0,10,0.615363808493373,0.03937362354273688,1.9199456136303625,301.87249964759457,0.34395297228925387,"{""type"":""Point"",""coordinates"":[83.65759690659317,21.372534270943927]}"
1500,-0.0,2025-04-01,287.62524899982276,155,0,40,0.28525641025641024,0.01647138815398108,0.0,303.40447625659766,0.1616407305942588,"{""type"":""Point"",""coordinates"":[83.55461215962299,20.769298286115223]}"
1501,270.0,2025-04-01,288.7578638621739,134,0,40,0.22620755619320898,0.004390212111424319,0.49078962479419347,304.46734246753505,1.2704296600912626,"{""type"":""Point"",""coordinates"":[80.21541021908226,19.11275178210739]}"
1502,289.5860887406623,2025-04-01,287.5237795057751,686,0,10,0.5168431183830606,7.838777827728904E-4,8.243021790800055,299.5554307301839,0.7051281225059065,"{""type"":""Point"",""coordinates"":[82.45500072669472,18.4091356988976]}"
1503,312.65166641981807,2025-04-01,279.47776481083457,487,0,40,0.3136042402826855,0.003471540622662417,4.780065927124071,300.1630037398565,1.1677159086242372,"{""type"":""Point"",""coordinates"":[80.53617335947365,22.896256037113186]}"
1504,47.61154739021009,2025-04-01,281.24124486105785,364,0,40,0.33694181326116374,0.011296274476002566,2.062787134751545,299.4025173187256,0.6918940274927164,"{""type"":""Point"",""coordinates"":[81.61056719126678,24.110897752356042]}"
1505,131.40236739478246,2025-04-01,289.5546923591977,649,0,30,0.2468563864990073,4.511795567978538E-4,62.35556290641991,303.87848690577914,1.6939089972831076,"{""type"":""Point"",""coordinates"":[80.77216314261948,18.283874016787806]}"
1506,41.020081108715644,2025-04-01,279.4607098443168,732,0,10,0.44433299899699097,0.007383676581333987,9.141475152814829,299.7372748057047,1.0712935732891038,"{""type"":""Point"",""coordinates"":[80.55955775579407,23.12606014705624]}"
1507,-0.0,2025-04-01,280.1845402944656,572,0,30,0.196252215750823,0.004782514982174746,0.9274099368670311,300.3945362454369,1.215990375765052,"{""type"":""Point"",""coordinates"":[80.32466754370539,22.881276892749558]}"
1508,47.315950186498576,2025-04-01,279.8961288361323,749,0,40,0.31488005368226807,0.0056320599841583885,0.6840032159219858,299.1814479827881,0.906545248423539,"{""type"":""Point"",""coordinates"":[81.0006453850959,22.741398448533097]}"
1509,278.83994031177315,2025-04-01,283.3049539384388,385,0,40,0.220478518137381,0.00510683875555884,6.013242233489983,303.21313394818986,0.23060825394576906,"{""type"":""Point"",""coordinates"":[80.55174514450094,21.071444224394735]}"
1510,226.5618421968901,2025-04-01,289.2166099094209,175,0,30,0.32816982214572576,0.0036398939418305076,1.348688792999839,303.80351829528814,1.1944277405972552,"{""type"":""Point"",""coordinates"":[80.71282913812954,18.75312105030008]}"
1511,133.20778235158508,2025-04-01,287.47953192392987,581,0,10,0.4043621943159286,0.012588965110730044,2.707385636040306,300.1910799117315,0.700259161192511,"{""type"":""Point"",""coordinates"":[83.96003216012696,20.0629240890105]}"
1512,312.5216401494564,2025-04-01,280.3912227721441,493,0,30,0.3412135539795114,0.006160067729901186,0.6861145587725744,299.81173188345775,0.8400835791439666,"{""type"":""Point"",""coordinates"":[80.62871887159525,23.504634092373763]}"
1513,167.99116398782482,2025-04-01,288.1291552498227,309,0,10,0.4380501015572106,0.01586769741053473,2.3692554860084964,301.9948664165678,0.7989369765685714,"{""type"":""Point"",""coordinates"":[83.27670436338887,19.912177531719276]}"
1514,64.56016578023547,2025-04-01,290.3247990835281,132,0,10,0.28778955634079306,4.260412978638328E-4,2.1581284509868026,303.90044793628516,1.9147242089443384,"{""type"":""Point"",""coordinates"":[80.73579921479805,17.94073315280564]}"
1515,155.01391659706707,2025-04-01,293.0442350024269,449,0,10,0.5560779046339825,0.0029089621829498924,16.88863151663287,301.0858262379964,1.2852082674203058,"{""type"":""Point"",""coordinates"":[83.67957740236943,18.78994920518734]}"
1516,53.96455107914673,2025-04-01,284.2427968978881,361,0,30,0.15731737721266517,0.005185084752987734,5.501131865374845,303.41328857058573,0.20138570346441922,"{""type"":""Point"",""coordinates"":[80.73726100406157,20.716341569257235]}"
1517,115.19851812233625,2025-04-01,283.65060474759053,611,0,30,0.5922757272060621,0.0049228243159760154,1.0890973597659044,302.1019453321184,0.7004817192722413,"{""type"":""Point"",""coordinates"":[82.14411208340563,19.769169201742937]}"
1518,268.41187796130106,2025-04-01,287.01375811440596,248,0,10,0.23760129659643436,0.0019164107369888939,16.280238460185032,304.01567068554107,0.8807999045776446,"{""type"":""Point"",""coordinates"":[80.387322206316,19.498715103196744]}"
1519,304.78399980503366,2025-04-01,283.7527775991531,314,1,40,0.2107324716020368,0.007685261182736269,2.4372228029061747,301.50484130496073,0.8249587063368989,"{""type"":""Point"",""coordinates"":[82.8146018434806,22.159300452483276]}"
1520,169.69876750801592,2025-04-01,280.97895063672746,490,0,10,0.2741285273891392,0.014304416589688174,2.8257644198656786,299.80499476478207,0.6748344951567795,"{""type"":""Point"",""coordinates"":[80.93855975202653,23.509760444450677]}"
1521,83.06038120511106,2025-04-01,287.8349832353138,785,0,10,0.6264705882352941,0.003053548150013796,31.08598799844471,301.91907237824944,1.3036840418663749,"{""type"":""Point"",""coordinates"":[81.24812395529766,18.795698175946274]}"
1522,294.6782988100277,2025-04-01,282.02776132311146,529,0,40,0.30374042361424064,0.02357360940451514,5.536238517314694,298.74837739127025,1.01115136526381,"{""type"":""Point"",""coordinates"":[82.57000890292478,23.222644178771635]}"
1523,23.592168752987927,2025-04-01,281.93930103665303,460,0,10,0.47634730538922154,0.020375328473996035,2.528565822811603,298.92215320042203,0.8024965632483292,"{""type"":""Point"",""coordinates"":[83.58464222903719,23.665551438008272]}"
1524,180.0,2025-04-01,283.845056942531,523,0,10,0.29667721518987344,0.006023483686398379,9.646463364773247,302.4427365802583,0.398390240377712,"{""type"":""Point"",""coordinates"":[82.22513711422997,20.02327149276967]}"
1525,226.82937492976725,2025-04-01,287.9991213026501,185,0,50,0.18487394957983194,0.0039518348502625145,0.6777871182691731,303.3936585017613,0.803262212033497,"{""type"":""Point"",""coordinates"":[83.47927876242133,20.265787699429126]}"
1526,67.32652534162351,2025-04-01,285.282062848409,336,0,10,0.33012512030798846,0.0035254679250229515,4.800881586595879,303.46126801627025,0.6972811306322783,"{""type"":""Point"",""coordinates"":[80.93834872760665,19.95258795448102]}"
1527,103.35367645924553,2025-04-01,289.39382112593876,179,0,40,0.28136293236964377,2.1267157072912823E-4,2.007070819588302,303.8790565672375,1.8058577933047013,"{""type"":""Point"",""coordinates"":[81.49100491832492,18.283102011790742]}"
1528,193.7318621331449,2025-04-01,287.3483295894804,919,0,10,0.4156039009752438,0.013493122868489138,18.001543141876567,298.8340649377732,0.8106736204814942,"{""type"":""Point"",""coordinates"":[83.05083773183391,19.20145993400752]}"
1529,270.0,2025-04-01,285.08856977735246,335,0,40,0.22999852659496095,0.017501997165631167,3.4678599509729207,302.7274278004964,0.16716224091111082,"{""type"":""Point"",""coordinates"":[82.44928867872899,20.781285027584584]}"
1530,-0.0,2025-04-01,284.14389669327505,651,0,40,0.5117763592339863,0.00564368288988959,0.4637353428839794,301.98836762564525,0.8007452466453469,"{""type"":""Point"",""coordinates"":[82.06569726771603,19.69231657119486]}"
1531,312.8363223809507,2025-04-01,285.09102280934655,251,0,40,0.3231205673758865,0.011390956454228274,0.6820403874380624,301.95348458063035,0.4896164619163864,"{""type"":""Point"",""coordinates"":[82.86212664829303,21.999264595017753]}"
1532,119.68031205046196,2025-04-01,290.36000183650424,68,0,80,0.07917723302338688,4.5809369559179913E-4,2.80742059930709,304.5166181836809,1.6596776648886418,"{""type"":""Point"",""coordinates"":[80.61587325074848,18.214485047607884]}"
1533,237.84217592990046,2025-04-01,285.7785751251948,608,0,30,0.28308823529411764,0.006695645265530459,1.7420375328331335,301.4530428023566,1.1652118708811743,"{""type"":""Point"",""coordinates"":[81.81573617227477,19.428703595537208]}"
1534,240.87420307075922,2025-04-01,280.6995549429031,713,0,10,0.38200339558573854,0.0010356329011429466,5.697823347168055,301.9464568183535,0.6366434659039253,"{""type"":""Point"",""coordinates"":[80.4276651321153,21.77628057141714]}"
1535,47.12658429198945,2025-04-01,287.97423639751617,232,0,40,0.4935897435897436,0.03685608726019751,0.6815646790202607,301.71749360220775,0.10218563619493161,"{""type"":""Point"",""coordinates"":[83.35666799108725,21.81446581467069]}"
1536,232.917461862759,2025-04-01,280.38953122638526,948,0,10,0.43136020151133503,0.010183455758046023,17.15754819476845,298.2569281260172,0.8355367363388658,"{""type"":""Point"",""coordinates"":[81.13904904134066,23.055287943775745]}"
1537,255.11607958845013,2025-04-01,282.8292284920102,473,0,10,0.4902184777952306,0.015975879840802065,15.833135045144955,299.1932771773565,0.7326727319712296,"{""type"":""Point"",""coordinates"":[83.05640300907746,23.728522171099517]}"
1538,157.19119279249614,2025-04-01,290.69341073717385,164,0,10,0.2875379939209726,2.039394902695335E-4,2.513810326693124,304.0560003916422,1.9298099220104004,"{""type"":""Point"",""coordinates"":[81.1231280465702,17.982253259342837]}"
1539,151.69177056524018,2025-04-01,280.2355947494507,473,0,40,0.1885412433969931,0.001707570962857119,2.106005139068125,302.71029726664227,0.6604406498855276,"{""type"":""Point"",""coordinates"":[80.7215975520442,21.831573253675014]}"
1540,287.1450123316111,2025-04-01,283.9444861184983,319,0,10,0.4252199413489736,0.01650239747042548,4.70876737867029,301.4085568927582,0.7992473929367898,"{""type"":""Point"",""coordinates"":[83.37431827378091,22.25664224342096]}"
1541,40.83957597279915,2025-04-01,283.430017880031,363,0,10,0.26295793758480324,0.011393415145825259,3.0619777720684462,301.16718319484164,0.8598956831149273,"{""type"":""Point"",""coordinates"":[81.35602331180426,22.253913815441095]}"
1542,133.37314517539568,2025-04-01,286.35296826135544,554,0,40,0.27836213373403457,0.006777720861386172,2.0249922026370917,301.2763431185768,1.3446767091585723,"{""type"":""Point"",""coordinates"":[81.74642291637097,19.132264569162473]}"
1543,316.52987460246976,2025-04-01,284.2701929637364,567,0,30,0.23394599500794191,0.04210037212843787,5.0985213146051,299.4027265821184,0.8763035212927612,"{""type"":""Point"",""coordinates"":[84.05676218413906,22.628108276613187]}"
1544,124.84428571943884,2025-04-01,286.84738790421255,217,0,40,0.7693373995009704,0.03276153128619086,2.4335422558097375,301.7826849619547,0.20651453327491076,"{""type"":""Point"",""coordinates"":[83.24379916895029,21.841599264339624]}"
1545,140.8294052820602,2025-04-01,282.8431445076352,392,0,30,0.253000706048482,0.011516260318707339,2.391305813470023,299.2154067811512,0.9852793332587045,"{""type"":""Point"",""coordinates"":[82.35134585473317,22.99269408931809]}"
1546,232.87585157841684,2025-04-01,286.3933095932007,664,0,40,0.23407601572739187,0.006782161407421938,3.0705390529319643,301.04567673092794,1.397873500773754,"{""type"":""Point"",""coordinates"":[81.70220930997834,18.88072825824426]}"
1547,12.3426794315167,2025-04-01,281.85969375428704,551,0,10,0.3539346029464607,0.019460739903401247,2.3722325685950443,298.60802559625535,0.5841102185367376,"{""type"":""Point"",""coordinates"":[81.85297507573581,23.934694293604757]}"
1548,42.97473642821956,2025-04-01,282.13778736477803,566,0,10,0.5167954581296326,0.01467235606188666,20.61243988300344,299.1183899470738,0.7636582085726382,"{""type"":""Point"",""coordinates"":[83.40658481045973,23.726614238486835]}"
1549,270.0,2025-04-01,282.45124067578996,281,0,10,0.5866728797763281,7.900617646683372E-4,1.994566870738536,302.87969017028814,0.5361918132294963,"{""type"":""Point"",""coordinates"":[80.26411410061787,21.620721137074153]}"
1550,9.400213865776559,2025-04-01,290.43704564230785,1096,0,10,0.7368115942028985,0.017522128634404055,22.70476121504859,300.2248701368059,0.6711956391740243,"{""type"":""Point"",""coordinates"":[83.0635394879965,18.646477617270975]}"
1551,290.6653303119048,2025-04-01,291.31810265495665,217,0,10,0.4362552327793987,0.00431066971297156,5.241593348695709,301.3828000568208,0.910476647701165,"{""type"":""Point"",""coordinates"":[83.82122089519581,19.44792849281651]}"
1552,270.0,2025-04-01,280.0919993718465,381,0,30,0.2361111111111111,0.002389105372380129,2.0304590627390664,299.6981832413447,1.2744134584074134,"{""type"":""Point"",""coordinates"":[80.40624181913138,24.049181027764146]}"
1553,203.60954192801879,2025-04-01,279.98040966760544,398,0,40,0.40039447731755423,0.0024073890971649803,2.5289003908770473,300.1176342737107,1.1884261197222443,"{""type"":""Point"",""coordinates"":[80.25321707804207,23.77380347503036]}"
1554,244.847399762541,2025-04-01,285.0209195727394,358,0,10,0.2597360798197618,0.0016765765475739158,1.0909553933450036,304.1123619987851,0.7142310865236069,"{""type"":""Point"",""coordinates"":[80.32780604634276,20.097632520446894]}"
1555,22.170344257417668,2025-04-01,282.9755733580816,496,0,10,0.4842027920646583,0.012952285222958437,3.9996452199779244,299.3364424024309,0.8893282630905617,"{""type"":""Point"",""coordinates"":[82.64240354570542,23.03430252917523]}"
1556,69.50533674265903,2025-04-01,286.3613387970697,738,0,10,0.5135295866785609,0.003953727297734133,25.895019234208476,302.4469044094994,1.0263350086516598,"{""type"":""Point"",""coordinates"":[81.30150900949505,19.378792104008408]}"
1557,340.4719018922901,2025-04-01,283.2424539384388,645,0,10,0.6847644104281272,0.0023335240411270775,1.4758213862454173,301.9981855664934,0.4633233803690098,"{""type"":""Point"",""coordinates"":[81.84320779701488,19.975512206225282]}"
1558,180.0,2025-04-01,289.37499323345367,174,0,40,0.7230263157894737,1.670740174759544E-4,0.463735342881014,303.85646774655294,1.0701874460529235,"{""type"":""Point"",""coordinates"":[81.89281648669873,18.344286332450668]}"
1559,256.7576972998917,2025-04-01,284.6420016969953,601,0,40,0.3019206145966709,0.00991606932158362,2.0236320232536964,301.91253289722266,0.5592338614578594,"{""type"":""Point"",""coordinates"":[82.35359908710811,19.727624802698507]}"
1560,294.9768621792798,2025-04-01,286.2548876716977,290,0,40,0.33166058394160586,0.02199633639330756,1.098131991452641,302.0491760798863,0.48780801498334936,"{""type"":""Point"",""coordinates"":[82.79098917246414,21.309153975282417]}"
1561,108.47973653560769,2025-04-01,289.05585493360246,252,0,10,0.28451960602118564,0.0024244062232483543,8.71063276373183,304.4526126498268,1.3836377680324543,"{""type"":""Point"",""coordinates"":[80.37868744428533,18.754967390652432]}"
1563,12.267118691986283,2025-04-01,281.517658551534,703,0,40,0.3008686496446433,0.02811430614466559,2.3715510505912074,298.13037027631486,0.8083012589957351,"{""type"":""Point"",""coordinates"":[83.35103930095613,23.10105496984271]}"
1564,226.6097772074688,2025-04-01,288.6685839607602,298,0,10,0.2971744072750893,0.004639106206845156,6.052971339925886,303.76453717549646,1.2377503316072076,"{""type"":""Point"",""coordinates"":[80.42905392913711,19.032876310726447]}"
1565,-0.0,2025-04-01,286.2049318495251,308,0,40,0.21702384545728948,0.014606895260762087,0.0,302.3019836970738,0.21980168990640442,"{""type"":""Point"",""coordinates"":[81.4580347241064,21.10297214268608]}"
1566,276.0262803120064,2025-04-01,290.2786100024269,185,0,10,0.2302013422818792,2.4703364844214093E-4,4.408549962453552,304.11205972943986,1.8594685171606107,"{""type"":""Point"",""coordinates"":[81.11570813191285,18.173988458012413]}"
1567,193.1711926082904,2025-04-01,288.4751432055519,174,0,30,0.23168694822238128,7.502954478155743E-5,4.278500518175481,304.2619213830857,1.2943262885307074,"{""type"":""Point"",""coordinates"":[81.79663294154798,18.26847239873185]}"
1569,345.1894925416325,2025-04-01,292.7956068402245,120,0,10,0.31751724137931037,0.003785388879727236,1.9180119363775845,301.596213840303,1.2392552334059248,"{""type"":""Point"",""coordinates"":[83.74449775115453,19.00125057069777]}"
1570,107.06776239192357,2025-04-01,283.93605745406376,896,0,10,0.7118429385687144,0.0406436793136109,3.1568800813796947,297.9349531446184,1.0501580184817623,"{""type"":""Point"",""coordinates"":[83.92121393300845,22.916553070743674]}"
1571,257.0184059699889,2025-04-01,282.88068984803704,594,0,30,0.2724952137843012,0.03190899115080725,2.0635194388856375,298.47297514052616,1.1315576211515084,"{""type"":""Point"",""coordinates"":[81.95418955242887,22.761840652772282]}"
1572,66.66279881303326,2025-04-01,282.52306452251617,758,0,10,0.4189723320158103,0.034787448458622805,9.283150279072533,297.96583112080896,0.9828626586419917,"{""type"":""Point"",""coordinates"":[82.25889372318903,23.53631701512512]}"
1573,133.14586980743348,2025-04-01,287.8209974652244,172,0,40,0.2379784102060844,0.003363626413296572,0.6780994653698275,303.82031749543694,0.7066217475641408,"{""type"":""Point"",""coordinates"":[83.40205119100564,20.39980672773657]}"
1574,24.120542705951227,2025-04-01,286.686603864034,409,0,10,0.2063125481139338,0.03106981735701453,6.074454329945523,301.30350085667203,0.40698717571940596,"{""type"":""Point"",""coordinates"":[82.7717380222447,21.47533899895176]}"
1575,312.61397372047225,2025-04-01,279.3300306683495,644,0,30,0.13986223420185684,0.008053260259579531,4.102641284036786,299.860379809425,1.0913875334050833,"{""type"":""Point"",""coordinates"":[80.41535640053742,23.074761092801836]}"
1576,-0.0,2025-04-01,290.1741875693912,188,0,30,0.4838994265549184,0.04344055276389014,0.0,301.50582949320477,0.2907365286135601,"{""type"":""Point"",""coordinates"":[83.68436195563805,21.70159279203991]}"
1577,226.86083709790748,2025-04-01,284.6310618718465,419,0,30,0.27175757575757575,0.009285124354313723,1.3561783417443958,303.2375363849458,0.024237115934173485,"{""type"":""Point"",""coordinates"":[82.22873232623749,20.435451025461923]}"
1578,151.69947324662684,2025-04-01,283.73038060324535,293,0,40,0.2579303172126885,0.006603481583546511,1.0532821128361392,302.7272243499756,0.7304512345759944,"{""type"":""Point"",""coordinates"":[81.49717341984609,21.785736548229448]}"
1579,-0.0,2025-04-01,282.99923756009053,485,0,10,0.4863551401869159,0.015149744563053957,9.646463364773247,298.97847993033275,1.1644398047410585,"{""type"":""Point"",""coordinates"":[82.23586843538737,22.561879335636288]}"
1580,28.28619395855973,2025-04-01,284.43490650540303,274,1,40,0.24006640841173216,0.007612126283596865,1.0531403226212335,302.81763194856194,0.6717949862971729,"{""type"":""Point"",""coordinates"":[81.56275175176467,21.699396449619037]}"
1581,129.9720457428546,2025-04-01,281.8209858394805,329,0,10,0.4484514212982605,0.01331424932951819,7.890414611701848,299.5106658027286,0.742303740423894,"{""type"":""Point"",""coordinates"":[84.17941442274291,23.868435348822874]}"
1582,28.230892291611074,2025-04-01,281.58665734245665,330,0,10,0.30065156686317096,0.0012827239560593284,1.0525942136843602,303.04335739499044,0.35886591973298865,"{""type"":""Point"",""coordinates"":[80.57846467201074,21.363164404153608]}"
1583,284.7351905463116,2025-04-01,283.1468554451352,966,0,10,0.40905955392044147,0.04368607919688117,3.64157458511291,296.7711696624756,1.0894797591225782,"{""type"":""Point"",""coordinates"":[83.82383637893197,22.99960822677905]}"
1584,114.97628149745127,2025-04-01,285.52638948531376,280,0,50,0.08644338118022328,0.00825479846472632,2.1955055288723107,302.72127196902323,0.34552339298222784,"{""type"":""Point"",""coordinates"":[81.6320832149857,21.313365849906795]}"
1585,151.2948164774438,2025-04-01,281.93170361291794,345,0,10,0.3219640179910045,0.008644881062458865,3.1691096956733538,299.84297025771366,1.1989577247222716,"{""type"":""Point"",""coordinates"":[83.44815341192891,24.065973660205703]}"
1586,12.257846928908076,2025-04-01,283.29129950205487,550,0,40,0.3087581699346405,0.036432491950940005,2.371467734892553,298.0777695973714,1.0918556369040477,"{""type"":""Point"",""coordinates"":[81.89951010985234,22.995098869545476]}"
1587,237.75457999351715,2025-04-01,293.1570395969209,446,0,10,0.6466805979746022,0.0033230058478821434,5.200717771451674,300.66102155049646,1.1695007996619118,"{""type"":""Point"",""coordinates"":[83.98124796755187,18.868340958427964]}"
1588,313.5038974073045,2025-04-01,296.2002989905221,21,0,10,0.5079824010056568,0.004042448811482302,0.6736221152187661,301.6540809813,2.436608728088905,"{""type"":""Point"",""coordinates"":[83.8528798025,18.360048454876907]}"
1589,295.41591411747584,2025-04-01,290.8742259343465,87,0,40,0.24957841483979765,4.344753550995506E-4,1.08039516810779,304.43349411374044,1.7849264295159668,"{""type"":""Point"",""coordinates"":[80.74385186706255,18.12981888162248]}"
1590,235.3659524366959,2025-04-01,279.47776481083457,703,0,40,0.20299586776859505,0.003471540622662417,2.446437822868792,300.1630037398565,1.1677159086242372,"{""type"":""Point"",""coordinates"":[80.45228807058669,22.93044485033241]}"
1591,252.4892436421511,2025-04-01,291.22676499684655,340,0,30,0.3146747352496218,0.012709321789692751,3.0795756212075633,301.1727344876244,0.8070117701782779,"{""type"":""Point"",""coordinates"":[83.22444848937299,18.82381878908858]}"
1592,337.91057544312633,2025-04-01,284.5348414012364,308,0,40,0.28998073217726394,0.015570270233105532,3.99735616970723,301.03329531351727,0.902025360304295,"{""type"":""Point"",""coordinates"":[83.09539984644101,22.48165275799612]}"
1593,144.5173822895077,2025-04-01,285.8612864812215,319,0,30,0.3196598299149575,0.01841756921286475,1.70801734484335,302.5321559906006,0.1671782627240144,"{""type"":""Point"",""coordinates"":[82.8455784511482,20.734335691678552]}"
1594,313.14380751144915,2025-04-01,284.765705426534,444,0,10,0.33611760775141997,0.00501121800417792,8.74743992453094,303.3518174489339,0.3382584887990317,"{""type"":""Point"",""coordinates"":[81.18453912550675,20.410413453131483]}"
1595,186.7150649283696,2025-04-01,286.9482528595698,487,0,10,0.40781317572437653,0.0015455357360352195,27.177641187837043,303.34152285257977,0.8781210991202332,"{""type"":""Point"",""coordinates"":[80.76415470902224,19.316849741635693]}"
1596,151.66536162722232,2025-04-01,283.1672586259388,278,0,40,0.31981400154998707,0.007359164171170107,1.0536199880811683,302.8453244708833,0.8606494583422156,"{""type"":""Point"",""coordinates"":[81.66617541112048,21.988215008076843]}"
1597,262.4747816542405,2025-04-01,284.1170702888852,357,0,10,0.3073463268365817,0.013129445128392092,3.5365556780857297,300.815469560169,0.9068896782686562,"{""type"":""Point"",""coordinates"":[81.614161207417,22.376426709699434]}"
1598,115.20581580807287,2025-04-01,285.19918873196553,309,0,40,0.2962056303549572,0.0074423722552765526,1.0888027112226157,302.77926118033275,0.49876098708810823,"{""type"":""Point"",""coordinates"":[82.61186574718316,19.715653232788032]}"
1599,313.49781460926954,2025-04-01,289.79535107385544,89,0,10,0.22033898305084745,5.822054671753563E-4,2.692929394276269,305.4602972666422,1.5498460051314387,"{""type"":""Point"",""coordinates"":[80.3733866170979,18.39680073334365]}"
1600,10.28084613859859,2025-04-01,281.42344933464415,544,0,40,0.2811254396248535,0.017520355396221987,2.8255821660052316,298.5574826740083,0.7205656690382389,"{""type"":""Point"",""coordinates"":[83.21978033826538,23.240508045374447]}"
1601,57.80105156323498,2025-04-01,286.7653101512364,657,0,30,0.2474199523683514,0.005309226326893679,1.7400526915830759,301.5206697554815,1.2687912321759445,"{""type"":""Point"",""coordinates"":[81.63146727798821,19.16803820215211]}"
1602,171.7995943888268,2025-04-01,287.7723669778733,926,0,10,0.30233944270600505,0.014588641338299624,25.756026841902166,298.44953764052616,0.7430929116234363,"{""type"":""Point"",""coordinates"":[84.01411408307334,19.795750178503297]}"
1603,47.38095840493681,2025-04-01,282.9615352721441,497,0,80,-0.16681859617137648,0.025436329059552065,1.3694965838511064,298.2340137844993,1.0110974157744619,"{""type"":""Point"",""coordinates"":[81.94514706874702,23.050766480941213]}"
1604,248.53336442005752,2025-04-01,283.10539222898944,445,0,30,0.23087940418218275,0.019138830118130556,3.7960503756522295,299.42121151515414,0.7247758145741856,"{""type"":""Point"",""coordinates"":[81.17146836655627,23.42850677622872]}"
1605,138.39030554814585,2025-04-01,286.77597677140005,597,0,10,0.32689374682257244,0.009843753986309878,3.7162269186549635,301.06219691321974,0.6246067967691,"{""type"":""Point"",""coordinates"":[83.8395344008485,20.234089476784334]}"
1606,232.66162977709163,2025-04-01,282.7424364998227,520,0,10,0.4265110790612298,0.015088649802159182,7.601083695016766,299.3005421048119,0.7336964524838627,"{""type"":""Point"",""coordinates"":[83.24709042341532,23.73390884873718]}"
1607,90.0,2025-04-01,287.8098425638108,224,0,40,0.24630872483221478,0.011492552571247927,1.973450109563539,302.9960348038447,0.719086411311772,"{""type"":""Point"",""coordinates"":[83.17126904738383,20.015803611010753]}"
1608,-0.0,2025-04-01,282.3097902479626,482,0,30,0.3412219270707559,0.017551871352146975,1.8543341688414132,299.01454880124044,1.0118423034064847,"{""type"":""Point"",""coordinates"":[82.48282129346376,23.082842112378792]}"
1609,226.90793564345,2025-04-01,284.89705889565596,373,0,10,0.2823158498137002,0.011982145123432986,1.357369082915399,302.7684376126244,0.18983653875835282,"{""type"":""Point"",""coordinates"":[81.81616348632839,20.68721467596715]}"
1610,158.1793571148632,2025-04-01,285.01307800837924,661,0,30,0.2889436909165639,0.0230900220202912,3.9898284842347063,301.4349822089786,0.08017194269166732,"{""type"":""Point"",""coordinates"":[82.44132936825567,20.513231102523243]}"
1611,245.31573718650077,2025-04-01,282.91657270704,719,0,10,0.4700411648117091,0.05832079272742163,2.2197987090430926,296.2631420862107,1.0987298889811368,"{""type"":""Point"",""coordinates"":[84.16544650342718,23.185561590701855]}"
1612,227.12569737234514,2025-04-01,289.6881326493763,219,0,30,0.13736017897091723,0.042437913231800906,1.3629138083234158,301.1986598968506,0.341744689583392,"{""type"":""Point"",""coordinates"":[83.88030363263053,21.809845252706484]}"
1613,49.66374550496436,2025-04-01,290.404859769912,630,0,30,0.511950765707743,0.022646325044583193,6.421132993308589,299.00348690577914,0.8159012384520664,"{""type"":""Point"",""coordinates"":[84.22112671319648,19.352112067854502]}"
1614,352.1565608909811,2025-04-01,287.7723669778733,817,0,10,0.7521284621187628,0.014588641338299624,23.806945295543475,298.44953764052616,0.7430929116234363,"{""type"":""Point"",""coordinates"":[84.00253777384857,19.777557531534985]}"
1615,353.2337908721109,2025-04-01,284.9933142434983,253,0,10,0.2903409090909091,0.00143555026526343,4.195467678230674,304.0071838923863,0.5517737779657604,"{""type"":""Point"",""coordinates"":[80.21655136791702,20.52826824244746]}"
1616,74.87471655068381,2025-04-01,286.9460090909686,810,0,40,0.16654107008289373,0.0014321378993500389,3.5500015469842556,299.4452012379964,0.734405889300136,"{""type"":""Point"",""coordinates"":[82.76912626867477,18.91020929725025]}"
1617,76.76575758922797,2025-04-01,286.10681638263526,280,0,10,0.23521594684385383,0.0027371815967072166,4.044637816861693,304.01711227780294,0.7451925611045754,"{""type"":""Point"",""coordinates"":[80.297368436372,19.827749971867746]}"
1618,242.02936726845365,2025-04-01,280.26808289119174,371,0,10,0.441887007799125,0.001258211545895449,3.948761645996146,302.7231611524309,0.5902480000034521,"{""type"":""Point"",""coordinates"":[80.67633109169117,21.667879484620993]}"
1619,72.92585288508008,2025-04-01,282.86232117244174,611,0,40,0.23822281759321276,0.03990245085234534,3.1557370430395566,297.73580414908275,1.0657626914666554,"{""type"":""Point"",""coordinates"":[83.6266333642744,22.86300234187415]}"
1620,205.12471693823508,2025-04-01,288.6615561984835,263,0,10,0.4550939893246693,3.6342661852728497E-4,4.599959928672619,303.7396522703625,1.0455618529837276,"{""type"":""Point"",""coordinates"":[82.2004497333016,18.607905183098623]}"
1621,82.95455520176283,2025-04-01,287.78889297303704,631,0,30,0.35819601040763227,0.0018601886558045067,11.197754388484011,301.8040705181303,1.5426727533843008,"{""type"":""Point"",""coordinates"":[81.31611371022728,18.64451816091218]}"
1622,332.0998408047787,2025-04-01,285.5648416337513,548,0,40,0.18155619596541786,0.0036816767978180565,1.0493603346142713,302.14987246195466,1.1897701439974449,"{""type"":""Point"",""coordinates"":[82.17183419478555,19.20842605730126]}"
1623,270.0,2025-04-01,285.38982186998646,315,0,40,0.26625714890912944,0.012808950953434817,2.4770894265458483,302.92178698948453,0.2054292630435271,"{""type"":""Point"",""coordinates"":[81.66215353780018,20.693310746902757]}"
1624,64.57992915772999,2025-04-01,291.1526915686471,84,0,40,0.2677545391863939,3.7992220396887433E-4,1.0802302832968909,304.2766628265381,1.8357550894635979,"{""type"":""Point"",""coordinates"":[80.78730427728891,18.098069094506865]}"
1626,180.0,2025-04-01,281.5474611464001,586,0,40,0.31522189962671093,0.013275282792996279,1.8543341688414132,298.922653107416,0.9873170678956439,"{""type"":""Point"",""coordinates"":[82.10018133974849,23.319996457206866]}"
1627,15.235118848187284,2025-04-01,280.4364585422335,563,0,30,0.25430007938608096,0.006581204347561709,1.9218276220530655,299.9012210482643,0.9133438860796717,"{""type"":""Point"",""coordinates"":[80.4546709196411,23.37463260886882]}"
1628,346.0877759909209,2025-04-01,282.1012999670846,518,0,10,0.2489872234340916,0.0021954051780213035,18.014589606062856,302.6390372685023,0.2449975979053354,"{""type"":""Point"",""coordinates"":[80.68267594713214,21.307412591012742]}"
1629,312.88935009204215,2025-04-01,287.8881826400757,212,0,10,0.3542747883092051,0.038583519272755495,0.6813606176758736,301.7120701926096,0.16146368149785384,"{""type"":""Point"",""coordinates"":[83.31278959884278,21.734197072116746]}"
1630,79.39907965573167,2025-04-01,284.25133600689117,416,0,30,0.19188074849349826,0.004495429210614077,2.519181396133541,303.33393124171664,0.24738266779222645,"{""type"":""Point"",""coordinates"":[80.75538409147966,20.640731997934328]}"
1631,180.0,2025-04-01,288.2121107464745,191,0,10,0.3780744905130007,0.017098056487988345,0.9274099368670311,303.324020294916,0.15822354237177136,"{""type"":""Point"",""coordinates"":[83.36683202608303,20.805228728886114]}"
1632,270.0,2025-04-01,285.63040501730785,315,0,40,0.20493827160493827,0.016851039938877932,0.49592906077728865,302.69947369893396,0.11131720731780759,"{""type"":""Point"",""coordinates"":[81.40514775508666,20.758898018088438]}"
1633,270.0,2025-04-01,281.5202278409685,473,0,40,0.20928052495898758,0.02665198069090735,2.5301181951153553,299.0211057208834,0.7003257274509981,"{""type"":""Point"",""coordinates"":[81.63997202048924,23.673248233672886]}"
1634,47.101164019801516,2025-04-01,289.7499234789894,310,0,10,0.4193268186753529,0.03694167953009497,17.179052584423797,301.47836367289216,0.2860521911660246,"{""type"":""Point"",""coordinates"":[83.99287143681472,21.686835613667967]}"
1635,143.86348343478545,2025-04-01,280.86190845852803,364,0,40,0.2971014492753623,0.007477032356213442,1.7221309630337442,299.6632711319697,0.793244838425032,"{""type"":""Point"",""coordinates"":[81.2922690032213,24.07608177503498]}"
1636,-0.0,2025-04-01,286.85605489640005,197,0,40,0.23468328141225336,0.017293366007756106,0.463735342881014,303.1294576554072,0.18306691596723906,"{""type"":""Point"",""coordinates"":[83.06003905763974,20.95297952573731]}"
1637,176.48572052278905,2025-04-01,289.39536153702505,321,0,10,0.3198139534883721,0.02305686693663489,15.844986284867645,302.0652661096482,0.22655716131337952,"{""type"":""Point"",""coordinates"":[84.2245011949115,21.4920002367312]}"
1638,175.96087313950994,2025-04-01,288.3119177591233,674,1,10,0.2433249370277078,0.022627638988446108,13.68093192041851,299.1984215690976,0.9153750863428788,"{""type"":""Point"",""coordinates"":[83.17957004767482,19.24637237180538]}"
1639,139.33152428268517,2025-04-01,281.85969375428704,476,1,10,0.4130629287205488,0.019460739903401247,8.49681205774929,298.60802559625535,0.5841102185367376,"{""type"":""Point"",""coordinates"":[81.91853619640366,23.86603660603937]}"
1640,12.336716818449128,2025-04-01,284.28712585994174,341,0,40,0.2469229931380024,0.0133805892991532,2.3721786249534396,299.4979472387404,0.8937782735037637,"{""type"":""Point"",""coordinates"":[82.76133062874547,23.86949698396663]}"
1641,169.29195435544403,2025-04-01,290.39187962668285,549,0,10,0.28115015974440893,0.022107394747685305,24.763410950481294,300.4830372219994,1.0044765699621347,"{""type"":""Point"",""coordinates"":[83.25582433203185,19.207704103746853]}"
1642,47.354534779527896,2025-04-01,282.9502001716977,640,0,10,0.3031039136302294,0.03905017893786322,3.41861596586767,297.6475705646334,1.0868770330829123,"{""type"":""Point"",""coordinates"":[83.66484159250243,22.92532547942243]}"
1643,-0.0,2025-04-01,289.1139138993762,317,0,80,-0.18927973199329984,6.212912129868187E-4,0.0,301.6406881241572,0.7441444942749583,"{""type"":""Point"",""coordinates"":[81.90415203916805,17.98194360477189]}"
1644,216.9359557393428,2025-04-01,287.6293993904477,893,0,40,0.2203125,0.004368739538143984,4.05450596296314,297.5184608641125,0.7602546304912053,"{""type"":""Point"",""coordinates"":[82.74740742840527,18.17694293091626]}"
1645,180.0,2025-04-01,281.96420919327505,638,0,10,0.5213168724279835,0.01909697275633704,2.3174627380815918,298.7374143146333,0.6351064532528501,"{""type"":""Point"",""coordinates"":[83.33883910682101,23.559842440709815]}"
1646,-0.0,2025-04-01,287.5643359138852,912,0,30,0.394990366088632,0.0023937545346726097,2.7802885155287553,298.6451291583834,0.6635677483136406,"{""type"":""Point"",""coordinates"":[82.70056196083638,18.44824624008326]}"
1647,199.4736637874859,2025-04-01,284.9175027665638,597,0,40,0.27508802816901406,0.007108511738728396,1.4753251495667272,302.12124988010953,0.9291571010299201,"{""type"":""Point"",""coordinates"":[82.20905282270115,19.493219764311096]}"
1648,103.31194486159788,2025-04-01,288.65347049349833,308,0,10,0.5208613728129206,0.0036914519595612205,2.0132435500843635,302.8713196345738,1.2282168503017044,"{""type"":""Point"",""coordinates"":[80.91487299790342,18.837260718041595]}"
1649,25.690948442912312,2025-04-01,290.2677922475906,804,0,30,0.5909878682842288,0.019990684800099245,16.509746556436014,300.1265163421631,0.9749154571745308,"{""type"":""Point"",""coordinates"":[83.27060474882906,19.115762371889446]}"
1650,28.37424825794143,2025-04-01,283.19984558650424,289,0,40,0.38098449089683073,0.007968934588383547,1.0540130645056494,301.95493198576423,0.9048563115545631,"{""type"":""Point"",""coordinates"":[81.8318006174819,22.222093016372522]}"
1651,302.3548633166528,2025-04-01,290.59540571485246,80,0,50,0.41328688728539437,4.2483430380713116E-4,1.7325765266782833,304.4853681836809,1.7294010443975834,"{""type"":""Point"",""coordinates"":[80.63268902108176,18.144240811465814]}"
1652,321.63099228382214,2025-04-01,289.39353629520957,159,0,10,0.34938344098649443,0.0030543081092346824,2.364616374340635,304.0831581297375,1.2848834139837686,"{""type"":""Point"",""coordinates"":[80.66437660112456,18.68065996251249]}"
1654,90.0,2025-04-01,280.82091027214415,466,0,30,0.1629327902240326,0.014414789490651003,1.0101177763420157,299.58241989499044,0.7835707992062576,"{""type"":""Point"",""coordinates"":[80.95417170605491,23.34921146333978]}"
1655,39.526653971335385,2025-04-01,291.0029403595698,616,0,30,0.5793402000298552,0.03591779094214331,15.818630205113276,299.05240222385953,0.673414423974208,"{""type"":""Point"",""coordinates"":[84.34179772379433,19.50311087600729]}"
1656,344.08552925508747,2025-04-01,287.00868347712924,778,0,10,0.5922661359112881,0.004502507262181155,12.343365788095223,301.81026122683573,1.124847722024402,"{""type"":""Point"",""coordinates"":[81.23142064519692,19.224401697159685]}"
1657,281.4797781823317,2025-04-01,286.8929898852394,917,1,30,0.47650273224043715,8.244834470261253E-4,6.9559847066233775,298.9334592365083,0.8879016445106199,"{""type"":""Point"",""coordinates"":[82.52392741853716,18.60688460555174]}"
1658,-0.0,2025-04-01,283.6594345001948,561,0,10,0.458029197080292,0.03813302736754309,2.7802885155287553,298.4295064835322,1.0231780904108205,"{""type"":""Point"",""coordinates"":[83.79095173399575,22.774173484213765]}"
1659,-0.0,2025-04-01,288.74260507311135,270,0,10,0.27973568281938327,1.8647532935034405E-4,0.0,302.17476899283275,0.7900784392089918,"{""type"":""Point"",""coordinates"":[82.20469461965723,18.419929577416966]}"
1660,336.1764124623067,2025-04-01,290.4336102349418,821,0,30,0.5550548295027791,0.021682547740887514,6.060575867461851,298.93130847385953,0.8945299430306908,"{""type"":""Point"",""coordinates"":[84.18886879470223,19.324915469441468]}"
1661,-0.0,2025-04-01,282.1329801196144,460,0,40,0.2966495475666422,0.014339523725460879,0.463735342881014,299.14258312043694,0.7504990112929225,"{""type"":""Point"",""coordinates"":[83.26310673131427,23.660018272192023]}"
1662,301.3572999865735,2025-04-01,280.28197565532867,394,0,30,0.20086237872799137,0.0022870771216858543,7.092968946253174,299.95404842921664,1.2145390689113704,"{""type"":""Point"",""coordinates"":[80.45814559036569,23.92620437592912]}"
1663,-0.0,2025-04-01,284.9058944611323,333,0,10,0.2302086783703213,0.002846496515225283,0.463735342881014,303.67032214573453,0.6309869902134543,"{""type"":""Point"",""coordinates"":[80.51401308282541,20.21248042771533]}"
1664,213.57297170505694,2025-04-01,286.56154573531376,876,0,10,0.5728282168517309,0.010654898695896975,24.999280088540477,301.47305070786246,0.6132729472119527,"{""type"":""Point"",""coordinates"":[83.06592300386838,19.667093639020543]}"
1665,115.00411631223756,2025-04-01,285.160230863662,324,0,10,0.31223880597014925,0.008989991955708376,1.0970121610880352,302.4833743685768,0.3766699186911461,"{""type"":""Point"",""coordinates"":[82.23047524359208,21.125754856242192]}"
1666,340.3562573015565,2025-04-01,284.7301364626203,362,0,10,0.2351238340302348,0.011705087833355776,1.4768811642919413,302.5745899563744,0.30537635527979584,"{""type"":""Point"",""coordinates"":[82.29899387007502,20.95618439541825]}"
1667,90.0,2025-04-01,293.3000478744507,105,0,10,0.5656540911317981,0.0025237522649277366,0.4898023956902986,302.47793933323453,1.2645958466022902,"{""type"":""Point"",""coordinates"":[83.52476240517024,18.776846575252776]}"
1668,35.511070990128715,2025-04-01,288.08383809952505,163,0,30,0.24195624195624196,0.020028608255337588,1.7086220432913368,303.023239044916,0.1741671315405701,"{""type"":""Point"",""coordinates"":[83.55109427336879,20.89260506851525]}"
1669,162.49732522409138,2025-04-01,289.4985458283197,502,0,10,0.4112676056338028,5.310199784744896E-4,4.85095372121365,302.58955810183573,0.9496276636650093,"{""type"":""Point"",""coordinates"":[81.75146681805293,17.950942294986298]}"
1670,65.21790761486389,2025-04-01,284.72123695555183,420,0,10,0.2920738327904452,0.0416209719705094,1.1062091356403714,299.5142232804072,0.8380680767355149,"{""type"":""Point"",""coordinates"":[84.20566851052526,22.575734573401792]}"
1671,305.31325926657826,2025-04-01,287.2020370392573,374,0,10,0.24935498558203065,0.014771597795437685,19.292771727054163,302.893838700794,0.050398861787095614,"{""type"":""Point"",""coordinates"":[83.09367726495499,20.76029279979581]}"
1672,237.6965805316412,2025-04-01,295.915096237546,26,0,40,0.33556901774123754,0.0011887870358933128,1.73503474643397,301.68874313717794,2.041902744577585,"{""type"":""Point"",""coordinates"":[84.1466128507858,18.4882588312235]}"
1673,159.53208709807097,2025-04-01,286.9601576214745,273,0,10,0.39704848910751933,0.007626893334339968,9.803116185026358,301.8526370638893,0.5793836184549028,"{""type"":""Point"",""coordinates"":[83.6696464180177,20.328775788837408]}"
1674,63.12572273763764,2025-04-01,288.05264041537333,660,0,10,0.48732198680097255,0.0181357584523667,20.607004346434554,301.4252863384428,0.812964011231364,"{""type"":""Point"",""coordinates"":[83.2955868784369,19.757364969534247]}"
1675,90.0,2025-04-01,287.8226831981114,193,0,30,0.28097843579015125,0.011720540337513796,1.4856641249541056,303.29744384402323,0.4417800510754693,"{""type"":""Point"",""coordinates"":[83.47050021642569,20.57145292252178]}"
1676,226.4556995307368,2025-04-01,290.10819984617683,147,0,10,0.5761363636363637,2.3791413779150616E-4,3.3619023235618104,303.6284927186512,0.9844693688692869,"{""type"":""Point"",""coordinates"":[81.77194340897519,18.11512258115867]}"
1678,312.8714194143515,2025-04-01,289.6881326493763,230,0,40,0.2438871473354232,0.042437913231800906,0.6815902565973763,301.1986598968506,0.341744689583392,"{""type"":""Point"",""coordinates"":[83.86115698203042,21.82448827283985]}"
1679,90.0,2025-04-01,291.915851910909,145,0,80,0.44942060757907926,0.0035596958922852195,1.4712575942485673,301.12880661374044,1.1673963406472472,"{""type"":""Point"",""coordinates"":[83.44990430357889,19.020448368898972]}"
1680,252.88733388425567,2025-04-01,283.9601227442423,590,0,10,0.6966394187102634,0.01683414202208411,1.5756194561794077,300.15305791582387,1.0133772307191171,"{""type"":""Point"",""coordinates"":[81.74807557828467,22.53507726966177]}"
1681,19.3049093794377,2025-04-01,289.8602576028733,771,0,10,0.7107142857142857,0.002374055199574343,4.413616483593968,298.0239656539191,0.8756329940595047,"{""type"":""Point"",""coordinates"":[82.4016569749921,17.901615752722705]}"
1682,-0.0,2025-04-01,290.182215145656,145,0,40,0.18864858107263408,0.01968862336153876,0.0,302.40109897795173,0.460234461817603,"{""type"":""Point"",""coordinates"":[84.22111069609768,20.992758707296627]}"
1683,270.0,2025-04-01,281.9263964607602,519,0,10,0.41342567927543955,0.019828217439602724,2.023975508614692,298.65981828598746,0.7863188881530734,"{""type"":""Point"",""coordinates"":[81.9016219170552,23.633907937640892]}"
1684,238.36243921701674,2025-04-01,280.34317938486737,642,0,10,0.4243421052631579,0.006132679395626894,8.771743154331475,300.5538728804816,0.8919734824587469,"{""type"":""Point"",""coordinates"":[80.93198415977363,22.45724542219454]}"
1685,252.94803158470216,2025-04-01,281.7641940798078,515,0,30,0.2784247300444633,0.011111380867909304,6.30031994542044,299.028360185169,0.8650510201438608,"{""type"":""Point"",""coordinates"":[82.82122661347282,23.049106577520355]}"
1686,85.53158215471142,2025-04-01,284.0938013621739,406,0,40,0.25922157211905367,0.00550434213156592,5.9310791139138,303.45995430719285,0.2515104238548077,"{""type"":""Point"",""coordinates"":[81.48503967415581,20.320044405890823]}"
1687,112.9292826448005,2025-04-01,290.2662053335281,370,0,10,0.27672955974842767,0.019794034175824038,24.56291900911936,300.76815278189525,0.9943189097417428,"{""type"":""Point"",""coordinates"":[83.53885208337994,19.579086449829727]}"
1688,321.5569951019908,2025-04-01,286.13118394215905,578,0,30,0.2732732732732733,0.0015771709012497581,2.367035864814765,301.4786833808535,1.0943057229109217,"{""type"":""Point"",""coordinates"":[82.42350836014809,19.124339444218013]}"
1689,324.3605842694688,2025-04-01,283.30382042839415,283,0,40,0.30946974756244156,0.004596146159123293,1.7113602448844147,302.9500084831601,0.4781116748583572,"{""type"":""Point"",""coordinates"":[81.28762160297293,21.59075092112938]}"
1690,46.54681364144917,2025-04-01,288.9994758878435,310,0,10,0.5027375201288244,0.003060134463261477,2.022006812058923,303.2448780423119,1.31964157051178,"{""type"":""Point"",""coordinates"":[80.90445415123776,18.663983001917362]}"
1691,157.02125204794376,2025-04-01,287.53566101619174,198,0,40,0.235657546337158,0.002904104404400698,2.516956847256585,304.1023057301839,0.9214919640117888,"{""type"":""Point"",""coordinates"":[80.36280736320077,19.383855944347747]}"
1692,6.880018275097303,2025-04-01,284.00171965644466,744,0,30,0.35318730002461235,0.06515158932680976,4.196461371523862,297.0887966156006,1.002499785940268,"{""type"":""Point"",""coordinates"":[84.30359046372244,22.94685049425218]}"
1693,290.1117016254947,2025-04-01,282.7357051940191,594,0,10,0.26212158503568794,0.02954432588095557,2.695369064314747,298.55744198390414,0.7453660624249454,"{""type"":""Point"",""coordinates"":[82.35860245029902,23.72989866207931]}"
1694,51.62819354902059,2025-04-01,281.58607605525424,643,0,10,0.4948892674616695,0.012512239031742922,4.4732390279656284,299.6140709831601,0.9760219442349104,"{""type"":""Point"",""coordinates"":[81.06243280929536,22.518098487788567]}"
1695,106.48170482800798,2025-04-01,288.4533274968465,1258,0,30,0.2761173567315602,0.008539142422627322,15.922818316515386,299.34755080086853,0.6631074501907492,"{""type"":""Point"",""coordinates"":[83.06596746593989,18.77766252686614]}"
1696,218.3887311019772,2025-04-01,287.6416006088256,531,0,10,0.5230514096185738,0.0037988446282852806,4.722486564767789,302.36906424022857,1.4103908364010291,"{""type"":""Point"",""coordinates"":[81.90891477746133,18.800093813288644]}"
1697,324.58593251745776,2025-04-01,283.7348100117275,443,0,30,0.14985486211901305,0.005238103084515444,1.7065639748603711,302.96774355570477,0.23723370896830803,"{""type"":""Point"",""coordinates"":[81.73504912842729,20.34729725464377]}"
1698,230.4945152637559,2025-04-01,287.2603808357602,1102,0,10,0.4609653385163589,0.016045423560093752,14.959249337230686,300.5090905144101,0.7048261578182266,"{""type"":""Point"",""coordinates"":[83.1770131198418,19.560915889318213]}"
1699,8.88035266639067,2025-04-01,280.95421686626617,391,0,30,0.2759871931696905,0.004891487173985354,3.282008900106568,299.6382757822672,0.8777261997833171,"{""type"":""Point"",""coordinates"":[80.99221986667082,23.891197847560512]}"
1700,90.0,2025-04-01,285.05264622824535,309,0,30,0.17223358327652807,0.01034791987414252,5.063687680366847,299.5751247406006,1.0079131742826564,"{""type"":""Point"",""coordinates"":[82.87620500510803,24.01491049991826]}"
1701,-0.0,2025-04-01,283.78859070369174,287,0,40,0.28196248196248197,0.004660638384770266,0.0,302.99679047720775,0.24865978986055853,"{""type"":""Point"",""coordinates"":[81.21316087422314,21.413403042831504]}"
1702,33.23453985572978,2025-04-01,281.73635623568583,520,0,10,0.43111383860079777,0.007986905388783327,2.769997811817994,299.1801924024309,0.6574573874264263,"{""type"":""Point"",""coordinates"":[80.9897328378538,23.69640989355006]}"
1703,165.22978243274568,2025-04-01,295.1775125321888,52,0,40,0.4051019162699866,0.0045377336072434105,1.917656128370697,302.17822765168694,1.6873318483684678,"{""type"":""Point"",""coordinates"":[83.71603179524824,18.521335717387263]}"
1704,226.53876731759695,2025-04-01,289.2774881181263,364,0,10,0.6196535878402263,0.0020978621768463768,1.3481157468265192,303.53921863010953,1.4483244384534284,"{""type"":""Point"",""coordinates"":[81.0371961306067,18.616305622359558]}"
1705,243.86944503180484,2025-04-01,286.96415106455487,379,0,10,0.3546820458339657,0.008240016512822024,11.428611022764056,302.4459859757197,0.28376364565974227,"{""type"":""Point"",""coordinates"":[83.89181550308987,20.525032428362685]}"
1706,320.9200524302676,2025-04-01,283.18341259729294,368,0,40,0.26198514517218097,0.011650057845066897,2.3882340080276934,299.5361378079369,1.1660930499192306,"{""type"":""Point"",""coordinates"":[82.08370074432709,22.551836175603555]}"
1707,132.71999170660445,2025-04-01,280.29523481641496,613,0,40,0.17262479871175523,0.0037215076016892112,3.413809002968828,300.4004479362851,0.8717014451022768,"{""type"":""Point"",""coordinates"":[80.65717573157005,22.568842739343758]}"
1708,180.0,2025-04-01,282.1287018458048,571,0,40,0.27092460225962645,0.026524277739476076,0.9274099368611016,298.4295936766125,1.074668961880504,"{""type"":""Point"",""coordinates"":[82.35497490911526,23.299956152898027]}"
1709,213.01309384210978,2025-04-01,284.40029666537333,361,0,10,0.34922089825847846,0.02020099978918921,2.763031969779362,299.93920816693986,1.1815866833209718,"{""type"":""Point"",""coordinates"":[82.53708351323898,22.563290838717876]}"
1710,27.815869884894834,2025-04-01,288.96184335436135,325,0,20,0.15403225806451612,0.0014486781882752098,5.228746100446932,303.9374178023565,1.4382215188343712,"{""type"":""Point"",""coordinates"":[80.57577354385766,18.612722370320707]}"
1711,-0.0,2025-04-01,285.33704680488216,252,0,40,0.5562796208530806,0.014523553066204897,0.0,302.3908392588297,0.7117563392981484,"{""type"":""Point"",""coordinates"":[81.89634799903307,21.81627582587698]}"
1712,27.7816900097386,2025-04-01,292.8639022736323,101,0,40,0.26634958382877527,0.003858359866093508,3.141843768285074,302.1529939742316,1.109443515226303,"{""type"":""Point"",""coordinates"":[83.28751816165571,18.36431097024736]}"
1713,301.4560922812218,2025-04-01,282.7970716839744,633,0,40,0.21599515298394426,0.07218906503195655,1.7767605482401003,296.9596462249756,0.7569938204427951,"{""type"":""Point"",""coordinates"":[84.1634068434085,23.419971814050825]}"
1714,270.0,2025-04-01,286.62985860733755,237,0,40,0.18343540390784485,0.017036097459744326,1.4982473675184687,301.66108549208866,0.44024443400221047,"{""type"":""Point"",""coordinates"":[82.61757042535291,21.81909955497837]}"
1715,-0.0,2025-04-01,289.9327208655221,159,0,10,0.2839632277834525,4.5202892298590314E-4,1.8543341688295631,304.47396332877025,1.631662585590604,"{""type"":""Point"",""coordinates"":[80.89248870047089,18.44795606732402]}"
1716,143.0618674002889,2025-04-01,291.44757856641496,171,0,10,0.42498060512024827,0.03377108495707404,5.782293869579249,302.030563263666,0.35813832761096276,"{""type"":""Point"",""coordinates"":[83.94971048349775,21.405605743713977]}"
1717,289.19846594950985,2025-04-01,289.7918052219209,287,0,10,0.33216476774758985,0.04042858105177771,4.2230580055421205,301.3905428023566,0.3047168154154744,"{""type"":""Point"",""coordinates"":[83.74927511021649,21.789782694300133]}"
1718,107.5523973316276,2025-04-01,289.79509530748635,199,0,20,0.27860106698280973,4.033021258820213E-4,1.537361468370886,303.8450280144101,1.72382624431635,"{""type"":""Point"",""coordinates"":[81.18005884568753,18.393334023499648]}"
1719,107.33359926337799,2025-04-01,287.6875920522781,385,0,10,0.17424242424242425,0.01155263405318152,3.110009783863309,302.2503828321184,0.18660780027441498,"{""type"":""Point"",""coordinates"":[84.06942586918741,20.556348277572337]}"
1720,107.27289301430989,2025-04-01,283.2956649689447,337,0,40,0.4093876282250544,0.0047580025720108665,1.5614500778774816,303.40302885146366,0.2947111453201997,"{""type"":""Point"",""coordinates"":[80.43578133178337,21.11828827288394]}"
1721,154.95772956421564,2025-04-01,288.5245409920102,546,0,10,0.6554132712456344,0.019280480556439272,12.589946384756518,300.6763733455113,0.8062934104225773,"{""type"":""Point"",""coordinates"":[83.33977970549036,19.64898718728098]}"
1722,312.5786930134843,2025-04-01,281.5385848908197,563,0,40,0.2896551724137931,0.015467467122029177,1.3705454270578097,298.7240156446184,0.739051203593316,"{""type"":""Point"",""coordinates"":[83.09688431195376,23.239968685404182]}"
1723,65.32305796657442,2025-04-01,282.03680615198044,506,0,30,0.20643939393939395,0.020932572298001162,4.434181307548134,299.35712460109164,0.734289063546113,"{""type"":""Point"",""coordinates"":[81.55320532006756,23.230631623081184]}"
1724,320.65562994677794,2025-04-01,281.8282519295102,456,0,30,0.23513062812673707,0.019560890607785097,4.786103400613203,299.1163031260172,0.65926414586424,"{""type"":""Point"",""coordinates"":[81.3640595317263,23.81228670813264]}"
1725,194.78642065646676,2025-04-01,289.207594144912,427,0,10,0.6082332761578044,0.003145801238964907,11.359864003053112,303.6172796885172,1.2937431417083511,"{""type"":""Point"",""coordinates"":[80.84217141653225,18.716011802120907]}"
1726,208.48379854949715,2025-04-01,283.1796516690936,583,0,10,0.38602700222833924,0.043234544210385195,1.055104364388217,298.004661105928,1.1468315423776352,"{""type"":""Point"",""coordinates"":[81.89743166619614,22.852532234187795]}"
1727,2.1357361742319707,2025-04-01,283.2291773387364,437,0,10,0.4889284805293968,0.009800972752522341,13.218352431214594,300.7873061952137,1.0387418341921466,"{""type"":""Point"",""coordinates"":[81.9345432991177,22.384959327068724]}"
1728,61.832701455113984,2025-04-01,286.4227401642573,258,0,40,0.2824192721681189,0.005065070800732485,3.923505054009147,303.4405974433535,0.3640202103064245,"{""type"":""Point"",""coordinates"":[83.04140378833233,20.43728767986389]}"
1729,23.451331201570618,2025-04-01,280.2063211259388,787,0,30,0.2794795337489835,0.007287221364926211,2.525865426580614,298.57303210667203,0.947922047245845,"{""type"":""Point"",""coordinates"":[81.14749068666343,22.768403170425135]}"
1730,119.19541635479226,2025-04-01,282.1964450563703,306,0,50,0.3897503285151117,0.0014029167222489036,2.8497703526982363,303.4690921420143,0.4108467884465065,"{""type"":""Point"",""coordinates"":[80.38334485748354,21.362534116995814]}"
1731,61.07094716615749,2025-04-01,283.1419784455073,804,0,30,0.40330530588576397,0.04998889785284888,11.353361176629072,296.77683139982673,1.015850989473023,"{""type"":""Point"",""coordinates"":[84.05630514118012,22.905102778931404]}"
1732,227.4065926148934,2025-04-01,281.9201883134388,540,0,40,0.2765957446808511,0.019994946532200686,0.685179293188209,298.7292239779518,0.8612797445469506,"{""type"":""Point"",""coordinates"":[82.91994770655248,23.170778239272074]}"
1733,337.45392699089217,2025-04-01,279.64626834506083,590,0,10,0.27406951707167027,0.003248231821011416,16.59222142216055,300.1042762938,1.1392551743549137,"{""type"":""Point"",""coordinates"":[80.55925766178238,22.929087718627184]}"
1734,245.1197934017253,2025-04-01,285.77314008985246,217,0,60,0.14453781512605043,0.024177434258412234,3.3031154276239705,301.81664957318986,0.2727004305764981,"{""type"":""Point"",""coordinates"":[83.21275290769586,21.94730163239169]}"
1735,245.39078400597543,2025-04-01,280.4743759064447,417,0,40,0.22834305465543314,0.004947545342396609,2.2261383120898506,299.8524568648566,0.8098226601793549,"{""type"":""Point"",""coordinates"":[80.68774707178584,23.64322791302391]}"
1736,119.04401998918338,2025-04-01,283.0848321006412,378,0,40,0.30658105939004815,0.012974085621785036,5.712365487604855,301.1529416583834,0.9176011164348533,"{""type"":""Point"",""coordinates"":[81.31778997679004,22.252442424993973]}"
1737,295.0114261406289,2025-04-01,290.0910286222185,179,0,10,0.445549952296579,0.02166305702204596,1.0967122419523223,302.0143976665678,0.37436654951594917,"{""type"":""Point"",""coordinates"":[84.12320126003462,21.076741851210986]}"
1738,295.28561525540135,2025-04-01,286.05772667839415,829,0,30,0.456137339055794,0.0011626653003204979,7.555945938999408,299.3002921513149,0.6837846654963488,"{""type"":""Point"",""coordinates"":[82.93922592002123,19.128861916176444]}"
1740,195.03161556579562,2025-04-01,281.58665734245665,404,0,10,0.4001699235344095,0.0012827239560593284,1.91998383954928,303.04335739499044,0.35886591973298865,"{""type"":""Point"",""coordinates"":[80.64449290988081,21.415438799507637]}"
1741,222.39583576409356,2025-04-01,285.58517506009053,344,0,10,0.27713117332494497,0.00534613650317084,4.387072132879494,303.6588533492315,0.7615212595599359,"{""type"":""Point"",""coordinates"":[80.74378922410123,20.14394332203125]}"
1742,208.33182815527775,2025-04-01,280.05146040235246,637,0,10,0.38324948209529447,0.0031970910357941307,1.0535921306059561,301.036643527803,0.7715540776438421,"{""type"":""Point"",""coordinates"":[80.50607926760166,21.972645304146184]}"
1743,76.9704241957927,2025-04-01,287.2312525340489,380,0,40,0.2912524850894632,0.04670702140803229,4.106833530431242,300.37776029677616,0.5374113343548693,"{""type"":""Point"",""coordinates"":[83.86430258490913,22.233459135840487]}"
1744,346.3931300476568,2025-04-01,280.4364585422335,553,0,10,0.34536082474226804,0.006581204347561709,8.525001133089448,299.9012210482643,0.9133438860796717,"{""type"":""Point"",""coordinates"":[80.46771712187046,23.35435643931314]}"
1745,63.483968566667606,2025-04-01,292.007648785909,655,0,10,0.35479178032369524,0.04336573403353583,26.081593942171565,299.3718427930559,0.5987836057329243,"{""type"":""Point"",""coordinates"":[84.38517810877418,19.537086363162405]}"
1746,107.57336073670487,2025-04-01,290.0970914477394,149,0,10,0.2949602122015915,1.2034397597204816E-4,1.5355861570462443,303.86270495823453,1.790950174455727,"{""type"":""Point"",""coordinates"":[81.39082358759343,18.17267153161351]}"
1747,113.79159029867395,2025-04-01,291.3964485440935,442,0,10,0.6504499008693,0.0022856615113724388,15.689558359326698,300.8087324414934,1.1435282378233733,"{""type"":""Point"",""coordinates"":[83.61916802496717,19.1374743849617]}"
1748,180.0,2025-04-01,280.1676539012364,447,0,30,0.3582887700534759,0.004090892486523501,4.166350197281316,300.0209138961066,0.9934967406863255,"{""type"":""Point"",""coordinates"":[80.429829490495,23.548085339526416]}"
1749,138.3188959704701,2025-04-01,284.25133600689117,381,0,40,0.2226148409893993,0.004495429210614077,3.720336377566903,303.33393124171664,0.24738266779222645,"{""type"":""Point"",""coordinates"":[80.81970612131997,20.620156776772294]}"
1750,215.00725302567938,2025-04-01,290.8978378205072,124,0,30,0.2353202846975089,3.640226649750389E-4,1.6980393109571883,304.2033508845738,1.9609401294590227,"{""type"":""Point"",""coordinates"":[80.76247060596073,17.853236807625382]}"
1751,251.86137644930295,2025-04-01,286.83015855153405,858,0,10,0.49651810584958217,0.001346843652676455,13.169677317044174,299.05895914350236,0.8714565506809834,"{""type"":""Point"",""coordinates"":[82.73942797836924,18.845764781167418]}"
1752,139.86942339034212,2025-04-01,296.006189755031,21,0,10,0.39955419336862635,0.005223648958157412,3.0298634593274416,301.5976438068209,2.2936343615926305,"{""type"":""Point"",""coordinates"":[83.8453224183922,18.37764256365439]}"
1753,331.69437122186986,2025-04-01,285.83722700391496,255,0,40,0.22565033272837265,0.014551299028347842,1.0533326108274823,301.8648789723714,0.5994424675895677,"{""type"":""Point"",""coordinates"":[82.23125609553126,21.816340104101105]}"
1754,226.8357266741197,2025-04-01,286.53886972154885,550,0,10,0.4274891774891775,0.008754762225102297,9.405186886274054,301.3963207971482,0.5102865404927779,"{""type"":""Point"",""coordinates"":[83.8480179196418,20.29925861116427]}"
1755,224.58987272663754,2025-04-01,281.2701987766084,446,0,10,0.40854700854700854,0.01234798353190314,6.484082489579204,299.1196339016869,0.6770815390036874,"{""type"":""Point"",""coordinates"":[81.73634377961392,24.080205927853697]}"
1756,301.9177471956001,2025-04-01,284.91836307162333,299,0,40,0.7643026627998946,0.014921399168919436,1.7537337528171368,302.7071931929815,0.2875932741957042,"{""type"":""Point"",""coordinates"":[81.95406756097834,20.882679589412138]}"
1757,34.35796902579826,2025-04-01,281.86571007683165,447,0,10,0.5198511166253101,0.017775761299084536,8.915443144327712,299.04841459365116,0.6942679420995755,"{""type"":""Point"",""coordinates"":[82.26366992075339,23.903826671015565]}"
1758,6.889805677334317,2025-04-01,279.5815013249715,781,0,10,0.19003476245654694,0.007164435796688906,8.348546507450601,299.6363924117315,1.065503245408753,"{""type"":""Point"",""coordinates"":[80.66156168144329,23.139745093875682]}"
1759,340.5205789021585,2025-04-01,285.361152785165,671,0,10,0.5205865764241399,0.0029078743981827415,7.338130995737146,302.2257246289934,0.9106068165114011,"{""type"":""Point"",""coordinates"":[81.21859871849114,19.545068223820753]}"
1760,100.4024658857978,2025-04-01,282.0900694983346,460,0,30,0.2832009080590238,0.01912915926451575,2.5666340292255927,299.3632164909726,0.6834630606954994,"{""type"":""Point"",""coordinates"":[81.25241222563443,23.379708459558053]}"
1761,96.73845992221085,2025-04-01,286.05772667839415,782,0,30,0.5083716106089791,0.0011626653003204979,7.854896812100018,299.3002921513149,0.6837846654963488,"{""type"":""Point"",""coordinates"":[82.90739182019023,19.050915102247053]}"
1762,337.01632848384355,2025-04-01,285.793531644912,524,0,10,0.4547770700636943,0.003522174768399111,2.5170484561325313,301.98575183323453,0.9715229381131488,"{""type"":""Point"",""coordinates"":[81.2346359594731,19.422644488937745]}"
1763,-0.0,2025-04-01,284.865308988662,292,0,40,0.19232409381663113,0.006883921437214724,0.4637353428839794,302.7840858641125,0.2651906893493402,"{""type"":""Point"",""coordinates"":[81.41846750335317,21.313417735520826]}"
1764,46.91013416192327,2025-04-01,285.521082333156,324,0,40,0.21384136858475894,0.012661965899418703,1.357424739139417,302.86526843479703,0.16166103756139175,"{""type"":""Point"",""coordinates"":[81.43043305666544,20.698502494155733]}"
1765,295.4180991019011,2025-04-01,290.6434897922334,179,0,10,0.36746651785714285,2.458117532242454E-4,1.0803084893396546,304.4151777539934,1.9311525825327185,"{""type"":""Point"",""coordinates"":[81.0356667675021,18.113205459099948]}"
1766,207.83338834848215,2025-04-01,288.0977889923822,632,0,30,0.32436548223350253,0.0023272655534256614,3.1433362786566397,303.0328535352434,1.4358659221848866,"{""type"":""Point"",""coordinates"":[81.69545978935056,18.737979527079858]}"
1767,232.31338791498,2025-04-01,280.48949518657867,572,0,10,0.3584569732937685,0.006449135355900637,3.787321483390242,301.79231107802616,0.8271949056115269,"{""type"":""Point"",""coordinates"":[80.793473048164,22.025002795818146]}"
1768,301.3688954865862,2025-04-01,279.62676034654885,418,0,40,0.45726181729120746,0.0022224954890717186,1.7811909134986041,299.87910307021366,1.2274808761563851,"{""type"":""Point"",""coordinates"":[80.21860344932081,23.866746560425064]}"
1769,180.0,2025-04-01,285.32747300465905,284,0,40,0.4223260929337366,0.014698790721844546,0.9274099368611016,302.5913717179072,0.32057535267855314,"{""type"":""Point"",""coordinates"":[81.98286592477945,21.049919948317406]}"
1770,240.9772650681653,2025-04-01,283.76865255265005,354,0,40,0.3027405991077119,0.01185691576475989,2.865211811418792,301.0941735222226,0.9765055016812427,"{""type"":""Point"",""coordinates"":[82.89625856807397,22.37489266996228]}"
1771,332.26972363727464,2025-04-01,293.72613720666794,99,0,40,0.48757856929063154,0.009871902279805056,1.047720487223744,301.2368911561512,1.3462790981912367,"{""type"":""Point"",""coordinates"":[82.98105407948002,17.984293575408984]}"
1772,121.56199511893696,2025-04-01,283.4133872531709,480,0,10,0.25666906993511174,0.041732864789914004,3.5394495812213127,297.3478065672375,1.026632312656561,"{""type"":""Point"",""coordinates"":[83.95640491387176,22.863687254870737]}"
1773,90.0,2025-04-01,288.61990697043285,307,0,10,0.33771353482260186,0.004904317073773257,2.4510323006974293,303.13582275027323,1.0476127768889367,"{""type"":""Point"",""coordinates"":[80.8998351292553,19.013202616688087]}"
1774,67.25749567908828,2025-04-01,279.8160390853881,869,0,10,0.4731214731214731,0.003933357410382143,5.9761266330291205,298.7709720248268,0.9220336121055441,"{""type"":""Point"",""coordinates"":[80.9647630077459,22.749964629647852]}"
1775,90.0,2025-04-01,288.40401109059655,196,0,40,0.18696140876732859,0.007665800266217104,0.9880476568696898,303.05484363010953,0.8536121725770763,"{""type"":""Point"",""coordinates"":[83.45757320305727,20.17893548371176]}"
1776,6.731457192981377,2025-04-01,285.155103910537,573,0,30,0.3263681592039801,0.009156795554112307,8.345830154585276,302.0409683045887,0.5186507946488236,"{""type"":""Point"",""coordinates"":[82.53274497147801,19.715141615311268]}"
1777,90.0,2025-04-01,283.5012371880668,430,0,40,0.22094587602193935,0.029938223175953738,1.0116095851700329,298.5825942811512,0.9254198028963231,"{""type"":""Point"",""coordinates"":[82.82000268341409,23.544560971141905]}"
1778,358.2726424179859,2025-04-01,286.4496130716233,898,0,30,0.45940721649484534,0.001096921377133242,15.823513389686585,298.99591273353224,0.9419468164920894,"{""type"":""Point"",""coordinates"":[82.55487114325804,18.66333746337345]}"
1779,61.13717567126793,2025-04-01,280.82091027214415,509,0,30,0.24061124061124062,0.014414789490651003,5.744893622216012,299.58241989499044,0.7835707992062576,"{""type"":""Point"",""coordinates"":[81.03462495103628,23.27195052303679]}"
1780,107.60359096724076,2025-04-01,289.1272835050311,567,0,30,0.27990708478513354,0.0010587446021546043,6.110327742231764,300.2082569485619,0.9296098016308348,"{""type"":""Point"",""coordinates"":[82.0479238714888,17.849927029435097]}"
1781,270.0,2025-04-01,284.75993905748635,618,0,10,0.5707591377694471,0.008045988492916933,0.4920205671627334,301.9745794932047,0.8186659278020821,"{""type"":""Point"",""coordinates"":[82.41134117267296,19.522446491712003]}"
1782,143.91472180804521,2025-04-01,281.6681654339745,398,0,40,0.22527716186252772,0.011868389658879153,1.721008521948001,299.44336437043694,0.6473544373103378,"{""type"":""Point"",""coordinates"":[81.17315060572152,23.833945489685107]}"
1783,54.72364751570377,2025-04-01,287.53566101619174,202,0,30,0.26281863463228833,0.002904104404400698,2.407562896516013,304.1023057301839,0.9214919640117888,"{""type"":""Point"",""coordinates"":[80.37492984226155,19.39923546020113]}"
1784,260.2425789875963,2025-04-01,288.84202843620665,284,1,10,0.18277511961722487,0.003928171806286684,5.456108225497506,303.79445602780294,1.246121002280899,"{""type"":""Point"",""coordinates"":[80.50971073342191,18.949543475556244]}"
1785,295.0837377504877,2025-04-01,284.4402369090489,385,0,10,0.5355054302422724,0.006070884280156008,1.09375509490785,303.3436154865084,0.07321824263178983,"{""type"":""Point"",""coordinates"":[82.14848841173983,20.58057454299512]}"
1786,344.72162467656517,2025-04-01,282.5072128205073,590,0,10,0.394705174488568,0.021412568502377383,1.9222231152001392,299.01770519074944,0.6260511865551396,"{""type"":""Point"",""coordinates"":[82.17153858887262,23.765666121677466]}"
1787,90.0,2025-04-01,287.61587283724833,211,0,40,0.7369460908834321,0.035114812068890444,1.4970768456152264,301.60768844967794,0.26393800648613297,"{""type"":""Point"",""coordinates"":[83.11532017742515,21.706497981835753]}"
1788,318.88669575412473,2025-04-01,283.57738581157867,504,1,40,0.3114119922630561,0.023470195345829836,3.0746856159780926,298.78466133844285,0.77049489061263,"{""type"":""Point"",""coordinates"":[82.92198965730068,23.562071263758053]}"
1789,270.0,2025-04-01,288.0597728093465,265,0,10,0.36888201957753736,0.0012789837645996727,0.4896219179383411,303.26808302743086,1.4027391470635575,"{""type"":""Point"",""coordinates"":[81.91149621240446,18.715202312672975]}"
1790,160.40762547841365,2025-04-01,284.1402694611322,414,0,10,0.3017713365539452,0.002951728515576235,1.4764094914930148,303.33712250845764,0.36532281082654794,"{""type"":""Point"",""coordinates"":[80.64064706131579,20.527662374684088]}"
1791,90.0,2025-04-01,290.40492371150424,640,0,10,0.41882388149034866,0.01943065445895087,4.423612993008528,299.7560968853178,0.5999089117993287,"{""type"":""Point"",""coordinates"":[84.15766358492682,19.6723669624876]}"
1792,313.16150359944754,2025-04-01,285.0755431311471,249,0,10,0.2382388419782871,0.0013928882407654442,1.355614576325106,304.42801257542203,0.6777544000783823,"{""type"":""Point"",""coordinates"":[80.21209867313603,20.31507208625012]}"
1793,270.0,2025-04-01,284.71499393099833,260,0,40,0.40208794685226196,0.01723060231680762,2.0016549763837097,301.80182674952914,0.46363555702281856,"{""type"":""Point"",""coordinates"":[83.47774257290625,22.127423230460636]}"
1794,295.34721744753307,2025-04-01,289.0286623182751,345,0,10,0.32727272727272727,0.0015232585000504173,2.1654829913129805,304.0267325810024,1.3972428913080892,"{""type"":""Point"",""coordinates"":[80.49418943177251,18.66421719772192]}"
1795,107.20145431545801,2025-04-01,289.08485535212924,238,0,10,0.3925438596491228,0.02744105678076636,1.5677345164616086,301.5566456204369,0.2912011154518338,"{""type"":""Point"",""coordinates"":[84.32025982864275,21.760791728419115]}"
1796,336.6256658958462,2025-04-01,283.76932684580487,354,0,40,0.32285938727415553,0.010132955722760073,2.524397968176969,301.4506013961066,0.9071599579489494,"{""type"":""Point"",""coordinates"":[82.87481456832064,22.259339546426745]}"
1797,270.0,2025-04-01,287.6524474280221,745,0,10,0.478039824883491,0.021578105502079836,5.909668208450936,299.0866865430559,0.5281441379094335,"{""type"":""Point"",""coordinates"":[84.2976439505648,20.22766588933225]}"
1798,57.309406142280196,2025-04-01,287.6614166895548,1179,0,10,0.4493601462522852,0.0019052646684158958,20.538262722030037,298.17297281537736,0.7442916168399738,"{""type"":""Point"",""coordinates"":[82.56411100969248,18.23139245847333]}"
1799,203.11186448098212,2025-04-01,287.9490841002692,164,0,30,0.22708505367464904,0.0029692820834625877,2.51944253344311,303.87820207505,0.7214672311040435,"{""type"":""Point"",""coordinates"":[83.51213070274545,20.40590823109486]}"
1800,160.43179505792747,2025-04-01,287.7860969815936,166,0,40,0.28292682926829266,0.0045466296004761375,1.4761880760198898,303.31584739685064,0.7495591337088918,"{""type"":""Point"",""coordinates"":[83.33234528960875,20.32241642598363]}"
1801,252.8112959237269,2025-04-01,282.85762437184644,314,0,40,0.23042630259125105,0.006387280635784975,1.5688617300756071,302.3788821810768,0.7249011115654351,"{""type"":""Point"",""coordinates"":[81.30595887815484,21.87364169191268]}"
1802,331.3994018620653,2025-04-01,284.3602169127691,698,0,10,0.3959072305593452,0.002438040785740725,19.77515502765057,303.04043352036257,0.580856260134944,"{""type"":""Point"",""coordinates"":[81.18840637150979,19.85457428048627]}"
1803,318.58800352644494,2025-04-01,288.6114376158941,326,0,10,0.26223776223776224,0.004155205898236147,3.704926863953251,304.2383850642613,1.206170540404329,"{""type"":""Point"",""coordinates"":[80.29210651570925,19.12000741401693]}"
1804,27.92291751248438,2025-04-01,286.19999090830487,544,0,10,0.42988294698186824,0.0037570766734589256,2.0984582656912387,302.1700198763893,1.077964401259135,"{""type"":""Point"",""coordinates"":[81.53637811247377,19.365165706840866]}"
1805,313.30791459421135,2025-04-01,285.25628857385544,611,0,40,0.36246913580246914,0.006506728343914858,2.027434637061006,301.6751410166422,1.0683842301563284,"{""type"":""Point"",""coordinates"":[81.87796373570686,19.50468439432716]}"
1806,79.43276132893195,2025-04-01,283.3049539384388,373,0,40,0.34637514384349827,0.00510683875555884,2.527108992280522,303.21313394818986,0.23060825394576906,"{""type"":""Point"",""coordinates"":[80.6335540300075,21.129320162286998]}"
1807,-0.0,2025-04-01,286.6577545801798,277,0,40,0.3869625520110957,0.03413653593535315,2.3174627380815918,301.305709748041,0.39585248878204676,"{""type"":""Point"",""coordinates"":[82.91323472964037,21.470337842799815]}"
1808,251.5508494989537,2025-04-01,281.57132298605785,985,0,10,0.38738738738738737,0.03646396320338141,5.8412871488442955,297.48586809067496,0.546112887249197,"{""type"":""Point"",""coordinates"":[83.744677599237,23.447604277349754]}"
1809,350.14937672875203,2025-04-01,282.3179166430519,676,0,10,0.3977045908183633,0.04223270934100043,11.605741350800102,297.0809201740083,1.0265880831486287,"{""type"":""Point"",""coordinates"":[83.40729107524399,22.861229664012026]}"
1810,100.48008338145485,2025-04-01,283.430017880031,412,0,40,0.22303921568627452,0.011393415145825259,2.547860030351377,301.16718319484164,0.8598956831149273,"{""type"":""Point"",""coordinates"":[81.36591621340034,22.347231462270187]}"
1811,129.4084131876327,2025-04-01,283.31056917281376,336,0,10,0.4183637013219007,0.009830640964459292,5.823759317312737,301.18444742475236,1.0671904755358892,"{""type"":""Point"",""coordinates"":[82.81047503857836,22.427343539531865]}"
1812,156.02021554182946,2025-04-01,280.3061572029477,766,0,10,0.41497187364777155,0.008448409252117983,8.564046454509867,300.12880661374044,0.9132411872129002,"{""type"":""Point"",""coordinates"":[81.04448149750154,22.223114976777993]}"
1813,54.59650003965062,2025-04-01,288.56689939044776,508,0,30,0.25538574848094275,0.0018753431367386497,2.400048814621057,302.38796188717794,1.5398979359875178,"{""type"":""Point"",""coordinates"":[81.39674799649652,18.61696621255241]}"
1814,207.98178021922254,2025-04-01,289.24945844922746,350,0,40,0.27166921898928026,0.014039935879658572,2.0996015391987255,300.935098466419,0.9846073541468677,"{""type"":""Point"",""coordinates"":[83.64925430929833,19.765158101366634]}"
1815,300.0140741478069,2025-04-01,285.7605203446888,442,0,10,0.3391488236849062,0.01950091343397986,30.908653916122617,303.4725042978922,0.14706104793857822,"{""type"":""Point"",""coordinates"":[82.69451677241564,20.483247815820967]}"
1816,294.8842200008105,2025-04-01,285.8903624670846,250,0,40,0.736061684460261,0.014111744575451723,1.101957536036681,301.6061712900797,0.5195622856758972,"{""type"":""Point"",""coordinates"":[82.54276740707463,21.921317932536073]}"
1817,90.0,2025-04-01,281.8952743439447,548,0,10,0.4455774247095091,0.0101895652341355,2.0122917053614393,299.2681469690232,0.8630611372105876,"{""type"":""Point"",""coordinates"":[82.87281421536704,22.861880518190784]}"
1818,321.56879153970897,2025-04-01,288.26451960064117,374,0,30,0.25258086717136957,0.004381167106579653,2.366649560207031,302.78016798836853,1.1976040715038643,"{""type"":""Point"",""coordinates"":[81.2822645430293,19.054461097628586]}"
1820,72.86351917948589,2025-04-01,283.89540804000126,296,0,60,0.05128205128205128,0.0065068922566879905,1.5734964211698603,302.03414399283275,1.093978631288424,"{""type"":""Point"",""coordinates"":[82.6497913515643,22.330275776290808]}"
1821,124.82618086030989,2025-04-01,288.90856256939117,231,0,40,0.16481523464067105,0.039947944097470156,2.434646134566712,301.1527323949905,0.20005316658914543,"{""type"":""Point"",""coordinates"":[84.05954796505797,21.937571853348885]}"
1822,46.654589930929916,2025-04-01,288.10449704669776,198,0,10,0.26428027418126426,0.003918098621319643,0.6755935269174232,304.2027754102434,0.9684409682185579,"{""type"":""Point"",""coordinates"":[80.42292600974892,19.29183175989486]}"
1823,188.59674073983837,2025-04-01,286.13118394215905,605,0,10,0.3839128907622058,0.0015771709012497581,3.2795181488706584,301.4786833808535,1.0943057229109217,"{""type"":""Point"",""coordinates"":[82.43482672716709,19.09816064135124]}"
1824,245.27854271102797,2025-04-01,280.7133721397037,686,0,30,0.18763102725366876,0.00783150117869269,3.322936463257591,298.6419553302582,0.881856475264465,"{""type"":""Point"",""coordinates"":[81.10914262343066,22.955685820201595]}"
1825,90.0,2025-04-01,286.10024202437626,524,0,10,0.5862068965517241,0.0014842174577225364,1.470703222619779,302.5052017030262,1.2285034422834102,"{""type"":""Point"",""coordinates"":[82.18718179222505,18.95761942949416]}"
1826,122.13584715830301,2025-04-01,284.88541571299237,729,0,10,0.28978388998035365,0.0024121872710693992,15.317112154848953,302.0705151330857,0.8635580186189791,"{""type"":""Point"",""coordinates"":[81.13685448017564,19.566097439193804]}"
1827,-0.0,2025-04-01,283.3049539384388,386,0,40,0.20659453889747553,0.00510683875555884,0.0,303.21313394818986,0.23060825394576906,"{""type"":""Point"",""coordinates"":[80.5797906178513,21.095411194700905]}"
1828,270.0,2025-04-01,287.9490841002692,175,0,40,0.2795994993742178,0.0029692820834625877,1.4836287553027407,303.87820207505,0.7214672311040435,"{""type"":""Point"",""coordinates"":[83.45830466416511,20.361892354895474]}"
1829,347.8526017492839,2025-04-01,289.4657031013852,210,0,10,0.3940774487471526,0.035096424035977236,2.370480464253982,301.2863819485619,0.23375140418369325,"{""type"":""Point"",""coordinates"":[84.09793777383143,21.694642790481975]}"
1830,144.28535652254126,2025-04-01,283.70330424535837,270,0,40,0.22486952575448152,0.008889036588620058,1.7129732893492013,302.5248433975947,0.8448735308775908,"{""type"":""Point"",""coordinates"":[81.90930946703197,21.98718431254219]}"
1831,227.32082717546797,2025-04-01,283.5238201958793,575,0,10,0.44583808437856326,0.026989670805882326,4.777588234838538,298.49145426068986,1.1257210289453696,"{""type"":""Point"",""coordinates"":[82.24091127068202,22.76488997479229]}"
1832,173.7946762663925,2025-04-01,279.3300306683495,645,0,30,0.17337192474674384,0.008053260259579531,4.654519909898655,299.860379809425,1.0913875334050833,"{""type"":""Point"",""coordinates"":[80.35915377971588,23.114787541849445]}"
1833,164.84078542951474,2025-04-01,284.4104110626948,366,0,10,0.2701020662185711,0.017952235751103274,3.83796326335383,300.04213669186544,1.104948861713002,"{""type"":""Point"",""coordinates"":[82.53096967074163,22.668954909228823]}"
1834,116.65698228725324,2025-04-01,283.37510949089415,948,0,10,0.453392990305742,0.045825826339672915,12.215306421826579,297.0555237361363,1.0834493218564125,"{""type"":""Point"",""coordinates"":[83.87758490882435,23.02352641319198]}"
1835,169.77210048360334,2025-04-01,280.2459765388852,508,0,30,0.26045197740112996,0.0038212708758820213,2.8251106010425975,300.7138605571928,0.8850528451232034,"{""type"":""Point"",""coordinates"":[80.57769730167757,22.52514087453414]}"
1836,180.0,2025-04-01,285.3636755716233,566,0,30,0.22276879831342233,0.0033517650889862693,0.4637353428839794,302.30915678115116,0.9621931195834496,"{""type"":""Point"",""coordinates"":[81.54720086721605,19.538403079941773]}"
1837,312.8332998013666,2025-04-01,283.70330424535837,254,0,40,0.33377250768555117,0.008889036588620058,2.0454648238457835,302.5248433975947,0.8448735308775908,"{""type"":""Point"",""coordinates"":[81.92633609801634,22.01464972640163]}"
1838,37.889522267066,2025-04-01,286.0366143272036,814,0,40,0.5225851285615011,0.01136572878832709,8.745697596669448,299.72195207504996,0.6399781613865186,"{""type"":""Point"",""coordinates"":[83.09305670927517,19.547704214918497]}"
1839,114.91192546807952,2025-04-01,290.1741875693912,188,0,40,0.3100558659217877,0.04344055276389014,1.1008103808188379,301.50582949320477,0.2907365286135601,"{""type"":""Point"",""coordinates"":[83.70423617618341,21.739317081161566]}"
1840,183.1926776351609,2025-04-01,286.99794128962924,1167,0,30,0.29739776951672864,0.013792978935192934,17.12122717170532,299.3620655423119,0.8006930669851295,"{""type"":""Point"",""coordinates"":[83.05873396959724,19.34375086055426]}"
1841,267.3010080075923,2025-04-01,291.05162316276915,316,0,10,0.293566408361867,0.004517527632664553,18.971462384468087,301.08093179975236,0.8585327300155952,"{""type"":""Point"",""coordinates"":[83.76134743760036,19.469090723846172]}"
1842,133.0260567200615,2025-04-01,284.91652620406376,318,0,40,0.4091174751607247,0.013940887861203066,2.0380867846616875,302.6958057766869,0.34681177770784094,"{""type"":""Point"",""coordinates"":[82.53880294765943,21.034217268354755]}"
1843,127.65111995850636,2025-04-01,286.2125699633644,326,0,10,0.35065693430656936,0.04243214648241889,3.7903527201109437,300.4468520936512,0.5633447733636398,"{""type"":""Point"",""coordinates"":[83.77851276688259,22.205546306274492]}"
1844,133.0710715508735,2025-04-01,283.78966608501617,366,0,40,0.17787713841368585,0.005920769982289187,0.6790457473320245,303.15945207505,0.2227896288061,"{""type"":""Point"",""coordinates"":[80.56564785244348,20.798075749292643]}"
1845,357.2508765502383,2025-04-01,286.72992138635544,867,1,40,0.36710875331564985,0.0011678956078995384,10.107969734765998,299.3295076461066,0.9588012215175404,"{""type"":""Point"",""coordinates"":[82.63174994041366,18.806595975809884]}"
1846,294.9355371251134,2025-04-01,287.7688211259388,230,0,40,0.6604688763136621,0.0403830729054917,1.0998348172739696,301.70015380496073,0.24011815959791663,"{""type"":""Point"",""coordinates"":[83.25128163035816,21.584423682453007]}"
1847,152.17352649518017,2025-04-01,294.5067129135132,46,0,80,-0.2556131260794473,0.003402846269558779,1.0486472984929236,301.5895929790678,1.2437918108388275,"{""type"":""Point"",""coordinates"":[83.92645819972078,18.688876024010217]}"
1848,263.3416647335866,2025-04-01,290.32135786328996,157,0,10,0.43705463182897863,0.017287047915409914,3.9931043980912326,302.37219156537736,0.5629577919625116,"{""type"":""Point"",""coordinates"":[84.26779712352125,20.951221862654407]}"
1849,278.86663459311694,2025-04-01,284.3172656013852,386,0,10,0.269185360094451,0.006644936613987795,3.005935133074775,303.211680730184,0.20137532211188186,"{""type"":""Point"",""coordinates"":[81.00025287905407,20.610325560342158]}"
1850,46.8643504379011,2025-04-01,287.8541075842721,154,0,40,0.6474599386293897,0.00705272179121863,0.6782285392191871,303.70018868219285,0.5835661219857922,"{""type"":""Point"",""coordinates"":[83.4748353117723,20.45376302486305]}"
1851,142.75726507835378,2025-04-01,285.19007996150424,407,0,40,0.20242290748898678,0.004375340752552859,4.070896202000266,302.7860273633684,0.5136942038472924,"{""type"":""Point"",""coordinates"":[81.17590580091981,20.018447838447067]}"
1852,236.10494358729497,2025-04-01,284.3399648666381,477,0,10,0.36650082918739635,0.001699062399815432,4.150582606516236,302.2611250196184,0.7288832583383971,"{""type"":""Point"",""coordinates"":[81.023504881101,19.849473078235015]}"
1853,107.55950099041512,2025-04-01,293.5543028967721,99,0,40,0.3061740890688259,0.005016180090855471,3.0713109142067503,302.09151703970775,1.2447466790036794,"{""type"":""Point"",""coordinates"":[83.28895948412408,18.318892731909575]}"
1855,196.20191665084712,2025-04-01,287.86500671931674,1182,0,30,0.29127432517263024,0.0032899252700318016,13.735508211204062,298.57428768702914,0.6962313295246695,"{""type"":""Point"",""coordinates"":[82.70920603901504,18.303646039545974]}"
1856,144.8305288187711,2025-04-01,286.50746277400424,853,0,30,0.24255096706743334,0.0019497893380631126,5.092304096303631,298.9400510333833,0.6220220928572556,"{""type"":""Point"",""coordinates"":[82.88521404583048,18.891604497254313]}"
1857,121.68080693659091,2025-04-01,287.6967473257156,263,0,10,0.346103989629843,0.04145945828432929,1.765462710150721,300.79774030049646,0.3631228442810516,"{""type"":""Point"",""coordinates"":[84.27026425313211,22.222114031495664]}"
1858,46.764488620063545,2025-04-01,287.09435358501617,970,0,30,0.34194803390301515,0.018935235552739016,6.070203202703683,298.22804977780294,0.6651667838585342,"{""type"":""Point"",""coordinates"":[84.13516006627992,19.909836382840634]}"
1859,308.364558681021,2025-04-01,288.6324569611322,589,0,10,0.4030362389813908,0.011097507886837832,29.281553583985282,302.6609982990083,0.8882063057013722,"{""type"":""Point"",""coordinates"":[83.52602512954543,20.139985018912252]}"
1860,15.038341700568838,2025-04-01,284.35338678814117,274,0,40,0.1995976433395603,0.004187615923832766,1.9200443365768616,302.91645077296664,0.4269256881697354,"{""type"":""Point"",""coordinates"":[81.36790403889152,21.483378765241362]}"
1861,132.96395013334288,2025-04-01,287.30172779446553,239,0,40,0.12914532218926936,0.034046890549610964,0.6804075851635899,301.7665891193208,0.37553562735041685,"{""type"":""Point"",""coordinates"":[83.11504124679705,21.355444593787293]}"
1862,25.82265809500355,2025-04-01,287.0216636203584,785,0,10,0.5216386878176498,0.0011476598309982933,12.177782613581055,302.97786376589823,1.3073235325989159,"{""type"":""Point"",""coordinates"":[81.97879081903876,18.710834414282008]}"
1863,162.86275627066195,2025-04-01,288.57093933650424,684,0,10,0.22761970853573907,0.009563239626835696,14.711950113143406,298.8919204530262,0.785789784285886,"{""type"":""Point"",""coordinates"":[84.03276853631698,19.689555470652234]}"
1864,171.80089592603215,2025-04-01,286.83015855153405,833,0,30,0.2813801308744795,0.001346843652676455,10.198666773323119,299.05895914350236,0.8714565506809834,"{""type"":""Point"",""coordinates"":[82.67552698025095,18.843264328463224]}"
1865,121.87024730581912,2025-04-01,285.4187467211769,297,0,40,0.2933037462472262,0.00966701131338965,1.7560701760874329,302.64211809067496,0.25566195075608145,"{""type"":""Point"",""coordinates"":[81.5076939773671,21.15879760181185]}"
1866,127.59057384739897,2025-04-01,285.41583447229294,416,0,40,0.22622510628776013,0.044712396674107424,3.795538268097898,299.5637315114339,0.7168198826979818,"{""type"":""Point"",""coordinates"":[84.18385548462511,22.510147086059465]}"
1867,19.365441296668585,2025-04-01,287.66910130637035,957,0,40,0.2232870148538572,0.011648895554493777,5.877967568001217,298.2758955274309,0.7617123899369274,"{""type"":""Point"",""coordinates"":[82.8180218982166,18.490628631897074]}"
1868,312.59648654209116,2025-04-01,281.65281945183165,495,0,40,0.4192644483362522,0.015090631656597964,1.3700826106642279,299.29270635332387,0.6738899321741185,"{""type"":""Point"",""coordinates"":[81.43569205882946,23.15653885485897]}"
1869,332.22188168554857,2025-04-01,293.5543028967721,98,0,40,0.19251187482537022,0.005016180090855471,2.095660555839264,302.09151703970775,1.2447466790036794,"{""type"":""Point"",""coordinates"":[83.33255266549072,18.338576433893188]}"
1870,215.33491145539796,2025-04-01,284.3602169127691,387,0,10,0.37392138063279,0.002438040785740725,3.406769951014986,303.04043352036257,0.580856260134944,"{""type"":""Point"",""coordinates"":[81.17641777123409,19.88899646080689]}"
1871,76.73699739628712,2025-04-01,290.23113046373646,394,0,10,0.4683389415723463,0.02056271057600867,2.020532745619041,300.1671599433535,1.013258525549513,"{""type"":""Point"",""coordinates"":[83.53562787636217,19.46692512050061]}"
1872,270.0,2025-04-01,283.31056917281376,327,0,30,0.1833633273345331,0.009830640964459292,1.5039383704214304,301.18444742475236,1.0671904755358892,"{""type"":""Point"",""coordinates"":[82.79776255243893,22.354308778027136]}"
1873,312.6842819152063,2025-04-01,284.2474181311471,469,0,30,0.23751937984496124,0.03743617456431281,4.777128426467412,299.20412399655294,0.9499968535231403,"{""type"":""Point"",""coordinates"":[83.92558740889457,22.74076148698354]}"
1874,79.64128271539113,2025-04-01,281.86571007683165,458,0,40,0.22814625012318912,0.017775761299084536,2.577340312504917,299.04841459365116,0.6942679420995755,"{""type"":""Point"",""coordinates"":[82.3308873647321,23.943240401083283]}"
1875,115.09037836086343,2025-04-01,284.11760507311135,439,0,10,0.38083182640144664,0.0024749807643402733,1.0934844168611821,303.57620012192496,0.39015379069406586,"{""type"":""Point"",""coordinates"":[80.5088780837644,20.53480464573902]}"
1876,208.64742038834865,2025-04-01,282.43586562928704,391,0,30,0.30654450261780103,0.014543669633816592,1.0567457217552865,299.1435364314488,0.8291291949443903,"{""type"":""Point"",""coordinates"":[82.95939386770479,23.756958565112633]}"
1877,316.08001211293595,2025-04-01,285.8547935031709,723,0,30,0.41060046964106006,0.001448260955761782,13.885531610236901,300.3364889054072,0.7299823617998741,"{""type"":""Point"",""coordinates"":[82.91997137184757,19.261352743784364]}"
1878,160.45868801243645,2025-04-01,285.84394087110246,409,0,10,0.2426243945398503,0.012084352188061587,2.949927980807223,303.2337522052583,0.16018223388720051,"{""type"":""Point"",""coordinates"":[82.39222034416544,20.089982769978324]}"
1879,274.76335872215975,2025-04-01,282.5106540407453,690,0,10,0.38182663258191957,0.03154854696268927,5.566981159530404,298.38586344037736,0.8433958578249935,"{""type"":""Point"",""coordinates"":[82.33227299562293,23.564409830605342]}"
1880,303.84245488670786,2025-04-01,283.3669307799566,573,0,10,0.36031892057651027,0.003773572258900515,4.156243940952273,302.80403564089823,0.2766173628451265,"{""type"":""Point"",""coordinates"":[81.92722744539788,20.161856153454437]}"
1881,142.31926259014278,2025-04-01,283.76742603665303,263,0,30,0.24124124124124124,0.013169186525296084,4.094731705576094,301.5783741360619,0.8918681158829084,"{""type"":""Point"",""coordinates"":[83.09764697792153,22.3586020362976]}"
1882,259.48143083342467,2025-04-01,279.81003438858755,573,0,10,0.27897779129905687,0.0011607579516876854,2.538654284560513,302.22909028189525,0.6453504416443888,"{""type"":""Point"",""coordinates"":[80.57172207658182,21.817409957828453]}"
1883,323.28910050740166,2025-04-01,282.7970716839744,775,0,10,0.7143261207749965,0.07218906503195655,29.92015925019002,296.9596462249756,0.7569938204427951,"{""type"":""Point"",""coordinates"":[84.19752513602833,23.425648262871636]}"
1884,72.75630527076879,2025-04-01,291.44757856641496,158,0,30,0.22648902821316613,0.03377108495707404,1.5640122511959376,302.030563263666,0.35813832761096276,"{""type"":""Point"",""coordinates"":[83.89581862284795,21.38290725681229]}"
1885,144.01000390967906,2025-04-01,281.7908984138852,552,0,40,0.49683877766069545,0.025211738758038393,1.7189287810643359,298.71967342921664,0.5599890977055133,"{""type"":""Point"",""coordinates"":[83.35028919453032,23.375764168205286]}"
1886,10.021645143535913,2025-04-01,285.3335416430519,571,0,40,0.17866298560441726,0.006010907106350771,2.8232980518207853,301.89981433323453,1.1366672147442685,"{""type"":""Point"",""coordinates"":[81.99326088944593,19.41566363141946]}"
1887,270.0,2025-04-01,282.1312827609835,230,0,40,0.2727272727272727,0.006813275031994692,0.5076779740653207,299.7407741546631,0.9341716734854072,"{""type"":""Point"",""coordinates"":[83.95810190080135,24.015328489808585]}"
1888,304.36558948132006,2025-04-01,280.0793912524269,733,0,10,0.3655193895031926,0.004352512173603884,16.001702251643533,300.0609878358387,0.8632591632931005,"{""type"":""Point"",""coordinates"":[80.93928804043703,22.606084620560726]}"
1889,-0.0,2025-04-01,282.18383112407867,491,0,10,0.3426395939086294,0.023075702004383913,1.390963080774087,298.9650696345738,0.8177099130226165,"{""type"":""Point"",""coordinates"":[83.65425045980926,23.72107925105911]}"
1890,256.8847845068258,2025-04-01,287.42087423233755,238,0,40,0.5428571428571428,0.031556608490895144,2.0428762118683825,302.0864772796631,0.3157843293066726,"{""type"":""Point"",""coordinates"":[83.2801442117872,21.258889044668244]}"
1891,308.16943450031414,2025-04-01,282.17846003032867,434,0,10,0.3690066225165563,0.01905894499297034,4.4932290083978295,299.40233711969285,0.6754425837782101,"{""type"":""Point"",""coordinates"":[81.11049984125101,23.498160862690927]}"
1892,280.36503412479385,2025-04-01,280.28197565532867,375,0,40,0.45908028059236167,0.0022870771216858543,2.5757888342626885,299.95404842921664,1.2145390689113704,"{""type"":""Point"",""coordinates"":[80.53697002348615,23.862633701487415]}"
1893,46.439321536554736,2025-04-01,296.32762995220367,23,0,40,0.41508957860206913,0.0015815965461243309,2.0180175471185064,301.4627735501244,3.679847379615824,"{""type"":""Point"",""coordinates"":[83.46839146989757,18.01449994641253]}"
1894,205.12363861495984,2025-04-01,288.9414576121739,454,0,10,0.3717115444134943,0.0018962345647324241,4.599919504956362,303.31352224804107,1.5464142192473544,"{""type"":""Point"",""coordinates"":[81.48476985557721,18.59963135388686]}"
1895,72.87143380287185,2025-04-01,280.7326301847185,494,0,10,0.32580152671755724,0.0021080694722641624,1.574201329566622,301.48859432765414,0.9914381282322287,"{""type"":""Point"",""coordinates"":[80.40813920448497,22.39828834995264]}"
1896,14.66734313732006,2025-04-01,281.0303945541382,895,0,10,0.49591451917033313,0.021514730863522402,13.638097966190454,298.63090506054107,0.9898526694607296,"{""type"":""Point"",""coordinates"":[81.37487265163146,22.746496803529542]}"
1897,20.054547710106796,2025-04-01,280.15329029446553,346,0,40,0.39506880733944955,0.002890991382550112,1.4807070025617084,299.30999383472266,1.2167298107689508,"{""type"":""Point"",""coordinates"":[80.35280691724532,24.060176963570758]}"
1898,324.5379927957393,2025-04-01,285.6182735533941,272,0,50,0.35714285714285715,0.012856724076222292,1.7075798535430378,303.10156749543694,0.10773408412289927,"{""type"":""Point"",""coordinates"":[82.9249168750937,20.61880387271662]}"
1899,188.55381935027944,2025-04-01,290.06400458017987,186,0,40,0.2842276422764228,3.3869069094549786E-4,3.2791485136316125,302.4854146866572,0.7481487021981322,"{""type"":""Point"",""coordinates"":[81.9913878790532,18.236375326186803]}"
1900,199.82172704053852,2025-04-01,280.1205580120995,646,0,40,0.24216171617161716,0.006409349255513064,1.478526981427571,300.57142194112146,0.9046711484798398,"{""type"":""Point"",""coordinates"":[80.82282582102091,22.367080847364576]}"
1901,132.66812123694882,2025-04-01,283.81862000056674,426,0,30,0.2590750870213824,0.010254295878361575,4.778583288068905,299.97742198762444,0.964330499148239,"{""type"":""Point"",""coordinates"":[82.673013047571,22.817431224721375]}"
1902,227.15808619939367,2025-04-01,286.2087276549566,287,0,10,0.3801030519223147,0.022151427679013125,1.3637440606836204,301.82285772051137,0.33603063629201985,"{""type"":""Point"",""coordinates"":[83.50313293575832,21.971863949190464]}"
1903,270.0,2025-04-01,289.20520505451026,285,0,40,0.25640482744018633,8.376162524115216E-5,1.4655284419714167,303.1178609757197,0.8796758730169191,"{""type"":""Point"",""coordinates"":[82.14838108668577,18.359740355167375]}"
1904,90.0,2025-04-01,283.7846379507156,317,0,40,0.1619733220410756,0.007031517438839785,1.0023703261830246,301.7406985873268,1.0677925180343804,"{""type"":""Point"",""coordinates"":[82.5101147750644,22.301266162379697]}"
1905,226.77696360197018,2025-04-01,286.3394242695399,237,0,40,0.3375893769152196,0.007968532257031313,3.3818607335454955,303.4505897703625,0.277656912992677,"{""type"":""Point"",""coordinates"":[82.82408325552254,19.978822485281302]}"
1906,332.17786676279894,2025-04-01,289.32065450577505,147,0,10,0.3627972027972028,0.002294944934796206,2.0965087775831,304.1172041211809,1.3402847983377226,"{""type"":""Point"",""coordinates"":[80.62450068056849,18.65786661320694]}"
1907,204.5364853386387,2025-04-01,291.3387848536173,696,0,10,0.46231233555177215,0.00672938149447333,24.406857277987267,299.37678954714823,1.0364197762373946,"{""type"":""Point"",""coordinates"":[84.07130151461112,19.097112619742404]}"
1908,294.7240487303409,2025-04-01,281.42862279074535,644,0,10,0.23878699836571637,0.03956508856291663,8.800376585367427,297.5085615430559,1.028587165529197,"{""type"":""Point"",""coordinates"":[81.73370094768538,22.939701291673053]}"
1909,180.0,2025-04-01,286.7052748089745,237,0,10,0.2928660826032541,0.0014047048615921653,0.4637353428839794,303.85743268330896,0.8627454437915363,"{""type"":""Point"",""coordinates"":[80.60843693847899,19.526124368747706]}"
1910,90.0,2025-04-01,286.0991782687959,561,0,10,0.44118574582150744,0.002237888388584963,0.49049372381042333,302.8534218016125,1.3335719986291548,"{""type"":""Point"",""coordinates"":[82.14280852242595,19.01339139078689]}"
1911,227.4116897186861,2025-04-01,281.6957068216233,459,0,30,0.21352235550708834,0.012662770562123171,2.05495323475577,298.7989028749012,1.065892722983603,"{""type"":""Point"",""coordinates"":[82.22055567176635,23.194926993068446]}"
1912,133.20514886998797,2025-04-01,285.45031061626617,367,0,10,0.2626417407293901,0.004984753541897646,2.0312998193783605,303.645536059425,0.7255565344951883,"{""type"":""Point"",""coordinates"":[80.82578853475046,20.07686987270481]}"
1913,285.5293330440164,2025-04-01,288.26451960064117,494,0,10,0.455456570155902,0.004381167106579653,8.595568061550612,302.78016798836853,1.1976040715038643,"{""type"":""Point"",""coordinates"":[81.32670879301146,19.130071440798076]}"
1914,270.0,2025-04-01,281.3458591188703,745,0,40,0.1920112123335669,0.01969300430292975,2.0119220700700686,299.2994841621035,0.9339459741845476,"{""type"":""Point"",""coordinates"":[81.41049274659265,22.836085738773427]}"
1915,90.0,2025-04-01,287.5426248368763,223,0,40,0.5512980702485075,0.037553089075039736,0.4988402248355395,301.44018472943986,0.2992387306691622,"{""type"":""Point"",""coordinates"":[83.0568585386376,21.624231525956734]}"
1916,208.19497758758888,2025-04-01,285.9804677963256,298,0,50,0.17346042894769848,0.015022429041813723,1.0522403806709522,302.33062371753516,0.15642465134260752,"{""type"":""Point"",""coordinates"":[81.32855738752347,21.141159693430584]}"
1917,263.39082172718656,2025-04-01,280.2563525154477,593,0,30,0.32737955346651,0.003845157437275759,4.022573832751569,301.51891426813035,0.7747526013879883,"{""type"":""Point"",""coordinates"":[80.63752373819617,22.039135786071057]}"
1918,313.03924744255744,2025-04-01,285.91731675465905,311,1,40,0.17688926104249528,0.021223428063343874,0.6794495107847704,302.2922180720738,0.2202676803222332,"{""type"":""Point"",""coordinates"":[81.69419699723397,20.964977079161443]}"
1919,160.6307767125024,2025-04-01,292.52547105153405,181,0,40,0.3343204027243115,0.010805743150662295,1.4743777002588832,301.9298901330857,0.8456887790703871,"{""type"":""Point"",""coordinates"":[83.15433482235399,18.52654321585571]}"
1920,221.81074101073455,2025-04-01,282.57029992058165,476,1,10,0.29779785431959344,0.023976685814808718,13.436206705483137,298.56814929417203,0.7190617824035133,"{""type"":""Point"",""coordinates"":[82.38430084016883,23.830617979613386]}"
1921,270.0,2025-04-01,281.7617759250459,550,0,10,0.5318822023047375,0.02138707261557471,1.0099276822291463,298.6835115523566,0.7050973360993188,"{""type"":""Point"",""coordinates"":[83.23175202436222,23.32426279760261]}"
1922,115.20819291553445,2025-04-01,292.471765926906,113,0,40,0.47002200220022,0.03364213030810248,1.0887067722779378,300.4546820322672,0.43767841281200304,"{""type"":""Point"",""coordinates"":[84.38389181249516,19.69892435103599]}"
1923,218.3880867657057,2025-04-01,288.65347049349833,339,0,10,0.42922513727882855,0.0036914519595612205,9.38158425394916,302.8713196345738,1.2282168503017044,"{""type"":""Point"",""coordinates"":[80.94946567731475,18.79694991694521]}"
1924,-0.0,2025-04-01,287.51316520145957,216,0,80,0.07472959685349066,0.0022772870587814964,1.3909630807829783,303.99628475734164,0.901565299307033,"{""type"":""Point"",""coordinates"":[80.59839553796603,19.33293122207287]}"
1925,126.80079056789572,2025-04-01,285.8612864812215,340,0,40,0.3806679337496606,0.01841756921286475,3.093608887307104,302.5321559906006,0.1671782627240144,"{""type"":""Point"",""coordinates"":[82.81657410628105,20.747771827715543]}"
1926,324.0109172029025,2025-04-01,282.66792710622155,510,0,30,0.27076167076167074,0.02755716662878882,1.7189088937268955,298.76562418256486,0.8600722051397159,"{""type"":""Point"",""coordinates"":[82.90033978529502,23.371208682311853]}"
1927,227.13513100252285,2025-04-01,284.21649946485246,264,0,40,0.2826221397649969,0.012069734148930422,0.6816742033049052,302.625510715303,0.794521670820441,"{""type"":""Point"",""coordinates"":[81.81725046553849,21.857222290675672]}"
1928,313.35210063321824,2025-04-01,288.10449704669776,190,0,10,0.28878597419781676,0.003918098621319643,2.0257792456639243,304.2027754102434,0.9684409682185579,"{""type"":""Point"",""coordinates"":[80.44507745181718,19.25294601084229]}"
1931,58.57616231679545,2025-04-01,282.3551248368763,396,0,40,0.20459339114131708,0.01579886894698035,1.7783963163756404,299.30641891842794,0.6536560228252974,"{""type"":""Point"",""coordinates"":[81.23905427310991,23.585484119123496]}"
1932,12.99702843258248,2025-04-01,280.83566915421255,456,0,10,0.2829983704508419,0.0032642058658112205,6.6333380846423315,302.607461747669,0.6674156661260578,"{""type"":""Point"",""coordinates"":[80.99866920310862,21.81408406786874]}"
1933,343.1804955260285,2025-04-01,287.5133105232602,605,0,40,0.25421722403077834,0.0050858728217590965,3.3873422790006336,302.0179260798863,1.2476490687352417,"{""type"":""Point"",""coordinates"":[81.4722750324831,19.062158810189885]}"
1934,90.0,2025-04-01,286.3394242695399,250,0,40,0.2663594470046083,0.007968532257031313,0.4935838752363242,303.4505897703625,0.277656912992677,"{""type"":""Point"",""coordinates"":[82.82692615412586,20.028801522687804]}"
1935,137.01569950238596,2025-04-01,286.08339050837924,291,0,10,0.2134743439091265,0.011985170059155337,5.058257339143418,303.6206569671631,0.10551002044279359,"{""type"":""Point"",""coordinates"":[82.74418412977828,20.14247667408532]}"
1936,47.189948212561305,2025-04-01,283.3317977814447,268,0,40,0.7743467933491687,0.006105007939289919,1.364562221723612,302.5015744708833,0.9221821564176236,"{""type"":""Point"",""coordinates"":[82.00953788255791,22.129496030460675]}"
1937,270.0,2025-04-01,283.7611132576352,274,0,40,0.6715242221346986,0.006747993044804446,1.0014648919909208,301.8392558324905,0.9076025660908685,"{""type"":""Point"",""coordinates"":[82.19144295188352,22.174840735267033]}"
1938,133.42513435009877,2025-04-01,289.05585493360246,116,0,10,0.20774282751469064,0.0024244062232483543,0.6745997575141732,304.4526126498268,1.3836377680324543,"{""type"":""Point"",""coordinates"":[80.43202269422277,18.829018433910058]}"
1939,283.3259343993785,2025-04-01,289.207594144912,310,0,10,0.6635148353439844,0.003145801238964907,6.0138070829638215,303.6172796885172,1.2937431417083511,"{""type"":""Point"",""coordinates"":[80.83432096643794,18.65321309879064]}"
1940,324.61989947369256,2025-04-01,283.81525434766496,638,0,30,0.2546816479400749,0.005612032823513857,1.7058456427168722,302.37284841991607,0.3788333649002345,"{""type"":""Point"",""coordinates"":[81.25632323396603,20.1520660555602]}"
1941,-0.0,2025-04-01,290.8742259343465,63,0,60,0.11907810499359796,4.344753550995506E-4,0.463735342881014,304.43349411374044,1.7849264295159668,"{""type"":""Point"",""coordinates"":[80.70046205851197,18.136446817641446]}"
1942,75.8737778516005,2025-04-01,287.2020370392573,313,0,10,0.26474622770919065,0.014771597795437685,13.06946850166634,302.893838700794,0.050398861787095614,"{""type"":""Point"",""coordinates"":[83.07370801539572,20.809293306258667]}"
1943,45.142878881063226,2025-04-01,285.21185498010544,718,0,10,0.4475100942126514,0.0027201644706238426,12.299577717705647,301.78934070042203,0.9184923221319027,"{""type"":""Point"",""coordinates"":[81.08811879932529,19.497464546968295]}"
1944,343.0466704559755,2025-04-01,287.9490841002692,169,0,40,0.1551094890510949,0.0029692820834625877,3.389739263873773,303.87820207505,0.7214672311040435,"{""type"":""Point"",""coordinates"":[83.53671972920147,20.404331965864706]}"
1945,139.8764177436059,2025-04-01,288.0462869462512,884,0,10,0.419710544452102,0.001462834291409365,6.0422584383683375,299.33490780421664,0.7073024726784667,"{""type"":""Point"",""coordinates"":[82.62818858737457,18.33372307718047]}"
1946,61.19935565716332,2025-04-01,282.84374323345367,633,0,10,0.5633755837224816,0.021718534045170657,16.82582271639116,298.5871283213297,0.7079948496753417,"{""type"":""Point"",""coordinates"":[83.01046212202449,23.611509940161497]}"
1947,352.42221695731126,2025-04-01,285.3256710143316,329,0,10,0.37621077101898487,0.0021551869439591087,3.7373396585328362,303.8956058138893,0.7170457569523903,"{""type"":""Point"",""coordinates"":[80.37471003802216,20.014265584506276]}"
1948,329.9288591424918,2025-04-01,285.1422574633644,746,1,40,0.36465446599289814,0.005575390868138186,5.873923126296231,300.7253816695441,0.5422700079913715,"{""type"":""Point"",""coordinates"":[83.02595168347636,19.601112659493364]}"
1949,57.72314025633573,2025-04-01,288.0597728093465,239,0,40,0.27151136870263043,0.0012789837645996727,3.4694311117118124,303.26808302743086,1.4027391470635575,"{""type"":""Point"",""coordinates"":[81.8844455703251,18.664035949821063]}"
1950,64.70858652247041,2025-04-01,291.8945070448376,635,0,30,0.4701655732583568,0.0024489186334122337,6.485101482041866,300.00491105942496,1.0650537277834164,"{""type"":""Point"",""coordinates"":[84.03018287966503,19.085970260734943]}"
1951,64.99267838633482,2025-04-01,285.8517766225906,295,0,40,0.1887613771270281,0.016589718275021426,1.0968806265568387,302.2646185557047,0.25767083033461646,"{""type"":""Point"",""coordinates"":[81.65343651916336,21.10421384158102]}"
1952,184.31716987723792,2025-04-01,286.7462148666382,616,0,30,0.32172318973418884,0.006252171807240359,6.4830998185248845,301.2028509775797,1.3225661410741552,"{""type"":""Point"",""coordinates"":[81.6059861343721,18.883550624050475]}"
1953,224.05849784645474,2025-04-01,282.1453034083048,620,0,10,0.5588839941262849,0.018054830245922915,16.321947208343175,298.80094319298144,0.7530107027557559,"{""type"":""Point"",""coordinates"":[82.40358593230991,23.91087257619722]}"
1954,226.69473847454117,2025-04-01,284.944898832412,623,0,10,0.7293780900338277,0.007775398306797854,0.6760955869579538,302.3046111152285,0.8611507414139977,"{""type"":""Point"",""coordinates"":[82.31494062078083,19.519737743814943]}"
1955,203.1372207689098,2025-04-01,284.5222100303286,394,0,30,0.141757916543356,0.003800975494336001,2.5199181090226994,303.21548816135953,0.26066552369889834,"{""type"":""Point"",""coordinates"":[80.6746989649536,20.593007033536665]}"
1956,90.0,2025-04-01,281.7881954283942,605,0,10,0.4153757058057044,0.0336621872710694,1.0114302289525972,297.9143581390381,0.5055113010066514,"{""type"":""Point"",""coordinates"":[83.70745329177612,23.521147504203444]}"
1957,270.0,2025-04-01,284.00176615942087,620,0,40,0.33971050975456263,0.0014604799079407371,0.9860912924366444,302.2736401330857,0.5264208753920765,"{""type"":""Point"",""coordinates"":[81.70186879511179,19.867392262854967]}"
1958,331.7301826621302,2025-04-01,287.50463190532867,360,0,10,0.3184675246932056,0.0391035250949372,1.0529784407532472,301.53405679975236,0.28023281666783556,"{""type"":""Point"",""coordinates"":[83.23485366445644,21.600383818388714]}"
1959,132.8221977244112,2025-04-01,282.9789390109834,324,0,40,0.2440260680666184,0.008141758255909792,0.6822217808253676,301.91384079342794,0.8003566858540584,"{""type"":""Point"",""coordinates"":[81.36976675629847,22.06942957342437]}"
1960,133.3281820065723,2025-04-01,285.2036065147036,581,0,10,0.2624924744130042,0.006619515232991091,1.3514296755133246,302.27766264052616,0.9670861988732233,"{""type"":""Point"",""coordinates"":[82.29537090083797,19.389483399993654]}"
1961,301.69831638287235,2025-04-01,280.3348321006411,585,0,10,0.30554089709762533,5.464575814713157E-4,1.7645895639094813,302.32648495265414,1.0075878692051774,"{""type"":""Point"",""coordinates"":[80.24305389131773,22.125934841490874]}"
1962,312.6135019960045,2025-04-01,279.7215450377691,776,0,30,0.16666666666666666,0.0077599756049622215,0.6849180707628474,299.39462343851727,1.0090968151145667,"{""type"":""Point"",""coordinates"":[80.76097195116576,23.076652810440805]}"
1963,85.47814326106858,2025-04-01,290.2088380995251,189,0,10,0.3487416538263996,3.5791318888556134E-4,5.8616191023796915,304.6688805534726,1.6552965132680997,"{""type"":""Point"",""coordinates"":[80.99680026162957,18.37248972862302]}"
1964,294.91674594291385,2025-04-01,282.27688357943583,301,0,40,0.22330609016609543,7.0312839026343E-4,1.100611057379058,302.69275401887444,0.5833545235281146,"{""type"":""Point"",""coordinates"":[80.34047458892378,21.70867410095376]}"
1965,208.96829837694256,2025-04-01,286.7462148666382,646,0,10,0.5204941044357103,0.006252171807240359,21.23395164245298,301.2028509775797,1.3225661410741552,"{""type"":""Point"",""coordinates"":[81.63495496866224,18.8772212615711]}"
1966,199.48687638151202,2025-04-01,285.00444589342385,610,0,30,0.41905541905541904,0.0030454270171631492,4.418534848593735,301.7784648168655,0.8611411013456696,"{""type"":""Point"",""coordinates"":[81.59419986891515,19.611598027772008]}"
1967,90.0,2025-04-01,288.4240422475906,224,0,40,0.3174465626805315,0.041982623152684084,1.0002011795850043,301.1738447461809,0.2953597813009495,"{""type"":""Point"",""coordinates"":[83.95791123547578,21.99536894494937]}"
1968,148.76120581299432,2025-04-01,290.59069147564117,498,0,30,0.6111034767074344,0.017992081456135622,7.549380737807067,299.5075849805559,0.6698171314086796,"{""type"":""Point"",""coordinates"":[84.15111722506731,19.592522927531476]}"
1969,227.1647968300278,2025-04-01,283.3969310124715,295,0,10,0.4508138711960368,0.007351355962704531,2.0453915955586295,302.5276975177584,0.8132986161114171,"{""type"":""Point"",""coordinates"":[81.56810531945389,22.00482568942629]}"
1970,252.45847166591608,2025-04-01,287.99641831715905,1035,0,40,0.2843210802700675,0.018549265675495974,4.60601207479998,297.9788984571184,0.7199300832455884,"{""type"":""Point"",""coordinates"":[82.94224131404452,18.506857252813816]}"
1971,75.94231282293039,2025-04-01,281.89191450391496,543,0,30,0.2684467413149584,0.023389803581189028,5.708674840709701,298.7488540467762,0.6962806378346219,"{""type"":""Point"",""coordinates"":[83.26894378988638,23.346397588797164]}"
1972,313.21698343962385,2025-04-01,282.6355203446888,660,0,40,0.288868338920356,0.0035627506303299583,1.354217461993283,302.35939162118086,0.47175237570587464,"{""type"":""Point"",""coordinates"":[81.97930147562947,20.012000004940802]}"
1973,90.0,2025-04-01,285.79750183650424,303,0,30,0.2923076923076923,0.014768647365521304,2.9791753334466473,302.18964994521366,0.3273911493941764,"{""type"":""Point"",""coordinates"":[81.88112363902782,21.07160982904171]}"
1974,-0.0,2025-04-01,282.4000350861323,416,0,40,0.24114628957577275,0.012147086076687685,1.3909630807829783,299.28094110034755,0.9447627584407131,"{""type"":""Point"",""coordinates"":[83.06157777372566,23.94904252446329]}"
1975,58.59064626959744,2025-04-01,281.5904415221441,475,0,40,0.2915811088295688,0.025634574108075014,1.7791320228049554,299.04891450064525,0.7118270197015042,"{""type"":""Point"",""coordinates"":[81.65803531811015,23.660685031692033]}"
1976,238.4466855037828,2025-04-01,280.7483133134388,742,0,30,0.17230169050715213,0.01087318580622565,3.5403205687488613,298.5471822647822,0.8568454010479812,"{""type"":""Point"",""coordinates"":[81.2700291584665,22.909178389496994]}"
1977,294.6466955743989,2025-04-01,282.2493886947631,638,0,40,0.1834044922962688,0.06822215240473639,2.2229672191706595,297.0094625382197,0.7333715349335481,"{""type"":""Point"",""coordinates"":[84.0878322769018,23.415673411837737]}"
1978,84.33398433466874,2025-04-01,285.51677499498635,716,0,10,0.29138668295662795,0.003132509403179995,9.311410885770703,302.5669925326393,0.9293901702523022,"{""type"":""Point"",""coordinates"":[81.29572462135201,19.518292692360564]}"
1979,151.48652928353246,2025-04-01,279.98986139751617,700,0,40,0.15631439505445982,0.005411850624035708,2.1100862826204385,299.4813456762405,0.9737248312865823,"{""type"":""Point"",""coordinates"":[80.92942775446764,23.01984173571285]}"
1980,339.9561379676136,2025-04-01,280.24058800651915,360,0,40,0.309067273318167,0.002094241194676272,1.4806062709984564,299.68460437229703,1.2595264320237907,"{""type"":""Point"",""coordinates"":[80.59492378828138,23.98545847965742]}"
1981,199.5422089280315,2025-04-01,286.3812188193912,216,0,30,0.16401906274821287,0.009704547338436953,1.4759502958121966,303.29207856314525,0.20967435891322386,"{""type"":""Point"",""coordinates"":[82.84878504418485,20.098291608975774]}"
1982,342.89142472509855,2025-04-01,280.22913664863216,616,0,30,0.2653194263363755,0.00237435322279822,3.392547322727071,302.42575718107673,0.6777758765207024,"{""type"":""Point"",""coordinates"":[80.80960254700211,21.838357690190858]}"
1983,121.81231908580646,2025-04-01,287.4142824354626,230,0,10,0.3226464587583795,0.04123334806437384,1.7589296220610429,301.8033322833834,0.3070915145844913,"{""type"":""Point"",""coordinates"":[83.3050620888106,21.488618361420418]}"
1984,-0.0,2025-04-01,282.08886042095367,301,0,40,0.2258414766558089,6.464145707596458E-4,0.0,302.75330089387444,0.5139312747769917,"{""type"":""Point"",""coordinates"":[80.36691150324934,21.569438817674627]}"
1985,65.02786932637251,2025-04-01,289.2711346490043,174,0,40,0.7958087049973133,0.03567607920641791,1.0983266599765042,302.1413159143357,0.34123262988311626,"{""type"":""Point"",""coordinates"":[83.56345873824473,21.340666377088116]}"
1986,90.0,2025-04-01,283.71209912073044,528,0,10,0.5197156879336605,0.011511372737835757,2.0052288466499375,300.77186139424646,0.9784825247442761,"{""type"":""Point"",""coordinates"":[81.816115128566,22.377036568835432]}"
1987,212.5703351918062,2025-04-01,283.1654973257156,813,0,30,0.2558139534883721,0.003130348734806887,2.7493313696133286,302.09521402631486,0.35293820853250624,"{""type"":""Point"",""coordinates"":[81.45363731922286,20.071165776846023]}"
1988,65.00626187489368,2025-04-01,285.722010067531,296,0,30,0.34126554894537586,0.012191938571881167,1.0974382862182246,302.40120942252025,0.3139720416736668,"{""type"":""Point"",""coordinates"":[81.67564546911464,21.196567966782]}"
1989,69.30168156020076,2025-04-01,286.3684305009388,590,0,30,0.5168954593453009,8.539132403839744E-4,2.622294793066045,301.5065619150797,0.955510089861801,"{""type"":""Point"",""coordinates"":[82.5854112355434,19.163496152384713]}"
1990,226.94930213208434,2025-04-01,288.28434149424237,188,0,10,0.25998492840994725,0.018982546739529482,0.6793041558612428,303.3206546420143,0.05808778636984693,"{""type"":""Point"",""coordinates"":[83.44270151837195,20.90507658245189]}"
1991,90.0,2025-04-01,283.0676434380668,797,0,30,0.24584772241407662,0.04744973998541724,4.523254772614021,296.5601100921631,1.0616667686130528,"{""type"":""Point"",""coordinates"":[83.97188426146643,22.956291453172675]}"
1992,227.0846733723772,2025-04-01,284.87001160212924,275,0,40,0.6875901875901876,0.009617882184933535,1.3618642764295004,302.5663124266125,0.6123379667937062,"{""type"":""Point"",""coordinates"":[81.75615008104158,21.603239157715958]}"
1993,115.32196748237484,2025-04-01,291.64780294327505,162,0,40,0.6421923474663909,0.015285658054303042,1.0841367443779184,300.9684585389637,0.9219258385500816,"{""type"":""Point"",""coordinates"":[83.34712349226696,18.85619238821727]}"
1994,114.9112483447976,2025-04-01,287.5253780455817,207,0,60,0.11298793470546487,0.032893108539532534,1.1008383858241608,301.61587878635953,0.3336589900326491,"{""type"":""Point"",""coordinates"":[83.0104459504857,21.74416941395876]}"
1995,46.920726755500915,2025-04-01,289.0606738045102,127,0,40,0.25596064084773557,0.01708421330923926,0.6789418013077384,303.1128851572672,0.17989433366580942,"{""type"":""Point"",""coordinates"":[83.94148048823125,20.75513945713822]}"
1996,28.273489759006427,2025-04-01,289.3500501995995,260,0,10,0.25761518444818615,0.043801831417034975,2.1053185836179593,300.9988307952881,0.2473996762769206,"{""type"":""Point"",""coordinates"":[83.57418564328445,21.623221471383253]}"
1997,-0.0,2025-04-01,289.4144568216233,120,1,10,0.249500998003992,0.0026669524240006126,0.463735342881014,304.94184721083866,1.4281724641844544,"{""type"":""Point"",""coordinates"":[80.21525974971728,18.827221795449688]}"
1998,231.1625488925328,2025-04-01,279.3300306683495,583,0,10,0.25316455696202533,0.008053260259579531,10.242380232483868,299.860379809425,1.0913875334050833,"{""type"":""Point"",""coordinates"":[80.39187887274078,23.05735842783119]}"
1999,348.13474208140644,2025-04-01,290.5079336166382,242,0,10,0.3556842426089607,5.168489741791404E-4,20.41410050104645,303.75339389982673,1.9423989125234478,"{""type"":""Point"",""coordinates"":[80.63926340671685,17.837838646253193]}"
2000,98.55694192964751,2025-04-01,291.5658588863554,354,0,10,0.7084481919896222,0.01065670173640143,20.845861449252432,300.8675354548863,1.0526305726067935,"{""type"":""Point"",""coordinates"":[83.42084800416376,18.951419191744385]}"
2001,90.0,2025-04-01,288.2668098722185,257,0,10,0.39177709819911655,0.03211695175642859,1.4987246928878277,301.61590785071957,0.28029780273749993,"{""type"":""Point"",""coordinates"":[83.59164008102802,21.86457361824197]}"
2002,290.1092562120879,2025-04-01,282.37435963040303,524,0,30,0.2591788393209633,0.022788318209599367,2.695682802013669,298.8248166583834,0.671536760246901,"{""type"":""Point"",""coordinates"":[81.98524493041899,23.747334134501287]}"
2003,46.8015453056046,2025-04-01,288.05634321485246,217,0,10,0.38606632187404927,0.009438740425061098,1.3546835983400496,303.30632009960357,0.808994791423456,"{""type"":""Point"",""coordinates"":[83.34504943944523,20.113445842340873]}"
2004,153.95050293422693,2025-04-01,286.16754345666794,298,0,10,0.27825196312734723,0.018174769692372195,5.659521041866736,301.7904160817464,0.46798930011287143,"{""type"":""Point"",""coordinates"":[82.5322812145423,21.57766994381174]}"
2005,84.76921996455125,2025-04-01,293.1570395969209,1070,0,30,0.2884882108183079,0.0033230058478821434,28.043419349682782,300.66102155049646,1.1695007996619118,"{""type"":""Point"",""coordinates"":[83.98155565902668,18.914039834413142]}"
2006,180.0,2025-04-01,284.72123695555183,414,0,40,0.2238225880201189,0.0416209719705094,0.4637353428839794,299.5142232804072,0.8380680767355149,"{""type"":""Point"",""coordinates"":[84.24043418523674,22.63556963252611]}"
2007,270.0,2025-04-01,288.37247044699535,316,0,40,0.25882352941176473,0.01094874959463965,0.9876400989628159,302.24029168628516,0.8433580947398923,"{""type"":""Point"",""coordinates"":[83.6101294723149,20.11460333927262]}"
2008,270.0,2025-04-01,288.70902992430183,304,0,10,0.2739336492890995,0.003819825463246218,0.980314566153632,303.59762636820477,1.1718781679830963,"{""type"":""Point"",""coordinates"":[80.5545016012078,18.911077373580696]}"
2009,270.0,2025-04-01,287.6524474280221,584,0,40,0.2274479568234387,0.021578105502079836,1.9763185126291787,299.0866865430559,0.5281441379094335,"{""type"":""Point"",""coordinates"":[84.34187380941243,20.243141175523995]}"
2010,85.23572032613103,2025-04-01,291.36636693137035,574,0,10,0.45466631215102365,0.03824243169302832,16.296322555724622,298.66184697832375,0.8259705917972484,"{""type"":""Point"",""coordinates"":[84.3269972301871,19.166190014069564]}"
2011,295.420915354467,2025-04-01,290.7423667453584,103,0,10,0.3153270419785226,3.1195800776373517E-4,1.0801967908733878,304.59638241359164,1.892484927407486,"{""type"":""Point"",""coordinates"":[80.89870987717458,18.09113467053682]}"
2012,63.67188074039088,2025-04-01,286.6802910850161,289,0,10,0.2096924510717614,0.030187921934079043,17.236117891703806,302.05298932393396,0.3570712019071939,"{""type"":""Point"",""coordinates"":[83.19695230494737,21.335289121984825]}"
2013,133.48301469061195,2025-04-01,295.56998021262035,48,0,40,0.3933411903358869,0.005076589398335329,0.6738809206741807,301.6797273726691,1.8482372994143517,"{""type"":""Point"",""coordinates"":[83.75403476856876,18.486356284125584]}"
2014,257.1095877422564,2025-04-01,280.6202673684983,389,0,40,0.480225988700565,0.0031349978970993675,2.0778537147287106,299.92568161374044,0.8680193164019745,"{""type"":""Point"",""coordinates"":[80.69629574975389,23.73514048986572]}"
2015,342.9208156119039,2025-04-01,284.77350630078996,280,0,30,0.18271604938271604,0.005753519349049441,3.392013441848995,303.0244655609131,0.5845735705385102,"{""type"":""Point"",""coordinates"":[81.55564570886136,21.576504820767326]}"
2016,57.653462930934666,2025-04-01,289.28751532236737,186,0,10,0.2666069829901522,4.616848754395164E-4,5.186296212698458,304.6202791304816,1.6005812828549444,"{""type"":""Point"",""coordinates"":[80.35351547473527,18.20079881516418]}"
2017,194.90022706340696,2025-04-01,283.45071170443583,650,0,40,0.24543795620437955,0.003679873757313601,1.9188081499559488,301.67739641098746,0.4568814878861471,"{""type"":""Point"",""coordinates"":[81.35151625110416,20.023326526132113]}"
2018,156.47066454954333,2025-04-01,282.9594775154477,760,0,40,0.21244708843381765,0.06465220671172034,2.527358470429291,296.6545053209578,0.9053180281341799,"{""type"":""Point"",""coordinates"":[84.09033366761093,23.27031924387052]}"
2019,256.62232253431716,2025-04-01,293.72613720666794,93,0,10,0.6302521008403361,0.009871902279805056,2.003538297888739,301.2368911561512,1.3462790981912367,"{""type"":""Point"",""coordinates"":[82.97195539687712,17.957002072889704]}"
2020,180.0,2025-04-01,283.65060474759053,645,0,40,0.6584962820159735,0.0049228243159760154,1.8543341688414132,302.1019453321184,0.7004817192722413,"{""type"":""Point"",""coordinates"":[82.08010321306588,19.776350664028968]}"
2021,11.501128264157702,2025-04-01,288.49157038189117,245,0,10,0.2391713747645951,0.0044607542085159935,12.120357824412734,303.9115505218506,1.1456659702200451,"{""type"":""Point"",""coordinates"":[80.40790890658862,19.068920493786234]}"
2022,25.421516068098853,2025-04-01,283.7379257111322,397,0,10,0.27612521414109953,0.0051076881217468895,4.611175147764752,303.13870012192496,0.26562629139847804,"{""type"":""Point"",""coordinates"":[80.49846696005064,20.756730557774592]}"
2023,312.4982315572024,2025-04-01,282.3660937263852,406,0,10,0.4230097329673072,0.01984659057135474,5.474901523737816,299.25635265168694,0.6456577978333586,"{""type"":""Point"",""coordinates"":[81.25555439140506,23.61306201880163]}"
2024,350.78047608887164,2025-04-01,281.63796756381083,919,0,40,0.28072837632776937,0.013995977454136721,9.313389954601783,299.2756455739339,0.9758131465683519,"{""type"":""Point"",""coordinates"":[81.18446673944844,22.461771872964558]}"
2025,64.84560157420904,2025-04-01,283.59860279446553,537,0,30,0.20967393651479163,0.0034418277072418846,2.180974675301101,302.83792468479703,0.3234967923382766,"{""type"":""Point"",""coordinates"":[82.05543197181157,20.084720725412087]}"
2026,270.0,2025-04-01,281.83756415049237,477,0,30,0.2738602820596917,0.018553035669278017,1.0106174992720562,299.28609711783275,0.6972396145484926,"{""type"":""Point"",""coordinates"":[81.54285816026254,23.415242159314985]}"
2027,44.74512323197315,2025-04-01,288.4751432055519,271,0,10,0.47400379506641366,7.502954478155743E-5,10.964110067758924,304.2619213830857,1.2943262885307074,"{""type"":""Point"",""coordinates"":[81.77363239592987,18.270184502010775]}"
2028,312.605711309089,2025-04-01,282.16325355711433,510,0,40,0.38879373623684854,0.017431931905697695,0.6850193131321796,298.8972217923119,0.8960462411530362,"{""type"":""Point"",""coordinates"":[82.76917809524059,23.113019256251505]}"
2029,47.196034720275115,2025-04-01,282.68619696299237,350,0,40,0.4143526866209881,0.010023566298436037,2.046594359622561,301.6768674396333,0.8749136443741701,"{""type"":""Point"",""coordinates"":[81.33175049893248,22.15880614506806]}"
2030,160.52138476475957,2025-04-01,286.6654740742275,282,0,40,0.2444547134935305,0.002766760401677004,1.4753702193627019,303.23798978896366,0.7129299650427326,"{""type"":""Point"",""coordinates"":[82.70899378818613,19.5378864082373]}"
2031,69.25148253868193,2025-04-01,279.88935102735246,827,0,10,0.23956194387405885,0.010619270019482485,9.086256120272523,298.49280865987146,0.7640901815715988,"{""type"":""Point"",""coordinates"":[81.16209774979565,23.069358449860488]}"
2032,283.00766236498845,2025-04-01,283.4710509436471,580,0,40,0.3024662633783155,0.03223119895930182,2.0594585741878277,299.1380200158982,0.930500598638374,"{""type"":""Point"",""coordinates"":[83.61141388265156,22.47600175507235]}"
2033,72.59310460096727,2025-04-01,284.1582196099418,580,0,40,0.25339925834363414,0.00662102025027167,4.640371334927645,301.9173750196184,0.5214813391431351,"{""type"":""Point"",""coordinates"":[82.2418193019891,19.857493817220714]}"
2034,312.8583078417774,2025-04-01,283.6031949633644,275,0,40,0.5985028921401837,0.007313521914433352,0.6817583173081451,302.7276196252732,0.7948200422699054,"{""type"":""Point"",""coordinates"":[81.58862247258901,21.88942796687567]}"
2035,313.0790631748863,2025-04-01,284.232990582784,333,0,40,0.20592592592592593,0.00739158909792792,2.036071235350009,303.26252010890414,0.17273858377143692,"{""type"":""Point"",""coordinates"":[80.67866954369019,20.756398307294877]}"
2036,107.09647598639718,2025-04-01,281.0303945541382,777,0,40,0.2408,0.021514730863522402,1.5770662041337071,298.63090506054107,0.9898526694607296,"{""type"":""Point"",""coordinates"":[81.44670702146969,22.673429504846585]}"
2037,203.57107825360646,2025-04-01,283.5012371880668,424,1,10,0.41773399014778323,0.029938223175953738,2.5281600982688133,298.5825942811512,0.9254198028963231,"{""type"":""Point"",""coordinates"":[82.8304517773598,23.534049532888552]}"
2038,331.4805833068931,2025-04-01,281.8009081795102,604,0,40,0.36363636363636365,0.018278571181248537,1.0554604977114324,298.78547514052616,0.771789095662241,"{""type"":""Point"",""coordinates"":[83.23543277471217,23.052824705794322]}"
2039,50.96969730701468,2025-04-01,287.48847212110246,1111,0,30,0.41948443254101103,0.0017265103387344993,20.442166959974116,297.6319281260172,0.7284874215588218,"{""type"":""Point"",""coordinates"":[82.48030051316252,18.115967840146055]}"
2040,331.52619727002843,2025-04-01,281.44835167839415,760,0,40,0.25979316828580384,0.029053347520779482,1.0550045361109537,299.05495407467794,0.9699438245649119,"{""type"":""Point"",""coordinates"":[81.48494971825845,22.795949683855866]}"
2041,227.19197604693716,2025-04-01,279.60878694625126,604,0,10,0.4237183446571958,0.001938106827687136,2.7276822796806135,301.5648475828625,0.8595743379536334,"{""type"":""Point"",""coordinates"":[80.39523256374675,22.13936204059857]}"
2042,196.96466302278444,2025-04-01,287.2269742602394,495,0,30,0.2017124150088139,0.016322257332753054,3.389943264880089,300.8806783585322,0.34847317884172035,"{""type"":""Point"",""coordinates"":[84.24119806636166,20.512518817184887]}"
2043,35.28469686267476,2025-04-01,285.00473072415303,596,0,30,0.3195729537366548,0.0041583202409256614,1.7038344769101421,301.66989199320477,0.9034425473327087,"{""type"":""Point"",""coordinates"":[81.66536204356585,19.59250521041988]}"
2044,28.36732785863854,2025-04-01,283.3801085608346,290,0,40,0.7541083384053561,0.005464958362530581,1.053944331116888,302.1007943834578,0.9688668364564758,"{""type"":""Point"",""coordinates"":[82.06887639289226,22.182006690138433]}"
2045,107.12888839099101,2025-04-01,281.3853459585281,689,0,10,0.6296583850931677,0.013290437273930422,1.5741726207522504,299.69050443740116,0.9781263554107547,"{""type"":""Point"",""coordinates"":[81.05155169312826,22.39585872038615]}"
2046,270.0,2025-04-01,284.4578673498971,404,0,10,0.3104181431608788,0.008592846207569949,1.9808502597211122,302.8668727874756,0.1531537233338131,"{""type"":""Point"",""coordinates"":[81.75810326788749,20.595721885658193]}"
2048,218.37220907359026,2025-04-01,289.32065450577505,146,0,40,0.26375606375606375,0.002294944934796206,2.3647208654997676,304.1172041211809,1.3402847983377226,"{""type"":""Point"",""coordinates"":[80.58477610887321,18.70034691745349]}"
2049,107.25174905268945,2025-04-01,283.35048035212924,443,0,40,0.22219077271440701,0.0026829115676392234,4.680637743604113,302.48969296046664,0.18987924260211037,"{""type"":""Point"",""coordinates"":[80.79451990676291,21.310633540997365]}"
2050,270.0,2025-04-01,290.53954401470367,200,0,30,0.22271204373126433,0.0427409283446778,1.4967940473389112,301.42154284885953,0.33668023750476367,"{""type"":""Point"",""coordinates"":[83.77122574272212,21.679180904152634]}"
2051,115.42161887377911,2025-04-01,290.8742259343465,77,0,40,0.7975334018499486,4.344753550995506E-4,1.0801688918369927,304.43349411374044,1.7849264295159668,"{""type"":""Point"",""coordinates"":[80.68256909498982,18.08516454010583]}"
2052,100.54238368945673,2025-04-01,280.958814848037,681,0,10,0.41861327400815723,0.001791002564381472,7.559752975338612,302.5162519727434,0.40016745551264604,"{""type"":""Point"",""coordinates"":[80.72962557033445,21.48387001198025]}"
2053,270.0,2025-04-01,284.0380501065935,289,0,10,0.7265755251750583,0.013318525962780825,0.501794145927771,300.8768127986363,1.1557700915327649,"{""type"":""Point"",""coordinates"":[82.69452339029924,22.458789621058447]}"
2054,331.614533397656,2025-04-01,283.89540804000126,295,0,40,0.2032474804031355,0.0065068922566879905,1.0541245367680767,302.03414399283275,1.093978631288424,"{""type"":""Point"",""coordinates"":[82.61233255989502,22.28744396693077]}"
2055,84.30591280992654,2025-04-01,288.9994758878435,393,0,10,0.6169204737732656,0.003060134463261477,9.266451870902692,303.2448780423119,1.31964157051178,"{""type"":""Point"",""coordinates"":[80.93163535457795,18.69492602944713]}"
2056,199.56820494207253,2025-04-01,284.99515692392987,356,0,30,0.19944055944055944,0.003333198242138735,2.9504189585539344,303.65808605012444,0.5918431336110691,"{""type"":""Point"",""coordinates"":[80.66892467237781,20.3225138592208]}"
2057,234.14763470977158,2025-04-01,285.0804898852394,772,0,10,0.26580226904376014,0.02255049567694556,20.46146546417189,301.91628801255,0.08839087767456703,"{""type"":""Point"",""coordinates"":[82.51137318408117,20.492150360581977]}"
2058,333.80831686115204,2025-04-01,289.4202231906709,264,0,10,0.4199232627540145,0.018883021883915774,12.214960582282087,302.0345915839785,0.32216344626396987,"{""type"":""Point"",""coordinates"":[84.18490339850547,21.283468194883486]}"
2059,208.12691067690963,2025-04-01,283.6758209864298,390,0,10,0.2236185229815803,0.003588231615971438,1.051571567810215,303.31366756984164,0.29359751623524233,"{""type"":""Point"",""coordinates"":[80.50779386849656,20.713418151925605]}"
2060,36.9544200550723,2025-04-01,289.0242794127692,178,0,10,0.19229065130704476,4.8417072768103253E-4,4.055485451963286,304.8779695601691,1.5288191053699383,"{""type"":""Point"",""coordinates"":[80.31071904841268,18.29382490339798]}"
2062,67.29069341242193,2025-04-01,283.45242650168285,499,0,10,0.5248771498771498,0.01724958639616858,18.543990325937667,298.99805768330896,0.74085802348088,"{""type"":""Point"",""coordinates"":[83.02448026424211,23.727468387616646]}"
2063,101.8867394140066,2025-04-01,287.47582331157867,892,0,10,0.42077649527806926,0.004804971032093874,4.49363409453881,299.2975019727434,0.7263342643451641,"{""type"":""Point"",""coordinates"":[82.80469876684288,18.699858275714284]}"
2064,301.86754666935656,2025-04-01,289.61571588970367,158,0,40,0.7396271797955503,0.03176869671816718,1.7562032381827126,302.15229061671664,0.38691102147685064,"{""type"":""Point"",""coordinates"":[83.68309808316288,21.1734009339548]}"
2065,221.80209186969887,2025-04-01,282.9505489440191,447,0,10,0.35444126074498566,0.018818082623432986,6.810837424621481,299.17708251589823,0.8019814355162377,"{""type"":""Point"",""coordinates"":[82.65571207688278,23.79107131540304]}"
2066,226.97159956289013,2025-04-01,290.32135786328996,144,0,30,0.2655181150240689,0.017287047915409914,1.3589834157309717,302.37219156537736,0.5629577919625116,"{""type"":""Point"",""coordinates"":[84.33517027688308,21.02175512428431]}"
2067,126.4340317018829,2025-04-01,284.03775946299237,451,0,40,0.24192188817083451,0.036532180719326846,3.120318957272428,298.90166282653814,0.97466226895278,"{""type"":""Point"",""coordinates"":[83.80331330690385,22.672106384163186]}"
2068,244.95285049985904,2025-04-01,289.63934521448044,112,0,40,0.36594440796673233,0.01679499667162787,1.0952491394930064,302.78735269818986,0.3538743188365654,"{""type"":""Point"",""coordinates"":[84.18317686869514,20.833723240146302]}"
2069,99.48808753485545,2025-04-01,280.2613806497483,742,0,40,0.23776662484316186,0.011796595864247195,11.111620305892968,298.7907881055559,0.7147053513171346,"{""type"":""Point"",""coordinates"":[81.17939143450415,23.189431509955934]}"
2070,132.85218182903577,2025-04-01,285.90260437556674,222,0,40,0.7280134869345322,0.018555106930683962,1.3634806943157358,301.83023425510953,0.4215198277672653,"{""type"":""Point"",""coordinates"":[82.91722100272045,21.92043991983786]}"
2071,180.0,2025-04-01,280.31814334506083,473,0,40,0.18872266973532797,0.0033631942796219505,0.4637353428839794,300.9433294932047,1.0296700288662304,"{""type"":""Point"",""coordinates"":[80.52361549468505,22.669514038726312]}"
2072,190.2507658981279,2025-04-01,281.457605770656,800,0,40,0.2039141414141414,0.03366269391054999,2.825313943889629,298.149930590675,1.0123942446706746,"{""type"":""Point"",""coordinates"":[81.55661190304053,22.837562354554695]}"
2073,90.0,2025-04-01,285.4040924708048,272,0,40,0.17834480896449303,0.007120596580456606,0.9963653807070468,302.31514985220775,0.5105420809769242,"{""type"":""Point"",""coordinates"":[82.01095485943522,21.44310778829799]}"
2074,218.74397852779964,2025-04-01,285.14239697229294,335,0,30,0.21237693389592124,0.018989803605030886,2.3769689656820945,302.72099295116607,0.19051719700713748,"{""type"":""Point"",""coordinates"":[82.48130705952536,20.823327405186202]}"
2075,187.9306000338679,2025-04-01,285.5645044871739,368,0,10,0.25582841156356856,0.01048614304537665,10.644948021735994,303.4666565486363,0.057778493552134054,"{""type"":""Point"",""coordinates"":[82.18565070990647,20.55717498013074]}"
2076,259.5341085052581,2025-04-01,285.0860934938703,428,0,10,0.2847892486255345,0.04650861244673621,2.5512718611006298,299.44364920116607,0.7820074783602065,"{""type"":""Point"",""coordinates"":[84.09819366455734,22.538945249255104]}"
2077,90.0,2025-04-01,286.84738790421255,217,0,40,0.24441524310118265,0.03276153128619086,1.9969994892373908,301.7826849619547,0.20651453327491076,"{""type"":""Point"",""coordinates"":[83.16374161053999,21.796414799150284]}"
2078,86.84291619689637,2025-04-01,280.4084114347186,705,0,10,0.35581622678396874,0.011973308734845034,23.79241520516606,298.49434325808573,0.7914840209503211,"{""type"":""Point"",""coordinates"":[81.07256635791519,23.177555804947716]}"
2079,35.53673838908126,2025-04-01,284.91652620406376,318,0,40,0.2007366482504604,0.013940887861203066,3.4153000708326537,302.6958057766869,0.34681177770784094,"{""type"":""Point"",""coordinates"":[82.48520264680242,21.034497379491068]}"
2081,263.43767536177705,2025-04-01,279.74030898866204,659,0,30,0.13373253493013973,0.005377279930065981,4.051072265826695,299.71297700064525,1.0405364080379347,"{""type"":""Point"",""coordinates"":[80.80780616058857,23.029546353066497]}"
2082,294.9428388984002,2025-04-01,285.40878927140005,259,0,40,0.2234188368905424,0.009784268550824038,1.099533517374463,302.2724775586809,0.5586707153886328,"{""type"":""Point"",""coordinates"":[82.10281440827166,21.536091865917516]}"
2083,114.99876679476482,2025-04-01,285.8407031013852,270,0,30,0.21899957965531736,0.008055182509373537,1.0972317647854275,302.3481320880708,0.4001230554426031,"{""type"":""Point"",""coordinates"":[82.00855195162413,21.16231047520039]}"
2084,-0.0,2025-04-01,286.51124695369174,246,0,40,0.22679621580158527,0.015661524944256655,0.0,301.74661609104703,0.4585955194494675,"{""type"":""Point"",""coordinates"":[82.49963157187999,21.807888010551892]}"
2085,72.42621938762558,2025-04-01,290.0970914477394,166,0,10,0.21902996601791783,1.2034397597204816E-4,1.5355506433377484,303.86270495823453,1.790950174455727,"{""type"":""Point"",""coordinates"":[81.36976140113951,18.16798261356857]}"
2086,275.3800302895269,2025-04-01,284.6420016969953,636,0,40,0.3065416387586515,0.00991606932158362,4.933790167326672,301.91253289722266,0.5592338614578594,"{""type"":""Point"",""coordinates"":[82.4006769432497,19.64999637638844]}"
2087,265.7397006438577,2025-04-01,287.30172779446553,373,0,10,0.3252184769038702,0.034046890549610964,12.29294727955203,301.7665891193208,0.37553562735041685,"{""type"":""Point"",""coordinates"":[83.13636238709405,21.382430034005825]}"
2088,107.32612099316121,2025-04-01,287.8226831981114,179,0,30,0.2547597461468722,0.011720540337513796,1.5568018476077277,303.29744384402323,0.4417800510754693,"{""type"":""Point"",""coordinates"":[83.51711404259531,20.62690717704368]}"
2089,327.26373303501606,2025-04-01,290.2943512598673,164,0,10,0.5397236614853195,0.014472218565892092,5.49618850112084,302.30712808881486,0.6727403966795131,"{""type"":""Point"",""coordinates"":[84.35132138598573,21.045441699124165]}"
2090,151.0296314348975,2025-04-01,287.16037037259053,1205,0,10,0.26867157936666003,0.00228338163370978,19.369531606675114,296.80407051813035,0.7767392076131241,"{""type"":""Point"",""coordinates"":[82.58937037633919,18.0734528113902]}"
2091,90.0,2025-04-01,286.85605489640005,185,0,40,0.26292749658002734,0.017293366007756106,2.97707096976883,303.1294576554072,0.18306691596723906,"{""type"":""Point"",""coordinates"":[83.13115986759853,20.966553747264538]}"
2092,208.2315263141355,2025-04-01,285.43118626730785,275,0,40,0.2412407944655211,0.007452207021664492,1.0526004659567838,302.4187584831601,0.48274752080344707,"{""type"":""Point"",""coordinates"":[81.8203139219835,21.36673942224953]}"
2093,-0.0,2025-04-01,280.5637546266828,391,0,40,0.3760504201680672,0.0022800884770859398,1.390963080774087,299.8755049024309,1.08930807946075,"{""type"":""Point"",""coordinates"":[80.72516349327896,23.862858856453904]}"
2094,132.94505312395978,2025-04-01,285.7360830307007,248,1,40,0.21132686084142394,0.012222262434910647,0.6806486374604352,302.2208011263893,0.5440571629762156,"{""type"":""Point"",""coordinates"":[82.22124253168832,21.45198310306638]}"
2095,331.3795360144028,2025-04-01,281.4589194797334,537,0,40,0.25741710296684117,0.020741241388272158,2.1122308298732535,298.6763500940232,0.796054260087381,"{""type"":""Point"",""coordinates"":[81.79162525343028,23.61043844937905]}"
2096,295.26229023961633,2025-04-01,285.8489864440191,574,0,40,0.6035175879396985,0.002181263976048342,1.0865284952486984,301.25382986522857,0.8981578255782434,"{""type"":""Point"",""coordinates"":[82.5823870916927,19.302507429040457]}"
2097,-0.0,2025-04-01,283.82217166537333,427,0,10,0.41640477686989313,0.005358444862316958,1.8543341688295631,302.921920685541,0.06847458588434757,"{""type"":""Point"",""coordinates"":[82.01552630421956,20.391643094826996]}"
2098,192.0661985521299,2025-04-01,286.813801129659,295,0,10,0.3387143268953589,0.01408954184527289,4.731441465611491,303.2294739314488,0.12216260163386194,"{""type"":""Point"",""coordinates"":[83.07337780228195,20.673323273018298]}"
2099,256.7887285192791,2025-04-01,283.063551176162,572,0,10,0.43874780386519724,0.003086420111607424,2.028296489777075,302.73371151515414,0.35054820702616474,"{""type"":""Point"",""coordinates"":[81.95897599473473,20.11192244244949]}"
2100,160.24030871339372,2025-04-01,282.85762437184644,305,0,40,0.2593886462882096,0.006387280635784975,1.4779513034047764,302.3788821810768,0.7249011115654351,"{""type"":""Point"",""coordinates"":[81.31942942506758,21.88773435874666]}"
2101,199.9148675719125,2025-04-01,281.1150357836769,978,0,40,0.21686746987951808,0.018355788998555056,2.9568208413230006,298.9442304883684,0.7256118373638857,"{""type"":""Point"",""coordinates"":[81.48550402413535,23.062701136759365]}"
2102,35.470909140872756,2025-04-01,288.70032224201026,220,0,10,0.1574701051721654,0.013523849062870852,5.111222328599251,302.3743481408982,0.29157008365460163,"{""type"":""Point"",""coordinates"":[84.24675295120075,20.66861979196153]}"
2103,227.55370949058386,2025-04-01,280.16380577995665,381,0,50,0.22626622550267245,0.0024504236506928123,0.6871004230372241,300.0713056836809,1.1791753581799091,"{""type"":""Point"",""coordinates"":[80.37678608045877,23.849775341520587]}"
2104,103.19886925593006,2025-04-01,286.01019482385544,217,0,40,0.6957494407158836,0.013059350066136233,2.0301669178561386,303.65931837899336,0.18029565939839495,"{""type"":""Point"",""coordinates"":[82.82401968815715,20.26410847899044]}"
2105,72.5125915627841,2025-04-01,293.232234909421,88,0,40,0.40026515608051105,0.003921883516262881,1.5428926231609614,302.2173831576393,1.15126699707626,"{""type"":""Point"",""coordinates"":[83.78285102151358,19.061078625911254]}"
2106,116.20977192071797,2025-04-01,280.57963539305183,633,0,10,0.3708791208791209,0.0026732258128632225,9.365754650412008,302.41523006984164,0.48606105354588747,"{""type"":""Point"",""coordinates"":[80.83787501339667,21.58847290071143]}"
2107,164.7857759546055,2025-04-01,282.03680615198044,467,0,40,0.2725770925110132,0.020932572298001162,1.921637031485753,299.35712460109164,0.734289063546113,"{""type"":""Point"",""coordinates"":[81.61806213954479,23.18341709134726]}"
2108,117.64397235271872,2025-04-01,281.58577378590905,618,0,10,0.3202103276257247,0.01971666734690558,3.9915424041095533,298.5218904586066,0.6090985406634659,"{""type"":""Point"",""coordinates"":[83.35926229884177,23.56765660294323]}"
2109,164.9143420283032,2025-04-01,284.5413634436471,260,0,30,0.5139275766016713,0.009557234458874575,1.9204707696248577,302.2466858455113,0.7329785317058988,"{""type"":""Point"",""coordinates"":[82.17144109415283,21.957332422477567]}"
2110,336.6134659627687,2025-04-01,283.2504989533198,329,0,30,0.2657461240310077,0.005462499670933596,2.524630064891633,301.8221311115083,1.0531416706228434,"{""type"":""Point"",""coordinates"":[81.98316472992217,22.3405440786678]}"
2111,270.0,2025-04-01,291.4207521620251,46,0,60,0.10641658440276407,1.270494985092796E-4,2.921173313423886,304.1872143518357,1.6917112706014819,"{""type"":""Point"",""coordinates"":[81.39811796815351,17.88131822846856]}"
2112,274.76002400324853,2025-04-01,280.30466910770957,443,0,30,0.25842696629213485,0.003137188367794863,5.570847752098907,299.79230526515414,0.9548580087019551,"{""type"":""Point"",""coordinates"":[80.57361544569719,23.656797956536153]}"
2113,21.072866642906146,2025-04-01,279.64626834506083,700,0,30,0.28012718600953895,0.003248231821011416,15.050439395788668,300.1042762938,1.1392551743549137,"{""type"":""Point"",""coordinates"":[80.64845585492385,22.94425470384238]}"
2114,90.0,2025-04-01,282.7218531199864,526,0,40,0.19353979944981808,0.033983694724987856,0.503835130725677,297.9150963737851,1.1239564852182216,"{""type"":""Point"",""coordinates"":[81.98779884500371,23.01481545569576]}"
2115,245.1105782740362,2025-04-01,285.90260437556674,221,0,40,0.7323313079629037,0.018555106930683962,1.1017419547718794,301.83023425510953,0.4215198277672653,"{""type"":""Point"",""coordinates"":[82.94035117924308,21.88722414851882]}"
2116,121.88266303125282,2025-04-01,287.5324058078585,167,1,40,0.2981893192757277,0.02479799311633002,1.7554587547687726,303.13727596827914,0.21345963703387158,"{""type"":""Point"",""coordinates"":[83.42425407668169,21.08694382715402]}"
2117,190.32745458821276,2025-04-01,281.8742724373227,475,0,40,0.3854748603351955,0.011657493524502627,2.82599940501204,299.2770290374756,0.876038941790593,"{""type"":""Point"",""coordinates"":[83.25698864886421,23.848895036449022]}"
2118,349.88315223629917,2025-04-01,290.5126652944656,114,0,10,0.3511039310716209,0.01729461770529639,2.824129856861758,302.61271658397857,0.5514676007907539,"{""type"":""Point"",""coordinates"":[84.30430242770542,20.921202409140495]}"
2119,232.59752632258846,2025-04-01,281.83756415049237,451,0,30,0.1783783783783784,0.018553035669278017,7.590086693761641,299.28609711783275,0.6972396145484926,"{""type"":""Point"",""coordinates"":[81.51295905612335,23.429045877509758]}"
2120,164.90474832060605,2025-04-01,284.03077820369174,303,0,40,0.36191478169384533,0.009399505667637698,3.836808649382897,302.1336371103922,0.4665491244125219,"{""type"":""Point"",""coordinates"":[83.296094026837,22.051629945117245]}"
2121,226.6921836301514,2025-04-01,284.9175027665638,632,0,10,0.4785534062237174,0.007108511738728396,0.6760636063492215,302.12124988010953,0.9291571010299201,"{""type"":""Point"",""coordinates"":[82.19736767079723,19.505233115772803]}"
2122,298.8311882790089,2025-04-01,280.3592519760131,439,0,10,0.4044095439444277,0.007546814494084231,2.882567765383756,299.7206558045887,0.8407172778000466,"{""type"":""Point"",""coordinates"":[80.56762080898837,23.445221432580567]}"
2123,173.63383320324854,2025-04-01,286.7977750414894,953,0,30,0.42772472835034575,0.013368251137684695,17.196041665321893,299.43032609848746,0.7280732986665626,"{""type"":""Point"",""coordinates"":[83.13289407089508,19.35724856457929]}"
2124,197.98805760572887,2025-04-01,287.4089869090489,909,0,40,0.32539164490861616,0.013482498340557925,6.3128420270092205,298.12778354826423,0.6393266509189504,"{""type"":""Point"",""coordinates"":[82.91606949324317,18.620840669730445]}"
2125,226.92472013498255,2025-04-01,285.67923314230785,332,0,40,0.2824006488240065,0.01780157011027228,1.3577941541011587,302.10851969037736,0.19216850802628124,"{""type"":""Point"",""coordinates"":[82.8231383095414,20.775564325178365]}"
2127,105.20888304657645,2025-04-01,291.30540734245665,54,0,40,0.2037691401648999,7.134895796667706E-5,3.5309930902684172,304.48640287490116,1.5038541230236768,"{""type"":""Point"",""coordinates"":[81.45418767220244,17.915201150684254]}"
2128,312.87219586960225,2025-04-01,282.6419900712513,298,0,40,0.34873119586688955,0.005030649118374697,0.6815803079146113,302.72675350734164,0.6697504680890991,"{""type"":""Point"",""coordinates"":[81.31304987634236,21.82062570924853]}"
2129,279.35134515430013,2025-04-01,286.92276922861737,644,0,10,0.4250880520184232,0.004846604876469485,11.268534063899178,301.9818513961066,1.4410485166042175,"{""type"":""Point"",""coordinates"":[81.71187024049071,18.757444698783786]}"
2130,65.10563987663163,2025-04-01,289.1319570541382,225,0,30,0.4610268688480979,0.04195381920809638,1.101537373338301,301.16965366545173,0.261485243425341,"{""type"":""Point"",""coordinates"":[84.0237301057069,21.85471027093822]}"
2131,72.58008682591581,2025-04-01,284.14389669327505,638,0,40,0.20884235020360675,0.00564368288988959,1.5486814890542282,301.98836762564525,0.8007452466453469,"{""type"":""Point"",""coordinates"":[82.11633565965887,19.731477559938295]}"
2132,297.65670227056637,2025-04-01,281.65795221782867,533,0,10,0.3612126133441602,0.04037665050501715,3.989855491319232,297.7824175698417,0.5369171180598163,"{""type"":""Point"",""coordinates"":[83.80557230925272,23.49669755234076]}"
2133,216.04320111728052,2025-04-01,282.1096472513108,600,0,10,0.3778868360277136,0.0190617017077912,1.720088891328497,298.4926807766869,0.760471797655666,"{""type"":""Point"",""coordinates"":[82.05010979718894,23.632036514851915]}"
2134,94.03713744979352,2025-04-01,287.8858458655221,460,0,10,0.35330156569094623,0.01161575537199866,19.029054928611263,302.96195974804107,0.6016705252747533,"{""type"":""Point"",""coordinates"":[83.13302309889664,19.77241084325033]}"
2135,144.89649606843207,2025-04-01,296.6926143737067,8,0,30,0.25055487053020964,0.0016878269242752708,5.088201258896698,301.3309492383684,2.9953233359558293,"{""type"":""Point"",""coordinates"":[84.25807960888028,18.477949652461064]}"
2136,164.98116218039974,2025-04-01,282.07717654818583,329,0,40,0.47359307359307357,0.0022217951344956077,1.9198689956739772,303.58073416210357,0.3757759234318203,"{""type"":""Point"",""coordinates"":[80.27388754022374,21.284753988222896]}"
2137,350.94594267229456,2025-04-01,283.10867068881083,681,0,10,0.45735217163788594,0.027849452905606142,15.571248785205226,298.33828508286246,1.1055515585211955,"{""type"":""Point"",""coordinates"":[81.838693132557,22.652385424732966]}"
2138,313.22756897817516,2025-04-01,285.6790471304031,290,0,30,0.3692736016198431,0.010859134011219851,0.6770702044039562,303.73596109662736,0.19456305927336068,"{""type"":""Point"",""coordinates"":[82.50412443110679,19.953392839440795]}"
2139,199.3723133882028,2025-04-01,288.99595910026915,134,0,40,0.201507049100632,0.0015518687295426048,1.4744056448688327,305.09485944112146,1.4393610027152977,"{""type"":""Point"",""coordinates"":[80.20357556430332,18.556362005420553]}"
2140,180.0,2025-04-01,279.62676034654885,542,0,30,0.24908869987849333,0.0022224954890717186,5.087785128130928,299.87910307021366,1.2274808761563851,"{""type"":""Point"",""coordinates"":[80.23308541525971,23.901566814335226]}"
2141,53.12593207557374,2025-04-01,281.8337102163406,795,0,10,0.3756646856427901,0.02521319907183539,6.921638002502698,298.01340366545173,0.9276341400496013,"{""type"":""Point"",""coordinates"":[82.10365532030758,23.535862302797614]}"
2142,-0.0,2025-04-01,281.9263964607602,586,0,30,0.308902983321588,0.019828217439602724,2.3174627380815918,298.65981828598746,0.7863188881530734,"{""type"":""Point"",""coordinates"":[81.89036688755428,23.5547900731002]}"
2143,46.49030835386119,2025-04-01,287.86500671931674,861,0,40,0.3331290223720503,0.0032899252700318016,0.6735503566392087,298.57428768702914,0.6962313295246695,"{""type"":""Point"",""coordinates"":[82.67034281464613,18.325000029523437]}"
2144,180.0,2025-04-01,282.0169958841233,306,0,40,0.6619718309859155,0.0021214805173386253,0.9274099368670311,303.64581507728207,0.36441824213291674,"{""type"":""Point"",""coordinates"":[80.42850099058602,21.349656229559322]}"
2145,354.8113541529928,2025-04-01,283.0470019295102,501,0,30,0.21672272945699184,0.029658319764088503,5.5702271209083145,298.66768310183573,0.9332418246241464,"{""type"":""Point"",""coordinates"":[82.76645047004749,23.40866637060391]}"
2146,180.0,2025-04-01,286.95935544513515,264,0,40,0.42053068882337175,0.019948246293019167,1.8543341688295631,302.4843916211809,0.29176085240121197,"{""type"":""Point"",""coordinates"":[83.13888618596494,21.144932980896947]}"
2147,119.0049386450593,2025-04-01,285.0860934938703,458,0,10,0.3149864537287894,0.04650861244673621,5.71934545496598,299.44364920116607,0.7820074783602065,"{""type"":""Point"",""coordinates"":[84.112267898665,22.47665215280298]}"
2148,160.29191026328252,2025-04-01,282.4730796359834,300,0,40,0.7360433604336043,9.676240014542259E-4,1.4774741123395518,302.95294979640414,0.48753800560715765,"{""type"":""Point"",""coordinates"":[80.27613585297125,21.478914588793113]}"
2149,180.0,2025-04-01,289.1050783339001,138,0,10,0.3174648695153427,0.024616333060215823,1.8543341688414132,302.83295467921664,0.28880098534796567,"{""type"":""Point"",""coordinates"":[83.74508143566261,20.961661981255222]}"
2150,294.86607896226155,2025-04-01,288.4643603279477,311,0,10,0.34310389950274794,0.030581491403530947,1.1027101083089061,300.97287050882977,0.224444414422923,"{""type"":""Point"",""coordinates"":[84.38340700157177,22.03890803576864]}"
2151,16.447785289854327,2025-04-01,280.98253717876617,645,0,10,0.4815531297498964,0.009242611341427676,5.303657315101894,300.1156811487107,0.9361453155913817,"{""type"":""Point"",""coordinates"":[81.03497542551939,22.51174220318262]}"
2152,169.69612880219415,2025-04-01,282.48077587854294,840,0,10,0.4760348583877996,0.03741519372935187,2.8257880377022953,297.5618307022822,0.9948591564829955,"{""type"":""Point"",""coordinates"":[82.55892610470985,23.54369702842949]}"
2153,132.4334299161055,2025-04-01,282.7152671359834,444,0,10,0.3730517848164907,0.02046205323214423,4.799854381128717,298.8261071159726,0.5839274189128657,"{""type"":""Point"",""coordinates"":[81.75294997287963,23.90847796209985]}"
2154,180.0,2025-04-01,286.7052748089745,234,0,10,0.2891178364455892,0.0014047048615921653,1.390963080774087,303.85743268330896,0.8627454437915363,"{""type"":""Point"",""coordinates"":[80.57289299046032,19.532808375497062]}"
2155,133.34977510122138,2025-04-01,290.6360086259388,475,1,40,0.30678210678210677,0.02477684836859595,3.3739462899432997,300.5617376963297,0.990793570701147,"{""type"":""Point"",""coordinates"":[83.32385671986187,19.26633798530842]}"
2156,193.62861564037672,2025-04-01,287.8185386203584,254,0,10,0.3092337917485265,0.0037278256940354026,10.382821859528171,303.19837506612146,0.6136390516663391,"{""type"":""Point"",""coordinates"":[83.16654021495302,20.382776219448512]}"
2157,-0.0,2025-04-01,284.99515692392987,374,0,30,0.2188151235486752,0.003333198242138735,0.4637353428839794,303.65808605012444,0.5918431336110691,"{""type"":""Point"",""coordinates"":[80.69644532873815,20.25474952130058]}"
2158,-0.0,2025-04-01,288.7551318123227,231,0,30,0.25946068434171765,0.032857286148022524,0.463735342881014,302.09848086039216,0.2866815343357437,"{""type"":""Point"",""coordinates"":[83.41859502755523,21.32914174603092]}"
2159,307.3642121106241,2025-04-01,282.8700987952096,700,1,10,0.4150030998140112,0.03437273424143683,3.815089221244289,298.23470551627025,0.8646074662976087,"{""type"":""Point"",""coordinates"":[82.41907094658612,23.61137271399893]}"
2160,28.2204054194997,2025-04-01,282.07717654818583,326,0,40,0.29852871381110585,0.0022217951344956077,2.104271841052386,303.58073416210357,0.3757759234318203,"{""type"":""Point"",""coordinates"":[80.34462080634,21.298290857122172]}"
2161,57.63847825113034,2025-04-01,289.0172632762364,296,0,10,0.35541451804839347,5.123339223374046E-4,3.46135689334478,303.97521309625535,1.702126328504647,"{""type"":""Point"",""coordinates"":[80.33480973404058,18.099628167354577]}"
2162,166.5881318595343,2025-04-01,283.35048035212924,419,0,10,0.36555232558139533,0.0026829115676392234,4.282732474913546,302.48969296046664,0.18987924260211037,"{""type"":""Point"",""coordinates"":[80.75414769347445,21.261819547165445]}"
2163,-0.0,2025-04-01,285.43019226619174,347,0,80,-0.19865319865319866,0.010128485374401919,0.0,302.87173816135953,0.1810636910175465,"{""type"":""Point"",""coordinates"":[81.46734221915635,20.58198915871965]}"
2164,180.0,2025-04-01,283.02433172861737,297,0,40,0.20178514504303474,0.0039430282639969505,2.3174627380815918,303.14215878077914,0.34361454578214035,"{""type"":""Point"",""coordinates"":[81.23233953021696,21.470214122053136]}"
2165,90.0,2025-04-01,283.3217124484834,576,0,40,0.1723034734917733,0.03732341747755896,1.0057873783119016,298.10080019632977,1.0475466834163223,"{""type"":""Point"",""coordinates"":[83.69823420231431,22.77071373841103]}"
2166,132.9703366454544,2025-04-01,290.82640924907867,153,0,40,0.8109430604982206,0.035129340701054446,1.360460562258655,302.03920700436544,0.41242275314374743,"{""type"":""Point"",""coordinates"":[83.80164252034439,21.3227862223091]}"
2167,47.07973968079582,2025-04-01,288.09690543583457,214,0,40,0.2945040507992117,0.041299464516590945,1.3617382118664094,301.7785461970738,0.1874065112041565,"{""type"":""Point"",""coordinates"":[83.42518332267305,21.578350037161304]}"
2169,270.0,2025-04-01,284.6566385087513,457,0,10,0.3287113790504898,0.018085198812435976,9.944393172139533,300.30811046418694,1.1662382902646726,"{""type"":""Point"",""coordinates"":[82.71519263411156,22.587405932367535]}"
2170,199.43507247478803,2025-04-01,288.24885391053704,522,0,10,0.4385432473444613,0.004175158553074709,22.39075747632647,303.10513078598746,1.0084999153780942,"{""type"":""Point"",""coordinates"":[80.92056342590199,19.142311831931362]}"
2171,324.2101707835726,2025-04-01,283.6869003205072,297,0,50,0.32405797101449274,0.008739041500042788,1.7145914275376968,301.69384683881486,1.1483219395906306,"{""type"":""Point"",""coordinates"":[82.73986282114335,22.37701891228962]}"
2172,-0.0,2025-04-01,295.56998021262035,33,0,40,0.40022522522522525,0.005076589398335329,2.317462738066788,301.6797273726691,1.8482372994143517,"{""type"":""Point"",""coordinates"":[83.79393657068209,18.512431379216896]}"
2173,95.49604446956222,2025-04-01,282.97641622452505,737,0,10,0.7692082968156588,0.014122369103382937,22.905900485380656,299.69380614871073,0.9846254727164677,"{""type"":""Point"",""coordinates"":[82.93347986074454,22.525393419036526]}"
2174,-0.0,2025-04-01,292.4305352256411,126,0,10,0.2978274363749224,0.0022786728667725242,3.704791833671086,301.73751894632977,1.125695765942785,"{""type"":""Point"",""coordinates"":[83.73085182598335,19.13182959915098]}"
2175,332.2390513022957,2025-04-01,290.06400458017987,178,0,10,0.36096561147802325,3.3869069094549786E-4,1.0480155011629657,302.4854146866572,0.7481487021981322,"{""type"":""Point"",""coordinates"":[82.04955555461584,18.213247660928214]}"
2176,259.57902896481914,2025-04-01,283.6381128856114,712,0,40,0.25681159420289856,0.05985662560934912,2.5621325481900326,296.6375084831601,1.102985757250948,"{""type"":""Point"",""coordinates"":[84.17643108222462,23.13731647445185]}"
2177,133.02808092786861,2025-04-01,285.50870091574535,302,0,40,0.23268901394666014,0.01915499787802588,0.6795913477350958,302.5352949414934,0.051249333009273784,"{""type"":""Point"",""coordinates"":[81.06379129973898,21.023888216208693]}"
2178,212.5113591509502,2025-04-01,290.55901132311146,332,0,40,0.25515239477503626,0.0157246313619126,2.7475290091365454,301.56280145191016,0.9955009989718566,"{""type"":""Point"",""coordinates"":[83.56235905398228,19.711888829831945]}"
2179,12.472192121564806,2025-04-01,287.1983458655221,693,0,10,0.6688648139425342,4.2771022791754376E-4,41.03626386416965,303.3074768611363,1.223296267437811,"{""type"":""Point"",""coordinates"":[82.05319393857172,18.687961154641595]}"
2180,270.0,2025-04-01,283.10539222898944,476,0,30,0.27627365356622996,0.019138830118130556,2.0209543339107356,299.42121151515414,0.7247758145741856,"{""type"":""Point"",""coordinates"":[81.15302302459033,23.43759790191447]}"
2181,216.05049369305684,2025-04-01,280.6202673684983,396,0,40,0.33084745762711865,0.0031349978970993675,3.4374004579277244,299.92568161374044,0.8680193164019745,"{""type"":""Point"",""coordinates"":[80.67993176875743,23.667425319027423]}"
2182,146.21186819313107,2025-04-01,282.3097902479626,514,0,10,0.5259179265658748,0.017551871352146975,14.20910075814671,299.01454880124044,1.0118423034064847,"{""type"":""Point"",""coordinates"":[82.48439328848752,23.12340328554466]}"
2183,125.38976917182356,2025-04-01,288.8617515109834,347,0,30,0.36930860033726814,0.002992840819310061,2.4008574413158903,302.95168259030294,1.3418672715077027,"{""type"":""Point"",""coordinates"":[80.99487674706208,18.70298404132615]}"
2184,133.11033313610614,2025-04-01,287.8521951493763,156,0,40,0.2855421686746988,0.010648133568714968,1.3569068563623183,303.49346551441016,0.29854505519812563,"{""type"":""Point"",""coordinates"":[83.66862139508395,20.589817236013452]}"
2185,256.6445098515521,2025-04-01,293.5543028967721,103,0,40,0.3259170174383644,0.005016180090855471,2.0068034296243513,302.09151703970775,1.2447466790036794,"{""type"":""Point"",""coordinates"":[83.28287359955276,18.258616110741855]}"
2186,289.9240086809507,2025-04-01,290.39187962668285,862,0,30,0.455503188245079,0.022107394747685305,38.08934043643226,300.4830372219994,1.0044765699621347,"{""type"":""Point"",""coordinates"":[83.25706933718224,19.157888972403473]}"
2187,324.4082524872356,2025-04-01,286.9530775433495,260,0,30,0.23368858851052768,0.02560140412325751,1.710341230957014,302.0778509775797,0.44242340487648785,"{""type"":""Point"",""coordinates"":[83.02021660245475,21.334279898976455]}"
2188,100.6103125789039,2025-04-01,285.4912622996739,280,0,40,0.3932712956335004,0.010641279034565798,2.5169797722020846,303.1504479362851,0.15795672553421386,"{""type"":""Point"",""coordinates"":[82.92447036246215,20.503133882593534]}"
2189,118.9564855908751,2025-04-01,279.6820756367275,593,0,30,0.16062176165803108,0.0024973772096146263,2.8711873400525425,299.09810883658275,0.9391573582521635,"{""type"":""Point"",""coordinates"":[80.86240477804932,22.751466305674345]}"
2190,65.25519676598465,2025-04-01,282.88068984803704,573,0,40,0.25583414740041244,0.03190899115080725,1.1077705584232251,298.47297514052616,1.1315576211515084,"{""type"":""Point"",""coordinates"":[82.04130746043239,22.810632025854716]}"
2191,84.727079020921,2025-04-01,280.3656984510876,692,0,10,0.3591503267973856,0.00738078575606238,5.033210656563503,299.90345319112146,0.905205380025353,"{""type"":""Point"",""coordinates"":[81.00951661834466,22.64532738308859]}"
2192,137.90885277993843,2025-04-01,292.0921853837513,178,0,30,0.41843971631205673,0.007789137177418581,4.366018707759529,301.36455345153814,0.9262936839719014,"{""type"":""Point"",""coordinates"":[83.22497265130423,18.39315325977029]}"
2193,310.1331361952308,2025-04-01,287.1247374670846,923,0,30,0.3875624652970572,0.002513351254414431,5.736510345077814,298.3936817532494,0.7419589825342974,"{""type"":""Point"",""coordinates"":[82.71015631191923,18.47733628843454]}"
2194,82.7205051658641,2025-04-01,284.1133093606858,699,0,10,0.5240774449776601,0.0014440439271439232,35.093863413731754,302.47887520563035,0.6965503335527976,"{""type"":""Point"",""coordinates"":[81.09875009002334,19.843237351307366]}"
2195,126.89747118989344,2025-04-01,285.435633114406,365,0,10,0.14028776978417265,0.004547166042279116,3.086664741667352,303.6077407655262,0.6830656077087692,"{""type"":""Point"",""coordinates"":[80.71024242745534,20.208588326989073]}"
2196,133.32632707748317,2025-04-01,285.7785751251948,568,0,40,0.21908471275559882,0.006695645265530459,2.026744354524592,301.4530428023566,1.1652118708811743,"{""type"":""Point"",""coordinates"":[81.7583078233625,19.400646876264478]}"
2197,127.12899031591293,2025-04-01,290.5309932799566,237,0,40,0.37618660157309464,0.01498186808104407,3.0701969615621585,300.2882711319697,0.812295038104626,"{""type"":""Point"",""coordinates"":[83.2472801614549,18.85114523671295]}"
2198,332.15967601746763,2025-04-01,293.3000478744507,102,0,40,0.437219730941704,0.0025237522649277366,3.143536809772501,302.47793933323453,1.2645958466022902,"{""type"":""Point"",""coordinates"":[83.49887975311269,18.788241116367693]}"
2199,-0.0,2025-04-01,288.17001392727803,209,0,30,0.272288381074992,0.015687870197247378,2.7802885155465065,303.3792425791422,0.27479415539467184,"{""type"":""Point"",""coordinates"":[83.40613170523824,20.733298523755]}"
2200,259.4467592419944,2025-04-01,287.42087423233755,246,0,40,0.5732666190135811,0.031556608490895144,2.5304186002931104,302.0864772796631,0.3157843293066726,"{""type"":""Point"",""coordinates"":[83.34074823068693,21.330131267891428]}"
2201,132.43894586715362,2025-04-01,280.5637546266828,386,0,30,0.18576349024110217,0.0022800884770859398,0.6871967344725199,299.8755049024309,1.08930807946075,"{""type"":""Point"",""coordinates"":[80.70542714560155,23.882949044995684]}"
2202,249.77449859004247,2025-04-01,280.45754182906376,705,0,40,0.30766762913057427,0.008040549569081179,2.680854619370974,298.69808442252025,0.8849169044097431,"{""type"":""Point"",""coordinates"":[81.19449777598663,22.914651520469004]}"
2203,331.4986860256132,2025-04-01,283.1188780920846,428,0,30,0.2581641659311562,0.024930628352116457,3.162979260386663,298.5751131148565,1.1111872346156384,"{""type"":""Point"",""coordinates"":[82.22076338621399,22.95177076597754]}"
2204,79.64792628754584,2025-04-01,281.3345065798078,376,0,10,0.3727993809247437,0.008228632025669924,2.578974089569856,299.21540678115116,1.1119813762303679,"{""type"":""Point"",""coordinates"":[83.56475023588526,24.027812603755017]}"
2205,242.27382279660264,2025-04-01,286.7462148666382,621,0,30,0.42563817980022195,0.006252171807240359,4.971355102331672,301.2028509775797,1.3225661410741552,"{""type"":""Point"",""coordinates"":[81.58885704480888,18.90316728922563]}"
2206,139.34908557271373,2025-04-01,285.7531845001947,291,0,10,0.28945281522601113,0.01619540374750983,3.05332043133201,302.3158532097226,0.5694936512664011,"{""type"":""Point"",""coordinates"":[82.60669635094585,21.298847300293748]}"
2207,249.6966991590411,2025-04-01,283.12823681604294,526,0,10,0.4170710819297745,0.007027076892804018,2.67102739153203,301.30081530979703,0.9920163758982995,"{""type"":""Point"",""coordinates"":[81.86382709365897,22.341026385118074]}"
2208,27.913804771029977,2025-04-01,285.6611899875459,575,0,10,0.3755375059722886,0.004316540770481936,1.049492676008092,302.0044692811512,1.0873177932748739,"{""type"":""Point"",""coordinates"":[82.27542948586438,19.302180832976067]}"
2209,336.9844737072547,2025-04-01,284.63291617802207,601,0,10,0.5556624188506852,0.0029419235515106834,2.51764176266988,301.73004359290707,0.7775810966083797,"{""type"":""Point"",""coordinates"":[81.69437180588459,19.67262043935952]}"
2210,226.76790456021456,2025-04-01,286.05179754892987,295,0,40,0.41389728096676737,0.003111960701893679,0.6770133107744155,303.9772592272078,0.7440587401210191,"{""type"":""Point"",""coordinates"":[80.47590443180812,19.928504295356916]}"
2211,115.24193448038535,2025-04-01,289.3966054916382,429,0,10,0.3626737260092654,0.020415829830120913,3.258913712897551,300.94140543256486,0.8249948127733345,"{""type"":""Point"",""coordinates"":[83.27446640379407,19.45235240039817]}"
2212,64.5802107297406,2025-04-01,290.6434897922334,191,0,10,0.2900750625521268,2.458117532242454E-4,1.080241450646464,304.4151777539934,1.9311525825327185,"{""type"":""Point"",""coordinates"":[81.04856824748276,18.099324277233563]}"
2213,180.0,2025-04-01,289.6272311891828,216,0,10,0.4,0.043250518255185,1.390963080774087,301.24325043814525,0.27622924929720405,"{""type"":""Point"",""coordinates"":[83.62869150305616,21.48234196167592]}"
2214,270.0,2025-04-01,291.4226122810727,150,0,10,0.5753012048192772,0.0020646325873840965,4.898147918165489,300.5643941788447,1.0357517185952103,"{""type"":""Point"",""coordinates"":[83.95213856918079,19.18441495549609]}"
2215,-0.0,2025-04-01,283.2080649875459,274,0,40,0.36644993498049416,0.006508024744938723,0.9274099368611016,302.2309271494547,0.9686244761524645,"{""type"":""Point"",""coordinates"":[81.91158486121131,22.153556328838356]}"
2216,165.00338710866316,2025-04-01,284.6059328260876,323,0,40,0.8451327433628318,0.009332018308590762,3.8350387857164434,302.6142395564488,0.39441266805603176,"{""type"":""Point"",""coordinates"":[82.25293581027111,21.055402911729427]}"
2217,308.2706329713076,2025-04-01,281.89358861105785,661,0,10,0.49645591153955204,0.02922715466494452,8.91217260877124,298.08964529491607,0.8786206830559619,"{""type"":""Point"",""coordinates"":[83.31756859640821,23.01443069591828]}"
2218,220.7927308954885,2025-04-01,283.42377485547746,297,0,40,0.1819920553185229,0.0073450527715195335,3.059820469584789,302.4015523819697,0.775288666300201,"{""type"":""Point"",""coordinates"":[81.46008573014686,22.021272772250853]}"
2219,270.0,2025-04-01,285.72655573345367,288,0,40,0.32527997986661633,0.012956248931836,0.49898035082740777,302.13210251217794,0.651743749095594,"{""type"":""Point"",""coordinates"":[81.86957776639679,21.663789511626305]}"
2220,-0.0,2025-04-01,286.1827557427543,225,0,40,0.3336648433615117,0.013691621236752383,0.9274099368611016,302.4760036468506,0.258188182658125,"{""type"":""Point"",""coordinates"":[82.92483367791417,20.995082227422465]}"
2221,285.1800107516097,2025-04-01,290.064039457412,146,0,10,0.29973630237327864,3.494940328110374E-4,3.5375340543471,304.33396030607673,1.7327378134822293,"{""type"":""Point"",""coordinates"":[80.86391688735405,18.26454858027534]}"
2222,133.12228760533725,2025-04-01,284.2728843234834,409,0,10,0.31459170013386883,0.0052667282151688255,0.6783973971696846,303.5339637938,0.02674416282277427,"{""type"":""Point"",""coordinates"":[82.13384059261233,20.52629137114917]}"
2223,-0.0,2025-04-01,284.1133093606858,461,0,10,0.3102877935825339,0.0014440439271439232,1.390963080774087,302.47887520563035,0.6965503335527976,"{""type"":""Point"",""coordinates"":[81.12830309188287,19.841087176234417]}"
2224,222.42365318699112,2025-04-01,284.28517854781376,634,1,10,0.31100819380121125,0.007173838429402224,8.727108135946514,302.85936836969285,0.07903394962392177,"{""type"":""Point"",""coordinates"":[82.15716700695623,20.29652909079276]}"
2225,192.0794639162258,2025-04-01,285.08856977735246,367,0,30,0.22030651340996169,0.017501997165631167,2.369877993502621,302.7274278004964,0.16716224091111082,"{""type"":""Point"",""coordinates"":[82.38706218986617,20.84380597111029]}"
2226,34.356821998762605,2025-04-01,281.3144056683495,412,0,40,0.28030965164190286,0.009733917527150027,4.48480770948171,299.2263001033238,1.0092841236672043,"{""type"":""Point"",""coordinates"":[83.47575153614507,23.897909701566164]}"
2227,160.5035121933525,2025-04-01,286.41757833390005,256,0,10,0.22492140611603315,0.0024975709247101463,1.475533016268755,304.06875964573453,0.8051171027048514,"{""type"":""Point"",""coordinates"":[80.31949623957446,19.69673959593622]}"
2228,112.80080485376301,2025-04-01,279.74600560324535,661,0,10,0.532300496930722,0.005245777182530276,5.96176249192902,300.434110278175,0.8893844813665108,"{""type"":""Point"",""coordinates"":[80.73326132772746,22.356923857059286]}"
2229,182.29606310578146,2025-04-01,280.07306684766496,572,0,10,0.3163587951406224,0.005328419022511355,12.336927186845273,300.51867012750535,0.8878190844857433,"{""type"":""Point"",""coordinates"":[80.74972986650425,22.523087217735075]}"
2230,83.95903155383796,2025-04-01,281.25128369104294,671,0,10,0.4002799160251924,0.016601594500492922,12.992345043238215,298.6201570601691,0.8423530011246628,"{""type"":""Point"",""coordinates"":[81.81602475627729,23.484254463818765]}"
2231,188.46309141115015,2025-04-01,282.1696593420846,623,0,10,0.2593945720250522,0.02041934650416266,10.2054056097783,298.7020371754964,0.6899344164905568,"{""type"":""Point"",""coordinates"":[83.10148968076548,23.584964986943298]}"
2232,132.44555655852312,2025-04-01,281.25071984245665,403,0,40,0.3180621379673512,0.010234924368809573,1.374022513379222,299.0950512658982,1.000924819976264,"{""type"":""Point"",""coordinates"":[83.57931152753002,23.853047991568992]}"
2233,66.29108929644359,2025-04-01,282.94720654260544,435,0,10,0.4233975280252946,0.025436627082775942,13.579909896978581,298.32599667140414,0.7730740513931643,"{""type"":""Point"",""coordinates"":[82.46752154997117,23.807639851683074]}"
2234,-0.0,2025-04-01,285.641687801906,287,0,40,0.19516989609660207,0.01871116679186713,2.7802885155287553,302.6455825624012,0.2547795977635766,"{""type"":""Point"",""coordinates"":[82.71162601899762,20.80852847028308]}"
2235,21.19054125358193,2025-04-01,279.64626834506083,627,0,40,0.1621458710066305,0.003248231821011416,6.929286609913511,300.1042762938,1.1392551743549137,"{""type"":""Point"",""coordinates"":[80.63153321680605,22.89453196333219]}"
2236,180.0,2025-04-01,291.6553771155221,136,0,30,0.4331700489853044,0.02905737083430182,1.390963080774087,300.68708065577914,0.42766741290838306,"{""type"":""Point"",""coordinates"":[84.34598893509109,19.801661605708425]}"
2237,199.94450773617422,2025-04-01,282.9594775154477,796,0,10,0.38503366131538064,0.06465220671172034,5.8990743836374655,296.6545053209578,0.9053180281341799,"{""type"":""Point"",""coordinates"":[84.08338588939303,23.278817568547552]}"
2238,38.52682448003493,2025-04-01,285.1422574633644,746,0,30,0.3636080870917574,0.005575390868138186,2.369787277608547,300.7253816695441,0.5422700079913715,"{""type"":""Point"",""coordinates"":[82.97085683521284,19.61437844993922]}"
2239,175.9853652158618,2025-04-01,289.28751532236737,149,0,10,0.27672121480171014,4.616848754395164E-4,6.939165099360014,304.6202791304816,1.6005812828549444,"{""type"":""Point"",""coordinates"":[80.4351519022627,18.214266710909126]}"
2240,256.7458800728949,2025-04-01,285.00473072415303,611,0,40,0.6513227513227513,0.0041583202409256614,2.0218615023552493,301.66989199320477,0.9034425473327087,"{""type"":""Point"",""coordinates"":[81.73299831631488,19.578799860179352]}"
2241,-0.0,2025-04-01,284.337476957412,607,0,40,0.25496461994978314,0.00758309882159125,0.9274099368670311,302.13825834365116,0.7622507449185678,"{""type"":""Point"",""coordinates"":[82.30347854330645,19.610810313656508]}"
2242,249.5504117429765,2025-04-01,286.8206603186471,239,0,30,0.11474571939688219,0.020028295330952517,2.6527558865421828,302.20675141470775,0.4565497839278166,"{""type"":""Point"",""coordinates"":[83.03055124189956,21.21824310059595]}"
2243,65.45408970357178,2025-04-01,282.2738027572631,486,0,10,0.3721831491316205,0.01538557034010779,3.345163341761787,298.8797657376244,0.7429668186598806,"{""type"":""Point"",""coordinates"":[82.32610813130212,24.021860391252883]}"
2244,332.0660699175802,2025-04-01,287.3270893551054,253,0,10,0.25731809311402287,0.002617122940968386,1.049688030590969,303.99750546046664,0.9137861208527386,"{""type"":""Point"",""coordinates"":[80.4630925344013,19.441055450376602]}"
2246,300.15248872742256,2025-04-01,288.14340841202505,1176,0,30,0.5188528943175783,0.0012512527036179222,19.519318503220425,298.7858646029518,0.677803729310038,"{""type"":""Point"",""coordinates"":[82.43410894692887,18.090044722313344]}"
2247,221.23483185814536,2025-04-01,290.27931335994174,488,0,10,0.7106666666666667,0.012790920548390261,7.35931262841614,298.4120388031006,1.14404220955571,"{""type"":""Point"",""coordinates"":[82.8657032703483,18.05812667758744]}"
2248,340.5146170662896,2025-04-01,286.3832882018317,262,0,10,0.23220973782771537,0.0015446565675247825,1.4754318435721216,303.76075299580896,0.8240265924993906,"{""type"":""Point"",""coordinates"":[80.50438695031477,19.59793836734354]}"
2249,180.0,2025-04-01,281.01797825949535,445,0,40,0.26922001677383284,0.006737994365643374,3.704791833671086,301.75671304975236,0.8380862061481326,"{""type"":""Point"",""coordinates"":[81.10899559116828,21.962452189574613]}"
2250,6.26455741909466,2025-04-01,285.56062730153405,405,0,10,0.3149271844660194,0.0149779192733277,17.617650524918652,302.1237668536959,0.22556039197322678,"{""type"":""Point"",""coordinates"":[82.8202785141288,20.88245938263301]}"
2251,232.5795568873341,2025-04-01,288.57093933650424,628,0,10,0.41582289342714945,0.009563239626835696,19.10169545729503,298.8919204530262,0.785789784285886,"{""type"":""Point"",""coordinates"":[84.03957610318352,19.66234116436082]}"
2252,180.0,2025-04-01,286.1385604767573,295,0,10,0.41570438799076215,0.001789721064518801,0.9274099368611016,303.714383715675,0.7994466649653251,"{""type"":""Point"",""coordinates"":[80.60570570867021,19.696151128248804]}"
2253,238.07674039501669,2025-04-01,289.4516824540638,135,0,10,0.413236746789595,0.02198259752268683,1.7534630889598395,302.7625259217762,0.2663578262127179,"{""type"":""Point"",""coordinates"":[83.81778958879644,20.850599825127016]}"
2254,121.93719133006128,2025-04-01,285.6700604302543,305,0,40,0.7591064855946186,0.017324390225361697,1.7527794741406837,302.6052179790678,0.19435575244003972,"{""type"":""Point"",""coordinates"":[81.75848295892345,20.768969646061326]}"
2255,140.33774689762714,2025-04-01,288.80923802512035,384,1,30,0.1662915728932233,9.928814696777977E-4,8.37357474997958,304.21298281351727,1.4702838192455485,"{""type"":""Point"",""coordinates"":[80.52243933046276,18.617823245952643]}"
2256,160.09330034282888,2025-04-01,279.98986139751617,686,0,40,0.186875,0.005411850624035708,4.430094193968628,299.4813456762405,0.9737248312865823,"{""type"":""Point"",""coordinates"":[80.9157610457762,23.00286668466989]}"
2257,270.0,2025-04-01,286.13340445927207,270,0,40,0.30829294561120085,0.0072878323125351585,0.49496433064952344,303.2885268983387,0.2679800899929192,"{""type"":""Point"",""coordinates"":[82.98729010244224,20.46187127746838]}"
2258,14.787768256130189,2025-04-01,286.5623130344209,896,0,40,0.49210377890580936,0.007952185683201662,1.917810989264229,298.0620283399309,0.5580863924093941,"{""type"":""Point"",""coordinates"":[82.92742478354597,18.732289559430832]}"
2259,180.0,2025-04-01,280.1379210608346,384,0,30,0.18446601941747573,0.002282979302357546,0.463735342881014,299.61340250287736,1.2684280709247266,"{""type"":""Point"",""coordinates"":[80.51024260231685,23.986176582630268]}"
2260,43.306678694120606,2025-04-01,284.5222100303286,429,0,10,0.2226950354609929,0.003800975494336001,10.707379026972722,303.21548816135953,0.26066552369889834,"{""type"":""Point"",""coordinates"":[80.71189424439694,20.59173755270855]}"
2261,217.78378324615588,2025-04-01,280.7008512133644,758,0,40,0.1829717560376586,0.01877162080283057,4.100414665529946,298.6286380404518,0.8721145765653647,"{""type"":""Point"",""coordinates"":[81.44338742040938,22.8695456066954]}"
2262,270.0,2025-04-01,296.4872397922335,40,0,30,0.4379977246871445,0.001645462923001162,1.951937796793016,301.5177051907494,3.7363270311931744,"{""type"":""Point"",""coordinates"":[83.7280492796156,18.20225518075448]}"
2263,191.89589745749262,2025-04-01,289.78387646448044,181,0,40,0.6305387312719158,2.1976452345739972E-4,2.368268202294167,303.1134431929815,0.9022748602212218,"{""type"":""Point"",""coordinates"":[81.95954236544121,18.30349718069575]}"
2264,148.52942605661872,2025-04-01,288.9258849280221,585,0,10,0.5198816956950378,0.01669170182223212,17.38855603374307,301.16060883658275,0.9801769982835362,"{""type"":""Point"",""coordinates"":[83.54298856849476,19.841490888670716]}"
2265,312.4821148865401,2025-04-01,281.7745119276501,535,0,10,0.3385563832519908,0.017146053128193728,2.059105280275225,298.94228317624044,0.777494752762516,"{""type"":""Point"",""coordinates"":[83.50705588131862,23.686460833723903]}"
2266,345.1683882739087,2025-04-01,286.0799957911173,557,0,40,0.318170701883101,0.0014045260476578392,1.9181987433522942,301.41633451552616,1.045666767065935,"{""type"":""Point"",""coordinates"":[82.45360414825133,19.248037955027904]}"
2267,168.37525125001594,2025-04-01,289.22448635101324,851,0,10,0.5459807073954984,8.053354548920311E-4,20.812575436973052,300.38544491359164,0.6798996487509974,"{""type"":""Point"",""coordinates"":[82.06608726194749,18.00034484641233]}"
2268,180.0,2025-04-01,290.41517761775424,124,0,10,0.3801580333625988,2.679697799194969E-4,1.3909630807829783,304.3633385612851,1.856565893860361,"{""type"":""Point"",""coordinates"":[80.99695383572097,18.22178467091985]}"
2269,344.85525471918766,2025-04-01,280.34317938486737,572,0,40,0.2041436775137935,0.006132679395626894,3.837701595626071,300.5538728804816,0.8919734824587469,"{""type"":""Point"",""coordinates"":[80.87226451032562,22.53111170073443]}"
2270,312.64967831282524,2025-04-01,283.93605745406376,608,0,40,0.26926829268292685,0.0406436793136109,2.7358431129569962,297.9349531446184,1.0501580184817623,"{""type"":""Point"",""coordinates"":[83.86174318904105,22.905742710185475]}"
2271,245.17500883269366,2025-04-01,286.8136732464745,257,0,40,0.20704633204633205,0.05040492337221991,1.1044188315349552,300.2384606315976,0.6275176762011341,"{""type"":""Point"",""coordinates"":[84.04309203340777,22.302675821420504]}"
2272,270.0,2025-04-01,286.46863278888526,322,0,10,0.2888157894736842,0.016749503426503054,1.9913792257640421,302.02300071716314,0.5520432525799069,"{""type"":""Point"",""coordinates"":[82.51902925083944,21.388825134534535]}"
2273,90.0,2025-04-01,285.6111411594209,654,0,10,0.3657201505302771,0.0011360071229447044,9.271007091844108,302.4848392123268,0.8119258345895144,"{""type"":""Point"",""coordinates"":[80.76040425000751,19.594279085698584]}"
2274,281.4182204328421,2025-04-01,287.95615255265005,632,0,30,0.45971247074557003,0.017201545052479617,6.992618574621052,300.4398708343506,0.7247056364603772,"{""type"":""Point"",""coordinates"":[83.18105084675102,19.52281900143801]}"
2275,90.0,2025-04-01,282.1595740091233,484,0,30,0.224267412752172,0.02037938158984076,1.5137482204866295,299.19771821158275,0.7884793866498496,"{""type"":""Point"",""coordinates"":[81.7046523439556,23.24056736718785]}"
2276,100.64371453432418,2025-04-01,288.0206289291382,364,0,10,0.3497481813094572,0.009527208619068972,2.5091816602068504,301.1804365430559,0.8636913613785728,"{""type"":""Point"",""coordinates"":[83.7074822389787,20.00282382190468]}"
2277,115.13817335296324,2025-04-01,285.0470019295102,409,0,30,0.20294215981277164,0.004018085412930361,1.091540620877786,303.5438747406006,0.6190305938706869,"{""type"":""Point"",""coordinates"":[80.9134087104164,20.19976166267387]}"
2278,112.85738339433153,2025-04-01,282.71183172861737,462,0,10,0.4162129461584997,0.015013145618389956,7.126247763649069,299.00146402631486,0.591363246467687,"{""type"":""Point"",""coordinates"":[81.80665357128188,24.02941860809233]}"
2279,-0.0,2025-04-01,281.6344042732602,530,0,40,0.3040587021325384,0.017067270688961855,0.463735342881014,298.82114292326423,0.7871471346788137,"{""type"":""Point"",""coordinates"":[81.84730753726697,23.31710328599012]}"
2280,90.0,2025-04-01,285.45031061626617,315,0,10,0.26279470960322027,0.004984753541897646,0.4937883857815359,303.645536059425,0.7255565344951883,"{""type"":""Point"",""coordinates"":[80.7749496103851,20.093004138598292]}"
2281,199.47657115651702,2025-04-01,286.8527357464744,253,0,10,0.30412371134020616,0.001636447720478884,1.4753516117896464,303.92144984290707,0.8727007157674334,"{""type"":""Point"",""coordinates"":[80.4772099378314,19.519293407573187]}"
2282,127.6539707098313,2025-04-01,280.0826987766084,579,0,10,0.3333333333333333,0.0021706394481171287,3.7901090166149722,301.5797401609875,0.9283135567410978,"{""type"":""Point"",""coordinates"":[80.40111230519072,22.191246982751196]}"
2283,100.36024389708534,2025-04-01,282.2628861836025,382,0,10,0.32769979948438843,0.011356981806706301,2.5769651874358313,299.46445928301125,0.9671488258189948,"{""type"":""Point"",""coordinates"":[83.18608926194746,23.923887932179074]}"
2284,84.19216831770686,2025-04-01,282.265955380031,622,0,10,0.385039941902687,0.024240495972584597,4.573078767120146,298.8178528376988,0.6820341993014972,"{""type"":""Point"",""coordinates"":[82.23296689884491,23.73264078998306]}"
2285,-0.0,2025-04-01,288.2156798498971,250,1,40,0.25723016479319,0.03335187058920752,0.0,301.15612711225236,0.20933186818165075,"{""type"":""Point"",""coordinates"":[84.286031042571,22.04631893405034]}"
2286,86.26869396248875,2025-04-01,281.2701987766084,410,0,10,0.41686046511627906,0.01234798353190314,7.089637358122457,299.1196339016869,0.6770815390036874,"{""type"":""Point"",""coordinates"":[81.72224743804924,24.07391643274286]}"
2287,133.45468501741877,2025-04-01,288.92930870964415,203,0,10,0.33899082568807337,0.011985423378895632,5.378256553972617,299.4023603711809,0.6343306803342565,"{""type"":""Point"",""coordinates"":[83.13163977376705,18.654993186586992]}"
2288,102.5682760204003,2025-04-01,289.46295361291794,624,0,10,0.30760749724366043,0.005705746226261965,18.50854104783221,300.9048599061512,0.9111290432290897,"{""type"":""Point"",""coordinates"":[83.83303809286386,19.72434600684237]}"
2289,202.96676862992823,2025-04-01,291.47607907794776,252,0,30,0.29877527769866136,0.011394592337559573,2.516734062793602,300.86221086411246,1.1083930640960946,"{""type"":""Point"",""coordinates"":[83.46566221503669,19.28914522159378]}"
2290,188.79283657974565,2025-04-01,283.8100576400757,371,0,10,0.45372262773722627,0.015394227914761416,3.2812313500113897,300.3347334180559,0.9209270986235956,"{""type"":""Point"",""coordinates"":[83.02278681432668,22.54739624545978]}"
2291,320.7389764790496,2025-04-01,281.8434177126203,1004,0,10,0.6033595231644541,0.031873869113873354,7.149989004147202,297.79745546976727,0.48347548899921344,"{""type"":""Point"",""coordinates"":[83.59694336052817,23.423057461648483]}"
2292,144.07153159559928,2025-04-01,281.517658551534,686,0,40,0.5714748784440843,0.02811430614466559,1.7175909925067725,298.13037027631486,0.8083012589957351,"{""type"":""Point"",""coordinates"":[83.3713320496648,23.074112317464962]}"
2293,144.19451445780024,2025-04-01,281.3619607743763,693,0,30,0.2601279317697228,0.014199780635784975,6.8292401253171215,298.8889035724458,0.9456670915279457,"{""type"":""Point"",""coordinates"":[81.26115145408977,22.45689361065449]}"
2294,312.6611267750324,2025-04-01,283.1796516690936,582,0,40,0.4742744063324538,0.043234544210385195,0.6843000969723814,298.004661105928,1.1468315423776352,"{""type"":""Point"",""coordinates"":[81.85860226988507,22.85086080843299]}"
2295,180.0,2025-04-01,290.84442915235246,81,0,10,0.3103867672099246,7.063370222937237E-5,0.4637353428839794,304.18883614313035,1.6384785926338041,"{""type"":""Point"",""coordinates"":[81.50835678712774,18.00452418138944]}"
2296,-0.0,2025-04-01,284.3188292639596,323,0,10,0.26309415682712683,0.004286306314419619,0.0,302.94063813345775,0.07350111557416335,"{""type"":""Point"",""coordinates"":[80.9488396240536,21.175543769415835]}"
2297,268.64604012041934,2025-04-01,292.81288850875126,203,0,10,0.6541518224171006,0.004907938055943362,18.908505032371465,300.9356506892613,1.215869814385391,"{""type"":""Point"",""coordinates"":[83.86690996228148,19.017635580403727]}"
2298,185.64660716598235,2025-04-01,281.34842259543285,718,0,30,0.32749003984063746,0.0255798719453324,5.112461851605051,297.6353286561512,0.726727603623231,"{""type"":""Point"",""coordinates"":[83.54051937636258,23.15290143946594]}"
2299,252.53845587062273,2025-04-01,288.18492975689117,206,0,10,0.33551127082652726,0.0044827781247605,1.5451055534232958,304.3429586319697,1.020998462637358,"{""type"":""Point"",""coordinates"":[80.28156618919361,19.3203441848483]}"
2300,20.0174891105725,2025-04-01,282.43586562928704,424,0,10,0.41513555184376205,0.014543669633816592,1.480357938049907,299.1435364314488,0.8291291949443903,"{""type"":""Point"",""coordinates"":[82.98326750786894,23.80084467181808]}"
2301,309.03845691896555,2025-04-01,287.9197290965489,516,0,40,0.28578143360752056,0.005236359648655764,4.409008959905359,302.1092695508684,1.2879156245296977,"{""type"":""Point"",""coordinates"":[81.51625174241975,18.906994639186912]}"
2302,308.4032113114247,2025-04-01,284.0903194518317,503,0,10,0.32956434985034916,0.004999788813542239,8.156410305186268,303.3670587993803,0.31697001400434294,"{""type"":""Point"",""coordinates"":[80.95802349180686,20.47835944390156]}"
2303,152.2798018021095,2025-04-01,291.3899206888108,74,0,40,0.3287134679120217,2.744815873612083E-4,1.0476236547446465,304.345987138294,2.0009007560398335,"{""type"":""Point"",""coordinates"":[80.86108542874938,17.909377066367536]}"
2305,28.477621127373094,2025-04-01,282.8080754507156,567,0,10,0.28292548803959305,0.027350368313740603,1.0550426644440007,298.3939026423863,1.1252231703224493,"{""type"":""Point"",""coordinates"":[82.13944131554734,22.817632611150827]}"
2306,36.968575384319614,2025-04-01,289.1950674057006,341,0,10,0.24879227053140096,5.816094207276024E-4,8.072217897407556,303.610129855928,1.5740261036191174,"{""type"":""Point"",""coordinates"":[80.58250175806057,18.383040072707143]}"
2307,-0.0,2025-04-01,291.661463192531,188,0,80,-0.05806451612903226,0.03879541378493201,0.0,301.69577671232673,0.337911034391011,"{""type"":""Point"",""coordinates"":[83.82418290823368,21.535333595221534]}"
2308,345.03620158175227,2025-04-01,284.89705889565596,332,0,30,0.21102093122597182,0.011982145123432986,1.9193755594921165,302.7684376126244,0.18983653875835282,"{""type"":""Point"",""coordinates"":[81.7741747402486,20.711443097921837]}"
2309,121.35510881897578,2025-04-01,280.5637546266828,372,0,40,0.33272782319103844,0.0022800884770859398,1.7818937986451255,299.8755049024309,1.08930807946075,"{""type"":""Point"",""coordinates"":[80.67328684599471,23.93702106032415]}"
2310,294.90166911426627,2025-04-01,286.51124695369174,256,0,40,0.5745436105476673,0.015661524944256655,2.2016564562545744,301.74661609104703,0.4585955194494675,"{""type"":""Point"",""coordinates"":[82.45890908207606,21.806983054209137]}"
2311,122.03147902213607,2025-04-01,285.36011809394466,458,0,10,0.4027694160144491,0.010128544979046694,3.4930902801154,302.77582577296664,0.11914168772919534,"{""type"":""Point"",""coordinates"":[82.2579108533927,20.207345605428056]}"
2312,90.0,2025-04-01,281.7639615649269,568,0,40,0.22233201581027667,0.016540648751210085,1.5119729975175664,298.93700508844285,0.7911822352545402,"{""type"":""Point"",""coordinates"":[83.10492295828445,23.08356565301765]}"
2313,270.0,2025-04-01,281.4215368997483,665,0,10,0.20366795366795368,0.02027988653654944,0.5044123909801891,298.5090847015381,0.7183154329630014,"{""type"":""Point"",""coordinates"":[83.34035866592319,23.167675649787327]}"
2314,253.02336561574555,2025-04-01,281.9584951400756,409,0,40,0.1823263241948363,0.014527755193661562,1.5878623580773363,299.3692793164934,0.6298978492719228,"{""type"":""Point"",""coordinates"":[81.16788693662278,23.672854656799238]}"
2316,65.08519831136671,2025-04-01,286.51178173791794,236,0,40,0.6054380664652568,0.015409680418919436,1.1006914413826525,301.89974457877025,0.49813909401534634,"{""type"":""Point"",""coordinates"":[82.35958512168303,21.720970534558614]}"
2317,72.60591602753263,2025-04-01,288.05722677140005,337,0,30,0.3515151515151515,0.013369800858448855,9.227121580235256,301.4289077577137,0.9165132457357394,"{""type"":""Point"",""coordinates"":[83.46555763887191,19.981343836020294]}"
2318,90.0,2025-04-01,281.85191613151915,591,0,40,0.2080834998889629,0.02825151603693854,3.5337245023521673,298.26694370451423,0.5121179306612191,"{""type"":""Point"",""coordinates"":[83.49767556579498,23.43992030204059]}"
2319,313.00768208047447,2025-04-01,286.2049318495251,300,0,40,0.20561272217025256,0.014606895260762087,2.7174908015272163,302.3019836970738,0.21980168990640442,"{""type"":""Point"",""coordinates"":[81.52148551705342,21.129410755959867]}"
2320,90.0,2025-04-01,283.9724344071888,366,0,10,0.3038961038961039,0.003969403319310061,1.4896515264467012,303.75283586411246,0.30744031369942854,"{""type"":""Point"",""coordinates"":[80.32285568500505,20.977081396713114]}"
2321,90.0,2025-04-01,290.59069147564117,689,0,10,0.35959482273494653,0.017992081456135622,18.524310348216037,299.5075849805559,0.6698171314086796,"{""type"":""Point"",""coordinates"":[84.23332745008655,19.59519044832765]}"
2322,46.73380265470861,2025-04-01,284.6122804823376,619,0,10,0.4124275595621378,0.0017000607776154197,5.396914367508785,302.18339529491607,0.7562816986336435,"{""type"":""Point"",""coordinates"":[81.16264722452404,19.738972651041394]}"
2323,132.41154847811308,2025-04-01,280.586244628543,352,0,40,0.2001325381047051,0.0027906171607483543,2.0618775049805107,299.884543918428,1.1683991105069107,"{""type"":""Point"",""coordinates"":[80.80083024271174,24.006655247883177]}"
2324,10.06662814077621,2025-04-01,286.61326285770957,236,0,10,0.31855233126834037,0.007135110311459414,2.823690046616494,303.24037887936544,0.3215414490409557,"{""type"":""Point"",""coordinates"":[82.87679270688326,20.144639295188643]}"
2325,301.74798127659943,2025-04-01,286.1889057613554,230,0,40,0.21241184767277857,0.021867128424595705,1.762118502050123,301.6920564742315,0.3937005291769938,"{""type"":""Point"",""coordinates"":[83.04488837950917,21.850972186256765]}"
2326,19.424033565335467,2025-04-01,288.50572472526915,212,1,10,0.25043058904581467,0.004736857824276797,1.4748741582214853,303.4058945973714,1.1678537002795712,"{""type"":""Point"",""coordinates"":[80.48677975685895,19.04098111592405]}"
2327,270.0,2025-04-01,287.61587283724833,220,0,40,0.351891315929675,0.035114812068890444,1.9954262453753682,301.60768844967794,0.26393800648613297,"{""type"":""Point"",""coordinates"":[83.11814537275016,21.6834810001973]}"
2328,147.52832406558022,2025-04-01,285.54171802884053,763,0,10,0.23334977799703996,0.001955526285122744,13.48735063101448,301.8597520192464,0.8891223950934685,"{""type"":""Point"",""coordinates"":[80.91086781063414,19.466385930824433]}"
2329,245.75632189791216,2025-04-01,291.5658588863554,636,0,10,0.4662327095199349,0.01065670173640143,30.597684770314448,300.8675354548863,1.0526305726067935,"{""type"":""Point"",""coordinates"":[83.36385418691944,18.967258957610444]}"
2330,251.3860478635168,2025-04-01,287.7699662617275,304,0,10,0.27069625095638866,0.043110730462025515,5.791719396033179,300.86520449320477,0.3715100985914342,"{""type"":""Point"",""coordinates"":[83.98291495634987,22.147062517952758]}"
2331,133.1440137945563,2025-04-01,284.11774458203996,447,0,40,0.2526069376463077,0.006283255629490725,2.0336093085754605,302.97436441693986,0.10902975015649109,"{""type"":""Point"",""coordinates"":[81.90350525750084,20.40911273341656]}"
2332,151.37790188227208,2025-04-01,280.4743759064447,432,0,10,0.3629257398101619,0.004947545342396609,2.1122636748823886,299.8524568648566,0.8098226601793549,"{""type"":""Point"",""coordinates"":[80.72745232102477,23.619544332970346]}"
2334,157.15291122901112,2025-04-01,290.2240329469953,174,0,10,0.304833752444817,2.6649456496130597E-4,2.5145165114880403,304.2352461133684,1.7731451210047422,"{""type"":""Point"",""coordinates"":[81.14164037467356,18.3089709162775]}"
2335,201.51681854308896,2025-04-01,285.1848251251947,541,0,10,0.29636533084808947,0.009129749946545473,13.219418889119172,303.0269941602434,0.33046169044550194,"{""type"":""Point"",""coordinates"":[82.28393570612957,20.043240414509814]}"
2336,270.0,2025-04-01,281.58665734245665,332,0,10,0.22338204592901878,0.0012827239560593284,0.4979628891440415,303.04335739499044,0.35886591973298865,"{""type"":""Point"",""coordinates"":[80.58240643238531,21.367861294662774]}"
2337,118.44849516147212,2025-04-01,288.90447030748635,283,0,10,0.2828638497652582,0.0010347835349548973,3.888026659940478,304.450729279291,1.6442308161808168,"{""type"":""Point"",""coordinates"":[81.59741413380888,18.533650810159667]}"
2338,126.29006487895883,2025-04-01,283.0990271341233,606,0,40,0.2858451672010994,0.0733079187201966,3.1309652130176584,296.51528122311544,0.797845507905466,"{""type"":""Point"",""coordinates"":[84.3514610735583,23.381885809207738]}"
2339,118.33182741445052,2025-04-01,290.7209463119506,356,0,40,0.4629006292989902,0.0025007746743668235,3.902657132478815,300.42018844967794,0.9722965836003907,"{""type"":""Point"",""coordinates"":[83.99599576239343,19.34677240369604]}"
2340,242.0250022047357,2025-04-01,288.0206289291382,645,1,10,0.33087557603686635,0.009527208619068972,24.161913074506767,301.1804365430559,0.8636913613785728,"{""type"":""Point"",""coordinates"":[83.66001294182702,19.994664376698584]}"
2341,114.91370225455466,2025-04-01,288.4358481906709,207,0,40,0.46918604651162793,0.03986780565256964,1.1007369025625593,301.6891035352434,0.11197840089833504,"{""type"":""Point"",""coordinates"":[83.37652761784192,21.728443875426056]}"
2343,139.79607483981383,2025-04-01,286.72992138635544,865,0,30,0.3657365736573657,0.0011678956078995384,3.0331331169718116,299.3295076461066,0.9588012215175404,"{""type"":""Point"",""coordinates"":[82.61756365891696,18.81899590513785]}"
2344,46.90416988031584,2025-04-01,288.0114387784685,297,0,10,0.16823687752355315,0.01160483282084357,18.960325992302224,303.0750142960322,0.11820120361668082,"{""type"":""Point"",""coordinates"":[83.88384564098365,20.666728092435832]}"
2345,199.1041514258878,2025-04-01,280.2175574075608,904,0,10,0.3300071275837491,0.011284815483044497,10.671896195120588,299.5128863198416,0.7945776510719345,"{""type"":""Point"",""coordinates"":[80.94561618858555,23.272058157574893]}"
2346,105.8800811296368,2025-04-01,282.0003594443911,912,0,40,0.1989117291414752,0.014681669287632815,6.747915513748554,299.7137384868803,0.9771217949697167,"{""type"":""Point"",""coordinates"":[81.15956650543363,22.39707435036692]}"
2347,180.0,2025-04-01,282.7900264830816,643,0,10,0.3524075366364271,0.003912242464970461,3.242751465064752,302.37000592549646,0.44553578317397063,"{""type"":""Point"",""coordinates"":[82.09719006447601,19.977735383922813]}"
2348,275.9695848499933,2025-04-01,284.06363255637035,611,0,40,0.29588677576293676,9.147099780548729E-4,4.450099109114383,301.94019635518396,0.608280132419467,"{""type"":""Point"",""coordinates"":[81.5713633829016,19.761784383112975]}"
2349,241.1891156639931,2025-04-01,282.5106540407453,704,0,10,0.33114664479978134,0.03154854696268927,2.884421710330403,298.38586344037736,0.8433958578249935,"{""type"":""Point"",""coordinates"":[82.32194240570104,23.555940344664663]}"
2350,164.6937679959434,2025-04-01,281.6030380158198,394,0,10,0.34902840059790735,0.01296898942465674,5.750216979502152,299.3522127242316,0.6278916646905492,"{""type"":""Point"",""coordinates"":[81.57880539681527,24.01261708852784]}"
2351,252.92499831569359,2025-04-01,283.0832568123227,363,0,40,0.2658128078817734,0.008717196397732607,1.5789894427642202,299.5591044653029,0.88406303596004,"{""type"":""Point"",""coordinates"":[82.56506757277354,22.855322161414268]}"
2352,252.66705260752167,2025-04-01,283.941248348781,306,0,10,0.25355371900826446,0.0022040925549973167,1.5562078177713126,303.956809543428,0.38087474935251453,"{""type"":""Point"",""coordinates"":[80.41086971264222,20.562698952778145]}"
2353,64.76526538914553,2025-04-01,287.01375811440596,218,0,40,0.22437673130193905,0.0019164107369888939,1.0876368359267286,304.01567068554107,0.8807999045776446,"{""type"":""Point"",""coordinates"":[80.41588965429754,19.505981977888865]}"
2354,46.78008960530361,2025-04-01,283.45071170443583,652,0,10,0.6195905675045349,0.003679873757313601,2.7067766350134006,301.67739641098746,0.4568814878861471,"{""type"":""Point"",""coordinates"":[81.42816560671122,19.996213482642883]}"
2355,146.4397165179422,2025-04-01,285.1002187728882,557,0,10,0.547329650092081,0.002143906764935366,4.443181631864353,301.8898975735619,0.860866198306774,"{""type"":""Point"",""coordinates"":[80.95459963079288,19.5904512728647]}"
2356,-0.0,2025-04-01,282.43507507869174,512,0,10,0.4296028880866426,0.017311947755764834,0.0,299.01119477408264,0.8984637597700813,"{""type"":""Point"",""coordinates"":[82.72796112059726,23.132267122572102]}"
2357,312.9904005312743,2025-04-01,285.722010067531,293,0,40,0.1596441947565543,0.012191938571881167,0.6800705917890788,302.40120942252025,0.3139720416736668,"{""type"":""Point"",""coordinates"":[81.71793352895561,21.219144358456003]}"
2358,275.24267800967175,2025-04-01,282.0555701028733,459,0,40,0.21398875030569822,0.02081176858420264,5.062013511049818,299.3455104827881,0.6917728562206691,"{""type"":""Point"",""coordinates"":[81.43969297346378,23.425292054693024]}"
2359,270.0,2025-04-01,285.77314008985246,233,0,40,0.35993160444571104,0.024177434258412234,0.4996509334364415,301.81664957318986,0.2727004305764981,"{""type"":""Point"",""coordinates"":[83.17626183217239,21.857763402942783]}"
2360,-0.0,2025-04-01,284.8488062449864,330,0,40,0.6225779275484414,0.01422214727873694,0.9274099368611016,302.8085115523565,0.2351808091627646,"{""type"":""Point"",""coordinates"":[82.44701989173397,20.909921575538228]}"
2361,147.68555022431624,2025-04-01,293.16237000056674,102,0,40,0.36,0.006697329096745364,2.741549320887231,301.847696122669,1.2865738721679034,"{""type"":""Point"",""coordinates"":[83.36397270493666,18.45496165169904]}"
2362,47.14503246094654,2025-04-01,286.21825495220367,236,0,10,0.7801280267186196,0.02377131801123511,0.6818011513890736,301.65705717177616,0.3268071940481495,"{""type"":""Point"",""coordinates"":[83.05966377039618,21.907018008090873]}"
2364,96.74113801401435,2025-04-01,286.23580982571553,744,0,30,0.22584577872599818,0.0012305847930420555,7.851829405306842,299.0377654121035,0.6442424730792897,"{""type"":""Point"",""coordinates"":[82.8679956576002,18.98492280778092]}"
2365,295.0155252325617,2025-04-01,283.9724344071888,348,0,40,0.24816307181796635,0.003969403319310061,2.1922855901086353,303.75283586411246,0.30744031369942854,"{""type"":""Point"",""coordinates"":[80.33169789025652,21.0491886670533]}"
2366,218.7857943547199,2025-04-01,284.81598676953996,327,0,40,0.4317073170731707,0.011708351187657229,2.3783608146573347,302.6051191602434,0.31434088022171836,"{""type"":""Point"",""coordinates"":[82.21872057209464,21.04688337019709]}"
2367,259.4696482689341,2025-04-01,290.5309932799566,455,0,30,0.3872563281931917,0.01498186808104407,25.973782181893057,300.2882711319697,0.812295038104626,"{""type"":""Point"",""coordinates"":[83.1708060221643,18.855720462107872]}"
2368,180.0,2025-04-01,280.3348321006411,340,0,10,0.4814020028612303,5.464575814713157E-4,2.7802885155287553,302.32648495265414,1.0075878692051774,"{""type"":""Point"",""coordinates"":[80.22469055930281,22.05844293063007]}"
2369,164.9162546491056,2025-04-01,280.41137018657867,577,0,10,0.44003026863412786,7.038883494843162E-4,5.744196216904475,302.05264055161246,0.7275926287595449,"{""type"":""Point"",""coordinates"":[80.3411656866416,21.938450254317925]}"
2370,77.65274356530314,2025-04-01,287.3108598164149,350,0,10,0.3264579036189762,0.0367437325047959,8.60939396095288,301.3209627242315,0.37932409275663126,"{""type"":""Point"",""coordinates"":[82.95350463974016,21.51517522793799]}"
2371,294.6533468196708,2025-04-01,280.3592519760131,585,0,40,0.31816784506609286,0.007546814494084231,1.1116208718680043,299.7206558045887,0.8407172778000466,"{""type"":""Point"",""coordinates"":[80.601074729546,23.375275922142414]}"
2372,61.8303762814954,2025-04-01,284.49479652586444,433,0,10,0.2596011208175375,0.0037268422173966087,3.923208650471634,303.4223799024309,0.44526999744500906,"{""type"":""Point"",""coordinates"":[81.02283784965503,20.421462499849895]}"
2373,8.88050280683132,2025-04-01,282.7152671359834,474,0,10,0.3335130763008897,0.02046205323214423,3.282010240934344,298.8261071159726,0.5839274189128657,"{""type"":""Point"",""coordinates"":[81.7657811162345,23.89268682032972]}"
2374,13.152295271754529,2025-04-01,282.8082498368763,803,0,10,0.4593629056266746,0.03809888880724799,6.6374768711435586,297.81132498241607,1.0012337706792547,"{""type"":""Point"",""coordinates"":[82.41939340289923,23.502475754488138]}"
2375,182.02865227822855,2025-04-01,289.24945844922746,449,1,10,0.3393356100589879,0.014039935879658572,13.656462359976434,300.935098466419,0.9846073541468677,"{""type"":""Point"",""coordinates"":[83.57634023376339,19.77188534964732]}"
2376,284.34572130629897,2025-04-01,284.80455285026915,405,0,10,0.3765497697484945,0.003698753528546206,5.597109417782569,303.7094020843506,0.5685568440335319,"{""type"":""Point"",""coordinates"":[80.87998959253007,20.32524921218429]}"
2377,-0.0,2025-04-01,281.8952743439447,630,0,10,0.42246575342465753,0.0101895652341355,0.4637353428839794,299.2681469690232,0.8630611372105876,"{""type"":""Point"",""coordinates"":[82.9303705663903,22.90051441651928]}"
2378,163.1637106410576,2025-04-01,287.44754950205487,543,0,10,0.3887460725506998,0.005058514289807192,6.751762479271756,302.13516589573453,1.1827746252318039,"{""type"":""Point"",""coordinates"":[81.31751699473283,19.236278332206087]}"
2379,169.95241686279462,2025-04-01,284.155115536281,640,0,40,0.26085889570552145,0.0020391963052261985,2.8235238575870594,301.9302156539191,0.7077620298208458,"{""type"":""Point"",""coordinates"":[81.79275805032957,19.839681373867727]}"
2380,64.54576847164647,2025-04-01,291.4398125693911,122,0,40,0.1917685654637638,2.3584287638556134E-4,1.0788773498043653,304.08270472571957,1.9875585631882584,"{""type"":""Point"",""coordinates"":[81.13592591048969,17.82570006255486]}"
2381,192.87986177029197,2025-04-01,285.10972863151915,701,0,10,0.33028491030601476,0.016691329293202273,24.936357542185913,302.10617710295173,0.047077092816087227,"{""type"":""Point"",""coordinates"":[82.3492296939525,20.424220128784754]}"
2382,257.13002072216403,2025-04-01,281.9623258227394,387,0,10,0.37429402704090364,0.013154240660618655,6.22146121815581,299.47177768888923,0.8008505376710263,"{""type"":""Point"",""coordinates"":[84.05218855676628,23.94745449136515]}"
2383,42.36294481263013,2025-04-01,280.44082982199535,363,0,40,0.31549388833828873,0.0021866283940781273,3.7603321876755107,299.82195091247564,1.225507135444789,"{""type"":""Point"",""coordinates"":[80.71536893790706,23.963740874391274]}"
2384,270.0,2025-04-01,285.5182747159685,329,0,40,0.32654611761130525,0.012579532675694338,0.4958016265443944,302.89653006054107,0.14078601139132418,"{""type"":""Point"",""coordinates"":[81.2992423456368,20.719769831477294]}"
2385,187.18564589889235,2025-04-01,290.857990582784,204,0,10,0.34155363748458695,1.896492766846336E-4,11.527321393652205,303.93368593851716,1.9086231312739537,"{""type"":""Point"",""coordinates"":[81.24383820495663,17.859391172127353]}"
2386,304.65148701870686,2025-04-01,283.41679359617694,544,0,10,0.3937908496732026,0.00930997949118506,2.4453616778792693,300.06661469595775,0.9257883180868316,"{""type"":""Point"",""coordinates"":[82.83445909928639,22.842820601276692]}"
2387,226.5524404081245,2025-04-01,294.942195846921,120,0,10,0.4492970946579194,0.0020835868644226707,5.378958486873054,301.4305818648565,1.071362841336137,"{""type"":""Point"",""coordinates"":[84.12073153977681,18.697390108701956]}"
2388,208.55761753497583,2025-04-01,281.9635465258644,548,0,40,0.2163583252190847,0.02235050719256293,2.1109697319110925,298.50765473502014,1.0625254208503223,"{""type"":""Point"",""coordinates"":[82.34821218941268,23.26579472764941]}"
2389,244.6403995018647,2025-04-01,288.6945791244506,300,0,10,0.5021518333620244,0.0021027795600403465,5.397790757151178,302.7198652539934,1.4701989407473939,"{""type"":""Point"",""coordinates"":[81.06300353921291,18.568227952908966]}"
2390,133.28722182613424,2025-04-01,285.3190385273525,352,0,40,0.34901433691756273,0.00579588335032355,2.7034038059775742,302.1201686859131,0.6308945558421128,"{""type"":""Point"",""coordinates"":[82.5950547056934,19.621225673416323]}"
2391,85.50939110153733,2025-04-01,290.7328626995994,696,1,30,0.3158067696352284,0.0034660718965042747,22.465264238014246,300.9727077484131,0.8027412080088762,"{""type"":""Point"",""coordinates"":[83.91217403223044,19.533954983861218]}"
2392,312.4413953454923,2025-04-01,281.7392161687215,416,0,30,0.42512315270935963,0.01915429752344977,2.0607036697456897,299.2912415095738,0.6372839132223184,"{""type"":""Point"",""coordinates"":[81.5658972362751,23.872533267361693]}"
2393,180.0,2025-04-01,282.2942931311471,491,0,10,0.3418656165395028,0.01652319949145209,4.166350197281316,298.69325973874044,1.082140689472008,"{""type"":""Point"",""coordinates"":[82.152804375114,23.136784375853633]}"
2394,6.679974712958151,2025-04-01,287.5237795057751,872,0,30,0.5014285714285714,7.838777827728904E-4,8.344960922640361,299.5554307301839,0.7051281225059065,"{""type"":""Point"",""coordinates"":[82.4981367993873,18.430997666709814]}"
2395,180.0,2025-04-01,282.5658181962513,399,0,10,0.45972495088408644,0.014004828743885867,1.8543341688414132,299.06033098129996,0.6062192492348324,"{""type"":""Point"",""coordinates"":[81.68890148907683,23.976234718924864]}"
2396,245.23358899107185,2025-04-01,285.0164843513852,407,0,40,0.2335063009636768,0.04824634116167914,2.2129047954702212,299.1337301163447,0.8780427673391633,"{""type"":""Point"",""coordinates"":[84.2893378636737,22.674503027558185]}"
2397,256.99223682109414,2025-04-01,283.55271016983755,514,0,10,0.5243369280093267,0.013066860251377932,2.0594429014543145,300.3743772052583,1.1231459133979738,"{""type"":""Point"",""coordinates"":[82.20932808879746,22.475486705700405]}"
2398,37.856227656514776,2025-04-01,286.95935544513515,452,0,10,0.32321315623023406,0.019948246293019167,22.296028440708373,302.4843916211809,0.29176085240121197,"{""type"":""Point"",""coordinates"":[83.06957819568265,21.12877632165676]}"
2399,27.0302291904865,2025-04-01,284.8907170522781,368,0,10,0.23493609251369446,0.010213913731526247,10.803023864588948,302.82514217921664,0.08503337101858725,"{""type"":""Point"",""coordinates"":[80.80602574539661,21.035053671121855]}"
2400,218.61736403234175,2025-04-01,283.18870231083457,764,0,10,0.4105201292976785,0.0026528857278336204,2.3727721729100884,302.21698788234164,0.35854349523921236,"{""type"":""Point"",""coordinates"":[81.71424470196628,20.12847382170271]}"
2401,140.97008866720955,2025-04-01,283.17487348828996,328,0,40,0.20501853435985173,0.008622484617184512,2.3865443344389723,301.4033311208089,0.9266751749638463,"{""type"":""Point"",""coordinates"":[81.770628797467,22.3039359015804]}"
2402,70.4536073899813,2025-04-01,286.4967961538406,950,0,40,0.2547061083365348,0.004438566379498354,4.151003977721236,298.4959301721482,0.5837445075286882,"{""type"":""Point"",""coordinates"":[82.9229317387202,18.7827511375132]}"
2403,213.02492471513958,2025-04-01,282.8154403595697,463,0,10,0.5923949299533022,0.017341928892086855,8.239371240250712,298.98171188717794,0.9936873835963052,"{""type"":""Point"",""coordinates"":[82.91129475789894,22.625612157131435]}"
2404,270.0,2025-04-01,285.98710028330487,296,0,10,0.4619592242665341,0.02234721403593909,0.9924270908514095,302.3656288328625,0.22176988130797656,"{""type"":""Point"",""coordinates"":[81.81124500599243,20.8562660546064]}"
2405,347.80180216565293,2025-04-01,279.83089097340905,613,0,10,0.3894464227905471,0.003934191875408999,2.3709333528668455,301.2505804697672,0.8615548914567842,"{""type"":""Point"",""coordinates"":[80.57170659067428,22.304356909768554]}"
2406,28.512777696922917,2025-04-01,282.044508207412,585,0,10,0.459707484944078,0.019216331057499758,1.0553940675642772,299.08198974246073,0.8524294281489142,"{""type"":""Point"",""coordinates"":[83.06766962939237,23.01581391417796]}"
2407,252.9797523194618,2025-04-01,281.56645761217385,484,0,40,0.3223684210526316,0.015526445918034426,1.5839155094494533,299.3834452856155,0.6702764244497356,"{""type"":""Point"",""coordinates"":[81.2822189279365,23.313198579680027]}"
2408,337.9010817935883,2025-04-01,289.41509623754587,1089,0,10,0.626051729510751,0.003315138034771792,21.02517687731642,297.4868272145589,0.9030397252608977,"{""type"":""Point"",""coordinates"":[82.50640311742225,17.908298773079306]}"
2409,-0.0,2025-04-01,282.86519273122155,319,0,40,0.1988009592326139,0.007351355962704531,0.4637353428839794,302.34976550510953,0.7694384878867382,"{""type"":""Point"",""coordinates"":[81.37150726200069,22.046704994309408]}"
2410,196.81213152136417,2025-04-01,288.5334753763108,354,0,10,0.2764728049240045,0.003779234700154177,3.387210853693235,303.02246012006486,1.1573966107612117,"{""type"":""Point"",""coordinates"":[81.20702695436411,18.984169014144136]}"
2411,238.63339937278744,2025-04-01,282.3756152107602,492,0,10,0.376878612716763,0.01884965818400275,8.838624936613312,298.904825028919,0.6444116014492394,"{""type"":""Point"",""coordinates"":[82.17104054130782,23.878338031327207]}"
2412,132.74111461209955,2025-04-01,283.9601227442423,409,0,10,0.44243493603881784,0.01683414202208411,0.683265749941475,300.15305791582387,1.0133772307191171,"{""type"":""Point"",""coordinates"":[81.67380802437823,22.466608319979677]}"
2413,-0.0,2025-04-01,289.6124548684983,170,0,40,0.25097529258777634,2.1448951239477765E-4,0.9274099368670311,303.58912213643396,0.8968307405453565,"{""type"":""Point"",""coordinates"":[81.88299373237123,18.185104187970904]}"
2414,190.21042505421738,2025-04-01,283.17487348828996,325,0,40,0.1906549853984147,0.008622484617184512,2.8249555292076414,301.4033311208089,0.9266751749638463,"{""type"":""Point"",""coordinates"":[81.80156429630398,22.282007604324235]}"
2415,90.0,2025-04-01,283.701502255031,372,0,30,0.3364795918367347,0.014204802327107302,1.0139927606306713,299.6459836505709,0.8600861023203998,"{""type"":""Point"",""coordinates"":[82.65207939625147,23.851806991003524]}"
2416,244.8997286153788,2025-04-01,284.0903194518317,432,0,10,0.2656658862415645,0.004999788813542239,3.276067359429102,303.3670587993803,0.31697001400434294,"{""type"":""Point"",""coordinates"":[81.01970464930065,20.466078296429462]}"
2417,139.2606900183711,2025-04-01,289.08485535212924,242,0,40,0.28359272900083166,0.02744105678076636,3.0573665285798683,301.5566456204369,0.2912011154518338,"{""type"":""Point"",""coordinates"":[84.3058999247892,21.752011262691465]}"
2418,54.90016857697898,2025-04-01,284.1068221955072,415,0,40,0.27693535514764567,0.006656589322041384,2.4180929217141025,302.78827694484164,0.14033848522464695,"{""type"":""Point"",""coordinates"":[81.76653751154615,20.433678850634546]}"
2419,213.30922370605236,2025-04-01,280.38153852735246,389,0,50,0.2665825977301387,0.0030019603299606956,2.7723643372164273,299.49955740429107,1.1907252075635604,"{""type"":""Point"",""coordinates"":[80.69513314889633,24.06363331164454]}"
2420,-0.0,2025-04-01,287.9948720932006,179,0,40,0.2267022696929239,0.012513386421154848,0.463735342881014,303.26103201366607,0.4118969784936181,"{""type"":""Point"",""coordinates"":[83.37957419216906,20.561445683555288]}"
2421,41.03302430092431,2025-04-01,280.17827983129587,522,0,10,0.2596944770857814,0.006567063145588747,3.0709404551948416,300.2878351665678,1.0450135321101195,"{""type"":""Point"",""coordinates"":[80.21981159270291,23.18655806880219]}"
2422,261.6902203141354,2025-04-01,288.0041785013108,504,0,40,0.23760037789324515,7.462523507584251E-4,6.3908710251265,299.5000631241572,0.6726344068989057,"{""type"":""Point"",""coordinates"":[82.37090939846397,18.308235564924544]}"
2423,53.24911963527293,2025-04-01,286.1827557427543,257,0,40,0.289548829240434,0.013691621236752383,3.097209399085249,302.4760036468506,0.258188182658125,"{""type"":""Point"",""coordinates"":[82.94260641931551,21.02082709544812]}"
2424,194.75893410655203,2025-04-01,288.9494270597185,227,0,10,0.44401294498381877,3.916345166672386E-4,1.917556675357884,304.03918375287736,1.8242558662435748,"{""type"":""Point"",""coordinates"":[81.49479102903952,18.383373530551278]}"
2425,152.1572553500846,2025-04-01,289.324549130031,127,0,10,0.29669631512071154,0.0023161045836914695,1.0488045173354887,304.83380917140414,1.4210095626258687,"{""type"":""Point"",""coordinates"":[80.2804598886712,18.804946109729507]}"
2426,19.65346564598694,2025-04-01,285.4598960422335,298,0,40,0.5987117552334944,0.014499830417584292,1.4769706098338473,302.7299970899309,0.3771348388162258,"{""type"":""Point"",""coordinates"":[82.63973766977075,21.03669266979513]}"
2427,-0.0,2025-04-01,289.1050783339001,147,0,40,0.7351897351897352,0.024616333060215823,2.7802885155465065,302.83295467921664,0.28880098534796567,"{""type"":""Point"",""coordinates"":[83.73030851120097,21.042208144382393]}"
2428,331.5985890128637,2025-04-01,283.5635046731858,510,0,40,0.18618365627632688,0.019026177339505068,3.1599983393610493,300.3248689742316,0.8971202200382573,"{""type"":""Point"",""coordinates"":[83.42789187639006,22.38046525999912]}"
2430,31.741086771030293,2025-04-01,283.9601227442423,525,0,10,0.4247840333631218,0.01683414202208411,3.811498657123169,300.15305791582387,1.0133772307191171,"{""type"":""Point"",""coordinates"":[81.71411145850365,22.52142812426786]}"
2431,224.20866832113768,2025-04-01,280.1999037152245,781,0,10,0.38110528984282577,0.009002181105564944,12.10872058401815,298.64293770563035,0.8875723277822912,"{""type"":""Point"",""coordinates"":[81.03199108436549,23.103179267522037]}"
2432,151.7570379627026,2025-04-01,285.4040924708048,275,0,40,0.25045010897375153,0.007120596580456606,1.052713271560562,302.31514985220775,0.5105420809769242,"{""type"":""Point"",""coordinates"":[82.04396150602932,21.436999024837753]}"
2433,28.406487760293395,2025-04-01,284.1170702888852,373,0,10,0.30959537572254336,0.013129445128392092,1.0543335880483333,300.815469560169,0.9068896782686562,"{""type"":""Point"",""coordinates"":[81.56435940236365,22.409657506596123]}"
2434,171.81054952357113,2025-04-01,295.79202029818583,151,0,10,0.4184451219512195,0.00201538424963843,19.78873249297634,301.0990912119547,2.0524560253717814,"{""type"":""Point"",""coordinates"":[84.20913097255423,18.642585456692977]}"
2435,69.76993085089694,2025-04-01,280.1845402944656,570,0,30,0.1939259727934198,0.004782514982174746,5.348871426779184,300.3945362454369,1.215990375765052,"{""type"":""Point"",""coordinates"":[80.26796668653951,22.881285441454818]}"
2436,270.0,2025-04-01,285.43019226619174,339,0,40,0.6041604754829123,0.010128485374401919,0.49552411401577123,302.87173816135953,0.1810636910175465,"{""type"":""Point"",""coordinates"":[81.49486268100605,20.635133024586292]}"
2437,256.869466318498,2025-04-01,286.95935544513515,233,0,10,0.2240904922042189,0.019948246293019167,2.0405367520794453,302.4843916211809,0.29176085240121197,"{""type"":""Point"",""coordinates"":[83.1099678225922,21.08047222690628]}"
2438,14.812115865325804,2025-04-01,291.98199658166794,938,0,30,0.5036496350364964,0.006913664154957644,3.8317631246054122,299.5340393611363,1.0612485378206231,"{""type"":""Point"",""coordinates"":[84.09977683457187,19.02049909696582]}"
2439,241.84305655745783,2025-04-01,284.3918214979626,435,0,10,0.28667113194909577,0.008103551678608767,7.813159543854395,303.0088870638893,0.1528711689575771,"{""type"":""Point"",""coordinates"":[81.47326081778677,20.503374956482492]}"
2440,28.047541358407013,2025-04-01,284.75849165235246,367,0,10,0.2610716238381629,0.003331857137631289,3.1495612041896455,303.36939557393396,0.550321234879431,"{""type"":""Point"",""coordinates"":[81.01100214508834,20.201830120573113]}"
2441,-0.0,2025-04-01,295.6300039291382,46,0,40,0.4669883189436262,0.0047782532500733055,0.4637353428839794,301.82872872125535,2.1094637847311324,"{""type"":""Point"",""coordinates"":[83.70631343113675,18.444640660677535]}"
2442,324.87360132551004,2025-04-01,294.5173911594209,51,0,40,0.36175954661988935,0.00367096286291968,1.7005182740021603,302.1982123057047,1.4599753131889395,"{""type"":""Point"",""coordinates"":[83.73963198583603,18.622248072416454]}"
2443,272.8009301660768,2025-04-01,293.938806942531,352,0,10,0.4263842817045165,0.005775617771099917,26.4229207938628,300.3633908771334,1.3562410502548752,"{""type"":""Point"",""coordinates"":[84.18362794557757,18.937487729318914]}"
2444,-0.0,2025-04-01,283.5258430753435,312,0,10,0.3636227768644448,0.029868277125309817,0.4637353428839794,299.120651154291,0.7775336108718955,"{""type"":""Point"",""coordinates"":[83.98595891955942,23.741606870479263]}"
2445,287.2628333106766,2025-04-01,290.7796330679031,141,0,40,0.4262023217247098,0.030704008750866763,1.562331831107295,301.8394999731154,0.4346826678726708,"{""type"":""Point"",""coordinates"":[83.92262401820618,21.210013408307503]}"
2446,65.17961421565411,2025-04-01,279.8764929544358,809,0,10,0.6678868552412646,0.005380662493656985,16.13104531165858,300.39651843479703,0.8782914278530416,"{""type"":""Point"",""coordinates"":[80.70453095371853,22.33235222566561]}"
2447,180.0,2025-04-01,281.74203541165303,675,0,30,0.23890171927123427,0.06256363015646826,3.2427514650854445,296.53285934811544,0.7057042406343457,"{""type"":""Point"",""coordinates"":[84.0483106588591,23.434464263316613]}"
2448,294.80137865610516,2025-04-01,284.35638623010544,424,0,10,0.29624753127057274,0.018094884567211977,1.105403463341321,300.47170212155294,0.8972142541066586,"{""type"":""Point"",""coordinates"":[83.34641236879469,22.454125936999777]}"
2449,342.2295303628531,2025-04-01,280.4364585422335,459,0,30,0.3227040816326531,0.006581204347561709,8.221773552203484,299.9012210482643,0.9133438860796717,"{""type"":""Point"",""coordinates"":[80.52173550084808,23.408635177547943]}"
2450,180.0,2025-04-01,283.430017880031,364,0,40,0.30982905982905984,0.011393415145825259,0.9274099368670311,301.16718319484164,0.8598956831149273,"{""type"":""Point"",""coordinates"":[81.38896676899301,22.254203523451242]}"
2451,28.025576627477058,2025-04-01,283.29544407980785,665,0,40,0.26665003741581444,0.0024684242534149803,2.1004544302692274,302.2747678302583,0.3425513291697243,"{""type"":""Point"",""coordinates"":[81.58221349238845,20.057352749556998]}"
2452,180.0,2025-04-01,284.5337253298078,282,0,40,0.4940432416531843,0.005020054392765871,3.242751465064752,302.82291003635953,0.5536957629483694,"{""type"":""Point"",""coordinates"":[81.51614255575765,21.581740131183064]}"
2453,172.21089402580347,2025-04-01,281.7230273201352,397,0,10,0.32835415535035306,0.009296583347271792,3.7391945104928723,299.3591881706601,1.1272433117401766,"{""type"":""Point"",""coordinates"":[83.53966009854432,23.962204443007177]}"
2454,353.1288889507619,2025-04-01,283.81862000056674,517,0,10,0.34515765765765766,0.010254295878361575,4.196382988466592,299.97742198762444,0.964330499148239,"{""type"":""Point"",""coordinates"":[82.71005815647244,22.76955432012464]}"
2455,39.10066122666146,2025-04-01,283.4313025247483,506,0,10,0.3282051282051282,0.014890643172215334,2.3889347203442863,299.51809465317496,0.9351941128443968,"{""type"":""Point"",""coordinates"":[82.91708891377044,22.653609178746713]}"
2456,295.16609755033085,2025-04-01,286.599683988662,254,0,40,0.28277858176555715,0.00619900446410071,3.2680717655001428,303.3532416025797,0.36991618763687106,"{""type"":""Point"",""coordinates"":[82.87441192951675,20.001006647295593]}"
2457,151.49898198586126,2025-04-01,280.3690989812215,668,0,40,0.22513901461269883,0.0028225056457031883,1.0552764548518443,298.9650173187256,0.9304019608070817,"{""type"":""Point"",""coordinates"":[81.03605185980635,22.950127436265813]}"
2458,58.424445228298254,2025-04-01,279.8160390853881,691,0,30,0.3214579336804604,0.003933357410382143,1.770733083157139,298.7709720248268,0.9220336121055441,"{""type"":""Point"",""coordinates"":[80.96650637607428,22.79114815389431]}"
2459,301.6180281239532,2025-04-01,284.4127710887364,413,0,10,0.3086634740966478,0.0400810561704148,1.7686017830099805,299.76346179417203,0.8909576508724166,"{""type"":""Point"",""coordinates"":[83.98793469097845,22.5636368196184]}"
2460,312.6081916423226,2025-04-01,280.1999037152245,958,0,10,0.33225178455548343,0.009002181105564944,0.6849870758215763,298.64293770563035,0.8875723277822912,"{""type"":""Point"",""coordinates"":[80.95986938452475,23.101646328449487]}"
2461,114.97943248990116,2025-04-01,286.67881461552207,243,0,40,0.22169197396963122,0.028053792529057375,1.0980262731178039,302.0992249080113,0.39307520809418695,"{""type"":""Point"",""coordinates"":[83.12056280883832,21.292457139108713]}"
2462,208.69078690298494,2025-04-01,280.0399916058495,366,0,10,0.2520107238605898,0.002291219644497744,2.1136467538365187,299.78039469037736,1.2684296865953792,"{""type"":""Point"",""coordinates"":[80.29974129663975,23.989641115016166]}"
2463,87.47670331103505,2025-04-01,280.94713678814117,747,0,10,0.37077922077922076,0.008452611379574648,10.417216722949385,300.3186550140381,0.9279132292086747,"{""type"":""Point"",""coordinates"":[80.93720379691166,22.265736533129562]}"
2464,320.60809853093525,2025-04-01,288.0977889923822,624,0,10,0.4004524886877828,0.0023272655534256614,5.384690383561572,303.0328535352434,1.4358659221848866,"{""type"":""Point"",""coordinates"":[81.67679017848154,18.709940924464995]}"
2465,90.0,2025-04-01,285.4040924708048,281,0,40,0.23349029516480993,0.007120596580456606,1.4941040118488156,302.31514985220775,0.5105420809769242,"{""type"":""Point"",""coordinates"":[81.97322183660992,21.41785834785642]}"
2466,-0.0,2025-04-01,285.58124555860246,273,0,40,0.8455995882655687,0.00642439942831885,0.0,302.7152905237107,0.4199566189373001,"{""type"":""Point"",""coordinates"":[81.60442660833625,21.444968835883405]}"
2467,54.47410341855089,2025-04-01,291.4279368718465,80,0,30,0.4305489260143198,2.1730583186041486E-4,2.3928707296346055,304.00399843851727,1.858983757238786,"{""type"":""Point"",""coordinates"":[81.34686463648069,17.830442448122014]}"
2468,312.4459235490127,2025-04-01,280.3680526642572,367,0,10,0.520258157045536,0.002130138091992251,0.6871052341374025,299.88754917326423,1.170221718203885,"{""type"":""Point"",""coordinates"":[80.63915584499483,23.851505575643863]}"
2469,312.4298718004727,2025-04-01,282.44284107571553,559,1,40,0.22724379376193507,0.018488379530857912,2.061156649956792,298.4981913793655,0.61777375811365,"{""type"":""Point"",""coordinates"":[82.08317072616833,23.924376089238578]}"
2470,28.56233469552027,2025-04-01,281.41237581343876,498,0,40,0.20449340167957247,0.018269064240406863,2.1110642477282813,299.05469830830896,0.7298485211789161,"{""type"":""Point"",""coordinates"":[81.70274419354625,23.292090311818043]}"
2471,180.0,2025-04-01,289.9654647736322,162,0,10,0.41231634885901847,0.0012450389194000877,0.463735342881014,304.40510985964823,1.524665336059171,"{""type"":""Point"",""coordinates"":[80.89293023953125,18.5245343303031]}"
2472,121.7264887125605,2025-04-01,279.48411246708457,617,0,10,0.1870545174340204,0.0018635563182343162,1.7631868459405766,301.23211878821957,0.7833637910654482,"{""type"":""Point"",""coordinates"":[80.4106296725469,21.970252553225613]}"
2473,121.7032614102709,2025-04-01,287.7699662617275,248,0,50,0.13744075829383887,0.043110730462025515,3.525346581433218,300.86520449320477,0.3715100985914342,"{""type"":""Point"",""coordinates"":[84.04662560471445,22.098595385118628]}"
2474,35.58302954926212,2025-04-01,282.0914762133644,335,0,10,0.2711676812396237,0.0021252058076370872,1.7101551242841682,303.4386036282494,0.3390161296559285,"{""type"":""Point"",""coordinates"":[80.54289280333602,21.287246155541165]}"
2475,180.0,2025-04-01,280.8339311054775,1125,0,40,0.19689328222715352,0.035994785242031924,2.317462738066788,297.6412926628476,0.9731966198535161,"{""type"":""Point"",""coordinates"":[81.59632956586913,22.867793896423407]}"
2476,315.73169952951883,2025-04-01,280.552570660909,510,0,10,0.49857142857142855,0.0032147340106476463,6.448807001926411,301.094278153919,0.9720850693644566,"{""type"":""Point"",""coordinates"":[80.52686408974425,22.588572608721865]}"
2477,312.8910062464931,2025-04-01,286.7351936612811,229,0,40,0.7264653641207816,0.01661220412726294,2.043248011184602,301.8671285538447,0.4501999922323249,"{""type"":""Point"",""coordinates"":[82.54147009192513,21.726260354441315]}"
2478,180.0,2025-04-01,281.48599583762035,494,0,10,0.40145491456606325,0.012248369269322268,7.378860558780502,299.27027448018396,0.9053022736337496,"{""type"":""Point"",""coordinates"":[83.48064729317188,23.767698723549344]}"
2479,109.15065081725079,2025-04-01,285.361152785165,712,0,10,0.5074728260869565,0.0029078743981827415,9.798742095272589,302.2257246289934,0.9106068165114011,"{""type"":""Point"",""coordinates"":[81.23212651815979,19.508037640638527]}"
2480,160.5991447421367,2025-04-01,287.34527201879587,567,0,30,0.4123059229442208,9.393863009918846E-4,2.9473768758358996,300.28898611522857,1.009989387728346,"{""type"":""Point"",""coordinates"":[82.51917939106511,18.82580914309175]}"
2481,110.37189955866671,2025-04-01,280.2355947494507,447,0,30,0.2984009840098401,0.001707570962857119,2.6624259389425404,302.71029726664227,0.6604406498855276,"{""type"":""Point"",""coordinates"":[80.69086602750079,21.821658164412696]}"
2482,227.17544475787918,2025-04-01,287.09536502474833,292,0,10,0.27055702917771884,0.039462061934422366,0.6821914952383495,300.9467474619547,0.45454799263698087,"{""type"":""Point"",""coordinates"":[83.77854633167944,22.057900756665354]}"
2483,245.21773181232078,2025-04-01,283.4084753763108,384,0,10,0.3634907926341073,0.01775293272013556,3.315312753936889,299.4086964016869,0.9306837955974272,"{""type"":""Point"",""coordinates"":[83.03006251157242,22.57555386139816]}"
2484,335.92526445043205,2025-04-01,285.99298872266496,627,0,10,0.5092505487613672,0.0013780764865387596,9.56089092007266,302.5436829158238,0.863693911867053,"{""type"":""Point"",""coordinates"":[80.81090042772426,19.543352698693955]}"
2485,204.9233047090056,2025-04-01,283.54290966760544,546,0,40,0.2869518137520303,0.035308691077183596,3.5749280861652295,298.4903846922375,0.9990968308916258,"{""type"":""Point"",""coordinates"":[83.71940230055982,22.73627687912925]}"
2486,313.4024447392446,2025-04-01,286.7613632111322,687,0,40,0.20797611020132936,0.006938340477894656,2.0238979023398564,301.0175366174607,1.2841466175925265,"{""type"":""Point"",""coordinates"":[81.63825276372262,18.961754718089487]}"
2487,72.49779479968913,2025-04-01,289.016199520656,126,0,40,0.20037926675094817,0.003833445124577395,1.5416296120568926,304.1601612454369,1.3156683421028101,"{""type"":""Point"",""coordinates"":[80.36502988834472,18.910844603980337]}"
2488,312.99083084814714,2025-04-01,285.6852552777245,266,0,10,0.22126661454261143,0.006624194197605959,0.6800651132603404,302.38701438903803,0.4286484625813402,"{""type"":""Point"",""coordinates"":[82.05290871770457,21.216662117003754]}"
2489,49.24485515975159,2025-04-01,289.99611604781376,323,0,10,0.28981653815474606,0.015344681553791872,23.457795631766146,302.5857099805559,0.5531315328589086,"{""type"":""Point"",""coordinates"":[84.36516262884665,20.661708526323707]}"
2490,27.00038122206365,2025-04-01,287.27543036142987,687,0,10,0.3371320037986705,0.017633127384137026,11.801172708586453,299.35136404491607,0.6319758902557444,"{""type"":""Point"",""coordinates"":[84.23111188105226,20.17796065545381]}"
2491,90.0,2025-04-01,285.92704168955487,247,0,30,0.3036115888345019,0.007471995763729922,0.985811869914295,303.85589808509457,0.3619646696229785,"{""type"":""Point"",""coordinates"":[82.69247285428355,19.82285050977986]}"
2492,72.42979155667491,2025-04-01,287.4683595839001,1082,0,40,0.5510352342898656,0.0014195762204636253,3.0695016835052416,298.4280358269101,0.7098910864121268,"{""type"":""Point"",""coordinates"":[82.54946536725595,18.206005996661286]}"
2493,61.61248370671761,2025-04-01,281.4307561147781,679,0,40,0.23117018504039613,0.03014457445616614,9.661552178690377,298.0897848038447,0.619728210679167,"{""type"":""Point"",""coordinates"":[83.56452705713198,23.261963029822997]}"
2494,139.2512518826701,2025-04-01,286.528144972665,244,0,40,0.6983508245877061,0.014448451213787905,3.057799599420257,301.69519542512444,0.505364167890254,"{""type"":""Point"",""coordinates"":[82.41690135822648,21.80015469023351]}"
2495,287.4859774948631,2025-04-01,286.92043245406376,930,0,40,0.4474452554744526,0.013185235075901858,3.083794819966217,298.47383544558573,0.770047312579449,"{""type"":""Point"",""coordinates"":[83.06529725438071,19.07568051983043]}"
2496,158.05171027796646,2025-04-01,287.3108598164149,292,0,10,0.3342383926147163,0.0367437325047959,7.948352634204066,301.3209627242315,0.37932409275663126,"{""type"":""Point"",""coordinates"":[83.03293151470764,21.47533342320923]}"
2497,287.20364611826096,2025-04-01,288.9910879135131,224,1,40,0.20977228170713316,0.023657756261776797,1.5675409161038458,301.77366338457375,0.29242417574526575,"{""type"":""Point"",""coordinates"":[84.27076605604361,21.741806024126152]}"
2498,290.3849368218787,2025-04-01,288.4358481906709,213,0,40,0.16459939658062353,0.03986780565256964,2.6607979096823873,301.6891035352434,0.11197840089833504,"{""type"":""Point"",""coordinates"":[83.44118223132024,21.721461418540148]}"
2499,197.1685462852671,2025-04-01,286.15538874126617,341,0,30,0.21838156484458734,0.05059932392115485,3.39363997192646,299.84412701924646,0.6821536117440818,"{""type"":""Point"",""coordinates"":[84.13949177668324,22.363210604735645]}"
2500,114.89478550621082,2025-04-01,280.7852599280221,433,0,40,0.18735408560311284,0.0048626683282364525,2.2022258543547317,301.939231418428,0.7658055074787758,"{""type"":""Point"",""coordinates"":[81.0220237579138,21.85191755633557]}"
2501,290.13104519102774,2025-04-01,283.57738581157867,421,0,40,0.20798635497140563,0.023470195345829836,5.3739353946532,298.78466133844285,0.77049489061263,"{""type"":""Point"",""coordinates"":[82.88644656765885,23.593533485318922]}"
2502,35.025482510027445,2025-04-01,293.72613720666794,85,0,10,0.38864898210980875,0.009871902279805056,3.3938557196454915,301.2368911561512,1.3462790981912367,"{""type"":""Point"",""coordinates"":[82.9583102891198,17.973803374002813]}"
2503,65.0781875017537,2025-04-01,289.0886511575608,205,0,40,0.4945998338410413,0.041787477545689455,1.1004016448386111,301.60876964387444,0.17179361130244372,"{""type"":""Point"",""coordinates"":[83.47868193981807,21.674615739840625]}"
2504,227.21910971787239,2025-04-01,283.6569930939447,335,0,10,0.3814809183518321,0.01128749769205939,0.6827530566268962,301.63402657281796,0.8476882079474134,"{""type"":""Point"",""coordinates"":[82.95133207571625,22.27281252582598]}"
2505,-0.0,2025-04-01,279.89096700577505,767,0,30,0.337253545485991,0.002411933951329104,6.922303189771408,301.8795041583834,0.7093539608430653,"{""type"":""Point"",""coordinates"":[80.6112859360662,21.928935522092875]}"
2506,208.67489132551347,2025-04-01,280.28197565532867,374,0,40,0.3772943575798776,0.0022870771216858543,1.0570226401997165,299.95404842921664,1.2145390689113704,"{""type"":""Point"",""coordinates"":[80.52017268756383,23.9044371554619]}"
2507,352.49923585725264,2025-04-01,289.2135814030965,491,0,10,0.3274647887323944,5.058519172180809E-4,3.736676694445897,303.62768472943986,1.6436682961600313,"{""type"":""Point"",""coordinates"":[80.65217630254998,18.310194944505962]}"
2508,270.0,2025-04-01,285.2526613417126,238,0,10,0.30599755201958384,0.0013759605216492332,1.481071861301249,304.43765613010953,0.7454616687558492,"{""type"":""Point"",""coordinates"":[80.212910278528,20.093248168610693]}"
2509,-0.0,2025-04-01,284.2474181311471,386,0,40,0.2421611191509889,0.03743617456431281,2.317462738066788,299.20412399655294,0.9499968535231403,"{""type"":""Point"",""coordinates"":[83.88370125687159,22.671216330789626]}"
2510,-0.0,2025-04-01,285.98710028330487,291,0,40,0.20615942028985507,0.02234721403593909,0.4637353428839794,302.3656288328625,0.22176988130797656,"{""type"":""Point"",""coordinates"":[81.77960860319898,20.916774326823177]}"
2511,180.0,2025-04-01,290.77730210622155,608,0,10,0.34190871369294606,0.017603772096585146,8.742673412295344,300.1317653656006,0.9373947927243432,"{""type"":""Point"",""coordinates"":[83.25009377353835,18.99310718261843]}"
2512,151.61348560642278,2025-04-01,283.5598134994507,315,0,10,0.38531848043416167,0.008167671375225893,2.1075567553291457,301.6750189463297,0.9950872032819141,"{""type"":""Point"",""coordinates"":[82.79888289771313,22.29401790317624]}"
2513,90.0,2025-04-01,284.5275927498227,618,0,40,0.305242997366531,0.006486924700688235,1.966635278292571,301.356246857416,0.7674609769191192,"{""type"":""Point"",""coordinates"":[82.54275798372747,19.462908519774615]}"
2514,245.03077813843387,2025-04-01,286.45680940718876,310,0,10,0.35092508340915984,0.020747395567845217,1.0984463753215479,301.9633141472226,0.519769542103535,"{""type"":""Point"",""coordinates"":[82.58313677692682,21.3605248480629]}"
2515,101.98393528059896,2025-04-01,286.1184479395548,415,0,10,0.37785467128027683,0.013967993073414675,11.028926352055345,301.89350155421664,0.17428918828734766,"{""type"":""Point"",""coordinates"":[82.90788404753377,20.939534114424408]}"
2516,192.22713568252928,2025-04-01,280.44839236849833,782,0,10,0.34207937028533947,0.003564449362706057,2.371192249478823,300.7040542420887,0.8924213821204584,"{""type"":""Point"",""coordinates"":[80.57664964029372,22.64370343165805]}"
2517,180.0,2025-04-01,285.87568496522454,299,0,40,0.2787794729542302,0.019615801386784426,0.463735342881014,302.205594653175,0.5361189544072907,"{""type"":""Point"",""coordinates"":[82.72429784327862,21.30046974613031]}"
2518,277.8804952731347,2025-04-01,281.32431661515005,933,0,10,0.5678305666857469,0.01656379025454413,10.042927165370793,298.39412934439525,0.9729001131029997,"{""type"":""Point"",""coordinates"":[81.26121889130097,22.666715150034893]}"
2519,47.27851245822594,2025-04-01,284.4127710887364,380,0,40,0.31092185865829974,0.0400810561704148,0.6835191406690166,299.76346179417203,0.8909576508724166,"{""type"":""Point"",""coordinates"":[83.95300631036648,22.562027589799897]}"
2520,32.959476571593775,2025-04-01,281.80459935324535,546,0,10,0.41865443425076454,0.0190818033742417,19.64238053235261,299.03985804603207,0.7094868271993402,"{""type"":""Point"",""coordinates"":[81.52356320612874,23.506853088961144]}"
2521,215.86358770312015,2025-04-01,289.324549130031,221,0,10,0.21952124698459827,0.0023161045836914695,10.744669855001657,304.83380917140414,1.4210095626258687,"{""type"":""Point"",""coordinates"":[80.28898457887533,18.832325817146227]}"
2522,167.9970473853829,2025-04-01,286.10681638263526,288,0,30,0.26378780527252144,0.0027371815967072166,4.730333214006948,304.01711227780294,0.7451925611045754,"{""type"":""Point"",""coordinates"":[80.28216619450656,19.832973684118986]}"
2523,35.21087011041988,2025-04-01,291.24155875614707,776,0,40,0.3926855312333155,0.030400278382252566,5.094885710396614,298.26607758658275,0.9257589089110919,"{""type"":""Point"",""coordinates"":[84.2828079835548,19.146734419150754]}"
2524,11.974596681539605,2025-04-01,285.0134325935727,640,0,30,0.5213581599123768,0.006361486725758425,2.368955115316073,302.1998747871035,1.0342184496122449,"{""type"":""Point"",""coordinates"":[82.20687418679638,19.44215028424548]}"
2525,35.6095595257434,2025-04-01,287.18145947229294,256,0,40,0.7252158380470378,0.032019215040158144,1.710721721797912,301.6874933696928,0.40306065376993605,"{""type"":""Point"",""coordinates"":[83.02327163335165,21.43081782434535]}"
2526,35.72977217783176,2025-04-01,284.4356563658941,272,0,10,0.3580167417900837,0.01315953057284247,3.4235383131683395,302.1238540467762,0.45435315560026773,"{""type"":""Point"",""coordinates"":[83.39835377651629,22.06671131834917]}"
2527,132.84269598283922,2025-04-01,284.8499048777989,231,0,30,0.2244355909694555,0.013406278901051394,1.3637239932416427,302.017844699678,0.3688575606195319,"{""type"":""Point"",""coordinates"":[83.1813981913829,21.967887824184444]}"
2528,232.53316628664894,2025-04-01,283.0812223071144,489,0,10,0.4952751528627015,0.027176963500927798,3.806193548639322,298.79620570228207,0.9457443091555795,"{""type"":""Point"",""coordinates"":[81.75273912968254,23.11971352348262]}"
2529,55.41780735282928,2025-04-01,283.33986604781376,777,0,10,0.34572682674928995,0.059096204452465884,4.890366212378937,296.4834673745291,1.079173148570306,"{""type"":""Point"",""coordinates"":[84.09227259021561,23.19177651918139]}"
2530,208.332670952928,2025-04-01,280.56899202437626,572,0,40,0.32344064386317906,0.0049034528064240135,1.053600484777189,301.9867923373268,0.7964942137054913,"{""type"":""Point"",""coordinates"":[80.66027634556858,21.976845795989384]}"
2531,282.98113475419257,2025-04-01,280.23528085436135,502,0,30,0.18735594336516298,0.003349261693905703,4.1218423889029605,300.8155276888893,1.1707989451863594,"{""type"":""Point"",""coordinates"":[80.35089905372283,22.767249180780848]}"
2532,135.74864761651025,2025-04-01,283.837715285165,620,0,10,0.3076190476190476,0.015924992375325075,6.4469640231842265,300.24329112824944,1.0475398029666914,"{""type"":""Point"",""coordinates"":[81.84258323844352,22.506790946226978]}"
2533,347.98726701386516,2025-04-01,285.73647830599833,337,0,40,0.21859706362153344,0.004292549900959841,2.3692897313113748,303.67055466061544,0.7575108935033933,"{""type"":""Point"",""coordinates"":[80.55420564221798,19.96518810767062]}"
2534,261.28466106817194,2025-04-01,279.3300306683495,621,0,10,0.45691171297924726,0.008053260259579531,6.0978957672061345,299.860379809425,1.0913875334050833,"{""type"":""Point"",""coordinates"":[80.35648849227518,23.106822594643017]}"
2535,270.0,2025-04-01,279.81045291537333,584,0,10,0.5557088651259054,0.0018132201957214988,0.999396972002899,301.3764814649309,0.7066849819754469,"{""type"":""Point"",""coordinates"":[80.35458438721601,21.881733648038857]}"
2536,270.0,2025-04-01,289.0606738045102,136,0,40,0.22709163346613545,0.01708421330923926,0.9918713224553535,303.1128851572672,0.17989433366580942,"{""type"":""Point"",""coordinates"":[83.86101003839539,20.77192431319579]}"
2537,133.0717031088911,2025-04-01,284.8075232278733,388,0,10,0.24391691394658754,0.010865064673375002,2.7142459187162435,302.82596179417203,0.09768070826485181,"{""type"":""Point"",""coordinates"":[80.92850300781775,20.794226864724248]}"
2538,208.7024668023403,2025-04-01,280.79200867244174,354,0,40,0.3775167785234899,0.005885379724453799,2.113882415895833,299.8176319485619,0.9554640452362014,"{""type"":""Point"",""coordinates"":[81.05745050829468,24.051921202338736]}"
2539,132.52669238663907,2025-04-01,281.528621628171,503,0,30,0.31913366040445135,0.017226027660321108,4.791369433541489,298.96448834737146,0.738368379542898,"{""type"":""Point"",""coordinates"":[81.59697622584208,23.481642398889452]}"
2540,180.0,2025-04-01,295.6300039291382,37,0,40,0.31702183635885295,0.0047782532500733055,1.390963080774087,301.82872872125535,2.1094637847311324,"{""type"":""Point"",""coordinates"":[83.733797753655,18.373830942185826]}"
2541,32.39901523688638,2025-04-01,288.2925899596442,329,0,30,0.2589782498735458,0.004455255680035464,2.744110227351783,303.20141519818986,1.033594670725297,"{""type"":""Point"",""coordinates"":[80.7241840459132,19.006484449152158]}"
2542,132.93971477590853,2025-04-01,282.4730796359834,297,0,40,0.3742138364779874,9.676240014542259E-4,1.3612414416270602,302.95294979640414,0.48753800560715765,"{""type"":""Point"",""coordinates"":[80.27795866478213,21.479389691393806]}"
2543,99.72209141945501,2025-04-01,289.4952499298823,1032,0,10,0.7202669902912622,0.01981604319090735,16.044127856616424,300.6828488849459,0.9067392533638156,"{""type"":""Point"",""coordinates"":[83.42360288136965,19.5556361036451]}"
2544,93.61977066308283,2025-04-01,287.5237795057751,948,0,10,0.3625866050808314,7.838777827728904E-4,21.036722744799995,299.5554307301839,0.7051281225059065,"{""type"":""Point"",""coordinates"":[82.50771067071399,18.392655392968443]}"
2546,172.27381495909518,2025-04-01,282.67530945369174,651,0,30,0.22382671480144403,0.04215619187827002,3.738636737883076,297.65262195042203,1.0501258496159465,"{""type"":""Point"",""coordinates"":[83.54707204838361,22.87607936640391]}"
2547,287.44688300470875,2025-04-01,285.3273974373227,637,0,10,0.26818791946308723,0.006091134958218447,7.6872320953357125,301.46279680161246,1.0661747909335977,"{""type"":""Point"",""coordinates"":[81.77722168696897,19.46585920145666]}"
2548,84.6367829134724,2025-04-01,288.37247044699535,294,0,10,0.5146621334466638,0.01094874959463965,4.949135265345184,302.24029168628516,0.8433580947398923,"{""type"":""Point"",""coordinates"":[83.57209546074812,20.14893504201629]}"
2549,28.59594057550098,2025-04-01,280.97895063672746,509,0,30,0.2482893450635386,0.014304416589688174,4.217754778748107,299.80499476478207,0.6748344951567795,"{""type"":""Point"",""coordinates"":[80.86861515604973,23.47682657574194]}"
2550,244.5589798875119,2025-04-01,291.5758163361323,87,0,10,0.29309376754632227,1.8321197504889142E-4,1.0794001402187996,304.19905517214823,2.0389706845569076,"{""type"":""Point"",""coordinates"":[80.98734451107168,17.931425655813328]}"
2551,27.906490839181895,2025-04-01,286.28152225131083,556,0,40,0.18056174765938476,0.0072885177659500755,1.0494217304092373,301.83969761076423,1.266825758401165,"{""type"":""Point"",""coordinates"":[81.92789235382051,19.251812452111583]}"
2552,144.73157483553598,2025-04-01,287.01375811440596,209,0,10,0.23883161512027493,0.0019164107369888939,1.7034924039703865,304.01567068554107,0.8807999045776446,"{""type"":""Point"",""coordinates"":[80.40059608572447,19.4960351396752]}"
2553,58.38981155312475,2025-04-01,284.561365536281,391,0,40,0.18724778046811946,0.03809118490691077,3.5346232522705874,299.57740338643396,0.9070186528230976,"{""type"":""Point"",""coordinates"":[83.90306895651638,22.6055293682046]}"
2554,244.92572888780296,2025-04-01,287.8521951493763,144,0,40,0.21244695898161245,0.010648133568714968,1.0941412218718647,303.49346551441016,0.29854505519812563,"{""type"":""Point"",""coordinates"":[83.67895109892198,20.646685106048857]}"
2555,119.17444129507447,2025-04-01,291.65347630637035,149,0,30,0.2668584212208373,0.035364227704953066,2.8516357204063025,301.88334646679107,0.32209326654869697,"{""type"":""Point"",""coordinates"":[83.94840506169331,21.48849717782396]}"
2556,46.953220950569836,2025-04-01,285.6099902107602,295,0,40,0.2294325278305729,0.01859265785689246,0.679353892396988,302.5509664444697,0.2526920507518841,"{""type"":""Point"",""coordinates"":[81.93133870394125,20.926085285959967]}"
2557,214.57792717077874,2025-04-01,284.4127710887364,501,0,10,0.28901933701657456,0.0400810561704148,6.171645711880586,299.76346179417203,0.8909576508724166,"{""type"":""Point"",""coordinates"":[84.00736809430906,22.598424880194806]}"
2558,48.77390093367828,2025-04-01,288.99238999684655,487,0,30,0.37094017094017095,4.991463946808494E-4,16.423163357144855,300.4190898168655,0.6324709617358877,"{""type"":""Point"",""coordinates"":[82.33677322486461,18.33038936468761]}"
2559,46.63340389705222,2025-04-01,286.0279531478882,563,0,30,0.4567592881673431,0.0020739458131302513,0.6753290282448795,301.5954756055559,1.1132347672436405,"{""type"":""Point"",""coordinates"":[82.44966293745621,19.169861385250687]}"
2560,234.95424103337785,2025-04-01,288.02701146262035,207,0,10,0.2530164533820841,0.016920419745396487,2.421341557228446,303.34770774841303,0.22548695844469815,"{""type"":""Point"",""coordinates"":[83.33975718664654,20.7402533628154]}"
2561,180.0,2025-04-01,290.2240329469953,165,0,10,0.4022570076447033,2.6649456496130597E-4,0.463735342881014,304.2352461133684,1.7731451210047422,"{""type"":""Point"",""coordinates"":[81.14846746380813,18.285397928977595]}"
2562,90.0,2025-04-01,280.5963008971441,513,0,30,0.23439667128987518,0.002522843294094912,1.505249596128014,301.1032881055559,1.2548600537347525,"{""type"":""Point"",""coordinates"":[80.22428392068105,22.47555578705467]}"
2563,75.0879695541563,2025-04-01,285.6285623368763,294,0,40,0.2603632976245924,0.015102418475102297,3.599463494712499,302.3544623057047,0.5667444815621047,"{""type"":""Point"",""coordinates"":[82.71188863303048,21.24155978430245]}"
2564,47.109435327293376,2025-04-01,281.5750955400013,306,0,40,0.564983164983165,5.979410933960594E-4,1.3624974935434886,302.48286283583866,0.565536691058281,"{""type"":""Point"",""coordinates"":[80.40501741282553,21.72790709625461]}"
2565,90.0,2025-04-01,279.8793587003435,402,0,40,0.312587608634707,0.002114387564610354,2.0296788256659366,299.7918576740084,1.2605811577838788,"{""type"":""Point"",""coordinates"":[80.20412679207975,24.000085226366533]}"
2566,144.54874124046924,2025-04-01,285.4179852349418,292,0,40,0.3113964686998395,0.022473531179379336,1.7073518768786258,302.89599527631486,0.1545900450546772,"{""type"":""Point"",""coordinates"":[82.6086583558474,20.55849139863642]}"
2567,110.21107015833921,2025-04-01,280.506678036281,836,0,40,0.1816728822589238,0.023109676651905886,5.353660944002082,298.11706461225236,0.8137460757605637,"{""type"":""Point"",""coordinates"":[81.54298547137336,23.019786624481952]}"
2568,287.18467093580915,2025-04-01,285.11192008427207,257,0,40,0.7737157264418532,0.01188956420893561,1.5692186425875816,302.24303536188035,0.7127411111447322,"{""type"":""Point"",""coordinates"":[82.13595224918295,21.909418717581463]}"
2569,87.05417138291901,2025-04-01,292.2099192937215,454,0,10,0.3011941618752764,0.00476061027521979,32.209916257280234,299.65876615615116,1.0628841792365782,"{""type"":""Point"",""coordinates"":[82.61821556573663,17.823042473813537]}"
2570,121.69680133621752,2025-04-01,288.04962934766496,250,0,40,0.2883977900552486,0.04089668612952124,1.7646650743413606,300.9682143983387,0.2801290055887499,"{""type"":""Point"",""coordinates"":[84.18884316786324,22.13397079466203]}"
2571,226.84681883995168,2025-04-01,287.8209974652244,164,0,40,0.2487260373695705,0.003363626413296572,0.6780071719774078,303.82031749543694,0.7066217475641408,"{""type"":""Point"",""coordinates"":[83.37073329760251,20.35953689126452]}"
2572,238.5496959865502,2025-04-01,281.9648660478138,577,1,30,0.46602461209202783,0.025026860051106325,1.7770538330250347,298.6625852130708,0.6978961211162988,"{""type"":""Point"",""coordinates"":[83.23672824993682,23.44886291272698]}"
2573,83.2891890471121,2025-04-01,284.6122804823376,654,0,10,0.3744644387317909,0.0017000607776154197,3.962120648970721,302.18339529491607,0.7562816986336435,"{""type"":""Point"",""coordinates"":[81.17096274034944,19.72628735771684]}"
2574,227.18814653661937,2025-04-01,282.9789390109834,331,0,40,0.3821888824773995,0.008141758255909792,1.3645159203882486,301.91384079342794,0.8003566858540584,"{""type"":""Point"",""coordinates"":[81.39756908337937,22.12073103007911]}"
2575,-0.0,2025-04-01,283.81735279446553,645,0,10,0.5931017245688578,0.001105325632046572,1.390963080774087,302.18127359662736,0.4973256942387363,"{""type"":""Point"",""coordinates"":[81.59731131969917,19.871710471600117]}"
2576,287.1160349793281,2025-04-01,280.596510160537,449,0,40,0.32409142000749347,0.0023956469821442283,1.575318764233807,301.5451361338297,1.0259378506620056,"{""type"":""Point"",""coordinates"":[80.38943876712158,22.505636688762312]}"
2577,137.72521205706923,2025-04-01,282.5106540407453,718,0,10,0.3431751611013474,0.03154854696268927,3.755082834785535,298.38586344037736,0.8433958578249935,"{""type"":""Point"",""coordinates"":[82.28500950748122,23.561224730597758]}"
2578,340.23127225974525,2025-04-01,279.48411246708457,643,0,10,0.4031413612565445,0.0018635563182343162,4.426262524470922,301.23211878821957,0.7833637910654482,"{""type"":""Point"",""coordinates"":[80.37942778904498,21.95779687171954]}"
2579,137.02939217534447,2025-04-01,287.44125997452505,914,0,10,0.4185516927281008,0.018768551163624636,5.057136938795086,298.78878266470775,0.5935719778489825,"{""type"":""Point"",""coordinates"":[84.15550210035985,20.06755543824184]}"
2580,-0.0,2025-04-01,281.7392161687215,388,0,30,0.2209178228388474,0.01915429752344977,0.0,299.2912415095738,0.6372839132223184,"{""type"":""Point"",""coordinates"":[81.57360173143277,23.895758276703432]}"
2581,270.0,2025-04-01,282.2781682241531,312,0,40,0.2416860834568947,0.0015439711141098655,0.9960849781305345,303.1511629195441,0.4238055450191321,"{""type"":""Point"",""coordinates"":[80.3380041034212,21.402357262316244]}"
2582,83.88731697207808,2025-04-01,294.0456765946888,339,0,10,0.5918083031485093,0.010882662944744936,24.515893485159157,299.92226945786246,1.4997625705053008,"{""type"":""Point"",""coordinates"":[84.30568795567324,18.917523555677075]}"
2583,81.07691554868819,2025-04-01,284.95591422489707,626,0,40,0.6678765880217786,0.0051284156369675316,2.987105575654446,301.63505545116607,0.9495780495475997,"{""type"":""Point"",""coordinates"":[81.76112875386238,19.601200145369432]}"
2584,151.69761894847363,2025-04-01,284.6372293290638,255,0,40,0.21654576323506713,0.014630379490803591,1.0533004644853399,302.6672180720738,0.7436094016449072,"{""type"":""Point"",""coordinates"":[81.77578709674209,21.796546128304428]}"
2585,28.376051933176264,2025-04-01,283.3801085608346,290,0,40,0.19570085087326466,0.005464958362530581,1.0540309825933933,302.1007943834578,0.9688668364564758,"{""type"":""Point"",""coordinates"":[82.06953392084998,22.232677449635442]}"
2586,324.1853516308365,2025-04-01,280.6597193309239,462,0,40,0.18070866141732284,0.0029045514392365135,1.715126901768662,301.2530916304816,0.9345222932628585,"{""type"":""Point"",""coordinates"":[80.5119573497581,22.50283908260987]}"
2587,98.91804080260162,2025-04-01,285.155103910537,565,0,30,0.19065420560747665,0.009156795554112307,2.9887782366183,302.0409683045887,0.5186507946488236,"{""type"":""Point"",""coordinates"":[82.54930713601892,19.693383593314003]}"
2588,70.66273620461743,2025-04-01,285.4187234696888,441,0,10,0.20607253303345516,0.02230717461581122,4.193997795288914,301.7735529400053,0.06734612509195485,"{""type"":""Point"",""coordinates"":[82.41598249998896,20.642130420406037]}"
2589,283.63006407988394,2025-04-01,279.9047667639596,793,0,10,0.3592729338256177,0.002746807746838442,9.744566385950371,299.28914306277323,0.9908471685926966,"{""type"":""Point"",""coordinates"":[80.86658385624933,22.864738246926564]}"
2590,287.03281817270226,2025-04-01,279.46736558278405,648,0,30,0.19772223979753242,0.008720876984547488,4.738718996922897,299.341825121925,1.011069035969014,"{""type"":""Point"",""coordinates"":[80.69888743390652,23.209075501330915]}"
2591,256.8420977879401,2025-04-01,285.2033274968465,322,0,30,0.1842791911285062,0.013881536536167971,2.036370579440805,302.71626708621073,0.22860877118199752,"{""type"":""Point"",""coordinates"":[81.94610412963205,20.757021141673036]}"
2592,152.6196230772247,2025-04-01,287.47953192392987,828,0,10,0.4571597983990513,0.012588965110730044,18.636961375884187,300.1910799117315,0.700259161192511,"{""type"":""Point"",""coordinates"":[84.04587420026449,20.063626360873407]}"
2593,-0.0,2025-04-01,280.4771718978882,727,0,40,0.17946877243359655,0.005718695335339419,1.8543341688414132,299.07868221827914,0.9142002696683551,"{""type"":""Point"",""coordinates"":[80.98224851933294,23.02964313081063]}"
2594,124.97554794897567,2025-04-01,286.6661658059983,232,0,40,0.26441265713047246,0.02223347347254645,2.4255760518005545,302.8557934533982,0.24319870540884592,"{""type"":""Point"",""coordinates"":[83.23677125450803,21.13060502066469]}"
2595,-0.0,2025-04-01,286.20952401842385,265,0,80,-0.14885114885114886,0.009239616208027712,0.0,299.8385175977434,1.101587510113862,"{""type"":""Point"",""coordinates"":[82.86687644664926,24.100389545861447]}"
2596,-0.0,2025-04-01,286.6875455493019,223,0,30,0.22497308934337998,0.0021821133422363914,0.463735342881014,304.150924591791,0.8479516032138484,"{""type"":""Point"",""coordinates"":[80.29373325042243,19.599266550985064]}"
2597,58.071805710311125,2025-04-01,284.232990582784,372,0,10,0.3174933174933175,0.00739158909792792,1.7532208764566088,303.26252010890414,0.17273858377143692,"{""type"":""Point"",""coordinates"":[80.73906488465475,20.82154518221451]}"
2598,3.9019111709977823,2025-04-01,281.5459265481858,639,0,10,0.3290853577591929,0.022426562719296328,7.395814842238746,298.1727984292166,0.6184281548657202,"{""type"":""Point"",""coordinates"":[83.5214757859846,23.604992929287427]}"
2599,133.23500925492445,2025-04-01,283.9288436798822,638,0,10,0.6666666666666666,0.0019830338286865867,0.6769766939843221,302.1000910259428,0.5820148603310671,"{""type"":""Point"",""coordinates"":[81.816317159854,19.912952573742313]}"
2600,237.65833898457828,2025-04-01,290.3105459213257,90,0,30,0.26175982291090205,4.664681481827415E-4,1.733206594718263,304.18477875845775,1.7149771963095113,"{""type"":""Point"",""coordinates"":[80.68740863776755,18.233254669157]}"
2601,167.94157755652586,2025-04-01,285.2223297754923,412,0,20,0.23389301054275674,0.010087194256733767,2.369692125666973,303.01430466061544,0.1862323730308945,"{""type"":""Point"",""coordinates"":[81.57051948455722,20.57225511867385]}"
2602,270.0,2025-04-01,280.7129129228138,437,0,10,0.36126373626373626,0.00604997795100104,1.5183931593959805,299.71434883844285,0.7268288189710023,"{""type"":""Point"",""coordinates"":[80.75754741010203,23.64620290069966]}"
2603,270.0,2025-04-01,281.8394707725161,669,0,10,0.3782872555630479,0.020116048269223086,2.513032154875942,297.99299467177616,0.905894041494134,"{""type"":""Point"",""coordinates"":[83.12828722475814,22.766538848309963]}"
2604,110.34102910495949,2025-04-01,287.43788269587924,222,0,40,0.2409867172675522,0.04379394870276343,2.666289389049064,300.8770162491572,0.43011866984258595,"{""type"":""Point"",""coordinates"":[83.94228182539382,22.057170873945974]}"
2605,263.25198558062465,2025-04-01,287.135340145656,584,0,40,0.2678860847418384,0.004629599266003481,3.9404454474571025,301.53674815949944,1.382681837180438,"{""type"":""Point"",""coordinates"":[81.63094027863066,18.811670006121872]}"
2606,46.81456552387002,2025-04-01,283.4470728465489,487,0,10,0.5368296994696523,0.0036676697062958397,2.708508853660628,303.177530107044,0.2192945883620175,"{""type"":""Point"",""coordinates"":[82.09148287361396,20.185140531265823]}"
2607,280.9410569762699,2025-04-01,287.7497665314447,842,0,10,0.5377044819789866,0.023022698574017397,16.62096915836147,298.44049862452914,0.4768807402224028,"{""type"":""Point"",""coordinates"":[84.2716198641599,20.124680180316297]}"
2608,-0.0,2025-04-01,283.78966608501617,371,0,40,0.21845252623871125,0.005920769982289187,0.0,303.15945207505,0.2227896288061,"{""type"":""Point"",""coordinates"":[80.56992820566767,20.80197978492663]}"
2609,-0.0,2025-04-01,286.61326285770957,248,0,10,0.28937624608373685,0.007135110311459414,1.390963080774087,303.24037887936544,0.3215414490409557,"{""type"":""Point"",""coordinates"":[82.91306657469478,20.077947284706685]}"
2610,90.0,2025-04-01,285.81666106269466,295,0,40,0.6320832192718314,0.02042758684630286,0.496808984665111,302.3608157748268,0.2004957225859873,"{""type"":""Point"",""coordinates"":[81.5878021109291,21.024515354345077]}"
2611,28.210045800937515,2025-04-01,290.4703824633644,141,0,40,0.4819369715603382,0.03210063498492133,1.0523887539777543,301.9816595713297,0.4278554962881207,"{""type"":""Point"",""coordinates"":[83.8152339446506,21.234659336983714]}"
2612,237.87395185229434,2025-04-01,285.1881907780965,657,0,40,0.25107112253641817,0.005948605351399294,1.7435748956776764,301.8084243592762,0.963996790121953,"{""type"":""Point"",""coordinates"":[81.89346526600323,19.626708985942656]}"
2613,229.81663472276617,2025-04-01,287.6875920522781,277,0,10,0.08816837315130831,0.01155263405318152,24.897459108093784,302.2503828321184,0.18660780027441498,"{""type"":""Point"",""coordinates"":[84.09870110642296,20.6301918714703]}"
2614,180.0,2025-04-01,288.6006489254179,199,0,30,0.2894655545257955,0.0387673399972428,0.4637353428839794,301.7722799210322,0.18004508642072925,"{""type"":""Point"",""coordinates"":[83.51186191833183,21.77271995695276]}"
2615,190.95920193477295,2025-04-01,281.5543668383644,871,0,10,0.6031233171782445,0.032369854264210574,12.998392469163226,296.35273006984164,0.9723148456658064,"{""type"":""Point"",""coordinates"":[83.26425162633059,22.753511388732452]}"
2616,107.4478937175578,2025-04-01,285.69432335808165,524,0,10,0.2985250737463127,0.0032532386111725486,1.5462761597461474,302.5702419281006,0.9485153643909067,"{""type"":""Point"",""coordinates"":[81.44673732030653,19.45610986492972]}"
2617,107.3811943201147,2025-04-01,287.5646846862066,191,0,40,0.2905405405405405,0.0071758351850021995,1.552022907477616,303.4465963272822,0.5744909622230034,"{""type"":""Point"",""coordinates"":[83.06679995652648,20.10558223505056]}"
2618,259.43442661940014,2025-04-01,285.722010067531,296,0,60,0.21991045562286016,0.012191938571881167,2.527502265198117,302.40120942252025,0.3139720416736668,"{""type"":""Point"",""coordinates"":[81.71414576787905,21.154157287169365]}"
2619,97.71482355428867,2025-04-01,295.6746060961769,22,0,40,0.26268089460605176,0.003804089837025515,3.4503567403461703,301.75432977222266,1.9635537951376092,"{""type"":""Point"",""coordinates"":[83.91977929039619,18.507673687314952]}"
2620,204.35372403194282,2025-04-01,288.2816559473673,467,0,30,0.3100326879557455,0.002958895974110476,3.5587071832202533,301.839866184053,1.33962217052215,"{""type"":""Point"",""coordinates"":[81.33090042429836,18.7708288570051]}"
2621,190.28739768108028,2025-04-01,282.2016533897036,523,0,30,0.2400096875756842,0.023700746111821047,2.8256406952438895,298.7509641193208,0.8442028923183479,"{""type"":""Point"",""coordinates"":[82.93986712071911,23.327467833042665]}"
2622,328.69913255699385,2025-04-01,285.25943333762035,414,0,10,0.3233721296005033,0.003553988747547976,3.793632733085431,303.8390058789934,0.5676495088263852,"{""type"":""Point"",""coordinates"":[81.0952924627125,19.981333397902695]}"
2623,218.78662954321072,2025-04-01,285.9804677963256,296,0,40,0.20709071949947863,0.015022429041813723,2.37838864357485,302.33062371753516,0.15642465134260752,"{""type"":""Point"",""coordinates"":[81.34642932781152,21.051153205945617]}"
2624,199.95341349095239,2025-04-01,282.0285693123227,607,0,30,0.2387826765509169,0.030617894940327517,2.95754107370504,298.32861246381486,1.0102692486931426,"{""type"":""Point"",""coordinates"":[82.58217752441097,23.343312140635927]}"
2625,90.0,2025-04-01,287.65562125614707,256,0,10,0.28088287646849414,0.007958935909222475,1.9801733763671703,303.4241702670143,0.47285370373884705,"{""type"":""Point"",""coordinates"":[83.18700585667206,20.544249390473887]}"
2626,215.5932882725868,2025-04-01,286.9530775433495,253,0,40,0.18015963511972635,0.02560140412325751,1.7103741306441205,302.0778509775797,0.44242340487648785,"{""type"":""Point"",""coordinates"":[83.01779698179296,21.342712864578623]}"
2627,21.69084822426391,2025-04-01,286.0366143272036,764,0,30,0.3193646502196688,0.01136572878832709,7.934249000521877,299.72195207504996,0.6399781613865186,"{""type"":""Point"",""coordinates"":[83.05029484625871,19.47809709895475]}"
2628,-0.0,2025-04-01,292.4304654711769,135,0,40,0.38037355469908096,0.00897184234137427,0.0,300.94522448948453,1.0739737385018053,"{""type"":""Point"",""coordinates"":[83.22927095204649,18.29250147611384]}"
2629,271.55807014049094,2025-04-01,288.97545710064117,1133,0,10,0.4925547445255474,0.001157762818287722,16.57709120674883,299.49172165280294,0.9592845122648112,"{""type"":""Point"",""coordinates"":[82.12352105958261,17.823003726100257]}"
2630,90.0,2025-04-01,283.97577680860246,368,0,40,0.34941634241245134,0.0070069156217087425,0.496808984665111,303.3013733455113,0.20830508949296525,"{""type"":""Point"",""coordinates"":[80.5590317848251,21.024757812861843]}"
2631,-0.0,2025-04-01,285.37739976247155,578,0,40,0.1552999178307313,0.004833447151135317,0.9274099368611016,302.191934403919,1.2729568617732607,"{""type"":""Point"",""coordinates"":[82.06225985090688,19.17879402553498]}"
2632,37.04851451420647,2025-04-01,286.4144161315191,718,0,40,0.41394791978449563,0.007000955157231203,4.060490825825929,301.6444374266125,1.4655437702232403,"{""type"":""Point"",""coordinates"":[81.80032619593376,18.875816438998715]}"
2633,340.64250202473863,2025-04-01,289.1950674057006,384,0,10,0.21739130434782608,5.816094207276024E-4,1.4742717137337888,303.610129855928,1.5740261036191174,"{""type"":""Point"",""coordinates"":[80.63215983407567,18.4143327987265]}"
2634,90.0,2025-04-01,290.9665517807007,143,0,10,0.34579439252336447,2.2000294203650128E-4,1.9500207062681374,304.32072439647857,1.9817771693352593,"{""type"":""Point"",""coordinates"":[81.03215997820662,18.029244947957576]}"
2635,-0.0,2025-04-01,283.6740596862066,337,0,40,0.2949896234805811,0.0032755307483185447,1.3909630807829783,303.0726077670143,0.14244946940692035,"{""type"":""Point"",""coordinates"":[80.91658871052711,21.258110359030503]}"
2636,283.01345132358927,2025-04-01,284.26544384729294,369,0,40,0.37601195665711795,0.012417646460484377,4.111817045421309,301.13690394446957,0.9367355211246218,"{""type"":""Point"",""coordinates"":[81.65696108701492,22.412948110106548]}"
2637,27.91211498902329,2025-04-01,290.7209463119506,545,1,10,0.5538065254722381,0.0025007746743668235,4.190884680626581,300.42018844967794,0.9722965836003907,"{""type"":""Point"",""coordinates"":[84.02756072658157,19.2909246873654]}"
2638,151.7359576663452,2025-04-01,284.71593561626617,261,0,30,0.21482412060301506,0.007572936229657046,1.052921387584123,302.978055590675,0.6065303807595794,"{""type"":""Point"",""coordinates"":[81.66348851932126,21.565588505649725]}"
2639,335.55238580261346,2025-04-01,285.1520986557006,769,0,40,0.2754440372145475,0.005675318055104128,3.561346784273999,300.2132385798863,0.5847481864700775,"{""type"":""Point"",""coordinates"":[83.0216959724433,19.490099784951703]}"
2640,67.55957089158436,2025-04-01,289.63962423233755,215,0,10,0.19342105263157894,0.042974176220845095,4.847899408178513,301.33613432021366,0.24534245170370148,"{""type"":""Point"",""coordinates"":[83.59458340335924,21.68315880488364]}"
2641,28.215896732633674,2025-04-01,285.59415013449535,313,0,30,0.2091984818039741,0.009384664111088625,3.1545031497181384,302.37514450436544,0.513963520341509,"{""type"":""Point"",""coordinates"":[82.28133945821796,21.2705460544526]}"
2642,336.37280561819546,2025-04-01,280.0003361929031,394,0,40,0.2594445834375782,0.002294140272091738,2.529240665743109,300.01342691693986,1.221199794161183,"{""type"":""Point"",""coordinates"":[80.2532439243379,23.8824943960911]}"
2643,76.7319626403628,2025-04-01,286.0639929544358,583,0,10,0.27171388759869947,0.00430827062601935,4.034553304411799,301.79669979640414,1.1026532274599865,"{""type"":""Point"",""coordinates"":[81.58408962194318,19.402944632735515]}"
2644,114.80557258446166,2025-04-01,280.6258826028733,512,0,20,0.3302620213072272,0.0016186855363358177,1.105228436386114,301.3604146866572,1.0819448373845393,"{""type"":""Point"",""coordinates"":[80.29952836722794,22.426441874271223]}"
2645,127.26484397636608,2025-04-01,293.72613720666794,96,0,10,0.4793238756414126,0.009871902279805056,3.0606383984835692,301.2368911561512,1.3462790981912367,"{""type"":""Point"",""coordinates"":[82.97651747708137,18.004300556324072]}"
2646,289.58334214403527,2025-04-01,287.5237795057751,862,0,30,0.3324768756423433,7.838777827728904E-4,8.244117238751278,299.5554307301839,0.7051281225059065,"{""type"":""Point"",""coordinates"":[82.50681567139696,18.435033574979162]}"
2647,313.0440227818843,2025-04-01,285.65748718806674,319,0,30,0.1718407386035776,0.020869376473378054,1.3585867676449095,302.5250933510916,0.03229385378162877,"{""type"":""Point"",""coordinates"":[81.11740243122405,20.940395701428955]}"
2648,150.60218530349917,2025-04-01,285.54171802884053,577,0,10,0.2640404999208986,0.001955526285122744,16.5564219974763,301.8597520192464,0.8891223950934685,"{""type"":""Point"",""coordinates"":[80.91694952558689,19.45528556110824]}"
2649,225.2347605933643,2025-04-01,287.2603808357602,1033,0,10,0.6304062909567497,0.016045423560093752,34.59093610477531,300.5090905144101,0.7048261578182266,"{""type"":""Point"",""coordinates"":[83.17288955280308,19.567478167827304]}"
2650,28.074054958416497,2025-04-01,284.41850258055194,392,0,10,0.27582376897445393,0.0022373966502655662,4.197163211917576,303.65958577110644,0.466284883865294,"{""type"":""Point"",""coordinates"":[80.54936191608289,20.374075668413372]}"
2651,208.4629588961203,2025-04-01,283.78780015309655,406,0,30,0.2511078286558346,0.020064430646847597,2.109077899392599,299.46088436671664,1.1096800110077203,"{""type"":""Point"",""coordinates"":[82.36894464937824,22.733947419045027]}"
2652,114.71062499128774,2025-04-01,280.1098448889596,732,0,30,0.19333333333333333,0.01099944334502112,2.217581213458179,298.65102922348746,0.7826213882480242,"{""type"":""Point"",""coordinates"":[81.2841449088426,23.023518320070167]}"
2653,180.0,2025-04-01,288.0523904618762,950,0,40,0.2801358234295416,0.020767884664486758,1.390963080774087,297.5119213830857,0.7328026464518637,"{""type"":""Point"",""coordinates"":[82.85169704151984,18.354506777772013]}"
2654,211.78265665554213,2025-04-01,281.0661146527245,798,0,30,0.23902195608782434,0.02824524264807593,3.813206041105062,298.53522518702914,1.0168447392364353,"{""type"":""Point"",""coordinates"":[81.47609436775836,22.74433860009211]}"
2655,98.70347110368178,2025-04-01,281.93463911328996,480,0,40,0.3994352055224349,0.018624248318623415,3.061735461323662,299.43157005310064,0.682477203930378,"{""type"":""Point"",""coordinates"":[81.41055614846192,23.291685774021715]}"
2656,50.72178882634139,2025-04-01,283.9552457446144,392,0,10,0.23272933182332955,0.0039030037450302757,5.1139820961053095,303.51183419000535,0.3053956591517085,"{""type"":""Point"",""coordinates"":[80.39253773550843,20.82162789130199]}"
2657,207.98211110611575,2025-04-01,285.92704168955487,255,0,40,0.4401244167962675,0.007471995763729922,1.0501565414872414,303.85589808509457,0.3619646696229785,"{""type"":""Point"",""coordinates"":[82.73970079493918,19.768213101504365]}"
2658,216.061166035623,2025-04-01,282.1223716281709,401,0,30,0.25833593019632284,0.018549966030072085,1.7204812964043315,299.25019100734164,0.6237093565811028,"{""type"":""Point"",""coordinates"":[81.30268169772047,23.71890620409494]}"
2659,207.91888113988674,2025-04-01,291.983478864034,253,0,40,0.42121466554715925,0.01872848194117438,2.09837999502885,301.5266279493059,1.0535764319322622,"{""type"":""Point"",""coordinates"":[83.42935312879362,19.33730915169706]}"
2660,316.37353395265325,2025-04-01,290.91942682720367,1004,0,10,0.6391073326248672,0.0025017581510056175,31.123998381719645,298.53573090689525,0.9180605647276772,"{""type"":""Point"",""coordinates"":[82.39033361734363,17.825323549105807]}"
2661,351.2400812918703,2025-04-01,283.70330424535837,264,0,30,0.09977151561309977,0.008889036588620058,3.280940957827332,302.5248433975947,0.8448735308775908,"{""type"":""Point"",""coordinates"":[81.86349185442754,22.014783796777667]}"
2662,235.58862508605853,2025-04-01,286.0109098071144,279,0,30,0.45192450587011446,0.010170000009487978,2.4602821562245376,299.6824652353922,0.9752827168531617,"{""type"":""Point"",""coordinates"":[82.81198733858818,24.028274112623528]}"
2663,313.4119590611628,2025-04-01,286.8124990463256,552,0,40,0.22519612367328104,0.004285397343586794,0.6747636967597894,302.17977387564525,1.3604675796562444,"{""type"":""Point"",""coordinates"":[82.0450155447452,18.906750025110256]}"
2664,143.27727472542736,2025-04-01,290.1078220094953,924,0,10,0.42561884162460945,0.001594396643589846,17.382000301933182,299.8997097015381,0.7124589633585543,"{""type"":""Point"",""coordinates"":[82.2960307433246,17.95164029746172]}"
2665,238.1238762643808,2025-04-01,286.40717329297746,295,0,40,0.17193454382425466,0.015167625956486575,1.755780723742928,302.40115710667203,0.1959369138582713,"{""type"":""Point"",""coordinates"":[81.44807816434721,21.124223877762024]}"
2666,46.83039861792771,2025-04-01,286.74615673791794,211,0,40,0.30697129466900996,0.004626991562794558,1.3554103960947645,303.695352372669,0.40598154351264165,"{""type"":""Point"",""coordinates"":[83.00193068704627,20.271358746081212]}"
2667,227.0502682770822,2025-04-01,285.58124555860246,265,0,40,0.42534435261707987,0.00642439942831885,0.6805889339481631,302.7152905237107,0.4199566189373001,"{""type"":""Point"",""coordinates"":[81.63457071828817,21.428134057763366]}"
2668,199.87720106042323,2025-04-01,282.8080754507156,579,0,10,0.46772258219342455,0.027350368313740603,7.356173523003313,298.3939026423863,1.1252231703224493,"{""type"":""Point"",""coordinates"":[82.13702451399686,22.7842179942717]}"
2669,90.0,2025-04-01,282.1457975024269,655,0,10,0.3,0.03644272904868018,2.020911896713898,297.96999313717794,1.0185579842325627,"{""type"":""Point"",""coordinates"":[82.63433965711802,23.435218983846575]}"
2671,180.0,2025-04-01,282.30658735547746,430,0,40,0.5876157037982764,0.020606311373661867,0.4637353428839794,299.3206081390381,0.7001019012583906,"{""type"":""Point"",""coordinates"":[81.47923967536791,23.338605893439603]}"
2672,65.15302252975884,2025-04-01,287.7366178149269,266,0,10,0.28440122552284536,0.0450425766038407,3.3072426678712907,300.6653347015381,0.3923424484593321,"{""type"":""Point"",""coordinates"":[84.17504782339358,22.161909817863982]}"
2673,290.3251394871433,2025-04-01,280.29925732385544,572,0,10,0.45429647381033894,8.229337262619651E-4,5.325041341608892,302.14748918442496,1.0805747601168834,"{""type"":""Point"",""coordinates"":[80.24754823007198,22.17645382057503]}"
2674,-0.0,2025-04-01,288.74260507311135,264,0,10,0.31388681126901025,1.8647532935034405E-4,0.463735342881014,302.17476899283275,0.7900784392089918,"{""type"":""Point"",""coordinates"":[82.16843781109361,18.416014802922174]}"
2675,19.869527692967274,2025-04-01,283.54290966760544,560,0,40,0.23828125,0.035308691077183596,1.4789720493423826,298.4903846922375,0.9990968308916258,"{""type"":""Point"",""coordinates"":[83.65791220397197,22.72735933482848]}"
2676,227.1113125642738,2025-04-01,287.5086892900013,216,0,40,0.2067435669920142,0.029594617299984805,2.04333695655065,301.57217761448453,0.3606697733555245,"{""type"":""Point"",""coordinates"":[82.9023465995277,21.737478246167097]}"
2677,289.48073365561356,2025-04-01,287.3270893551054,230,0,10,0.3356379635449403,0.002617122940968386,4.164401479300201,303.99750546046664,0.9137861208527386,"{""type"":""Point"",""coordinates"":[80.5245469578453,19.385305350413002]}"
2678,164.7990462058085,2025-04-01,282.4709521248227,424,0,40,0.19708309345615044,0.01808792572493445,3.838719657644429,299.0612319764637,0.9530046062639862,"{""type"":""Point"",""coordinates"":[82.6482965782151,23.060186115319972]}"
2679,270.0,2025-04-01,288.19716003962924,316,0,10,0.364079822616408,0.0038129262256134666,0.4907006600651737,302.70033400399336,1.078355399933439,"{""type"":""Point"",""coordinates"":[81.08937270002878,19.08320527094731]}"
2680,274.3804898489018,2025-04-01,281.34842259543285,961,0,10,0.5233996772458311,0.0255798719453324,6.049020088974244,297.6353286561512,0.726727603623231,"{""type"":""Point"",""coordinates"":[83.51973194376836,23.185018429549086]}"
2681,199.50338331869636,2025-04-01,291.6553771155221,372,0,10,0.2828197551709582,0.02905737083430182,8.786012573831126,300.68708065577914,0.42766741290838306,"{""type"":""Point"",""coordinates"":[84.29089330759291,19.758111241404443]}"
2682,227.57971151001968,2025-04-01,282.17336795443583,259,0,40,0.3285179930349542,0.006382631473492495,0.6874415638051575,299.9274777911958,0.7709391389915029,"{""type"":""Point"",""coordinates"":[84.20072750580331,23.96716392876689]}"
2683,338.9685366384472,2025-04-01,287.48847212110246,1259,0,30,0.2773826458036984,0.0017265103387344993,24.271604077853077,297.6319281260172,0.7284874215588218,"{""type"":""Point"",""coordinates"":[82.49966567794577,18.14020737543733]}"
2684,58.50965872454896,2025-04-01,282.12584772564117,548,0,40,0.23736462093862815,0.021531792693089358,1.7750275402827165,298.7540798187256,0.9095975955403357,"{""type"":""Point"",""coordinates"":[82.79446171945058,23.240722844914107]}"
2685,138.12784843620045,2025-04-01,290.22313195183165,192,0,30,0.3264984227129338,0.03304444473261725,3.7314039655246796,301.67919840131486,0.26700710182546855,"{""type"":""Point"",""coordinates"":[83.9552915713572,21.615286479322965]}"
2686,320.6944436876142,2025-04-01,287.72350978851324,941,0,10,0.5813165537270087,0.010601954870175234,22.192906601807607,300.95149657839823,0.9149848447738007,"{""type"":""Point"",""coordinates"":[83.59772012973143,20.01037826657735]}"
2687,7.572904574561376,2025-04-01,284.1582196099418,637,0,40,0.24958030218242866,0.00662102025027167,3.737297458886018,301.9173750196184,0.5214813391431351,"{""type"":""Point"",""coordinates"":[82.21118185139649,19.910806489692117]}"
2688,109.69142845455035,2025-04-01,283.1468554451352,881,0,10,0.45595353339787026,0.04368607919688117,9.544715111886656,296.7711696624756,1.0894797591225782,"{""type"":""Point"",""coordinates"":[83.77922030033834,23.03435823794422]}"
2689,222.83435806462538,2025-04-01,281.3853459585281,697,0,10,0.4656849124756877,0.013290437273930422,4.417951230769227,299.69050443740116,0.9781263554107547,"{""type"":""Point"",""coordinates"":[81.07455764341752,22.404075313922522]}"
2690,-0.0,2025-04-01,282.5953999019805,378,0,80,-0.1729957805907173,0.004590766839932314,0.0,302.79479898725236,0.3382834632888674,"{""type"":""Point"",""coordinates"":[80.927287037534,21.533768188915065]}"
2691,194.80607046737367,2025-04-01,288.56554499126617,354,0,10,0.46352201257861636,0.004718141965817324,1.9179726995369535,302.7610029493059,1.1423947778675103,"{""type"":""Point"",""coordinates"":[80.98309638288424,18.949584065371354]}"
2692,227.37460229371763,2025-04-01,282.7774881181263,526,0,40,0.2316622691292876,0.02971519749636542,0.6847635644777117,298.1063107990083,1.1228415050954526,"{""type"":""Point"",""coordinates"":[82.05453080459462,23.020271981299224]}"
2693,324.439126635973,2025-04-01,284.3188292639596,324,0,40,0.23288424525708,0.004286306314419619,1.7096825053963476,302.94063813345775,0.07350111557416335,"{""type"":""Point"",""coordinates"":[80.93230916285928,21.166790085548055]}"
2694,172.50600600149252,2025-04-01,294.80228001730774,59,0,30,0.25625214114422745,0.004940586500119082,3.7366187514600044,301.9598438626244,1.8773819227483075,"{""type"":""Point"",""coordinates"":[83.43939352851376,18.151100023314733]}"
2695,349.7694405346762,2025-04-01,283.6422690891084,604,0,10,0.4003431512725193,0.03266974013323676,2.825134230476449,299.00800932021366,0.9777467210708326,"{""type"":""Point"",""coordinates"":[83.55057881365232,22.561771534475376]}"
2696,301.9352045405785,2025-04-01,285.22040571485246,336,0,40,0.20972354623450906,0.01655495386595618,1.752876924851146,302.72970063345775,0.035284263328866375,"{""type"":""Point"",""coordinates"":[81.07028617906929,20.77999120877361]}"
2697,47.45686626514846,2025-04-01,281.1876153037661,454,0,30,0.20776312515551132,0.018296929411839358,2.0567166449279344,300.21379080272857,0.7172967976155266,"{""type"":""Point"",""coordinates"":[80.981489035249,23.405432223129015]}"
2698,312.6026385051737,2025-04-01,282.2115468978882,497,0,40,0.23473907182746004,0.013989137821148745,1.369922699197063,298.93008777073453,1.0252914757326417,"{""type"":""Point"",""coordinates"":[82.40686002481159,23.127383337082172]}"
2699,160.27379191618058,2025-04-01,288.09690543583457,206,0,40,0.35281719825769287,0.041299464516590945,1.4776414921898962,301.7785461970738,0.1874065112041565,"{""type"":""Point"",""coordinates"":[83.43593304481642,21.62342144415445]}"
2700,235.36002163758684,2025-04-01,284.00171965644466,778,0,10,0.32545710267229255,0.06515158932680976,2.4460717165644144,297.0887966156006,1.002499785940268,"{""type"":""Point"",""coordinates"":[84.28118009415572,22.900983821580954]}"
2701,180.0,2025-04-01,286.33896505265005,317,0,40,0.3226941442573511,0.020286025814961306,1.390963080774087,302.1837615058535,0.16470930879528714,"{""type"":""Point"",""coordinates"":[81.37551165808222,20.965246521987513]}"
2702,226.9026019748278,2025-04-01,285.69960144587924,332,0,40,0.188275566966196,0.013107316904019228,0.6787122549130541,302.9448989686512,0.18780879614706475,"{""type"":""Point"",""coordinates"":[81.54508610128309,20.658711964298206]}"
2703,215.66973729224776,2025-04-01,286.84738790421255,218,0,40,0.17177522349936142,0.03276153128619086,1.7120096839767798,301.7826849619547,0.20651453327491076,"{""type"":""Point"",""coordinates"":[83.1782368009028,21.75154743143622]}"
2704,232.01493096275345,2025-04-01,284.7205626623971,386,0,10,0.254841997961264,0.0029059372472275413,7.491994681202124,303.5573431650797,0.4853936991447111,"{""type"":""Point"",""coordinates"":[80.83649869400851,20.439908758458483]}"
2705,294.85034089687423,2025-04-01,284.83807568323044,285,0,40,0.25979557069846676,0.007187398486088625,3.306824392757175,301.8153067997523,0.6855749915721044,"{""type"":""Point"",""coordinates"":[82.74664670936701,22.14071587301914]}"
2706,184.62822446958663,2025-04-01,282.4122711817423,551,0,10,0.35845942228335625,0.023493158035229555,12.366414370800756,298.85077113196957,0.6231691557731404,"{""type"":""Point"",""coordinates"":[81.94538435709771,23.792087252594253]}"
2707,190.19111403893058,2025-04-01,288.2526613417126,266,0,10,0.24821838386278536,0.038006546311329714,2.8247844842975205,301.073508762178,0.19731459287693917,"{""type"":""Point"",""coordinates"":[84.224620141869,22.0099024651966]}"
2708,295.1133836762257,2025-04-01,285.2381582260132,250,0,10,0.3025487256371814,0.0014216176795471824,1.0925478451692092,304.03299304417203,0.6315027714374454,"{""type"":""Point"",""coordinates"":[80.21867429612331,20.373895194048764]}"
2709,-0.0,2025-04-01,287.47606745220367,168,0,40,0.2733463035019455,0.020922156386326662,1.390963080774087,303.22751499357685,0.10700267538518171,"{""type"":""Point"",""coordinates"":[83.3249450893066,20.977550292900673]}"
2710,47.290263148117845,2025-04-01,282.087971051534,874,0,10,0.481691739994323,0.023762422018002383,2.7327396188587443,298.28292910257977,1.064953167975337,"{""type"":""Point"",""coordinates"":[81.60465282159537,22.61840881063048]}"
2711,312.93535147291453,2025-04-01,289.00753834134053,210,0,10,0.4634974533106961,0.043026106767605654,0.6807724879055245,301.4880188533238,0.2468867321215402,"{""type"":""Point"",""coordinates"":[83.47761897843634,21.502073473287556]}"
2712,46.903542635046364,2025-04-01,283.6287541616531,386,0,10,0.19325842696629214,0.00283250432486426,4.0656977055329016,303.7222950344993,0.3364439982606802,"{""type"":""Point"",""coordinates"":[80.41871578512617,20.663507970501545]}"
2713,46.9096105835119,2025-04-01,285.69960144587924,323,0,40,0.29597035664659566,0.013107316904019228,0.6788009909483274,302.9448989686512,0.18780879614706475,"{""type"":""Point"",""coordinates"":[81.48874077995622,20.695793374454247]}"
2714,19.585617076020693,2025-04-01,287.8541075842721,144,0,80,0.08531187122736418,0.00705272179121863,1.4763475539721795,303.70018868219285,0.5835661219857922,"{""type"":""Point"",""coordinates"":[83.54666337389862,20.47004587951254]}"
2715,2.894336307686807,2025-04-01,285.1002187728882,597,0,10,0.5934682769178432,0.002143906764935366,9.658552605574481,301.8898975735619,0.860866198306774,"{""type"":""Point"",""coordinates"":[81.01943042229153,19.63368533942116]}"
2716,252.4039553847966,2025-04-01,291.5758163361323,94,0,10,0.3613303269447576,1.8321197504889142E-4,1.5336699881112041,304.19905517214823,2.0389706845569076,"{""type"":""Point"",""coordinates"":[80.99421936632949,17.930442306818534]}"
2717,47.12458899749263,2025-04-01,284.6372293290638,258,0,40,0.7289017341040462,0.014630379490803591,1.362885421918179,302.6672180720738,0.7436094016449072,"{""type"":""Point"",""coordinates"":[81.82995752358747,21.804319186072227]}"
2718,180.0,2025-04-01,284.8979947680519,295,0,30,0.07678075855689177,0.0068400524186600364,1.3909630807829783,302.6623236338297,0.5511321610144487,"{""type"":""Point"",""coordinates"":[81.80888437305178,21.471581926315377]}"
2720,-0.0,2025-04-01,282.45124067578996,294,0,40,0.41256189731561116,7.900617646683372E-4,0.9274099368611016,302.87969017028814,0.5361918132294963,"{""type"":""Point"",""coordinates"":[80.31745105308907,21.607658744850028]}"
2721,132.8928823867424,2025-04-01,289.7499234789894,204,0,30,0.35257214554579674,0.03694167953009497,2.043176053990187,301.47836367289216,0.2860521911660246,"{""type"":""Point"",""coordinates"":[83.9984567874686,21.716324958750054]}"
2722,90.0,2025-04-01,281.78473095666794,368,0,40,0.2653662127346338,0.0076124690103043235,0.5078954170620266,299.54461297534766,1.185783778114223,"{""type"":""Point"",""coordinates"":[83.52492863306465,24.069922808992658]}"
2723,151.81903349171532,2025-04-01,290.7743142900013,174,0,10,0.4173204586602293,0.026163222603749148,2.1034960065045265,302.0246341342018,0.4090772395637507,"{""type"":""Point"",""coordinates"":[83.96479724349062,21.054100203769227]}"
2724,107.37817741644945,2025-04-01,287.86612279074535,192,0,10,0.40045377197958026,0.008382128887127749,1.5522839000568152,303.48046793256486,0.7210399006973169,"{""type"":""Point"",""coordinates"":[83.1665228993096,20.134249224422568]}"
2725,-0.0,2025-04-01,285.1425016039894,309,0,40,0.16189811584089323,0.012753608040760867,0.0,302.7206093016125,0.030318025269794605,"{""type"":""Point"",""coordinates"":[80.92117542298654,20.973380994617212]}"
2726,219.3311673616967,2025-04-01,282.4255768458048,393,0,10,0.3703329969727548,0.015952708535145632,2.396781386325676,299.13858386448453,0.834559953622043,"{""type"":""Point"",""coordinates"":[82.9116804252344,23.750778448467237]}"
2727,90.0,2025-04-01,285.690504301162,283,0,40,0.6833939393939394,0.010881470851849429,0.49727934176914684,302.58085623241607,0.28049416416195516,"{""type"":""Point"",""coordinates"":[81.60330307142247,21.165396499166466]}"
2728,233.10842519943358,2025-04-01,285.1701185589745,390,0,10,0.22723908216136196,0.00466336529726874,3.087087110540037,303.4102658771333,0.6706305714549573,"{""type"":""Point"",""coordinates"":[80.75288214089197,20.242141950254915]}"
2729,208.18221314021736,2025-04-01,286.2049318495251,305,0,40,0.1970705725699068,0.014606895260762087,1.052114781676407,302.3019836970738,0.21980168990640442,"{""type"":""Point"",""coordinates"":[81.52503510390598,21.062240066373494]}"
2730,47.18139730869319,2025-04-01,284.83807568323044,257,0,40,0.37134778510838834,0.007187398486088625,1.3643425116454286,301.8153067997523,0.6855749915721044,"{""type"":""Point"",""coordinates"":[82.73141466791975,22.087564232109923]}"
2731,-0.0,2025-04-01,296.86114697229294,0,0,80,-0.330603889457523,0.0014833978938568748,0.0,301.234385808309,4.236250474379949,"{""type"":""Point"",""coordinates"":[83.83666419002736,18.164749375698822]}"
2732,215.1301014543062,2025-04-01,288.1939978372483,267,0,10,0.5080445544554455,3.104678916443504E-4,3.3982000474431593,303.76211902073453,1.2686248172153176,"{""type"":""Point"",""coordinates"":[82.00895460456057,18.646220867204704]}"
2733,265.8713310325182,2025-04-01,286.3417494183495,255,0,10,0.2478429038976495,0.011864127926777712,12.671712521029935,303.5483971550351,0.185534191162013,"{""type"":""Point"",""coordinates"":[82.76155302158901,20.217399622472602]}"
2734,53.48354405454062,2025-04-01,282.6354970932007,591,0,30,0.33842987356659804,0.027231084518383852,27.333258380205702,298.93673188345775,0.711625873586857,"{""type"":""Point"",""coordinates"":[82.3191525506672,23.685583805931806]}"
2735,90.0,2025-04-01,282.7218531199864,524,0,40,0.236249579926067,0.033983694724987856,1.0076338507058293,297.9150963737851,1.1239564852182216,"{""type"":""Point"",""coordinates"":[81.97581425731505,23.019785691654917]}"
2736,72.69862592438908,2025-04-01,290.34069147564117,104,0,40,0.4783302313214571,0.019513281397770754,1.5589593038513874,302.6602949414934,0.4449578334262933,"{""type"":""Point"",""coordinates"":[84.19113417112567,20.856260465723746]}"
2737,151.94200390843451,2025-04-01,284.99723211924237,245,0,10,0.2545668827342369,0.0015506915378082908,5.240411577226663,304.29327020191016,0.6049297139705182,"{""type"":""Point"",""coordinates"":[80.31514122184782,20.270056755978292]}"
2738,19.499180325151368,2025-04-01,284.61969189416794,563,0,40,0.2713481771470516,0.0014090112971771873,2.9491604257693904,302.1161171141125,0.7256024242119633,"{""type"":""Point"",""coordinates"":[81.30168502785915,19.721335793405856]}"
2739,107.35523913394805,2025-04-01,284.765705426534,417,0,40,0.3697338403041825,0.00501121800417792,1.5542713076096963,303.3518174489339,0.3382584887990317,"{""type"":""Point"",""coordinates"":[81.23683370382045,20.352718016580504]}"
2740,303.13311124865703,2025-04-01,290.7796330679031,130,0,80,0.3861700019813751,0.030704008750866763,5.917945618183815,301.8394999731154,0.4346826678726708,"{""type"":""Point"",""coordinates"":[83.89822655611904,21.17983281961827]}"
2741,353.34311851682907,2025-04-01,290.68047128404885,145,0,10,0.2642719692110327,4.543237018097557E-4,4.194529082054382,303.8194281260172,1.9642527009819253,"{""type"":""Point"",""coordinates"":[80.74319810599843,17.8195143038]}"
2742,226.97799500789438,2025-04-01,284.269861630031,330,0,40,0.2535809018567639,0.00515482049460303,1.3591458907169947,302.9691444578625,0.1653380347736743,"{""type"":""Point"",""coordinates"":[80.71681577773785,21.055516776244428]}"
2743,298.45067851018035,2025-04-01,288.7225390388852,162,0,30,0.2922182757507265,9.11565833042971E-4,3.8877540586237047,305.01569974990116,1.4430580813293954,"{""type"":""Point"",""coordinates"":[80.2281705700626,18.51852984458728]}"
2744,72.58259265669267,2025-04-01,286.32644412631083,259,0,10,0.6712328767123288,0.006798686795185915,1.5488972842474336,303.95293817066016,0.3840111264894104,"{""type"":""Point"",""coordinates"":[82.76188312490856,19.755109140783322]}"
2745,232.14606822234242,2025-04-01,285.6285623368763,290,0,40,0.45168800931315484,0.015102418475102297,3.773115750932642,302.3544623057047,0.5667444815621047,"{""type"":""Point"",""coordinates"":[82.65708776160697,21.152273654426093]}"
2746,46.42770801852058,2025-04-01,291.30540734245665,92,0,10,0.3153326904532305,7.134895796667706E-5,0.6727764967042581,304.48640287490116,1.5038541230236768,"{""type"":""Point"",""coordinates"":[81.54158536334629,17.94263275817452]}"
2747,-0.0,2025-04-01,285.1821744555519,372,0,40,0.2415528396836808,0.00968292575354468,0.463735342881014,302.8472717830113,0.1658995293050061,"{""type"":""Point"",""coordinates"":[81.43827549487676,20.621829541063832]}"
2748,-0.0,2025-04-01,286.4784042267573,307,0,40,0.2293760079394616,0.05010551434035193,0.4637353428839794,300.14272262936544,0.6775780577983982,"{""type"":""Point"",""coordinates"":[83.93554175781514,22.284253243930802]}"
2749,64.66231193169556,2025-04-01,293.0130431311471,104,0,10,0.5029585798816568,0.007127585225056521,2.166242868101838,302.20441464015414,1.1398551196875666,"{""type"":""Point"",""coordinates"":[83.43142700043623,18.73655083191295]}"
2750,76.77430642782389,2025-04-01,285.8277229581561,315,0,10,0.22614107883817428,0.003568830304097048,2.026125884593212,303.5988005683535,0.8087697945054717,"{""type"":""Point"",""coordinates"":[80.6791124718592,19.93413955295054]}"
2751,-0.0,2025-04-01,284.765705426534,429,0,10,0.26641803145775905,0.00501121800417792,0.9274099368670311,303.3518174489339,0.3382584887990317,"{""type"":""Point"",""coordinates"":[81.22378493533132,20.44323849861057]}"
2752,55.28927479646963,2025-04-01,286.4187525340489,425,0,30,0.2658261802575107,0.04082867722983252,4.874593135956455,299.9319885798863,0.6659959818045065,"{""type"":""Point"",""coordinates"":[84.3523112946001,22.539720506789035]}"
2753,334.46193959102015,2025-04-01,289.28009228479294,345,0,10,0.24391323594510844,6.012491511810936E-4,5.635315832952468,303.16793305533275,2.000981569805367,"{""type"":""Point"",""coordinates"":[80.23613881017722,17.94565054443539]}"
2754,139.89800513640824,2025-04-01,286.95935544513515,462,0,10,0.2870977819431428,0.019948246293019167,30.649787167499497,302.4843916211809,0.29176085240121197,"{""type"":""Point"",""coordinates"":[83.13355752300765,21.09278662404937]}"
2755,180.0,2025-04-01,281.4589194797334,554,0,10,0.3631728045325779,0.020741241388272158,2.3174627380815918,298.6763500940232,0.796054260087381,"{""type"":""Point"",""coordinates"":[81.80338793292334,23.58689451607356]}"
2756,121.79365639624288,2025-04-01,283.30382042839415,290,0,40,0.8574078982242248,0.004596146159123293,1.7598532145052301,302.9500084831601,0.4781116748583572,"{""type"":""Point"",""coordinates"":[81.33908279470954,21.594648634696732]}"
2757,132.8492826464922,2025-04-01,286.0485307148525,267,0,40,0.49742836149889785,0.012894289903591982,1.3635550411997908,301.562766574678,0.554432308493417,"{""type"":""Point"",""coordinates"":[82.37364827665068,21.934704014252745]}"
2758,27.937584787723615,2025-04-01,290.6774950935727,435,0,40,0.39537385691231847,0.01625183444495093,3.146356471924967,300.3709359850203,0.9984285975696823,"{""type"":""Point"",""coordinates"":[83.58264524966097,19.46604615463968]}"
2759,-0.0,2025-04-01,285.08441357385544,348,0,80,-0.1610337972166998,0.01671032827372443,0.0,300.0404451461066,1.1104677921716746,"{""type"":""Point"",""coordinates"":[82.63792397349118,22.66107728003431]}"
2760,342.3714744857434,2025-04-01,282.5432003112066,309,0,10,0.2829466634776369,0.002313139252613894,12.914828323005095,303.9382839202881,0.31853679023822845,"{""type"":""Point"",""coordinates"":[80.21024919168183,21.182879869390003]}"
2761,312.74740808904596,2025-04-01,283.6575976326352,340,0,40,0.29157525230364195,0.006584840230893008,1.3661749007201887,301.6853832971482,1.1165423969918677,"{""type"":""Point"",""coordinates"":[82.06076346774331,22.43558043748597]}"
2762,144.6320025695422,2025-04-01,288.05634321485246,223,0,40,0.40682573240712777,0.009438740425061098,1.7055899776128531,303.30632009960357,0.808994791423456,"{""type"":""Point"",""coordinates"":[83.27560522115814,20.082621525256236]}"
2763,132.75882670120149,2025-04-01,283.6869003205072,283,0,30,0.3590483056957462,0.008739041500042788,1.3658805380457582,301.69384683881486,1.1483219395906306,"{""type"":""Point"",""coordinates"":[82.72767852592365,22.380164322989838]}"
2764,331.35350543356685,2025-04-01,281.48595514751617,436,0,40,0.3260437375745527,0.017932297997425906,1.056736395850376,298.96322114127025,0.9348551059597131,"{""type"":""Point"",""coordinates"":[83.7475511458132,23.75158664267173]}"
2765,107.37777097033029,2025-04-01,288.6324569611322,608,0,10,0.43431722348361984,0.011097507886837832,20.776541827763282,302.6609982990083,0.8882063057013722,"{""type"":""Point"",""coordinates"":[83.54073011987492,20.13773132819387]}"
2766,47.109435327293376,2025-04-01,289.0886511575608,207,0,10,0.4262353359402773,0.041787477545689455,0.6813450704999844,301.60876964387444,0.17179361130244372,"{""type"":""Point"",""coordinates"":[83.47066029518973,21.727737817496347]}"
2767,64.68074804416675,2025-04-01,286.5609876995995,734,0,30,0.3161741340959644,0.0015215448665131248,2.1677146560010847,299.528610138666,0.8508104480572434,"{""type"":""Point"",""coordinates"":[82.74560202167982,18.877191522917194]}"
2768,282.9685949290396,2025-04-01,280.45754182906376,706,0,40,0.1729863136638995,0.008040549569081179,2.0655505557250686,298.69808442252025,0.8849169044097431,"{""type"":""Point"",""coordinates"":[81.20211257350263,22.90340338570265]}"
2769,331.52952256528783,2025-04-01,281.44835167839415,748,0,40,0.2357142857142857,0.029053347520779482,1.0549713376804633,299.05495407467794,0.9699438245649119,"{""type"":""Point"",""coordinates"":[81.4644355849158,22.777544072950025]}"
2770,65.04653173162299,2025-04-01,281.2208242416381,334,0,40,0.20806188925081434,6.637744235504783E-4,1.0990952345297433,303.09119733174646,0.42938084516625613,"{""type"":""Point"",""coordinates"":[80.55511552062994,21.46553579579949]}"
2771,351.7605542553557,2025-04-01,283.29129950205487,550,0,30,0.2774390243902439,0.036432491950940005,6.993790424421944,298.0777695973714,1.0918556369040477,"{""type"":""Point"",""coordinates"":[81.88506521451589,22.959490577900464]}"
2772,235.0577819053971,2025-04-01,282.0914762133644,322,0,40,0.3935169048448937,0.0021252058076370872,2.4275926689807323,303.4386036282494,0.3390161296559285,"{""type"":""Point"",""coordinates"":[80.46882119140268,21.313327482022153]}"
2773,170.03978037983632,2025-04-01,287.5643359138852,898,0,40,0.347894903450459,0.0023937545346726097,2.822765752835644,298.6451291583834,0.6635677483136406,"{""type"":""Point"",""coordinates"":[82.74412194979224,18.36581581808101]}"
2774,234.79152499015686,2025-04-01,284.3399648666381,695,0,10,0.42815206223396446,0.001699062399815432,24.856745391642413,302.2611250196184,0.7288832583383971,"{""type"":""Point"",""coordinates"":[80.96611504809947,19.80422168351137]}"
2775,132.79719190212586,2025-04-01,283.0616387412662,308,0,40,0.25889759732750867,0.009352552108715884,0.6825432521140563,301.53194672720775,0.8030376760274062,"{""type"":""Point"",""coordinates"":[81.63765500118373,22.192263211568104]}"
2776,90.0,2025-04-01,284.989094098409,304,0,40,0.1689983212087297,0.00756764631743323,0.9964868437114011,302.3292635054815,0.5563276459088892,"{""type"":""Point"",""coordinates"":[81.87567009289415,21.461320236001075]}"
2777,270.0,2025-04-01,294.0173853465489,84,0,40,0.5355092668525504,0.004739689044903628,1.9553601785299652,302.275918778919,1.5154782643349831,"{""type"":""Point"",""coordinates"":[83.51016208665877,18.504509953945654]}"
2778,240.889617497074,2025-04-01,289.1864004135132,221,0,10,0.3190203562340967,0.042858647518109194,2.857350144508987,300.9668774377732,0.32843154653871465,"{""type"":""Point"",""coordinates"":[83.92037430104452,21.867048708814025]}"
2779,79.47108502040732,2025-04-01,288.4358481906709,200,0,30,0.37284089313298696,0.03986780565256964,2.5361911017850933,301.6891035352434,0.11197840089833504,"{""type"":""Point"",""coordinates"":[83.41603540836421,21.673308924117453]}"
2780,29.89985727671848,2025-04-01,287.84154015495665,311,0,10,0.2713178294573643,0.03850305300230872,7.972369297036888,301.26174699692496,0.3856870293901379,"{""type"":""Point"",""coordinates"":[83.75868003468818,21.95127592753654]}"
2781,47.59005353270178,2025-04-01,281.6030380158198,436,0,10,0.38189987163029526,0.01296898942465674,0.6875773824124431,299.3522127242316,0.6278916646905492,"{""type"":""Point"",""coordinates"":[81.6179529994291,24.01441041483321]}"
2782,133.1590397673902,2025-04-01,284.468830426534,366,0,40,0.22148167136631633,0.0034062586354721702,2.033040974187952,303.41586948576423,0.5165322184916441,"{""type"":""Point"",""coordinates"":[81.04234757837526,20.328524994333353]}"
2783,27.75808757238074,2025-04-01,290.3105459213257,62,0,80,0.12659148781375046,4.664681481827415E-4,1.0479879624426307,304.18477875845775,1.7149771963095113,"{""type"":""Point"",""coordinates"":[80.6541217193501,18.19138742143089]}"
2784,329.50614821958254,2025-04-01,290.3033553986323,375,0,10,0.572248437699273,0.025657000355671755,25.596676064801468,301.8462952205113,0.37616091145460817,"{""type"":""Point"",""coordinates"":[83.97139698225553,21.206794417510036]}"
2785,207.96003644853988,2025-04-01,286.52963888077505,296,0,40,0.2462526766595289,0.004258649759243838,1.0499417441148897,303.6017941974459,0.6036764942791681,"{""type"":""Point"",""coordinates"":[82.6664589524505,19.61844708514]}"
2786,312.6537704930499,2025-04-01,282.86232117244174,631,0,40,0.31997102149239315,0.03990245085234534,1.3685956491310565,297.73580414908275,1.0657626914666554,"{""type"":""Point"",""coordinates"":[83.61201997671283,22.885632358952915]}"
2787,205.73129028922864,2025-04-01,280.708326566787,563,0,10,0.4000697593303104,0.003926428370427004,9.186716880241502,300.9620178767613,1.2229364420897657,"{""type"":""Point"",""coordinates"":[80.33079382727027,22.750202958232947]}"
2788,71.05106721112989,2025-04-01,288.3119177591233,503,1,30,0.2944011339475549,0.022627638988446108,5.693649138557969,299.1984215690976,0.9153750863428788,"{""type"":""Point"",""coordinates"":[83.2460070117745,19.237538301684175]}"
2789,138.3008250262173,2025-04-01,279.8194628670102,609,0,10,0.4828196953595466,7.256142425049461E-4,13.999939853876915,301.6834592365083,0.8160770431816512,"{""type"":""Point"",""coordinates"":[80.3276161525775,21.996825829634147]}"
2790,211.24967840417682,2025-04-01,282.1329801196144,519,0,10,0.3072018004501125,0.014339523725460879,4.870254105665506,299.14258312043694,0.7504990112929225,"{""type"":""Point"",""coordinates"":[83.25082603407745,23.71811636764163]}"
2791,219.2592549030633,2025-04-01,281.74203541165303,688,0,40,0.2907850618568621,0.06256363015646826,2.3943237330673526,296.53285934811544,0.7057042406343457,"{""type"":""Point"",""coordinates"":[84.03015689442432,23.414706300317075]}"
2792,132.79673994712013,2025-04-01,284.23243254706966,286,0,10,0.29504950495049503,0.007038655095051638,2.0468728472444675,301.8105344318208,0.8977339679029382,"{""type"":""Point"",""coordinates"":[82.59383471667357,22.195064867878877]}"
2793,157.446885295644,2025-04-01,290.51137483687626,233,1,10,0.49900085640879244,0.005058171563099734,11.396672376781737,301.13093412490116,0.8699095624187156,"{""type"":""Point"",""coordinates"":[83.76295829947466,19.572042050413277]}"
2794,43.30392652259582,2025-04-01,287.3270893551054,268,0,10,0.30015948963317385,0.002617122940968386,5.716236291026636,303.99750546046664,0.9137861208527386,"{""type"":""Point"",""coordinates"":[80.54188298153156,19.415096415529494]}"
2795,47.19423037075413,2025-04-01,280.3591589700608,540,0,40,0.2864,0.0032358638572205223,0.6824329293008919,301.6486691974458,0.8887186826988182,"{""type"":""Point"",""coordinates"":[80.47937843742092,22.149868718453313]}"
2796,144.69687706164993,2025-04-01,284.3251943588256,630,0,10,0.6125684635341597,0.00616771202559363,1.704222172166209,302.1026079995291,0.7318582382424269,"{""type"":""Point"",""coordinates"":[82.19240793677754,19.70207704590516]}"
2797,164.95759900263,2025-04-01,289.6272311891828,235,0,10,0.44005743000717873,0.043250518255185,5.7430882450905605,301.24325043814525,0.27622924929720405,"{""type"":""Point"",""coordinates"":[83.59259059488689,21.524646093540294]}"
2798,-0.0,2025-04-01,291.3899206888108,45,0,80,-0.20980091883614088,2.744815873612083E-4,0.0,304.345987138294,2.0009007560398335,"{""type"":""Point"",""coordinates"":[80.88674230570949,17.887032134540704]}"
2799,32.401267060508964,2025-04-01,288.50572472526915,236,1,10,0.30244870946393115,0.004736857824276797,2.7441785665500866,303.4058945973714,1.1678537002795712,"{""type"":""Point"",""coordinates"":[80.46981639004537,19.02019388219707]}"
2800,207.01144484377335,2025-04-01,286.4496130716233,895,0,10,0.7190506735086594,0.001096921377133242,14.759869720898683,298.99591273353224,0.9419468164920894,"{""type"":""Point"",""coordinates"":[82.6234248864296,18.737616965198086]}"
2801,11.648425289626978,2025-04-01,286.61326285770957,287,0,10,0.39943872778297473,0.007135110311459414,14.369371031678897,303.24037887936544,0.3215414490409557,"{""type"":""Point"",""coordinates"":[82.89802983975027,20.137802016291264]}"
2802,132.88846652539087,2025-04-01,282.2060653595698,356,0,40,0.2541311967951928,0.0032261781024445213,0.681371928362485,303.10811278933573,0.5386575261645777,"{""type"":""Point"",""coordinates"":[81.07618081952158,21.738710272590165]}"
2803,249.6016535142296,2025-04-01,280.4385104860578,351,0,30,0.3267965077233042,0.001307802610348574,5.30684512304811,302.6017302558535,0.5097131318386412,"{""type"":""Point"",""coordinates"":[80.66179416962854,21.618719702102023]}"
2804,-0.0,2025-04-01,281.9584951400756,377,0,30,0.2992584745762712,0.014527755193661562,1.390963080774087,299.3692793164934,0.6298978492719228,"{""type"":""Point"",""coordinates"":[81.18038384659303,23.749592872639628]}"
2805,162.79707394974656,2025-04-01,280.079181989034,519,0,10,0.24821373097235166,0.003134863786648623,10.089145286738598,300.5394453321184,0.9392605961815671,"{""type"":""Point"",""coordinates"":[80.7324669694776,22.657304431611724]}"
2806,208.1505046160284,2025-04-01,285.98710028330487,296,0,40,0.7368131868131869,0.02234721403593909,1.0518031331495439,302.3656288328625,0.22176988130797656,"{""type"":""Point"",""coordinates"":[81.78625262821886,20.863306722851494]}"
2807,252.58961375811808,2025-04-01,286.33932545071553,307,0,10,0.28482632541133457,0.003059523515652529,3.0967412965588523,304.07419468107685,0.7383988660437143,"{""type"":""Point"",""coordinates"":[80.21837516117543,19.823409781031113]}"
2808,69.6017973679059,2025-04-01,287.20710005079,228,0,40,0.2858020897357099,0.035514759235333315,2.659143522594254,301.487594513666,0.3482950752194875,"{""type"":""Point"",""coordinates"":[82.98340236713496,21.619096006255912]}"
2809,151.3973603695544,2025-04-01,281.8415808450607,736,0,10,0.41906941266209,0.019035430960606448,5.267186029871709,298.24628475734164,0.8857523374435625,"{""type"":""Point"",""coordinates"":[82.0254646217997,23.513623769896213]}"
2810,351.4006680885327,2025-04-01,288.26451960064117,370,0,10,0.347749853886616,0.004381167106579653,3.2795405252570364,302.78016798836853,1.1976040715038643,"{""type"":""Point"",""coordinates"":[81.28493781275401,19.14831973938396]}"
2811,108.5480044511345,2025-04-01,279.8961288361323,678,0,30,0.17031529670934875,0.0056320599841583885,5.811447940846009,299.1814479827881,0.906545248423539,"{""type"":""Point"",""coordinates"":[81.02195340377487,22.67573247326252]}"
2812,207.34261755573493,2025-04-01,293.6285972141084,247,0,10,0.608540925266904,0.0028691611814011253,24.059966967068455,301.61645426068986,1.3534179678146947,"{""type"":""Point"",""coordinates"":[83.67930828192087,18.695865756235545]}"
2813,188.54599878044772,2025-04-01,290.3169400805519,102,0,40,0.212685687337892,1.839570331085838E-4,3.2790813703074244,303.8852937789191,1.3017768432649026,"{""type"":""Point"",""coordinates"":[81.65266322974074,18.073956785139178]}"
2814,72.73625040768155,2025-04-01,285.6467740649269,293,0,40,0.16097560975609757,0.010373892598103396,1.5622514739789344,302.32706042698453,0.36194849514903643,"{""type"":""Point"",""coordinates"":[81.90299997529966,21.201250413808474]}"
2815,90.0,2025-04-01,285.32747300465905,294,0,40,0.7005693183566702,0.014698790721844546,1.9855297683489221,302.5913717179072,0.32057535267855314,"{""type"":""Point"",""coordinates"":[82.03717714007153,20.95235976069019]}"
2816,270.0,2025-04-01,282.2060653595698,326,0,30,0.22298796869524587,0.0032261781024445213,1.9955877223877343,303.10811278933573,0.5386575261645777,"{""type"":""Point"",""coordinates"":[81.11067243295835,21.6948847210682]}"
2817,90.0,2025-04-01,290.84155759357265,132,0,40,0.30656278094096495,0.032263787798832766,0.49766143382516026,301.8753247033982,0.3992669557592811,"{""type"":""Point"",""coordinates"":[83.92219776087907,21.27857210035692]}"
2818,309.44478188000755,2025-04-01,286.4462590444656,758,1,30,0.4391727493917275,8.450023459900535E-4,18.981597094399596,300.52762195042203,0.7894536451272459,"{""type"":""Point"",""coordinates"":[82.82616696035934,19.16086572541753]}"
2819,72.94591175148668,2025-04-01,283.2928515388852,511,0,40,0.1863657515123313,0.037091793827961794,1.5808671766469564,298.2177609943209,1.027168309782386,"{""type"":""Point"",""coordinates"":[81.79401816023297,23.03152024156478]}"
2820,116.82362596209111,2025-04-01,287.47953192392987,600,0,10,0.45918507339827136,0.012588965110730044,14.096338489332986,300.1910799117315,0.700259161192511,"{""type"":""Point"",""coordinates"":[83.96195413435001,20.10385150724241]}"
2821,287.43815852430964,2025-04-01,285.1422574633644,707,0,10,0.45841339555311555,0.005575390868138186,4.632344976646415,300.7253816695441,0.5422700079913715,"{""type"":""Point"",""coordinates"":[82.97021033192335,19.551840365623296]}"
2822,180.0,2025-04-01,287.7723669778733,893,0,30,0.2920570264765784,0.014588641338299624,0.4637353428839794,298.44953764052616,0.7430929116234363,"{""type"":""Point"",""coordinates"":[84.01090478544687,19.81578791405069]}"
2823,237.99344064394677,2025-04-01,283.78083051953996,447,0,40,0.2859154929577465,0.0064353964852799095,1.7493851125191189,302.95346132914227,0.16097823707703257,"{""type"":""Point"",""coordinates"":[81.68936887857082,20.357294901750883]}"
2824,-0.0,2025-04-01,285.2381582260132,235,0,40,0.3685918234912395,0.0014216176795471824,0.4637353428839794,304.03299304417203,0.6315027714374454,"{""type"":""Point"",""coordinates"":[80.23835629102395,20.413555775847527]}"
2825,19.484698836809923,2025-04-01,286.6875455493019,229,0,10,0.2618970540628035,0.0021821133422363914,2.9488970615210857,304.150924591791,0.8479516032138484,"{""type"":""Point"",""coordinates"":[80.33340826607406,19.592077374921494]}"
2826,151.63768708393627,2025-04-01,283.67036851247155,277,0,10,0.38633461047254153,0.010303752832363955,1.053894537930523,301.5884536561512,0.6984624858014338,"{""type"":""Point"",""coordinates"":[82.98991704968321,22.152121201855007]}"
2827,288.23523527426664,2025-04-01,279.81488232385544,664,0,10,0.3640378548895899,0.002911659293125979,7.369087382079916,299.4395220620292,0.8817519145538019,"{""type"":""Point"",""coordinates"":[80.94278765622579,22.704921604373]}"
2828,86.73021087585865,2025-04-01,286.56592282794776,318,0,10,0.4190251572327044,0.001048999242733828,15.844402898624292,303.44706716991607,0.8488662693234914,"{""type"":""Point"",""coordinates"":[80.74335020698844,19.49721232548155]}"
2829,151.50105298074868,2025-04-01,283.5994979767572,425,0,40,0.24090997472292436,0.024435671381901614,2.1097960750093336,298.9400800977434,1.0707599006297321,"{""type"":""Point"",""coordinates"":[82.2731824614659,22.93815725459028]}"
2830,332.1552792021293,2025-04-01,280.38953122638526,977,0,10,0.407966203983102,0.010183455758046023,17.76445745558339,298.2569281260172,0.8355367363388658,"{""type"":""Point"",""coordinates"":[81.06103944942953,23.147104684273458]}"
2831,324.9319743110676,2025-04-01,290.2240329469953,158,0,30,0.23438264557168487,2.6649456496130597E-4,1.6993019354104006,304.2352461133684,1.7731451210047422,"{""type"":""Point"",""coordinates"":[81.08691762120293,18.2507458938235]}"
2832,180.0,2025-04-01,285.43118626730785,283,0,40,0.09760178471834914,0.007452207021664492,2.7802885155465065,302.4187584831601,0.48274752080344707,"{""type"":""Point"",""coordinates"":[81.7664778343016,21.443189250284075]}"
2833,11.442630610097698,2025-04-01,287.79513018471846,404,1,10,0.5540355677154583,0.015588613562535159,9.838300474300977,301.9222927093506,0.7153176857846462,"{""type"":""Point"",""coordinates"":[83.22361864345667,19.772132136413994]}"
2834,57.91590355893897,2025-04-01,288.34907944997155,381,0,30,0.32231404958677684,0.015777739100407473,3.4879845165359997,301.637229465303,0.8653253783416873,"{""type"":""Point"",""coordinates"":[83.38611811127582,19.886723679441115]}"
2835,248.56490791334392,2025-04-01,283.2216845466977,545,0,30,0.25874125874125875,0.05571310441965949,3.8013573241508483,297.55918584551125,0.7379787097646927,"{""type"":""Point"",""coordinates"":[84.36452558043405,23.641413117107096]}"
2836,144.9750256836689,2025-04-01,290.4501594815935,131,0,10,0.3619193466054109,4.2782943720709454E-4,1.698407100874651,303.48757126217794,1.2330853309597083,"{""type"":""Point"",""coordinates"":[81.66703829671211,17.969979847842115]}"
2837,160.34077415911796,2025-04-01,286.6661658059983,225,0,40,0.23072761698674601,0.02223347347254645,1.477023625473976,302.8557934533982,0.24319870540884592,"{""type"":""Point"",""coordinates"":[83.18582283319154,21.083717687086263]}"
2838,270.0,2025-04-01,283.5238201958793,500,0,40,0.1964649898028552,0.026989670805882326,1.5087146118548547,298.49145426068986,1.1257210289453696,"{""type"":""Point"",""coordinates"":[82.20263511690995,22.792054414723065]}"
2839,121.79887182210962,2025-04-01,286.5993642807006,287,0,30,0.27844482561463696,0.025655093007038943,1.7595949934177217,301.58382079714823,0.42052890877224725,"{""type"":""Point"",""coordinates"":[82.7055234089053,21.56527621915082]}"
2840,331.5695538384304,2025-04-01,280.51191543397454,449,0,40,0.33708891595615104,0.002161907367657534,2.1084302127244627,301.2451047443209,1.1406701506968384,"{""type"":""Point"",""coordinates"":[80.32477893824499,22.54827138963125]}"
2841,-0.0,2025-04-01,288.0294993718465,197,0,10,0.28237927726255196,0.01962097208971869,1.8543341688295631,303.1387466249012,0.12972707590075397,"{""type"":""Point"",""coordinates"":[83.45431683286431,20.901795804219773]}"
2842,125.59905544437497,2025-04-01,282.9755733580816,420,0,30,0.25391389432485323,0.012952285222958437,5.559134506575344,299.3364424024309,0.8893282630905617,"{""type"":""Point"",""coordinates"":[82.57828237189555,23.00804941121808]}"
2843,12.28876329944463,2025-04-01,288.9237167267573,897,1,10,0.5535660091047041,0.005409660153340212,17.90376564259012,299.8596706390381,0.8605863238561485,"{""type"":""Point"",""coordinates"":[83.94693115152505,19.663017668029724]}"
2844,17.169577941069292,2025-04-01,279.8817536036173,621,0,10,0.524616889468536,0.003810154609631411,6.763671676171361,301.1546738942464,0.8733507108231284,"{""type"":""Point"",""coordinates"":[80.56968170572564,22.37174920638367]}"
2845,119.9057743300425,2025-04-01,284.2985249019805,610,0,10,0.535077082972458,0.0018831662463654197,10.124835372758659,302.32357270377025,0.7613029228852162,"{""type"":""Point"",""coordinates"":[80.86400190812729,19.750714329939683]}"
2846,46.820685829986495,2025-04-01,287.06906177884053,201,0,40,0.38269204056118905,0.005039828233670107,0.6776775825983261,303.67681512378516,0.41845518523250275,"{""type"":""Point"",""coordinates"":[82.98114788999798,20.217688196450705]}"
2847,107.57194290931346,2025-04-01,290.3268103372483,613,0,30,0.4332773109243698,5.224220084656395E-4,25.76064907262581,300.9227461133684,0.5447383779077856,"{""type"":""Point"",""coordinates"":[82.21004381596248,18.187648857596436]}"
2848,227.01412075539298,2025-04-01,283.9064757483346,344,0,40,0.19840279510856001,0.003334956579159609,0.6801281616745471,302.8971113477434,0.13010925791445135,"{""type"":""Point"",""coordinates"":[80.83125671883587,21.24255440201053]}"
2849,290.5442681387134,2025-04-01,285.4912622996739,276,0,30,0.3251572327044025,0.010641279034565798,2.6410719223311117,303.1504479362851,0.15795672553421386,"{""type"":""Point"",""coordinates"":[82.86991331771362,20.460109272638203]}"
2850,180.0,2025-04-01,284.459303129287,289,0,40,0.14748549323017407,0.005423220210026614,0.9274099368670311,302.93799908955896,0.34251420869714577,"{""type"":""Point"",""coordinates"":[81.40949624083538,21.402656589593885]}"
2851,47.27724715972525,2025-04-01,283.62841120220367,688,0,10,0.4295987343592694,0.02102662842745673,2.049730790849276,299.28022030421664,1.1712880223365627,"{""type"":""Point"",""coordinates"":[82.40559780298447,22.555286523182353]}"
2852,55.22491504182371,2025-04-01,284.3776671545846,306,0,10,0.6988564167725541,0.008407162837933413,2.437768241370089,301.56396402631486,0.8790678342630431,"{""type"":""Point"",""coordinates"":[82.39408186929386,22.206001270025393]}"
2853,13.897032923539946,2025-04-01,288.56554499126617,554,0,10,0.38461538461538464,0.004718141965817324,21.39939146085696,302.7610029493059,1.1423947778675103,"{""type"":""Point"",""coordinates"":[81.00903898547786,18.926799436036983]}"
2854,192.26333481888898,2025-04-01,279.7215450377691,664,0,30,0.17120220461591457,0.0077599756049622215,2.3715170406665793,299.39462343851727,1.0090968151145667,"{""type"":""Point"",""coordinates"":[80.80009337588719,23.05765994225132]}"
2855,210.55781855594012,2025-04-01,289.24945844922746,512,0,10,0.551219512195122,0.014039935879658572,9.6027797350373,300.935098466419,0.9846073541468677,"{""type"":""Point"",""coordinates"":[83.60323361584571,19.78436942173396]}"
2856,284.3480801287692,2025-04-01,281.80128601619174,655,0,10,0.41782553729456384,0.02021090906138312,9.274923902863728,298.23175839015414,0.8929356315896225,"{""type"":""Point"",""coordinates"":[83.08535477562597,22.94982448664341]}"
2857,352.4900127098311,2025-04-01,288.49933637891496,561,0,10,0.5969040247678019,0.00106151621813666,7.441990752987797,302.5392767588297,1.6671437342653612,"{""type"":""Point"",""coordinates"":[81.32826740199847,18.523305733512032]}"
2858,50.467595694732246,2025-04-01,286.3613387970697,843,0,10,0.6825396825396826,0.003953727297734133,28.1053288888986,302.4469044094994,1.0263350086516598,"{""type"":""Point"",""coordinates"":[81.29159271395119,19.407106657837236]}"
2859,160.28349662729318,2025-04-01,285.2387046359834,281,0,40,0.18975120683252877,0.008479403667401186,1.4775518156197114,302.19133567810064,0.5604251745402345,"{""type"":""Point"",""coordinates"":[82.00910082436414,21.546794108201432]}"
2860,183.5518797127455,2025-04-01,288.8190617788406,300,0,30,0.2548036758563074,8.144102620590843E-4,7.849367963817653,304.27050118219285,1.4145626435674814,"{""type"":""Point"",""coordinates"":[81.78658703200483,18.616693802585292]}"
2861,53.17135558492027,2025-04-01,283.941248348781,361,0,10,0.27066196631414025,0.0022040925549973167,3.0916041672316243,303.956809543428,0.38087474935251453,"{""type"":""Point"",""coordinates"":[80.43053448055298,20.594105412746107]}"
2863,300.384385653288,2025-04-01,284.6913239161173,553,0,10,0.3197596795727637,0.013689192347477785,4.574543851241918,302.10012590317496,0.04956922577320778,"{""type"":""Point"",""coordinates"":[82.25505885804692,20.260279897436664]}"
2864,-0.0,2025-04-01,284.430494535537,255,0,30,0.084359325125399,0.003969313912342898,0.4637353428839794,303.7329151516869,0.31581549217459143,"{""type"":""Point"",""coordinates"":[80.26916220577563,20.888118621675694]}"
2866,96.61798682580795,2025-04-01,284.0380617323376,270,0,40,0.25149435466017267,0.00907334905142676,4.017261027060905,302.8454756055559,0.7433309124415681,"{""type"":""Point"",""coordinates"":[81.57216860703203,21.847241255255483]}"
2867,250.65203545655277,2025-04-01,285.4005989347185,370,0,40,0.21059661620658948,0.009288492016743533,4.191774953794299,302.97163236708866,0.1565659843141131,"{""type"":""Point"",""coordinates"":[81.27527504895475,20.551133762172732]}"
2868,47.03161065145941,2025-04-01,287.42087423233755,246,0,10,0.2954009433962264,0.031556608490895144,2.0402860823813502,302.0864772796631,0.3157843293066726,"{""type"":""Point"",""coordinates"":[83.31525517162854,21.332895920263258]}"
2869,244.80856779715384,2025-04-01,286.21579029446553,314,0,10,0.2736520854526958,0.002371924333523623,3.265006009104671,303.9009943462553,0.7660377515089576,"{""type"":""Point"",""coordinates"":[80.482640407994,19.819794707932182]}"
2870,180.0,2025-04-01,285.8277229581561,294,0,40,0.34642549526270455,0.003568830304097048,2.3174627380815918,303.5988005683535,0.8087697945054717,"{""type"":""Point"",""coordinates"":[80.69361699503608,19.877128687789163]}"
2871,132.42188704546345,2025-04-01,282.1552841095697,244,0,30,0.3062421449518224,0.00657148879046332,0.687420577256973,299.7854053860619,0.8530386085426492,"{""type"":""Point"",""coordinates"":[84.14452243117249,23.960740651648347]}"
2872,203.19338916518515,2025-04-01,285.4598960422335,310,0,40,0.3363441882576658,0.014499830417584292,2.5209739837869476,302.7299970899309,0.3771348388162258,"{""type"":""Point"",""coordinates"":[82.57214026323133,21.002231191016467]}"
2873,313.41423805218193,2025-04-01,289.016199520656,119,0,40,0.21082441787287604,0.003833445124577395,2.0234579203496823,304.1601612454369,1.3156683421028101,"{""type"":""Point"",""coordinates"":[80.35692567938989,18.892744781123366]}"
2874,245.00271623363057,2025-04-01,286.18007019587924,268,0,40,0.2578273890552682,0.016437011175106875,4.381148510574791,302.26784469967794,0.5177511257911205,"{""type"":""Point"",""coordinates"":[82.82129687685122,21.172315055715437]}"
2875,345.0444591008293,2025-04-01,283.91379415421255,383,0,10,0.36643356643356645,0.002719166092823855,3.834305656842044,303.57299722943986,0.3349990614240017,"{""type"":""Point"",""coordinates"":[80.50386886548202,20.62281800086065]}"
2876,326.8329511828819,2025-04-01,281.74203541165303,1041,0,10,0.3267356425251162,0.06256363015646826,5.522874647940342,296.53285934811544,0.7057042406343457,"{""type"":""Point"",""coordinates"":[84.01494968543855,23.35762333170054]}"
2877,270.0,2025-04-01,284.6087695076352,306,0,40,0.22972051806407634,0.018654691390942446,2.503641359561623,301.42776843479703,0.629506758603746,"{""type"":""Point"",""coordinates"":[83.46757328856334,22.248215276895536]}"
2878,10.25113468685678,2025-04-01,281.66546826135544,873,0,40,0.2482750555490586,0.03376567583556067,2.825317227321753,297.6522499266125,1.0458092781812287,"{""type"":""Point"",""coordinates"":[81.70941240826258,22.84280640797432]}"
2879,339.96265623205613,2025-04-01,280.5637546266828,364,0,40,0.3699421965317919,0.0022800884770859398,1.4805448567289294,299.8755049024309,1.08930807946075,"{""type"":""Point"",""coordinates"":[80.70983669515411,23.939438703534258]}"
2880,229.4487048928408,2025-04-01,284.56180731455487,635,0,30,0.31544028950542824,0.001959057860325686,7.096620714008682,302.35999615987146,0.7855433238715598,"{""type"":""Point"",""coordinates"":[81.07394158495109,19.747012217450347]}"
2881,180.0,2025-04-01,289.6403159641085,82,0,10,0.4537258768840682,7.171950864304222E-4,0.4637353428839794,304.89667538234164,1.5038402774279929,"{""type"":""Point"",""coordinates"":[80.38248507228589,18.493935127615554]}"
2882,294.67359322543064,2025-04-01,281.5474611464001,527,0,30,0.2349624060150376,0.013275282792996279,2.2206975921907333,298.922653107416,0.9873170678956439,"{""type"":""Point"",""coordinates"":[82.14812057530222,23.25158543998243]}"
2883,67.884293368014,2025-04-01,288.49933637891496,719,0,30,0.7180866119445231,0.00106151621813666,10.950866411378916,302.5392767588297,1.6671437342653612,"{""type"":""Point"",""coordinates"":[81.27689273302741,18.520066492865556]}"
2884,245.1623538936736,2025-04-01,283.02395970480785,325,0,40,0.23661567877629064,0.009457500987004153,2.206964927798091,301.35160818554107,0.7926776795454097,"{""type"":""Point"",""coordinates"":[81.50995864874217,22.221668545726093]}"
2885,332.3072751259304,2025-04-01,282.99755182720367,954,0,10,0.5741365878992469,0.05029610019202124,14.846926329852765,296.24951090131486,1.0987957381433826,"{""type"":""Point"",""coordinates"":[83.85187259057827,23.102186063103936]}"
2886,58.32479377907587,2025-04-01,295.33434381939117,128,0,10,0.5944117647058823,0.002282979302357546,23.34448968670472,301.6219241732643,1.498346694449472,"{""type"":""Point"",""coordinates"":[84.0119020889967,18.637607163002972]}"
2887,199.542978062971,2025-04-01,287.86612279074535,201,0,50,0.2846590909090909,0.008382128887127749,1.4759573254723604,303.48046793256486,0.7210399006973169,"{""type"":""Point"",""coordinates"":[83.20883593743261,20.104313654034975]}"
2888,28.749643552484045,2025-04-01,284.3399648666381,499,0,10,0.4435881627620222,0.001699062399815432,15.970541244836435,302.2611250196184,0.7288832583383971,"{""type"":""Point"",""coordinates"":[80.96094639048415,19.81418579683886]}"
2889,180.0,2025-04-01,289.58625044141496,189,0,40,0.8465909090909091,0.039000692181538454,0.9274099368611016,301.9414577484131,0.2730411212294517,"{""type"":""Point"",""coordinates"":[83.5073232183594,21.37130170606781]}"
2890,19.62116233625295,2025-04-01,283.9552457446144,395,0,10,0.2840814050738779,0.0039030037450302757,1.4766736436825367,303.51183419000535,0.3053956591517085,"{""type"":""Point"",""coordinates"":[80.37695392054553,20.769381415385475]}"
2891,235.18092843649094,2025-04-01,288.80023969922746,492,0,10,0.5062480950929594,0.010335611514996401,25.73214761972343,300.76123546418694,0.9577360491329007,"{""type"":""Point"",""coordinates"":[83.68772331790103,19.782521603534196]}"
2892,51.706337969640046,2025-04-01,287.47582331157867,859,0,40,0.15926544240400667,0.004804971032093874,3.73643457685451,299.2975019727434,0.7263342643451641,"{""type"":""Point"",""coordinates"":[82.78215359882023,18.650663055850238]}"
2893,312.5521094808801,2025-04-01,281.1876153037661,449,0,30,0.2534106412005457,0.018296929411839358,5.469324998235211,300.21379080272857,0.7172967976155266,"{""type"":""Point"",""coordinates"":[81.03196356079998,23.363515667778454]}"
2894,344.85862272886425,2025-04-01,280.2459765388852,554,0,40,0.1956989247311828,0.0038212708758820213,1.920974855843253,300.7138605571928,0.8850528451232034,"{""type"":""Point"",""coordinates"":[80.58426821629669,22.49836688605955]}"
2895,160.66838413071193,2025-04-01,287.9787878763108,1184,0,30,0.30640854472630175,9.507558869827903E-4,14.430558466708794,298.76902471269887,0.6559694982348103,"{""type"":""Point"",""coordinates"":[82.41303155592,18.163368425415182]}"
2896,283.05800993764024,2025-04-01,283.5512743904477,285,0,10,0.24315906562847608,0.0069548807668198265,2.0516617973418168,302.4980053674607,0.7509129709669075,"{""type"":""Point"",""coordinates"":[81.48150041303957,21.91463404171853]}"
2897,140.7923691232925,2025-04-01,292.7956068402245,194,0,10,0.43861436576668367,0.003785388879727236,20.08222040096515,301.596213840303,1.2392552334059248,"{""type"":""Point"",""coordinates"":[83.69897350661249,18.98416617093688]}"
2898,144.99728331394323,2025-04-01,290.68047128404885,140,0,10,0.318412414204715,4.543237018097557E-4,1.6979452148794711,303.8194281260172,1.9642527009819253,"{""type"":""Point"",""coordinates"":[80.74486332097253,17.82374048755911]}"
2899,64.631747550121,2025-04-01,288.9757361184983,155,0,10,0.28123694107814456,6.787947940338768E-4,1.0822897745142301,305.15255800882977,1.4608114562259868,"{""type"":""Point"",""coordinates"":[80.2542438640024,18.50251134500727]}"
2900,270.0,2025-04-01,290.6434897922334,123,0,30,0.23798704986936273,2.458117532242454E-4,2.4373197066111443,304.4151777539934,1.9311525825327185,"{""type"":""Point"",""coordinates"":[80.96065791240237,18.05336246790943]}"
2901,9.256569641952142,2025-04-01,280.1098448889596,722,0,30,0.21917332407085793,0.01099944334502112,9.314352257258005,298.65102922348746,0.7826213882480242,"{""type"":""Point"",""coordinates"":[81.34557483853271,23.02005357134962]}"
2902,46.60385108362875,2025-04-01,288.9931863603138,147,0,10,0.18232044198895028,0.003852876238774172,0.6749605736530697,304.4820839109875,1.3574079431156671,"{""type"":""Point"",""coordinates"":[80.22959563641652,18.998666348545452]}"
2903,331.29010972140065,2025-04-01,282.76808870406376,220,0,40,0.34259922625017913,0.004660697989415041,1.0573760065847204,300.08251290094285,0.9467998548868394,"{""type"":""Point"",""coordinates"":[83.97054265930214,24.09191262157379]}"
2904,28.51604602983539,2025-04-01,280.4771718978882,717,0,40,0.2239089184060721,0.005718695335339419,1.05542676786435,299.07868221827914,0.9142002696683551,"{""type"":""Point"",""coordinates"":[80.98599008736596,23.033943073789658]}"
2905,194.83829971379862,2025-04-01,286.82918198903405,514,0,40,0.22360655737704918,0.004279481582592837,1.9182580047262205,302.086454028175,1.1895435185028636,"{""type"":""Point"",""coordinates"":[81.53576513027284,19.325123226519562]}"
2906,23.525664790428475,2025-04-01,281.857746442159,539,0,30,0.23729180186026388,0.01947628181452643,2.5272880675349336,298.7698327019101,1.0704119014452296,"{""type"":""Point"",""coordinates"":[82.4300930945395,23.246640023959994]}"
2907,207.76125008688882,2025-04-01,289.41098653702505,190,0,40,0.2112676056338028,1.2271326060186993E-4,1.0480184023112156,304.0200942811512,1.1241405604251327,"{""type"":""Point"",""coordinates"":[81.75127990287672,18.21429480340553]}"
2908,143.8725770192287,2025-04-01,281.7230273201352,363,0,10,0.5127087872185911,0.009296583347271792,3.440758189950267,299.3591881706601,1.1272433117401766,"{""type"":""Point"",""coordinates"":[83.53474404114581,24.032753524764367]}"
2909,295.2892592718017,2025-04-01,286.13118394215905,576,0,40,0.5529091527730521,0.0015771709012497581,2.1701137818161604,301.4786833808535,1.0943057229109217,"{""type"":""Point"",""coordinates"":[82.40502277262073,19.102648699924863]}"
2910,313.4507494094388,2025-04-01,287.6423155920846,548,0,30,0.3188038520020274,0.002549456767987124,2.6952601151601057,301.3768127986363,1.429851360894288,"{""type"":""Point"",""coordinates"":[81.28311372993457,18.678510349138715]}"
2911,203.18714321822083,2025-04-01,284.97601513635544,315,0,30,0.29310837861023736,0.012166502289723269,2.520856406821397,302.65363339015414,0.33404212234336056,"{""type"":""Point"",""coordinates"":[82.14941118518746,20.956818432492156]}"
2912,340.32613465887187,2025-04-01,285.690504301162,289,0,50,0.27351727134477516,0.010881470851849429,1.477158448724579,302.58085623241607,0.28049416416195516,"{""type"":""Point"",""coordinates"":[81.63927092178815,21.20344093851019]}"
2913,331.68097295234537,2025-04-01,279.81045291537333,638,0,10,0.41201982651796776,0.0018132201957214988,5.253150899719859,301.3764814649309,0.7066849819754469,"{""type"":""Point"",""coordinates"":[80.37825389668984,21.895913171276472]}"
2914,112.28140303512959,2025-04-01,280.2063211259388,780,0,40,0.3812664907651715,0.007287221364926211,4.880560908457693,298.57303210667203,0.947922047245845,"{""type"":""Point"",""coordinates"":[81.14525767273929,22.789138275856047]}"
2915,19.59665052996809,2025-04-01,285.5645044871739,356,0,40,0.7106598984771574,0.01048614304537665,2.9509391664162408,303.4666565486363,0.057778493552134054,"{""type"":""Point"",""coordinates"":[82.19370530236336,20.56354917874334]}"
2916,-0.0,2025-04-01,284.23243254706966,279,0,40,0.2260292164674635,0.007038655095051638,0.4637353428839794,301.8105344318208,0.8977339679029382,"{""type"":""Point"",""coordinates"":[82.61448117359986,22.222444055718523]}"
2917,152.25661032248453,2025-04-01,290.27931335994174,380,0,10,0.6544321329639889,0.012790920548390261,8.32463109676183,298.4120388031006,1.14404220955571,"{""type"":""Point"",""coordinates"":[82.89772514315219,18.082443384879557]}"
2918,306.4534698410601,2025-04-01,288.6815176010132,1011,0,10,0.3823385916409172,0.023649307303379885,8.522020450353573,298.9902044932047,0.551651435520402,"{""type"":""Point"",""coordinates"":[84.17882035756612,19.919313481460776]}"
2919,156.35523384033476,2025-04-01,281.6030380158198,371,1,40,0.2647136447611507,0.01296898942465674,2.529579714591754,299.3522127242316,0.6278916646905492,"{""type"":""Point"",""coordinates"":[81.55532082459546,23.990369489303497]}"
2920,261.1003799158635,2025-04-01,283.1621491114298,658,0,50,0.5438189204875218,0.0031448028611649192,2.994903359557216,301.94138218107673,0.48703647316060195,"{""type"":""Point"",""coordinates"":[81.9262814591031,20.026310668534435]}"
2921,294.7295829162094,2025-04-01,282.67530945369174,929,0,10,0.35496726444634213,0.04215619187827002,5.525543881982143,297.65262195042203,1.0501258496159465,"{""type"":""Point"",""coordinates"":[83.54518896575371,22.905923048262277]}"
2922,115.4177468250146,2025-04-01,290.3006524131412,470,0,10,0.3371831889637472,5.725793170441307E-4,8.57891319304477,301.0058643704369,0.521808528310401,"{""type"":""Point"",""coordinates"":[82.06396747426972,18.11570992535761]}"
2923,283.145397469303,2025-04-01,286.0990096955073,315,0,40,0.1605313092979127,0.02279967289442908,2.038271943567967,302.4380979083834,0.20574678330755847,"{""type"":""Point"",""coordinates"":[81.69520923783664,20.90483235779547]}"
2924,159.9784096363136,2025-04-01,282.5072128205073,532,0,10,0.38543796194370183,0.021412568502377383,22.46493387463453,299.01770519074944,0.6260511865551396,"{""type"":""Point"",""coordinates"":[82.24428286785299,23.82874090581835]}"
2925,221.85904448693302,2025-04-01,282.5953999019805,593,0,10,0.283539212869865,0.004590766839932314,27.548038720107126,302.79479898725236,0.3382834632888674,"{""type"":""Point"",""coordinates"":[80.85450691429604,21.549096623020475]}"
2926,280.54995630093765,2025-04-01,284.459303129287,278,0,40,0.22178165477134548,0.005423220210026614,2.531196440677817,302.93799908955896,0.34251420869714577,"{""type"":""Point"",""coordinates"":[81.37072650121772,21.37701764935751]}"
2927,132.96395013334288,2025-04-01,289.83499486105785,178,0,40,0.40270676691729324,0.040095256977032534,0.6804075851635899,301.7915844690232,0.3118335246864693,"{""type"":""Point"",""coordinates"":[83.62117692433817,21.35534116549857]}"
2928,28.173764461423776,2025-04-01,287.14627997080487,175,0,40,0.28761467889908254,0.019460024647663943,1.0520316939587568,303.2427795955113,0.1369714091321505,"{""type"":""Point"",""coordinates"":[83.16210750522316,21.009198684748174]}"
2929,14.764312378868748,2025-04-01,294.39003113337924,114,0,40,0.3251899299865932,0.004188554696987978,1.9176040691761473,302.26644379752014,1.619048824578916,"{""type"":""Point"",""coordinates"":[83.48539121778111,18.449101677294017]}"
2930,107.079336210251,2025-04-01,281.44835167839415,785,0,30,0.19005030743432086,0.029053347520779482,1.5786008470691435,299.05495407467794,0.9699438245649119,"{""type"":""Point"",""coordinates"":[81.53042429264566,22.818939446807086]}"
2931,120.43180842990368,2025-04-01,287.8426620392572,821,0,10,0.542540443379269,0.010256233029316775,4.568124241736671,300.252469653175,0.7918984038162844,"{""type"":""Point"",""coordinates"":[83.89424351018997,19.96381643745365]}"
2932,-0.0,2025-04-01,283.4470728465489,494,0,10,0.4141294708838309,0.0036676697062958397,2.7802885155465065,303.177530107044,0.2192945883620175,"{""type"":""Point"",""coordinates"":[82.08154491303232,20.17990738015465]}"
2933,28.00554689102615,2025-04-01,286.00670128776915,256,0,40,0.2680577849117175,0.008425491266201846,1.0503848501278528,303.67718714759457,0.28339413586942697,"{""type"":""Point"",""coordinates"":[82.65892857350107,19.924392649346803]}"
2934,340.28621194890604,2025-04-01,285.40878927140005,264,0,40,0.16599573762727918,0.009784268550824038,1.4775267341599725,302.2724775586809,0.5586707153886328,"{""type"":""Point"",""coordinates"":[82.14259686956183,21.52460559220151]}"
2935,160.04597118053002,2025-04-01,281.8676864533198,641,0,40,0.19834547961394525,0.02680316787238013,1.4797620077539415,298.7281369708834,0.5788022413621652,"{""type"":""Point"",""coordinates"":[83.49948239934561,23.348017529261558]}"
2936,233.21600640627207,2025-04-01,285.14239697229294,340,0,40,0.706253948199621,0.018989803605030886,3.0948194218854015,302.72099295116607,0.19051719700713748,"{""type"":""Point"",""coordinates"":[82.5067341671848,20.84036593367168]}"
2937,90.0,2025-04-01,283.70330424535837,259,0,40,0.411522633744856,0.008889036588620058,2.4996110485504497,302.5248433975947,0.8448735308775908,"{""type"":""Point"",""coordinates"":[81.89321384545967,22.0204895861772]}"
2938,321.1751590756497,2025-04-01,285.42108349573044,289,0,50,0.09696129113604841,0.007285060696553103,2.3796631035933,302.67650122869594,0.31292175406629047,"{""type"":""Point"",""coordinates"":[81.5179252149193,21.253720224845022]}"
2939,72.69970797915863,2025-04-01,285.65748718806674,331,0,40,0.20653256323441546,0.020869376473378054,1.559053781317467,302.5250933510916,0.03229385378162877,"{""type"":""Point"",""coordinates"":[81.11763589245983,20.866325299101362]}"
2940,58.418201951403994,2025-04-01,282.53045849573044,655,0,30,0.3553095730446418,0.016733857207249514,1.7704194145321983,299.0240993499756,0.8983590577078062,"{""type"":""Point"",""coordinates"":[82.97423468421697,22.757101800700244]}"
2941,208.68475298115527,2025-04-01,280.99376764751617,415,1,10,0.30402010050251255,0.006290974430989138,4.221313889262641,299.72999127705896,0.8286396716320573,"{""type"":""Point"",""coordinates"":[81.19268650198289,23.95790112331259]}"
2942,208.5922919117338,2025-04-01,280.3912227721441,433,0,40,0.35863964273445553,0.006160067729901186,2.111665019491412,299.81173188345775,0.8400835791439666,"{""type"":""Point"",""coordinates"":[80.55671500560955,23.457409710032632]}"
2943,331.72172940573813,2025-04-01,288.4358481906709,196,0,40,0.8121335407442862,0.03986780565256964,1.053061983704409,301.6891035352434,0.11197840089833504,"{""type"":""Point"",""coordinates"":[83.40083760853277,21.651548350006816]}"
2944,197.56584643206062,2025-04-01,288.56689939044776,472,0,40,0.3026742301458671,0.0018753431367386497,4.85263581819643,302.38796188717794,1.5398979359875178,"{""type"":""Point"",""coordinates"":[81.44553968248434,18.61616627851153]}"
2945,283.2553541577514,2025-04-01,284.337476957412,612,0,40,0.3696078431372549,0.00758309882159125,2.0216767668051188,302.13825834365116,0.7622507449185678,"{""type"":""Point"",""coordinates"":[82.3457645874237,19.563777934234693]}"
2946,41.1193609222213,2025-04-01,280.2937292825608,462,0,10,0.21749502982107355,0.001146125011395327,15.60736375440002,301.9660520099458,1.1450296367090202,"{""type"":""Point"",""coordinates"":[80.22325076026469,22.294688847171926]}"
2947,180.0,2025-04-01,282.2794412431263,540,0,40,0.2044066099148723,0.025640117340039126,1.390963080774087,298.80047235034766,0.7840005263947961,"{""type"":""Point"",""coordinates"":[82.99388560332768,23.416359381742005]}"
2948,196.98364805082957,2025-04-01,286.3167482557751,925,0,30,0.522633744855967,0.00426896136278998,23.753070405094824,299.15606898353207,0.7244511627094765,"{""type"":""Point"",""coordinates"":[82.9961858175719,19.182397558604123]}"
2949,207.7749314534591,2025-04-01,289.37499323345367,169,0,40,0.2912970510668904,1.670740174759544E-4,1.0481501455110454,303.85646774655294,1.0701874460529235,"{""type"":""Point"",""coordinates"":[81.8763162947839,18.315403661470416]}"
2950,248.19982170783447,2025-04-01,286.85605489640005,191,0,40,0.2170347003154574,0.017293366007756106,3.7408951473314715,303.1294576554072,0.18306691596723906,"{""type"":""Point"",""coordinates"":[83.08967596033389,21.048643250622316]}"
2951,137.8346684698653,2025-04-01,281.517658551534,704,0,40,0.35813689292814543,0.02811430614466559,3.7485978133287636,298.13037027631486,0.8083012589957351,"{""type"":""Point"",""coordinates"":[83.41756590379431,23.051193328495653]}"
2952,195.38899997802542,2025-04-01,289.87310986291794,702,0,10,0.378169120995901,0.0054276309537399925,12.770963350751911,299.9915530795143,0.8029956427278456,"{""type"":""Point"",""coordinates"":[83.98746780415534,19.61964514259121]}"
2953,90.0,2025-04-01,288.28485883985246,232,0,30,0.18897216274089937,0.03783779066080939,0.4979062471458695,302.19335274469285,0.2712714783281454,"{""type"":""Point"",""coordinates"":[83.40409179523284,21.35077150954784]}"
2954,17.753811243606172,2025-04-01,285.68600513821553,351,0,30,0.20822784810126582,0.013655143194149844,4.8576825088161675,303.44164376031785,0.14849352996136567,"{""type"":""Point"",""coordinates"":[82.81990457946588,20.44846146485724]}"
2955,287.31019182208536,2025-04-01,284.8075232278733,385,0,40,0.22043761638733705,0.010865064673375002,1.558189847036318,302.82596179417203,0.09768070826485181,"{""type"":""Point"",""coordinates"":[80.90651243805993,20.775302067588864]}"
2956,227.0714213667601,2025-04-01,291.65347630637035,157,0,10,0.5068145800316958,0.035364227704953066,2.0418083464686885,301.88334646679107,0.32209326654869697,"{""type"":""Point"",""coordinates"":[83.89085782736481,21.53605542129969]}"
2957,257.0541581218496,2025-04-01,281.517658551534,755,0,30,0.25711481844946027,0.02811430614466559,6.185899226667007,298.13037027631486,0.8083012589957351,"{""type"":""Point"",""coordinates"":[83.37514331086844,23.14808669127862]}"
2958,198.4206208511654,2025-04-01,286.5951499484834,328,0,10,0.34829505915100906,0.013152690939854494,21.001531475693017,302.4931399935768,0.13242311574836088,"{""type"":""Point"",""coordinates"":[83.01732351714205,20.91462161567113]}"
2959,19.409063871501807,2025-04-01,289.13095142727803,96,0,40,0.173687707641196,0.0033679626512039817,1.474738399345639,304.5983820415678,1.3757624218738231,"{""type"":""Point"",""coordinates"":[80.30254020877268,18.901725862790485]}"
2960,270.0,2025-04-01,281.8282519295102,478,0,10,0.47234643445516594,0.019560890607785097,1.5198219480571529,299.1163031260172,0.65926414586424,"{""type"":""Point"",""coordinates"":[81.44573335716333,23.768814918168356]}"
2961,180.0,2025-04-01,288.41856652214415,295,0,10,0.3680654800571651,0.025709139518689028,1.390963080774087,301.4959534236363,0.27479019458036685,"{""type"":""Point"",""coordinates"":[84.39521288142943,21.91578678705469]}"
2962,152.0013730627327,2025-04-01,285.39752973828996,593,0,40,0.278167501789549,0.009263666682194582,2.099929385077483,302.80829647609164,0.4284252727650809,"{""type"":""Point"",""coordinates"":[82.27009510946999,19.87865238085774]}"
2963,8.269291911231411,2025-04-01,282.48077587854294,654,0,10,0.24478371501272264,0.03741519372935187,6.994313726393868,297.5618307022822,0.9948591564829955,"{""type"":""Point"",""coordinates"":[82.59683172504184,23.449822825710797]}"
2964,242.12750764299813,2025-04-01,295.95381577809655,168,0,10,0.345753565463189,0.006844612173985354,18.20838811444497,301.0218207041422,2.3009817144928837,"{""type"":""Point"",""coordinates"":[84.39268947577521,18.848343037499244]}"
2965,72.92552417302538,2025-04-01,279.9047667639596,688,0,40,0.19172847830973253,0.002746807746838442,1.5790366001691585,299.28914306277323,0.9908471685926966,"{""type"":""Point"",""coordinates"":[80.93478650985037,22.860186655477786]}"
2966,264.12191434599544,2025-04-01,280.4426550638108,667,0,10,0.5442321302193913,0.009011181406926028,4.518837443377719,300.7420122964041,0.9059639142491756,"{""type"":""Point"",""coordinates"":[80.93584103718014,22.091430059382926]}"
2967,102.92636308964433,2025-04-01,281.3470507576352,490,0,30,0.24321167883211678,0.01617510836596381,4.138948737600844,299.03320230756486,0.7551982368469417,"{""type"":""Point"",""coordinates"":[81.65049744804877,23.355587283374188]}"
2968,169.03159498655899,2025-04-01,286.53886972154885,597,0,10,0.4177828804694476,0.008754762225102297,5.1819461887598735,301.3963207971482,0.5102865404927779,"{""type"":""Point"",""coordinates"":[83.83891176891252,20.25941289138741]}"
2969,19.63694973021549,2025-04-01,284.0124211538406,406,0,10,0.2838150289017341,0.006454797797154299,1.4768187045456858,303.01557186671664,0.2431817929575389,"{""type"":""Point"",""coordinates"":[80.47957989705876,20.900751085548013]}"
2970,133.04614316959083,2025-04-01,284.91836307162333,294,0,40,0.25371521210483655,0.014921399168919436,0.679361963785405,302.7071931929815,0.2875932741957042,"{""type"":""Point"",""coordinates"":[81.97651258510015,20.929515756919145]}"
2971,180.0,2025-04-01,287.84154015495665,320,0,10,0.23457792207792208,0.03850305300230872,3.242751465064752,301.26174699692496,0.3856870293901379,"{""type"":""Point"",""coordinates"":[83.8271056208995,22.049420351904182]}"
2972,76.65472194133842,2025-04-01,288.5502222606114,357,0,10,0.40442890442890445,6.469212102402366E-4,2.0083099408300633,303.26295026143396,1.5735773976999077,"{""type"":""Point"",""coordinates"":[80.6629484154957,18.39605627631884]}"
2973,-0.0,2025-04-01,296.6926143737067,0,0,80,-0.05709954522486104,0.0016878269242752708,0.0,301.3309492383684,2.9953233359558293,"{""type"":""Point"",""coordinates"":[84.25450670847496,18.458421290927138]}"
2974,219.85986751143957,2025-04-01,284.3399648666381,710,0,10,0.552,0.001699062399815432,8.397295877555344,302.2611250196184,0.7288832583383971,"{""type"":""Point"",""coordinates"":[81.0072715308455,19.772811801278113]}"
2975,16.912653450870703,2025-04-01,285.19007996150424,407,0,30,0.2697476237299246,0.004375340752552859,3.389008391241052,302.7860273633684,0.5136942038472924,"{""type"":""Point"",""coordinates"":[81.1838113458131,20.006503901473046]}"
2976,22.984657607430595,2025-04-01,285.4531647364298,608,0,10,0.5094124358243012,0.005753564052533022,2.517066806587794,301.9378188905262,0.9403051990598821,"{""type"":""Point"",""coordinates"":[82.38737385087451,19.43104476134485]}"
2977,107.47404844340899,2025-04-01,288.38759554000126,216,0,10,0.41564561734213007,0.0039688519763458885,1.5440348628022715,304.1604925791422,0.9913187884476549,"{""type"":""Point"",""coordinates"":[80.51374140248714,19.19568399113135]}"
2978,236.12890576568876,2025-04-01,287.06799802326015,978,0,30,0.4678492239467849,0.0028812907266129173,13.868196096948134,298.7450001126244,0.8390407948762921,"{""type"":""Point"",""coordinates"":[82.6790434772428,18.62456043555188]}"
2979,312.9103867055188,2025-04-01,283.30382042839415,284,0,40,0.22628067397941876,0.004596146159123293,1.3619905337004932,302.9500084831601,0.4781116748583572,"{""type"":""Point"",""coordinates"":[81.29510350898867,21.628468728116935]}"
2980,90.0,2025-04-01,287.62524899982276,148,0,40,0.2329014763482977,0.01647138815398108,1.4882074495289719,303.40447625659766,0.1616407305942588,"{""type"":""Point"",""coordinates"":[83.55869122043184,20.83135366395479]}"
2981,133.06527715728703,2025-04-01,288.2121107464745,213,0,30,0.19468759432538485,0.017098056487988345,2.714571113369942,303.324020294916,0.15822354237177136,"{""type"":""Point"",""coordinates"":[83.3550141903061,20.82922539411939]}"
2982,195.19411660308901,2025-04-01,287.4683595839001,1170,0,30,0.3108288770053476,0.0014195762204636253,14.574169376889321,298.4280358269101,0.7098910864121268,"{""type"":""Point"",""coordinates"":[82.50570323709671,18.1547567789521]}"
2983,151.52619727125685,2025-04-01,283.72985163189117,543,0,10,0.43578721117678665,0.025232615284870974,1.0550045360986884,299.04150308881486,1.09908009272905,"{""type"":""Point"",""coordinates"":[82.29489914375483,22.795965611272962]}"
2984,223.942865507769,2025-04-01,290.61129810696553,618,1,10,0.44991558806978055,0.0036281667279709495,7.048904291160918,300.12435395377025,0.8603557000677687,"{""type"":""Point"",""coordinates"":[84.02662453491224,19.391856599319087]}"
2985,68.20712955205407,2025-04-01,286.1893301010132,260,0,30,0.31893687707641194,0.014375867657612673,3.742085082551781,302.511276154291,0.4095282749290402,"{""type"":""Point"",""coordinates"":[82.78410298873396,21.10356459106061]}"
2986,312.723557833286,2025-04-01,279.98766994476324,637,0,40,0.2240596038524441,0.003468605093907229,0.6834924000021562,300.2501968202137,0.8578133077203726,"{""type"":""Point"",""coordinates"":[80.82014523599615,22.55170276178081]}"
2987,245.28865784073992,2025-04-01,283.0042831330073,480,0,40,0.29638112688960144,0.012937220148991457,1.1091758437560495,299.34789376031785,0.9558089817285245,"{""type"":""Point"",""coordinates"":[82.49552285896594,23.018466975213485]}"
2988,108.53411943441971,2025-04-01,286.9270940054031,582,0,10,0.31093935790725324,0.0106051884221543,7.255559191616297,300.8494923001244,0.6038822929197226,"{""type"":""Point"",""coordinates"":[83.91222330488124,20.16248105903172]}"
2989,340.0145498051671,2025-04-01,280.285963285537,420,0,40,0.353969618801949,0.002722295336674563,1.4800567865560836,300.33533795674646,1.153804797962975,"{""type"":""Point"",""coordinates"":[80.21938708512909,23.57301585728262]}"
2990,278.75466133755407,2025-04-01,280.07306684766496,592,0,40,0.20714065866420436,0.005328419022511355,3.044004717244937,300.51867012750535,0.8878190844857433,"{""type"":""Point"",""coordinates"":[80.79206034308412,22.483770718730103]}"
2991,244.92492545684536,2025-04-01,284.7077917825609,346,0,40,0.19248291571753987,0.009267391972493044,3.2791393979601144,302.80233828226727,0.16886290440510815,"{""type"":""Point"",""coordinates"":[81.68776469666093,20.64101564149955]}"
2992,192.22387730558265,2025-04-01,280.4374292918614,961,0,30,0.3535384149113502,0.01780873756880652,9.404687393567992,298.1898359571184,0.9996289104814824,"{""type"":""Point"",""coordinates"":[81.29217560413326,22.60556795627876]}"
2993,222.18881962960106,2025-04-01,292.0808502833048,821,0,10,0.5757493557574935,0.0033877215909470237,24.645778790934237,299.9564375196184,1.1378640907029751,"{""type"":""Point"",""coordinates"":[84.04422813549031,18.97386510062095]}"
2994,18.611598272796023,2025-04-01,283.50052220480785,422,0,10,0.5464725643896976,0.003904642872761599,9.217042165161374,303.09134265354703,0.12078181719817074,"{""type"":""Point"",""coordinates"":[82.08770833756576,20.32759299382525]}"
2995,215.6595663862512,2025-04-01,289.4657031013852,210,0,10,0.3296144380639869,0.035096424035977236,1.7117917312159623,301.2863819485619,0.23375140418369325,"{""type"":""Point"",""coordinates"":[84.10047021121747,21.69767594810377]}"
2996,244.6081158819505,2025-04-01,289.69810172489707,225,0,40,0.23577923451046734,2.2638063902746808E-4,2.1619291377237095,302.42678024655294,0.7352756902592655,"{""type"":""Point"",""coordinates"":[82.05150568706995,18.318945735477417]}"
2997,176.87811823771543,2025-04-01,282.8082498368763,736,0,10,0.36731793960923625,0.03809888880724799,9.20857775471643,297.81132498241607,1.0012337706792547,"{""type"":""Point"",""coordinates"":[82.43868790528977,23.54594388572673]}"
2998,-0.0,2025-04-01,285.43234302884053,246,0,40,0.26785357071414284,0.012629123740147463,0.9274099368670311,301.8868923187256,0.5940532990281925,"{""type"":""Point"",""coordinates"":[82.29537234289562,21.923658079691272]}"
2999,100.55449016115203,2025-04-01,289.9348367509388,168,0,10,0.8365339578454333,0.03585896115775,2.5301228384498415,302.162881669544,0.3764483981101791,"{""type"":""Point"",""coordinates"":[83.73934176596853,21.311700772436282]}"
