system:index,aspect_deg,date,dewpoint_k,elevation_m,fire_label,landcover,ndvi,precip_total_m,slope_deg,temp_mean_k,wind_speed,.geo
0,191.98555278093679,2025-05-01,290.6531059628441,222,0,10,0.28305952060328576,0.005034535387494543,2.369051129465602,306.5917453311739,1.743427087505029,"{""type"":""Point"",""coordinates"":[80.30784277825452,19.59356286001993]}"
1,294.9218124982463,2025-05-01,288.12701198032926,239,0,40,0.13735823118341162,0.015421970942952612,1.1004016448386111,305.9289325986589,1.5104853480249216,"{""type"":""Point"",""coordinates"":[82.7793533664545,21.674992188551304]}"
2,180.0,2025-05-01,290.38334801083516,598,0,10,0.5984223736106131,0.015101640680768469,0.4637353428839794,303.24120008377804,2.079428443524338,"{""type"":""Point"",""coordinates"":[81.57563564999846,19.663593829888608]}"
3,23.729615064571195,2025-05-01,287.91485377720426,469,0,10,0.45705291560485684,0.003019212940671423,8.547771674057154,306.1605464844476,2.034477799885884,"{""type"":""Point"",""coordinates"":[80.5863872839881,20.49363888551103]}"
4,114.9668928953983,2025-05-01,287.6646096365792,277,0,40,0.14207413817972017,0.0035079561266684323,1.098542247319582,306.3365369978405,1.7530942940444114,"{""type"":""Point"",""coordinates"":[81.58327670285573,21.37543284475325]}"
5,119.66334649773638,2025-05-01,292.40026346842444,878,0,10,0.26999866005627765,0.039074926832654455,5.604318425674495,299.8810054688226,0.9508463308249225,"{""type"":""Point"",""coordinates"":[82.62937853244603,18.334375352049523]}"
6,-0.0,2025-05-01,286.3589746384394,418,0,10,0.7456577189359893,0.009578346470334509,25.147489683916906,305.5451319104149,1.1467044222467475,"{""type"":""Point"",""coordinates"":[82.94571129888462,22.122134474614082]}"
7,294.9276293603165,2025-05-01,287.74866376604353,247,0,40,0.17076276582197886,0.015807210663297155,1.100161329214969,305.77928020840596,1.5537935686046387,"{""type"":""Point"",""coordinates"":[82.58962268522939,21.636599176590156]}"
8,90.0,2025-05-01,288.32695152646016,264,0,10,0.41853658536585364,0.0022066526207709103,0.4998689688263625,305.8310205822899,1.3475063087410781,"{""type"":""Point"",""coordinates"":[84.12588059473386,21.919054802639653]}"
9,270.0,2025-05-01,288.12701198032926,220,0,40,0.7570244127130354,0.015421970942952612,0.4992287750832021,305.9289325986589,1.5104853480249216,"{""type"":""Point"",""coordinates"":[82.79648924038757,21.736431215206398]}"
10,-0.0,2025-05-01,287.73360261462983,253,0,40,0.15286307053941908,0.0073047272953772335,0.0,305.85395236242385,1.6279689007833713,"{""type"":""Point"",""coordinates"":[82.09976891930347,21.57851490684015]}"
11,129.16552351248296,2025-05-01,288.0230720156715,243,0,40,0.176135013073449,0.011346875885465124,5.126254065758294,306.0353023438227,1.602418966684694,"{""type"":""Point"",""coordinates"":[83.08379703323165,21.41742362021486]}"
12,90.0,2025-05-01,288.4662337530227,385,0,50,0.3450920245398773,0.004442005613782385,0.9902314104757725,306.2418278739566,2.4771049006631443,"{""type"":""Point"",""coordinates"":[81.06788429359794,20.520320528574313]}"
13,180.0,2025-05-01,297.8094838460286,66,0,40,0.2099117060666477,0.008904664972760656,0.4637353428839794,303.67496240706674,4.061784274348098,"{""type"":""Point"",""coordinates"":[83.71700897140516,18.324529036124495]}"
14,144.59826528343336,2025-05-01,288.98699733189176,356,0,40,0.2683379758588672,0.004740744093396643,1.7063030226769103,306.04196970803395,2.381669593168836,"{""type"":""Point"",""coordinates"":[81.01341984578761,20.27627350280136]}"
15,180.0,2025-05-01,287.12397766113287,296,0,40,0.1596733314559279,0.003201126316525915,0.463735342881014,306.316651162647,1.6670841381094843,"{""type"":""Point"",""coordinates"":[81.83573568904838,21.484507646739]}"
16,252.55767151858382,2025-05-01,294.4345245361328,417,0,40,0.5985819470957185,0.020890712002255896,4.631276597480631,301.2755367188226,1.5975753640393597,"{""type"":""Point"",""coordinates"":[84.1780399326889,19.511352235177185]}"
17,57.37870413704651,2025-05-01,283.463873726981,495,0,10,0.342028040430388,0.00545561240051029,7.6956129134822895,304.6343594959804,1.0571839674996042,"{""type"":""Point"",""coordinates"":[81.40116366845749,22.40440407379605]}"
18,161.00457030668622,2025-05-01,286.82391139439176,494,0,10,0.598518747106928,0.0032713107857489376,10.665066394557721,304.08523491450717,0.5506452752373526,"{""type"":""Point"",""coordinates"":[84.18531387502028,22.435448138717536]}"
19,166.7446037132535,2025-05-01,291.1051730201358,571,0,30,0.37016842360353813,0.016488745072820166,4.279971621211488,302.9704132534209,2.1297580920430836,"{""type"":""Point"",""coordinates"":[81.99626402125826,19.379099400724613]}"
20,138.84145048124665,2025-05-01,293.0468175978887,612,0,30,0.614122880177926,0.049665688732602575,34.52897826862508,300.3017760231382,0.5564933085564963,"{""type"":""Point"",""coordinates"":[83.11108703001278,18.676812277032127]}"
21,316.4223885871995,2025-05-01,283.61446198962983,799,0,40,0.2797569153394803,0.013203888395764807,5.1075655509991735,300.6046673456828,0.8344517420163934,"{""type"":""Point"",""coordinates"":[83.97226822529997,23.13820547243014]}"
23,337.9294142579873,2025-05-01,287.1538267589751,409,0,10,0.5088585535869881,0.0026289068255209713,3.9968247740897076,304.20080643608446,0.5906729208299863,"{""type"":""Point"",""coordinates"":[84.33204040566582,22.35052387237643]}"
24,-0.0,2025-05-01,281.0792883010137,383,0,40,0.25418955076749755,5.492262635016232E-4,0.0,305.47625518980476,1.0735821870479334,"{""type"":""Point"",""coordinates"":[80.70495420199494,23.848827975078905]}"
25,90.0,2025-05-01,290.2637830461775,157,0,40,0.22831247302546395,0.0024812810215735226,1.4908792862247169,306.6768864677066,0.9196024149805457,"{""type"":""Point"",""coordinates"":[84.04569938561201,21.099643930308662]}"
26,40.570145011947915,2025-05-01,288.97123282296315,207,0,40,0.2558947629684785,0.0034522555861258297,3.0496390721045152,307.55895492008756,1.6445032726863684,"{""type"":""Point"",""coordinates"":[83.3560182723203,20.87453335303309]}"
27,262.4192360621491,2025-05-01,285.38620213099887,312,0,10,0.3060081466395112,0.0021898888144278317,3.5108571162707767,306.8489009766352,1.4967750577474115,"{""type"":""Point"",""coordinates"":[80.43157863923821,21.312559650079187]}"
28,144.3192202136255,2025-05-01,288.62289646693637,233,0,10,0.5733056708160442,0.0023732774052405148,1.712246437949134,305.7864707310994,1.4103832472884086,"{""type"":""Point"",""coordinates"":[84.19583858642737,21.809409242433816]}"
29,214.55723872586952,2025-05-01,286.78495352608815,352,0,30,0.3570763500931099,0.002774968007543066,12.200366655089129,304.0568390346708,0.5612444471037001,"{""type"":""Point"",""coordinates"":[84.32086091717282,22.49152859116612]}"
30,207.964386708834,2025-05-01,290.77114795503155,618,0,30,0.5144683323649041,0.023860066393353918,1.0499840550272865,303.01776490892684,2.4391556508810144,"{""type"":""Point"",""coordinates"":[82.29019031823832,19.648801394322987]}"
31,64.95577093954363,2025-05-01,289.05413600376676,163,0,10,0.2291256676974979,0.0029998861346030026,1.0953685878702413,307.5955527623494,1.7051468106689547,"{""type"":""Point"",""coordinates"":[83.51124722536346,20.853101673858074]}"
32,346.71406742896255,2025-05-01,290.2009517124721,406,0,10,0.4702667952426872,0.009915917376019934,4.280507639396928,304.18308298928395,1.760095760592829,"{""type"":""Point"",""coordinates"":[80.7992489156221,19.76368794305458]}"
33,47.212649307066755,2025-05-01,287.2847210112072,371,0,10,0.3733630537754249,0.0034001313242697506,0.6826698880456886,304.79409721919467,0.7494681429257359,"{""type"":""Point"",""coordinates"":[83.86395232605338,22.24101597059364]}"
34,132.97811589104936,2025-05-01,290.14608401343935,126,0,80,0.11001100110011001,0.0028028033766531735,0.680227045663058,306.4442843936739,1.0340629908120087,"{""type"":""Point"",""coordinates"":[83.90816940958463,21.282332775633925]}"
35,306.4986260657114,2025-05-01,281.3597651890346,677,0,10,0.672160020128318,0.004332467177846411,3.1155720821123545,304.4557241258167,1.2000393071119642,"{""type"":""Point"",""coordinates"":[80.91533344545292,22.346081258489]}"
36,-0.0,2025-05-01,282.1702539353144,618,0,40,0.33983898511832156,0.004003524044492224,1.390963080774087,305.01731731778096,1.1307365430738023,"{""type"":""Point"",""coordinates"":[80.84119579937905,22.100575876003532]}"
37,107.01727657518346,2025-05-01,294.16484215146016,778,0,10,0.5721364033809385,0.012389614442327002,18.359727622141897,301.0213281994774,1.6133961157764496,"{""type"":""Point"",""coordinates"":[84.08285651957686,19.31997146483408]}"
38,164.7542598639517,2025-05-01,282.2212502615792,625,0,10,0.36860068259385664,0.007338597634770849,1.92192461582116,302.4378786087036,0.7901061921750393,"{""type"":""Point"",""coordinates"":[83.49552769112643,23.471473243787983]}"
39,208.58318680974224,2025-05-01,282.54067339215965,560,0,40,0.21296978629329402,0.005455821016767004,1.0560997333393418,303.47666209084645,0.6855262168883819,"{""type"":""Point"",""coordinates"":[83.27662993995939,23.4069944599019]}"
40,60.972707776713136,2025-05-01,286.3652990432013,374,0,30,0.24769101595298068,0.004803895214536169,2.8648018087516287,304.34353569575717,0.5951945342003939,"{""type"":""Point"",""coordinates"":[83.77212257266703,22.348990583829]}"
41,12.240900479959508,2025-05-01,297.01927621024,326,0,10,0.7495361781076066,0.001224144557454565,37.305979257179764,303.49661186763217,3.4953612446429294,"{""type"":""Point"",""coordinates"":[83.0535007756364,17.84062146727864]}"
42,133.42380995527787,2025-05-01,292.46586172921315,121,0,10,0.3775322283609576,0.003152623036839941,0.6746162316612114,306.70941529955184,1.8694972596911161,"{""type"":""Point"",""coordinates"":[80.42218123836196,18.837244074526264]}"
43,133.04985090958795,2025-05-01,288.410156976609,286,0,30,0.2643624474544605,0.0032024376187109738,0.6793149043297971,306.4902002697899,1.9004687400984066,"{""type"":""Point"",""coordinates"":[82.00046567485974,20.909250519965944]}"
44,64.57577998691359,2025-05-01,294.3563879103887,140,0,30,0.36771875801898896,0.010509341219403723,1.08006575396004,305.5643550781976,2.0652604468820814,"{""type"":""Point"",""coordinates"":[81.14045314464275,18.064451829659458]}"
45,76.78850221685234,2025-05-01,289.20908973330546,602,0,10,0.48931591083781706,0.005972876409032324,4.051454055643771,305.01343431926904,1.9716859685068282,"{""type"":""Point"",""coordinates"":[81.23646619940195,20.10966452650238]}"
46,270.0,2025-05-01,290.3673684256417,178,0,10,0.5638268541494348,0.0017685584816717892,2.966433751966058,306.08873426346554,1.7099528213776851,"{""type"":""Point"",""coordinates"":[83.67244054448273,20.42142862858671]}"
47,104.89152644918096,2025-05-01,287.42331150599887,359,0,10,0.29357798165137616,0.014402925232388952,3.6042944682086113,305.89577016376313,1.6592523144426554,"{""type"":""Point"",""coordinates"":[82.4961515404054,21.452491138127584]}"
48,270.0,2025-05-01,291.0213920956566,631,0,10,0.7354541649225618,0.019712954023816565,1.4756650829051148,302.95450923556376,2.3037516053082143,"{""type"":""Point"",""coordinates"":[82.18113052088901,19.510781746239637]}"
49,167.75482024003892,2025-05-01,281.07080732073103,877,0,10,0.3243626062322946,0.008601664761044958,2.37135401788455,302.59798835572747,1.1790664566320324,"{""type"":""Point"",""coordinates"":[81.69465571254227,22.850751953318564]}"
50,125.09905235533404,2025-05-01,288.7706306094215,432,0,10,0.3322242129511134,0.00394913480613468,2.4181396504488597,306.2613009952364,2.474516374558966,"{""type"":""Point"",""coordinates"":[81.22762373488781,20.437933278182893]}"
51,14.963326912680618,2025-05-01,290.148188273112,161,0,40,0.2381835032437442,0.0027678899559759884,1.9193713411293583,307.3028688430786,1.3944932553112734,"{""type"":""Point"",""coordinates"":[84.00795342833672,20.706107568830912]}"
52,285.52125395493175,2025-05-01,286.1146886916387,538,0,10,0.3754856941010244,0.004721149066426733,5.184822415359156,305.05107266562334,0.9019231849940167,"{""type"":""Point"",""coordinates"":[83.58770059051443,22.218738882569834]}"
53,36.01944428977645,2025-05-01,284.97433108375185,938,0,10,0.7736564234465954,0.011109112957456091,15.119754883617823,301.873762630281,0.7638827528906978,"{""type"":""Point"",""coordinates"":[84.214623065154,23.518647729385368]}"
54,169.76446874912648,2025-05-01,283.50351751418344,560,0,10,0.27849079944332766,0.012592866281011084,2.8251784142436978,304.3953865142095,0.8080032581884312,"{""type"":""Point"",""coordinates"":[81.91188279610749,22.630119386118185]}"
55,194.9746283908705,2025-05-01,290.0932973225911,115,0,40,0.5808552817898612,0.0020413987431311398,1.9194724918606578,307.7216978981382,1.4975798126682465,"{""type"":""Point"",""coordinates"":[83.91838443974041,20.825330385078345]}"
56,62.39425185270255,2025-05-01,283.3617590041387,427,0,10,0.4662794449822523,0.005582510689237097,3.996617459955748,304.3719141369774,0.9278567471724654,"{""type"":""Point"",""coordinates"":[83.16020511928703,23.780117153050792]}"
57,320.3116445333412,2025-05-01,288.78657531738287,424,0,10,0.4445308853275245,0.004741906383969763,5.407602876615843,306.2521340960548,2.3999723754315196,"{""type"":""Point"",""coordinates"":[80.92554917163359,20.40951977859816]}"
58,208.41022860782417,2025-05-01,284.77918134416853,405,0,10,0.2792848335388409,0.004135518530347326,5.25764207728334,305.08786814553406,0.7542005627301751,"{""type"":""Point"",""coordinates"":[83.3302833860981,22.43117068121874]}"
59,199.86841220906408,2025-05-01,283.42765372140065,616,0,30,0.2917647058823529,0.010401069382169226,4.429027670708833,303.6168278739566,0.7770090642893932,"{""type"":""Point"",""coordinates"":[81.9911746442327,22.71915580016442]}"
60,227.11794523312093,2025-05-01,287.3916487920852,214,0,40,0.16502463054187191,0.00878377185199497,3.4034221684522072,306.1100791295369,1.4928170171754365,"{""type"":""Point"",""coordinates"":[83.07209543397549,21.77098733309372]}"
61,162.63768945479458,2025-05-01,293.69172087169824,150,0,10,0.4380559085133418,0.0031323425564551144,17.420298609982463,305.87225709642684,2.12819140161351,"{""type"":""Point"",""coordinates"":[80.64984022635522,18.035195563769378]}"
62,50.622063730968726,2025-05-01,285.13957359677266,534,0,40,0.3264721208963002,0.007393165687062719,5.827506804149539,302.98868892306376,0.4572897655822458,"{""type"":""Point"",""coordinates"":[83.56783334571998,22.577585921293796]}"
63,312.8905646727066,2025-05-01,287.5481894356864,211,0,40,0.4326935463094165,0.0061079852375769406,1.3624974935434886,306.3561263765608,1.4912189983860888,"{""type"":""Point"",""coordinates"":[83.2915205984059,21.727829935780427]}"
64,191.91879220583357,2025-05-01,293.60450453985305,298,0,10,0.44294909303686364,0.008956759432294348,4.728868175516893,305.202620052156,1.7036001524667657,"{""type"":""Point"",""coordinates"":[80.89165310094373,18.642859870010277]}"
65,-0.0,2025-05-01,291.24607122512094,558,0,40,0.762735136619525,0.014217614391782263,0.0,303.10870729173934,2.16473894095616,"{""type"":""Point"",""coordinates"":[82.24460160007358,19.295628849604956]}"
66,180.0,2025-05-01,290.2437286376953,583,0,10,0.6612581838884145,0.016623466471173742,3.704791833694711,303.7034164156233,1.787324022089819,"{""type"":""Point"",""coordinates"":[81.18978798722065,19.813267314346643]}"
67,11.942297967838286,2025-05-01,292.71154276529944,384,0,40,0.27527573529411764,0.014847352364995459,2.368672613144958,303.836153348287,1.6470400186680345,"{""type"":""Point"",""coordinates"":[81.40525733908613,18.98474492853491]}"
68,345.0895763039529,2025-05-01,288.9693552652995,556,0,10,0.6682281620281069,0.007992371180989721,1.9188989790338518,304.39715944017684,2.1323002651781593,"{""type"":""Point"",""coordinates"":[81.97823107951885,20.13512724196761]}"
69,329.8120796130518,2025-05-01,296.23057410830546,519,0,10,0.8003198537811286,0.04619221315715549,20.533528886322298,301.25198296138217,2.08044003479061,"{""type"":""Point"",""coordinates"":[84.37043832975279,19.011050068303437]}"
70,277.10020685456027,2025-05-01,288.0584956577846,345,0,40,0.2918704868390403,0.005198880294301489,7.461201332307287,306.44777211688813,1.9474048449983163,"{""type"":""Point"",""coordinates"":[82.27238488711022,20.90043791951808]}"
71,73.65907717111703,2025-05-01,293.99940200079055,706,0,10,0.8140877598152425,0.02902513668868778,21.937077673507332,301.7570866630191,1.3522019950360364,"{""type"":""Point"",""coordinates"":[83.45397984040159,19.53851635581546]}"
72,180.0,2025-05-01,282.57511465890065,778,0,40,0.3062871707731521,0.011851354697682837,2.7802885155287553,301.96996566227506,0.7461901653308591,"{""type"":""Point"",""coordinates"":[83.70419937566115,23.41398547029341]}"
73,175.35767954539352,2025-05-01,296.3533768426804,106,0,40,0.5283018867924528,0.03490096257064579,6.026214157319721,303.31832526978997,0.6345175841527576,"{""type"":""Point"",""coordinates"":[83.33489953928685,18.681616570162458]}"
74,127.51887057135896,2025-05-01,291.07611447288883,875,0,10,0.6515021459227468,0.009341909745671728,25.568245180462437,302.69980662209645,1.5103007549938927,"{""type"":""Point"",""coordinates"":[84.0581240433191,20.20184044947274]}"
75,212.50901448605228,2025-05-01,290.9263400123233,332,0,10,0.32713898567557104,0.006560250380971411,2.7474574629444932,305.41653955550424,1.6622906996427655,"{""type"":""Point"",""coordinates"":[80.62893811630845,19.69750974154963]}"
76,33.05477674839384,2025-05-01,282.6915232340495,1098,0,40,0.2246028814185445,0.00847557113502262,2.7643373299900422,300.6707073847453,0.5259731136231272,"{""type"":""Point"",""coordinates"":[83.26079677880003,22.782084672769116]}"
77,180.0,2025-05-01,280.4723547072637,426,0,40,0.3486263736263736,5.249373707556515E-4,2.3174627380815918,305.66369706108463,1.1558266462123488,"{""type"":""Point"",""coordinates"":[80.32383140339,23.69916185692228]}"
78,145.86442843458016,2025-05-01,294.16484215146016,732,0,10,0.7097334878331402,0.012389614442327002,26.05545146062221,301.0213281994774,1.6133961157764496,"{""type"":""Point"",""coordinates"":[84.13818717466492,19.262783934769097]}"
79,132.96838935000252,2025-05-01,288.0089409237816,281,0,40,0.1567030236090018,0.00473360643718479,0.6803509935341998,306.31419813065304,1.8535179514104454,"{""type"":""Point"",""coordinates"":[81.71144535747308,21.332564379670018]}"
81,227.45542895915457,2025-05-01,282.7805938720703,535,0,40,0.1640112464854733,0.007907717684247473,0.685815330582114,303.7083864212036,0.7650194120038086,"{""type"":""Point"",""coordinates"":[82.96136055301325,23.39871213457204]}"
82,110.77716897366923,2025-05-01,296.2835351853144,133,0,30,0.39746835443037976,0.02305488214824436,2.6127938570856704,303.72754564739404,1.059898033303342,"{""type"":""Point"",""coordinates"":[83.30125217920695,18.4643242009893]}"
83,113.39187236229576,2025-05-01,289.59043157668344,323,0,30,0.28234302570585756,0.011831327537038305,6.973791686310186,306.05111335572747,1.5999191716711219,"{""type"":""Point"",""coordinates"":[82.55176832100838,20.4072970769962]}"
84,298.8926154327627,2025-05-01,280.7561914353144,536,0,10,0.3334968121628249,0.003824620703198889,2.8769755407688633,303.87515190669467,1.2551095795280198,"{""type"":""Point"",""coordinates"":[81.41161873291463,23.10812461128222]}"
85,98.1121127553387,2025-05-01,292.6832166399275,836,0,10,0.2901164975573093,0.0386119626555228,32.24960112978796,300.22377309345063,0.7377324574966009,"{""type"":""Point"",""coordinates"":[83.09017807596624,18.92817472857105]}"
86,221.00284513972522,2025-05-01,281.03498840332026,745,0,30,0.23526844172850284,0.005175321558454016,3.069536469877778,303.8816797619774,1.308850540392875,"{""type"":""Point"",""coordinates"":[80.99635636854705,23.043975561555815]}"
87,53.67602981073527,2025-05-01,279.9199574788412,813,0,40,0.19069536011941784,0.001637607077100256,6.238355704043399,304.31137888772145,1.4095482939070165,"{""type"":""Point"",""coordinates"":[80.80611795332321,23.216784531424686]}"
88,60.49392226568979,2025-05-01,291.54496910458516,702,0,10,0.5927995034140285,0.02538324818942783,2.822469110637584,301.8293115979149,1.5870577259656538,"{""type"":""Point"",""coordinates"":[81.06966489655063,19.40613621569585]}"
89,303.13765219514073,2025-05-01,283.8498891194661,328,0,10,0.3433997509339975,0.006640061000325659,4.233961794879819,304.54968338920963,0.6025016480857349,"{""type"":""Point"",""coordinates"":[83.98640124956682,23.941644208638298]}"
90,-0.0,2025-05-01,285.9044836135138,278,0,40,0.309989701338826,0.003404705980756262,0.4637353428839794,306.3377286366054,1.5299974837647146,"{""type"":""Point"",""coordinates"":[81.42786350383939,21.635115388149014]}"
91,197.65310142253873,2025-05-01,292.8448667980376,413,0,10,0.36086825444678927,0.02791301832530735,4.854970770066585,302.60256889888217,1.1153816636044227,"{""type"":""Point"",""coordinates"":[83.34621975532852,19.49247010617396]}"
92,246.85032284254868,2025-05-01,292.56580825079055,1101,0,30,0.6561879549966909,0.07052093670699833,10.497435382540415,298.2286849703108,1.2955194024573158,"{""type"":""Point"",""coordinates"":[82.86107612809927,18.17010052840343]}"
93,122.75011792253434,2025-05-01,292.78179713657926,621,1,10,0.5468773289610971,0.018298312285878637,30.263712722659683,301.23204481034054,1.3234543954191025,"{""type"":""Point"",""coordinates"":[84.23341653767646,19.932300199324203]}"
94,261.2891409939277,2025-05-01,280.511719476609,515,0,40,0.4460419765328045,7.855735811972409E-4,6.100984184575595,305.3466048921858,1.3004884203168856,"{""type"":""Point"",""coordinates"":[80.34877399347813,23.17682373764623]}"
95,187.37505420176618,2025-05-01,291.4825446719215,890,0,30,0.589802678957223,0.021747901299931982,21.796903167378776,300.4243404297602,1.3582249206776327,"{""type"":""Point"",""coordinates"":[82.80239767000322,18.910225088979274]}"
96,39.34052520924372,2025-05-01,282.04557945614766,426,0,40,0.3497346840328027,9.033821615958004E-4,4.78584135661186,304.7641667411441,0.901006110579361,"{""type"":""Point"",""coordinates"":[80.98828935912644,23.793972018346576]}"
97,226.95502289259508,2025-05-01,291.2524653843471,119,0,40,0.15418923223956674,0.0017551474365973263,0.6793767656401161,306.92846175602506,0.7380182028387877,"{""type"":""Point"",""coordinates"":[84.17479736379588,20.93566091618531]}"
98,115.24707603361149,2025-05-01,291.0165674118769,597,0,10,0.730440097799511,0.0148642055783057,2.1734980393701395,303.0036280041649,2.189845923495697,"{""type"":""Point"",""coordinates"":[82.08261039620086,19.414680113546968]}"
99,133.1277835216754,2025-05-01,288.3447912307012,364,0,40,0.23430232558139535,0.0022743038925909786,2.7114126331804447,306.27562391190304,2.348912449166565,"{""type"":""Point"",""coordinates"":[81.56989027498891,20.496202255162384]}"
100,208.21706832427617,2025-05-01,288.77675737653465,198,0,40,0.6188888888888889,0.005795537689664343,2.104206133635612,306.84165232522145,1.3224532297310496,"{""type"":""Point"",""coordinates"":[83.5118638734077,21.278214646951078]}"
101,64.96365392096513,2025-05-01,288.840815226237,212,0,10,0.4827586206896552,0.004102125028111914,2.1905814911303545,307.3676416760399,1.5771127105733544,"{""type"":""Point"",""coordinates"":[83.2517561259881,20.906925143329342]}"
102,340.0372639533487,2025-05-01,281.81113470168344,603,0,10,0.3249800053319115,0.004934116462209204,1.4798436380532711,303.6149270648048,0.6031878046580339,"{""type"":""Point"",""coordinates"":[82.09849907048682,23.41028261068139]}"
103,6.245845463128959,2025-05-01,289.85069129580546,639,0,10,0.6766986463398607,0.00792598650787113,17.61705888280423,303.6942843936739,1.5547803078169744,"{""type"":""Point"",""coordinates"":[84.14374882773092,20.424206865001157]}"
104,270.0,2025-05-01,286.6608719598679,255,0,40,0.20840480274442538,0.007440774897077063,0.49952281307925633,306.08439204806376,1.2910161877772115,"{""type"":""Point"",""coordinates"":[81.80506045810117,21.820674833341354]}"
105,129.81293627720007,2025-05-01,281.136963617234,776,0,10,0.6165137614678899,0.005448519447782019,6.490628734887211,304.0386505581084,1.1632388925840096,"{""type"":""Point"",""coordinates"":[80.99957497707089,22.154262259277427]}"
106,110.70405605031549,2025-05-01,292.1404164632161,300,0,10,0.4125,0.005231335023381689,2.621600955042741,305.38828318459645,1.4071209064232844,"{""type"":""Point"",""coordinates"":[80.65988908766909,19.11286659616076]}"
107,72.97539991947777,2025-05-01,282.9838409423828,556,0,40,0.17912673056443024,0.003654613355138281,3.16463008592059,303.5063251767839,0.5623647024975184,"{""type"":""Point"",""coordinates"":[81.95868431416002,23.277964346457686]}"
108,90.0,2025-05-01,286.55088660830546,312,0,40,0.1837959489872468,0.0018424533400320797,0.49728680946037934,306.66923091525126,1.9126999993945535,"{""type"":""Point"",""coordinates"":[80.97278998860678,21.167324553394202]}"
109,180.0,2025-05-01,284.9543813069662,600,0,10,0.5372220431840155,0.010409041503407934,2.7802885155287553,302.2144608724685,0.5924472149912634,"{""type"":""Point"",""coordinates"":[83.83733286401515,22.922865505352682]}"
110,180.0,2025-05-01,280.59897068568637,383,0,30,0.06596306068601583,6.101720127844601E-4,0.463735342881014,305.4524340402512,0.9926301703440449,"{""type"":""Point"",""coordinates"":[80.53616893761205,24.005642286755233]}"
111,226.6184001061506,2025-05-01,291.46490260532926,598,0,30,0.5384148193136957,0.017130806306340673,0.6751418933006753,302.4261947359358,1.8809259761785913,"{""type"":""Point"",""coordinates"":[82.505101430897,19.083422889786327]}"
112,211.2567210183845,2025-05-01,281.9069947742281,471,0,30,0.29547844374342797,0.00626684651706455,4.870615678507572,304.71369357336135,0.7316978929478448,"{""type"":""Point"",""coordinates"":[81.86334398748596,23.75393298846425]}"
113,90.0,2025-05-01,285.98114958263585,297,0,10,0.4217287866772403,0.004743187883832434,4.991634741109782,306.20193994612924,1.1274686518243504,"{""type"":""Point"",""coordinates"":[83.37143470461795,22.07445501287679]}"
114,17.300261857074336,2025-05-01,295.2411070324125,285,0,10,0.5105812220566319,0.03727461324069736,8.200770940093696,302.43357708340596,1.2926694761634996,"{""type"":""Point"",""coordinates"":[83.38130766460404,19.215310335243892]}"
115,-0.0,2025-05-01,287.75326756068637,370,0,10,0.43971735610186957,0.0015462182554983883,0.4637353428839794,306.88091246287024,1.8433420114244299,"{""type"":""Point"",""coordinates"":[80.4384993359422,20.643177727243852]}"
116,313.3691017951939,2025-05-01,291.5467478434245,563,0,30,0.41980794037551955,0.01820607409808872,2.0251433520361797,302.8069436663673,2.0067571129379513,"{""type"":""Point"",""coordinates"":[81.72368920311067,19.155358190487746]}"
117,152.2575816617755,2025-05-01,292.7694099062965,303,0,10,0.6171347873842774,0.0031268291268133908,1.047837215917743,305.8297126860845,2.17194030226581,"{""type"":""Point"",""coordinates"":[80.29901668312742,18.07569127818222]}"
119,90.0,2025-05-01,282.70429992675776,558,0,10,0.3462586124018587,0.006683631995656469,5.536603579852052,303.5498868397304,0.682952936910506,"{""type"":""Point"",""coordinates"":[82.19208899131372,23.29384541012789]}"
120,15.230497163067566,2025-05-01,281.2392004103888,502,0,10,0.316781898177247,0.002555876234509924,1.9217854404063888,304.65872705550424,1.2218524573953422,"{""type"":""Point"",""coordinates"":[81.23461448261806,23.332018276227885]}"
121,234.98762739783598,2025-05-01,291.9534396216983,148,0,40,0.3546378916787715,0.0014262788090491085,2.42335282391639,306.3005785715012,0.5934833148032829,"{""type"":""Point"",""coordinates"":[84.36416722307736,20.926992372284584]}"
122,162.68841483887485,2025-05-01,282.5181601388114,748,0,10,0.3681875792141952,0.006186663368680456,22.55890588989809,303.2441530227661,0.8895429583444803,"{""type"":""Point"",""coordinates"":[83.4263093989241,23.555685196774856]}"
123,136.30099776361433,2025-05-01,287.275379725865,286,0,30,0.26980415083308973,0.010654731849172094,5.753514163241757,306.0946808315458,1.584298584938913,"{""type"":""Point"",""coordinates"":[83.24437519067341,21.533647217824704]}"
124,252.79835774074968,2025-05-01,283.7183961414156,514,0,10,0.2779195915762604,0.0094548456463599,10.845352895734534,305.6090328125726,1.303167718586231,"{""type"":""Point"",""coordinates"":[80.9736308878632,21.75931147215845]}"
125,35.61348428890726,2025-05-01,285.3069494338262,308,0,40,0.23685946778095449,0.0014129869732641964,1.7108056054933791,306.39009680066795,1.1723863725389858,"{""type"":""Point"",""coordinates"":[80.49490146196558,21.451489816179613]}"
126,294.9643124104819,2025-05-01,287.6338130405971,307,0,10,0.36268794108622276,0.011830895403363684,3.2927197869671803,306.1146131697155,1.8286432328408972,"{""type"":""Point"",""coordinates"":[82.40253240207956,21.393316975449654]}"
127,294.6224532366546,2025-05-01,280.3829004196894,423,0,40,0.2032967032967033,5.570493731283932E-4,3.335431604447295,305.43739032745356,1.2886171957826398,"{""type"":""Point"",""coordinates"":[80.59185881739474,23.56369894802969]}"
128,146.03464931256173,2025-05-01,294.6382191975911,899,0,10,0.6930678680424357,0.029122024038770178,17.851016922039392,300.70810740334645,1.4423518523858085,"{""type"":""Point"",""coordinates"":[84.21954623396724,19.147006305134624]}"
129,320.6889208103073,2025-05-01,282.908203851609,499,0,10,0.32741458165186976,0.007802277067639807,2.3960939735387594,304.19218013400126,0.9756522472326042,"{""type"":""Point"",""coordinates"":[83.72482237470429,23.657912125323993]}"
130,204.7622883511596,2025-05-01,284.0393596830822,668,0,10,0.5392762577228597,0.001349746445157507,7.113070598291532,305.27760610126313,0.9238036176342631,"{""type"":""Point"",""coordinates"":[80.50111536698411,21.70166084326091]}"
131,208.17607425760463,2025-05-01,290.8216211228144,158,0,10,0.4828603859250851,0.0020548246893667965,1.0520544058567685,306.7554648717245,0.839224153089842,"{""type"":""Point"",""coordinates"":[84.09366859791983,21.023503638994967]}"
132,246.76577846452756,2025-05-01,293.30148533412387,453,0,10,0.6479217603911981,0.005146994451024511,25.26252308472079,304.9000658761887,2.307939631583161,"{""type"":""Point"",""coordinates"":[80.2867389781001,17.83503147687602]}"
133,270.0,2025-05-01,289.49143836611796,655,0,40,0.6143039591315453,0.011884897211530188,0.4930424403927232,303.5506832031977,2.485208327357811,"{""type"":""Point"",""coordinates"":[82.05017541261796,19.854633390799833]}"
134,-0.0,2025-05-01,290.146723429362,244,0,40,0.3096651926721415,0.0044829242024206906,0.9274099368611016,306.56315181368876,1.8396496095736414,"{""type"":""Point"",""coordinates"":[83.18324854260715,20.524263620518102]}"
135,187.60492759301073,2025-05-01,289.54135931105844,274,0,10,0.4574843792447704,0.004733457425572851,3.7375749748774774,306.73611963362924,1.7757793499633805,"{""type"":""Point"",""coordinates"":[83.18521638086871,20.574969403081436]}"
136,152.02309537860688,2025-05-01,290.46410042899,301,0,40,0.26001128031584886,0.013441621521451452,2.0995067104412612,304.46916348593584,2.1719235470372986,"{""type"":""Point"",""coordinates"":[82.62432761767037,19.73312391572858]}"
137,133.46916379960865,2025-05-01,291.97584243047805,896,0,40,0.4251788268955651,0.05967260823581455,2.021412407346553,298.9523468471709,1.0316204473865922,"{""type"":""Point"",""coordinates"":[82.92922152214646,18.568269657202524]}"
138,90.0,2025-05-01,285.00614493233815,353,0,10,0.28010168708111854,0.014331712583043554,0.5018202971312201,304.23026607150126,0.6220506297074707,"{""type"":""Point"",""coordinates"":[82.44665995556133,22.466187760163045]}"
139,208.34966906936108,2025-05-01,286.75153532482324,452,0,10,0.3242535358826611,0.0028843723330282955,5.254657521078098,305.6081027530489,0.9529215307996032,"{""type"":""Point"",""coordinates"":[83.77461477013247,22.07740549136677]}"
140,227.37542571933145,2025-05-01,280.843506585984,669,0,40,0.17982851985559567,0.0036975137982153683,2.053540822410193,304.4627402623494,1.1665700303650473,"{""type"":""Point"",""coordinates"":[80.84213356781424,23.024026143415554]}"
141,270.0,2025-05-01,289.0172882080078,366,0,10,0.4782730194215453,0.0046530209574484616,2.963337843222495,306.1882796968733,2.294480840996691,"{""type"":""Point"",""coordinates"":[80.84204070794517,20.26028075344491]}"
142,234.63520165106848,2025-05-01,291.5549498058501,598,0,50,0.4129742253113235,0.01782165394160984,2.402329760396275,301.2430253255935,1.625341474257043,"{""type"":""Point"",""coordinates"":[82.57924905565004,18.858598349430206]}"
143,215.43878060435964,2025-05-01,288.37398347400483,361,0,40,0.2899896800825593,0.0021387331280493527,1.7070873643549227,306.38800416673934,2.431373035220636,"{""type"":""Point"",""coordinates"":[81.51524491577177,20.487084601124796]}"
144,297.27319878440994,2025-05-01,282.8585037958054,686,0,10,0.4716612377850163,0.005067973593213537,9.03266939720826,303.55299672626313,0.7663457602119105,"{""type"":""Point"",""coordinates"":[83.00488776397964,23.57679018175535]}"
145,332.0384048886234,2025-05-01,290.65125746954055,645,0,40,0.34173669467787116,0.01673258767459629,1.0499569026826001,302.87543673742385,2.367147721373919,"{""type"":""Point"",""coordinates"":[82.06924045439715,19.629422746519722]}"
146,139.79666175256355,2025-05-01,280.843506585984,658,0,40,0.18502253553680803,0.0036975137982153683,5.448217638740137,304.4627402623494,1.1665700303650473,"{""type"":""Point"",""coordinates"":[80.83357314263156,23.03542185183192]}"
147,133.42437762313037,2025-05-01,292.43723333449594,511,0,10,0.4598393574297189,0.015141724804379919,3.3693125448752497,303.078340848287,1.6404829553202565,"{""type"":""Point"",""coordinates"":[81.25259978074703,18.833466762852957]}"
148,305.20357076095195,2025-05-01,290.35222008114766,399,0,10,0.438164521544488,0.012854620078542212,7.201780299887208,303.3910733631679,1.6809425306331272,"{""type"":""Point"",""coordinates"":[80.98355623415753,19.832897580445202]}"
149,-0.0,2025-05-01,284.8520747593471,306,0,40,0.17748704023697853,0.005407615760304907,0.0,305.7982069197155,1.1347615846240493,"{""type"":""Point"",""coordinates"":[81.3735711820377,21.899637820514293]}"
150,83.35251980229528,2025-05-01,296.06460498628167,299,0,30,0.2724770642201835,0.04108643458221195,48.20688384600896,302.8725244885399,0.5922798278382607,"{""type"":""Point"",""coordinates"":[83.2522207573774,18.751783738073755]}"
151,83.48453276904281,2025-05-01,283.50973147437685,332,0,30,0.25193694897141333,0.008922993401029089,4.07998177688019,304.75576714106967,0.7719889896366356,"{""type"":""Point"",""coordinates"":[83.39640542291252,23.982019223120147]}"
152,46.547001027442185,2025-05-01,292.06212870279944,863,0,40,0.5691056910569106,0.04012171850536106,0.6742534195040529,299.98042883191783,1.246207917625338,"{""type"":""Point"",""coordinates"":[82.84438062249181,18.664871010589245]}"
153,199.79323941663498,2025-05-01,285.8866729736328,271,0,40,0.6689691817215728,0.009736790517308691,1.4782623518536648,305.6018829799834,1.103173077431576,"{""type"":""Point"",""coordinates"":[82.24852312970887,22.14805751362851]}"
154,237.8946322016739,2025-05-01,292.8432159423828,281,0,40,0.3753549119818285,0.010731532433965185,1.744577185730603,302.55297347477506,1.4291152552800468,"{""type"":""Point"",""coordinates"":[83.70710388985813,19.755654023049626]}"
155,90.0,2025-05-01,284.20119585309715,378,0,30,0.30885836096636665,0.006517484048345068,0.5011080133867762,305.3901723680042,1.0139888168660665,"{""type"":""Point"",""coordinates"":[81.40878618265697,22.268368770848756]}"
156,112.01270334517386,2025-05-01,294.8165406726656,310,0,30,0.2620760534429599,0.0177159004006171,3.7066433935776035,302.25468013400126,1.3551041700222262,"{""type"":""Point"",""coordinates"":[83.73330805018524,19.38203695074062]}"
157,180.0,2025-05-01,281.07080732073103,914,0,40,0.20634920634920634,0.008601664761044958,2.3174627380815918,302.59798835572747,1.1790664566320324,"{""type"":""Point"",""coordinates"":[81.72187030005153,22.891988987572237]}"
158,83.41665902922382,2025-05-01,283.53521510532926,502,0,10,0.31270553064275036,0.010051920274236181,4.03823917858686,303.40600081852506,0.5259603910435748,"{""type"":""Point"",""coordinates"":[82.90100838240252,22.590737224127647]}"
159,143.73666925822616,2025-05-01,290.8415592738561,667,0,10,0.24436889077773055,0.016437887409665564,14.627531008553683,302.51092315855476,1.8133714476221814,"{""type"":""Point"",""coordinates"":[82.82036366494243,19.312180744915537]}"
160,97.61418422833518,2025-05-01,287.9254332042876,420,0,10,0.2351421188630491,0.004318162063100317,3.49557550514818,306.3485115142095,1.8228457126689128,"{""type"":""Point"",""coordinates"":[81.94552267580951,20.648055098335718]}"
161,38.94097592697457,2025-05-01,283.1286802746001,655,0,10,0.6750034544700843,0.008909939983823278,4.758881241242786,304.8538477307274,1.2557724719239431,"{""type"":""Point"",""coordinates"":[80.91382639308375,21.855470929685634]}"
162,90.0,2025-05-01,289.82467288062685,147,0,40,0.6685113447703376,0.002645760038831213,0.4970130109235341,307.161116145906,1.2110721024697135,"{""type"":""Point"",""coordinates"":[83.7722580267989,21.08542450587278]}"
163,185.27815089766523,2025-05-01,295.8822261265346,254,0,10,0.40619055853363306,0.017480521658399084,20.5009779832527,302.95878169650126,1.093950887682386,"{""type"":""Point"",""coordinates"":[84.38265022240995,19.735001513755485]}"
164,270.0,2025-05-01,290.14608401343935,140,0,40,0.7935090394249619,0.0028028033766531735,2.487248158286202,306.4442843936739,1.0340629908120087,"{""type"":""Point"",""coordinates"":[83.92706768332087,21.305321944094672]}"
165,284.8377384083053,2025-05-01,282.8178892589751,587,0,40,0.5858034321372855,0.0027211152109885006,3.617031504891832,304.7510122117542,0.9452067564471758,"{""type"":""Point"",""coordinates"":[80.60068331336525,21.996232070932027]}"
166,19.18825601182603,2025-05-01,280.1819843110584,841,0,10,0.4773237539290525,0.0034680359158301144,12.092803984312518,304.08178206852506,1.3312744648639276,"{""type"":""Point"",""coordinates"":[80.90058299720774,23.143800163164812]}"
167,313.09038941502575,2025-05-01,288.3462735130673,367,0,10,0.2685394754360272,0.0046380601916098385,1.3574114840114893,306.613741238912,1.9655592012349128,"{""type"":""Point"",""coordinates"":[81.83673972405872,20.69614898212694]}"
168,190.1021437532146,2025-05-01,290.0299951462519,126,0,30,0.2169564181948083,0.0017650120053076535,2.824000844574476,307.7072470982869,1.9008720789775677,"{""type"":""Point"",""coordinates"":[83.71658666073394,20.697364334714194]}"
169,347.84868613836335,2025-05-01,288.9451039632162,219,0,40,0.16808027714729423,0.002526535848119238,2.3705153003531265,305.69315669650126,1.3496151611410816,"{""type"":""Point"",""coordinates"":[84.22829552312777,21.74254259185851]}"
170,260.53887307016794,2025-05-01,292.4978267124721,814,0,10,0.6570477247502775,0.020157202342488745,8.402853224479252,302.5375635510399,1.3602531711139232,"{""type"":""Point"",""coordinates"":[81.03789080994724,19.20915133819541]}"
171,84.20182457676341,2025-05-01,283.0980580647786,410,0,30,0.1937984496124031,0.007832094291188696,17.76918996892342,304.1902560733614,0.7434134846604061,"{""type"":""Point"",""coordinates"":[81.96708988895372,23.95045959318268]}"
172,138.41703223117347,2025-05-01,282.5759691510882,1029,0,10,0.6385924430343236,0.013951688269116858,16.286290749042497,301.42454388028096,0.8218816043455437,"{""type"":""Point"",""coordinates"":[83.901106932543,23.321706594886916]}"
173,276.6825447204191,2025-05-01,290.72751072474887,646,0,10,0.5259600172587372,0.0063592486176276,7.919492721041346,303.3192669550578,1.1848424312635255,"{""type"":""Point"",""coordinates"":[84.2597568458235,20.39501029891326]}"
174,256.8579893782686,2025-05-01,288.840815226237,184,0,10,0.471166622375764,0.004102125028111914,2.038787546295524,307.3676416760399,1.5771127105733544,"{""type"":""Point"",""coordinates"":[83.28978523456816,20.945369101126342]}"
175,245.0728760427515,2025-05-01,287.4865323021299,264,0,40,0.3510828025477707,0.005864619472959021,1.1001822046387975,305.8307648159208,1.6129409832530692,"{""type"":""Point"",""coordinates"":[82.00662381938635,21.640367757132744]}"
176,28.556514444609654,2025-05-01,283.07771882556733,865,0,40,0.4193116378733092,0.013949274281003454,3.1646328728392397,301.3284919829595,0.8344998218276585,"{""type"":""Point"",""coordinates"":[83.96609932983293,23.25930172107805]}"
177,65.11953708351844,2025-05-01,287.58114842006137,293,0,10,0.5491408934707904,0.0041689567360663204,2.2034116357713756,306.0398712612334,1.28351896741947,"{""type"":""Point"",""coordinates"":[83.63170370277328,21.945520919258254]}"
178,64.75050788742689,2025-05-01,291.28615679059715,220,0,10,0.31098323742807105,0.005998402098157385,2.173303886680942,306.3982522601173,1.6519794754649026,"{""type"":""Point"",""coordinates"":[80.44324385956355,19.396696725447285]}"
179,90.0,2025-05-01,291.3530571347191,308,0,10,0.5067669172932331,0.015678315618970373,1.4744236633881764,303.56455271584645,1.9897532217485798,"{""type"":""Point"",""coordinates"":[82.73084141725876,19.374668369376373]}"
180,313.59412405771394,2025-05-01,293.30148533412387,313,0,40,0.20681793507762458,0.005146994451024511,2.016780961381143,304.9000658761887,2.307939631583161,"{""type"":""Point"",""coordinates"":[80.34842504960383,17.807022669060636]}"
181,143.91553944683275,2025-05-01,282.08528137207037,424,0,40,0.3067167684358854,0.007061495641210058,3.438881439364643,304.99493776048934,0.7244016437219174,"{""type"":""Point"",""coordinates"":[81.65639515026062,23.830376615528603]}"
182,155.47378089145596,2025-05-01,290.2101767403739,411,0,20,0.38402061855670105,0.00641865954730747,3.5635670147310448,305.9495915458316,1.9117541836420315,"{""type"":""Point"",""coordinates"":[82.51629320797062,20.069907886155537]}"
183,90.0,2025-05-01,284.75972566150483,340,0,40,0.2792022792022792,0.005942045906522253,1.003270263463007,305.8882250558762,0.7664697728114375,"{""type"":""Point"",""coordinates"":[82.99636128313921,22.42620083427659]}"
184,289.02107504909384,2025-05-01,280.1083119710287,879,0,10,0.3743276639046373,0.0031732909474158078,4.260825435567123,303.7131762277512,1.4145138305221332,"{""type"":""Point"",""coordinates"":[80.98092976458739,23.175235751441047]}"
185,90.0,2025-05-01,287.88558015369233,316,0,40,0.29171270718232045,0.009495376804807165,2.9734033040846533,305.7687589100429,1.4423172717075072,"{""type"":""Point"",""coordinates"":[82.84494745646407,20.780145086292656]}"
186,28.384704788117002,2025-05-01,281.14110819498694,705,0,40,0.19145416953824948,0.00463849232528446,1.0541169648953777,304.1727767671858,1.181990783045137,"{""type"":""Point"",""coordinates"":[80.95316430418,22.282880023479997]}"
187,120.34803138801858,2025-05-01,290.146723429362,234,0,10,0.3812140575079872,0.0044829242024206906,4.5794794416428335,306.56315181368876,1.8396496095736414,"{""type"":""Point"",""coordinates"":[83.15190084554936,20.485130171621233]}"
188,107.41917313126791,2025-05-01,292.8114776611328,518,0,40,0.39584415584415583,0.01672147140834568,1.5487452129174515,300.57510307856967,1.5193221652401492,"{""type"":""Point"",""coordinates"":[83.99946036425835,19.73865402609173]}"
189,199.45099650899803,2025-05-01,291.5202469598679,492,0,40,0.45752921097544963,0.015503167370297888,1.4751189998624321,302.8746113095964,2.006211835137252,"{""type"":""Point"",""coordinates"":[81.56726283051927,19.28790456498654]}"
190,270.0,2025-05-01,293.2878948393322,577,0,10,0.6116945784842464,0.02316351161334751,2.9310018714748356,303.5025235584804,1.7758457154240668,"{""type"":""Point"",""coordinates"":[81.3995587796012,18.468766441067867]}"
192,172.46708639315148,2025-05-01,292.0422661190941,595,0,10,0.2760606416735222,0.018571033338048437,3.736952583652613,302.7935449963524,1.976644979527065,"{""type"":""Point"",""coordinates"":[81.97979969124339,19.043344425263797]}"
193,-0.0,2025-05-01,282.04463777087983,457,0,40,0.26631195743489217,0.0025963328871512203,0.463735342881014,305.52612963176904,0.9070374971757,"{""type"":""Point"",""coordinates"":[80.41125475879474,22.624384524155495]}"
194,342.6800739199146,2025-05-01,281.9382796514602,570,0,10,0.35080645161290325,0.004547505835034826,3.396417706996944,304.3727628162929,0.6239391260605452,"{""type"":""Point"",""coordinates"":[81.7404071929493,23.623438002826436]}"
195,256.826669320564,2025-05-01,288.2468501499721,401,0,10,0.4938659058487874,0.004629194000699499,2.0340296727316223,306.16894027165006,1.6118731639616481,"{""type"":""Point"",""coordinates"":[82.25759650291064,20.572548886152795]}"
196,332.2179296853123,2025-05-01,294.3844524565198,181,0,10,0.39536183291422183,0.008946030596234777,2.0957366372136432,305.74413558415006,1.8589548324146303,"{""type"":""Point"",""coordinates"":[80.97981559723,18.367091206357433]}"
197,19.777441967060913,2025-05-01,282.15866306849887,606,0,10,0.47554038680318544,0.0022291235718512326,2.9542667419414363,304.58160768236434,0.657983532338282,"{""type"":""Point"",""coordinates"":[80.37076943994961,22.026266449251672]}"
198,290.4330152344304,2025-05-01,287.8554345993769,327,0,10,0.3202479338842975,0.010860054949262121,2.65481245739051,306.2915628069923,1.905058971437769,"{""type"":""Point"",""coordinates"":[82.45994708805196,21.34877137911964]}"
199,-0.0,2025-05-01,285.0611172630674,519,0,40,0.252527600232423,0.00938869939182041,1.3909630807829783,302.6681729725429,0.5128186102615693,"{""type"":""Point"",""coordinates"":[83.7890166162113,22.847589815664943]}"
200,-0.0,2025-05-01,288.6385330926804,358,0,30,0.3267296555928071,0.003160058716275671,0.9274099368670311,306.634260677156,2.3435695834677834,"{""type"":""Point"",""coordinates"":[81.60668844678555,20.61666999959433]}"
201,47.01099833689417,2025-05-01,288.245850335984,292,0,40,0.186128960779969,0.005628585079648474,2.0394991955328243,306.2369334357125,1.9334768226616035,"{""type"":""Point"",""coordinates"":[81.68181102353796,21.226416218252023]}"
202,148.07683985750634,2025-05-01,283.5707898821149,436,0,30,0.2191346275853318,0.017885237196423986,3.8190030633959733,303.83011958712626,0.8028042262183069,"{""type"":""Point"",""coordinates"":[82.8295916999708,23.478165279856196]}"
203,199.6211623353258,2025-05-01,288.5432543073382,307,0,40,0.3005495546712147,0.004177524903752783,1.4766736436740222,306.58229360126313,1.906151739005476,"{""type"":""Point"",""coordinates"":[81.85420416690243,20.769121399400618]}"
204,176.31434463137677,2025-05-01,290.89045134044824,777,0,10,0.4934716508674656,0.012890114644505957,14.98410029030099,303.9295255116054,1.2484096696959779,"{""type"":""Point"",""coordinates"":[83.25991776559749,19.803551879680818]}"
205,270.0,2025-05-01,292.2688169933501,612,0,10,0.3226509421868991,0.02303427384231327,1.4689854558601332,301.8951946894328,1.5570924293878947,"{""type"":""Point"",""coordinates"":[82.4135047631636,18.7616034855261]}"
206,337.1493560378501,2025-05-01,292.48496282668344,124,0,10,0.5065155807365439,0.0028791122231268673,2.514582171581581,306.959688504537,2.08193200039312,"{""type"":""Point"",""coordinates"":[80.24841646647938,18.338701077115054]}"
207,270.0,2025-05-01,284.38490004766555,402,0,30,0.2788177339901478,0.008038132647016027,2.0125960163933083,304.0850023996262,0.8066223321601262,"{""type"":""Point"",""coordinates"":[82.58361010693594,22.882616720761682]}"
208,245.10062383719412,2025-05-01,289.09273928687685,207,0,50,0.36764064544265157,0.0022771500143790036,1.1013296615857602,305.88906792231967,1.4142390353532144,"{""type"":""Point"",""coordinates"":[84.04104762515864,21.822051891815804]}"
209,28.61026765860936,2025-05-01,281.2142631894066,491,0,10,0.3108636773999398,8.155100140356808E-4,1.056371823629568,304.9865904762632,1.1812571136236574,"{""type"":""Point"",""coordinates"":[80.93303794627647,23.555186257195647]}"
210,287.07171343497765,2025-05-01,283.4014783586775,522,0,30,0.2802804929876753,0.00530554280612705,1.5792843720954726,303.6441483724685,0.6859948527423566,"{""type"":""Point"",""coordinates"":[82.80984828693958,22.882800485356167]}"
211,-0.0,2025-05-01,282.9314727783203,593,0,10,0.4805230940456316,0.013047664621808508,8.289099835320444,303.96640818459645,0.8712847012951475,"{""type"":""Point"",""coordinates"":[81.81275409265547,22.598098432253952]}"
212,312.79119947501454,2025-05-01,285.6644178118025,299,0,40,0.6474164133738601,0.004441230753400305,0.6826203542209658,305.6786710194179,0.9581799375149948,"{""type"":""Point"",""coordinates"":[83.5336815727879,22.222215379807352]}"
213,-0.0,2025-05-01,290.77114795503155,594,0,40,0.41217516843118385,0.023860066393353918,1.8543341688414132,303.01776490892684,2.4391556508810144,"{""type"":""Point"",""coordinates"":[82.32284009812184,19.57233738418006]}"
214,353.83973987857274,2025-05-01,285.86001514253167,259,0,10,0.3490223222010729,0.0048828862700247555,4.65412508917572,305.9910140718733,1.1135643606828474,"{""type"":""Point"",""coordinates"":[83.46590021316746,22.104280310640586]}"
215,116.21831328060682,2025-05-01,282.96012442452565,585,0,10,0.303402314977201,0.00956611261699436,7.30794365073413,304.2815762928554,0.7798588106423773,"{""type"":""Point"",""coordinates"":[82.16562147824311,23.85583893184035]}"
217,93.7740289637519,2025-05-01,281.97906276157926,527,0,10,0.2460686600221484,0.0025697343144202023,7.01029700384696,305.3648921875727,0.8703140563439291,"{""type"":""Point"",""coordinates"":[80.50314754362896,22.556306317732787]}"
218,331.4235760902913,2025-05-01,280.9067622593471,455,0,40,0.20375640295959022,4.92214420773962E-4,3.1652304341702426,305.47283140818274,1.3754539405239947,"{""type"":""Point"",""coordinates"":[80.52861078991575,23.369759765943012]}"
219,301.93964956799573,2025-05-01,287.8408849807013,365,0,30,0.2138622891016872,0.0025962285790228634,1.752658917088014,306.759737332662,2.3565686498339855,"{""type"":""Point"",""coordinates"":[81.0608237358557,20.75435014800587]}"
220,42.848312784084264,2025-05-01,286.78495352608815,358,0,10,0.488329796908154,0.002774968007543066,4.418945237363746,304.0568390346708,0.5612444471037001,"{""type"":""Point"",""coordinates"":[84.26762649983105,22.472022376465542]}"
221,208.5150552928287,2025-05-01,282.9295894077846,562,0,40,0.29796017484215637,0.007959722736814001,1.0554168547684883,303.70883982522145,0.613511585000901,"{""type"":""Point"",""coordinates"":[83.08434724543393,23.02843544274589]}"
222,244.5954672551287,2025-05-01,295.47958592006137,120,0,10,0.5429662635264163,0.043384759882428625,3.2394691536588414,301.5899317151024,1.6178837102853696,"{""type"":""Point"",""coordinates"":[83.1124894804457,18.219897994360817]}"
223,326.76311217905226,2025-05-01,281.5866706484841,462,0,30,0.40850228907782865,7.497809920096188E-4,2.7700720793891707,304.89432275862924,1.0474448273766914,"{""type"":""Point"",""coordinates"":[80.91686853167626,23.70805331171172]}"
224,227.0737180740152,2025-05-01,287.9919266473679,264,0,40,0.15258824856208414,0.009223907450177649,0.6808883273878257,306.13255750565304,1.7187715873864446,"{""type"":""Point"",""coordinates"":[82.16322883602481,21.547809668056225]}"
225,258.30526983745193,2025-05-01,285.8647468203591,591,0,10,0.304398485289834,0.0013629935774588375,4.566054672364529,305.91266818273635,1.7080740732004762,"{""type"":""Point"",""coordinates"":[80.77780713858368,21.3341605891456]}"
226,-0.0,2025-05-01,290.12068176269537,188,0,30,0.7260174418604651,0.0042123787197851925,0.0,305.8780060268583,1.3528942065905982,"{""type"":""Point"",""coordinates"":[83.71470639153064,21.670513500427212]}"
227,28.222391438757356,2025-05-01,286.9435577392578,279,0,10,0.2155030930438076,0.004007055619695166,2.104310951097506,306.56598849523635,1.849148019035155,"{""type"":""Point"",""coordinates"":[81.25314765974186,21.311132084210907]}"
228,139.0720765711727,2025-05-01,281.2112521216983,577,0,40,0.16392700950082945,0.00410056040618656,3.066060190679956,304.3835108166649,0.9930656308476434,"{""type"":""Point"",""coordinates"":[80.78256853353554,22.68553086877825]}"
229,109.44987060170315,2025-05-01,294.35421970912387,391,0,10,0.5720524017467249,0.0573662363085532,24.789299248333514,301.2236510231382,0.5852890612651647,"{""type"":""Point"",""coordinates"":[83.08168505564264,18.578336715781614]}"
230,-0.0,2025-05-01,290.53724379766555,265,0,80,-0.14202898550724638,0.00712807402942417,0.0,304.6627786273048,0.6783390089890629,"{""type"":""Point"",""coordinates"":[82.84118287519496,24.068331449898565]}"
231,160.37349937094456,2025-05-01,289.7672998337519,151,0,10,0.30892337536372455,0.0024745307955527096,1.4767226783142609,307.31211130959645,1.832459907903008,"{""type"":""Point"",""coordinates"":[83.54313268380757,20.813869461547277]}"
232,180.0,2025-05-01,288.1794905889602,225,0,40,0.13977272727272727,0.005149825671651342,1.3909630807829783,306.24417046138217,1.3666984169575798,"{""type"":""Point"",""coordinates"":[83.45443351314387,21.731183809144788]}"
233,96.23446740755469,2025-05-01,283.4021526518322,367,0,10,0.2766868975365941,0.0016680948529028683,8.478211462235272,304.734864053272,0.8410641988587355,"{""type"":""Point"",""coordinates"":[80.49397747253079,21.787145266621216]}"
234,180.0,2025-05-01,286.84803481329055,353,0,30,0.25857857392113526,0.004373564580419043,2.7802885155465065,304.53686019352506,0.564028848609563,"{""type"":""Point"",""coordinates"":[83.87910872980866,22.32847681175812]}"
235,-0.0,2025-05-01,287.6749507359096,255,0,40,0.15845952068677716,0.008325292924382666,0.0,305.6692018508911,1.526438144292684,"{""type"":""Point"",""coordinates"":[82.13869833345106,21.6507046819245]}"
236,102.95252164808375,2025-05-01,283.4509110223679,868,0,10,0.45484747810329207,0.013120024660565832,2.068067695120388,300.40057740892684,0.6791209633317669,"{""type"":""Point"",""coordinates"":[83.84498519356494,23.076560716573344]}"
237,207.89240751751237,2025-05-01,291.7596094040644,182,0,10,0.3167082294264339,0.004915490010716894,1.0492851964570324,306.6159966332571,1.6464934447048545,"{""type"":""Point"",""coordinates"":[80.36163955386374,19.154220905961772]}"
238,24.174758188266498,2025-05-01,291.3941773914156,668,0,30,0.4869802906056683,0.017499073604085424,16.318676854220357,302.3620148159208,1.9716012971077568,"{""type"":""Point"",""coordinates"":[81.67233366278302,19.074420817708706]}"
239,344.79052986609025,2025-05-01,282.9156327020554,470,0,10,0.39761298109159177,0.005257873991467932,5.747586360330515,303.0431671596708,0.7548348490264148,"{""type"":""Point"",""coordinates"":[82.13464018487468,23.13896738847576]}"
240,35.58415650983635,2025-05-01,287.7529652913411,326,0,40,0.27190775681341717,0.009667366007306555,1.7101791775625064,306.27740846361434,1.9698234804576624,"{""type"":""Point"",""coordinates"":[82.43595482738549,21.29305465843609]}"
241,294.462484109314,2025-05-01,291.40134466262094,493,0,10,0.4129540781357094,0.009796916702725866,15.303885412587837,303.47837107522145,1.4821671985410796,"{""type"":""Point"",""coordinates"":[80.79779119892846,19.546492312305972]}"
242,200.94972115177228,2025-05-01,281.2087177094959,598,0,30,0.13987584202879408,0.0043941132817053585,8.381416182097691,304.0902514230637,1.02301659088563,"{""type"":""Point"",""coordinates"":[80.83415829688761,22.800953584016693]}"
243,312.5235654642776,2025-05-01,280.9847244989304,399,0,40,0.19070609535304767,2.701275143408566E-4,0.6860894208217999,305.7604174386887,1.2884039503381424,"{""type"":""Point"",""coordinates"":[80.28016106909662,23.49609465225187]}"
244,308.34974678378404,2025-05-01,296.8368799118769,98,0,10,0.3455136012992286,0.006539522865750769,3.7318229743938045,304.3878995350429,2.6722401214039335,"{""type"":""Point"",""coordinates"":[83.54682406138853,18.30563352265343]}"
245,122.3853394390492,2025-05-01,285.3072865804037,483,0,10,0.47189432265317593,0.008536382773854712,7.744910945511769,302.4414767764864,0.6856911313787604,"{""type"":""Point"",""coordinates"":[84.30534394641039,23.630004848738945]}"
246,-0.0,2025-05-01,290.12068176269537,188,0,30,0.0045473336089293095,0.0042123787197851925,0.0,305.8780060268583,1.3528942065905982,"{""type"":""Point"",""coordinates"":[83.69448029428803,21.667859303184688]}"
247,14.974944911885439,2025-05-01,287.0178462437221,398,0,10,0.44428672817601134,0.001290067294576147,1.9194753260341266,306.7543546131679,1.8724804773249502,"{""type"":""Point"",""coordinates"":[80.40032948569097,20.82853163884395]}"
249,64.8130444573999,2025-05-01,289.8562658400762,664,0,10,0.5879868606288128,0.009420811394193152,8.651216908576101,304.25438949040006,1.8297510556849625,"{""type"":""Point"",""coordinates"":[80.85492207092496,19.852310177232265]}"
250,46.86497080308862,2025-05-01,290.98321315220426,152,0,40,0.29461907298881196,0.0023483626637244015,0.6782363762358787,307.05542069389713,1.9702432265641447,"{""type"":""Point"",""coordinates"":[83.52650857972944,20.45781811983754]}"
251,-0.0,2025-05-01,284.67453802199594,325,0,40,0.1892067620286086,0.005987524250485876,0.0,305.8423498698643,1.1492503291645588,"{""type"":""Point"",""coordinates"":[81.26550038604789,21.941950203684428]}"
252,180.0,2025-05-01,292.341297694615,154,0,10,0.3289386947923533,0.0038792483601355343,0.463735342881014,306.4165163040161,1.815984392325561,"{""type"":""Point"",""coordinates"":[80.38965373583248,18.90966979302156]}"
253,203.5309974843725,2025-05-01,282.62312898181733,551,0,40,0.2890114379084967,0.00709910617206333,2.5273903527712553,303.7628937221709,0.7861045202904151,"{""type"":""Point"",""coordinates"":[82.96305475500283,23.280982079242538]}"
254,15.202210934359751,2025-05-01,283.38315037318637,466,0,30,0.15620663068619892,0.005773349860646704,3.838742475573917,303.4270782924834,0.8101036567046687,"{""type"":""Point"",""coordinates"":[82.44338746307388,23.071488995271427]}"
255,47.56939181926718,2025-05-01,280.5513690766834,388,0,40,0.1922028578508301,6.376348528647213E-4,0.6873061142607041,305.89829295022145,1.0369395637512777,"{""type"":""Point"",""coordinates"":[80.43085832789832,23.920901964888394]}"
256,151.78851505598317,2025-05-01,287.96176365443637,286,0,30,0.17056571671629095,0.009078785041310766,3.154373100341844,306.42357894352506,2.0080552914339562,"{""type"":""Point"",""coordinates"":[82.51390662112465,21.24422346273947]}"
257,313.3142926234381,2025-05-01,294.48738098144537,442,0,40,0.4920353982300885,0.023860975364186743,1.3517769817872585,301.97858615148635,1.3784708512305703,"{""type"":""Point"",""coordinates"":[83.59090281079212,19.468669643200904]}"
258,-0.0,2025-05-01,295.41964939662387,165,0,30,0.5047278303092256,0.04202543125484226,1.390963080774087,302.7556683222453,0.4466341571852726,"{""type"":""Point"",""coordinates"":[83.21243718258478,18.71661509130586]}"
259,111.84369997375715,2025-05-01,287.2699911934989,376,0,40,0.19302667506826296,0.0013517133984350949,3.7338253930625425,306.50699946993876,1.9163451519747126,"{""type"":""Point"",""coordinates"":[80.48518801360531,20.718651337297292]}"
260,-0.0,2025-05-01,288.9054659888858,317,0,40,0.22167395959407876,0.004825948933103064,0.9274099368611016,306.71128123147145,2.123446511740385,"{""type"":""Point"",""coordinates"":[81.70336194012702,20.823250609254888]}"
261,201.89057010488892,2025-05-01,286.6693471272786,362,0,30,0.1738819320214669,0.002388819316365698,3.991775764541702,306.89099198295946,1.971723373615044,"{""type"":""Point"",""coordinates"":[80.61321123494515,21.04680143449385]}"
262,340.09880622292235,2025-05-01,282.9295894077846,600,0,30,0.30785146466296415,0.007959722736814001,7.357275833895607,303.70883982522145,0.613511585000901,"{""type"":""Point"",""coordinates"":[83.06907484394912,22.962042712982644]}"
263,294.8891660915036,2025-05-01,288.43596031552266,286,0,10,0.5254466702761235,0.0024327628407263546,2.202690922774062,305.7291325614566,1.2734203653903347,"{""type"":""Point"",""coordinates"":[84.33706744796336,21.888857196306233]}"
264,56.486648944123786,2025-05-01,292.45674714587983,568,0,10,0.6211251435132032,0.022386684277989843,5.858924660560934,302.3723501023792,1.8082045250156937,"{""type"":""Point"",""coordinates"":[82.0352717129401,18.909607639554835]}"
265,121.44794362050621,2025-05-01,282.8573237827846,608,0,10,0.26568077511473737,0.008421032885053137,1.7771734643743575,303.2779316220964,0.7480639244089249,"{""type"":""Point"",""coordinates"":[83.00156761014699,23.461799234231822]}"
266,208.14250080888925,2025-05-01,288.10282461983815,308,0,40,0.408466498458088,0.002667664745786169,2.1027408259645095,306.89176509493876,2.365383753227872,"{""type"":""Point"",""coordinates"":[81.2090726150937,20.812731650508454]}"
267,249.20561520127848,2025-05-01,293.05814688546315,503,0,30,0.2517857142857143,0.0037279270682120114,2.610729269727398,305.25942925044467,1.9409086272094316,"{""type"":""Point"",""coordinates"":[80.70879986612628,18.30814155829635]}"
268,3.6865431118958405,2025-05-01,282.28865051269526,365,0,10,0.43682505399568033,0.001566111305692175,7.850520394305141,305.1086956659953,0.6923093610946062,"{""type"":""Point"",""coordinates"":[81.33618619823429,24.08184536263201]}"
269,270.0,2025-05-01,290.78615679059715,166,0,30,0.30939743990009366,0.002508907774426916,0.9962554132979244,306.3695541109358,1.113330788349583,"{""type"":""Point"",""coordinates"":[83.9056279203114,21.427119103570437]}"
270,180.0,2025-05-01,281.6498856317429,477,0,30,0.25677896466721445,0.005520372847058752,0.9274099368611016,304.7312484468733,0.7502386311905099,"{""type"":""Point"",""coordinates"":[81.50942153647988,23.680673346541212]}"
271,278.9069011848247,2025-05-01,290.1727127801804,316,0,40,0.4838709677419355,0.0064969949517035275,2.9924792688323816,306.1418522880191,1.824840498774874,"{""type"":""Point"",""coordinates"":[80.39473572567218,19.89514964478282]}"
272,203.09424868524934,2025-05-01,289.0172882080078,347,0,10,0.38383024442653774,0.0046530209574484616,2.519112532056442,306.1882796968733,2.294480840996691,"{""type"":""Point"",""coordinates"":[80.77718143704925,20.27368954060507]}"
273,180.0,2025-05-01,290.0932973225911,116,0,40,0.8567774936061381,0.0020413987431311398,0.9274099368611016,307.7216978981382,1.4975798126682465,"{""type"":""Point"",""coordinates"":[83.85956300813976,20.808042004051128]}"
274,144.01240086912517,2025-05-01,280.4245031447637,527,0,40,0.21003134796238246,0.0011443190369391232,3.434664744341478,305.15591362544467,1.4301767599041517,"{""type"":""Point"",""coordinates"":[80.79783256886604,23.36405775664963]}"
275,284.4693065679195,2025-05-01,284.9844861711775,881,0,10,0.5374592833876222,0.006897225240209082,12.776032595744676,302.7243311291649,0.618495686976325,"{""type"":""Point"",""coordinates"":[84.04878993628004,22.840026816526827]}"
276,207.83868560857582,2025-05-01,291.3302706763858,911,0,50,0.10666861228658982,0.03948895559642551,5.229839174640648,299.1808101563226,1.0747152281161918,"{""type"":""Point"",""coordinates"":[82.9139089477536,18.776212529333197]}"
277,344.78052741935926,2025-05-01,282.7711828322638,556,0,40,0.17387110916264797,0.005933805564382055,1.9216848780923135,303.38401653653096,0.8213341763738387,"{""type"":""Point"",""coordinates"":[82.43575942674535,23.231549198476788]}"
278,270.0,2025-05-01,287.1520828973679,217,0,40,0.309641329384666,0.004588484028317907,1.997774447512168,306.1367718378703,1.3068418169022167,"{""type"":""Point"",""coordinates"":[83.48308161405598,21.85221725930927]}"
279,69.86096659465913,2025-05-01,281.59221612839474,512,0,40,0.223167274200081,0.002329065659978369,5.371904223091336,304.69126170022145,0.7515962523273083,"{""type"":""Point"",""coordinates"":[81.50630051070381,23.53698857874564]}"
280,312.92223205156733,2025-05-01,287.77955918085,245,0,30,0.1286008230452675,0.012333243349530676,1.3616878399555172,305.9375763393583,1.5974861208865059,"{""type"":""Point"",""coordinates"":[82.99923018371409,21.568540101358305]}"
281,290.0837685653532,2025-05-01,292.78179713657926,846,0,10,0.6213545816733068,0.018298312285878637,9.368937802337765,301.23204481034054,1.3234543954191025,"{""type"":""Point"",""coordinates"":[84.2087862746819,19.91825524788013]}"
282,289.2142150191375,2025-05-01,286.41361563546315,279,0,40,0.3554987212276215,0.004505275944211462,4.219739164983809,306.2118160156977,1.3683292984737008,"{""type"":""Point"",""coordinates"":[81.56783712369165,21.662391640343625]}"
283,113.87591934063474,2025-05-01,290.89045134044824,573,0,10,0.48642061281337046,0.012890114644505957,9.088884861675611,303.9295255116054,1.2484096696959779,"{""type"":""Point"",""coordinates"":[83.2611295080223,19.84711648172692]}"
284,270.0,2025-05-01,287.8667638869513,313,0,10,0.4671340929009641,0.015946983555295446,8.902498234103389,305.7584468750727,1.5354040648647784,"{""type"":""Point"",""coordinates"":[82.69832152531403,21.55125294236982]}"
285,207.97550151783335,2025-05-01,290.6690855480376,629,0,40,0.3059846812930027,0.015978037575223425,1.0500922013450644,302.8180636905489,2.3300672795357418,"{""type"":""Point"",""coordinates"":[81.8946841039343,19.723271099359202]}"
286,-0.0,2025-05-01,292.06908671061194,566,0,10,0.6275132275132275,0.01703587100837467,0.9274099368611016,302.7893132255191,1.9085967270652349,"{""type"":""Point"",""coordinates"":[82.16103252670018,19.007451974611985]}"
287,338.85608731753234,2025-05-01,291.61568269275483,696,0,10,0.5873395043296507,0.008633836368062475,15.980544386004635,302.3793197359358,1.391996062344935,"{""type"":""Point"",""coordinates"":[83.59039967765185,19.908289437040995]}"
288,270.0,2025-05-01,296.8263179234096,64,0,40,0.3375359433753594,0.018940790751912573,0.9795784221277958,302.82709108080184,1.6816792333747625,"{""type"":""Point"",""coordinates"":[83.89468070624167,18.785292679843124]}"
289,252.7330766938639,2025-05-01,285.70484052385603,426,0,10,0.27068345323741005,0.002252861121633032,1.5619732088998186,306.89893236614404,1.7035282163518115,"{""type"":""Point"",""coordinates"":[80.54687798649198,21.172479319584347]}"
290,126.91895213929773,2025-05-01,295.23815409342444,290,0,10,0.5919426216999848,0.051780312517621496,19.991875897448832,302.13756820133756,0.6241907850966669,"{""type"":""Point"",""coordinates"":[83.25363042895623,18.89182174595027]}"
291,90.0,2025-05-01,281.60853286016555,458,0,10,0.5048519532221946,0.006415545204617956,2.025507062535426,304.82712595803395,0.7167260843787675,"{""type"":""Point"",""coordinates"":[81.64804525063548,23.732613040150305]}"
292,72.9513470164328,2025-05-01,282.9156327020554,497,0,30,0.24302985442881817,0.005257873991467932,3.1603063655990513,303.0431671596708,0.7548348490264148,"{""type"":""Point"",""coordinates"":[82.10017528050545,23.07733071092658]}"
293,339.8670553660074,2025-05-01,290.99372863769526,663,0,10,0.5945273631840796,0.019068255284764746,24.145409916585418,301.80521143050424,1.6999049506283896,"{""type"":""Point"",""coordinates"":[82.83824340003667,19.22577609744042]}"
294,137.22999794827504,2025-05-01,294.42052714029944,229,0,10,0.6191719994776022,0.0535876147541785,5.040811743692536,301.25079132261726,0.5648286952431515,"{""type"":""Point"",""coordinates"":[83.24815853148434,18.931306106019374]}"
295,196.79565740031762,2025-05-01,292.48183550153465,456,0,10,0.6017449319989736,0.011852174261548498,6.750328921588722,303.6517806734358,1.5484492131369643,"{""type"":""Point"",""coordinates"":[81.13855376177092,18.810707566398076]}"
296,-0.0,2025-05-01,286.6693471272786,359,0,40,0.284645044227716,0.002388819316365698,0.0,306.89099198295946,1.971723373615044,"{""type"":""Point"",""coordinates"":[80.62327240295039,21.02233356129607]}"
297,301.5853316941686,2025-05-01,281.5993368966239,593,0,30,0.22712185870080606,0.0034739069733404904,5.297271040229791,304.8519178572155,0.9370373573563127,"{""type"":""Point"",""coordinates"":[80.72719692550045,22.73816188080456]}"
298,68.15760660626594,2025-05-01,288.23125421433224,349,0,10,0.2508344030808729,0.00816450939510105,3.734037216867682,306.2760250000727,1.49142950380128,"{""type"":""Point"",""coordinates"":[82.60830398290838,20.728094850599724]}"
299,321.6211937518145,2025-05-01,292.47373235793344,154,0,10,0.48189668232086047,0.003211497524716833,2.364936247284874,306.13934112730476,1.8276339247696851,"{""type"":""Point"",""coordinates"":[80.51697559274388,18.740644502461432]}"
300,133.0179488516914,2025-05-01,286.362782069615,357,0,40,0.18604651162790697,0.0024391256365561276,3.3947819079776234,306.6788860956828,1.8212065348573523,"{""type"":""Point"",""coordinates"":[80.48884024056969,21.076376289954414]}"
301,171.7893555846677,2025-05-01,291.3664267403739,892,0,30,0.5794278758368837,0.02051804886195896,10.19895675124648,301.1561868304298,1.5300030305358152,"{""type"":""Point"",""coordinates"":[82.82824387863242,19.081637823112406]}"
302,249.79321826548212,2025-05-01,283.6394224621001,494,0,10,0.2679307502061006,0.004219114044644812,2.683230726756589,303.8703795387632,0.7861005554183157,"{""type"":""Point"",""coordinates"":[81.77580114624591,23.050869428923694]}"
303,265.9791408027953,2025-05-01,288.9029373895554,324,0,10,0.3850746268656716,0.0029001973662161618,19.100402931363966,306.98082992008756,1.9115177452511887,"{""type"":""Point"",""coordinates"":[80.30386213693109,20.40727885474374]}"
304,180.0,2025-05-01,289.3063100179036,364,0,10,0.42543640897755614,0.004169701794126013,0.4637353428839794,306.0694064639864,2.173807973472308,"{""type"":""Point"",""coordinates"":[80.72217116106842,20.233623449653365]}"
305,238.08291868987857,2025-05-01,289.14680480957026,172,0,40,0.25029078989108594,0.002634122231938818,1.7537664550977197,307.6155316034953,1.6986476796903087,"{""type"":""Point"",""coordinates"":[83.62809567408488,20.885995087688933]}"
306,297.94299389635495,2025-05-01,279.6666964576358,674,0,10,0.272061813745425,0.00322434232566593,14.525431732395788,303.7943704241798,1.3966963149867921,"{""type"":""Point"",""coordinates"":[81.14895349263823,23.158842097053782]}"
307,98.99264883592616,2025-05-01,293.4850325811477,128,0,10,0.43014996053670085,0.004869043091275671,2.964227128179443,305.33025328318274,1.9514529767377287,"{""type"":""Point"",""coordinates"":[80.82679674343792,18.283288574896776]}"
308,290.4499412890816,2025-05-01,288.0223221551804,263,0,10,0.3934328358208955,0.007180272797086218,2.652712115316518,306.71935531071256,1.5347263291728583,"{""type"":""Point"",""coordinates"":[83.25041841654658,21.216080656549856]}"
309,350.0550737002052,2025-05-01,297.59002467564176,17,0,10,0.18027961736571008,0.0018812708649420529,2.822633759283493,303.69927765074226,4.085755759076741,"{""type"":""Point"",""coordinates"":[83.52386399124518,18.092477451709392]}"
310,226.96054018716552,2025-05-01,290.8216211228144,126,0,30,0.21181818181818182,0.0020548246893667965,1.3587025861090596,306.7554648717245,0.839224153089842,"{""type"":""Point"",""coordinates"":[84.10138624609017,20.964583949507308]}"
311,327.9810049502654,2025-05-01,283.4856836228143,406,0,30,0.20871751886001677,0.00975568518970249,3.8229803798936968,304.06166371845063,0.7377376718457002,"{""type"":""Point"",""coordinates"":[82.23859936969751,23.963848238430746]}"
312,313.16878221447155,2025-05-01,288.64729890369233,445,0,30,0.3392636520879664,0.0065362148079657345,0.6778103560502751,305.28779025304885,1.5982743407192073,"{""type"":""Point"",""coordinates"":[82.07667936400709,20.27570633507922]}"
313,104.95234105253697,2025-05-01,287.0399002801804,426,0,10,0.3205204021289178,0.0016523145231985836,3.5900048025322047,306.48570110684346,1.9296050894779049,"{""type"":""Point"",""coordinates"":[80.46845417042998,20.819773402911125]}"
314,144.21277386770166,2025-05-01,284.7082410539899,348,0,40,0.17566106359972475,0.00886835084293125,1.7145353038854745,304.95771212804885,0.7462798895770658,"{""type"":""Point"",""coordinates"":[81.98419938073528,22.363131987943788]}"
315,245.03835350809948,2025-05-01,289.7744438534691,400,0,10,0.6885245901639344,0.002545803049542883,16.049972129492364,305.47802230290006,0.946217872604324,"{""type"":""Point"",""coordinates"":[84.32996005585983,21.41081391374234]}"
316,69.88577591002877,2025-05-01,282.908203851609,455,0,30,0.27428431612429655,0.007802277067639807,2.695045522846573,304.19218013400126,0.9756522472326042,"{""type"":""Point"",""coordinates"":[83.72901444052292,23.712482388504252]}"
317,245.03877025897782,2025-05-01,287.67835126604353,276,0,40,0.2965718453683443,0.013839527228810766,2.196743304976887,306.09043162209645,1.7026657513294992,"{""type"":""Point"",""coordinates"":[82.70132125825386,21.41362278355352]}"
318,130.27388749287394,2025-05-01,292.0524212065197,1127,0,30,0.6251466890192792,0.06047186181876896,22.449530395860787,298.1557857422602,0.977700395135518,"{""type"":""Point"",""coordinates"":[82.72542442329143,18.198859863515874]}"
319,327.610059069544,2025-05-01,292.3370542980376,247,0,10,0.5184210526315789,0.003610178092458227,5.475142083402876,306.9916476749239,1.9187573411103083,"{""type"":""Point"",""coordinates"":[80.34706424642887,18.947565985915713]}"
320,123.373897102307,2025-05-01,295.31877862839474,791,0,10,0.7069948964274992,0.016148745277860144,18.696324546065295,301.69587130773635,1.4804945482990717,"{""type"":""Point"",""coordinates"":[83.95323963084158,19.06877526208214]}"
321,242.36149412003033,2025-05-01,291.83725774855844,681,0,10,0.5260919984538075,0.027668371060826757,9.89722217235831,302.4271945499239,1.7981150019815868,"{""type"":""Point"",""coordinates"":[81.24281154213547,19.514331200642488]}"
322,302.20077646715515,2025-05-01,291.9160744803292,217,0,10,0.20920353982300885,0.004930853107907751,1.7399645885983086,306.33876332782563,1.544547626328933,"{""type"":""Point"",""coordinates"":[80.54922485838168,19.156413532158624]}"
323,270.0,2025-05-01,287.62178039550776,257,0,10,0.2753888380603843,0.0112965546641135,1.5001348168071016,305.55350244612924,1.2752884952837422,"{""type"":""Point"",""coordinates"":[82.68203525446826,21.998029087203967]}"
324,270.0,2025-05-01,284.1089978899274,344,0,10,0.3625160462130937,0.0010894529614233761,1.9968989266809873,304.9431683222453,0.7210757941032939,"{""type"":""Point"",""coordinates"":[80.39544689105114,21.78949594779991]}"
325,208.41531926631325,2025-05-01,284.7329690115792,615,0,40,0.32896725440806046,0.006182789066770056,3.1604124259877175,303.2951260975429,0.5289494957270996,"{""type"":""Point"",""coordinates"":[83.58973292198142,22.460733410269746]}"
326,332.0536218974513,2025-05-01,290.67678179059715,244,0,40,0.7404483738553836,0.01157574282024143,1.0498089636313397,303.7941553479149,1.7692479806972499,"{""type"":""Point"",""coordinates"":[82.86610703222146,19.52596716186866]}"
327,-0.0,2025-05-01,291.21764628092444,188,0,80,-0.01822079314040729,0.0030994556937002926,0.0,305.8722745350429,1.2114420836031632,"{""type"":""Point"",""coordinates"":[83.80799038537221,21.49809011704992]}"
328,180.0,2025-05-01,283.48993864513574,446,0,40,0.18895887365690997,0.005177780250051001,4.166350197281316,304.100557645162,0.8156001516178139,"{""type"":""Point"",""coordinates"":[82.97886921089034,23.892792300012736]}"
329,199.5103040458816,2025-05-01,290.3350256057013,489,0,10,0.47368421052631576,0.01783935652110813,2.9493628843683664,303.80267701830184,1.8534116838933612,"{""type"":""Point"",""coordinates"":[81.28440287330099,19.819322133900176]}"
330,90.0,2025-05-01,288.3832143147786,308,0,40,0.21212799283956144,0.005750625589826086,1.4911638752444725,306.22910930996846,1.9394460485525808,"{""type"":""Point"",""coordinates"":[81.72121498403679,21.128357212430405]}"
331,180.0,2025-05-01,288.8864578973679,156,0,40,0.25114817500604303,0.004422723511197546,1.8543341688295631,307.5137307757423,1.6056646837660817,"{""type"":""Point"",""coordinates"":[83.39387846934933,21.01227366072995]}"
332,283.11631380785525,2025-05-01,287.2815297444661,297,0,40,0.15547340316286712,0.0046684287581229,2.0427082892229596,306.5598733538673,1.9395458342193663,"{""type"":""Point"",""coordinates"":[81.36502314606265,21.246452215570415]}"
333,64.60121456384589,2025-05-01,293.70069594610305,165,0,40,0.39065606361829025,0.01889647469852207,1.0810752029635877,304.80074714478997,1.8650869123021867,"{""type"":""Point"",""coordinates"":[81.51555551881975,18.265396503852564]}"
334,126.37901176350806,2025-05-01,282.4913976760138,596,0,40,0.18081246127975928,0.008502408126332739,3.1243767732043177,301.6946564174833,0.529747522281587,"{""type"":""Point"",""coordinates"":[83.15046366706923,22.94582597820794]}"
335,337.3433603472585,2025-05-01,282.3286837623233,693,0,10,0.5938453713123093,0.007974966624715307,16.604821921839132,303.41918441227506,0.8700681660429365,"{""type"":""Point"",""coordinates"":[82.47908603945245,23.65268622434714]}"
336,313.5706744476186,2025-05-01,292.90232703799296,318,0,10,0.2994246861924686,0.004083960512616613,2.017647734293695,305.5113533110845,2.3012317466198176,"{""type"":""Point"",""coordinates"":[80.20102870464832,17.952587670465025]}"
337,132.7908600205486,2025-05-01,282.4247298467727,541,0,10,0.3945841392649903,0.002368270615079382,2.047099558491102,305.21160093943274,0.8706037277086356,"{""type"":""Point"",""coordinates"":[80.45673382203027,22.223658358728446]}"
338,223.56979376980715,2025-05-01,280.1819843110584,829,0,10,0.43481324876673716,0.0034680359158301144,5.106906065953743,304.08178206852506,1.3312744648639276,"{""type"":""Point"",""coordinates"":[80.85414998014438,23.10128191886714]}"
339,19.546892508479818,2025-05-01,291.5354766845703,211,0,30,0.17403348187402143,0.004345759013631323,1.4759931074747352,306.0690053758167,1.454391687752622,"{""type"":""Point"",""coordinates"":[83.40293247490445,20.138505296689303]}"
340,331.57206379146896,2025-05-01,286.1557740711031,395,0,40,0.2799837925445705,0.00471730456683872,2.10838025665842,303.5878158296858,0.47293058738648514,"{""type"":""Point"",""coordinates"":[84.0258742248787,22.534234536974374]}"
341,156.2660206886538,2025-05-01,289.5831015450614,498,0,40,0.44733178654292344,0.0062147073540472775,8.548053688926238,304.8402514230637,1.4327641414121888,"{""type"":""Point"",""coordinates"":[84.0823552014325,20.525142824478284]}"
342,270.0,2025-05-01,288.20749119349887,392,0,10,0.452991452991453,0.0041696421894812374,3.46632278679554,306.2749263672602,1.7263827540089929,"{""type"":""Point"",""coordinates"":[82.3270733752146,20.714103447968125]}"
343,126.40928831516494,2025-05-01,291.35637047177266,1078,0,10,0.5063113604488079,0.024800433972814062,20.89783721324501,299.75423835572747,1.1282638047286269,"{""type"":""Point"",""coordinates"":[82.59762073407258,18.516082353930805]}"
344,6.031498675174379,2025-05-01,292.94104657854353,555,0,10,0.5271049596309112,0.023237734297254065,13.721332503248542,303.1236231213524,1.65377802621124,"{""type"":""Point"",""coordinates"":[81.48433112579964,18.838676612170676]}"
345,354.90692988055895,2025-05-01,287.9885958716983,401,0,30,0.25274725274725274,0.002722039082982519,5.56939649267101,306.4293104353405,1.8197412374605269,"{""type"":""Point"",""coordinates"":[82.069537617972,20.770831813368716]}"
346,235.26162945091852,2025-05-01,285.13888767787387,348,0,30,0.31043506705920837,0.011222749212720373,2.4400177408933703,305.1206585566203,0.6539820029529287,"{""type"":""Point"",""coordinates"":[82.38631512215144,22.396949618374816]}"
347,319.3523214945758,2025-05-01,284.83139256068637,696,0,10,0.656957928802589,0.009178116181828955,17.190121565115607,303.7901793434507,0.6297926628932263,"{""type"":""Point"",""coordinates"":[82.89155365099039,22.516199095336717]}"
348,287.23542814823406,2025-05-01,285.7639399937221,324,0,40,0.22586872586872586,0.0029713206085943966,1.5647392518813408,306.525606473287,1.635905903674852,"{""type"":""Point"",""coordinates"":[80.98070328469294,21.457538186382255]}"
349,90.0,2025-05-01,284.69476100376676,358,0,80,-0.17150395778364116,0.0081711702141547,4.006067774874056,305.14905443645654,0.9188401945472263,"{""type"":""Point"",""coordinates"":[81.58911411791507,22.39537320675584]}"
350,313.182171670396,2025-05-01,289.3063100179036,334,0,10,0.33362407326646315,0.004169701794126013,0.6776415717949449,306.0694064639864,2.173807973472308,"{""type"":""Point"",""coordinates"":[80.74323926523323,20.202911104511017]}"
351,24.244231501986174,2025-05-01,282.35469636462983,375,0,80,0.3071253071253071,0.007014348367192724,8.58149265529549,304.9816030320667,0.7278387087987405,"{""type"":""Point"",""coordinates"":[81.59343865676749,23.889256608102052]}"
352,120.33072906251749,2025-05-01,280.1299300420852,596,0,30,0.17440041710114704,8.971385750555783E-4,6.401504216067038,305.15433252425424,1.3160951923466584,"{""type"":""Point"",""coordinates"":[80.42574864719744,23.16188343853607]}"
353,-0.0,2025-05-01,291.3434484572637,559,0,40,0.2879013395704869,0.015995009997823217,0.0,303.1217513765608,2.0941269893837635,"{""type"":""Point"",""coordinates"":[81.99307339502442,19.314717024603606]}"
354,180.0,2025-05-01,282.7805938720703,541,0,30,0.1837020197604267,0.007907717684247473,2.7802885155287553,303.7083864212036,0.7650194120038086,"{""type"":""Point"",""coordinates"":[82.9720823381289,23.37196999512782]}"
355,-0.0,2025-05-01,297.65292576381137,35,0,30,0.2661795407098121,0.0037816904577994137,0.0,303.79906722477506,4.1949470763983925,"{""type"":""Point"",""coordinates"":[83.62268187180034,18.15478909251668]}"
356,294.58890533920385,2025-05-01,282.3693331763858,480,0,10,0.4565325384997516,0.0035823725256705075,2.2278609462785828,304.7563426154,0.7073302393749705,"{""type"":""Point"",""coordinates"":[81.43338224799746,23.764947211942605]}"
357,27.932307498350802,2025-05-01,292.2064274379185,476,0,30,0.32222624652903537,0.02599207983348606,2.0986404129364216,302.7242671875726,1.8195381845186616,"{""type"":""Point"",""coordinates"":[81.33742670393315,19.430081763542585]}"
358,72.56251849766025,2025-05-01,290.87200709751676,246,0,10,0.33646506165590134,0.0075155191216254025,1.547170322838645,306.1081899461292,1.7239994919916442,"{""type"":""Point"",""coordinates"":[80.42820075980676,19.558809914740294]}"
359,282.5004460058059,2025-05-01,293.12164669945116,776,0,10,0.7339194817214253,0.023193001011350134,24.167263161037752,302.40405931926915,1.251013656172512,"{""type"":""Point"",""coordinates"":[83.37910832100073,19.569432171544335]}"
360,157.1422256415697,2025-05-01,291.8454713367281,857,0,30,0.39714285714285713,0.026408701399304846,7.5057572813984095,300.00594734010247,0.9808877623100856,"{""type"":""Point"",""coordinates"":[82.61199467326074,18.398977806785876]}"
361,331.6625488740667,2025-05-01,284.55878630138574,298,0,40,0.19751243781094527,0.0043675147089743405,1.0536478747115317,305.9512191499983,1.023016204134144,"{""type"":""Point"",""coordinates"":[81.50635379400293,22.00573879997693]}"
362,49.76274690922833,2025-05-01,284.3938634963262,958,0,10,0.6855123674911661,0.011636792877652624,16.076602501711125,301.3817611421858,0.9151569239667645,"{""type"":""Point"",""coordinates"":[84.18144501084512,23.10858809882726]}"
363,155.71051669641614,2025-05-01,293.7780594598679,192,0,40,0.21788354898336415,0.013411282757260778,3.556908874286262,303.40966874077213,0.8715109498988428,"{""type"":""Point"",""coordinates"":[82.05524645247333,18.25969969288086]}"
364,196.2411912906819,2025-05-01,287.75326756068637,402,0,10,0.22822491730981256,0.0015462182554983883,5.2980839214858895,306.88091246287024,1.8433420114244299,"{""type"":""Point"",""coordinates"":[80.36818724700207,20.573354083825183]}"
365,347.91232989051406,2025-05-01,291.6702481224424,126,0,10,0.524716137171694,0.0015524916443609982,2.369950576586199,306.6330690383911,0.6516041766429258,"{""type"":""Point"",""coordinates"":[84.34004213970316,20.949355617155657]}"
366,301.7377999344728,2025-05-01,284.6160605294364,328,0,10,0.3300711743772242,0.0010546587500357418,1.76262439990357,305.58475825900126,0.5323205837831787,"{""type"":""Point"",""coordinates"":[80.20185713833317,21.907382624977505]}"
367,340.38376339767,2025-05-01,289.4621240525019,212,0,30,0.23235223737736302,0.004169314363934973,1.4766284128342513,307.02619357336135,1.7641483680978385,"{""type"":""Point"",""coordinates"":[83.30718512254083,20.72791779235422]}"
368,192.36022530685054,2025-05-01,292.1752588181269,344,0,10,0.4052693404933714,0.008926852801778296,13.511572260283994,304.48144027165006,1.3422016149227167,"{""type"":""Point"",""coordinates"":[80.79092216899049,19.24092374751272]}"
369,133.5205126356609,2025-05-01,292.40026346842444,883,0,40,0.3224606580829757,0.039074926832654455,4.703537420590415,299.8810054688226,0.9508463308249225,"{""type"":""Point"",""coordinates"":[82.58712707710943,18.259749434300076]}"
370,340.440476897878,2025-05-01,290.5766027541387,644,0,10,0.5107164727495407,0.003452330091931799,8.789019260176188,304.168202036903,1.414360395979329,"{""type"":""Point"",""coordinates"":[83.7130854762816,20.24715431337796]}"
371,90.0,2025-05-01,291.0631459554036,595,0,10,0.5479372457873329,0.007677450040318945,13.105883567806496,303.2593304316203,1.5347233401141744,"{""type"":""Point"",""coordinates"":[84.00644759129962,20.17209744417547]}"
372,115.32108709683156,2025-05-01,291.0521712530227,825,0,40,0.35150013762730525,0.018249943116643408,4.328949362007763,300.7371426991054,1.5267585493921838,"{""type"":""Point"",""coordinates"":[82.67455111727124,18.86281716381889]}"
373,267.27894937681936,2025-05-01,294.2541685558501,470,0,10,0.5205594405594406,0.011402829745748022,18.82864844259314,303.72431369054885,0.9180024644540065,"{""type"":""Point"",""coordinates"":[81.91738557748987,18.094771555573345]}"
374,344.78010452071857,2025-05-01,280.0108940487816,530,0,40,0.33160322952710497,0.0030449919495367794,1.9216887341177913,303.96044999077213,1.3495925851813995,"{""type"":""Point"",""coordinates"":[81.24739044493029,23.23499197378508]}"
375,294.9838220532119,2025-05-01,285.6157815115792,334,0,10,0.3030364785001019,0.002550794938542822,1.0978457800451125,306.85123775118876,1.4376243761497713,"{""type"":""Point"",""coordinates"":[80.24093030661342,21.26254303466189]}"
376,270.0,2025-05-01,291.5292452857608,564,0,40,0.1042658284687921,0.016791983703114965,0.49108903915173635,302.46637330736434,2.0854751994442307,"{""type"":""Point"",""coordinates"":[82.35562976364125,19.213573957685067]}"
377,121.75226522544712,2025-05-01,287.7393341064453,227,0,80,-0.1951219512195122,0.010888635376431921,1.7619057414970654,305.567354520162,1.449333586913797,"{""type"":""Point"",""coordinates"":[82.1872827323738,21.826973639838478]}"
378,90.0,2025-05-01,282.05071222214474,875,0,40,0.31784926257112994,0.011968164900281408,3.5247697074287645,300.24192087990895,0.5937162336398016,"{""type"":""Point"",""coordinates"":[83.73555189356989,23.101563842245966]}"
379,151.66498674113535,2025-05-01,287.09486098516555,229,0,10,0.24570815450643776,0.009589730957486609,1.0536237046026473,305.9264272508167,1.275195725540417,"{""type"":""Point"",""coordinates"":[82.95609730917229,21.99090466212271]}"
380,54.71361006526579,2025-05-01,291.92823500860305,470,1,10,0.5246013356957885,0.008695348361470678,14.155110713619639,304.3951016834804,1.3543730035961572,"{""type"":""Point"",""coordinates"":[80.83366967610695,19.338800156341957]}"
381,98.82434227501716,2025-05-01,284.7950388590495,459,0,10,0.2845934379457917,0.0016953490767264157,3.020200335815894,306.4808357329595,1.5890907688052978,"{""type"":""Point"",""coordinates"":[80.60452450480146,21.33649310360391]}"
382,163.19001244878308,2025-05-01,280.7069854736328,420,0,30,0.1723388848660391,9.735219273352413E-4,13.777126896308982,304.9806380953108,0.9304126340512499,"{""type"":""Point"",""coordinates"":[80.60843102993512,24.05932623366227]}"
383,252.45441474733525,2025-05-01,297.66965520949594,17,0,40,0.18089954428373292,0.014564155796506384,3.0736655932785415,303.63293534233463,2.8210957541149413,"{""type"":""Point"",""coordinates"":[83.94763301994251,18.463976783494374]}"
384,270.0,2025-05-01,291.53325616745724,378,0,10,0.47474747474747475,0.009434133032300451,0.4932916247649113,303.15842478615895,1.3502028737215994,"{""type"":""Point"",""coordinates"":[83.49620921305687,19.934657383813636]}"
385,112.27607603617308,2025-05-01,283.3579922630674,1028,0,10,0.6556776556776557,0.008874266603925207,4.8816632424403155,301.3815053758167,0.499915864265363,"{""type"":""Point"",""coordinates"":[83.36928298576842,22.824993157131544]}"
386,36.08010029223333,2025-05-01,292.17107355026974,848,0,10,0.7285418821096173,0.0129120491537833,16.19480087521388,303.03989451272145,1.6047078167270767,"{""type"":""Point"",""coordinates"":[81.22960232501258,18.83669008278415]}"
387,132.476041560273,2025-05-01,283.6186705089751,510,0,10,0.4482524601289447,0.0075328342709326535,2.0593434571147005,304.45882238660533,0.8374085947321795,"{""type"":""Point"",""coordinates"":[83.87361729955788,23.713988141333605]}"
388,33.88043248811236,2025-05-01,295.08944338843946,977,0,10,0.7377398720682303,0.031027659038045385,21.78761792993015,302.216036160787,1.3971855056909106,"{""type"":""Point"",""coordinates"":[83.54360864368968,19.194460680018317]}"
389,342.68014297776557,2025-05-01,281.2142631894066,451,0,10,0.25970058050718,8.155100140356808E-4,3.3964164333940445,304.9865904762632,1.1812571136236574,"{""type"":""Point"",""coordinates"":[80.9319152813377,23.62217758619327]}"
390,212.2242601290046,2025-05-01,293.77878025599887,848,0,30,0.6597266572997829,0.05044603274200199,2.738829912854167,298.984120005653,1.023925750084659,"{""type"":""Point"",""coordinates"":[82.29045716437238,17.84416066423141]}"
391,117.67206487293588,2025-05-01,281.81113470168344,622,0,10,0.3422579205711736,0.004934116462209204,3.9878218625638424,303.6149270648048,0.6031878046580339,"{""type"":""Point"",""coordinates"":[82.11560645905337,23.410151824199666]}"
392,7.606680171611304,2025-05-01,287.9254332042876,376,0,10,0.24195188071840054,0.004318162063100317,3.7375901977613504,306.3485115142095,1.8228457126689128,"{""type"":""Point"",""coordinates"":[81.94279760264469,20.609587175118982]}"
393,121.5530003986505,2025-05-01,283.08001491001676,587,0,10,0.5257760921477735,0.007340162256696203,1.7718673395619253,303.51279490334645,0.6036129938873545,"{""type"":""Point"",""coordinates"":[82.9551696274235,22.910968866415384]}"
394,337.8655753168895,2025-05-01,283.2197679792132,604,0,40,0.23585368245562421,0.008060633400418737,3.9986278255794185,303.32950923556376,0.832771520760466,"{""type"":""Point"",""coordinates"":[81.96516933627345,22.790620548582698]}"
395,41.75305629896744,2025-05-01,286.78658113025483,358,0,30,0.5660773149535511,0.0016239576134466915,3.724492098442228,307.0476837612334,1.8066550157443193,"{""type"":""Point"",""coordinates"":[80.33575021207481,21.00169343092237]}"
396,173.27628516429144,2025-05-01,289.88026137579055,804,0,40,0.4185022026431718,0.01950910613868473,4.195100999606376,301.3936717169625,1.373046692016193,"{""type"":""Point"",""coordinates"":[83.05158478240365,19.52803431482527]}"
397,240.34895447912737,2025-05-01,294.23736935570133,241,0,10,0.4015972618368511,0.017088919142224768,8.376379792439646,304.67860126495356,1.8186105717754624,"{""type"":""Point"",""coordinates"":[81.24712013063927,18.420248707976516]}"
398,160.2375375248918,2025-05-01,283.46378653390065,526,0,10,0.38397406206577117,0.00567918942306278,2.953989634623493,305.48832271212626,1.0946052794573649,"{""type"":""Point"",""coordinates"":[80.71272869047758,21.909532085450316]}"
399,324.2998932373033,2025-05-01,287.34542483375185,230,0,10,0.24467928959342433,0.012346475580670813,3.4222671587483027,305.91406327202213,1.3737331644330146,"{""type"":""Point"",""coordinates"":[82.89191229246931,21.91130505761359]}"
400,43.72610679154339,2025-05-01,282.05071222214474,917,0,10,0.5085969287308045,0.011968164900281408,15.642577116852866,300.24192087990895,0.5937162336398016,"{""type"":""Point"",""coordinates"":[83.71210335722921,23.0697343368587]}"
401,25.140458900260445,2025-05-01,287.9871600923084,267,0,40,0.3857729138166895,0.006518840054013708,3.58124449693476,304.548340615772,0.7425790171145247,"{""type"":""Point"",""coordinates"":[82.79674484186845,24.04556698402485]}"
402,121.9379479002375,2025-05-01,288.24949500674296,406,0,10,0.2863539948149894,0.004760398725011328,5.24516619588584,306.4836026600429,1.8470931439754343,"{""type"":""Point"",""coordinates"":[82.32785914973299,20.76444410334248]}"
403,216.01496192136167,2025-05-01,281.69187781924296,501,0,40,0.24611784726653904,0.002596765020825842,1.7194727697150622,304.33469431740895,0.5936150494274239,"{""type"":""Point"",""coordinates"":[81.70916307154086,23.496681627362914]}"
404,111.1881498285808,2025-05-01,294.656739007859,914,0,30,0.5636103151862464,0.04079772458408115,19.712766990020242,300.3936019624983,1.5087904823922826,"{""type"":""Point"",""coordinates"":[84.32311405556747,19.115049679557927]}"
405,183.242005007579,2025-05-01,283.5646514892578,623,0,10,0.35250987027636776,0.008424773076512793,8.756470828490045,305.20702620915006,1.3117300720139025,"{""type"":""Point"",""coordinates"":[80.78452803546375,21.695594523506486]}"
406,139.06954596088895,2025-05-01,282.8573237827846,595,0,10,0.3159025787965616,0.008421032885053137,25.238304530421793,303.2779316220964,0.7480639244089249,"{""type"":""Point"",""coordinates"":[83.02471493882436,23.463472208389167]}"
407,270.0,2025-05-01,292.6382598876953,120,0,40,0.23316842331684234,0.0033846043143057614,1.4692468560334175,306.29040604545963,1.763150374159503,"{""type"":""Point"",""coordinates"":[80.52111462558008,18.79146181153128]}"
408,169.73029463166597,2025-05-01,282.79235331217444,490,0,30,0.2680998270323697,0.0043551914486670285,2.8254827284221706,304.09483777909054,0.9083986937782683,"{""type"":""Point"",""coordinates"":[81.72512015537485,23.092928726036778]}"
409,241.20134724680275,2025-05-01,284.01670692080546,510,0,10,0.28424276169265034,0.0086747102532172,20.286084594623482,304.8157327288673,0.7823086711548282,"{""type"":""Point"",""coordinates"":[81.88431784432971,22.402070748832895]}"
410,-0.0,2025-05-01,281.73350379580546,573,0,10,0.36318562132011156,0.002780362227895239,0.0,305.81086154211135,0.8631528827390913,"{""type"":""Point"",""coordinates"":[80.4830616834059,22.38947786768801]}"
411,227.56497592905424,2025-05-01,280.5513690766834,393,0,20,0.35297991438919984,6.376348528647213E-4,0.6872481772786233,305.89829295022145,1.0369395637512777,"{""type"":""Point"",""coordinates"":[80.4195972162064,23.90085602221006]}"
413,227.44693414939042,2025-05-01,281.8883354550316,602,0,30,0.32129115006412995,0.007236196855046728,0.6857045748077825,303.39704318273635,0.6745819643058619,"{""type"":""Point"",""coordinates"":[82.15690828089208,23.35925112832548]}"
414,270.0,2025-05-01,288.7438390822637,630,0,40,0.21440412599005343,0.008926584580876806,1.4807728373899032,304.22855708712626,2.179516133740389,"{""type"":""Point"",""coordinates"":[81.89330829490916,20.06165266242885]}"
415,226.77635890611654,2025-05-01,290.4214513869512,349,0,40,0.1784119588429431,0.005612029889562109,2.706589380001543,305.6880123047601,1.922018600860752,"{""type"":""Point"",""coordinates"":[80.99287941146778,19.975064753630996]}"
416,180.0,2025-05-01,290.3434368315197,634,0,40,0.24842673059634401,0.015305294850804785,2.3174627380815918,303.1086666016352,2.4921345742782868,"{""type"":""Point"",""coordinates"":[82.10779868254777,19.691069106707296]}"
417,295.18757344634395,2025-05-01,290.8170173281716,229,0,10,0.43208852005532505,0.007886111000516394,2.1782917718344503,305.58021840595063,1.5047505123035976,"{""type"":""Point"",""coordinates"":[83.0916622954291,19.847652054881497]}"
418,233.0494376970164,2025-05-01,291.61568269275483,772,0,10,0.6819722650231125,0.008633836368062475,6.147988966022563,302.3793197359358,1.391996062344935,"{""type"":""Point"",""coordinates"":[83.63959585211194,19.90632019605505]}"
419,47.51436619752138,2025-05-01,282.151123773484,424,0,10,0.33056564608199274,0.0011416219267630368,0.6865851595428356,304.6662256604149,0.8983943377709483,"{""type"":""Point"",""coordinates"":[81.1209355956215,23.669852573938947]}"
420,-0.0,2025-05-01,289.6484614780971,127,0,30,0.30737134909596664,0.0021030597481512814,1.3909630807829783,307.6470954985845,1.771422860765716,"{""type"":""Point"",""coordinates"":[83.74338154283,20.790339954726562]}"
422,132.81016441521953,2025-05-01,287.1408466157459,269,0,40,0.18459837877671334,0.010406418899037817,0.6823764253036131,305.3378448940458,1.1606982996538393,"{""type"":""Point"",""coordinates"":[82.58620609670012,22.12904492438512]}"
423,324.6477799821658,2025-05-01,289.88449895949594,343,0,10,0.3402428190701806,0.005458160499074438,3.407498167930161,306.21257750193274,1.994309726035427,"{""type"":""Point"",""coordinates"":[80.56275534882822,19.990908515464717]}"
424,324.2127738663112,2025-05-01,284.8304508754185,302,0,40,0.22180259263039706,0.004642277220227697,5.131378190764111,305.724581082662,0.7663980436007876,"{""type"":""Point"",""coordinates"":[83.17303916324948,22.362878735366536]}"
425,291.5538469921504,2025-05-01,292.6845129103887,490,0,10,0.34760012228676246,0.004387228945233801,6.286254975117519,305.7118915830339,1.81266829352693,"{""type"":""Point"",""coordinates"":[80.61654553964406,18.55945796895227]}"
426,72.4380141494989,2025-05-01,292.21013023739766,934,0,40,0.39862958484482064,0.07482491360042332,1.5365489185459924,298.08930392492385,1.0667278328002885,"{""type"":""Point"",""coordinates"":[82.91047276811632,18.29265856323629]}"
427,203.0497432519248,2025-05-01,290.5575190952846,271,0,40,0.2604625550660793,0.007649242142178991,2.518280243407242,305.9677800223941,2.0578859965978884,"{""type"":""Point"",""coordinates"":[82.59651546652387,19.93718830538213]}"
428,226.95502289259508,2025-05-01,287.9752378917876,324,0,40,0.4005051176392397,0.008881538370587805,2.7155991628356775,306.6199203218733,1.687988659815628,"{""type"":""Point"",""coordinates"":[82.61144887949935,20.935849279494782]}"
429,156.69731116267022,2025-05-01,295.47958592006137,296,0,10,0.45963464938126103,0.043384759882428625,10.972417074609654,301.5899317151024,1.6178837102853696,"{""type"":""Point"",""coordinates"":[83.0994514967462,18.235878140276785]}"
430,28.322759137328024,2025-05-01,288.68161810012094,200,0,80,0.13621560920830994,0.002194076040723303,2.1062926498524184,305.9159233910697,1.3332393980676618,"{""type"":""Point"",""coordinates"":[83.99384179598214,21.91884675895454]}"
431,259.3954890766046,2025-05-01,288.3192785353888,366,0,10,0.295747062115277,0.0035182230267309933,2.518339269918032,306.4126914342244,2.1607382085069564,"{""type"":""Point"",""coordinates"":[81.6849855087845,20.588356660485132]}"
432,12.948148999441983,2025-05-01,285.92195710681733,560,0,10,0.4911080711354309,0.003359123328664282,15.32653278546666,303.55893748147145,0.6576089714455855,"{""type"":""Point"",""coordinates"":[84.34887810951999,22.689777082729904]}"
433,125.14941961711011,2025-05-01,289.24279276529944,543,0,10,0.4910891089108911,0.007090582707860449,14.201190469877105,304.56354127611434,2.088125746638913,"{""type"":""Point"",""coordinates"":[82.05696031164537,20.14885578121372]}"
434,151.69455689865825,2025-05-01,287.3916487920852,232,0,50,0.32277945619335346,0.00878377185199497,1.053330772828146,306.1100791295369,1.4928170171754365,"{""type"":""Point"",""coordinates"":[83.14515681243105,21.81502025449453]}"
435,321.6001078832791,2025-05-01,291.6556868780227,734,0,40,0.22186642268984447,0.021892055133321264,2.3656251230209993,302.3674556641352,1.9034179819228312,"{""type"":""Point"",""coordinates"":[81.76287401451576,18.86738952867856]}"
436,324.8529946795444,2025-05-01,292.54456801641555,152,0,10,0.3705705705705706,0.0035998962912344723,1.7009484993824808,307.1927904855637,1.9437941921308457,"{""type"":""Point"",""coordinates"":[80.33465756154723,18.7519651453443]}"
437,87.06089279814772,2025-05-01,281.1451423281715,916,0,10,0.3987365291713118,0.0035992108378195553,8.970331945078234,303.439198130653,1.1729196382973734,"{""type"":""Point"",""coordinates"":[81.28014884713545,22.457904572872902]}"
438,256.6497926214564,2025-05-01,292.21143232073103,886,0,30,0.31874405328258804,0.04452431128356693,7.981584048827479,299.18475709642684,0.9924377863791674,"{""type"":""Point"",""coordinates"":[82.69507013536925,18.32939084095533]}"
439,103.12915923219852,2025-05-01,288.12858145577565,206,0,40,0.5521216580819229,0.007334321001508215,2.040746439195654,306.74198482150126,1.5318640443062537,"{""type"":""Point"",""coordinates"":[83.24408063277714,21.09644469583055]}"
440,-0.0,2025-05-01,280.7281850179037,384,0,40,0.27475653791443266,5.805336031698971E-4,0.463735342881014,305.48792743682867,0.9854093321852612,"{""type"":""Point"",""coordinates"":[80.56710144852723,24.02539957803409]}"
441,283.1720346442121,2025-05-01,287.57532392229353,416,0,10,0.30258691326232,0.0016719840559744625,2.034226102890945,306.54656768980476,1.9081335119702316,"{""type"":""Point"",""coordinates"":[80.53752796015458,20.58809130227204]}"
442,331.6042311136868,2025-05-01,286.3652990432013,363,0,30,0.25268876815611485,0.004803895214536169,2.1077405913587195,304.34353569575717,0.5951945342003939,"{""type"":""Point"",""coordinates"":[83.84510334642965,22.34767850300068]}"
443,102.93247471768763,2025-05-01,281.70088777087983,478,0,50,0.17832512315270935,0.0025916092190527706,2.0712159590299266,304.85582992008756,1.0395160023473609,"{""type"":""Point"",""coordinates"":[81.36604749286234,23.291361492971493]}"
444,327.26927072402805,2025-05-01,288.0633377801804,378,0,10,0.3489880643487286,0.010216667512395361,29.997650030034237,306.1594885417393,1.5641741377694178,"{""type"":""Point"",""coordinates"":[82.85020373583191,21.014151998318944]}"
445,10.609189195563971,2025-05-01,290.9298277355376,277,0,10,0.47619047619047616,0.007338508227803686,7.968994874307342,305.7010389509655,1.6685562146510569,"{""type"":""Point"",""coordinates"":[80.50176816865874,19.587836774479815]}"
446,-0.0,2025-05-01,284.01490493047805,349,0,40,0.38546090432175867,0.006624355176427343,0.9274099368670311,305.76231243496846,1.0344682710520612,"{""type"":""Point"",""coordinates"":[81.28615064409692,22.067119649547045]}"
447,139.53563071201478,2025-05-01,292.57028997512094,1076,0,10,0.2743362831858407,0.03749670014713047,15.461518206201466,300.24760005587626,0.6496207394826627,"{""type"":""Point"",""coordinates"":[83.06246376993712,18.758923216937415]}"
448,141.2736754315121,2025-05-01,283.5707898821149,578,0,10,0.4780534351145038,0.017885237196423986,19.430074362905845,303.83011958712626,0.8028042262183069,"{""type"":""Point"",""coordinates"":[82.7861376502118,23.5184629719975]}"
449,157.16045052298136,2025-05-01,280.522450038365,848,0,10,0.3028994447871684,0.006196080902554968,23.284195846938776,302.94591781071256,1.2668277307616507,"{""type"":""Point"",""coordinates"":[81.45263091760323,22.97869371808587]}"
450,175.98765602704646,2025-05-01,297.2513028099424,80,0,30,0.1641620696214571,0.004928528526761511,6.939145822877268,303.7130832217989,3.381120057286152,"{""type"":""Point"",""coordinates"":[83.38680038703839,18.11538067823098]}"
451,256.9495797819783,2025-05-01,284.9265609014602,295,0,40,0.1978438810141745,0.005038037160375097,2.052833253350531,305.9583864212036,1.0446138458602088,"{""type"":""Point"",""coordinates"":[81.569093974992,22.000435130459334]}"
452,202.76021014192648,2025-05-01,290.7549997965495,229,0,10,0.5776100628930818,0.0023076675925040036,11.413428987246053,306.1375333241054,0.7552438263221154,"{""type"":""Point"",""coordinates"":[84.29261090268288,21.14260871095473]}"
453,90.0,2025-05-01,289.7350151425316,300,0,10,0.38393764825482884,0.005781456092336157,1.9733665448569677,306.2243776321411,1.863130514243266,"{""type"":""Point"",""coordinates"":[80.44771823669176,20.009233694477842]}"
454,347.9553063054794,2025-05-01,289.59043157668344,305,0,40,0.15461988304093569,0.011831327537038305,2.369571041846875,306.05111335572747,1.5999191716711219,"{""type"":""Point"",""coordinates"":[82.58867821852454,20.39216807223795]}"
455,170.38982326738517,2025-05-01,292.67328244163883,777,0,30,0.5122273628552545,0.05287706778381107,11.59761880094249,300.09605848221554,0.9152742079934075,"{""type"":""Point"",""coordinates"":[83.16620226380405,19.098994356016505]}"
456,270.0,2025-05-01,294.37150719052266,141,0,10,0.43903095558546434,0.009094490865209082,0.48750508830384026,305.4366404669626,2.1440877259574433,"{""type"":""Point"",""coordinates"":[81.10830536357832,17.965963133084227]}"
457,180.0,2025-05-01,286.42981610979353,278,0,30,0.2551255610821303,0.010828270772435644,0.4637353428839794,305.38841106778096,0.991021939466808,"{""type"":""Point"",""coordinates"":[82.64107995820372,22.19774614055326]}"
458,105.1671225138514,2025-05-01,293.9145805722191,246,0,10,0.47496823379923764,0.020492478469350317,3.5404619698536037,304.9304613840012,1.829588260842955,"{""type"":""Point"",""coordinates"":[81.56156382132548,18.418740186139424]}"
459,104.89152644845298,2025-05-01,287.53748793829055,359,0,10,0.5499086530476665,0.013937144735791662,3.6042944683803717,305.7013063430786,1.6329209910335662,"{""type"":""Point"",""coordinates"":[82.8674998476526,21.452163869717232]}"
460,294.712955278297,2025-05-01,283.13839939662387,525,0,10,0.5361504983855118,0.005414768317677954,3.3240054283770024,302.9196843192691,0.8251463597051598,"{""type"":""Point"",""coordinates"":[82.00415110475898,23.008836417483177]}"
461,223.84299071514218,2025-05-01,281.5993368966239,565,0,30,0.3377346278317152,0.0034739069733404904,21.443705470411267,304.8519178572155,0.9370373573563127,"{""type"":""Point"",""coordinates"":[80.72375244199438,22.74564291333337]}"
462,338.4669898796741,2025-05-01,293.5717431931268,132,0,10,0.380352644836272,0.0026704512629294186,3.9819006918003437,306.31659303392684,2.0660873212868323,"{""type"":""Point"",""coordinates"":[80.54869966332389,18.124167870138365]}"
463,132.07847540379242,2025-05-01,296.86431666782926,624,1,10,0.5859621451104101,0.034760131696202734,14.231985490805677,301.70885726383756,2.2040656407974892,"{""type"":""Point"",""coordinates"":[84.2565682428603,18.935637203600432]}"
464,38.83985937032054,2025-05-01,287.73804364885603,272,0,40,0.4647119875454074,0.012253909567334631,2.380164675540584,306.33553137098033,1.819673649756688,"{""type"":""Point"",""coordinates"":[82.6710941416014,21.333190224922216]}"
465,50.27249524743231,2025-05-01,294.0838107154483,1013,0,30,0.6122448979591837,0.06420443878505466,5.065822438942458,299.6967316127959,1.4971080396095144,"{""type"":""Point"",""coordinates"":[82.99258213546479,18.241378418277062]}"
466,180.0,2025-05-01,288.8238707042876,178,0,40,0.7666135034556087,0.004912435272672155,1.3909630807829783,306.8569576172602,1.2278791584697952,"{""type"":""Point"",""coordinates"":[83.59332712948192,21.29815859667474]}"
467,270.0,2025-05-01,289.58639744349887,241,0,10,0.42354533152909335,0.003118901709058264,1.9734919046319597,306.98694506145654,1.953665423127569,"{""type"":""Point"",""coordinates"":[80.21242747879703,20.01927140361783]}"
468,14.861246864436435,2025-05-01,290.65927923293333,582,0,40,0.4819202764408244,0.01478326247070072,3.832631007090423,303.1762412389119,2.085762532978998,"{""type"":""Point"",""coordinates"":[81.61678031189238,19.58694878155362]}"
469,186.57447530581476,2025-05-01,290.85936991373694,355,0,10,0.5673733381243262,0.002840488413312414,16.775757115219395,305.68863428206674,1.6727228167339654,"{""type"":""Point"",""coordinates"":[83.60821263857677,20.279525909812833]}"
470,180.0,2025-05-01,287.5989416213263,218,0,40,0.7770026741076619,0.011494009951093176,0.4637353428839794,306.01792185647145,1.504549083635714,"{""type"":""Point"",""coordinates"":[83.02685942842568,21.824013322642163]}"
471,226.67445426958747,2025-05-01,294.8165406726656,240,0,40,0.3842079922965816,0.0177159004006171,2.7014888903261136,302.25468013400126,1.3551041700222262,"{""type"":""Point"",""coordinates"":[83.7046573092982,19.40463470405795]}"
472,180.0,2025-05-01,291.04822431291853,629,0,40,0.41698034295273945,0.019159033158757666,0.463735342881014,302.6946506046114,2.2175955163230427,"{""type"":""Point"",""coordinates"":[81.85509602624322,19.577851439832457]}"
473,35.809736963191796,2025-05-01,286.78495352608815,354,0,40,0.37222637746197956,0.002774968007543066,1.715020885923709,304.0568390346708,0.5612444471037001,"{""type"":""Point"",""coordinates"":[84.26109163067258,22.478301758554384]}"
474,187.55816685120652,2025-05-01,290.8142329624721,614,0,40,0.26652779300515295,0.018862723568418005,3.7371701446363805,302.8094548270816,2.1392107242513214,"{""type"":""Point"",""coordinates"":[81.80229125435343,19.59589976243943]}"
475,180.0,2025-05-01,288.3605441138858,440,0,10,0.5774069319640565,0.004916622498967627,2.317462738066788,305.7194076265608,1.6173809811504782,"{""type"":""Point"",""coordinates"":[82.00603345421085,20.369426427083997]}"
476,180.0,2025-05-01,291.3691878545852,231,0,10,0.43990237949969496,0.006043686727025488,0.9274099368670311,306.0285187221709,1.6002035687062537,"{""type"":""Point"",""coordinates"":[80.4955171984089,19.398764922666555]}"
477,270.0,2025-05-01,282.83635675339474,562,0,40,0.27119460500963394,0.0031798623595022946,1.5012719139754467,304.6070273717245,1.0352383994070422,"{""type"":""Point"",""coordinates"":[80.7149911582185,22.105723787855485]}"
478,114.77699029122648,2025-05-01,285.15515209379646,555,0,40,0.2747083425049527,0.007201506951787451,2.2120204166415642,303.0236417225429,0.49472878182929936,"{""type"":""Point"",""coordinates"":[83.48156513418544,22.608556753249847]}"
479,180.0,2025-05-01,282.4512249174572,534,0,40,0.32444832859951933,0.006557866195180395,1.3909630807829783,303.5074586868286,0.679520938459138,"{""type"":""Point"",""coordinates"":[83.16377413959766,23.284195572377563]}"
480,58.6418238430697,2025-05-01,283.0026107061477,439,0,40,0.19458128078817735,0.007875054338910559,1.781737359792813,304.29917185647145,0.8758287015746509,"{""type"":""Point"",""coordinates"":[83.4229288534262,23.92127074791252]}"
481,148.1911704188385,2025-05-01,292.3592943464007,535,0,30,0.2835002057330956,0.007474526027181128,12.875682332681745,302.6221989677066,1.4269135558243737,"{""type"":""Point"",""coordinates"":[83.79200502024803,19.864734530887976]}"
482,19.684618739472008,2025-05-01,288.74779183524,208,0,40,0.6088516746411483,0.0070593200716757565,1.477257559800853,306.4776444662185,1.4152851333847103,"{""type"":""Point"",""coordinates"":[83.43464076430986,21.29033877879384]}"
483,252.459968621007,2025-05-01,296.3215048653738,79,0,10,0.6222391469916222,0.012767224768140295,1.5384107163792364,304.2074040458316,1.865276745743847,"{""type"":""Point"",""coordinates"":[83.50436766373377,18.52221208690595]}"
484,72.87917814361023,2025-05-01,286.1557740711031,400,0,10,0.5290889132821076,0.00471730456683872,1.5748917124277455,303.5878158296858,0.47293058738648514,"{""type"":""Point"",""coordinates"":[83.99576193932555,22.46475087906422]}"
485,107.46405137511682,2025-05-01,291.66987609863276,433,0,10,0.3678977272727273,0.0037586383614325314,22.025769182817037,305.3317006883167,1.3801026941850338,"{""type"":""Point"",""coordinates"":[80.72929448091543,19.29514822079615]}"
486,266.512385824278,2025-05-01,295.08944338843946,444,0,40,0.4736542295642267,0.031027659038045385,14.901251335800481,302.216036160787,1.3971855056909106,"{""type"":""Point"",""coordinates"":[83.50075971092348,19.1506851599222]}"
487,19.48047544703037,2025-05-01,294.7501460484096,194,0,10,0.49031216361679225,0.011050625899770239,4.418360899313962,302.4705062593733,1.3265958854884643,"{""type"":""Point"",""coordinates"":[83.75522828937257,19.554516081763907]}"
488,57.59581350500742,2025-05-01,294.7246333530971,95,0,10,0.45823681700504154,0.008683904269673803,1.7302274793196655,305.3912826265608,2.2135994755130737,"{""type"":""Point"",""coordinates"":[81.17702088596891,17.808939497575963]}"
489,134.85937335125175,2025-05-01,289.5378250848679,457,0,30,0.5571764705882353,0.00396594331596134,11.03804880089276,305.25536605290006,1.4464713423766247,"{""type"":""Point"",""coordinates"":[84.04389258395896,20.51736727872752]}"
490,295.2723339366857,2025-05-01,291.5770968482608,582,0,40,0.3798982188295165,0.014521642783620337,1.086125142177848,302.81043138958154,2.077393624931503,"{""type"":""Point"",""coordinates"":[82.32099140061716,19.228265397542582]}"
491,341.8176866763103,2025-05-01,293.424334571475,378,0,10,0.5760107414590482,0.028913467386701086,7.762050606719568,301.3026595796858,1.1380433642747982,"{""type"":""Point"",""coordinates"":[81.82093542898185,17.924563917151684]}"
492,90.0,2025-05-01,289.3295150030227,265,0,40,0.31215469613259667,0.01064321325156925,0.49497328476837316,306.4212886719476,1.577644848869979,"{""type"":""Point"",""coordinates"":[82.66900673731827,20.465366434227835]}"
493,-0.0,2025-05-01,288.9510389055525,213,0,40,0.13453468279437175,0.0024334780964636593,0.9274099368670311,305.7319576172602,1.373959083507918,"{""type"":""Point"",""coordinates"":[84.10711171456246,21.668170887911]}"
494,278.79672152895887,2025-05-01,285.8164244152251,266,0,40,0.20256058527663465,0.005595713118054846,3.0295909556608622,306.2646724610101,1.2577672184167035,"{""type"":""Point"",""coordinates"":[81.63253484482762,21.798402328354452]}"
495,160.20647236359338,2025-05-01,285.9510621570406,278,0,40,0.3475765306122449,0.010096534350850561,1.4782650269051385,305.39422393980476,0.9394824741384675,"{""type"":""Point"",""coordinates"":[82.29874091540621,22.150247237717895]}"
496,-0.0,2025-05-01,282.78688921247215,494,0,40,0.7308286155429747,0.009617625931241491,1.3909630807829783,303.6907094773792,0.8852616168817563,"{""type"":""Point"",""coordinates"":[83.71826739164099,23.614634531140023]}"
497,157.0025522289227,2025-05-01,291.5938727969215,709,0,10,0.4126009693053312,0.02614079342220066,5.024928833953572,301.9883866537185,1.6718502091095375,"{""type"":""Point"",""coordinates"":[81.0815242930748,19.531763477432875]}"
498,180.0,2025-05-01,290.3998391287668,114,0,40,0.2681969786148715,0.0019297145399832516,0.9274099368611016,307.39062577202213,1.1364524146480688,"{""type"":""Point"",""coordinates"":[84.01335947698595,20.890660558993034]}"
499,256.7115103056876,2025-05-01,291.5526304699126,557,0,30,0.31029023746701845,0.014343216279485205,2.0167300811652153,302.6946854818435,1.9481104981287458,"{""type"":""Point"",""coordinates"":[82.31117889508734,19.141688580118853]}"
500,52.56599746328318,2025-05-01,291.0267980666388,302,0,10,0.38275193798449614,0.0016958557162070065,19.774666603923425,306.31741264888217,0.7743161515711817,"{""type"":""Point"",""coordinates"":[84.34997483743179,20.673065252065513]}"
501,28.0975455237618,2025-05-01,288.3447912307012,385,0,10,0.2683250414593698,0.0022743038925909786,1.0512837515008517,306.27562391190304,2.348912449166565,"{""type"":""Point"",""coordinates"":[81.6230783570943,20.52600808672389]}"
502,7.606186885118191,2025-05-01,288.59579685756137,310,0,30,0.25335524513831825,0.008676915625073889,3.7375859127136266,306.0830318360101,1.4983800389021855,"{""type"":""Point"",""coordinates"":[82.57642137335506,20.600022164987305]}"
503,180.0,2025-05-01,285.56468055361796,455,0,40,0.3509105735254145,0.004362463215329626,1.8543341688414132,303.45392213548934,0.46672403497552206,"{""type"":""Point"",""coordinates"":[84.10724230741693,22.61937419967718]}"
504,278.7517529722853,2025-05-01,282.0435798281715,452,0,10,0.2863218548497736,0.0021593861374640255,3.045006522896237,305.7714909598941,0.8267779768058392,"{""type"":""Point"",""coordinates"":[80.38886693627867,22.530389807202774]}"
506,199.4962375354381,2025-05-01,290.7848953973679,518,0,10,0.32376298106291995,0.0190802358183646,1.4755307353705795,303.1509726842245,1.7362757048870743,"{""type"":""Point"",""coordinates"":[81.13037430828383,19.694968710173985]}"
507,309.13947782348214,2025-05-01,282.3286837623233,634,0,10,0.5605937921727395,0.007974966624715307,5.85705177495833,303.41918441227506,0.8700681660429365,"{""type"":""Point"",""coordinates"":[82.45893742187523,23.715888902889436]}"
508,352.7423848486033,2025-05-01,296.87947082519526,124,0,10,0.5880398671096345,0.006661742189862707,15.069806431681675,304.0071622303554,2.166063256074634,"{""type"":""Point"",""coordinates"":[83.03652556792348,17.86225753500952]}"
509,215.26101691437793,2025-05-01,290.4201493036179,631,0,10,0.7523621492032153,0.02449509427879093,1.7033367544624165,302.34868590037024,2.276003815159472,"{""type"":""Point"",""coordinates"":[82.46147688443345,19.450747756977968]}"
510,47.51327465917921,2025-05-01,280.670410882859,435,0,30,0.3155151677134839,5.621157679343014E-4,5.476094544773795,305.39922300974524,1.1821230813280919,"{""type"":""Point"",""coordinates"":[80.61064365482396,23.66543532616947]}"
511,270.0,2025-05-01,282.62312898181733,561,0,40,0.21317588564325668,0.00709910617206333,1.5147587744965507,303.7628937221709,0.7861045202904151,"{""type"":""Point"",""coordinates"":[83.01294495535595,23.330013530517213]}"
512,342.26343278907177,2025-05-01,290.14556666782926,699,0,10,0.36895847515316543,0.0023428641352438717,4.8572169173041715,304.7218083427066,1.5484981825770878,"{""type"":""Point"",""coordinates"":[83.73804473411917,20.288833231973037]}"
513,76.87506525858403,2025-05-01,288.1104743594215,297,0,40,0.16107531659631194,0.004206820586659887,2.0413912081453995,306.30604848407563,2.0036537156392265,"{""type"":""Point"",""coordinates"":[81.47138555630583,21.146175923016727]}"
514,21.802782823381968,2025-05-01,288.6097710019066,424,0,10,0.5796434732604946,0.005588232735135534,3.9893323841916084,305.8015376953852,1.4896029264951318,"{""type"":""Point"",""coordinates"":[82.10338492301916,20.37558137216069]}"
515,352.4285136952618,2025-05-01,290.4161616734096,308,0,10,0.49853467925757083,0.0066679708752417355,3.737285195831713,306.13629518236434,1.8492240455683173,"{""type"":""Point"",""coordinates"":[80.49063536713122,19.880962350093274]}"
516,64.98685157905292,2025-05-01,287.8578411283948,330,0,80,0.0929803987267549,0.007382421949841955,3.2867167379149143,306.3118439174833,2.035520288262664,"{""type"":""Point"",""coordinates"":[82.43463226175383,21.065269055167967]}"
517,282.88360295696845,2025-05-01,283.5079992385138,316,0,40,0.35774108638430246,0.006562604764440039,2.0789323777941773,304.64658396584645,0.7266927665998653,"{""type"":""Point"",""coordinates"":[83.96082448667516,23.80567290171702]}"
518,312.54828199138944,2025-05-01,283.2139318557012,511,0,40,0.2447373598268739,0.017130821207501867,0.6857669407620463,303.751953897022,0.8169730640903902,"{""type"":""Point"",""coordinates"":[82.8373292829933,23.382125201578525]}"
519,237.80758958859164,2025-05-01,291.6286977132162,693,0,10,0.48027057497181513,0.015388145307042578,15.294211444606216,302.66516190483446,1.9620012552713761,"{""type"":""Point"",""coordinates"":[81.58932945720056,19.209252044856267]}"
520,115.13990217841032,2025-05-01,291.07611447288883,790,0,30,0.5958831542303618,0.009341909745671728,1.0914704542023168,302.69980662209645,1.5103007549938927,"{""type"":""Point"",""coordinates"":[84.13501379190299,20.18730503654888]}"
521,-0.0,2025-05-01,288.56687200637094,319,0,40,0.5227928447778419,0.0032372020277762203,0.0,306.68536744798934,2.4057979258814526,"{""type"":""Point"",""coordinates"":[81.44680298085517,20.699220054666153]}"
522,12.029110950751107,2025-05-01,291.0631459554036,693,0,10,0.6771964461994077,0.007677450040318945,24.4730408224619,303.2593304316203,1.5347233401141744,"{""type"":""Point"",""coordinates"":[83.97604334589364,20.185263797970173]}"
523,90.0,2025-05-01,294.8400653657459,101,0,40,0.36363636363636365,0.009106739619710424,0.9748507688358679,305.8532025019328,2.245020726716257,"{""type"":""Point"",""coordinates"":[80.99480843128829,17.949269608830292]}"
524,180.0,2025-05-01,285.6175718761626,335,0,10,0.3232429586733351,0.008980020144917944,1.8543341688414132,305.56443064553406,0.8459917500236681,"{""type"":""Point"",""coordinates"":[82.82286419780587,22.345561928825518]}"
525,295.0961267656312,2025-05-01,291.1047719319662,159,0,30,0.27842227378190254,0.0018682621512198239,2.1857049755071944,307.12011795952213,1.892833888097157,"{""type"":""Point"",""coordinates"":[83.59243116284615,20.49470177771202]}"
526,46.651970182314834,2025-05-01,291.41830662318637,648,0,10,0.442302239863907,0.018305390337445715,2.025931591865831,302.9104360398792,2.026964955191933,"{""type"":""Point"",""coordinates"":[81.65652781695553,19.27608921330409]}"
527,321.441173774354,2025-05-01,290.79741632370724,244,0,10,0.43907793633369924,0.004988937834241369,2.370840773089054,306.3951481864566,1.9488618705177208,"{""type"":""Point"",""coordinates"":[82.79022068439107,19.79735251595379]}"
528,75.07144200571243,2025-05-01,286.4606243315197,361,0,10,0.3073424301494477,0.002516537168958166,3.595579155294927,306.702625865028,1.7854342414236568,"{""type"":""Point"",""coordinates"":[80.42657060729408,21.069496765408346]}"
529,277.4904515712692,2025-05-01,283.25488935198103,530,0,10,0.4417194092827004,0.0055879198107504635,3.55283454438627,302.9974721726917,0.8288392133353163,"{""type"":""Point"",""coordinates"":[82.08610842723203,23.017881588633333]}"
530,57.79374630982517,2025-05-01,292.06030927385603,327,0,10,0.5214285714285715,0.00496713743541477,1.7397006746859198,305.86123589106967,1.4893152945865433,"{""type"":""Point"",""coordinates"":[80.63456116123241,19.12136165061453]}"
531,11.334744117351335,2025-05-01,287.9566308884394,393,0,10,0.28612997090203685,0.006492554405667761,7.523977745572477,305.8606429781233,1.5970438609765008,"{""type"":""Point"",""coordinates"":[82.49705689235427,20.70844409635787]}"
532,-0.0,2025-05-01,288.8935902913412,237,0,40,0.23856927885171894,0.0025536708626532345,0.9274099368611016,305.86807182856967,1.3435575636932124,"{""type"":""Point"",""coordinates"":[84.30376622243,21.834039731211238]}"
533,233.32605967896075,2025-05-01,288.0230720156715,321,0,20,0.26980038634900194,0.011346875885465124,3.10278088034655,306.0353023438227,1.602418966684694,"{""type"":""Point"",""coordinates"":[83.14679190557304,21.434138761070134]}"
534,147.60072503562733,2025-05-01,291.300293695359,726,0,40,0.16780266147354755,0.01810170636508701,2.7441181092552136,302.01291697365895,1.9037912683855074,"{""type"":""Point"",""coordinates"":[81.66908347631671,19.008337516022333]}"
535,304.4675056127148,2025-05-01,283.980457850865,438,0,10,0.34516391221891085,0.004316344121434668,2.456774077855147,304.2080434617542,0.7754939691364031,"{""type"":""Point"",""coordinates"":[82.69244329715316,23.757371874428255]}"
536,192.03541308413463,2025-05-01,288.4508238292876,462,0,40,0.26871686108165427,0.006218700865247229,2.3694892733754718,305.3181276321411,1.7030856851675298,"{""type"":""Point"",""coordinates"":[81.98007642430748,20.269112685390112]}"
537,342.8972730248528,2025-05-01,295.5043778192429,247,0,10,0.5216400911161732,0.018459557751157263,17.83806417408747,302.7786349796114,1.1547075749422655,"{""type"":""Point"",""coordinates"":[84.32173523111227,19.815255322282084]}"
538,-0.0,2025-05-01,292.7381947835286,133,0,10,0.32621272808188695,0.0027008943352484494,1.3909630807829783,307.21457712990895,2.0054231938770197,"{""type"":""Point"",""coordinates"":[80.26413126979259,18.424379932498624]}"
539,304.0809455836682,2025-05-01,291.87043762207026,1175,0,60,0.042915531335149866,0.012888743737676123,4.130726392949989,302.51666627611434,1.6915249677259772,"{""type"":""Point"",""coordinates"":[81.22268724956247,18.702933542342585]}"
540,215.30894588138344,2025-05-01,290.4975070045108,664,0,40,0.16328024894746476,0.016525267818906286,1.7043447635615168,303.11332271212626,2.414482601544901,"{""type"":""Point"",""coordinates"":[82.04454451313848,19.736632110878464]}"
541,20.01875036358709,2025-05-01,283.1319587344215,387,0,10,0.5497055767232422,0.006829007724263647,7.3627000198225625,304.2453214100429,0.7932856088264678,"{""type"":""Point"",""coordinates"":[83.91595729856334,23.809148029079857]}"
542,222.21894501889986,2025-05-01,282.6820308140346,587,0,40,0.18847470521110687,0.011897742012479284,3.75176977677908,303.3269108817691,0.8251387902585295,"{""type"":""Point"",""coordinates"":[82.38003756177693,23.303087061913505]}"
543,47.51097114103816,2025-05-01,282.73363167899,614,0,10,0.3606312646619748,0.007219805577733496,1.3728844069842456,303.89593873705184,1.0060238427921255,"{""type"":""Point"",""coordinates"":[83.47130045909698,23.655302942390538]}"
544,146.80870378264177,2025-05-01,283.5707898821149,432,0,40,0.36331658291457286,0.017885237196423986,2.7686315304790017,303.83011958712626,0.8028042262183069,"{""type"":""Point"",""coordinates"":[82.75029377293279,23.47972941132916]}"
545,344.82520182194975,2025-05-01,283.2234940301804,579,0,40,0.28810907465355384,0.008068337300755957,1.921278209262733,303.1684810547602,0.8212554974116293,"{""type"":""Point"",""coordinates"":[82.09448730088467,22.815834041422626]}"
546,199.67297732476345,2025-05-01,287.1578725179036,301,0,10,0.34833975873647555,0.0038896791729712277,2.952339514335106,306.70024258749834,1.945758999579868,"{""type"":""Point"",""coordinates"":[81.33305402256943,21.196029144988117]}"
547,272.69612547473315,2025-05-01,290.6531059628441,245,0,10,0.43534353435343537,0.005034535387494543,9.763160020477072,306.5917453311739,1.743427087505029,"{""type"":""Point"",""coordinates"":[80.3300640935684,19.6403389915294]}"
548,19.56295243119882,2025-05-01,289.070319039481,349,0,40,0.30618637431480034,0.004821150759198645,5.885082810762785,306.25412791115895,2.3825845637690475,"{""type"":""Point"",""coordinates"":[80.88005559613701,20.27711210063546]}"
549,339.94465316447,2025-05-01,285.1085037958054,223,0,50,0.20117161496471841,0.005769088128545263,1.4807145383632088,305.15519282931376,0.33957720133317815,"{""type"":""Point"",""coordinates"":[84.07242797156042,24.065544179342552]}"
550,302.0814725866875,2025-05-01,291.61568269275483,707,0,10,0.640960809102402,0.008633836368062475,1.7457370054176726,302.3793197359358,1.391996062344935,"{""type"":""Point"",""coordinates"":[83.57744161259149,19.903070796200556]}"
551,344.95973954912,2025-05-01,287.86226472400483,250,0,40,0.6305100045133143,0.011887281397321203,1.9200615999702748,306.04645143236434,1.714586818156573,"{""type"":""Point"",""coordinates"":[82.29610649074058,21.5034240103469]}"
552,318.63765355961124,2025-05-01,291.9481150309245,626,0,10,0.44635193133047213,0.024505107859113195,3.7021066270253966,302.3788547061739,1.7320474586706252,"{""type"":""Point"",""coordinates"":[81.61564889835218,18.828797101536765]}"
553,-0.0,2025-05-01,293.688494727725,452,0,80,-0.03675712813466163,0.016153156021573523,0.0,302.43204829806376,0.821645360443254,"{""type"":""Point"",""coordinates"":[82.23570621535886,18.29224041989347]}"
554,150.06290803056328,2025-05-01,293.1147061302549,423,0,10,0.49175906502846867,0.008364393571355322,5.866048208183294,305.186024302528,1.6143833862789922,"{""type"":""Point"",""coordinates"":[80.82911714712066,18.709325834074445]}"
555,106.3497106967956,2025-05-01,295.36137535458516,269,0,10,0.5599022004889975,0.023330866554715612,14.508448738157725,301.15623914627804,1.4825970377749582,"{""type"":""Point"",""coordinates"":[84.14100248527122,19.042438699544377]}"
556,27.9263132011087,2025-05-01,291.0582980201358,581,0,40,0.33787253041634113,0.017599447825887182,1.0496140704238772,302.75132029397145,2.048368537426299,"{""type"":""Point"",""coordinates"":[81.67850850641044,19.38923308325666]}"
557,307.1866562525733,2025-05-01,294.0862928118025,247,0,10,0.457780288054222,0.01368404851291416,3.0661302509027992,304.9565030506679,1.7494060975872205,"{""type"":""Point"",""coordinates"":[81.133921834702,18.497164354711774]}"
558,-0.0,2025-05-01,283.2229766845703,576,0,30,0.36520666255397904,0.006079181292989233,0.9274099368670311,303.67653188251313,0.6485265552079397,"{""type"":""Point"",""coordinates"":[82.94894707892442,22.929743053470244]}"
559,249.9148172164185,2025-05-01,283.0630355108352,395,0,40,0.19873692520228933,0.007639228561856726,2.698775498039149,304.19338921138217,0.8339864727428284,"{""type"":""Point"",""coordinates"":[83.53531215432118,23.916315131124847]}"
560,90.0,2025-05-01,294.23206801641555,282,0,40,0.33463905987688863,0.016134216645696142,0.4926092819813361,302.9327284040906,1.421384547615927,"{""type"":""Point"",""coordinates"":[83.66061299088567,19.71455378881697]}"
561,133.1073121793348,2025-05-01,288.2751762753441,366,0,80,0.29850332594235035,0.0037565521988653927,0.6785867886906698,306.4756448382423,2.458192507265485,"{""type"":""Point"",""coordinates"":[81.1273021983622,20.60562601154878]}"
562,148.88889416783132,2025-05-01,292.2749728248233,597,0,40,0.21995237498433387,0.024044214943387487,3.786051436959228,302.19432508377804,1.5149335073387737,"{""type"":""Point"",""coordinates"":[82.27484304843085,18.76366310082191]}"
563,79.32285726374435,2025-05-01,294.48738098144537,400,0,10,0.5282429747374396,0.023860975364186743,2.501426465108289,301.97858615148635,1.3784708512305703,"{""type"":""Point"",""coordinates"":[83.57921590691954,19.49132164405926]}"
564,81.44544510331338,2025-05-01,292.13624282110305,606,0,10,0.5905078859788743,0.010191737869718054,12.278880573098142,301.4639435268583,1.4368136183202669,"{""type"":""Point"",""coordinates"":[83.88439524113008,19.921940212368852]}"
565,46.736788752886,2025-05-01,290.7977592831566,247,0,40,0.353465197040616,0.006542786220052221,0.6766225854065924,306.17724105290006,2.051469944796879,"{""type"":""Point"",""coordinates"":[82.72053152942556,19.75582566605161]}"
566,139.1064156447602,2025-05-01,286.26811944870724,402,0,40,0.2897068847989093,0.003432288030126074,3.064471272268637,303.82963130587626,0.5205651956041201,"{""type"":""Point"",""coordinates"":[84.199351222908,22.518622986265484]}"
567,-0.0,2025-05-01,287.16935294015065,218,0,40,0.19382882331333415,0.0049273960385107785,0.9274099368611016,306.28093687693274,1.4650212239253875,"{""type"":""Point"",""coordinates"":[83.29691455925499,21.751467144475882]}"
568,210.6368182896899,2025-05-01,288.389899117606,686,0,10,0.3168752113628678,0.008629962066152075,23.85151699205434,306.197981380281,1.5026139491402564,"{""type"":""Point"",""coordinates"":[82.98754505842379,20.92873656661607]}"
569,47.128691520348696,2025-05-01,287.5989416213263,227,0,40,0.16859864570182487,0.011494009951093176,0.6815916780277802,306.01792185647145,1.504549083635714,"{""type"":""Point"",""coordinates"":[82.98257542743193,21.825266113335893]}"
570,264.1614267131133,2025-05-01,280.8143550327846,631,0,30,0.17662532882375048,0.002019955972173193,4.549184048658992,304.9449703125727,1.167400691246734,"{""type"":""Point"",""coordinates"":[80.3001711533872,23.029052329569165]}"
571,208.0988420968736,2025-05-01,290.146723429362,232,0,40,0.23501964636542239,0.0044829242024206906,1.0512964504369073,306.56315181368876,1.8396496095736414,"{""type"":""Point"",""coordinates"":[83.22869669702298,20.534514065266958]}"
572,215.94774347901645,2025-05-01,282.7593827020554,524,0,40,0.24312030930179668,0.008671402195432165,1.718009651027202,303.35555671510247,0.8620293770749852,"{""type"":""Point"",""coordinates"":[82.72496375100732,23.16874669474689]}"
573,270.0,2025-05-01,282.908203851609,441,0,40,0.32559978908515685,0.007802277067639807,1.012893129222599,304.19218013400126,0.9756522472326042,"{""type"":""Point"",""coordinates"":[83.7484558591475,23.710924736349398]}"
574,297.52571676861044,2025-05-01,291.3240974062965,247,0,10,0.35126412049488975,0.0033336572441839962,19.304001575839678,306.4222419829595,1.771046022018703,"{""type"":""Point"",""coordinates"":[83.49321102573967,20.27381513469958]}"
575,201.21879767902107,2025-05-01,285.8152327764602,464,0,10,0.49821505069256034,0.007234915355184057,24.7106260155537,304.70531141190304,0.5789979885127079,"{""type"":""Point"",""coordinates"":[83.19216225384478,22.579603396226258]}"
576,110.17683486182707,2025-05-01,282.70429992675776,510,0,40,0.24497423982220426,0.006683631995656469,2.6870412747986214,303.5498868397304,0.682952936910506,"{""type"":""Point"",""coordinates"":[82.24918612750037,23.266644651083386]}"
577,270.0,2025-05-01,294.72413344610305,121,0,40,0.4499280010472575,0.020499794939496496,0.9751175429095585,304.2394039063227,1.398541419779654,"{""type"":""Point"",""coordinates"":[81.67317919885384,17.997912950889894]}"
578,151.69613470066017,2025-05-01,286.6608719598679,259,0,40,0.20636310566258026,0.007440774897077063,1.0533151550642619,306.08439204806376,1.2910161877772115,"{""type"":""Point"",""coordinates"":[81.78760069359971,21.805543882592428]}"
579,132.74466300145733,2025-05-01,286.0392201741537,306,0,40,0.25659690627843496,0.011679082373120764,3.4122219442440946,305.657442410787,0.689500748476183,"{""type"":""Point"",""coordinates"":[82.59730711549068,22.449665353459377]}"
580,326.32232339818734,2025-05-01,296.39892650785896,631,0,10,0.3859020310633214,0.030572830894925573,20.284162466322215,303.606678599403,0.8239892540029222,"{""type"":""Point"",""coordinates"":[83.28023769111195,18.591813993597786]}"
581,133.21789207694758,2025-05-01,289.02869887579055,663,0,40,0.2042798817401098,0.010399236539342382,0.6771918807569708,303.8039791016351,2.3347151470599075,"{""type"":""Point"",""coordinates"":[81.93164845214183,20.006429147202002]}"
582,72.93329216575093,2025-05-01,284.0237928118025,746,0,40,0.10899324207243112,0.005778580168225744,1.5797335554191558,301.48534070877804,0.8663358980194616,"{""type"":""Point"",""coordinates"":[84.19326888741885,22.925486088077086]}"
583,35.83523578309532,2025-05-01,285.32281276157926,527,0,40,0.3065279091769158,0.006931497910954931,1.715571574018418,303.27060740334645,0.533321308818073,"{""type"":""Point"",""coordinates"":[83.35961586028402,22.607460305055618]}"
584,106.38288483083839,2025-05-01,280.769287835984,535,0,10,0.30258899676375406,5.748860630774288E-4,12.929313448938567,305.4361173084804,1.3066249795358547,"{""type"":""Point"",""coordinates"":[80.27143141124975,23.259211292446803]}"
585,244.81961828360085,2025-05-01,289.47530183337983,700,0,10,0.524822695035461,0.01234786138866184,5.433462602074086,303.5964072545369,2.027696433430358,"{""type"":""Point"",""coordinates"":[81.52596170130096,19.899113297916955]}"
586,215.2456132560022,2025-05-01,291.3447563534691,607,0,10,0.6407052616965153,0.02112193332050083,1.7030133011684851,303.1004995164417,2.2671072098119107,"{""type"":""Point"",""coordinates"":[82.33259603233476,19.35791959561694]}"
587,324.57482082757565,2025-05-01,288.6426427932012,411,0,30,0.2906082006956888,0.0016987018379950314,1.7067992259929838,306.6454446429298,2.4203041371269176,"{""type"":""Point"",""coordinates"":[81.50940242056757,20.410459392459014]}"
588,90.0,2025-05-01,282.5414465041388,436,0,40,0.29792490118577075,0.007106780270078161,0.5068884337525067,304.1690914063227,0.9346221349826441,"{""type"":""Point"",""coordinates"":[83.72613430002589,23.814103312616986]}"
589,321.2673478994317,2025-05-01,287.0178462437221,401,0,10,0.3229491173416407,0.001290067294576147,2.376592460814315,306.7543546131679,1.8724804773249502,"{""type"":""Point"",""coordinates"":[80.4379957534975,20.762231684826485]}"
590,180.0,2025-05-01,290.5004308791387,422,0,10,0.5256117455138662,0.008223160365560034,8.7426734122403,304.1497519810994,1.628608165062946,"{""type"":""Point"",""coordinates"":[80.77373632896216,19.713419963912976]}"
591,286.83873855634806,2025-05-01,293.2946203322637,402,0,10,0.42754875339422366,0.010964482286908606,14.115373402257543,301.3205225354149,1.467407538298189,"{""type"":""Point"",""coordinates"":[83.9366199465369,19.678634812919462]}"
592,147.54835135526474,2025-05-01,294.94699895949594,647,0,10,0.5850878369317419,0.03558146880004642,2.74570956390687,301.33132866450717,1.5300847946513976,"{""type"":""Point"",""coordinates"":[84.25864315582419,19.340045963929665]}"
593,270.0,2025-05-01,289.7242671421596,665,0,10,0.23768018773047267,0.011372610190846899,0.49324481028531075,303.5232696987333,2.397621107464165,"{""type"":""Point"",""coordinates"":[81.94388802248196,19.920075362811588]}"
594,94.50163736253165,2025-05-01,291.20512535458516,717,0,40,0.3626775418365912,0.03713335023257969,5.887708198089866,299.46136261167976,1.0982316226640707,"{""type"":""Point"",""coordinates"":[83.14091163419435,19.132232057098324]}"
595,173.10906257576767,2025-05-01,283.0468059721447,449,0,30,0.2857142857142857,0.0059588246140265255,4.196557601228589,303.41664418720063,0.7098979381951226,"{""type"":""Point"",""coordinates"":[82.2103300763372,23.16234984274431]}"
596,180.0,2025-05-01,281.6143282935733,350,0,40,0.24928492849284928,0.001041232803800085,4.166350197307866,305.5075923828852,0.8228762041211474,"{""type"":""Point"",""coordinates"":[81.00433630983571,24.012521669616312]}"
597,156.9129223771691,2025-05-01,289.2221861339751,345,0,40,0.43881644934804415,0.0043266259226584225,2.5189782874576827,305.9932985305786,2.262402410074809,"{""type"":""Point"",""coordinates"":[80.75415777028273,20.219879071576823]}"
598,312.5150157279707,2025-05-01,281.6646387009394,519,0,40,0.18171765573166238,0.002330019334294775,0.6862010707881933,304.54532954806376,0.6559101465259838,"{""type"":""Point"",""coordinates"":[81.58192385681399,23.535008103860196]}"
599,223.5711863005684,2025-05-01,291.35960824149,663,0,10,0.4655792756056608,0.021394088128545263,6.374310059459675,301.97208736056376,1.8508289547148375,"{""type"":""Point"",""coordinates"":[81.6821185535552,18.906917465068876]}"
600,229.66347356483968,2025-05-01,294.0762714204334,572,0,10,0.4444444444444444,0.021479173758962133,17.359945970481313,302.20885145096554,0.9207303840715515,"{""type"":""Point"",""coordinates"":[81.86098284165153,18.00000639516478]}"
601,88.31620780795728,2025-05-01,292.8432159423828,867,0,10,0.5286795626576956,0.010731532433965185,28.850978061022364,302.55297347477506,1.4291152552800468,"{""type"":""Point"",""coordinates"":[83.69234215438131,19.834038750315532]}"
602,12.116634344437593,2025-05-01,287.74222891671315,283,0,50,0.08822079842286841,0.004641159633138159,2.3702071864931784,306.4642690476917,1.8410983122216549,"{""type"":""Point"",""coordinates"":[81.63899491540027,21.31435388607315]}"
603,64.72961179105282,2025-05-01,291.7596094040644,195,0,10,0.2659613279824881,0.004915490010716894,2.171626312395455,306.6159966332571,1.6464934447048545,"{""type"":""Point"",""coordinates"":[80.40849089121731,19.24251837515799]}"
604,10.291782776192665,2025-05-01,281.3721466064453,473,0,10,0.45478812145478814,0.0018668167385840206,2.8256798921615793,305.45053904397145,1.2563909806843614,"{""type"":""Point"",""coordinates"":[81.14113728007078,23.385163167179662]}"
605,235.3998789872125,2025-05-01,290.8170173281716,279,0,10,0.2867942737654817,0.007886111000516394,17.41042650660683,305.58021840595063,1.5047505123035976,"{""type"":""Point"",""coordinates"":[83.14368579768481,19.827865898502534]}"
606,328.11520089348926,2025-05-01,283.82875932965965,653,0,40,0.31698023338890213,0.012892156103589514,3.8174163105493597,300.58683345431376,0.8256999559705165,"{""type"":""Point"",""coordinates"":[84.33793198152188,23.280704568929465]}"
607,312.62186765843944,2025-05-01,283.10404532296315,1099,0,40,0.22156862745098038,0.010178371528127172,2.0536461446859935,301.36868218013217,0.5120220418821642,"{""type"":""Point"",""coordinates"":[83.55521881661487,23.03697983056099]}"
608,349.9222657619168,2025-05-01,288.61013721284417,436,0,40,0.19995814586167207,0.004964544633367041,2.823787112566903,305.6133052735102,1.858962134147523,"{""type"":""Point"",""coordinates"":[81.9411803003621,20.319764848512584]}"
609,37.843420828953185,2025-05-01,287.75326756068637,367,0,10,0.3030258302583026,0.0015462182554983883,6.432584292470276,306.88091246287024,1.8433420114244299,"{""type"":""Point"",""coordinates"":[80.43051130120517,20.588712948566368]}"
610,143.93976408041266,2025-05-01,291.2888888404483,674,0,10,0.5289284491612462,0.004085137704350927,12.422140773072634,303.4907408668882,0.9068503087959545,"{""type"":""Point"",""coordinates"":[84.35330485819894,20.54946023059041]}"
611,346.79499386809874,2025-05-01,282.685047694615,891,0,10,0.501363073110285,0.00804456994865177,17.09827511370634,302.78313414255774,0.5604903719093595,"{""type"":""Point"",""coordinates"":[83.13839251148661,22.85597000433948]}"
612,180.0,2025-05-01,290.9228057861328,627,0,10,0.6093301733815641,0.017186998585202673,0.463735342881014,302.7530990328108,2.2585662952477015,"{""type"":""Point"",""coordinates"":[82.07226760883158,19.507032462718154]}"
613,107.24024345785173,2025-05-01,288.0230720156715,230,0,40,0.2161678178562292,0.011346875885465124,3.1263026841235524,306.0353023438227,1.602418966684694,"{""type"":""Point"",""coordinates"":[83.09676344484306,21.41448882349665]}"
614,14.729173443089566,2025-05-01,297.56634884788866,38,0,40,0.39908436886854154,0.004553347090222815,1.9172947691595197,303.5762947173345,4.307623460335307,"{""type"":""Point"",""coordinates"":[83.41783409827497,18.016587303076044]}"
615,72.59144428926183,2025-05-01,290.80161321730844,221,0,40,0.7216009417304297,0.004812195161321142,1.5496600675908674,306.2919115793137,1.7155931474193524,"{""type"":""Point"",""coordinates"":[82.9767300857973,19.841708019867923]}"
616,151.83987846275906,2025-05-01,287.9923102969215,347,0,40,0.16194411648957102,0.006365343192555883,3.152861185732101,306.3967816034953,1.9135039330559718,"{""type"":""Point"",""coordinates"":[82.431449304218,20.923904170785118]}"
617,188.6941617388369,2025-05-01,287.1473279680525,330,0,40,0.2869403850614707,0.00241129026744602,3.2803642564486593,306.5203748884655,2.0500560710030813,"{""type"":""Point"",""coordinates"":[80.64945562348431,20.8990833089493]}"
618,141.12446049484777,2025-05-01,290.446533929734,170,0,40,0.2468480424684804,0.0024745605978750973,2.381357790529713,306.1426719029745,1.1749767288029622,"{""type"":""Point"",""coordinates"":[84.01073683304256,21.518990292918396]}"
619,252.87569040835615,2025-05-01,284.80857703799296,574,0,10,0.5972198088618592,0.004850580552556494,3.1467866428930793,303.75705759865895,0.6289164450877984,"{""type"":""Point"",""coordinates"":[83.60730215130516,22.435253982396297]}"
620,19.675574092937556,2025-05-01,289.5520549955822,218,0,10,0.5538232259543735,0.003014221051671484,1.4771741934403255,306.00770864032563,0.9080964458679173,"{""type"":""Point"",""coordinates"":[84.14156382185423,21.21715228060458]}"
621,327.9691096410774,2025-05-01,280.4864044189453,398,0,30,0.21335149863760217,6.282322201514035E-4,3.8234753776104435,305.5927335194179,0.9975287733863861,"{""type"":""Point"",""coordinates"":[80.3767858055946,24.02286284726863]}"
622,184.59861075692828,2025-05-01,291.2276618594215,259,0,10,0.4105970377156818,0.003719358900525549,23.285174705511324,306.29235335758756,1.6560549679775938,"{""type"":""Point"",""coordinates"":[83.27448525752712,20.230068673067294]}"
623,174.35082972217123,2025-05-01,281.9536488850912,480,0,40,0.2870349492671928,0.0032934390101218014,5.112484349488508,304.59882540929885,1.0308710458879207,"{""type"":""Point"",""coordinates"":[81.46064150083812,23.213588989024533]}"
624,98.20127898773073,2025-05-01,294.26519557407926,934,0,10,0.8088786393773422,0.039634390929677465,15.838390289065059,300.2776758557274,0.8379926700671381,"{""type"":""Point"",""coordinates"":[82.25296737350588,17.968183726793196]}"
625,-0.0,2025-05-01,282.151123773484,472,0,10,0.5888009049773756,0.0011416219267630368,0.4637353428839794,304.6662256604149,0.8983943377709483,"{""type"":""Point"",""coordinates"":[81.0520896085333,23.663065709102106]}"
626,-0.0,2025-05-01,284.7854243687221,291,0,40,0.26765518974616737,0.0059532515797400265,0.9274099368611016,305.77643190111434,0.9877175270253509,"{""type"":""Point"",""coordinates"":[81.67733127291635,22.094787743476097]}"
627,132.76463823844625,2025-05-01,284.30684480212983,527,0,10,0.4349775784753363,0.00834630356166599,2.048111460854213,304.7962770462036,0.819782998317112,"{""type"":""Point"",""coordinates"":[81.75462430307458,22.35199204512042]}"
628,270.0,2025-05-01,290.37840125674296,268,0,40,0.29747207524985303,0.005838140109517553,1.4806313943467981,306.06883680252804,1.9747820721735823,"{""type"":""Point"",""coordinates"":[82.62199711599807,20.04643785898496]}"
629,199.62389649947187,2025-05-01,287.77474030994233,355,0,40,0.21236816874400766,0.0024016939196371823,1.47669875619982,306.60977686019174,2.3462228690304845,"{""type"":""Point"",""coordinates"":[81.0126114670485,20.791522629689567]}"
630,-0.0,2025-05-01,288.14875212169835,286,0,40,0.15627804926697916,0.005306928614118078,0.0,306.08771701086135,1.8868966451192486,"{""type"":""Point"",""coordinates"":[81.89151969337864,21.340851827182444]}"
631,28.68257073926404,2025-05-01,285.8607650030227,329,0,30,0.22583600549702246,0.0054387591872000485,1.0571001212801727,304.413790067037,0.7590939903198062,"{""type"":""Point"",""coordinates"":[82.82393729894058,23.94564484046234]}"
632,347.71028937305084,2025-05-01,282.49922761462983,745,0,10,0.36612164813603665,0.016485869148709753,2.371754345145393,302.9639900298345,0.8253259631175466,"{""type"":""Point"",""coordinates"":[82.44416997101877,23.35397574627329]}"
633,160.42379249488093,2025-05-01,288.7357068743025,422,0,30,0.34105385060799076,0.004646881679036596,4.4209696412511,306.1567855562483,2.4760117346912884,"{""type"":""Point"",""coordinates"":[81.13903978211665,20.390557840338722]}"
634,171.4286425520206,2025-05-01,293.588862101237,279,0,30,0.3220800435611217,0.021569251278378943,3.2792993182821277,304.2146236328851,1.5530738812484632,"{""type"":""Point"",""coordinates"":[81.71880378918523,18.593900429730553]}"
635,155.63575158335576,2025-05-01,291.2820935930524,1264,0,10,0.48784313725490197,0.03207668588493107,3.5590023939529134,299.2052067802066,0.9366653906156143,"{""type"":""Point"",""coordinates"":[83.01696116088517,18.85334666637101]}"
636,340.1285376014961,2025-05-01,281.5993368966239,512,0,30,0.1984276192103914,0.0034739069733404904,1.4789900905344828,304.8519178572155,0.9370373573563127,"{""type"":""Point"",""coordinates"":[80.65740502690791,22.74101730575266]}"
637,133.52882941612032,2025-05-01,294.1685042608352,173,0,10,0.43135345666991237,0.016125231245496252,0.6733135030169889,305.1308659598941,1.9499367248567896,"{""type"":""Point"",""coordinates"":[81.15140068733756,18.208994969152897]}"
638,270.0,2025-05-01,292.8208712623233,584,0,10,0.634264725173816,0.021511375168302038,10.160692003706455,301.79758494240895,1.0594752498893416,"{""type"":""Point"",""coordinates"":[82.28787034056813,18.48696408577028]}"
639,291.7902896011489,2025-05-01,282.60851542154944,989,0,10,0.6397019691325173,0.010873361686208227,20.338159397765892,301.34873240334645,0.8173179662011787,"{""type"":""Point"",""coordinates"":[83.97656406381422,23.48992517752479]}"
640,279.5956650194964,2025-05-01,283.9044836135138,602,0,10,0.37216828478964403,0.004437237242200354,5.546636088717754,305.42746775490895,1.286180213809005,"{""type"":""Point"",""coordinates"":[80.72536976140424,21.592565032362366]}"
641,215.13566528694605,2025-05-01,293.0468175978887,732,0,10,0.3026634382566586,0.049665688732602575,8.444379235225309,300.3017760231382,0.5564933085564963,"{""type"":""Point"",""coordinates"":[83.12594222846973,18.680976040121045]}"
642,75.49486252226795,2025-05-01,284.45556713285896,613,0,10,0.3870601589103292,0.0012245617899679928,9.178299625664197,305.62456480662024,1.490116696298679,"{""type"":""Point"",""coordinates"":[80.72932905437818,21.350847656424307]}"
643,202.92171887822906,2025-05-01,296.86431666782926,544,0,30,0.6154898741105638,0.034760131696202734,7.509254462312364,301.70885726383756,2.2040656407974892,"{""type"":""Point"",""coordinates"":[84.30178323138682,18.92708802503868]}"
644,90.0,2025-05-01,298.4478767031715,17,0,10,0.463571889103804,0.007584436992146948,3.901805486396013,303.18767515818274,4.984432810840967,"{""type"":""Point"",""coordinates"":[84.04443928133115,18.311925606776494]}"
645,28.202232868272777,2025-05-01,288.0281001499721,281,0,40,0.6935142537034732,0.005539267519452551,1.0523118074855529,306.4098315011887,1.9202743948813819,"{""type"":""Point"",""coordinates"":[81.5760323047996,21.186459354480515]}"
646,226.5136486900861,2025-05-01,297.66965520949594,25,0,50,0.28974535443909155,0.014564155796506384,0.6738395496486019,303.63293534233463,2.8210957541149413,"{""type"":""Point"",""coordinates"":[83.94758181279146,18.466370472709055]}"
647,287.35858111079057,2025-05-01,289.0172882080078,336,0,40,0.3493520518358531,0.0046530209574484616,1.5539814216035455,306.1882796968733,2.294480840996691,"{""type"":""Point"",""coordinates"":[80.79696555836553,20.320893714754302]}"
648,227.4976573380212,2025-05-01,280.7900223504929,414,0,40,0.5207488299531982,5.241774115347653E-4,5.4744754430535325,305.44082573481967,1.2902156494185717,"{""type"":""Point"",""coordinates"":[80.6799798097477,23.593784352877222]}"
649,331.82365910752145,2025-05-01,288.5723070417132,310,0,40,0.15959237926451042,0.005497529366948584,1.0520570278120447,306.37625053950717,1.96593489337059,"{""type"":""Point"",""coordinates"":[81.68902391257937,21.025395722381358]}"
650,78.4888762919276,2025-05-01,285.3072865804037,637,0,10,0.7121771217712177,0.008536382773854712,13.677306787925062,302.4414767764864,0.6856911313787604,"{""type"":""Point"",""coordinates"":[84.26188727301717,23.588007013549852]}"
651,125.90236661571956,2025-05-01,288.4972105480376,482,0,10,0.42245153220762977,0.004648401597478369,20.438833685292483,305.1976500465757,2.1200198493317495,"{""type"":""Point"",""coordinates"":[81.44300845066306,20.20847794803108]}"
652,133.18298766253346,2025-05-01,291.430426461356,205,0,40,0.29773419901947795,0.004214762905576208,1.3550730640064472,306.23653234754295,1.5997482252955586,"{""type"":""Point"",""coordinates"":[83.40308628150494,20.198352290216192]}"
653,233.51362180338117,2025-05-01,286.39434015183224,366,0,40,0.24848184409468335,0.005477993944623449,3.116470734298139,304.04667813437317,0.49196379308207244,"{""type"":""Point"",""coordinates"":[83.81730718631012,22.40807048899805]}"
654,312.4411504561874,2025-05-01,282.28104727608815,403,0,30,0.3505,0.0011393718514227658,1.374138014762966,305.0446029390608,0.8236525013376799,"{""type"":""Point"",""coordinates"":[81.10414684564336,23.873116405552533]}"
655,290.23349064841875,2025-05-01,281.21023486909417,659,0,40,0.3124798452112222,0.003252013782002905,2.679841903999976,304.5202818825132,1.0137537826717202,"{""type"":""Point"",""coordinates"":[80.60367971572545,22.855960321036086]}"
656,306.0872876755092,2025-05-01,287.58114842006137,314,0,10,0.4489051094890511,0.0041689567360663204,8.5954620079713,306.0398712612334,1.28351896741947,"{""type"":""Point"",""coordinates"":[83.63502358354944,21.927631238968857]}"
657,169.58324570778257,2025-05-01,292.1947958809989,864,0,10,0.45452073419442557,0.021295144418218115,35.28851743044278,300.8745066779001,0.9391297753049856,"{""type"":""Point"",""coordinates"":[82.448156929566,18.419175523227974]}"
658,107.07946745362653,2025-05-01,281.63205755324594,506,0,10,0.32801531589023614,0.0024115286860251217,1.5785890840692034,305.3020782924833,1.0100672537600168,"{""type"":""Point"",""coordinates"":[80.35361570775136,22.81799815942823]}"
659,140.1475819632093,2025-05-01,291.1359696161179,533,0,10,0.45983167559296095,0.004822819689252356,21.31042810820196,304.2459259487334,1.3548895495046651,"{""type"":""Point"",""coordinates"":[83.73345992412158,20.119542991257063]}"
660,183.4447441268303,2025-05-01,283.54734656924296,686,0,10,0.3402843601895735,0.01226316318843601,8.303894577583101,304.08067180996846,0.6844012778791265,"{""type"":""Point"",""coordinates"":[82.06704484731263,22.64191146272647]}"
661,125.27284550954523,2025-05-01,291.28615679059715,212,0,30,0.2555688622754491,0.005998402098157385,2.4077709839652424,306.3982522601173,1.6519794754649026,"{""type"":""Point"",""coordinates"":[80.40600382032395,19.41992676450963]}"
662,121.93189066559347,2025-05-01,288.12329755510603,307,0,30,0.26337395766516997,0.008447542050816992,3.502802964934548,306.45752611614404,1.5855105334538948,"{""type"":""Point"",""coordinates"":[82.63677588370669,20.800239533218917]}"
663,335.28687969164804,2025-05-01,287.8489881243025,339,0,10,0.23471971066907776,0.01133710072372196,3.568884176743344,306.276838802156,1.820987549584575,"{""type"":""Point"",""coordinates"":[82.29247842792311,21.374415516213972]}"
664,98.71050890937408,2025-05-01,293.0468175978887,499,0,10,0.6211562115621156,0.049665688732602575,30.451246504773398,300.3017760231382,0.5564933085564963,"{""type"":""Point"",""coordinates"":[83.13355264511061,18.7176892741073]}"
665,180.0,2025-05-01,280.32446361723396,614,0,40,0.1482889733840304,0.0021732591185354977,2.3174627380815918,304.83779839106967,1.4428293936295262,"{""type"":""Point"",""coordinates"":[80.8828306944914,23.299109409479286]}"
666,287.49471158558606,2025-05-01,291.87291971842444,296,0,10,0.2904226444358278,0.004730939129331091,1.5422689751304408,305.6297150112333,1.651141496871103,"{""type"":""Point"",""coordinates"":[80.45286412599388,18.987387470558883]}"
667,280.5410458762184,2025-05-01,287.78584289550787,295,0,40,0.42007732302359685,0.015285908440091589,2.5333090996676058,305.6338944662185,1.5948643874630604,"{""type"":""Point"",""coordinates"":[82.69281882938077,21.502865736488076]}"
668,132.8072350820047,2025-05-01,286.34627351306733,287,0,40,0.3532872857508314,0.008665397027471045,1.3646346173283224,305.81925532931376,1.148763540784925,"{""type"":""Point"",""coordinates"":[83.03551314739312,22.143073467018812]}"
669,127.0644032382315,2025-05-01,292.460705711728,492,0,10,0.519916142557652,0.015888705113866308,6.13192772954155,303.41941111428395,1.3510683133855454,"{""type"":""Point"",""coordinates"":[80.86570784498225,19.239867882636695]}"
670,90.0,2025-05-01,287.3290790376209,351,0,40,0.24408206207259336,0.0021232210192465573,0.9923904417653395,306.8204702195667,2.1279937040609065,"{""type"":""Point"",""coordinates"":[80.66448357291449,20.85167613625082]}"
671,180.0,2025-05-01,293.4850325811477,133,0,10,0.46867321867321865,0.004869043091275671,0.463735342881014,305.33025328318274,1.9514529767377287,"{""type"":""Point"",""coordinates"":[80.83997265439527,18.301717728171106]}"
672,144.38268996942713,2025-05-01,287.98860749744233,287,0,40,0.375572930709086,0.012785284975507238,1.7108873884471978,305.6365509487334,1.624854941909832,"{""type"":""Point"",""coordinates"":[83.03101429091045,21.472353603054618]}"
673,107.48366371912155,2025-05-01,291.20512535458516,826,0,40,0.3024902035140943,0.03713335023257969,3.084189415149098,299.46136261167976,1.0982316226640707,"{""type"":""Point"",""coordinates"":[83.11331233997119,19.098349576941963]}"
674,203.010139315493,2025-05-01,282.151123773484,505,0,10,0.4129711751662971,0.0011416219267630368,8.994367270826148,304.6662256604149,0.8983943377709483,"{""type"":""Point"",""coordinates"":[81.08355985592445,23.69273135384231]}"
675,90.0,2025-05-01,291.80270603724887,827,0,40,0.3384860753281806,0.028996645668485144,0.48998844762866667,300.1370915458316,1.3132730105022192,"{""type"":""Point"",""coordinates"":[82.8207977457844,18.840536825911354]}"
676,18.617600114147834,2025-05-01,285.2197098504929,346,0,30,0.2623848933442126,0.004605545857884863,6.335640842044891,304.4842362630935,0.6731117023487773,"{""type"":""Point"",""coordinates"":[82.47438819697044,24.02603776010535]}"
677,64.67495363066072,2025-05-01,292.54167320614766,618,0,10,0.5909638554216867,0.025524079063870886,2.167251838084281,302.011963662647,1.5970463994966826,"{""type"":""Point"",""coordinates"":[81.95632900837553,18.83260592118003]}"
678,69.27724154843287,2025-05-01,292.71271696544824,561,0,10,0.6610985703536494,0.021745666125752905,2.619342037308916,302.6403467541649,1.7882903678658022,"{""type"":""Point"",""coordinates"":[82.13348421341294,18.949918098812226]}"
679,10.188847920109167,2025-05-01,284.2050090971447,298,0,40,0.3358802929003502,0.005169808128812292,2.8247644347939223,305.89529932112924,1.0415206150289826,"{""type"":""Point"",""coordinates"":[81.43259516517553,21.978131864205917]}"
680,350.0646224441994,2025-05-01,294.5828399658203,127,0,30,0.28270042194092826,0.009273140886762121,2.822551454087812,305.4919906343733,2.2113246699909,"{""type"":""Point"",""coordinates"":[81.08558560596573,17.920165780524428]}"
681,294.7921869730642,2025-05-01,284.43972124372203,366,0,10,0.527386968993307,0.007676272848584631,5.512550255438319,304.80121798742385,0.6539270627242877,"{""type"":""Point"",""coordinates"":[83.01212719189094,22.512194977912227]}"
682,41.22313745603577,2025-05-01,283.6559426443917,449,0,30,0.22833991273633908,0.007825493076779821,3.0798340731604723,304.4145748047602,0.6977870321945561,"{""type"":""Point"",""coordinates"":[82.11837498507789,24.06476137977486]}"
683,313.04030916371806,2025-05-01,288.2533256894066,304,0,40,0.22689401278821933,0.0030277811083578854,0.6794360292440362,306.44252309345063,2.0914769283151067,"{""type"":""Point"",""coordinates"":[81.513223117128,20.960136182245204]}"
684,35.477552052441276,2025-05-01,288.38836451939176,332,0,40,0.24179620034542315,0.009294196227529028,1.7079097768304758,306.26292278653096,1.406078134119141,"{""type"":""Point"",""coordinates"":[82.73727175162033,20.705753849999645]}"
685,12.254865917223954,2025-05-01,282.8253064836775,600,0,40,0.16840138777688818,0.007040812829472998,2.371440962054185,303.4237882069179,0.7084651793888477,"{""type"":""Point"",""coordinates"":[82.8956173646888,22.961001625279568]}"
686,263.41292697895125,2025-05-01,284.4804985409691,700,0,10,0.6274278987639789,0.010291501143910864,4.035968836040224,304.28820877983463,0.5959667883493984,"{""type"":""Point"",""coordinates"":[82.7894382219697,22.51139896690022]}"
687,135.36574002055144,2025-05-01,293.9525328136626,373,0,10,0.5282392026578073,0.01398914978835819,26.06264240890271,301.3702109654745,1.5244366317498055,"{""type"":""Point"",""coordinates"":[84.00286169090109,19.57865853611307]}"
688,122.30710895119907,2025-05-01,293.6476883661179,227,0,10,0.29053708439897696,0.017063274243810156,3.4665410604475113,304.10642864590596,1.7586850860868728,"{""type"":""Point"",""coordinates"":[81.23826619867488,18.464812039963668]}"
689,170.95356601905397,2025-05-01,293.02730378650483,991,0,10,0.7475102519039251,0.045144676426389196,15.13426747168095,298.8424254372006,0.9574997411797482,"{""type"":""Point"",""coordinates"":[82.16561756685654,17.89255183992005]}"
690,160.0065959616804,2025-05-01,282.20585196358815,430,0,20,0.3150039277297722,0.001956789949872473,2.9582900825899747,304.9592990421114,0.8445318477838875,"{""type"":""Point"",""coordinates"":[81.29123778185972,23.62975780133342]}"
691,207.9102656196516,2025-05-01,291.92967078799296,631,0,30,0.35236815586160564,0.016825362304189184,2.098212982906799,303.05667627425413,1.954321254044655,"{""type"":""Point"",""coordinates"":[81.5421086303432,19.27790887006699]}"
692,39.116465923001456,2025-05-01,281.3552892775763,794,0,30,0.1949481865284974,0.0031762711796545773,2.389469856102443,303.1924068360101,1.2153848156624263,"{""type"":""Point"",""coordinates"":[81.08673256419534,22.73057487932994]}"
693,243.20688369212976,2025-05-01,291.0267980666388,363,0,10,0.41544278028209974,0.0016958557162070065,31.40377207047853,306.31741264888217,0.7743161515711817,"{""type"":""Point"",""coordinates"":[84.28963612542738,20.657181408402174]}"
694,115.24594273074433,2025-05-01,291.9077504475912,542,0,30,0.29178787200716044,0.026565551022031286,1.0871857206626667,302.2389679409208,1.7010545913536503,"{""type"":""Point"",""coordinates"":[81.20058599856412,19.42288854781835]}"
695,291.9338133228016,2025-05-01,290.84298342750185,233,0,10,0.2852212111703797,0.006124167898633459,3.719278463770531,306.0009366444179,1.5712459120961826,"{""type"":""Point"",""coordinates"":[83.07332207499283,20.016472015963114]}"
696,-0.0,2025-05-01,291.85486493791853,498,0,30,0.27136690647482015,0.027013733247258642,1.3909630807829783,302.8816158203852,1.9127106786854238,"{""type"":""Point"",""coordinates"":[81.29481475222244,19.47264179305053]}"
697,99.35261480340883,2025-05-01,292.09365190778465,650,0,10,0.5643702157272095,0.02619284317825077,21.724499082909475,301.36882750193274,1.4173787738327575,"{""type"":""Point"",""coordinates"":[82.4469999785894,18.73369613982101]}"
698,34.521096103302604,2025-05-01,284.68931434268046,404,0,10,0.38732197710136834,0.00717636869285343,6.167464589687173,304.91649886540006,0.7993221565630703,"{""type"":""Point"",""coordinates"":[81.87537656277345,22.303677713304303]}"
699,270.0,2025-05-01,288.4331410725911,294,0,40,0.25541851275296373,0.00895064995620487,0.49770091074231454,306.0930648531233,1.9260291607315292,"{""type"":""Point"",""coordinates"":[82.2354492862136,21.290284475288367]}"
700,6.116538912990371,2025-05-01,287.83993166968935,263,0,40,0.46773318872017355,0.010618626335599402,4.653744832757283,306.4610487165905,1.7813124688342294,"{""type"":""Point"",""coordinates"":[82.72954685301909,21.06513978540174]}"
701,258.46440156809575,2025-05-01,280.58268301827565,612,0,10,0.2799090650753055,6.365321669363766E-4,4.627903560300001,305.42560763586135,1.3335857227519838,"{""type"":""Point"",""coordinates"":[80.43182348076078,23.300315690090866]}"
702,47.18398319591243,2025-05-01,284.4974023728144,300,0,40,0.208955223880597,0.005303933480718115,0.6823012015935991,305.6228267578852,0.9690822728241678,"{""type"":""Point"",""coordinates"":[81.58757100912325,22.100153161506384]}"
703,293.4077934220893,2025-05-01,290.06992957705546,893,0,10,0.6176628971459343,0.006898447135426977,6.969359040785818,303.4941588356382,1.595283337013377,"{""type"":""Point"",""coordinates"":[83.97962970556628,20.289883792028046]}"
704,294.7160898826469,2025-05-01,283.5557694208054,459,0,10,0.43299937382592363,0.007414802173116186,5.528353257589453,303.74389725639713,0.8155292218764741,"{""type"":""Point"",""coordinates"":[82.69128255132597,22.989626574584758]}"
705,226.4951820855451,2025-05-01,294.06448291596917,158,0,10,0.3163265306122449,0.007008790234067419,2.692583082075399,305.68899468013217,1.8707575353833015,"{""type"":""Point"",""coordinates"":[80.9201438516953,18.354395475004527]}"
706,-0.0,2025-05-01,288.1494612920852,375,0,80,0.25916055962691537,0.0026673369202399044,0.0,306.0407955078852,2.1606394690792055,"{""type"":""Point"",""coordinates"":[81.66260536142941,20.52460214584097]}"
707,299.48992619810156,2025-05-01,291.7897433326358,522,0,10,0.2720011017766148,0.022502481201627234,5.634094531350991,303.0792999721709,1.98617297048942,"{""type"":""Point"",""coordinates"":[81.3968793272807,19.513167622220003]}"
708,55.575709263281404,2025-05-01,280.97707475934715,355,0,10,0.24757408864411226,5.874030384802609E-4,2.45947384263347,305.5911931083316,0.9645578492743083,"{""type"":""Point"",""coordinates"":[80.68621174310935,23.966253218517494]}"
709,299.07246969170484,2025-05-01,282.1702539353144,602,0,40,0.2,0.004003524044492224,2.86074466847578,305.01731731778096,1.1307365430738023,"{""type"":""Point"",""coordinates"":[80.80460766562739,22.088509515524596]}"
710,150.62758032762287,2025-05-01,294.93457685198103,641,0,10,0.6422721268163805,0.014037921288945654,24.47047129261257,301.6659873326619,1.4644704129844104,"{""type"":""Point"",""coordinates"":[84.02029319671998,19.481876253972786]}"
711,-0.0,2025-05-01,292.0108591715495,574,0,40,0.772199730094467,0.023410319546201208,0.0,301.2758913040161,1.5786056855555264,"{""type"":""Point"",""coordinates"":[82.54784263840783,18.836337831578515]}"
712,287.15108935729074,2025-05-01,285.2386598132906,346,0,10,0.5730114106168348,0.005004479745366552,1.5721970606732878,305.99353685833154,1.0145226463258155,"{""type"":""Point"",""coordinates"":[83.19999442281592,22.20328752947388]}"
713,155.26731994471385,2025-05-01,286.3953283400763,264,0,80,0.2276176024279211,0.0028223686013006954,3.5694437402508568,306.39908350081674,1.6708548091607478,"{""type"":""Point"",""coordinates"":[81.37451711870526,21.50553816242394]}"
714,207.75080116461714,2025-05-01,294.3540918259394,92,0,10,0.3566084788029925,0.0053786031994604855,1.047917848116583,306.15738428206674,2.1002049554370634,"{""type"":""Point"",""coordinates"":[80.85537283177555,18.13723779107744]}"
715,270.0,2025-05-01,295.3224174862816,323,0,10,0.5249849488260084,0.024945750096776464,22.673280301780423,302.84813949040006,1.3925167458304342,"{""type"":""Point"",""coordinates"":[83.18080477283203,18.314256986596757]}"
716,270.0,2025-05-01,292.3370542980376,108,0,40,0.24378777703156482,0.003610178092458227,0.9804514110620391,306.9916476749239,1.9187573411103083,"{""type"":""Point"",""coordinates"":[80.29154308293685,18.93448863557497]}"
717,123.10376826694176,2025-05-01,284.37455894833516,434,0,40,0.18254193915268696,0.004973232010343054,4.237787504547642,304.18191460200717,0.6466974076058752,"{""type"":""Point"",""coordinates"":[82.35832700502164,24.108070859944913]}"
718,266.3819674090524,2025-05-01,291.8719315301804,875,0,10,0.5730941704035875,0.022293432811238745,7.308929705576741,300.64689204806376,1.0830502647416722,"{""type"":""Point"",""coordinates"":[82.44531082565811,18.475525178746526]}"
719,294.9488693027741,2025-05-01,287.12397766113287,299,0,30,0.1940440738534842,0.003201126316525915,1.0992848170337686,306.316651162647,1.6670841381094843,"{""type"":""Point"",""coordinates"":[81.84404570324337,21.496020460217395]}"
720,90.0,2025-05-01,281.46148463657926,482,0,40,0.26458752515090544,0.0030809782538199215,0.504533889940061,304.560303506397,1.166053921948537,"{""type"":""Point"",""coordinates"":[81.4178913530382,23.19993557497217]}"
721,141.51314181852422,2025-05-01,295.24732099260603,185,0,40,0.3535257927117842,0.012170507768132666,2.368473938669566,302.8648689360845,1.313939771048746,"{""type"":""Point"",""coordinates"":[83.83075599035199,19.382579074138224]}"
722,349.93449359845675,2025-05-01,288.5892980666388,649,0,10,0.4697752338405696,0.008801414826848486,2.823680248991253,304.19742334456674,2.222069813825619,"{""type"":""Point"",""coordinates"":[81.81671128424236,20.126462707931484]}"
723,313.8911145859712,2025-05-01,283.1141248430525,604,0,10,0.4727868852459016,0.008343174317815283,13.775306924669833,303.90966874077213,0.7719164840260232,"{""type"":""Point"",""coordinates"":[82.85047960684716,23.62121224401768]}"
724,180.0,2025-05-01,285.4970419747489,332,0,40,0.20754716981132076,0.0025032900366568356,0.9274099368670311,306.50339548928395,1.2372626542124499,"{""type"":""Point"",""coordinates"":[80.25819602982648,21.398614453785438]}"
725,180.0,2025-05-01,288.7892899286179,169,0,10,0.730944102701257,0.0033610455784582882,0.463735342881014,307.35452202388217,1.405927450701348,"{""type"":""Point"",""coordinates"":[83.57364436159389,21.13206341782507]}"
726,190.2474514174696,2025-05-01,281.4866194952102,884,0,10,0.38225563909774435,0.004464983204343298,8.421553924944964,302.8559636161441,1.2472589005477492,"{""type"":""Point"",""coordinates"":[81.06687933882438,22.79254955958321]}"
727,28.246055434125132,2025-05-01,291.21764628092444,185,0,40,0.6696542893725992,0.0030994556937002926,1.0527437971685845,305.8722745350429,1.2114420836031632,"{""type"":""Point"",""coordinates"":[83.83467373780697,21.45610118543808]}"
728,96.77791060095892,2025-05-01,294.241688319615,195,0,10,0.5215426333232901,0.011595546463468054,3.9231995876272556,305.3434717541649,2.096502768088164,"{""type"":""Point"",""coordinates"":[81.24942138050686,18.045212845703386]}"
729,31.931588472937182,2025-05-01,291.18897138323103,556,0,10,0.529482551143201,0.005269631007649878,21.356396266397834,303.720948037647,1.3529684097971137,"{""type"":""Point"",""coordinates"":[83.82370437533055,20.069966024616992]}"
730,274.1027966154837,2025-05-01,288.4988497779483,308,0,10,0.265336072791312,0.007156863072850683,6.4543279920730185,306.06829039255774,2.024175360118774,"{""type"":""Point"",""coordinates"":[82.21100435212615,21.1738703974821]}"
731,39.10206189349286,2025-05-01,292.48183550153465,390,0,10,0.5017337956788477,0.011852174261548498,7.721605062202177,303.6517806734358,1.5484492131369643,"{""type"":""Point"",""coordinates"":[81.14700852895109,18.832114594363954]}"
732,203.89254393710715,2025-05-01,292.91528974260603,757,0,10,0.41112200588317693,0.008897974351384619,11.99468566491629,302.0538919085548,1.4608727310092555,"{""type"":""Point"",""coordinates"":[83.82154332821885,19.848466244577864]}"
733,227.64315495340148,2025-05-01,293.54094659714474,871,0,30,0.6203265679841294,0.048358305552937964,15.445740091876292,298.9372159412929,0.953331639926184,"{""type"":""Point"",""coordinates"":[82.26637174749592,17.938497635604165]}"
734,347.79259597038885,2025-05-01,281.73350379580546,503,0,10,0.3990879918932613,0.002780362227895239,2.3710156457661316,305.81086154211135,0.8631528827390913,"{""type"":""Point"",""coordinates"":[80.52116649877729,22.41363200444467]}"
735,238.07303872009396,2025-05-01,288.17659577869233,362,0,10,0.257372654155496,0.003153502205350378,6.980570364404522,306.45132959456674,1.8665934997886684,"{""type"":""Point"",""coordinates"":[82.04659214455137,20.829033037027592]}"
736,138.19230569962372,2025-05-01,293.1980510893322,720,0,30,0.5420023014959724,0.02223567591045139,11.657369222559792,300.67503216153096,1.5600773746036876,"{""type"":""Point"",""coordinates"":[84.07212108911442,19.680210666351087]}"
737,166.48955191783764,2025-05-01,281.3597651890346,703,0,10,0.3810501613376357,0.004332467177846411,4.2844900405052755,304.4557241258167,1.2000393071119642,"{""type"":""Point"",""coordinates"":[80.88716105170977,22.349933717630964]}"
738,180.0,2025-05-01,287.73360261462983,262,0,40,0.19371069182389938,0.0073047272953772335,0.9274099368611016,305.85395236242385,1.6279689007833713,"{""type"":""Point"",""coordinates"":[82.06253509850426,21.56702021993783]}"
739,252.44919692689376,2025-05-01,293.3357173374721,93,0,40,0.4492006188757091,0.0026562951597952633,1.5374966564378139,307.54248705364404,2.0046037008550583,"{""type"":""Point"",""coordinates"":[80.37513008230182,18.4093692031566]}"
740,90.0,2025-05-01,282.43295506068637,568,0,10,0.32419609910384817,0.007172643402554968,10.94372481567227,302.96527467455184,1.0272996333971551,"{""type"":""Point"",""coordinates"":[81.75426837515663,22.942495859851963]}"
741,11.17790147222544,2025-05-01,279.5451667422341,741,0,30,0.1547835105003889,0.0037895284685873776,5.185635393843607,303.58121821993876,1.4385027301575783,"{""type"":""Point"",""coordinates"":[81.1915684574071,23.057799936139233]}"
742,270.0,2025-05-01,291.9341466994513,99,0,80,0.07015250544662309,0.004193647960164526,0.4904233101340202,306.5675812221709,1.8626428823440617,"{""type"":""Point"",""coordinates"":[80.2716985094811,18.989092489167938]}"
743,65.39391604788965,2025-05-01,280.3787151518322,453,0,40,0.18911785605522283,6.091885361456661E-4,1.1136222595794536,305.2907025019328,1.1831958124655013,"{""type"":""Point"",""coordinates"":[80.45876649039796,23.662232928503585]}"
744,288.8390063452425,2025-05-01,289.03057643345426,577,0,10,0.3931561169040975,0.00495207236144779,5.725443315620702,305.3340897787185,2.2304457563413145,"{""type"":""Point"",""coordinates"":[81.55660374679303,20.237737812909984]}"
745,180.0,2025-05-01,287.0399002801804,369,0,30,0.24433013794715921,0.0016523145231985836,0.4637353428839794,306.48570110684346,1.9296050894779049,"{""type"":""Point"",""coordinates"":[80.50911986760931,20.779791261549082]}"
746,139.61664160121217,2025-05-01,283.35961405436194,573,0,10,0.23246492985971945,0.007077529290654638,5.46266291440089,304.4172487258911,0.8976954103331529,"{""type"":""Point"",""coordinates"":[83.33740190100323,23.875843631019993]}"
747,60.783090504285575,2025-05-01,285.6629587809245,417,0,10,0.29318181818181815,0.001765548447110632,5.681721256569782,306.63104034605476,1.793773144056855,"{""type"":""Point"",""coordinates"":[80.71099659345106,21.23319668154553]}"
748,51.14826547891529,2025-05-01,291.7984510149274,589,0,10,0.50625,0.008033796409108618,4.4267527882042215,302.26026630401617,1.4037553383899248,"{""type"":""Point"",""coordinates"":[83.85368568352683,19.989176526709137]}"
749,121.61617273147111,2025-05-01,283.54734656924296,518,0,10,0.44565060066579826,0.01226316318843601,5.2926646349786415,304.08067180996846,0.6844012778791265,"{""type"":""Point"",""coordinates"":[82.14905259160442,22.573578907840744]}"
750,75.94369005591597,2025-05-01,295.81811014811194,323,0,10,0.5626248216833095,0.010714381197431067,16.695425112004457,303.06915651048934,1.4614044818622125,"{""type"":""Point"",""coordinates"":[83.63024765072653,18.94177181283541]}"
751,340.0397326958604,2025-05-01,282.54067339215965,559,0,40,0.22934095082636197,0.005455821016767004,1.4798204892020863,303.47666209084645,0.6855262168883819,"{""type"":""Point"",""coordinates"":[83.34149273935634,23.392307265668183]}"
752,208.24469030356497,2025-05-01,287.07485889253167,292,0,40,0.406048994115232,0.0034377865586066036,1.0527303254778644,306.42211409977506,1.760378240300893,"{""type"":""Point"",""coordinates"":[81.48183527207541,21.44785341357007]}"
753,72.61556146257156,2025-05-01,291.1359696161179,328,0,10,0.521824838073782,0.004822819689252356,6.1843580621080605,304.2459259487334,1.3548895495046651,"{""type"":""Point"",""coordinates"":[83.66406161719293,20.074524774462216]}"
754,324.54499815168543,2025-05-01,290.0374763125465,163,0,40,0.3504273504273504,0.0015432380232596188,1.7074312548157142,307.14400886353997,1.8306613456121912,"{""type"":""Point"",""coordinates"":[83.7800334218492,20.57940493956266]}"
755,312.7438620118298,2025-05-01,284.4804985409691,358,0,10,0.4920721705850191,0.010291501143910864,4.771775630108683,304.28820877983463,0.5959667883493984,"{""type"":""Point"",""coordinates"":[82.82072462926155,22.452662408850614]}"
756,313.5821560985665,2025-05-01,296.8269805908203,75,0,30,0.5278214397988054,0.002532108882405737,1.3451242143489828,303.9315018880935,2.742601438796905,"{""type"":""Point"",""coordinates"":[83.12766758535749,17.881487577149336]}"
757,19.749276151322466,2025-05-01,284.87677946544824,291,0,40,0.2102728731942215,0.005006536105611303,1.477854866934387,306.03082061949226,1.2456338388379447,"{""type"":""Point"",""coordinates"":[81.4279375903563,21.806023362839042]}"
758,334.946175174646,2025-05-01,297.05574035644526,41,0,10,0.33770319874147875,0.007513492563703039,4.597307313081653,304.0302974610102,2.650553385807359,"{""type"":""Point"",""coordinates"":[83.32830845331861,18.051224668011418]}"
759,82.52720522588282,2025-05-01,280.0236591157459,628,0,10,0.350599256095881,7.925622257971554E-4,7.0950161960597375,304.8578644252958,1.4135325674866497,"{""type"":""Point"",""coordinates"":[80.66711237454301,23.33812010686179]}"
760,180.0,2025-05-01,282.1702539353144,578,0,40,0.2267005427878508,0.004003524044492224,0.4637353428839794,305.01731731778096,1.1307365430738023,"{""type"":""Point"",""coordinates"":[80.75076314800201,22.058045130418634]}"
761,-0.0,2025-05-01,288.3832143147786,294,0,40,0.16102292768959436,0.005750625589826086,1.8543341688414132,306.22910930996846,1.9394460485525808,"{""type"":""Point"",""coordinates"":[81.6732818257218,21.082785756963574]}"
762,294.8719084300858,2025-05-01,286.49378095354353,229,0,10,0.2997090203685742,0.005735307196118811,1.1024681515345387,305.9900433222453,1.266841695442145,"{""type"":""Point"",""coordinates"":[83.20893412156772,22.001155904637976]}"
763,-0.0,2025-05-01,289.7672998337519,176,0,10,0.33710407239819007,0.0024745307955527096,0.0,307.31211130959645,1.832459907903008,"{""type"":""Point"",""coordinates"":[83.46653587158029,20.76725075371109]}"
764,327.3360194912583,2025-05-01,288.5443471272786,342,0,40,0.6911076443057722,0.0037891261372351437,2.752204101240581,306.83275281815304,1.6328705088820372,"{""type"":""Point"",""coordinates"":[82.16034974103273,20.62750077172494]}"
765,144.5395727975452,2025-05-01,290.0374763125465,189,0,10,0.49783549783549785,0.0015432380232596188,8.47784221890117,307.14400886353997,1.8306613456121912,"{""type"":""Point"",""coordinates"":[83.82199829506636,20.610008990127373]}"
766,310.92103939701866,2025-05-01,284.30684480212983,568,0,10,0.4119070667957406,0.00834630356166599,10.500660413492692,304.7962770462036,0.819782998317112,"{""type"":""Point"",""coordinates"":[81.7853081344845,22.38252539106101]}"
767,196.14734195313827,2025-05-01,291.10957917712983,536,0,10,0.5207888249794577,0.014470993736722448,10.502198022330209,302.78053578876313,1.5474555990985863,"{""type"":""Point"",""coordinates"":[80.90326745813029,19.616298862700404]}"
768,247.7392137324689,2025-05-01,283.90532066708516,464,0,30,0.28085443037974683,0.006404592851140478,4.884830200652571,303.71958201272145,0.742363701136872,"{""type"":""Point"",""coordinates"":[82.65143496027318,22.928050723283047]}"
769,221.44658969632727,2025-05-01,295.04829988025483,470,0,30,0.5087330191294704,0.01881979332301853,7.38301683919353,302.62087944575717,1.3782022745427593,"{""type"":""Point"",""coordinates"":[83.65337127213564,19.320501603678647]}"
770,180.0,2025-05-01,292.3370542980376,107,0,40,0.18470034771937002,0.003610178092458227,0.463735342881014,306.9916476749239,1.9187573411103083,"{""type"":""Point"",""coordinates"":[80.31349070169874,18.908073151954174]}"
771,107.48305726968626,2025-05-01,291.5397433326358,586,0,10,0.6349017272185825,0.01611840651366947,1.543264440226586,302.42654932112924,1.9450048879889275,"{""type"":""Point"",""coordinates"":[82.42274636846956,19.10497117233585]}"
772,190.05612402726135,2025-05-01,289.1072017124721,619,0,40,0.41592138677266205,0.010448648789861181,2.8235983455103995,303.8639156250727,2.234164656301818,"{""type"":""Point"",""coordinates"":[81.77770021763509,19.976896246407858]}"
773,19.70372171971149,2025-05-01,284.7481464204334,341,0,10,0.6327368729832795,0.0013327889237189083,2.952905427332557,306.20356173742385,1.4207407100628222,"{""type"":""Point"",""coordinates"":[80.59330721532324,21.443954012715494]}"
774,12.038806708274077,2025-05-01,288.7943064371745,364,0,10,0.3766629711751663,0.003614901760556677,9.39827629135123,306.34397166115895,1.8954933432667946,"{""type"":""Point"",""coordinates"":[80.53701898246912,20.31412600241486]}"
775,60.771156669034944,2025-05-01,289.5421498616536,233,0,10,0.6095882283137534,0.002949564913251379,2.8468034236678683,306.14664209456674,0.8632182497407412,"{""type"":""Point"",""coordinates"":[84.15315916171716,21.161512286441233]}"
776,103.10486968447526,2025-05-01,287.79203941708516,268,0,40,0.20481040618480795,0.013313099006154516,2.0444593871755257,305.94932996659054,1.6873517575949681,"{""type"":""Point"",""coordinates"":[82.91830515687617,21.37963151926162]}"
777,-0.0,2025-05-01,288.0221419561477,343,0,30,0.24351734470439093,0.003911926606633642,0.0,306.441389583406,1.9098758270780263,"{""type"":""Point"",""coordinates"":[82.20366604244153,20.903993692522107]}"
778,133.36254416823235,2025-05-01,296.3173370361328,103,0,40,0.25693160813308685,0.011630519488790014,1.3505715511441292,303.92272445133756,1.3917065809941707,"{""type"":""Point"",""coordinates"":[83.78222880941868,19.192900830131208]}"
779,-0.0,2025-05-01,291.07402183896016,583,0,40,0.1762290875500359,0.017986073354222754,1.390963080774087,302.85894561949226,1.9243542973035057,"{""type"":""Point"",""coordinates"":[82.71244726263184,19.28476318216596]}"
780,72.72175925827356,2025-05-01,288.16636512393046,286,0,40,0.5987087161658803,0.005386888245084265,1.5609817633652652,306.4257064546858,1.9458540898504963,"{""type"":""Point"",""coordinates"":[81.57721801858897,21.069285936425626]}"
781,180.0,2025-05-01,292.00982448032926,614,0,40,0.18637448470384033,0.006416573384740332,1.390963080774087,303.3520108631679,1.3710166824897834,"{""type"":""Point"",""coordinates"":[83.83982449735443,19.964465295015117]}"
782,180.0,2025-05-01,290.2470245361328,228,0,30,0.2690677966101695,0.004279806474187353,0.9274099368670311,306.0957969029744,1.8561648039222802,"{""type"":""Point"",""coordinates"":[82.89230648503604,20.134887842189936]}"
783,47.0103526411956,2025-05-01,287.1578725179036,295,0,40,0.16780665754673962,0.0038896791729712277,2.0394745597786756,306.70024258749834,1.945758999579868,"{""type"":""Point"",""coordinates"":[81.31679995154714,21.22317961522574]}"
784,308.1468466811254,2025-05-01,281.2142631894066,444,0,30,0.28108252947481244,8.155100140356808E-4,4.495474735027979,304.9865904762632,1.1812571136236574,"{""type"":""Point"",""coordinates"":[80.90145241559381,23.6055250746168]}"
785,160.31544992252077,2025-05-01,287.42806643531435,272,0,40,0.3251377702416278,0.004553958037831762,1.4772569267552187,306.4384133929298,1.8418241397275081,"{""type"":""Point"",""coordinates"":[81.5341232289047,21.289640206998143]}"
786,119.66271536801878,2025-05-01,281.42591567266555,870,0,10,0.48148148148148145,0.0036858461890005856,14.664176918868542,304.2365962891352,1.0353706826328202,"{""type"":""Point"",""coordinates"":[80.73330002864529,22.258997029362423]}"
787,86.4049878506628,2025-05-01,295.14324733189176,423,0,10,0.6596927578639357,0.023805438736417273,7.355159755816679,302.07786419278096,1.3752367727481227,"{""type"":""Point"",""coordinates"":[84.3916084290105,19.5399049692821]}"
788,180.0,2025-05-01,281.6158628917876,428,0,40,0.22666666666666666,0.0034867964777731686,1.8543341688295631,304.85605662209645,0.8270231494760413,"{""type"":""Point"",""coordinates"":[81.35270274955512,23.60314234014401]}"
789,76.8637425292974,2025-05-01,288.18040902274,304,0,40,0.7794762915782024,0.005018620947339514,2.0396640016236884,306.194807552156,1.954447004025362,"{""type"":""Point"",""coordinates"":[82.20821116545635,21.012904880509907]}"
790,276.1371418102717,2025-05-01,289.7536047072637,435,0,10,0.6759601388422349,0.0029527686629080563,24.429954202021854,305.8780525298345,0.9402081735630633,"{""type"":""Point"",""coordinates"":[84.23123257271865,21.26966318200276]}"
791,160.29447665439304,2025-05-01,287.7287023635138,268,0,40,0.3434247871333964,0.015150233367421606,2.9529386229647487,305.7453679130191,1.6127666315860885,"{""type"":""Point"",""coordinates"":[82.63737783255529,21.45812098994245]}"
792,168.01865776476103,2025-05-01,290.9228057861328,628,0,30,0.5060799799423342,0.017186998585202673,2.369014219039102,302.7530990328108,2.2585662952477015,"{""type"":""Point"",""coordinates"":[82.07548981405405,19.535154170340544]}"
793,152.14911594835573,2025-05-01,292.35624258858815,307,0,40,0.24593669803250642,0.006782262781598547,1.048883213181917,304.8419313430786,1.463754848553124,"{""type"":""Point"",""coordinates"":[80.78261920897683,18.86218914692337]}"
794,273.7524800175766,2025-05-01,283.07771882556733,997,0,10,0.525408068986757,0.013949274281003454,13.892941309881234,301.3284919829595,0.8344998218276585,"{""type"":""Point"",""coordinates"":[83.99842717523477,23.33315643232826]}"
795,180.0,2025-05-01,285.8653571719215,422,0,40,0.24896366739819556,0.0035870812926077633,2.317462738066788,303.6779502232869,0.4991883685045325,"{""type"":""Point"",""coordinates"":[84.22971895679791,22.626260668174115]}"
796,133.52188522615333,2025-05-01,297.8094838460286,41,0,10,0.3947292209672748,0.008904664972760656,2.0194546134512685,303.67496240706674,4.061784274348098,"{""type"":""Point"",""coordinates"":[83.70433086146242,18.25185595480695]}"
797,126.37901176490779,2025-05-01,283.5006750197637,550,0,30,0.21380230673910972,0.006176411369779089,6.230282030325881,302.96487358638217,0.8793232664149694,"{""type"":""Point"",""coordinates"":[82.05680837006591,22.946003691062216]}"
798,11.119327468426405,2025-05-01,294.5155792236328,460,0,30,0.6232149875540417,0.017233788231351355,12.555753966398072,301.50139586130774,1.488578586406338,"{""type"":""Point"",""coordinates"":[84.21354789845978,19.57329353156449]}"
799,301.4081626393819,2025-05-01,281.6498856317429,470,0,40,0.266013986013986,0.005520372847058752,1.7791925559199329,304.7312484468733,0.7502386311905099,"{""type"":""Point"",""coordinates"":[81.50202542982939,23.666565249131704]}"
800,132.7733972228437,2025-05-01,284.6550532749721,330,0,50,0.20192970365265334,0.006730511048772314,2.047773291510867,305.08884470803395,0.8644524922885187,"{""type"":""Point"",""coordinates"":[81.69795094139407,22.30954748231381]}"
801,208.2999706822063,2025-05-01,287.5608091808501,203,0,40,0.4678799402417493,0.004591672876813391,1.053276609849995,306.2982417969477,1.4166608037947939,"{""type"":""Point"",""coordinates"":[83.44585452477358,21.78216002084904]}"
802,-0.0,2025-05-01,296.5398305257162,64,0,40,0.3942379779372389,0.019240080574491003,1.3909630807829783,302.6312379837036,1.6977439821185845,"{""type"":""Point"",""coordinates"":[83.86033224856874,18.872754288440202]}"
803,180.0,2025-05-01,281.1560414632161,635,0,10,0.5876030992251937,0.0065137140545630245,2.3174627380815918,303.69187786465596,0.6851795298957584,"{""type"":""Point"",""coordinates"":[82.07711656565792,23.623249259380525]}"
804,327.5969994591216,2025-05-01,291.7469954717727,579,0,30,0.22259218152669874,0.0160124890599036,2.744231180101715,302.3573587054299,1.8130272415733504,"{""type"":""Point"",""coordinates"":[82.38096757338867,19.030866641632635]}"
805,160.29079954740413,2025-05-01,287.12397766113287,292,0,40,0.1383224139522008,0.003201126316525915,1.477484367941068,306.316651162647,1.6670841381094843,"{""type"":""Point"",""coordinates"":[81.8315750822101,21.487981103798283]}"
806,240.90644735531131,2025-05-01,291.5728185744512,736,0,10,0.5542406311637081,0.015327989319303015,14.913698386252472,301.12108870915006,1.300611040821833,"{""type"":""Point"",""coordinates"":[84.16779965263896,20.115434186207256]}"
807,304.84188353035955,2025-05-01,282.7239823114304,586,0,30,0.24788795020008894,0.0017142139467978268,2.4336886491315926,304.42804904211135,0.8105043041650436,"{""type"":""Point"",""coordinates"":[80.47402841385106,21.853930491511353]}"
808,313.3455071357318,2025-05-01,291.24607122512094,570,0,40,0.17865055387714,0.014217614391782263,0.6755923143981116,303.10870729173934,2.16473894095616,"{""type"":""Point"",""coordinates"":[82.17945742205023,19.290892437731074]}"
809,229.78250011662885,2025-05-01,284.3057636079334,517,0,10,0.3341828607836891,0.002201005080678442,7.144890975754587,305.5448063895816,1.5098171139611407,"{""type"":""Point"",""coordinates"":[80.8346190961633,21.541749888465834]}"
810,117.12523396359525,2025-05-01,296.7242206391834,103,0,30,0.5839392981346823,0.016982718566396215,7.083572235306517,303.4243404297602,1.9435672712403578,"{""type"":""Point"",""coordinates"":[82.91561963156794,17.939682423324957]}"
811,107.17139221654628,2025-05-01,284.9265609014602,290,0,40,0.2812038949542638,0.005038037160375097,1.570394945040173,305.9583864212036,1.0446138458602088,"{""type"":""Point"",""coordinates"":[81.62204244412122,22.02601500440719]}"
812,147.13905278274638,2025-05-01,287.3802788144066,252,0,40,0.21936045788229439,0.006313293436505774,2.7582900696593042,305.8524933315459,1.4116208192516981,"{""type"":""Point"",""coordinates"":[81.84477205729985,21.74449829473277]}"
813,294.5929758918573,2025-05-01,281.7964223225911,485,0,30,0.257864238410596,0.0056383900437140255,3.339171972267595,304.8311310268583,0.6897438881604178,"{""type"":""Point"",""coordinates"":[81.89814120470079,23.741273702841504]}"
814,287.388197961627,2025-05-01,290.4603627522786,392,0,10,0.485384932070811,0.007251798370816687,1.551417376609945,305.59212898072747,1.8684861307603207,"{""type"":""Point"",""coordinates"":[81.13967728795981,20.038671290883194]}"
815,133.4839419169448,2025-05-01,293.97254653204055,295,0,10,0.4576271186440678,0.022820486882665136,2.020863071418593,304.74813484010247,1.7465447251063129,"{""type"":""Point"",""coordinates"":[81.58883489266152,18.480818782278348]}"
816,46.79839943035923,2025-05-01,289.4752843947637,330,0,40,0.3154437456324249,0.0052334509882712155,2.031433656417528,306.13797510237924,1.9216369731677574,"{""type"":""Point"",""coordinates"":[80.54683180421375,20.096795166714546]}"
817,79.32472022965278,2025-05-01,291.27346729096917,231,0,30,0.30082085948816994,0.005608081081845739,2.501857381824185,305.5421557199387,1.5704120950298155,"{""type"":""Point"",""coordinates"":[80.5663994653055,19.51968286532451]}"
818,-0.0,2025-05-01,285.4498937697637,305,0,40,0.19613624809354346,0.009254618743398169,0.0,305.59353569575717,0.7520169472591118,"{""type"":""Point"",""coordinates"":[82.26719196075759,22.285657319330674]}"
819,249.72836565078558,2025-05-01,284.8589746384394,368,0,10,0.3536616483796887,0.008301093438603857,2.6750180460682875,304.5959538505191,0.5668492186902748,"{""type"":""Point"",""coordinates"":[83.08947740326644,22.57606741711698]}"
820,193.2982215561519,2025-05-01,290.8172614687965,337,0,10,0.5252379578886646,0.016004829863049963,4.280723733591931,305.23902606964106,2.250445318124246,"{""type"":""Point"",""coordinates"":[82.37676234691635,19.91488341038781]}"
821,160.64764199603792,2025-05-01,294.5712258475167,173,0,40,0.26816316678735214,0.012774898866155127,1.4742252771744981,305.4508529390608,1.8273564934417394,"{""type"":""Point"",""coordinates"":[81.1110351216465,18.364953332193267]}"
822,133.49033166332063,2025-05-01,293.9145805722191,247,0,40,0.3457432247467835,0.020492478469350317,0.673790206531702,304.9304613840012,1.829588260842955,"{""type"":""Point"",""coordinates"":[81.63773920510869,18.442045828383286]}"
823,270.0,2025-05-01,286.3741694859096,266,0,10,0.34116659672681493,0.010407044747807959,1.5024100529968767,305.4310019810994,0.9929137655898619,"{""type"":""Point"",""coordinates"":[82.68162181898082,22.21218821680174]}"
824,133.4398523257623,2025-05-01,298.19736517043344,17,0,40,0.20195333695062398,0.011632426837422827,2.0225032625834,302.9761621838524,4.013141814685387,"{""type"":""Point"",""coordinates"":[84.36503491752656,18.74268552072633]}"
825,180.0,2025-05-01,293.4727092924572,485,0,30,0.337037037037037,0.025923117259480932,1.8543341688414132,300.84977290743876,0.7444539170551726,"{""type"":""Point"",""coordinates"":[82.28612318325074,18.240014514950804]}"
826,213.59768703494208,2025-05-01,290.89045134044824,645,0,10,0.5704996577686516,0.012890114644505957,4.445099937045226,303.9295255116054,1.2484096696959779,"{""type"":""Point"",""coordinates"":[83.29800268144095,19.816804138397128]}"
827,312.55868046296376,2025-05-01,282.766352335612,521,0,40,0.15262172284644196,0.008419855693318823,2.0561093123425707,303.61271236056376,0.8144372454679308,"{""type"":""Point"",""coordinates"":[82.9409165211711,23.33321913263192]}"
828,90.0,2025-05-01,287.8937123616536,269,0,40,0.5201851375674981,0.009794636825063208,2.9760456953340606,306.3955957776024,1.593444924869185,"{""type"":""Point"",""coordinates"":[82.73610053368182,20.91369025890568]}"
829,46.980342760867046,2025-05-01,287.0865660167875,328,0,40,0.3256604760659168,0.001398741463162878,2.03833051023191,306.69241264888217,2.0156566139711796,"{""type"":""Point"",""coordinates"":[80.87027320352344,21.068117476302486]}"
830,180.0,2025-05-01,287.3290790376209,337,0,40,0.06099815157116451,0.0021232210192465573,0.4637353428839794,306.8204702195667,2.1279937040609065,"{""type"":""Point"",""coordinates"":[80.71481394689998,20.895954357614077]}"
831,144.27982370002024,2025-05-01,287.21908787318637,269,0,40,0.7058036908264241,0.012373640397527197,1.7130921615121546,305.45488707224524,1.2653351396651247,"{""type"":""Point"",""coordinates"":[82.45754250328869,22.016098343302655]}"
832,257.9465931675228,2025-05-01,293.5026165190197,645,0,10,0.6277102062400846,0.02047544644210575,19.230577256407052,303.71112428392684,1.8268004147614323,"{""type"":""Point"",""coordinates"":[81.33265633881854,18.372518274200694]}"
833,207.8846435425903,2025-05-01,281.9382796514602,722,0,10,0.3700296273195072,0.004547505835034826,16.814006273447518,304.3727628162929,0.6239391260605452,"{""type"":""Point"",""coordinates"":[81.73681215764526,23.60717610178768]}"
834,337.0506913120924,2025-05-01,291.5622217087519,579,0,10,0.3924542979385453,0.015890016416051367,2.5164096202561295,302.94993450528096,2.0404878011657477,"{""type"":""Point"",""coordinates"":[82.04046311820886,19.150145746529976]}"
835,117.63024062256439,2025-05-01,294.0224907284691,333,0,40,0.4410480349344978,0.023956730226018408,4.987170143030204,302.4630483445667,1.3615562065085836,"{""type"":""Point"",""coordinates"":[83.49812705368768,19.570703878731674]}"
837,88.96084145662941,2025-05-01,295.24732099260603,284,0,10,0.501038062283737,0.012170507768132666,24.05095093088916,302.8648689360845,1.313939771048746,"{""type"":""Point"",""coordinates"":[83.81254427904746,19.401739748112156]}"
838,90.0,2025-05-01,289.03033229282926,194,0,40,0.39221771305800907,0.007195010045506933,3.4830943290701573,306.39182322365895,1.3168802077827344,"{""type"":""Point"",""coordinates"":[83.50289953769716,21.433051601435245]}"
839,309.0429219362838,2025-05-01,292.45674714587983,572,0,10,0.5880291183607441,0.022386684277989843,4.40858696681011,302.3723501023792,1.8082045250156937,"{""type"":""Point"",""coordinates"":[82.01157553203012,18.880645929648043]}"
840,221.78053270020416,2025-05-01,294.26519557407926,938,0,30,0.6672738312082575,0.039634390929677465,23.468638107185292,300.2776758557274,0.8379926700671381,"{""type"":""Point"",""coordinates"":[82.2637521893023,17.950536634740658]}"
841,260.4988460535348,2025-05-01,283.9048730759393,790,0,40,0.2691044449310269,0.009271769979932287,5.600950171750822,300.8396933873495,0.8547209286329064,"{""type"":""Point"",""coordinates"":[84.12095375479304,23.00050361342476]}"
842,108.99827537707489,2025-05-01,281.297114054362,420,0,40,0.20551518539221167,4.3652878139255336E-4,4.265731524859829,305.25169231778096,1.2908387195638762,"{""type"":""Point"",""coordinates"":[80.24112879102127,23.347552607114995]}"
843,315.3846148246208,2025-05-01,280.66541762579055,828,0,10,0.3404401650618982,0.00785732195708988,7.129220930816099,303.13112172626313,1.3858096083934242,"{""type"":""Point"",""coordinates"":[81.49922154851339,22.871365069002856]}"
844,215.46279749403854,2025-05-01,288.3192785353888,350,0,30,0.24676420934158694,0.0035182230267309933,1.7075966205190924,306.4126914342244,2.1607382085069564,"{""type"":""Point"",""coordinates"":[81.73126890343323,20.622829964827368]}"
845,79.08041521568956,2025-05-01,295.79746282668344,481,0,10,0.4418673803151948,0.03180137203071354,21.03404841175713,302.5270364398048,1.3997057984620958,"{""type"":""Point"",""coordinates"":[84.39842110030855,19.406684690934295]}"
846,70.77458759018714,2025-05-01,290.9658559163412,570,0,10,0.43743874550800393,0.017543106535413244,26.178866941762223,302.9055299758911,1.200544888862865,"{""type"":""Point"",""coordinates"":[83.34455944710002,19.680890095699972]}"
847,60.78990217923537,2025-05-01,288.4331410725911,297,0,10,0.2716523795447827,0.00895064995620487,5.682921435057768,306.0930648531233,1.9260291607315292,"{""type"":""Point"",""coordinates"":[82.18578173642148,21.274228882580466]}"
848,-0.0,2025-05-01,287.0511656261626,292,0,40,0.19246171967020023,0.011042743185498693,0.4637353428839794,305.23862498147145,1.1536845880783684,"{""type"":""Point"",""coordinates"":[82.50872711898353,22.120349200826034]}"
849,107.28690490283243,2025-05-01,291.31801714215965,123,0,10,0.3835099257094142,0.0018588446173453121,1.5602236447093232,306.37117590223045,0.684686420343918,"{""type"":""Point"",""coordinates"":[84.30600599965338,20.9900111984146]}"
850,39.100895648100234,2025-05-01,283.51990400041853,472,0,10,0.41126620139581255,0.00838026330802677,17.91721188101938,304.21670464106967,0.6916405942645258,"{""type"":""Point"",""coordinates"":[82.20931565445414,24.087934832663503]}"
851,270.0,2025-05-01,288.7002483549572,251,0,40,0.172274444346833,0.0025950364861273556,1.9798644400406593,306.9092560268583,1.8632633747491965,"{""type"":""Point"",""coordinates"":[80.30685841348831,20.5194909438932]}"
852,53.94291108431782,2025-05-01,283.8040836879185,733,0,10,0.5943258262649898,0.0093376182112479,11.654902647187871,303.59280327388217,0.5388818985650685,"{""type"":""Point"",""coordinates"":[82.96132285609494,22.74760970071753]}"
853,75.24960024262113,2025-05-01,281.07080732073103,867,0,30,0.21807909604519773,0.008601664761044958,3.63791279813167,302.59798835572747,1.1790664566320324,"{""type"":""Point"",""coordinates"":[81.70569596523376,22.85379103663348]}"
854,90.0,2025-05-01,289.2159198579334,239,0,10,0.46827052902909044,0.002639188626744726,2.990811972983987,305.5556183315459,1.139461061549878,"{""type"":""Point"",""coordinates"":[84.26164702943764,21.64391699530512]}"
855,14.95830609561995,2025-05-01,287.92009117489766,385,0,40,0.21363910681955342,0.0030225955042624264,3.8343549447215244,306.4912523996262,2.4068871551443918,"{""type"":""Point"",""coordinates"":[80.97748480616085,20.652843460621668]}"
856,-0.0,2025-05-01,290.65927923293333,584,0,10,0.3426830670191976,0.01478326247070072,2.7802885155287553,303.1762412389119,2.085762532978998,"{""type"":""Point"",""coordinates"":[81.5626151250371,19.641598546868657]}"
857,-0.0,2025-05-01,289.9732091994512,223,0,30,0.1527836804079898,0.004905983069875219,0.9274099368611016,306.25836549486434,1.8220617160495232,"{""type"":""Point"",""coordinates"":[83.12389215407424,20.498890102372023]}"
858,22.889385291706027,2025-05-01,295.41964939662387,142,0,40,0.43687752355316284,0.04202543125484226,2.515298526308298,302.7556683222453,0.4466341571852726,"{""type"":""Point"",""coordinates"":[83.23080144003967,18.66239616269136]}"
859,103.00922443230465,2025-05-01,286.26811944870724,410,0,40,0.2863839285714286,0.003432288030126074,2.0592157597525933,303.82963130587626,0.5205651956041201,"{""type"":""Point"",""coordinates"":[84.21301654161081,22.459066599003823]}"
860,-0.0,2025-05-01,282.7805938720703,552,0,10,0.25836869401225837,0.007907717684247473,0.463735342881014,303.7083864212036,0.7650194120038086,"{""type"":""Point"",""coordinates"":[82.99870749493901,23.435910662186814]}"
861,156.31091551791857,2025-05-01,292.2090839204334,1014,0,30,0.5214389534883721,0.03477343843314884,17.650597117724235,300.09118148258756,0.9058450354662388,"{""type"":""Point"",""coordinates"":[82.50716471500697,18.25281193940035]}"
862,160.5010076488337,2025-05-01,295.4534221830822,250,0,10,0.6434694906707009,0.017513959864118078,2.949157005699426,302.50568576086135,1.2508215210228033,"{""type"":""Point"",""coordinates"":[84.26907161602031,19.719439585874948]}"
863,-0.0,2025-05-01,283.1286802746001,625,0,40,0.196875,0.008909939983823278,1.3909630807829783,304.8538477307274,1.2557724719239431,"{""type"":""Point"",""coordinates"":[80.90895981253642,21.91915515117253]}"
864,-0.0,2025-05-01,288.3976593017578,302,0,40,0.17177365242675016,0.003933279970624426,3.2427514650854445,306.3187263579595,1.9258877433010877,"{""type"":""Point"",""coordinates"":[82.06146848765044,20.986925218267654]}"
865,79.60535604375242,2025-05-01,284.97433108375185,785,0,30,0.4893916305239714,0.011109112957456091,2.568541594188495,301.873762630281,0.7638827528906978,"{""type"":""Point"",""coordinates"":[84.224576142563,23.481422568309874]}"
866,93.85028475744036,2025-05-01,291.231695992606,814,0,10,0.6366180758017492,0.02581737861964939,6.872998618687974,302.7964572452364,1.926175488793016,"{""type"":""Point"",""coordinates"":[81.27108500388437,19.571614905180848]}"
867,-0.0,2025-05-01,294.0862928118025,197,0,30,0.3195830561100022,0.01368404851291416,0.0,304.9565030506679,1.7494060975872205,"{""type"":""Point"",""coordinates"":[81.1441544510609,18.459078704887744]}"
869,-0.0,2025-05-01,286.16658020019537,320,0,30,0.24910452621295995,0.0021964751276755123,0.4637353428839794,306.81647677648635,1.7285074503611668,"{""type"":""Point"",""coordinates"":[80.98228364290426,21.38861827302706]}"
870,112.12685702194118,2025-05-01,284.0483289446149,445,0,10,0.24777006937561943,0.00885631070468662,8.55433185227554,305.28277374449226,1.4040819404341978,"{""type"":""Point"",""coordinates"":[80.93720251723612,21.661262449086408]}"
871,357.9230552574797,2025-05-01,295.9055299304781,188,0,10,0.7150170648464164,0.03813138530586002,13.217871101997284,302.0291406994774,1.743371022689648,"{""type"":""Point"",""coordinates"":[82.94165985133235,18.03909101483231]}"
872,324.78585670015025,2025-05-01,291.2756006150019,567,0,40,0.25617086583962145,0.01883555875156162,1.7023532438842408,302.5937042690459,1.825620076282037,"{""type"":""Point"",""coordinates"":[82.65317283402591,19.166580948255294]}"
873,195.2817982396863,2025-05-01,282.624018351237,412,0,10,0.417610710607621,0.002045958498456457,3.840191341070899,304.81936577388217,0.7200015221585019,"{""type"":""Point"",""coordinates"":[81.26292911225225,23.796205059812756]}"
874,208.0901236750341,2025-05-01,288.03549412318637,414,0,10,0.37814007652636833,0.004106848696210363,3.150807149694264,306.1138923735845,1.7808581919955642,"{""type"":""Point"",""coordinates"":[81.9281226438954,20.478662845437984]}"
875,180.0,2025-05-01,286.3652990432013,357,0,40,0.32572786690433747,0.004803895214536169,0.463735342881014,304.34353569575717,0.5951945342003939,"{""type"":""Point"",""coordinates"":[83.84734407197914,22.312778651428474]}"
876,270.0,2025-05-01,281.6289592924572,518,0,10,0.3677142857142857,0.0021596990618490963,3.504639671486314,305.69603406815304,0.8008083947197965,"{""type"":""Point"",""coordinates"":[80.44229878545785,22.31530693055102]}"
877,-0.0,2025-05-01,291.21764628092444,188,0,80,0.0017283097131005876,0.0030994556937002926,0.0,305.8722745350429,1.2114420836031632,"{""type"":""Point"",""coordinates"":[83.8082569216063,21.52451826476024]}"
878,187.55958659307143,2025-05-01,293.9525328136626,944,0,10,0.6305803571428571,0.01398914978835819,3.737182398222748,301.3702109654745,1.5244366317498055,"{""type"":""Point"",""coordinates"":[84.00436400577547,19.626450092400734]}"
879,211.0834571362497,2025-05-01,297.45586940220426,74,0,10,0.3707482993197279,0.01088878438804386,3.784952801942591,303.14372984568274,2.327537339804286,"{""type"":""Point"",""coordinates"":[84.10150036975658,18.578582110831224]}"
880,334.1024874544349,2025-05-01,283.23433503650483,436,0,10,0.37570093457943926,0.004795163134076574,4.629535259736233,304.1584131604149,0.7936612993099359,"{""type"":""Point"",""coordinates"":[82.94371349259816,23.737685087293638]}"
881,28.63817289209294,2025-05-01,281.4454759870257,482,0,10,0.46230274693161894,9.240351710104733E-4,2.1125869135024957,304.850098428272,0.9892898698797352,"{""type"":""Point"",""coordinates"":[81.04397959123318,23.70683322027584]}"
882,148.21546597640923,2025-05-01,281.63205755324594,558,0,30,0.19064615384615385,0.0024115286860251217,3.8132832327912207,305.3020782924833,1.0100672537600168,"{""type"":""Point"",""coordinates"":[80.4213729876127,22.754022488238007]}"
883,250.96041513749032,2025-05-01,292.255854288737,158,0,10,0.5690486025058515,0.0027588002476477413,5.667708828064186,307.1444680804298,2.020638115018443,"{""type"":""Point"",""coordinates"":[80.20104398610147,18.373188679902594]}"
884,287.2048351515814,2025-05-01,285.30258396693637,284,0,40,0.20684931506849316,0.0042407505306982785,1.5674359106084246,306.27072947365895,1.3823819290240433,"{""type"":""Point"",""coordinates"":[81.35404478170062,21.730626208730115]}"
885,104.34498020654034,2025-05-01,290.85936991373694,555,0,10,0.34190231362467866,0.002840488413312414,21.406148675197624,305.68863428206674,1.6727228167339654,"{""type"":""Point"",""coordinates"":[83.60394121810688,20.333029036363477]}"
886,227.594616035532,2025-05-01,280.97707475934715,374,0,40,0.22260561410053156,5.874030384802609E-4,0.6876373245441961,305.5911931083316,0.9645578492743083,"{""type"":""Point"",""coordinates"":[80.66737069902192,24.03501134016999]}"
887,90.0,2025-05-01,283.1627320789156,617,0,10,0.4319193117769208,0.007883056262471655,2.9957853669907024,305.3030722935995,1.205117724070195,"{""type"":""Point"",""coordinates"":[80.81853673497527,21.882323184589325]}"
888,49.95970859348653,2025-05-01,285.29121980212983,871,0,10,0.6114678214125728,0.009008928397634008,7.8793651160851255,302.63254587990895,0.7346608310748289,"{""type"":""Point"",""coordinates"":[84.22212907567139,23.55369832120546]}"
889,312.90555053190866,2025-05-01,288.9451039632162,229,0,40,0.15516318887105404,0.002526535848119238,1.3621141718002285,305.69315669650126,1.3496151611410816,"{""type"":""Point"",""coordinates"":[84.14989166185643,21.652884343897778]}"
890,302.3840010388679,2025-05-01,294.5828399658203,124,0,10,0.3970414201183432,0.009273140886762121,1.7311878992062104,305.4919906343733,2.2113246699909,"{""type"":""Point"",""coordinates"":[81.08000237706788,17.94717572713932]}"
891,103.7888759867718,2025-05-01,289.59043157668344,403,0,10,0.37179902755267424,0.011831327537038305,20.48296301903801,306.05111335572747,1.5999191716711219,"{""type"":""Point"",""coordinates"":[82.56925623662443,20.438404276988532]}"
892,227.1546233989037,2025-05-01,287.9231313069662,219,0,40,0.12404627122815653,0.002028166511991003,0.6819241827421237,305.9669545945667,1.1886894175299336,"{""type"":""Point"",""coordinates"":[83.9930045876015,21.953929746930687]}"
893,180.0,2025-05-01,282.3562367757161,473,0,40,0.1926260346124906,0.008664771178700903,1.8543341688295631,304.0625589007423,0.7833481439189824,"{""type"":""Point"",""coordinates"":[82.11484376685566,23.880093569698722]}"
894,284.9933101892239,2025-05-01,290.2025967552549,269,0,10,0.2915039719940757,0.005269690612294653,3.5804441299857888,306.48089967455184,1.9400074249271937,"{""type"":""Point"",""coordinates"":[83.07942668140389,20.3833516456144]}"
895,312.7930094266265,2025-05-01,287.2263423374721,351,0,10,0.3795815194495155,0.003323584059216955,2.0470166759129116,305.00865032559346,0.7961716272964489,"{""type"":""Point"",""coordinates"":[83.97463317955578,22.213220289248444]}"
896,129.1317871709004,2025-05-01,286.2641492571149,404,0,10,0.5318080357142857,0.010602995017507055,20.401305004243756,305.15961061205184,0.9489046716460268,"{""type"":""Point"",""coordinates"":[82.3759085805415,22.20795816945757]}"
897,90.0,2025-05-01,281.4960595993768,685,0,10,0.518529677613739,0.003253176072576025,2.022162274889897,303.77543208712626,0.5253264468013139,"{""type"":""Point"",""coordinates"":[81.89044311901289,23.5169708426743]}"
898,235.4183635109868,2025-05-01,282.7593827020554,579,0,40,0.18569328760411563,0.008671402195432165,2.449679049021599,303.35555671510247,0.8620293770749852,"{""type"":""Point"",""coordinates"":[82.66224949513347,23.1944039820145]}"
899,226.66528557718235,2025-05-01,291.1051730201358,586,0,10,0.4291182099219785,0.016488745072820166,1.3512664205062708,302.9704132534209,2.1297580920430836,"{""type"":""Point"",""coordinates"":[81.98476663971364,19.35276556535933]}"
900,268.4226216073695,2025-05-01,290.6497635614304,592,0,10,0.5330707592014124,0.0028069309983038693,16.38516853710852,304.7970443453108,0.901492221324481,"{""type"":""Point"",""coordinates"":[84.27096915686155,20.56566801927121]}"
901,99.17833751475442,2025-05-01,281.3878297351656,498,0,10,0.4603362538479754,0.006468667844274023,8.655598156497824,304.60569041115895,0.7221206787681218,"{""type"":""Point"",""coordinates"":[82.0472241943013,23.708349112730097]}"
902,72.78536129439222,2025-05-01,287.88339451381137,258,0,40,0.19442424242424242,0.01252217517230747,1.5665707039969043,305.95352104731967,1.6233867087520724,"{""type"":""Point"",""coordinates"":[82.27573657258262,21.643941665023757]}"
903,166.77489770856843,2025-05-01,292.10502769833516,554,0,30,0.42938013020096233,0.015522330263593176,4.279441184968917,302.98964223407563,1.735561131128246,"{""type"":""Point"",""coordinates"":[81.50259282040457,18.988099875133596]}"
904,207.82236554304876,2025-05-01,292.09365190778465,464,0,10,0.5175496688741722,0.02619284317825077,9.35450831693494,301.36882750193274,1.4173787738327575,"{""type"":""Point"",""coordinates"":[82.35795325653001,18.65934559441489]}"
905,252.5964291916775,2025-05-01,290.9473826090495,262,0,40,0.3132310891603847,0.008879020074346045,1.5500899850993632,305.28901095617385,1.3799745792629874,"{""type"":""Point"",""coordinates"":[83.17039023878807,19.89013828049103]}"
906,12.324191622531446,2025-05-01,280.3787151518322,426,0,30,0.1769927536231884,6.091885361456661E-4,2.3720654013489155,305.2907025019328,1.1831958124655013,"{""type"":""Point"",""coordinates"":[80.52355491332787,23.734270103840515]}"
907,-0.0,2025-05-01,282.9295894077846,556,0,40,0.19803639846743296,0.007959722736814001,0.463735342881014,303.70883982522145,0.613511585000901,"{""type"":""Point"",""coordinates"":[83.09052630948406,23.04151121848244]}"
909,270.0,2025-05-01,285.8647468203591,445,0,10,0.4111433852653816,0.0013629935774588375,0.9955450173140066,305.91266818273635,1.7080740732004762,"{""type"":""Point"",""coordinates"":[80.8193230543706,21.323251733008053]}"
910,257.1000452622518,2025-05-01,282.3332119896299,400,0,30,0.2223499655093125,0.0013863436970495968,4.147248724504584,304.9384366444179,0.9083339667176215,"{""type"":""Point"",""coordinates"":[81.22213320208866,23.63476577633808]}"
911,226.9134868694448,2025-05-01,287.2608242943174,352,0,10,0.40897843761046304,0.0011288665327811032,6.086933134282007,306.7799661273048,1.85082861836934,"{""type"":""Point"",""coordinates"":[80.3507288015708,20.716719868309845]}"
912,16.206730643104425,2025-05-01,282.4942401704334,937,0,10,0.5403645833333334,0.012573867300488928,7.205821006507651,301.5830318360102,0.7880258616657062,"{""type"":""Point"",""coordinates"":[83.78014250393517,23.440718367426218]}"
914,332.13835040865484,2025-05-01,292.45674714587983,587,0,40,0.15654439767488473,0.022386684277989843,1.0489873505085583,302.3723501023792,1.8082045250156937,"{""type"":""Point"",""coordinates"":[81.95117825702766,18.938582341311648]}"
915,321.20050444219913,2025-05-01,287.82380676269537,284,0,40,0.2915367243789655,0.00978349075649021,2.378817491958932,306.4596013114566,1.880360303538157,"{""type"":""Point"",""coordinates"":[82.63447441560834,21.119780043884877]}"
916,65.33302261401428,2025-05-01,282.465821039109,573,0,30,0.2739663789186733,0.011821001032330969,3.329799461247026,303.26976453690304,0.8722190988500668,"{""type"":""Point"",""coordinates"":[82.51087676723891,23.292095833914814]}"
917,334.5052485529453,2025-05-01,295.4809345063709,154,0,10,0.5373457182847691,0.011052309730985144,10.167401930326355,303.08951318831674,1.3695045855872314,"{""type"":""Point"",""coordinates"":[83.85936428379271,19.322794680007725]}"
918,281.4138176854083,2025-05-01,294.76243445986796,500,0,30,0.6376362902140261,0.019208445409276464,6.995253735468404,301.84512260981967,1.4022142535653028,"{""type"":""Point"",""coordinates"":[84.30785054160035,19.586469360952286]}"
919,69.81513178824864,2025-05-01,282.3952992757162,630,0,10,0.6173230722800664,0.006757780173757055,2.6860179493898118,303.0820727121262,0.5453093177443592,"{""type"":""Point"",""coordinates"":[83.41827887766463,23.209114601353633]}"
920,340.1960003978288,2025-05-01,281.7973930722191,635,0,10,0.3717740746202625,0.002916886666753271,2.9547586579826577,305.1797115235102,0.9491426046331587,"{""type"":""Point"",""coordinates"":[80.61654762175648,22.23136385815334]}"
921,14.718159778109362,2025-05-01,293.62063525971917,762,0,40,0.5326913329954385,0.05271606073711155,1.9171979935044472,298.61579318273635,0.9689287798644881,"{""type"":""Point"",""coordinates"":[82.42623180314176,17.877914258058215]}"
922,50.343854449131534,2025-05-01,296.5292278471447,70,0,40,0.3759197324414716,0.009495570519902685,5.073390202381805,304.0776607422601,1.6457334909878525,"{""type"":""Point"",""coordinates"":[83.57373890646468,18.676255168667076]}"
923,180.0,2025-05-01,287.9640364873977,289,0,10,0.27624309392265195,0.008464514473416784,0.9274099368670311,305.8322994141351,1.4914151201125836,"{""type"":""Point"",""coordinates"":[82.93162805546685,20.8005056097702]}"
924,90.0,2025-05-01,283.63268534342444,349,0,40,0.16954022988505746,0.006568520525433996,0.5079856608261138,304.7490707124983,0.6979423729563026,"{""type"":""Point"",""coordinates"":[82.02579212563012,24.09244097583449]}"
925,117.73868258894232,2025-05-01,292.54456801641555,146,0,10,0.3292986828052688,0.0035998962912344723,4.9693019909227445,307.1927904855637,1.9437941921308457,"{""type"":""Point"",""coordinates"":[80.2739569919274,18.813425674624572]}"
926,42.7882953300983,2025-05-01,292.4268282935733,325,0,30,0.38977592915604453,0.007956489184834936,5.042293537999433,304.82171417417976,1.3995068141320963,"{""type"":""Point"",""coordinates"":[80.78954346165592,19.038647895097863]}"
927,330.4764975816944,2025-05-01,294.23206801641555,419,0,10,0.541839762611276,0.016134216645696142,22.712982606541804,302.9327284040906,1.421384547615927,"{""type"":""Point"",""coordinates"":[83.65400345580782,19.6506343247092]}"
928,87.64522469529523,2025-05-01,294.99878002348396,599,0,10,0.5024071526822559,0.03421661184165714,21.503821498595638,302.14640376681376,1.020190692029586,"{""type"":""Point"",""coordinates"":[83.41649907082007,18.950231083995597]}"
929,270.0,2025-05-01,283.3617590041387,464,0,10,0.41640287769784173,0.005582510689237097,3.543649631448427,304.3719141369774,0.9278567471724654,"{""type"":""Point"",""coordinates"":[83.19235989671239,23.808627564606837]}"
930,103.03649782492025,2025-05-01,285.2386598132906,298,0,40,0.25064599483204136,0.005004479745366552,2.054985716742265,305.99353685833154,1.0145226463258155,"{""type"":""Point"",""coordinates"":[83.22470950467127,22.156889512128366]}"
931,99.49097346599095,2025-05-01,292.9211258661179,203,0,10,0.30546243344507984,0.005087568620183447,16.410517454905193,306.09019910721554,1.7279724958845948,"{""type"":""Point"",""coordinates"":[80.58480756436872,18.673947591906927]}"
932,172.41616276728416,2025-05-01,293.5201132638113,629,0,10,0.41943916349809884,0.02538885102603672,3.7373920673377325,301.57616683415006,0.9989762926631065,"{""type"":""Point"",""coordinates"":[84.3649899633012,20.14066173412285]}"
933,213.2485362311555,2025-05-01,282.08528137207037,414,0,30,0.24819277108433735,0.007061495641210058,2.770440653160306,304.99493776048934,0.7244016437219174,"{""type"":""Point"",""coordinates"":[81.67895750980317,23.7654895910876]}"
934,280.41186881133916,2025-05-01,282.8110881987072,530,0,40,0.35929915946489877,0.012565671661832312,2.564344708033642,303.5098594029745,0.8385144909344245,"{""type"":""Point"",""coordinates"":[82.7945352683406,23.25733326780346]}"
935,228.0482664143489,2025-05-01,289.891846429734,653,0,10,0.5216975111678366,0.01028257534835575,14.265547730195149,303.7455306734358,1.4708916315288543,"{""type"":""Point"",""coordinates"":[83.11593503699247,19.6635358743992]}"
936,28.711355828227383,2025-05-01,284.8166220528739,247,0,40,0.27281213535589266,0.005558802941777685,2.1140618613328948,305.0662675130935,0.2130892349965814,"{""type"":""Point"",""coordinates"":[84.28453133055044,24.09936779170312]}"
937,250.41822596082238,2025-05-01,285.1701899937221,418,0,10,0.38889665781009647,0.0037782631907248287,6.885104000218417,305.64902537209645,0.8437256604995407,"{""type"":""Point"",""coordinates"":[83.42064454712346,22.348784628110256]}"
938,180.0,2025-05-01,287.95515441894537,242,0,10,0.5918068763716167,0.010859265187718847,4.166350197307866,306.1482755116054,1.5904974956128306,"{""type"":""Point"",""coordinates"":[83.09484509769119,21.1741866020036]}"
939,241.04450146315776,2025-05-01,280.83533368791853,762,0,40,0.22341302555647155,0.009144692877271154,2.8712765872181127,303.11435740334645,1.268626227623594,"{""type"":""Point"",""coordinates"":[81.59040857005213,22.756946736030862]}"
940,270.0,2025-05-01,283.1286802746001,642,0,30,0.2700787401574803,0.008909939983823278,1.998341732404225,304.8538477307274,1.2557724719239431,"{""type"":""Point"",""coordinates"":[80.892904088613,21.8927764372617]}"
941,121.91898349907405,2025-05-01,288.5594664074125,305,0,30,0.18844746471510715,0.003583609322049597,1.7536730406285013,306.59526793162024,2.1202252104867307,"{""type"":""Point"",""coordinates"":[81.60794783737293,20.875185950064388]}"
942,295.1073514242904,2025-05-01,288.7357068743025,403,0,10,0.3683875079668579,0.004646881679036596,1.092793252543408,306.1567855562483,2.4760117346912884,"{""type"":""Point"",""coordinates"":[81.14443078436811,20.41642285976905]}"
943,286.7242038701945,2025-05-01,292.11655462355844,712,0,10,0.6068478390997246,0.025168194631078222,20.084797899926805,300.88030211130774,1.2525049076371433,"{""type"":""Point"",""coordinates"":[82.41630421347001,18.620442282128465]}"
944,7.7412540205197,2025-05-01,283.6394224621001,481,0,40,0.223083548664944,0.004219114044644812,3.7387698946901553,303.8703795387632,0.7861005554183157,"{""type"":""Point"",""coordinates"":[81.75899223247696,23.14179003485964]}"
945,-0.0,2025-05-01,282.93686712355844,1136,0,10,0.34378737541528237,0.009045600155332068,9.195145327303814,301.11229964665006,0.5045205236725747,"{""type"":""Point"",""coordinates"":[83.29801150372256,22.91423574094515]}"
946,226.4537943453467,2025-05-01,294.4381575811477,96,0,30,0.3071863580998782,0.003708317140080908,1.3460115814366238,306.25865613846554,2.0765250621414455,"{""type"":""Point"",""coordinates"":[80.810352819283,18.1031208959437]}"
947,69.70153241157419,2025-05-01,286.6611684163411,300,0,30,0.26675398384632176,0.005079611400105932,2.6716356623478514,304.262434505281,0.47973725255413197,"{""type"":""Point"",""coordinates"":[83.9391243468935,22.37623000256273]}"
948,132.43060817927312,2025-05-01,284.6003948393322,360,0,30,0.22906628467248338,0.0044197432789587765,2.7472490303650257,304.4748717262632,0.730535193093597,"{""type"":""Point"",""coordinates"":[82.59931911606495,23.92074438689982]}"
949,295.0977215453249,2025-05-01,290.146723429362,243,0,10,0.2971005397263713,0.0044829242024206906,2.185575213562753,306.56315181368876,1.8396496095736414,"{""type"":""Point"",""coordinates"":[83.15889305211854,20.48341004001638]}"
950,208.04194838989758,2025-05-01,288.7330620175316,572,0,10,0.23412355078733346,0.00578588173721073,8.347299831349488,305.28049509865895,2.273533050907134,"{""type"":""Point"",""coordinates"":[81.70825501860696,20.164974895290317]}"
951,302.09005981254796,2025-05-01,290.7977592831566,242,0,40,0.33500837520938026,0.006542786220052221,1.7453199884992787,306.17724105290006,2.051469944796879,"{""type"":""Point"",""coordinates"":[82.6967970723218,19.84981808629869]}"
952,331.93159365782986,2025-05-01,289.0184275309245,236,0,40,0.24197337509788566,0.0027800195011877804,2.1012903528807385,307.3144945871262,2.0274136389334956,"{""type"":""Point"",""coordinates"":[80.21450610598544,20.336965207188545]}"
953,227.5617892217271,2025-05-01,281.8695773170108,398,0,10,0.42993809791783905,9.720765146994381E-4,1.374215090659663,305.11210200900126,0.8574934747733329,"{""type"":""Point"",""coordinates"":[81.0138805871075,23.886846318382602]}"
954,72.86474022046474,2025-05-01,284.60652741931733,337,0,30,0.3522238163558106,0.006627931455113867,1.573605128885944,305.28786000751313,0.9071998571929301,"{""type"":""Point"",""coordinates"":[81.58470117482545,22.340406132039718]}"
955,241.79809121747226,2025-05-01,288.36281113397513,534,0,10,0.7013086989992302,0.005262999990918615,3.919098364023789,304.8237544922601,2.1256593660500736,"{""type"":""Point"",""coordinates"":[81.27889969925455,20.212179534535583]}"
956,114.95463786436491,2025-05-01,285.59229750860305,290,0,40,0.1470014627011214,0.0032682709488653927,2.1972858727923343,306.52163628169467,1.672668425966917,"{""type"":""Point"",""coordinates"":[81.20544463702845,21.457321347339573]}"
957,60.94557467640654,2025-05-01,281.5875135149275,688,0,40,0.21119592875318066,0.0037738971504950314,5.710510390469629,304.4079016276768,1.120224788921276,"{""type"":""Point"",""coordinates"":[80.76655285290155,22.192210495303758]}"
958,195.2113943944109,2025-05-01,283.0036453973679,514,1,10,0.5186212939973711,0.006524204472043493,5.747638492284105,303.4002518880935,0.7559685797104038,"{""type"":""Point"",""coordinates"":[82.34046132696746,23.157415973051876]}"
959,130.1623656590428,2025-05-01,290.06992957705546,727,0,10,0.5354969574036511,0.006898447135426977,6.444001078720739,303.4941588356382,1.595283337013377,"{""type"":""Point"",""coordinates"":[83.96364844458549,20.329766022203614]}"
960,90.0,2025-05-01,289.6943657284691,625,0,10,0.4487764898723803,0.012486486891248205,2.9563959094524312,303.84856383005774,2.0878478709659514,"{""type"":""Point"",""coordinates"":[81.59690771338197,19.891526019798818]}"
961,194.87602298079617,2025-05-01,290.79741632370724,241,0,10,0.7723335138061722,0.004988937834241369,1.918592823492704,306.3951481864566,1.9488618705177208,"{""type"":""Point"",""coordinates"":[82.81496764825091,19.75390318683402]}"
962,152.1073531118966,2025-05-01,291.2756006150019,571,0,40,0.16177751960499565,0.01883555875156162,1.0492875162565214,302.5937042690459,1.825620076282037,"{""type"":""Point"",""coordinates"":[82.6659147813599,19.15646654708923]}"
963,133.52398856598654,2025-05-01,296.3136109851656,376,0,10,0.5034293552812071,0.022017999747731665,13.227943539319913,303.5068483352661,1.7373832820401816,"{""type"":""Point"",""coordinates"":[83.1860924397468,18.238783830651386]}"
964,324.51240830752624,2025-05-01,287.9640364873977,308,0,10,0.22904737116085372,0.008464514473416784,1.7081229923138472,305.8322994141351,1.4914151201125836,"{""type"":""Point"",""coordinates"":[82.91423804145707,20.762354498928076]}"
965,-0.0,2025-05-01,281.9404711042132,414,0,80,-0.2527821939586645,0.0027048729452872067,0.0,305.7526514416649,1.105492469907603,"{""type"":""Point"",""coordinates"":[80.20602579398269,22.81261794552874]}"
966,256.670536695183,2025-05-01,296.98096938360305,62,1,40,0.6687868080094228,0.009867935636975744,2.0106475631843805,304.4884564081827,1.8378124002727376,"{""type"":""Point"",""coordinates"":[83.62794969969946,18.60609728309095]}"
967,249.18969411709395,2025-05-01,294.06701732817146,188,0,10,0.3531468531468531,0.01888242290351627,5.206873464217534,305.04666069575717,1.9123938844922608,"{""type"":""Point"",""coordinates"":[81.2566948392128,18.16255279779285]}"
968,10.059671728240794,2025-05-01,289.3077399844215,608,0,40,0.32533659730722153,0.00860287175510166,2.8236293057438333,304.10642283303395,2.2377303802832773,"{""type"":""Point"",""coordinates"":[82.17071350216563,20.033557189814683]}"
969,258.12886918801087,2025-05-01,289.070319039481,520,0,10,0.45221971407072986,0.004821150759198645,27.089582572491118,306.25412791115895,2.3825845637690475,"{""type"":""Point"",""coordinates"":[80.89022553865752,20.30660683830894]}"
970,38.79865731495995,2025-05-01,288.66413879394537,306,0,40,0.21453250968484974,0.00632323251102207,2.378789543396939,306.07599826086135,1.9713575782821016,"{""type"":""Point"",""coordinates"":[81.866327949761,21.115433434029566]}"
971,61.20715461037471,2025-05-01,280.670410882859,409,0,40,0.2025518341307815,5.621157679343014E-4,2.8860711430597683,305.39922300974524,1.1821230813280919,"{""type"":""Point"",""coordinates"":[80.61394472231868,23.653852988719525]}"
972,313.21405394291077,2025-05-01,290.21518162318637,276,0,10,0.39704433497536945,0.004735722402074316,1.354291129957938,306.1045394624983,1.9387714059262862,"{""type"":""Point"",""coordinates"":[82.75370119425918,20.02867142421125]}"
973,49.320456036359246,2025-05-01,290.76346915108815,424,0,10,0.5359573838413731,0.007016300419309118,14.615078805081769,305.71175207410545,1.6858280728628636,"{""type"":""Point"",""coordinates"":[80.4653098269646,19.716579445361162]}"
974,180.0,2025-05-01,288.3684728713263,262,0,40,0.25798464966575885,0.005919545153119543,0.9274099368670311,306.147932552156,1.9063043522831604,"{""type"":""Point"",""coordinates"":[82.03431884634381,21.331204697382475]}"
975,210.63131859494032,2025-05-01,284.9543813069662,582,0,10,0.5476044226044227,0.010409041503407934,5.907409841350688,302.2144608724685,0.5924472149912634,"{""type"":""Point"",""coordinates"":[83.83015349131604,22.902831644954777]}"
976,107.27939377095207,2025-05-01,287.84468078613276,314,0,40,0.5938082270316755,0.008546992400624731,3.1194482602301568,306.37395445505774,1.9738153528029723,"{""type"":""Point"",""coordinates"":[82.51835392272947,21.059032658589846]}"
977,187.76565622858425,2025-05-01,281.1959642682757,634,0,30,0.2566929133858268,0.005229815104939917,3.7389860914398514,304.0796429316203,0.6332445128358424,"{""type"":""Point"",""coordinates"":[81.97167097626806,23.56536757053178]}"
978,313.4099635322017,2025-05-01,292.38659159342444,294,0,40,0.3229188957842927,0.007720320681073645,0.674788537048722,304.48903188251313,1.4335048053961184,"{""type"":""Point"",""coordinates"":[80.85507082438298,18.917701473339353]}"
979,259.56908929497024,2025-05-01,283.10404532296315,844,0,10,0.6450149098923895,0.010178371528127172,17.376841636527807,301.36868218013217,0.5120220418821642,"{""type"":""Point"",""coordinates"":[83.57949697698844,23.006193938404653]}"
980,314.84239047658946,2025-05-01,287.65376863025483,341,0,10,0.5528164347249834,0.009714110949971655,20.745549892599502,305.860840615772,1.5342474892956015,"{""type"":""Point"",""coordinates"":[82.82296061156667,20.894214997571186]}"
981,270.0,2025-05-01,293.48013233003167,226,0,40,0.4255268766279896,0.01825955436561344,0.489021213824408,304.6620636440459,1.575144672566999,"{""type"":""Point"",""coordinates"":[81.73911738521643,18.505426655971522]}"
982,110.79224838719834,2025-05-01,293.7616845993769,186,0,10,0.6520547945205479,0.01099358425472019,2.6109852863252243,304.7154548735845,1.1788257507269673,"{""type"":""Point"",""coordinates"":[81.93224861885074,18.32813149735257]}"
983,18.098227368097973,2025-05-01,290.76346915108815,290,0,10,0.39451659451659454,0.007016300419309118,6.316765445954706,305.71175207410545,1.6858280728628636,"{""type"":""Point"",""coordinates"":[80.49154322801982,19.697485386329824]}"
984,348.1078766735425,2025-05-01,292.67259070986796,186,0,10,0.5925870572410701,0.002822785833814123,2.3682353825610765,306.35251658303395,2.097426978640011,"{""type"":""Point"",""coordinates"":[80.29145921881688,18.247365301899208]}"
985,312.76975935941744,2025-05-01,285.2393631708054,275,0,40,0.24592189817103313,0.00491315052840946,2.047913723796521,305.9334782645816,0.8884267094651085,"{""type"":""Point"",""coordinates"":[83.10691613083169,22.327221500034213]}"
986,259.2364873432698,2025-05-01,292.7694099062965,369,0,10,0.5449199607971251,0.0031268291268133908,2.481612952779969,305.8297126860845,2.17194030226581,"{""type"":""Point"",""coordinates"":[80.29474684895602,18.102806160437797]}"
987,312.8089253373528,2025-05-01,287.1408466157459,272,0,40,0.16543327763189306,0.010406418899037817,1.3645911726779736,305.3378448940458,1.1606982996538393,"{""type"":""Point"",""coordinates"":[82.59853133968092,22.135163705877854]}"
988,40.257186618884944,2025-05-01,288.6798044840495,390,0,10,0.4228267297457126,0.00687669144008396,19.28972642910756,305.7959747768584,1.2573329287892725,"{""type"":""Point"",""coordinates"":[83.6463802580076,21.49599014064491]}"
989,15.23725083084346,2025-05-01,282.7805938720703,541,0,40,0.20293762201357254,0.007907717684247473,1.9218470852758736,303.7083864212036,0.7650194120038086,"{""type"":""Point"",""coordinates"":[83.04564522373431,23.39442662320459]}"
990,90.0,2025-05-01,284.01490493047805,334,0,40,0.4043250327653997,0.006624355176427343,1.0007782899357853,305.76231243496846,1.0344682710520612,"{""type"":""Point"",""coordinates"":[81.33562328546593,22.077854455115606]}"
991,302.01839682134346,2025-05-01,287.9334200904483,537,0,10,0.6532567049808429,0.010902731874921301,3.4943624943723623,303.83942018236434,1.5254726498185396,"{""type"":""Point"",""coordinates"":[82.36348077377586,20.286611375261796]}"
992,220.97764491272207,2025-05-01,283.66552807035896,649,0,30,0.3054393305439331,0.010088770845868567,3.0683657458687725,302.1299882162185,0.4996119249879543,"{""type"":""Point"",""coordinates"":[83.48492751394953,22.92493419832688]}"
993,171.74772010027522,2025-05-01,293.54325430733815,913,0,30,0.6740152851263962,0.051638334253766516,13.342780015983207,299.3124193918137,1.2102151842288686,"{""type"":""Point"",""coordinates"":[82.66670332757926,18.005671471324316]}"
994,90.0,2025-05-01,283.41855657668344,602,0,40,0.5137742795480513,0.010399594167211035,0.5027566363519277,303.29185345059346,0.7427003307454586,"{""type"":""Point"",""coordinates"":[82.05071770896002,22.72324879595802]}"
995,50.9236180169543,2025-05-01,293.174305507115,484,0,30,0.42444910807974817,0.02597771511409519,4.405428037330623,303.24645492008756,1.6646857769690766,"{""type"":""Point"",""coordinates"":[81.49269547456062,18.679293087361874]}"
996,125.24259613401473,2025-05-01,290.9298277355376,262,0,10,0.33079584775086507,0.007338508227803686,7.194908716873709,305.7010389509655,1.6685562146510569,"{""type"":""Point"",""coordinates"":[80.49660160352117,19.602117875520015]}"
997,294.75411753194896,2025-05-01,283.2234940301804,581,0,40,0.32058545797922566,0.008068337300755957,1.107380080537891,303.1684810547602,0.8212554974116293,"{""type"":""Point"",""coordinates"":[82.09645895643469,22.75183831267379]}"
998,349.93896859504787,2025-05-01,291.9390353248233,743,0,30,0.3735972765098979,0.021695091584660986,2.8236411744753322,300.7456294922602,1.0859954870622837,"{""type"":""Point"",""coordinates"":[84.34772230631668,20.05496659884652]}"
999,60.81459144214039,2025-05-01,285.3211095900762,319,0,40,0.25232919254658387,0.0022946439776205807,2.850660020786994,306.67931043534054,1.2322907970692683,"{""type"":""Point"",""coordinates"":[80.24357461598669,21.42275986960588]}"
1000,10.17699946852662,2025-05-01,287.824213663737,258,0,40,0.2275791883984226,0.008750512460210302,2.8246596819881122,305.530995005653,1.4275808492532707,"{""type"":""Point"",""coordinates"":[82.06893639885352,21.808333089791667]}"
1001,46.45089371914164,2025-05-01,298.07328360421315,45,0,10,0.5980392156862745,0.0019579820427679806,0.6730628152516916,303.4399886812483,4.966901789171089,"{""type"":""Point"",""coordinates"":[83.58646274353536,18.08501790569157]}"
1002,300.54168168357035,2025-05-01,281.08732169015065,491,0,10,0.35412474849094566,0.002001851061322668,8.157719972451838,305.47874309903096,1.1214436578234563,"{""type"":""Point"",""coordinates"":[81.17714899339786,23.391211167746363]}"
1003,51.7356188058715,2025-05-01,294.76243445986796,596,0,10,0.5374673449745635,0.019208445409276464,25.197244836336832,301.84512260981967,1.4022142535653028,"{""type"":""Point"",""coordinates"":[84.32492327091884,19.591165622486532]}"
1004,133.0790631763486,2025-05-01,290.0932973225911,140,0,40,0.35454079014879425,0.0020413987431311398,0.6789444630835327,307.7216978981382,1.4975798126682465,"{""type"":""Point"",""coordinates"":[83.88535409349765,20.75571289371842]}"
1005,119.50389582937157,2025-05-01,291.3901665097191,589,0,40,0.21259144313899356,0.02358126566741703,2.822658747984125,302.76135331108463,2.284580930682777,"{""type"":""Point"",""coordinates"":[82.35641606213106,19.42066669012094]}"
1006,207.96028248801588,2025-05-01,294.7501460484096,434,0,10,0.6260162601626016,0.011050625899770239,19.19881423773585,302.4705062593733,1.3265958854884643,"{""type"":""Point"",""coordinates"":[83.83756045115238,19.620527792219843]}"
1007,192.66740934409444,2025-05-01,290.31995864141555,461,0,10,0.42665507390386287,0.005470886090733984,8.9572894135698,304.0972501209804,1.2398573286023011,"{""type"":""Point"",""coordinates"":[84.22079693664509,20.50216183270988]}"
1008,222.70638822482,2025-05-01,296.4747554234096,86,0,40,0.3835021707670043,0.012231379011609533,5.0356696174436895,304.2143794922602,1.6349702943268083,"{""type"":""Point"",""coordinates"":[83.45483056918386,18.55546725699539]}"
1009,114.7977923768681,2025-05-01,282.0435798281715,450,0,10,0.3878032786885246,0.0021593861374640255,2.210283737184368,305.7714909598941,0.8267779768058392,"{""type"":""Point"",""coordinates"":[80.37210704547304,22.47640974970789]}"
1010,225.40221632466432,2025-05-01,294.6650688534691,677,0,10,0.3968358602504944,0.031361608961560705,15.464880498765273,302.13995729173934,1.2044815077832862,"{""type"":""Point"",""coordinates"":[83.37093258078484,19.095778414471912]}"
1011,180.0,2025-05-01,281.17275347028465,488,0,10,0.46215631757800435,0.001182972649075964,3.704791833694711,305.41424347105476,1.3108129843807281,"{""type"":""Point"",""coordinates"":[80.97514805066525,23.536257727641118]}"
1012,119.68458981783607,2025-05-01,294.5155792236328,620,0,10,0.6943952802359882,0.017233788231351355,20.601674008128015,301.50139586130774,1.488578586406338,"{""type"":""Point"",""coordinates"":[84.23225431110576,19.644889053636188]}"
1013,208.15588253852167,2025-05-01,287.1473279680525,342,0,40,0.20868374731077646,0.00241129026744602,1.0518559545996462,306.5203748884655,2.0500560710030813,"{""type"":""Point"",""coordinates"":[80.61490743404771,20.89702451689151]}"
1014,58.2868674632088,2025-05-01,285.73804364885603,258,0,40,0.21353414483185476,0.007166101792790869,1.7638515271558155,305.8631250744774,1.1292804508161425,"{""type"":""Point"",""coordinates"":[81.90337016814114,22.04397927032439]}"
1015,19.77930335186221,2025-05-01,286.99342636835013,254,0,40,0.7247386759581882,0.011063843229749182,1.4781330633394532,305.61711851755774,1.2642922556360374,"{""type"":""Point"",""coordinates"":[82.34171600934896,22.040733194739467]}"
1016,147.1137107747245,2025-05-01,287.12215241931733,245,0,40,0.7152391546162402,0.007834299663045385,2.7590774180985718,305.8979964937483,1.3809383568941507,"{""type"":""Point"",""coordinates"":[83.08185674334376,21.88370139965155]}"
1017,230.247763443138,2025-05-01,294.2623298281715,517,0,10,0.5758231565929819,0.021965145328977087,10.048546941350944,301.9393841425578,0.7221942103260625,"{""type"":""Point"",""coordinates"":[82.05546508630637,18.08841704617844]}"
1018,303.2699365322239,2025-05-01,289.5528164818173,648,0,30,0.44455544455544455,0.005845769504048803,11.670760757434033,304.04827667417976,1.578872362936742,"{""type"":""Point"",""coordinates"":[83.98584034663595,20.393008118000125]}"
1019,352.45317193963064,2025-05-01,289.63959103538883,1058,0,60,0.3219899530059958,0.01689261124465702,3.7370723663525354,301.55178764888217,1.6126508129750883,"{""type"":""Point"",""coordinates"":[82.9664032596977,19.349952490040497]}"
1020,226.75085976071134,2025-05-01,290.18470473516555,648,0,40,0.5763418447107869,0.013313441732861975,2.705310500755632,303.22462758563813,2.512899832746378,"{""type"":""Point"",""coordinates"":[82.01131737850416,19.83465150871894]}"
1021,262.3620300215177,2025-05-01,288.6626158214751,586,0,10,0.5226662454588532,0.006459175804593542,3.4847807416978682,305.03851104917976,2.171766360418699,"{""type"":""Point"",""coordinates"":[81.84827240533781,20.162254494051144]}"
1022,264.03055967869363,2025-05-01,289.9905431838263,599,0,40,0.3945403354143714,0.014329313496091345,4.4502060310353775,303.4008564267839,2.100146928469663,"{""type"":""Point"",""coordinates"":[81.62463197967857,19.765129652659994]}"
1023,211.2695680739809,2025-05-01,290.4095640636626,280,0,10,0.30180722891566264,0.006818442800977209,3.792377325594149,306.02646677834645,1.7647431144832675,"{""type"":""Point"",""coordinates"":[80.36755360969691,19.786343601931236]}"
1024,318.02551665740475,2025-05-01,282.1702539353144,818,0,40,0.22526380180455727,0.004003524044492224,3.7373763179751256,305.01731731778096,1.1307365430738023,"{""type"":""Point"",""coordinates"":[80.78996625865186,22.12832340127423]}"
1025,47.13702040198618,2025-05-01,286.667736961728,255,0,40,0.21599437148217637,0.0073565684351706295,0.6816984223611939,305.8326888765608,1.2273548092858269,"{""type"":""Point"",""coordinates"":[81.92312052543757,21.86610058689279]}"
1026,-0.0,2025-05-01,289.2159198579334,247,0,10,0.5169122807017544,0.002639188626744726,0.463735342881014,305.5556183315459,1.139461061549878,"{""type"":""Point"",""coordinates"":[84.30954928910454,21.5948870770669]}"
1027,270.0,2025-05-01,285.9827306838263,297,0,40,0.21346263548203082,0.009868129352071264,0.5007548645060935,305.2827388672602,0.9915501639915771,"{""type"":""Point"",""coordinates"":[82.76733258867807,22.170074185960388]}"
1028,101.0672242026809,2025-05-01,282.28865051269526,383,0,10,0.3436768149882904,0.001566111305692175,14.197142918613203,305.1086956659953,0.6923093610946062,"{""type"":""Point"",""coordinates"":[81.25367783232574,24.106016013059342]}"
1029,90.0,2025-05-01,291.05592055547805,584,0,40,0.39120249869859447,0.02001814470622776,1.966635278292571,302.73473617008756,2.1191427813097263,"{""type"":""Point"",""coordinates"":[81.94554803472191,19.463068495661012]}"
1030,90.0,2025-05-01,281.74583871024,460,0,40,0.1829787234042553,0.0043680064472937374,1.5183931593183373,304.5326167969477,0.6816124992133321,"{""type"":""Point"",""coordinates"":[81.62813636738873,23.645660533185804]}"
1031,196.95137090067138,2025-05-01,290.24314153762094,732,0,10,0.6662930792939199,0.007358028748967627,6.755844300525762,303.6495078404745,1.3759737486372672,"{""type"":""Point"",""coordinates"":[84.19853381851084,20.38545443550097]}"
1032,146.87382634248584,2025-05-01,283.1771712530227,550,0,30,0.21369047619047618,0.004658757904508093,2.7665794917685496,303.2015504837036,0.6566382645559299,"{""type"":""Point"",""coordinates"":[82.0629474786186,23.149864587277616]}"
1033,-0.0,2025-05-01,290.79624793643046,188,0,30,0.717567214826416,0.002331971386411169,0.0,306.1148689360845,1.2766038720813453,"{""type"":""Point"",""coordinates"":[83.92830857795379,21.597697108257258]}"
1034,61.776699330744876,2025-05-01,288.9693552652995,593,0,30,0.29831419496701683,0.007992371180989721,3.91638032878303,304.39715944017684,2.1323002651781593,"{""type"":""Point"",""coordinates"":[81.98154135725667,20.07218323225456]}"
1035,227.40197467193178,2025-05-01,283.31275649297805,515,0,40,0.24142524142524144,0.00791479573581455,2.7385202994513893,303.6128983724685,0.8577665631158033,"{""type"":""Point"",""coordinates"":[82.73936438494269,23.14892293594474]}"
1036,90.0,2025-05-01,296.94812665666853,51,0,40,0.3626222283432034,0.005447833994367102,0.48772791517907066,304.09942994798934,2.680825675136705,"{""type"":""Point"",""coordinates"":[83.15531634573523,18.046473130868165]}"
1037,256.76870661956116,2025-05-01,289.9486265636626,292,0,10,0.2620689655172414,0.004940509060361364,2.025284367855215,306.4501321429298,1.8408632322288503,"{""type"":""Point"",""coordinates"":[80.31625850088315,19.864602789491077]}"
1038,27.86180711877323,2025-05-01,291.6556868780227,631,0,30,0.3563901648203188,0.021892055133321264,4.188944805938516,302.3674556641352,1.9034179819228312,"{""type"":""Point"",""coordinates"":[81.82156267188786,18.939245731842874]}"
1039,253.0049906417815,2025-05-01,281.7622716994513,443,0,10,0.5440747227086982,0.0013319097552084713,4.748902452071858,305.12046091897145,1.175169452695944,"{""type"":""Point"",""coordinates"":[81.11352037356879,23.521841537741537]}"
1040,180.0,2025-05-01,284.0411267961774,608,0,30,0.3044064748201439,0.009120836118199804,1.8543341688295631,303.18521050044467,0.8048603264148507,"{""type"":""Point"",""coordinates"":[82.15589600050615,22.758911951486915]}"
1041,207.79611089933502,2025-05-01,298.1314588274275,12,0,40,0.17762948840165238,0.010189919928052404,1.0483542738323617,303.26697435833154,3.9759043959576132,"{""type"":""Point"",""coordinates"":[84.23679875063628,18.469560719076167]}"
1042,270.0,2025-05-01,287.5608091808501,235,0,40,0.25269240872077753,0.004591672876813391,0.49952669154287443,306.2982417969477,1.4166608037947939,"{""type"":""Point"",""coordinates"":[83.36303926321978,21.821543357217347]}"
1043,146.01132435324686,2025-05-01,282.9498065766834,598,0,30,0.18101722066479775,0.005528702596166113,4.4653656772968375,304.92046324412024,1.1593976006780708,"{""type"":""Point"",""coordinates"":[80.82868112541836,22.028750609826915]}"
1044,28.1454885822068,2025-05-01,287.0399002801804,401,0,40,0.20410580339518358,0.0016523145231985836,3.152431182953224,306.48570110684346,1.9296050894779049,"{""type"":""Point"",""coordinates"":[80.47118359337146,20.831896701433806]}"
1045,19.970233826788057,2025-05-01,281.8545103527251,742,0,40,0.19897814362759011,0.019539176681973913,2.957855891237188,302.7054857980637,0.8811295765365222,"{""type"":""Point"",""coordinates"":[82.53416591480428,23.464575633051144]}"
1046,199.53574737392046,2025-05-01,290.21518162318637,269,0,40,0.18214187893727746,0.004735722402074316,1.4758912523172565,306.1045394624983,1.9387714059262862,"{""type"":""Point"",""coordinates"":[82.76833665525571,20.041479531677414]}"
1047,126.2162474841037,2025-05-01,281.8608928862073,458,0,30,0.29082292115467473,0.0061953358444952755,3.1364598405731834,304.831026395162,0.6902558739456292,"{""type"":""Point"",""coordinates"":[81.74451235625342,23.7367232775813]}"
1048,65.00378774792364,2025-05-01,287.80473472958516,287,0,10,0.43575500657798566,0.010267689088323095,1.097336666021,306.4617753255935,1.9416326355947153,"{""type"":""Point"",""coordinates"":[82.64805699599056,21.178957313454973]}"
1049,-0.0,2025-05-01,285.13888767787387,350,0,40,0.33395197772880175,0.011222749212720373,1.8543341688414132,305.1206585566203,0.6539820029529287,"{""type"":""Point"",""coordinates"":[82.39057642396439,22.413567985792255]}"
1050,216.2551263663351,2025-05-01,290.1727127801804,358,0,10,0.3689356901090636,0.0064969949517035275,16.229102379909275,306.1418522880191,1.824840498774874,"{""type"":""Point"",""coordinates"":[80.42339222526198,19.882281646931705]}"
1051,90.0,2025-05-01,291.104731241862,573,0,40,0.20928313563692624,0.014554052809216955,1.9671949645457418,302.9280025391352,2.0802062467215383,"{""type"":""Point"",""coordinates"":[81.64757024291829,19.508926366839134]}"
1052,209.8729476694,2025-05-01,293.6101604643322,445,0,10,0.5157715260017051,0.019757955530621985,5.8622986484601585,304.1864486421858,1.8671255090712113,"{""type"":""Point"",""coordinates"":[81.26601694253367,18.265856798681334]}"
1053,294.69165943813255,2025-05-01,283.3655199323382,476,0,40,0.19721619667389734,0.0068481408152365475,1.1100043145624097,303.6037837891352,0.8686616385761422,"{""type"":""Point"",""coordinates"":[82.59195106250739,23.14049965879087]}"
1054,132.77101023326148,2025-05-01,285.1701899937221,378,0,60,0.17381540534471143,0.0037782631907248287,0.6828803041656469,305.64902537209645,0.8437256604995407,"{""type"":""Point"",""coordinates"":[83.40491527932154,22.3209578717298]}"
1055,90.0,2025-05-01,288.26331801641555,247,0,60,0.08888069334316799,0.009440138200261572,0.9960963327624412,306.0647910435995,1.8157955998461917,"{""type"":""Point"",""coordinates"":[82.20597945336682,21.403756642793574]}"
1056,261.3315022906008,2025-05-01,280.608387538365,410,0,30,0.1812206572769953,6.145231518530636E-4,3.0739697259731567,305.60292348407563,1.094521787472025,"{""type"":""Point"",""coordinates"":[80.54103402547821,23.829106299453844]}"
1057,82.81505059557969,2025-05-01,294.99878002348396,187,0,10,0.37446947437153116,0.03421661184165714,7.374623509269335,302.14640376681376,1.020190692029586,"{""type"":""Point"",""coordinates"":[83.39399881115952,19.008899039942644]}"
1058,327.3976269412978,2025-05-01,290.3028397333054,207,0,40,0.16725784447476125,0.005646257856824377,2.750312686376777,306.6908489863078,1.9501481327012278,"{""type"":""Point"",""coordinates"":[82.9895659669391,20.263803266006608]}"
1059,284.30885298875427,2025-05-01,283.82875932965965,976,0,40,0.32609271523178807,0.012892156103589514,9.299383414118067,300.58683345431376,0.8256999559705165,"{""type"":""Point"",""coordinates"":[84.27831286879947,23.33256401584651]}"
1060,270.0,2025-05-01,290.14556666782926,199,0,10,0.3527161438408569,0.0023428641352438717,1.4834047747306986,304.7218083427066,1.5484981825770878,"{""type"":""Point"",""coordinates"":[83.6534586850309,20.338470273514734]}"
1061,31.170326196351066,2025-05-01,289.44413902646016,301,0,10,0.5215044971381848,0.002703785160520056,8.606541605914334,305.58835642678395,1.2248783242249828,"{""type"":""Point"",""coordinates"":[84.24848007625994,21.583737157083494]}"
1062,286.9440145993562,2025-05-01,282.30664716448103,421,0,40,0.21962508678546633,0.0019255422148489743,1.590827814558675,304.8721175874983,0.7191373336167823,"{""type"":""Point"",""coordinates"":[81.31534529136391,23.937417659330514]}"
1063,8.249304576310813,2025-05-01,282.5125972202846,866,0,10,0.3755656108597285,0.007657586792447546,6.993963065904008,303.6079864956084,0.6953953556431497,"{""type"":""Point"",""coordinates"":[83.08380044133843,23.123325452789324]}"
1064,-0.0,2025-05-01,288.67388698032926,265,0,80,-0.11717171717171718,0.0070274315867209225,0.0,304.6441367467244,0.7072084021432582,"{""type"":""Point"",""coordinates"":[82.86560152324827,24.089587263039206]}"
1065,82.54832176943526,2025-05-01,283.0739172072638,486,0,30,0.1975145923554886,0.00621700213287113,3.5711684091680547,304.013184365772,0.9765305552140483,"{""type"":""Point"",""coordinates"":[83.33767765035121,23.71436677130053]}"
1066,132.8034012572813,2025-05-01,286.1146886916387,406,0,10,0.29103989535644215,0.004721149066426733,3.4084518813207825,305.05107266562334,0.9019231849940167,"{""type"":""Point"",""coordinates"":[83.6481979775523,22.162057853568587]}"
1067,339.958683552272,2025-05-01,283.41476658412387,429,0,10,0.25594319234331586,0.008073418596723059,2.9591898598052055,304.2525177456083,0.723506088633865,"{""type"":""Point"",""coordinates"":[83.56941039440554,23.967854737433218]}"
1068,332.2382977503713,2025-05-01,293.83887953985305,69,0,60,0.09189027132363964,0.0029261253866934567,1.0480227548848804,306.5606174014864,2.0018151178309167,"{""type"":""Point"",""coordinates"":[80.63384489705129,18.218259502726333]}"
1069,255.08025115748052,2025-05-01,289.9301125662667,185,0,10,0.6271282633371169,0.0028749697003149777,7.167149679160506,306.59582015446256,0.9746702346769079,"{""type"":""Point"",""coordinates"":[83.91807527897022,21.16133831006032]}"
1070,312.57179393033067,2025-05-01,282.766352335612,530,0,30,0.27091676588375363,0.008419855693318823,0.6854605766600503,303.61271236056376,0.8144372454679308,"{""type"":""Point"",""coordinates"":[82.85240895332268,23.27211399078735]}"
1071,47.546742617279065,2025-05-01,282.52084568568637,385,0,40,0.2900274473924977,0.001389249423482397,1.3738207104239624,304.9056113560994,0.7770348677754397,"{""type"":""Point"",""coordinates"":[81.1604065179679,23.81817499389215]}"
1072,190.17912761865503,2025-05-01,287.16935294015065,222,0,40,0.24888272461087996,0.0049273960385107785,2.824678487640173,306.28093687693274,1.4650212239253875,"{""type"":""Point"",""coordinates"":[83.30170395258976,21.838935346073153]}"
1073,171.91891267945462,2025-05-01,284.43972124372203,676,0,10,0.6202431289640592,0.007676272848584631,26.504461173063333,304.80121798742385,0.6539270627242877,"{""type"":""Point"",""coordinates"":[83.00329099552611,22.53016128541389]}"
1074,112.11076803055022,2025-05-01,292.1110323951358,940,0,40,0.330930064888248,0.047048806408383825,3.6910660021668047,299.6552451451619,1.2491842254720384,"{""type"":""Point"",""coordinates"":[82.79391024436897,18.562327484110273]}"
1075,113.3819218208959,2025-05-01,294.83692641485305,350,0,10,0.6987411373173202,0.042278497675397375,22.190449287523734,300.9214572452364,1.4751448232795092,"{""type"":""Point"",""coordinates"":[82.81602568749526,17.97324160457698]}"
1076,259.4263110077847,2025-05-01,287.3467269170852,312,0,30,0.1486159634506853,0.0013955675158285885,2.5255868661708845,306.8379030227661,2.159169136436696,"{""type"":""Point"",""coordinates"":[80.90926960038414,21.037330864613914]}"
1077,163.0333055148061,2025-05-01,290.146723429362,259,0,40,0.3546167606990505,0.0044829242024206906,3.3899798474888807,306.56315181368876,1.8396496095736414,"{""type"":""Point"",""coordinates"":[83.17119532962684,20.53202254900349]}"
1078,46.70892520099518,2025-05-01,290.4600139799572,659,0,40,0.3287104622871046,0.02722072527740238,0.6762732507467243,302.6447470982869,2.3996677558685944,"{""type"":""Point"",""coordinates"":[82.44440499342193,19.600017397799235]}"
1079,241.96433628485445,2025-05-01,289.95228286016555,171,0,10,0.6019670234307203,0.0029495947155737667,3.940369137115408,306.0839328311739,1.0100496616749026,"{""type"":""Point"",""coordinates"":[84.01926002296197,21.268951961255766]}"
1080,103.2901279782838,2025-05-01,292.62777927943637,434,0,10,0.41819125470351626,0.014509364226796606,4.02798924217928,303.8756343750727,1.7185656347292768,"{""type"":""Point"",""coordinates"":[81.45011335543921,19.119748839949057]}"
1081,90.0,2025-05-01,290.6133459182013,616,0,10,0.6156475503228257,0.02083700821731327,1.4771983410573692,303.0062612351917,1.971080353316408,"{""type"":""Point"",""coordinates"":[81.3884185197826,19.677842427405484]}"
1082,90.0,2025-05-01,290.12068176269537,188,0,30,0.06398479569211277,0.0042123787197851925,1.4972155213088467,305.8780060268583,1.3528942065905982,"{""type"":""Point"",""coordinates"":[83.70886504829005,21.720021162505578]}"
1083,90.0,2025-05-01,287.76294599260603,247,0,10,0.5297755074606803,0.013963370779492834,1.4995776647746124,305.58820529211135,1.346444150721235,"{""type"":""Point"",""coordinates"":[82.65731475311516,21.9453575178193]}"
1084,260.7566513982067,2025-05-01,290.94187781924296,577,0,10,0.5396145610278372,0.00949241147372959,24.39434423238358,304.8052928107125,1.2998384089610555,"{""type"":""Point"",""coordinates"":[83.25987526400458,19.900702802363256]}"
1085,19.306926296044022,2025-05-01,293.5005006336031,223,0,40,0.32855232770147075,0.004929258683660009,1.4738154713891758,305.45134122031084,2.200135153921065,"{""type"":""Point"",""coordinates"":[80.37022240694192,17.920600667234222]}"
1086,164.8716312676491,2025-05-01,284.69476100376676,358,0,30,0.25020316027088035,0.0081711702141547,3.8374057736766463,305.14905443645654,0.9188401945472263,"{""type"":""Point"",""coordinates"":[81.57291309924152,22.374149188361717]}"
1087,270.0,2025-05-01,290.2015271868025,114,0,40,0.27569827094812843,0.0025278471503042965,0.49607140531899147,307.5997554688227,1.2640091628980232,"{""type"":""Point"",""coordinates"":[84.00204916527909,20.801613312364758]}"
1088,254.791935584025,2025-05-01,294.44073268345426,185,0,10,0.5200119474313023,0.010092481235005835,3.531178204364615,305.359120005653,2.1741208374479535,"{""type"":""Point"",""coordinates"":[81.17448308470603,17.925113577140497]}"
1089,290.766559614972,2025-05-01,294.08007303873694,272,0,30,0.33831628638867034,0.02592956946227787,2.6140679151216184,303.63767283303406,1.1864049509028154,"{""type"":""Point"",""coordinates"":[82.22759289436752,18.55939072344907]}"
1090,180.0,2025-05-01,289.1072017124721,646,0,10,0.6230183497690676,0.010448648789861181,0.463735342881014,303.8639156250727,2.234164656301818,"{""type"":""Point"",""coordinates"":[81.81910606860515,20.039323214095774]}"
1091,270.0,2025-05-01,283.4014783586775,536,0,10,0.3545323741007194,0.00530554280612705,0.5032278528045077,303.6441483724685,0.6859948527423566,"{""type"":""Point"",""coordinates"":[82.80125874136354,22.850750700237004]}"
1092,180.0,2025-05-01,286.17921157110305,243,0,10,0.5219162457226658,0.007151185730435827,0.4637353428839794,305.97744682856967,1.1485745905525406,"{""type"":""Point"",""coordinates"":[83.10134221991736,22.144315681072214]}"
1093,312.7365316300488,2025-05-01,283.83680434454055,343,0,40,0.25434592599786343,0.010559319714047888,2.049197686287849,305.1243962333316,0.7436655073974676,"{""type"":""Point"",""coordinates"":[82.04476220810531,22.488890761802583]}"
1094,142.5684518835672,2025-05-01,280.22725495837983,467,0,10,0.35865825688073394,6.25147679784277E-4,5.819934681633912,305.88712061019174,1.0378432495438044,"{""type"":""Point"",""coordinates"":[80.29506660081488,23.862733466443476]}"
1095,239.2625357975664,2025-05-01,283.27875700451074,905,0,10,0.38098504595966526,0.014357476690747717,9.881573401714013,301.0513516834804,0.797166130743641,"{""type"":""Point"",""coordinates"":[83.94755690866987,23.220727770001954]}"
1096,114.93133325927083,2025-05-01,284.9665185837518,434,0,10,0.43542784970003157,0.005955412248113134,2.1992064238723104,306.09266376495356,1.5276806759020307,"{""type"":""Point"",""coordinates"":[80.96675245668533,21.61188592908741]}"
1097,105.13155161996795,2025-05-01,296.1768108549572,175,0,10,0.3760782058654399,0.02318628058765171,3.548568974882421,303.47617962246846,0.9422309435624762,"{""type"":""Point"",""coordinates"":[83.40827595583156,18.837349868106713]}"
1098,245.02197677660348,2025-05-01,288.176514398484,267,0,40,0.377226384964992,0.013400822142102697,2.195362398389411,306.19900444575717,1.696185097553176,"{""type"":""Point"",""coordinates"":[82.92109311648856,21.301573698659542]}"
1099,332.0075270474573,2025-05-01,295.5043778192429,139,0,10,0.4343562163872192,0.018459557751157263,1.0502574514627523,302.7786349796114,1.1547075749422655,"{""type"":""Point"",""coordinates"":[84.34266485548781,19.836864618317243]}"
1100,33.91037132403198,2025-05-01,289.44413902646016,297,0,10,0.50965424337674,0.002703785160520056,21.31117667235523,305.58835642678395,1.2248783242249828,"{""type"":""Point"",""coordinates"":[84.21351457940071,21.60647785217358]}"
1101,270.0,2025-05-01,287.76294599260603,242,0,30,0.41894514023637325,0.013963370779492834,0.4996937003002962,305.58820529211135,1.346444150721235,"{""type"":""Point"",""coordinates"":[82.74041044938629,21.868840186772484]}"
1102,245.08765140052617,2025-05-01,287.306391398112,264,0,40,0.1599619892302819,0.005471318224408606,1.100792881414132,305.93457108452213,1.3837717225442634,"{""type"":""Point"",""coordinates"":[81.67168297239957,21.73708768965715]}"
1103,180.0,2025-05-01,288.27158392043344,250,0,40,0.4894659480646742,0.013207390168645361,0.4637353428839794,306.3384378069923,1.685782212163167,"{""type"":""Point"",""coordinates"":[82.91274259560127,21.245937908669177]}"
1104,55.52223723215336,2025-05-01,281.01546296619233,380,0,40,0.261634728197106,5.273513588690548E-4,2.456134356583606,305.5268678665161,1.1765647110210753,"{""type"":""Point"",""coordinates"":[80.68378541545144,23.70724726531375]}"
1105,212.2402080278936,2025-05-01,297.03415134974887,86,0,40,0.4502954020035962,0.011547266701199987,2.7393098900976702,303.99832666487924,2.1252865420403055,"{""type"":""Point"",""coordinates"":[83.0516911791257,17.953754771505317]}"
1106,233.1716560804786,2025-05-01,288.59579685756137,311,0,40,0.18623655913978496,0.008676915625073889,3.091625777024596,306.0830318360101,1.4983800389021855,"{""type"":""Point"",""coordinates"":[82.60048591868005,20.596060544375185]}"
1107,19.64630414351089,2025-05-01,288.8705131894066,155,0,30,0.3028792912513843,0.004946231106259802,1.4769047229398906,307.2780420666649,1.5524047522619577,"{""type"":""Point"",""coordinates"":[83.33786592211864,20.97797202392925]}"
1108,295.0324376585427,2025-05-01,289.05413600376676,161,0,30,0.3346832513740237,0.0029998861346030026,1.095851159906148,307.5955527623494,1.7051468106689547,"{""type"":""Point"",""coordinates"":[83.51159090715673,20.933932684621563]}"
1109,65.35786676092638,2025-05-01,280.6956852504185,491,0,40,0.25731329585866697,0.001495390394666174,1.1120950012543487,305.5326691127959,1.4122559314764251,"{""type"":""Point"",""coordinates"":[80.88082577451262,23.44371929513815]}"
1110,180.0,2025-05-01,285.34607587541853,373,0,40,0.2419753086419753,0.00254060254428623,0.9274099368670311,305.92069575900126,1.6203212679333734,"{""type"":""Point"",""coordinates"":[80.85648407626464,21.466747924183213]}"
1111,132.95852947321055,2025-05-01,289.0366799490792,168,0,40,0.720620842572062,0.006257503488996008,0.6804767066604632,306.3940902437483,1.2258694192396729,"{""type"":""Point"",""coordinates"":[83.64309829179935,21.38308744891155]}"
1112,301.8703437205385,2025-05-01,287.72466823032926,300,0,40,0.5790395562691578,0.011257305005528906,3.5088378507351803,306.37512284233463,1.8645638164966472,"{""type"":""Point"",""coordinates"":[82.70572857377249,21.157230359368288]}"
1113,133.32398245823265,2025-05-01,292.2572784423828,451,0,10,0.41824015796618536,0.02211186216209171,0.675861346425702,303.09061182112913,1.926896046669236,"{""type"":""Point"",""coordinates"":[81.38211601723722,19.413831677620312]}"
1114,115.11274929338873,2025-05-01,288.4377971830822,455,0,10,0.5053875113592107,0.003575354078748205,2.184353294154671,306.04455062321256,1.775884689055038,"{""type"":""Point"",""coordinates"":[81.94053637241527,20.37837812569039]}"
1115,234.83726941724032,2025-05-01,289.24279276529944,545,0,40,0.5400140812015959,0.007090582707860449,2.4143276265168354,304.56354127611434,2.088125746638913,"{""type"":""Point"",""coordinates"":[82.08558257108105,20.07181598843619]}"
1116,133.1223913808986,2025-05-01,288.2287081763858,269,0,40,0.19340818544005794,0.00235788450572727,0.6783960852692874,306.920393489656,1.8279984163901664,"{""type"":""Point"",""coordinates"":[80.39110448202233,20.52493889055476]}"
1117,14.843760057427911,2025-05-01,290.8297358921596,591,0,40,0.23683484973807553,0.02445624695155857,3.832321741538745,302.3646712984358,2.204636921278827,"{""type"":""Point"",""coordinates"":[82.53210475990213,19.387482489872536]}"
1118,115.28360510153573,2025-05-01,295.75008210681733,186,0,30,0.4040957600230747,0.0110943161043906,1.0856728903556327,303.36686275118876,1.4106356382803051,"{""type"":""Point"",""coordinates"":[83.6812983092984,19.144736289101782]}"
1119,46.806930474996804,2025-05-01,291.4493357340495,546,0,40,0.3529486689593682,0.006818636516072729,3.3837399145701665,303.1358301526024,1.3972299290689605,"{""type"":""Point"",""coordinates"":[83.93534617522188,20.143298346931097]}"
1120,337.0430576384288,2025-05-01,290.2967013404483,854,0,30,0.2085661080074488,0.016986235240437964,19.371826913153736,301.13076714106967,1.6104790152102313,"{""type"":""Point"",""coordinates"":[82.90304331474046,19.21064699707979]}"
1122,168.95682215040455,2025-05-01,296.86431666782926,543,1,10,0.6634004237288136,0.034760131696202734,28.192559904935838,301.70885726383756,2.2040656407974892,"{""type"":""Point"",""coordinates"":[84.2688943829068,18.922987238022266]}"
1123,227.16871650521412,2025-05-01,286.182612101237,262,0,40,0.7742613079400644,0.008805646756627539,0.6821050826126699,305.7773561477661,1.2107514670593948,"{""type"":""Point"",""coordinates"":[82.06056933958986,22.0242311879395]}"
1124,90.0,2025-05-01,281.6265353248233,623,0,40,0.14577436312171452,0.0034118734392905026,1.003479158508965,304.45215502239404,0.9744974513674756,"{""type"":""Point"",""coordinates"":[80.6833551751276,22.45457350618839]}"
1125,90.0,2025-05-01,288.2468501499721,422,0,40,0.30365235937083446,0.004629194000699499,0.4953741539077092,306.16894027165006,1.6118731639616481,"{""type"":""Point"",""coordinates"":[82.2956969198947,20.588676005822816]}"
1126,325.16030162549214,2025-05-01,283.48993864513574,456,0,10,0.3294651866801211,0.005177780250051001,6.1910558502537345,304.100557645162,0.8156001516178139,"{""type"":""Point"",""coordinates"":[82.98267590397423,23.899868988103215]}"
1127,184.42721105409183,2025-05-01,281.3552892775763,749,0,30,0.24164677804295942,0.0031762711796545773,6.484043778992813,303.1924068360101,1.2153848156624263,"{""type"":""Point"",""coordinates"":[81.05625802959528,22.695665098865785]}"
1128,207.8956010675871,2025-05-01,295.2411070324125,237,0,30,0.5021762785636561,0.03727461324069736,4.190247350165909,302.43357708340596,1.2926694761634996,"{""type"":""Point"",""coordinates"":[83.38618147204352,19.17653262285382]}"
1129,192.29165745891171,2025-05-01,285.12107122512094,633,0,40,0.5164730978904953,0.01164254472587345,2.3717718826686767,300.7808380581083,0.7862587917378333,"{""type"":""Point"",""coordinates"":[84.38798305305818,23.37531613873727]}"
1130,295.417887743105,2025-05-01,294.05782136462983,130,0,30,0.31640449438202245,0.015178873399236181,1.0803168733160051,305.1543208985102,1.7387873554367363,"{""type"":""Point"",""coordinates"":[81.6293774926699,18.114902098340497]}"
1131,151.7157427263908,2025-05-01,287.5388481503441,254,0,40,0.19429682436811407,0.006871833661534765,1.0531211715264894,305.6878146671114,1.5087521319286539,"{""type"":""Point"",""coordinates"":[81.98908352963048,21.687969315254986]}"
1132,180.0,2025-05-01,284.3906082879929,367,0,40,0.2640955562303877,0.010696067670323828,0.9274099368670311,304.8662989026024,0.6879388214865483,"{""type"":""Point"",""coordinates"":[82.12401054200731,22.548772684516415]}"
1133,208.66329918663604,2025-05-01,283.5079992385138,316,0,40,0.4144906215520412,0.006562604764440039,2.1130926951442555,304.64658396584645,0.7266927665998653,"{""type"":""Point"",""coordinates"":[84.01788727386317,23.842587411808346]}"
1134,226.85279035015438,2025-05-01,288.75526137579055,340,0,40,0.3060544784108481,0.004545360067822912,1.3559752050629874,306.28107057298934,2.3061206066794737,"{""type"":""Point"",""coordinates"":[80.80150903117236,20.392184978646384]}"
1135,79.57493705187632,2025-05-01,283.00602286202565,516,0,40,0.2896362388469458,0.0078250609431052,2.5611393329891374,303.4604616165161,0.820481836327234,"{""type"":""Point"",""coordinates"":[82.7695459287005,23.08370291906477]}"
1136,-0.0,2025-05-01,287.6338246663412,261,0,40,0.3408089707649179,0.013675510147550085,0.0,306.1993532180786,1.721542031263869,"{""type"":""Point"",""coordinates"":[82.639117156017,21.3978096012628]}"
1137,24.639001346002413,2025-05-01,293.3580213274275,454,0,10,0.5508536407412812,0.0315185628924155,26.093515202523445,300.64536326272145,0.9830354897104923,"{""type"":""Point"",""coordinates"":[81.8518663054125,17.938444486936362]}"
1138,263.2706003505055,2025-05-01,291.92823500860305,338,0,10,0.3719429347826087,0.008695348361470678,3.9512607575781935,304.3951016834804,1.3543730035961572,"{""type"":""Point"",""coordinates"":[80.7767242581808,19.274472821916248]}"
1139,270.0,2025-05-01,285.86001514253167,262,0,40,0.18088933659519355,0.0048828862700247555,0.5004863822264707,305.9910140718733,1.1135643606828474,"{""type"":""Point"",""coordinates"":[83.47061404589485,22.094619839430635]}"
1140,125.52445958767895,2025-05-01,294.72717357817146,735,0,30,0.5320430107526881,0.044769316175916174,4.777590276865785,299.79593989962626,1.310015908528894,"{""type"":""Point"",""coordinates"":[82.54098254284051,17.840534330963443]}"
1141,180.0,2025-05-01,280.9607289632162,632,0,40,0.16882056863011835,0.002688615778424719,0.463735342881014,304.6587270555042,1.0333813410276207,"{""type"":""Point"",""coordinates"":[80.49182815023887,22.912177055353485]}"
1142,313.58984312668383,2025-05-01,294.9187251499721,75,0,40,0.46003083021360935,0.006264462331273535,2.016939117597623,306.0535489491054,2.2635920410844363,"{""type"":""Point"",""coordinates"":[80.93952359490515,17.83372150443552]}"
1143,226.91233402347697,2025-05-01,290.148188273112,159,0,40,0.2914542117071181,0.0027678899559759884,0.67883548144392,307.3028688430786,1.3944932553112734,"{""type"":""Point"",""coordinates"":[84.00114286953122,20.71016114793147]}"
1144,350.0580633836067,2025-05-01,294.00860959007633,549,0,30,0.563030303030303,0.035381674030759314,5.6315815819236965,300.35574272700717,0.832308868724731,"{""type"":""Point"",""coordinates"":[82.22910009471352,18.03850607457179]}"
1145,144.8807278544095,2025-05-01,297.0473988850912,43,0,80,0.04973716134249899,0.013836025455930212,5.089180753936972,303.96708247775126,1.9144412718025212,"{""type"":""Point"",""coordinates"":[83.74026934805416,18.57789512394646]}"
1146,126.22973613646649,2025-05-01,283.23433503650483,446,0,10,0.3036750483558994,0.004795163134076574,3.1354539811905062,304.1584131604149,0.7936612993099359,"{""type"":""Point"",""coordinates"":[82.92988162587577,23.671830962897175]}"
1147,47.118166511867926,2025-05-01,288.104004632859,229,0,40,0.1972724010049049,0.016304238894917944,1.3627209700542289,305.70636354173934,1.426714953909362,"{""type"":""Point"",""coordinates"":[82.60368008152156,21.77219087682232]}"
1148,195.09723319566965,2025-05-01,284.01490493047805,345,0,40,0.2977659219739913,0.006624355176427343,1.9205753182549645,305.76231243496846,1.0344682710520612,"{""type"":""Point"",""coordinates"":[81.29183565323467,22.070990255962716]}"
1149,301.86937946887844,2025-05-01,288.245850335984,312,0,50,0.3690164160573872,0.005628585079648474,1.7561129323560485,306.2369334357125,1.9334768226616035,"{""type"":""Point"",""coordinates"":[81.73215404753641,21.16272823833364]}"
1150,126.86699551016385,2025-05-01,289.7687821161179,231,0,40,0.3119644557283402,0.0015602998528265744,3.0888493653950344,305.58092757633756,1.602891552392328,"{""type"":""Point"",""coordinates"":[83.77969221668049,20.380533872161234]}"
1151,180.0,2025-05-01,289.31219264439176,370,0,10,0.37245292752127934,0.004050224283673742,6.464860749476268,306.6202342169626,1.951650899632032,"{""type"":""Point"",""coordinates"":[80.34780351399412,20.099017394524413]}"
1152,160.47139288056658,2025-05-01,289.00696454729353,663,0,40,0.31455825573472634,0.009991585472562292,1.4758260343811274,303.898653348287,2.339545176884604,"{""type"":""Point"",""coordinates"":[82.03108067434515,19.979828687057953]}"
1153,81.28412860390357,2025-05-01,280.1862509591239,659,0,30,0.18577384054194893,0.0013036571535849362,3.0574212393968376,304.8813193639119,1.2245150768690112,"{""type"":""Point"",""coordinates"":[80.4243459426749,23.09864796620873]}"
1154,223.96496790043338,2025-05-01,287.82380676269537,307,0,30,0.2197812648597242,0.00978349075649021,6.416063599914787,306.4596013114566,1.880360303538157,"{""type"":""Point"",""coordinates"":[82.58364515324999,21.07358286856744]}"
1155,180.0,2025-05-01,281.1885470435733,601,0,10,0.29927667269439423,0.003464370230176428,1.8543341688414132,305.166504678272,0.9345751770032205,"{""type"":""Point"",""coordinates"":[80.55017771034181,22.365170353002675]}"
1156,-0.0,2025-05-01,282.6702771868025,398,0,40,0.2923150586545368,0.006383984545209387,0.9274099368611016,304.56761609940304,0.688256995941113,"{""type"":""Point"",""coordinates"":[81.72359652167958,24.10476448592015]}"
1157,199.91327728643077,2025-05-01,282.4990706670852,715,0,10,0.429593977539183,0.007751166084744909,1.4793805353810725,302.75248868124834,0.4956771664458147,"{""type"":""Point"",""coordinates"":[83.35043712325262,23.051520319100984]}"
1158,332.18335779136055,2025-05-01,297.1565064929781,55,0,40,0.3205013428827216,0.016678228238561132,1.048552368058552,303.4826202846709,2.1085112341792076,"{""type"":""Point"",""coordinates"":[83.76014825414327,18.618288739465676]}"
1159,27.891609793354394,2025-05-01,291.5622217087519,582,0,10,0.6081654294803818,0.015890016416051367,1.049277465699162,302.94993450528096,2.0404878011657477,"{""type"":""Point"",""coordinates"":[82.04251934488786,19.148724180333463]}"
1160,215.56586379110487,2025-05-01,287.6119915190197,283,0,40,0.8597911227154047,0.00523087308738468,1.7097889123087981,306.5005123047602,1.9235820221211788,"{""type"":""Point"",""coordinates"":[81.48106005153679,21.19308703317647]}"
1161,336.9781031379861,2025-05-01,290.3734661283948,610,0,40,0.26824102509795617,0.0244152389559531,2.5177605436183774,303.22721431368876,2.3979504526404214,"{""type"":""Point"",""coordinates"":[82.3546995264032,19.722343213387273]}"
1162,180.0,2025-05-01,294.35176667712983,170,0,40,0.4003733084461036,0.018868654230573156,2.3174627380815918,302.01173696063813,1.1237927776320455,"{""type"":""Point"",""coordinates"":[84.31799430039757,19.866395886619003]}"
1163,72.48880895687576,2025-05-01,297.43140302385603,66,0,40,0.3409216488009725,0.01589529142711399,3.079501713610707,302.69794650304885,2.365466026127886,"{""type"":""Point"",""coordinates"":[84.22268120602392,18.819606179100937]}"
1164,342.3010578838099,2025-05-01,295.33797273181733,289,0,10,0.6525303929884082,0.018843173244931677,9.64362038116064,302.77982080550424,1.0454997656147353,"{""type"":""Point"",""coordinates"":[84.390320062914,19.934298961110482]}"
1165,345.3839928631821,2025-05-01,280.9703841436477,621,0,30,0.2002200220022002,0.0028339021000647335,11.811169379454723,304.4138714472453,1.1321524412322082,"{""type"":""Point"",""coordinates"":[80.65703076491167,23.026735876492125]}"
1166,19.69701325433299,2025-05-01,286.62491934640065,289,0,40,0.16626371582666916,0.0036413513216757565,1.4773718776228122,306.5420394624983,1.7623706088999298,"{""type"":""Point"",""coordinates"":[81.42014396539557,21.390319656924753]}"
1167,113.0683695437473,2025-05-01,293.6703411283948,337,0,10,0.5667550839964633,0.014346911767461279,15.031398324193283,305.3745938709804,1.8093765868246394,"{""type"":""Point"",""coordinates"":[81.62978121882988,18.18610342446561]}"
1168,50.35937099025754,2025-05-01,286.1146886916387,476,0,10,0.5452678148206668,0.004721149066426733,12.170997642767189,305.05107266562334,0.9019231849940167,"{""type"":""Point"",""coordinates"":[83.59980446145934,22.191060827471325]}"
1169,190.24957827761847,2025-05-01,284.59066409156435,479,0,10,0.31711905401773716,0.011939420560338476,19.057777308827614,304.2562263579595,0.7757179595434017,"{""type"":""Point"",""coordinates"":[82.35432048783957,22.820845364778855]}"
1170,283.2698721213353,2025-05-01,290.8297358921596,594,0,40,0.45989738050229545,0.02445624695155857,2.0195063664549306,302.3646712984358,2.204636921278827,"{""type"":""Point"",""coordinates"":[82.48299284993132,19.38001886236378]}"
1171,347.65004486165674,2025-05-01,282.19956243605833,405,0,30,0.19651539708265803,0.00137291775081394,2.3722984298356904,305.18078690483463,0.7473419776421726,"{""type"":""Point"",""coordinates"":[81.23576081168626,24.012515131482157]}"
1172,-0.0,2025-05-01,284.5473349434989,312,0,40,0.7487091222030982,0.006447970131375769,0.0,305.43296091897145,0.9228545675640335,"{""type"":""Point"",""coordinates"":[81.6876906842119,22.246469134288677]}"
1173,132.54876060355394,2025-05-01,279.962403070359,605,0,40,0.15228147333699835,7.355503830694943E-4,1.371324984420393,305.3265795480637,1.4327920582126332,"{""type"":""Point"",""coordinates"":[80.65887087542329,23.37887633059245]}"
1174,180.0,2025-05-01,283.4741973876953,705,0,10,0.47937156724996804,0.01408627555701969,0.463735342881014,303.4867532366799,0.648755364448649,"{""type"":""Point"",""coordinates"":[82.23925762744749,22.61794260765449]}"
1175,46.939892894767,2025-05-01,288.0584956577846,375,0,10,0.4440134471166279,0.005198880294301489,0.6791847791954633,306.44777211688813,1.9474048449983163,"{""type"":""Point"",""coordinates"":[82.3137718771333,20.856044215440882]}"
1176,65.12697825718627,2025-05-01,286.89288112095426,257,0,10,0.4233748736948468,0.007400660971143225,1.1024219559691488,305.94902769724524,1.2681117913779834,"{""type"":""Point"",""coordinates"":[83.10587262155794,21.99357408061912]}"
1177,199.7222233455828,2025-05-01,287.0616927373977,286,0,30,0.20809953647231033,0.004476412394978979,1.4776046646913836,306.08456062135247,1.5423402158744748,"{""type"":""Point"",""coordinates"":[81.81855572257489,21.592274119359463]}"
1178,115.2035133925271,2025-05-01,290.9263400123233,277,0,10,0.47145187601957583,0.006560250380971411,1.088895653535666,305.41653955550424,1.6622906996427655,"{""type"":""Point"",""coordinates"":[80.6407425858038,19.732558970927144]}"
1179,278.7395347096298,2025-05-01,289.891846429734,707,0,10,0.5390004041492658,0.01028257534835575,23.081480992934925,303.7455306734358,1.4708916315288543,"{""type"":""Point"",""coordinates"":[83.13448135068519,19.681113804227973]}"
1180,52.2106697951564,2025-05-01,287.72969636462983,269,0,10,0.326201392426558,0.013586103180387,7.5245832868137095,305.8526502790905,1.7089717238309392,"{""type"":""Point"",""coordinates"":[82.35367615306403,21.493632335677315]}"
1181,329.4515763211125,2025-05-01,291.20512535458516,922,0,10,0.5348434569326216,0.03713335023257969,26.04549255376773,299.46136261167976,1.0982316226640707,"{""type"":""Point"",""coordinates"":[83.13542195541002,19.100092839513042]}"
1182,212.19302884030552,2025-05-01,291.07611447288883,754,0,10,0.5047403424366775,0.009341909745671728,11.882557226656758,302.69980662209645,1.5103007549938927,"{""type"":""Point"",""coordinates"":[84.14315796783293,20.18224994653655]}"
1183,304.97383310944963,2025-05-01,288.66413879394537,311,0,30,0.09261159569009748,0.00632323251102207,4.842695140230001,306.07599826086135,1.9713575782821016,"{""type"":""Point"",""coordinates"":[81.86833382297019,21.139489850691582]}"
1184,286.6214145344059,2025-05-01,289.12851751418344,416,0,10,0.49218989280245024,0.0038763724360251217,11.20355808958323,306.14214293162024,2.028347819002293,"{""type"":""Point"",""coordinates"":[80.63334388142731,20.24717671889716]}"
1185,52.503264270876286,2025-05-01,283.9048730759393,749,0,40,0.2154789087850018,0.009271769979932287,3.803611590287676,300.8396933873495,0.8547209286329064,"{""type"":""Point"",""coordinates"":[84.09859520027665,22.974217727998926]}"
1186,180.0,2025-05-01,293.5717431931268,177,0,10,0.315847598012148,0.0026704512629294186,1.3909630807829783,306.31659303392684,2.0660873212868323,"{""type"":""Point"",""coordinates"":[80.4948969587351,18.10613473929175]}"
1187,227.59905938949143,2025-05-01,283.9764876592727,362,0,10,0.3367408298256164,0.006780876973607519,0.6876957155405041,304.65268748147145,0.6217627888681191,"{""type"":""Point"",""coordinates"":[83.58642040230761,24.05430560194655]}"
1188,151.52649081331606,2025-05-01,280.83533368791853,800,0,40,0.23690914237192187,0.009144692877271154,1.0550016052707647,303.11435740334645,1.268626227623594,"{""type"":""Point"",""coordinates"":[81.58085498222496,22.79390369487698]}"
1189,151.6602029735073,2025-05-01,287.09307062058224,237,0,40,0.3074049659415513,0.011128544071652868,1.0536711358773658,305.85052858080184,1.258225270088438,"{""type"":""Point"",""coordinates"":[82.91690399487447,22.018892562962236]}"
1190,74.42988087681144,2025-05-01,282.4559333437965,734,0,10,0.42312727272727274,0.008450075248219946,16.780208339423535,301.78791232336135,0.5061116492736006,"{""type"":""Point"",""coordinates"":[83.52593824289308,23.143429612310687]}"
1191,315.5601928577181,2025-05-01,295.169910975865,333,0,10,0.6779045643153527,0.011549039939382055,17.018151047459575,302.0976802735102,1.4953933063734373,"{""type"":""Point"",""coordinates"":[83.99444919979943,19.22913447027003]}"
1192,53.26666336377795,2025-05-01,289.82467288062685,143,0,10,0.5734282325029656,0.002645760038831213,3.0984775473893587,307.161116145906,1.2110721024697135,"{""type"":""Point"",""coordinates"":[83.78722662902636,21.115873477152]}"
1193,64.97008919084436,2025-05-01,287.9937809535435,331,0,10,0.4374406081723155,0.006056144097783545,2.1911078773223847,306.1505076544625,1.9926184412520453,"{""type"":""Point"",""coordinates"":[82.25671443706872,20.950910985865907]}"
1194,-0.0,2025-05-01,286.0764574323382,303,0,40,0.18878916706030546,0.0026622407231116085,0.0,306.72127937135247,1.7536000384314439,"{""type"":""Point"",""coordinates"":[81.1140404867422,21.397200952447264]}"
1195,340.1765950795879,2025-05-01,284.30684480212983,629,0,10,0.3232768623810629,0.00834630356166599,1.478542582074608,304.7962770462036,0.819782998317112,"{""type"":""Point"",""coordinates"":[81.78900955980866,22.379111129982224]}"
1196,82.2814490694891,2025-05-01,295.52206638881137,243,0,40,0.3849118942731278,0.028142555812337378,3.448704606283151,302.9706167039417,1.0454834409843707,"{""type"":""Point"",""coordinates"":[83.17345112137006,18.424295880613435]}"
1197,-0.0,2025-05-01,288.74779183524,233,0,30,0.2766884531590414,0.0070593200716757565,0.4637353428839794,306.4776444662185,1.4152851333847103,"{""type"":""Point"",""coordinates"":[83.4070840710114,21.332947430792984]}"
1198,133.19662672274842,2025-05-01,288.5492241269066,677,0,40,0.09100112485939257,0.0066569142136359005,1.3547296105459645,304.2948587054298,1.9465825607796257,"{""type"":""Point"",""coordinates"":[81.33238946126644,20.123286418112716]}"
1199,217.0100987496574,2025-05-01,281.1661616734096,847,0,10,0.6483790523690773,0.0025911174807333737,13.122850571926804,302.86804857708154,1.3220216454913591,"{""type"":""Point"",""coordinates"":[81.23642062259465,22.657796040615914]}"
1200,180.0,2025-05-01,290.7848953973679,539,0,40,0.2465069860279441,0.0190802358183646,5.0877851281632935,303.1509726842245,1.7362757048870743,"{""type"":""Point"",""coordinates"":[81.10665982439608,19.661393460462758]}"
1201,14.94478663963313,2025-05-01,288.16607448032926,396,0,10,0.486784140969163,0.005041658142545202,5.740485780212616,305.9818878627959,1.641432089001521,"{""type"":""Point"",""coordinates"":[81.98202788313837,20.508070087212996]}"
1202,144.28705724214754,2025-05-01,282.36127072288883,588,0,80,0.2545404512933407,0.006393476584889868,3.422816949335887,304.65569273630774,1.2184002809909664,"{""type"":""Point"",""coordinates"":[80.857711931909,21.97818828283978]}"
1203,31.29333269163853,2025-05-01,283.8498891194661,328,0,10,0.45983513819298527,0.006640061000325659,4.872497391965815,304.54968338920963,0.6025016480857349,"{""type"":""Point"",""coordinates"":[83.95887713714639,23.940376075935408]}"
1204,249.08778553451754,2025-05-01,281.12178620837983,802,0,10,0.3722713864306785,0.005631371596791723,6.468555003645485,303.34800579434346,0.6247531744430107,"{""type"":""Point"",""coordinates"":[82.13401640291828,23.500327509003668]}"
1205,245.10751220005787,2025-05-01,286.667736961728,253,0,40,0.47726495726495727,0.0073565684351706295,1.10161492759343,305.8326888765608,1.2273548092858269,"{""type"":""Point"",""coordinates"":[81.94808173794227,21.866871512883947]}"
1206,235.38324223868182,2025-05-01,284.08805411202565,430,0,30,0.27573062261753495,0.00757329092357395,4.886112091757902,303.77502518608463,0.8185278183279235,"{""type"":""Point"",""coordinates"":[82.37658875044224,23.01782521816589]}"
1207,252.96085063589817,2025-05-01,281.9536488850912,503,0,40,0.2113028257064266,0.0032934390101218014,3.1620132469527276,304.59882540929885,1.0308710458879207,"{""type"":""Point"",""coordinates"":[81.48400763088381,23.156264183448474]}"
1209,90.0,2025-05-01,280.42219543457026,823,0,30,0.24701774803607798,0.008965372303464392,1.0071119246027684,302.6551347005935,1.3096679503956439,"{""type"":""Point"",""coordinates"":[81.59636487062018,22.94952608385457]}"
1210,301.3711891764615,2025-05-01,283.63571384974887,338,0,10,0.3873955960516325,0.00560270176265476,1.7810740381626347,304.43984917231967,0.4308216147104072,"{""type"":""Point"",""coordinates"":[84.30275512341035,23.85547143850064]}"
1211,279.5955900696938,2025-05-01,294.7501460484096,364,0,10,0.5506473724295506,0.011050625899770239,18.77237198735844,302.4705062593733,1.3265958854884643,"{""type"":""Point"",""coordinates"":[83.7582327682682,19.62770954169091]}"
1212,148.2766978072218,2025-05-01,281.73350379580546,513,0,10,0.34030856534846604,0.002780362227895239,3.8107692748341964,305.81086154211135,0.8631528827390913,"{""type"":""Point"",""coordinates"":[80.5078195891163,22.424864817676834]}"
1213,144.40177665796864,2025-05-01,287.79203941708516,274,0,40,0.2670791441093065,0.013313099006154516,1.7104795255277596,305.94932996659054,1.6873517575949681,"{""type"":""Point"",""coordinates"":[82.88488190442185,21.36957443223673]}"
1214,165.08785332272868,2025-05-01,290.5864439464751,585,0,10,0.3271816504086475,0.005444660047032812,1.918914333770799,303.5651107515608,1.480797436260347,"{""type"":""Point"",""coordinates"":[83.91655344526329,20.15418051165471]}"
1215,139.13254782684575,2025-05-01,285.158442179362,340,0,10,0.40170017541492375,0.009433492282369116,3.0632639360823513,305.1512168248495,0.7155777217362609,"{""type"":""Point"",""coordinates"":[82.83865892321612,22.390946101345392]}"
1216,47.46886143130328,2025-05-01,281.95348612467444,720,0,40,0.35581151832460733,0.017742677787282446,2.0571855844412807,303.09622705550424,0.8465801867891215,"{""type"":""Point"",""coordinates"":[82.43544749540192,23.46115318596206]}"
1217,-0.0,2025-05-01,290.47409856887083,275,0,30,0.2713062895422404,0.006628348687627295,3.704791833694711,306.3522317523048,1.9404891525543047,"{""type"":""Point"",""coordinates"":[82.69612879668047,20.074203481698365]}"
1218,72.97747485913385,2025-05-01,282.63884698776974,584,0,40,0.35483133218982277,0.013688012221791723,3.165003654439743,303.35638214292976,0.8576920858198213,"{""type"":""Point"",""coordinates"":[82.676683674914,23.294837161185377]}"
1219,176.9819675004944,2025-05-01,292.9456154959542,253,0,10,0.2302851524090462,0.0029381953272604733,9.207697974429212,306.48306787581674,1.938499554500368,"{""type"":""Point"",""coordinates"":[80.50872982957512,18.49572835386724]}"
1220,158.56686510993248,2025-05-01,283.2406013125465,959,0,10,0.6314040432013293,0.009564086059071997,22.22858998222706,301.5054997489566,0.4909788686529277,"{""type"":""Point"",""coordinates"":[83.38188620897135,22.871072919531997]}"
1221,208.3044220776666,2025-05-01,288.8935902913412,243,0,40,0.14363855158078984,0.0025536708626532345,1.053320666147571,305.86807182856967,1.3435575636932124,"{""type"":""Point"",""coordinates"":[84.27578783682516,21.80894822205893]}"
1222,41.673844069813676,2025-05-01,287.9779060000465,385,0,10,0.3817412759957702,0.00406984911296604,3.7199179057553864,306.4131099610101,1.7340764691339374,"{""type"":""Point"",""coordinates"":[81.96341276414478,20.582073229487975]}"
1223,-0.0,2025-05-01,283.41855657668344,608,0,40,0.2602172788411795,0.010399594167211035,8.289099835372715,303.29185345059346,0.7427003307454586,"{""type"":""Point"",""coordinates"":[82.1242916536476,22.703786707020242]}"
1224,191.95541339884124,2025-05-01,292.43296087355844,359,0,10,0.5534340267882588,0.018385975817182043,2.3687872290854006,303.0994531994774,1.7638929444593836,"{""type"":""Point"",""coordinates"":[81.36262118929359,19.17139513823299]}"
1225,115.35620329758076,2025-05-01,297.5068715413411,30,0,40,0.4095717884130982,0.01282696352336643,1.0827699135804494,303.37320459456674,2.267943630898335,"{""type"":""Point"",""coordinates"":[83.96881591415071,18.59433815646101]}"
1226,253.9901825363704,2025-05-01,280.1974581763858,589,0,30,0.3638936049801924,6.54681781270483E-4,8.347645245294553,305.168928645906,1.3903115002431055,"{""type"":""Point"",""coordinates"":[80.64838170186796,23.338338262713094]}"
1227,123.25122263440785,2025-05-01,290.0037849062966,446,0,10,0.41446613088404133,0.0014918141159796505,5.899458198086224,306.54412047068274,1.7148010386459107,"{""type"":""Point"",""coordinates"":[83.83140004939169,20.50283950508906]}"
1228,35.38260391350153,2025-05-01,289.2041604178292,237,0,40,0.1707244655581948,0.002670034030415991,1.705898543184231,307.1742183594477,2.0270981069353504,"{""type"":""Point"",""coordinates"":[80.21533672168044,20.166778273350793]}"
1229,35.516289070728256,2025-05-01,288.97123282296315,170,0,40,0.2965348052744557,0.0034522555861258297,1.7087330318104443,307.55895492008756,1.6445032726863684,"{""type"":""Point"",""coordinates"":[83.37840630337514,20.920998500128672]}"
1230,333.31675691427347,2025-05-01,280.79777090890065,592,0,10,0.3931015221337802,0.0024969272408270626,13.252979845992055,304.92352662767684,1.4048582840543258,"{""type"":""Point"",""coordinates"":[80.97820442703063,23.31607362593079]}"
1231,43.036202878392665,2025-05-01,282.5871066138858,667,0,10,0.4109524556723678,0.007558777192571142,8.812370151632114,302.9659431548345,0.7034424685326608,"{""type"":""Point"",""coordinates"":[83.4768332274833,23.362891317772547]}"
1232,95.9779206508211,2025-05-01,293.99940200079055,453,0,10,0.6571911061075147,0.02902513668868778,4.4439410203601994,301.7570866630191,1.3522019950360364,"{""type"":""Point"",""coordinates"":[83.46672509501822,19.535897552679288]}"
1233,144.5109146352306,2025-05-01,291.5255541120257,100,0,30,0.28937007874015747,0.0015150897297644406,1.7081547230042808,306.70014376867385,0.6967301323933147,"{""type"":""Point"",""coordinates"":[84.30386295172778,20.770302363340033]}"
1234,95.65151357735279,2025-05-01,292.78179713657926,793,0,10,0.42246352222599254,0.018298312285878637,9.33480793761481,301.23204481034054,1.3234543954191025,"{""type"":""Point"",""coordinates"":[84.16911390140844,19.930244530772605]}"
1235,114.60045839827153,2025-05-01,282.4650363013858,428,0,30,0.3160553481221173,0.0014051489624762326,2.2268807206186736,304.8836038226173,0.8163439610606338,"{""type"":""Point"",""coordinates"":[81.1502184525715,23.696009255239435]}"
1236,133.20666843581424,2025-05-01,289.5488811674572,437,0,10,0.4518860662047729,0.004135026792027929,9.397907496781322,305.97215711502804,2.1575645491904445,"{""type"":""Point"",""coordinates"":[80.83999143540639,20.068760927208082]}"
1237,222.3079235740847,2025-05-01,294.4724128359841,558,0,30,0.4728576305906453,0.01885759756896732,4.380964113890523,301.6760842913673,1.3919454372335383,"{""type"":""Point"",""coordinates"":[84.18902345139217,19.656683810045397]}"
1238,19.847830335318623,2025-05-01,284.7353871663411,986,0,10,0.6896658415841584,0.00983779058788059,8.804623649922869,303.93298998333154,0.48954730632876076,"{""type"":""Point"",""coordinates"":[82.75552547097622,22.564570687853067]}"
1239,227.37213293648176,2025-05-01,280.48565455845426,818,0,40,0.15380434782608696,0.004692553738095739,7.489455177309425,303.48260284605476,1.4666189770241547,"{""type"":""Point"",""coordinates"":[81.17741914105024,23.009323694230815]}"
1240,199.89284501539748,2025-05-01,284.38490004766555,416,0,30,0.27440147329650094,0.008038132647016027,1.4791896257334443,304.0850023996262,0.8066223321601262,"{""type"":""Point"",""coordinates"":[82.60884834177213,22.900437499516908]}"
1241,90.0,2025-05-01,282.8458782377697,468,0,10,0.3309982486865149,0.006990342596509436,1.0134375492220904,304.236317271278,0.9650679329486539,"{""type"":""Point"",""coordinates"":[83.4653708481361,23.780492817795857]}"
1242,100.64312702512655,2025-05-01,289.00696454729353,657,0,40,0.12317971560733254,0.009991585472562292,2.5093183971262216,303.898653348287,2.339545176884604,"{""type"":""Point"",""coordinates"":[81.97107018486004,20.01202863686605]}"
1243,234.8360272347845,2025-05-01,288.7438390822637,634,0,40,0.15514624025908308,0.008926584580876806,2.414253413731959,304.22855708712626,2.179516133740389,"{""type"":""Point"",""coordinates"":[81.85428505456635,20.064461861486908]}"
1244,328.7244844828998,2025-05-01,290.35222008114766,424,0,10,0.5948109301683687,0.012854620078542212,3.7926157249099295,303.3910733631679,1.6809425306331272,"{""type"":""Point"",""coordinates"":[80.98103637366789,19.82333005583816]}"
1245,295.16547483122173,2025-05-01,290.4214513869512,348,0,30,0.4905263157894737,0.005612029889562109,4.353861918435987,305.6880123047601,1.922018600860752,"{""type"":""Point"",""coordinates"":[80.95361988036846,20.005782017055083]}"
1247,147.02738675670216,2025-05-01,285.2232847667876,313,0,40,0.3066733947268828,0.004216208318212011,2.76176683632957,305.8749600819179,0.8862885987795894,"{""type"":""Point"",""coordinates"":[83.18177540883636,22.34838735491933]}"
1248,174.4641036629247,2025-05-01,288.956299554734,318,0,10,0.3499494779386999,0.0035047225746893673,5.111499978662222,306.68833782559346,1.840382472333339,"{""type"":""Point"",""coordinates"":[80.43002820420193,20.286981223736042]}"
1249,90.0,2025-05-01,287.08167157854353,262,0,40,0.16388451443569554,0.0035472355875754147,0.5011299025228848,304.76996798742385,0.6210400481119475,"{""type"":""Point"",""coordinates"":[84.07598589157449,22.275064847598944]}"
1250,208.1325936385853,2025-05-01,288.564942132859,291,0,40,0.16351900549844609,0.007027595499494055,1.0516273182506084,306.2619869141351,1.5626372667164317,"{""type"":""Point"",""coordinates"":[82.94696734241893,20.749409901488324]}"
1251,292.57748288823996,2025-05-01,294.74165925525483,307,0,30,0.4953897736797988,0.02209086642596958,13.055943803761343,302.2498380116054,1.350239821843841,"{""type"":""Point"",""coordinates"":[83.51509583566633,19.09169759212761]}"
1252,313.412433992701,2025-05-01,295.6222977411179,396,0,10,0.5085714285714286,0.030016659954526403,6.716948146694476,302.84486684345063,0.9215433858633317,"{""type"":""Point"",""coordinates"":[83.37447580971764,18.903742940669435]}"
1253,-0.0,2025-05-01,283.5006750197637,521,0,10,0.40216681895313927,0.006176411369779089,0.4637353428839794,302.96487358638217,0.8793232664149694,"{""type"":""Point"",""coordinates"":[82.12749056254582,22.896554057152276]}"
1254,213.03096053182742,2025-05-01,283.7009517124721,595,0,30,0.24560246262093227,0.007635130742528418,2.763591161183088,302.69071529025126,0.5466100174600106,"{""type"":""Point"",""coordinates"":[83.29948884203309,22.657270831906843]}"
1255,67.82514611861716,2025-05-01,294.0411558605376,329,0,10,0.31684587813620074,0.02677071020934818,3.6809623250539296,301.4498647508167,0.842341024836244,"{""type"":""Point"",""coordinates"":[81.98296078216431,18.006345625899424]}"
1256,116.43548019456686,2025-05-01,292.21013023739766,1107,0,30,0.6820869565217391,0.07482491360042332,11.309287319757193,298.08930392492385,1.0667278328002885,"{""type"":""Point"",""coordinates"":[82.94023601527107,18.349812034347714]}"
1257,245.42974512963963,2025-05-01,291.6746135893322,491,0,10,0.3928630159513238,0.009170993426778296,17.299017152894617,304.13348175230476,1.4181475645696076,"{""type"":""Point"",""coordinates"":[80.84328360109848,19.439808198706142]}"
1258,32.54676362085418,2025-05-01,290.8172614687965,333,0,40,0.3020257826887661,0.016004829863049963,2.748610369105743,305.23902606964106,2.250445318124246,"{""type"":""Point"",""coordinates"":[82.37810090584443,19.929012161903866]}"
1259,270.0,2025-05-01,291.2276618594215,182,0,50,0.297423887587822,0.003719358900525549,2.4696181429815383,306.29235335758756,1.6560549679775938,"{""type"":""Point"",""coordinates"":[83.2505555794941,20.22897818440199]}"
1260,15.063118641710467,2025-05-01,287.3802788144066,262,0,40,0.5913891145410236,0.006313293436505774,1.9202674494033116,305.8524933315459,1.4116208192516981,"{""type"":""Point"",""coordinates"":[81.75164679574385,21.733413363034995]}"
1262,140.67538403214255,2025-05-01,293.05814688546315,575,0,10,0.4936626584335392,0.0037279270682120114,5.3795368108305395,305.25942925044467,1.9409086272094316,"{""type"":""Point"",""coordinates"":[80.74290962190827,18.300123584956722]}"
1263,208.09271040452708,2025-05-01,288.75325012207026,379,0,30,0.3432609793033821,0.0039398811850333,1.051236402671833,306.2095315569923,2.4809381272525055,"{""type"":""Point"",""coordinates"":[81.18738631420744,20.49453012086989]}"
1264,70.46819440693277,2025-05-01,291.0521712530227,674,0,30,0.2740015868817773,0.018249943116643408,16.199171384020904,300.7371426991054,1.5267585493921838,"{""type"":""Point"",""coordinates"":[82.68381587325251,18.91793773985579]}"
1265,180.0,2025-05-01,282.78688921247215,848,0,10,0.45367316341829084,0.009617625931241491,0.9274099368611016,303.6907094773792,0.8852616168817563,"{""type"":""Point"",""coordinates"":[83.69857945213691,23.5503893665762]}"
1266,110.77544557133099,2025-05-01,294.0862928118025,201,0,10,0.3679365891076451,0.01368404851291416,2.6130007267136506,304.9565030506679,1.7494060975872205,"{""type"":""Point"",""coordinates"":[81.08865566783523,18.479431844616478]}"
1267,68.12900661498824,2025-05-01,290.31995864141555,527,0,10,0.26466863655550865,0.005470886090733984,3.7294064847188024,304.0972501209804,1.2398573286023011,"{""type"":""Point"",""coordinates"":[84.16047306701971,20.50814955559857]}"
1268,-0.0,2025-05-01,281.97906276157926,456,0,40,0.16151202749140894,0.0025697343144202023,0.0,305.3648921875727,0.8703140563439291,"{""type"":""Point"",""coordinates"":[80.47504079529698,22.566378188327956]}"
1269,208.2223914399787,2025-05-01,290.14608401343935,138,0,40,0.5361611229783338,0.0028028033766531735,2.104310951121559,306.4442843936739,1.0340629908120087,"{""type"":""Point"",""coordinates"":[83.92276056148081,21.311027121918436]}"
1271,324.9237552044213,2025-05-01,282.3286837623233,673,0,10,0.4228914245382896,0.007974966624715307,7.88307930844953,303.41918441227506,0.8700681660429365,"{""type"":""Point"",""coordinates"":[82.46335224989677,23.722886420483153]}"
1272,133.32788919491148,2025-05-01,291.1051730201358,557,0,10,0.5107451855986603,0.016488745072820166,0.6758124940145621,302.9704132534209,2.1297580920430836,"{""type"":""Point"",""coordinates"":[81.95947798197935,19.39172422765665]}"
1273,180.0,2025-05-01,288.2805938720703,224,0,80,0.18104330037504263,0.015610589841344336,2.3174627380815918,305.8711700893584,1.5330720004724372,"{""type"":""Point"",""coordinates"":[82.46185143226374,21.70116889205996]}"
1274,294.57676126039763,2025-05-01,282.2903304327102,496,0,10,0.5901311402533896,0.006588726500012854,1.1148679626692304,304.7333236421858,0.7259679032201276,"{""type"":""Point"",""coordinates"":[81.83672004580892,23.8379778352659]}"
1275,208.18301483106808,2025-05-01,288.12858145577565,203,0,40,0.5141342756183745,0.007334321001508215,2.1035362621173337,306.74198482150126,1.5318640443062537,"{""type"":""Point"",""coordinates"":[83.19855400573589,21.066573493681343]}"
1276,190.10308656505293,2025-05-01,287.557862054734,280,0,10,0.2789641072239891,0.0013534419331335812,2.8240091108358607,307.15230964478997,1.860936012872122,"{""type"":""Point"",""coordinates"":[80.29126917944265,20.711590055618018]}"
1277,31.344421359144217,2025-05-01,289.2128157842727,517,0,30,0.5336817653890824,0.00618435368869541,7.557746938619971,305.26927625565304,1.7912160003492952,"{""type"":""Point"",""coordinates"":[82.18742447779383,20.24918068365489]}"
1278,61.1632791431623,2025-05-01,294.0762714204334,505,0,10,0.4515093127809891,0.021479173758962133,10.458752554489314,302.20885145096554,0.9207303840715515,"{""type"":""Point"",""coordinates"":[81.94314481992022,18.00718682228561]}"
1279,296.5051579673575,2025-05-01,287.2263423374721,362,0,10,0.2692995286851942,0.003323584059216955,7.235270304044499,305.00865032559346,0.7961716272964489,"{""type"":""Point"",""coordinates"":[83.98615770734894,22.157844843271345]}"
1280,308.31173799052965,2025-05-01,283.67486354282926,321,0,10,0.5371085942704863,0.006174921253659704,13.93171594212845,304.665743192037,0.668997122210976,"{""type"":""Point"",""coordinates"":[84.12285491156668,23.81781148557607]}"
1281,252.81532906419085,2025-05-01,287.3785523914155,242,0,40,0.4718430034129693,0.012049510339238623,1.5692186425875816,305.59232661837626,1.3711422210893023,"{""type"":""Point"",""coordinates"":[82.32045936514382,21.909249206044866]}"
1282,90.0,2025-05-01,289.88549296061194,608,0,10,0.5004462578095117,0.012410312155225256,1.4788043013853538,303.9112614677066,2.1736042854964195,"{""type"":""Point"",""coordinates"":[81.65860212498391,19.851756853046222]}"
1283,355.65193191251996,2025-05-01,292.00982448032926,564,0,10,0.55083857442348,0.006416573384740332,24.444924381774726,303.3520108631679,1.3710166824897834,"{""type"":""Point"",""coordinates"":[83.80796884040238,20.04474159554462]}"
1284,107.19147314539276,2025-05-01,286.34925551641555,270,0,40,0.3414893617021277,0.006605684021451452,1.568616779955676,306.1148921875726,1.268461320026796,"{""type"":""Point"",""coordinates"":[81.66920100157354,21.848917601454044]}"
1285,-0.0,2025-05-01,286.11817641485305,290,0,40,0.20921838123004305,0.0032962702307486325,0.463735342881014,306.54249867938813,1.7693136073524351,"{""type"":""Point"",""coordinates"":[81.20464978095005,21.43532723503877]}"
1286,-0.0,2025-05-01,289.63959103538883,874,0,10,0.6082335076767336,0.01689261124465702,12.769178384097833,301.55178764888217,1.6126508129750883,"{""type"":""Point"",""coordinates"":[83.02779893762597,19.43281437213521]}"
1287,182.8945862929587,2025-05-01,291.27876863025483,710,0,10,0.4387840320694839,0.020675315717198828,9.658554696180909,302.37310577574226,1.6097430906857462,"{""type"":""Point"",""coordinates"":[80.97916085347322,19.648140603831937]}"
1288,90.0,2025-05-01,289.67687479654944,178,0,10,0.6882789525276571,0.0027268968615317135,0.49832860287297975,306.1629878906976,1.1537340218156666,"{""type"":""Point"",""coordinates"":[84.1454654473148,21.474865901371974]}"
1289,242.2559668982285,2025-05-01,284.08805411202565,433,0,30,0.25680633326897084,0.00757329092357395,3.9783263312388493,303.77502518608463,0.8185278183279235,"{""type"":""Point"",""coordinates"":[82.38485564423019,23.002674439982993]}"
1290,2.447193974841951,2025-05-01,289.6853964669364,243,0,10,0.36815214305989213,0.002838357547261694,11.449348831758002,306.60138888586135,1.406825242471301,"{""type"":""Point"",""coordinates"":[83.9855989812332,20.618359909490977]}"
1291,313.1141837445964,2025-05-01,288.59579685756137,290,0,40,0.23894967177242887,0.008676915625073889,1.3568094881494168,306.0830318360101,1.4983800389021855,"{""type"":""Point"",""coordinates"":[82.64096412634245,20.56940461098687]}"
1293,169.97168828528183,2025-05-01,291.13313293457026,250,0,10,0.3888532991672005,0.007385044554212072,2.823356029730468,306.2290686198644,1.7035473950831157,"{""type"":""Point"",""coordinates"":[80.44721064425228,19.525791898480175]}"
1294,226.65420168081593,2025-05-01,291.5332212902251,557,0,40,0.3824329116916893,0.021896093348004797,0.6755886770844393,303.03280280885247,2.0515264627354672,"{""type"":""Point"",""coordinates"":[81.77580257133175,19.28938940608178]}"
1295,104.04698816495875,2025-05-01,295.62446012951074,542,0,10,0.6292906178489702,0.05487626717422245,18.441960069123326,301.13460944947747,1.7456638899866928,"{""type"":""Point"",""coordinates"":[82.98315181988058,18.055878935333027]}"
1296,46.8802039202691,2025-05-01,288.2287081763858,283,0,10,0.41317183951551856,0.00235788450572727,0.6784288964972123,306.920393489656,1.8279984163901664,"{""type"":""Point"",""coordinates"":[80.37811947659587,20.53959825827764]}"
1297,102.22893945540432,2025-05-01,282.43295506068637,693,0,10,0.3084534916595985,0.007172643402554968,8.690157928079206,302.96527467455184,1.0272996333971551,"{""type"":""Point"",""coordinates"":[81.75462930137803,22.908027800921776]}"
1298,340.49391431118016,2025-05-01,295.5043778192429,139,0,10,0.41746509718039965,0.018459557751157263,1.4756205150982729,302.7786349796114,1.1547075749422655,"{""type"":""Point"",""coordinates"":[84.34714041536385,19.78232243948933]}"
1300,28.197841702285942,2025-05-01,288.6241346086775,174,0,40,0.48773974265598447,0.003742530206181982,1.0522685741487119,306.9998961403257,1.2624024677793768,"{""type"":""Point"",""coordinates"":[83.5899208127405,21.158920841142326]}"
1301,90.0,2025-05-01,287.898432413737,257,0,40,0.18541666666666667,0.0019538693222784786,1.5008409997569359,305.5342211496262,1.1360536702204698,"{""type"":""Point"",""coordinates"":[84.29653326865046,22.065236647215592]}"
1302,248.29976360084714,2025-05-01,287.57532392229353,470,0,10,0.3154901304784209,0.0016719840559744625,20.41184765338775,306.54656768980476,1.9081335119702316,"{""type"":""Point"",""coordinates"":[80.52654392296215,20.551040887983525]}"
1303,207.8219783782746,2025-05-01,293.89328220912387,307,0,10,0.48175374113940667,0.022277548173406103,2.0965057899039934,303.8370834078108,1.5875519338471626,"{""type"":""Point"",""coordinates"":[81.77610696902664,18.656754472041456]}"
1304,207.80662241171066,2025-05-01,292.78873770577565,194,0,10,0.527759634225996,0.005062013128735998,1.0484556669126266,305.0361800874983,1.8161868506700605,"{""type"":""Point"",""coordinates"":[80.73226738959923,18.545867141316958]}"
1305,320.11637203990165,2025-05-01,284.7481464204334,662,0,10,0.5936942296252231,0.0013327889237189083,5.422880798188477,306.20356173742385,1.4207407100628222,"{""type"":""Point"",""coordinates"":[80.63252873378694,21.448088953735592]}"
1306,343.1198547590712,2025-05-01,290.3734661283948,626,0,40,0.15820759030635573,0.0244152389559531,3.3884257310742734,303.22721431368876,2.3979504526404214,"{""type"":""Point"",""coordinates"":[82.35462080677866,19.683111998338894]}"
1308,200.2901170136625,2025-05-01,290.2701655796596,562,0,10,0.442694030929325,0.0035878710541510372,12.64564116328242,305.3065948940458,1.0927867534306486,"{""type"":""Point"",""coordinates"":[84.16742504588058,20.565758096538413]}"
1309,312.8252285682397,2025-05-01,286.0440681094215,322,0,40,0.15455704270235818,0.005048795798757055,2.045775431708194,305.48119613102506,1.0613868824346369,"{""type"":""Point"",""coordinates"":[83.64667285772525,22.05451835868562]}"
1310,187.1303604205319,2025-05-01,290.4491206577846,589,0,10,0.3593650793650794,0.014211609223821142,7.894772292105159,304.38262726011726,2.3464897665049107,"{""type"":""Point"",""coordinates"":[82.26356974445537,19.870104616048376]}"
1311,125.08059535750765,2025-05-01,290.98321315220426,177,0,10,0.41386766613810005,0.0023483626637244015,2.4192473656998024,307.05542069389713,1.9702432265641447,"{""type"":""Point"",""coordinates"":[83.48294538406412,20.543181741687643]}"
1312,40.538261544745666,2025-05-01,288.3462735130673,339,0,10,0.19015302727877578,0.0046380601916098385,3.0481899708376083,306.613741238912,1.9655592012349128,"{""type"":""Point"",""coordinates"":[81.82113031057655,20.704874322795227]}"
1313,259.26622867654413,2025-05-01,292.3236846923828,161,0,10,0.2767253044654939,0.0025129906925940304,9.861320402565477,306.6565588542394,1.9271429009184584,"{""type"":""Point"",""coordinates"":[80.3988123112874,18.591745877564616]}"
1314,215.55528059764416,2025-05-01,288.16636512393046,284,0,40,0.27743623283191626,0.005386888245084265,1.7095632864267059,306.4257064546858,1.9458540898504963,"{""type"":""Point"",""coordinates"":[81.64928253494298,21.13630893680949]}"
1315,42.06243458509707,2025-05-01,287.8489881243025,319,0,10,0.32243893867510104,0.01133710072372196,15.245798062574252,306.276838802156,1.820987549584575,"{""type"":""Point"",""coordinates"":[82.29332165132146,21.42850639197677]}"
1316,302.1542018189469,2025-05-01,291.5838397798084,239,0,10,0.3529219719229513,0.004038243750073889,1.742212618409941,304.70079481034054,1.4912696763110402,"{""type"":""Point"",""coordinates"":[80.69166737511786,19.450462853835926]}"
1317,119.14086399430286,2025-05-01,288.1066436767578,215,0,30,0.25048732943469787,0.013963028052785376,2.8546277194202263,305.9774235770816,1.5453217952031282,"{""type"":""Point"",""coordinates"":[82.94728703063385,21.687759532581783]}"
1318,183.91197525397658,2025-05-01,282.3474419003441,400,0,10,0.34101382488479265,0.0013429515156531124,7.395902581412568,304.9830446243286,0.7799168327941269,"{""type"":""Point"",""coordinates"":[81.20029859130646,23.94078403460289]}"
1319,226.8395227839852,2025-05-01,290.4826899937221,219,0,40,0.23066298342541436,0.004565551141240576,1.355640462238882,306.64153258005774,1.9334290819534523,"{""type"":""Point"",""coordinates"":[83.1491049563896,20.320622474105708]}"
1320,132.7638410532874,2025-05-01,284.92964172363276,325,0,10,0.4977537150097915,0.010703458646275976,0.68297268018617,305.2269759859358,0.655686575885633,"{""type"":""Point"",""coordinates"":[82.34186926983766,22.356023859053067]}"
1321,132.83105940069123,2025-05-01,287.09486098516555,240,0,40,0.1840224604389995,0.009589730957486609,0.6821079602093746,305.9264272508167,1.275195725540417,"{""type"":""Point"",""coordinates"":[82.96863429913097,22.025250090163453]}"
1322,180.0,2025-05-01,286.0440681094215,324,0,10,0.31603905160390516,0.005048795798757055,0.9274099368670311,305.48119613102506,1.0613868824346369,"{""type"":""Point"",""coordinates"":[83.5921115740501,22.09695737248895]}"
1323,294.95447080518994,2025-05-01,286.3953283400763,274,0,40,0.1985057323199794,0.0028223686013006954,1.0990539167183928,306.39908350081674,1.6708548091607478,"{""type"":""Point"",""coordinates"":[81.34973699731034,21.458410284536846]}"
1324,346.11855539471867,2025-05-01,280.2073051815941,735,0,10,0.3124440465532677,0.003698422769048193,10.393798924815414,303.7536745071411,1.371366027469434,"{""type"":""Point"",""coordinates"":[81.26313149133296,23.12579519666148]}"
1325,313.40739591633644,2025-05-01,291.5549498058501,572,0,40,0.7004845548152635,0.01782165394160984,0.6748205025597672,301.2430253255935,1.625341474257043,"{""type"":""Point"",""coordinates"":[82.57788901102782,18.933457567862067]}"
1326,312.8083619950264,2025-05-01,285.01407950265065,283,0,40,0.5934981939427619,0.006369604924657324,0.6823995975011936,305.9411745071411,0.9962538456113788,"{""type"":""Point"",""coordinates"":[81.80882853163213,22.137612177308384]}"
1327,270.0,2025-05-01,287.5608091808501,212,0,30,0.05001309243257397,0.004591672876813391,2.4949860701732987,306.2982417969477,1.4166608037947939,"{""type"":""Point"",""coordinates"":[83.4468188318802,21.756975796994467]}"
1328,90.0,2025-05-01,283.4918278285435,525,0,40,0.23735327724109276,0.007054641107060888,1.5092806758373403,304.3369380860102,0.6007793073424823,"{""type"":""Point"",""coordinates"":[82.8575949511585,22.843173275204233]}"
1329,110.06062125449861,2025-05-01,285.2034803118025,223,0,40,0.2319277108433735,0.005998685220220068,2.701938708231832,305.22655745915006,0.43958884952463345,"{""type"":""Point"",""coordinates"":[83.9852226817882,24.087496312588446]}"
1330,-0.0,2025-05-01,288.104004632859,238,0,40,0.2355781448538755,0.016304238894917944,0.463735342881014,305.70636354173934,1.426714953909362,"{""type"":""Point"",""coordinates"":[82.55473902142165,21.765973548400286]}"
1331,193.62855471477462,2025-05-01,282.50747026715965,605,0,10,0.4552217453505007,0.007834657290914038,4.2866142953687385,302.8677986235845,0.9029102180224942,"{""type"":""Point"",""coordinates"":[83.46301020000759,23.571832360202922]}"
1332,54.97108661043376,2025-05-01,294.04806736537387,206,0,10,0.6772896927935688,0.0029353492054724484,11.16746914724052,305.99340316227506,2.128737336669599,"{""type"":""Point"",""coordinates"":[80.69400279654295,17.954338772656886]}"
1333,102.57327491495758,2025-05-01,288.1922672816685,466,0,10,0.5363558597091531,0.004320009807088354,10.5313816423048,306.2327249163673,2.4541508179067497,"{""type"":""Point"",""coordinates"":[80.99890515473176,20.486906542281965]}"
1334,256.62211991106267,2025-05-01,294.5091385614304,81,0,30,0.33014135886912904,0.00604443178508518,4.002129432865221,306.15082736242385,2.168220728690806,"{""type"":""Point"",""coordinates"":[80.9182652962975,17.954015413265328]}"
1335,180.0,2025-05-01,291.1359696161179,313,0,40,0.4679376083188908,0.004822819689252356,1.3909630807829783,304.2459259487334,1.3548895495046651,"{""type"":""Point"",""coordinates"":[83.65394342012215,20.11700125902797]}"
1336,168.06549064013277,2025-05-01,292.341297694615,158,0,10,0.4692755498059508,0.0038792483601355343,2.368604612310143,306.4165163040161,1.815984392325561,"{""type"":""Point"",""coordinates"":[80.43982926638792,18.872357978395808]}"
1337,309.8801145091636,2025-05-01,282.3271317254929,991,0,10,0.4113027625858926,0.010405018189885595,7.194596033734198,301.1523561477661,0.5877478348701045,"{""type"":""Point"",""coordinates"":[83.62187102185666,23.206026703468332]}"
1338,32.48853711311238,2025-05-01,291.04822431291853,616,0,10,0.5078534031413613,0.019159033158757666,2.7468329602810084,302.6946506046114,2.2175955163230427,"{""type"":""Point"",""coordinates"":[81.90485234152061,19.57093668715734]}"
1339,259.35694643174827,2025-05-01,289.7350151425316,313,0,10,0.44675887352107985,0.005781456092336157,2.5093354945649025,306.2243776321411,1.863130514243266,"{""type"":""Point"",""coordinates"":[80.43952772261277,20.013227313020014]}"
1340,283.09166472403757,2025-05-01,285.92866516113287,304,0,40,0.1588785046728972,0.003167494395711401,2.0464837500565993,306.4625135603405,1.67123962678607,"{""type"":""Point"",""coordinates"":[81.251824752386,21.531716911349672]}"
1341,89.17930287855481,2025-05-01,282.61968194870724,835,0,10,0.515875510845646,0.011182441571691015,29.470017827528704,302.5655234654745,0.7995027278973692,"{""type"":""Point"",""coordinates"":[83.67377167146519,23.53888656254929]}"
1342,304.50805774233777,2025-05-01,282.6116601853144,556,0,40,0.48403648802736604,0.00932836459014652,2.4542473115222756,303.07859661465596,0.9096468111921563,"{""type"":""Point"",""coordinates"":[83.63183699308482,23.558474188520822]}"
1343,79.52983048360495,2025-05-01,283.83680434454055,573,0,10,0.4597749062109212,0.010559319714047888,5.090419852397053,305.1243962333316,0.7436655073974676,"{""type"":""Point"",""coordinates"":[81.951897690854,22.4818067396875]}"
1344,132.76987309091828,2025-05-01,285.7276851109096,435,0,10,0.2634777715250422,0.004640980819203833,2.047909333020493,304.1733754930042,0.6715098874501751,"{""type"":""Point"",""coordinates"":[83.69810686576595,22.326271216944487]}"
1345,270.0,2025-05-01,294.4839571998233,123,0,10,0.5118940465475119,0.007285251477696875,0.48784362892330974,305.74579225267684,2.110276625543017,"{""type"":""Point"",""coordinates"":[80.96040426396064,18.08784407464478]}"
1346,270.0,2025-05-01,291.48355029878167,598,0,40,0.2063743442541819,0.016519948104360083,1.9616169269435217,302.17483452388217,1.8210754661736634,"{""type"":""Point"",""coordinates"":[81.55999056220512,19.043525852543883]}"
1347,331.22147845307944,2025-05-01,288.80481610979353,476,0,10,0.34076054664289956,0.003889857986905554,16.947926450996302,306.10361521584645,2.0372910077251993,"{""type"":""Point"",""coordinates"":[80.57830917789336,20.299363669414273]}"
1348,180.0,2025-05-01,285.1701899937221,419,0,40,0.23505418948840462,0.0037782631907248287,4.627367505919335,305.64902537209645,0.8437256604995407,"{""type"":""Point"",""coordinates"":[83.43088079842305,22.336290275353644]}"
1349,180.0,2025-05-01,290.9298277355376,249,0,10,0.42633863965267726,0.007338508227803686,0.9274099368670311,305.7010389509655,1.6685562146510569,"{""type"":""Point"",""coordinates"":[80.45996631163776,19.640382097594273]}"
1350,115.12888261453254,2025-05-01,288.7765248616536,514,0,10,0.3391095066185319,0.006718038776853064,1.0919178694092233,305.32292906443274,1.556022344629098,"{""type"":""Point"",""coordinates"":[82.24811179878209,20.26511208495388]}"
1351,27.939210833458887,2025-05-01,291.2330329531715,602,0,30,0.47445504087193463,0.024041413525083044,4.191931576177082,303.1286047526768,2.3374364624342907,"{""type"":""Point"",""coordinates"":[82.32354725455723,19.476402187026803]}"
1353,291.7561967745315,2025-05-01,286.0764574323382,297,0,40,0.17862755369303301,0.0026622407231116085,3.748069004549002,306.72127937135247,1.7536000384314439,"{""type"":""Point"",""coordinates"":[81.12654689711448,21.37728147879312]}"
1354,195.2570942024875,2025-05-01,282.8110533214751,553,0,10,0.2879921900423039,0.0053464166912817745,5.7488787582054295,303.5375519252959,0.8024870475750925,"{""type"":""Point"",""coordinates"":[83.07962003481276,23.574386634189114]}"
1355,244.69407494747418,2025-05-01,296.04945082891555,164,0,10,0.7012448132780082,0.013314335802533606,10.722139720851127,303.20485219501313,1.5571649724267929,"{""type"":""Point"",""coordinates"":[83.74853800524912,18.977157120910576]}"
1356,151.44318474777987,2025-05-01,282.63884698776974,556,0,40,0.19038175508180466,0.013688012221791723,1.0558351307624156,303.35638214292976,0.8576920858198213,"{""type"":""Point"",""coordinates"":[82.69453203537397,23.26099888268112]}"
1357,295.01920976935577,2025-05-01,288.3976593017578,295,0,40,0.21781349405658798,0.003933279970624426,2.191983812201787,306.3187263579595,1.9258877433010877,"{""type"":""Point"",""coordinates"":[82.14758551525597,21.02392108088546]}"
1358,313.39891686726384,2025-05-01,292.9427381243025,341,0,30,0.36179877356347945,0.014220177391507605,2.6978336944126453,304.02330457596554,1.459641976490279,"{""type"":""Point"",""coordinates"":[81.20272358255758,18.98317173940268]}"
1359,57.80122572256859,2025-05-01,296.3173370361328,117,0,40,0.5915492957746479,0.011630519488790014,1.740061085838704,303.92272445133756,1.3917065809941707,"{""type"":""Point"",""coordinates"":[83.76856171755324,19.168829854201515]}"
1360,46.83500895957504,2025-05-01,288.66350519089474,417,0,80,-0.1790985241324292,0.004036425808408239,1.355526631946867,305.85875379471554,2.040253942967115,"{""type"":""Point"",""coordinates"":[81.77678979080551,20.29570563494257]}"
1361,219.0366058933357,2025-05-01,285.2393631708054,283,0,10,0.36790408782319806,0.00491315052840946,2.3867701592393975,305.9334782645816,0.8884267094651085,"{""type"":""Point"",""coordinates"":[83.06500414049562,22.337176244552083]}"
1362,180.0,2025-05-01,292.5777827671596,325,0,40,0.3604857070579307,0.008969797948338964,1.8543341688414132,304.43151932670963,1.5438785064186318,"{""type"":""Point"",""coordinates"":[80.9408049329461,18.835746650126605]}"
1363,242.58785431211004,2025-05-01,294.6848849341983,771,0,10,0.6517587939698493,0.013811021307446936,26.208998614741976,301.23663697923934,1.5748954753131479,"{""type"":""Point"",""coordinates"":[84.06632624203732,19.156166264440014]}"
1364,68.01317494385303,2025-05-01,289.45880490257633,713,0,30,0.42742453436095057,0.013847320536115149,3.710777843145002,302.06668603987913,1.4090670598876551,"{""type"":""Point"",""coordinates"":[83.10920178309394,19.59140185225571]}"
1365,270.0,2025-05-01,290.3434368315197,615,0,40,0.6751012145748988,0.015305294850804785,0.9851081092957581,303.1086666016352,2.4921345742782868,"{""type"":""Point"",""coordinates"":[82.13724054153803,19.708543076684496]}"
1366,343.9296110845592,2025-05-01,295.1726953415643,318,0,30,0.6239782016348774,0.04275952205989597,5.293536537268904,302.1674289249239,0.5164910698596227,"{""type"":""Point"",""coordinates"":[83.22250217115565,18.786701822912978]}"
1367,121.9941212210354,2025-05-01,288.7760772705078,438,0,10,0.5522388059701493,0.004954367140271643,3.4967261771496743,306.1621333985101,2.4715021358697205,"{""type"":""Point"",""coordinates"":[80.98822872859434,20.431831777982808]}"
1368,46.7825117331006,2025-05-01,289.58639744349887,284,0,10,0.31331820562052715,0.003118901709058264,6.072219849244694,306.98694506145654,1.953665423127569,"{""type"":""Point"",""coordinates"":[80.22783559480618,20.00909536308925]}"
1369,19.655429139318898,2025-05-01,290.524403163365,159,0,10,0.46207560799422104,0.0024864964279913693,1.476988679319073,306.1599245071411,0.8102133837176887,"{""type"":""Point"",""coordinates"":[84.22487589010372,21.052265336972564]}"
1370,139.80418437361405,2025-05-01,292.17107355026974,1003,0,10,0.5622105588144489,0.0129120491537833,11.96539145763397,303.03989451272145,1.6047078167270767,"{""type"":""Point"",""coordinates"":[81.22717950763953,18.77105034813252]}"
1371,340.0392699868568,2025-05-01,281.0477709089006,399,0,40,0.17632241813602015,2.843283209585934E-4,1.479824827659345,305.68313530513217,1.2934232230088676,"{""type"":""Point"",""coordinates"":[80.20404719907812,23.396487110306023]}"
1372,194.87894649499924,2025-05-01,290.2059275309245,619,0,10,0.6207296635297151,0.013840689519383886,1.9186188111932008,303.4162954148792,2.2066344575450048,"{""type"":""Point"",""coordinates"":[81.71813320140815,19.78657958690964]}"
1373,103.28952460495881,2025-05-01,291.3585851760138,598,0,40,0.16764885185937817,0.016891046622731665,2.0165759835486745,302.0707550502959,1.7061181581679312,"{""type"":""Point"",""coordinates"":[82.72079074051278,19.128468982175228]}"
1374,180.0,2025-05-01,289.5831015450614,505,0,10,0.46711963115748606,0.0062147073540472775,4.166350197307866,304.8402514230637,1.4327641414121888,"{""type"":""Point"",""coordinates"":[84.08427373033629,20.466514687277236]}"
1375,11.97062344720692,2025-05-01,294.2526397705078,545,0,40,0.4735435595938001,0.025559394815900305,7.074638722451863,301.01095222291497,1.5990549108362235,"{""type"":""Point"",""coordinates"":[84.19097330708867,19.386212226309645]}"
1376,315.7338520740293,2025-05-01,288.12858145577565,432,0,10,0.5510695992768906,0.007334321001508215,20.454880174497394,306.74198482150126,1.5318640443062537,"{""type"":""Point"",""coordinates"":[83.18056304165579,21.14291511105902]}"
1377,39.19908908202089,2025-05-01,280.1819843110584,806,0,40,0.23683484973807553,0.0034680359158301144,4.77623654129308,304.08178206852506,1.3312744648639276,"{""type"":""Point"",""coordinates"":[80.9026802636079,23.12979703956686]}"
1378,151.36797887798056,2025-05-01,280.670410882859,492,0,10,0.3611847233047545,5.621157679343014E-4,5.268651653506417,305.39922300974524,1.1821230813280919,"{""type"":""Point"",""coordinates"":[80.58512588720025,23.673335989114104]}"
1379,154.98190014343177,2025-05-01,281.1446656726656,471,0,40,0.2643182362808531,0.002417384842374304,3.5776763706742716,304.871082896278,1.1647066697470216,"{""type"":""Point"",""coordinates"":[81.29494857588762,23.319135997459277]}"
1380,312.84839016812583,2025-05-01,286.28011721656435,275,0,40,0.24290554849639984,0.007046758392789343,1.3635779303140227,305.92342780885247,1.190611755400111,"{""type"":""Point"",""coordinates"":[81.81729568161747,21.939471411167887]}"
1381,106.04406766265144,2025-05-01,290.6924358549572,863,0,30,0.4753370340999207,0.02115569935176609,11.585124873327334,300.4294034412929,1.3996419735020864,"{""type"":""Point"",""coordinates"":[82.9328467847673,19.108686599083647]}"
1382,160.67389741549061,2025-05-01,294.24386814662387,148,0,10,0.36270822138635145,0.014938428262212256,1.4739883057228667,305.45273630959656,2.0128997487408227,"{""type"":""Point"",""coordinates"":[81.15949348893871,18.109258984875993]}"
1383,121.87362021912624,2025-05-01,287.84468078613276,322,0,10,0.377454345736647,0.008546992400624731,3.50851595382095,306.37395445505774,1.9738153528029723,"{""type"":""Point"",""coordinates"":[82.49590836587282,21.138876742726968]}"
1384,164.95027925363163,2025-05-01,286.6094571068173,266,0,40,0.6449188214070956,0.003204449275472143,3.8359900822137387,306.18271677834645,1.5233679320735825,"{""type"":""Point"",""coordinates"":[81.52915620824992,21.598475863025456]}"
1385,227.4529147606295,2025-05-01,282.5408768426804,574,0,40,0.24111212397447584,0.005442722896077612,1.3713686547284114,303.44600500379283,0.6888789600060935,"{""type"":""Point"",""coordinates"":[83.40819369871244,23.38734730675732]}"
1386,261.8425340277033,2025-05-01,292.1238962809245,1376,0,30,0.2405857740585774,0.06294414327476261,24.528815950322517,298.42444506145654,0.9892402734205646,"{""type"":""Point"",""coordinates"":[82.84322709620875,18.25812320645981]}"
1387,27.366482838361954,2025-05-01,292.43296087355844,481,0,10,0.6531869309051955,0.018385975817182043,22.29971643180372,303.0994531994774,1.7638929444593836,"{""type"":""Point"",""coordinates"":[81.41919622926848,19.175605283230414]}"
1388,234.87832979856995,2025-05-01,288.97504606701074,238,0,40,0.16317404647084613,0.0029399089607977658,2.4167839406558493,307.04612009865895,1.9259061445680035,"{""type"":""Point"",""coordinates"":[80.30547886911323,20.308843057702457]}"
1389,28.556514444609654,2025-05-01,282.4988962809245,844,0,30,0.38254016368596544,0.0120614312681937,2.110947633026275,301.993885630653,0.6872807468174355,"{""type"":""Point"",""coordinates"":[83.72731590111334,23.259304643061412]}"
1390,180.0,2025-05-01,297.31266929989766,47,0,40,0.15105863192182412,0.014494686583020666,0.9274099368670311,303.33221803392684,1.664192082547701,"{""type"":""Point"",""coordinates"":[83.98144251929162,18.73757593389601]}"
1391,-0.0,2025-05-01,288.61630467006137,204,0,40,0.24798452112221864,0.0061521969828390866,0.9274099368670311,305.5287570499239,1.3044785043442844,"{""type"":""Point"",""coordinates"":[83.62591913715036,21.64895056247894]}"
1392,295.3712732468609,2025-05-01,293.97254653204055,267,0,40,0.3649193548387097,0.022820486882665136,1.0821694749246695,304.74813484010247,1.7465447251063129,"{""type"":""Point"",""coordinates"":[81.56570781109326,18.47920384297573]}"
1393,239.88915656547158,2025-05-01,283.42507280622203,505,0,10,0.2932475884244373,0.004947393396832922,17.042452658646678,304.10381285349524,0.8561574287337776,"{""type"":""Point"",""coordinates"":[83.10119602548868,23.696871095447246]}"
1394,296.25287132770177,2025-05-01,287.6969873337519,314,0,10,0.4930847865303668,0.00931744203899143,18.230157820822757,306.21585596175424,1.5761776872813655,"{""type"":""Point"",""coordinates"":[83.19110552470384,21.3123150282161]}"
1395,332.0059483731951,2025-05-01,290.81458754766555,209,0,40,0.7156370085722731,0.004312082389333227,1.050272830271883,306.5175323940458,1.851620415955996,"{""type"":""Point"",""coordinates"":[82.90530975491068,19.848195853590862]}"
1397,208.34111150235267,2025-05-01,286.4750809442429,300,0,40,0.41291646928785725,0.00499966667030094,2.1066561083523583,306.0871822266352,1.226133970002201,"{""type"":""Point"",""coordinates"":[83.54299633735215,22.027408361063234]}"
1398,90.0,2025-05-01,287.7735486711775,421,0,10,0.35086633663366334,0.002699344614484289,0.9915835650589482,306.50284907931376,2.337364685288101,"{""type"":""Point"",""coordinates"":[80.9100711653533,20.728313092950636]}"
1399,-0.0,2025-05-01,288.43596031552266,251,0,40,0.2682284811792577,0.0024327628407263546,0.463735342881014,305.7291325614566,1.2734203653903347,"{""type"":""Point"",""coordinates"":[84.29545316299973,21.871996259011905]}"
1400,35.11716425689287,2025-05-01,297.45586940220426,75,0,10,0.41729106628242074,0.01088878438804386,1.700325619798083,303.14372984568274,2.327537339804286,"{""type"":""Point"",""coordinates"":[84.08605965591948,18.564167986532272]}"
1401,-0.0,2025-05-01,290.65125746954055,627,0,40,0.41469517743403095,0.01673258767459629,0.0,302.87543673742385,2.367147721373919,"{""type"":""Point"",""coordinates"":[82.14933864720906,19.575808103272387]}"
1403,11.996327173635894,2025-05-01,289.9945715041387,534,0,10,0.2912923289564616,0.007283642152287939,13.941179126456262,304.4013795852661,1.6765254123843694,"{""type"":""Point"",""coordinates"":[82.95927344621524,19.74145633680953]}"
1404,270.0,2025-05-01,281.60428946358815,673,0,10,0.5878227130279062,0.003907843688466528,2.504107853977294,304.10813181740895,1.122820027897806,"{""type"":""Point"",""coordinates"":[80.8366542704055,22.274596697185935]}"
1405,280.6142548720144,2025-05-01,289.51345171247215,496,0,10,0.45460358056265987,0.003120257714726904,2.516056828920939,304.751953897022,1.5668600184405514,"{""type"":""Point"",""coordinates"":[83.86227633496357,20.44466921013521]}"
1406,270.0,2025-05-01,287.2847210112072,403,0,10,0.4064771976206213,0.0034001313242697506,2.0031418762088125,304.79409721919467,0.7494681429257359,"{""type"":""Point"",""coordinates"":[83.90471912084281,22.231536260611705]}"
1407,18.538232835966777,2025-05-01,294.44334266299296,318,0,40,0.4657944944126465,0.017478390792348364,9.213144926532504,303.3258064360845,1.4023141395609178,"{""type"":""Point"",""coordinates"":[83.55855569866827,19.660357041296617]}"
1408,117.70283966555118,2025-05-01,288.73662530808224,526,0,10,0.4867744305657605,0.004757120469548681,13.698536689414796,305.6059694290161,2.3400405688737957,"{""type"":""Point"",""coordinates"":[81.16950789951176,20.34150160482312]}"
1409,248.41621546766834,2025-05-01,291.69031996954055,486,0,10,0.37501958940604924,0.016444101193883398,15.962278686493276,302.8531327474685,1.4366020061364118,"{""type"":""Point"",""coordinates"":[80.85150339606002,19.376897402184472]}"
1410,238.4313736667189,2025-05-01,294.16484215146016,866,0,10,0.5062484060188728,0.012389614442327002,23.407530401083747,301.0213281994774,1.6133961157764496,"{""type"":""Point"",""coordinates"":[84.08217438272318,19.331245787227846]}"
1411,280.44133929632085,2025-05-01,283.08001491001676,598,0,40,0.194633373707258,0.007340162256696203,2.557196369350615,303.51279490334645,0.6036129938873545,"{""type"":""Point"",""coordinates"":[82.95919502418595,22.867563093716285]}"
1412,307.06943481136346,2025-05-01,291.39287530808224,561,0,30,0.30151494838450194,0.0183824442419791,3.0744115235965763,302.70206782931376,1.9222473359184695,"{""type"":""Point"",""coordinates"":[82.56107557060751,19.20998586715669]}"
1413,305.74881356524645,2025-05-01,281.136963617234,785,0,10,0.7364279044951314,0.005448519447782019,5.539056656989197,304.0386505581084,1.1632388925840096,"{""type"":""Point"",""coordinates"":[80.98243540508082,22.250258893924418]}"
1414,141.69344761389522,2025-05-01,292.21013023739766,970,0,40,0.4648876404494382,0.07482491360042332,4.717155314326085,298.08930392492385,1.0667278328002885,"{""type"":""Point"",""coordinates"":[82.94645953823024,18.29719822311317]}"
1415,82.46201890900284,2025-05-01,286.6475139799572,430,0,10,0.6131907308377896,0.003996371487119177,3.530617417852448,305.37063530513217,1.0025601097910641,"{""type"":""Point"",""coordinates"":[83.65354587338817,22.136508307732388]}"
1416,137.12072584156186,2025-05-01,291.27612958635603,738,0,10,0.5375115776474221,0.023398339012601355,5.049683556052557,302.4952981585548,1.7200900725903818,"{""type"":""Point"",""coordinates"":[81.08942864952813,19.559460870933556]}"
1417,226.54971946401693,2025-05-01,291.87043762207026,1169,0,60,-4.137360364087712E-4,0.012888743737676123,6.7123058394745385,302.51666627611434,1.6915249677259772,"{""type"":""Point"",""coordinates"":[81.19278527442171,18.68109892626778]}"
1418,252.8751740948207,2025-05-01,284.8304508754185,324,0,10,0.30085690808780374,0.004642277220227697,1.5745346853091111,305.724581082662,0.7663980436007876,"{""type"":""Point"",""coordinates"":[83.23252289164547,22.430145261454662]}"
1419,316.25953030007906,2025-05-01,283.65745399111796,315,0,10,0.5800030390518158,0.006057500103452185,10.162176698668326,304.65977337246846,0.48006551871692177,"{""type"":""Point"",""coordinates"":[84.23464637204229,23.887691302463633]}"
1420,72.90626440805404,2025-05-01,285.14538065592444,412,0,10,0.35734939759036144,0.012859448054769018,3.152235573082837,304.6483568918137,0.6163873494088216,"{""type"":""Point"",""coordinates"":[82.53181040807833,22.696015851057613]}"
1421,258.0725176770891,2025-05-01,284.8268527076358,414,0,10,0.545153521974714,0.005947320917584875,6.700847276296374,303.4817832310995,0.6331296336164818,"{""type"":""Point"",""coordinates"":[84.32626771741819,23.744773752741562]}"
1422,160.54949181214974,2025-05-01,291.92823500860305,376,0,10,0.4581041734066645,0.008695348361470678,5.88102145111262,304.3951016834804,1.3543730035961572,"{""type"":""Point"",""coordinates"":[80.76245812220066,19.28351628487267]}"
1423,-0.0,2025-05-01,284.8033628917876,335,0,80,0.4776266508969052,0.004360898593404272,1.390963080774087,304.4956585566202,0.718192551385819,"{""type"":""Point"",""coordinates"":[83.36609490245378,22.398704244071393]}"
1424,35.5853837399786,2025-05-01,283.66918436686194,411,0,10,0.34198331788693237,0.008598699429967382,14.507954825372428,304.39317180996846,0.74328070867955,"{""type"":""Point"",""coordinates"":[83.46014296407319,23.967678698326125]}"
1425,188.78236324494316,2025-05-01,281.6213560558501,878,0,10,0.3063711911357341,0.0036144249233984738,12.915615945984708,304.05422905513217,1.2191681368402345,"{""type"":""Point"",""coordinates"":[81.01011161475489,22.37930018848229]}"
1426,-0.0,2025-05-01,282.766352335612,540,0,40,0.22815629295110937,0.008419855693318823,1.3909630807829783,303.61271236056376,0.8144372454679308,"{""type"":""Point"",""coordinates"":[82.87478454800336,23.27541056563556]}"
1427,151.93714512749918,2025-05-01,288.97504606701074,251,0,30,0.23924588422729687,0.0029399089607977658,1.0509442968701272,307.04612009865895,1.9259061445680035,"{""type"":""Point"",""coordinates"":[80.2502808322507,20.301698729636115]}"
1428,144.31247283507065,2025-05-01,287.9072272891091,242,0,10,0.7193135543920884,0.01490010247562168,1.7123911670240093,305.8492962519328,1.4515008091473114,"{""type"":""Point"",""coordinates"":[82.80731049497517,21.845801357052235]}"
1429,27.809238706219123,2025-05-01,293.7391771589006,271,0,10,0.4834578441835646,0.022444277266004065,2.0962600850072737,303.82403932298934,1.3581377611193737,"{""type"":""Point"",""coordinates"":[81.9926816247217,18.564861573056607]}"
1430,180.0,2025-05-01,294.0555892217727,165,0,10,0.3200306983883346,0.007929100850560644,1.8543341688295631,305.63372589292976,1.7869809886766763,"{""type"":""Point"",""coordinates"":[80.93004416158153,18.471238537323064]}"
1431,144.31173407333557,2025-05-01,286.6608719598679,262,0,40,0.3678693320331546,0.007440774897077063,1.712407016150139,306.08439204806376,1.2910161877772115,"{""type"":""Point"",""coordinates"":[81.79534879080406,21.8490631901717]}"
1432,270.0,2025-05-01,288.1794905889602,193,0,40,0.3118940647907307,0.005149825671651342,0.4989611360556658,306.24417046138217,1.3666984169575798,"{""type"":""Point"",""coordinates"":[83.53192107940981,21.658623194340905]}"
1433,90.0,2025-05-01,290.3028397333054,217,0,40,0.1490048413125336,0.005646257856824377,0.9886973848659132,306.6908489863078,1.9501481327012278,"{""type"":""Point"",""coordinates"":[83.03146753293665,20.281983596152656]}"
1434,71.10509970387699,2025-05-01,293.2946203322637,833,0,10,0.6719463087248322,0.010964482286908606,16.69545578905794,301.3205225354149,1.467407538298189,"{""type"":""Point"",""coordinates"":[83.90939552323556,19.735835492639566]}"
1435,90.0,2025-05-01,290.65125746954055,642,0,30,0.49465667608401914,0.01673258767459629,1.967939171534233,302.87543673742385,2.367147721373919,"{""type"":""Point"",""coordinates"":[82.14278419713261,19.570198128329533]}"
1436,255.98332993242747,2025-05-01,282.893072945731,573,0,10,0.3394683026584867,0.006707786777951696,5.72493554928291,304.013905161903,1.0072410961486333,"{""type"":""Point"",""coordinates"":[83.37484427145291,23.746371427783906]}"
1437,90.0,2025-05-01,284.8634214855376,307,0,10,0.32473811442385175,6.57915333249548E-4,0.9991637289925094,305.9583341053554,0.6207767989517352,"{""type"":""Point"",""coordinates"":[80.24827244149989,21.848655913495787]}"
1438,-0.0,2025-05-01,291.3348570324126,230,0,40,0.23520485584218512,0.0038457058462881832,0.9274099368611016,306.36510145096554,1.5084774330603985,"{""type"":""Point"",""coordinates"":[83.27577338626273,20.075350972227096]}"
1439,3.7621262629410546,2025-05-01,292.77766999744233,1140,0,30,0.6460314985186341,0.03843150959346531,14.55079709524444,299.20418952760247,0.7382875295487461,"{""type"":""Point"",""coordinates"":[82.43385562703112,18.10604576627503]}"
1440,42.20272845649715,2025-05-01,296.16973658970426,255,0,10,0.6284660565496517,0.015549867609479406,4.373691030808526,302.85590548742385,1.5132062355666445,"{""type"":""Point"",""coordinates"":[83.8688656321245,19.05464022472272]}"
1441,290.49176469857167,2025-05-01,287.79830569312685,327,0,30,0.1836734693877551,0.0021162621769690304,2.6475374794815627,306.8870043527512,2.296537533318259,"{""type"":""Point"",""coordinates"":[81.18110555135763,20.884240437255198]}"
1442,100.39665596128684,2025-05-01,281.17275347028465,467,0,10,0.3104041272570937,0.001182972649075964,2.568050643337683,305.41424347105476,1.3108129843807281,"{""type"":""Point"",""coordinates"":[80.96966119149936,23.455211412737413]}"
1443,313.15719074398373,2025-05-01,289.83793785458516,284,0,40,0.34240475012370114,0.01094885096881626,0.6779565731443326,306.1456190290905,1.7249679304488812,"{""type"":""Point"",""coordinates"":[82.60958286026337,20.338042530888348]}"
1444,-0.0,2025-05-01,286.80367097400483,389,0,10,0.3186874304783092,0.0023976557049536495,0.0,306.6090328125726,1.9284493545989039,"{""type"":""Point"",""coordinates"":[80.47673688737572,20.960800102216922]}"
1445,347.65097539146797,2025-05-01,281.6143282935733,359,0,40,0.19418271200327736,0.001041232803800085,2.3722900041477835,305.5075923828852,0.8228762041211474,"{""type"":""Point"",""coordinates"":[80.98610382620265,24.002366074181715]}"
1446,107.48498621744257,2025-05-01,292.5357208251953,298,0,10,0.39560155239327294,0.009624033430554846,3.083963861128373,304.645723660787,1.3760612868117146,"{""type"":""Point"",""coordinates"":[80.81483680010486,19.08519701319548]}"
1447,264.965529757185,2025-05-01,293.424334571475,455,0,10,0.6074717862238942,0.028913467386701086,24.757425733679213,301.3026595796858,1.1380433642747982,"{""type"":""Point"",""coordinates"":[81.83617289064033,17.931607155853005]}"
1448,331.79489584546485,2025-05-01,286.6445668538411,337,0,50,0.14785453630300743,0.002444087723233679,1.0523400820634126,306.6757064546858,1.9345235002754404,"{""type"":""Point"",""coordinates"":[81.14216486963105,21.204015982284044]}"
1449,110.56137461410499,2025-05-01,290.06992957705546,680,0,30,0.4722860791826309,0.006898447135426977,7.872600289569801,303.4941588356382,1.595283337013377,"{""type"":""Point"",""coordinates"":[83.9889467916491,20.32021843795464]}"
1450,125.40959122085039,2025-05-01,292.45504397437685,531,0,10,0.38673670387393305,0.016947775343396643,2.3996903095304556,302.69696412767684,1.7644703787068334,"{""type"":""Point"",""coordinates"":[81.34848964965708,18.578461190973165]}"
1451,180.0,2025-05-01,288.61630467006137,223,0,30,0.38290854572713645,0.0061521969828390866,2.7802885155465065,305.5287570499239,1.3044785043442844,"{""type"":""Point"",""coordinates"":[83.64470804361066,21.562194338073326]}"
1452,32.43650478655544,2025-05-01,291.1651851109096,832,0,40,0.21474934401325785,0.03269921169612644,8.185899355042213,300.22038418906067,1.3165320552178295,"{""type"":""Point"",""coordinates"":[83.0559834151202,19.245316053584865]}"
1453,207.02139257890045,2025-05-01,293.0003320603143,288,0,10,0.5064391500321958,0.002883269647099951,16.69022348544107,305.9297696522304,2.0964325895205222,"{""type"":""Point"",""coordinates"":[80.41617480322431,18.06697964798457]}"
1454,262.872158021837,2025-05-01,283.2816925048828,679,0,10,0.49222189609627237,0.010948985079267004,11.072166559816278,301.6309531529745,0.7950978504953922,"{""type"":""Point"",""coordinates"":[84.05816665489475,23.50410886661222]}"
1455,132.7905205369117,2025-05-01,285.6315576462519,284,0,40,0.18042629840888622,0.009454875448682287,0.6826290914047494,305.50991753169467,0.9352560208468335,"{""type"":""Point"",""coordinates"":[82.21690779789992,22.225414173507737]}"
1456,327.43758089159445,2025-05-01,294.2541685558501,998,0,10,0.6177829099307159,0.011402829745748022,15.050712109093915,303.72431369054885,0.9180024644540065,"{""type"":""Point"",""coordinates"":[81.89708600853722,18.05910319121373]}"
1457,305.32294487508557,2025-05-01,291.41431899297805,578,0,30,0.4802852913470596,0.01678506956432102,2.4048025829252446,302.42699691227506,1.799544022219601,"{""type"":""Point"",""coordinates"":[82.55821666063545,19.116252483861754]}"
1458,180.0,2025-05-01,287.3802788144066,259,0,40,0.4291990042465954,0.006313293436505774,0.463735342881014,305.8524933315459,1.4116208192516981,"{""type"":""Point"",""coordinates"":[81.75399879602828,21.725990225888452]}"
1459,285.0755703900423,2025-05-01,294.47630746024,497,0,30,0.46279292860079485,0.023108571032025793,3.561405874320173,301.515352567037,1.5153607849257325,"{""type"":""Point"",""coordinates"":[84.29367578424173,19.477437606800535]}"
1460,238.268201848081,2025-05-01,287.4733022054036,240,0,40,0.31931595178020744,0.013769491771199682,1.7629227829425547,305.7827969959804,1.3418534850581865,"{""type"":""Point"",""coordinates"":[82.79026638573609,21.940494803513186]}"
1461,50.391849625475146,2025-05-01,296.6885993594215,71,0,80,0.25653611138936194,0.016523285964467505,5.078497282028361,303.36953667231967,1.7015876406435853,"{""type"":""Point"",""coordinates"":[83.82075548201855,18.96341875898698]}"
1462,216.11293659365342,2025-05-01,287.71831476120724,325,0,30,0.187893175074184,0.005801960090138891,3.4401249291687983,304.6407304037185,0.7093510711601065,"{""type"":""Point"",""coordinates"":[82.72966869311902,23.964867937823826]}"
1463,167.7316016194121,2025-05-01,283.9826028006417,507,0,40,0.2475109979161843,0.0042713575157904415,2.3715625551711907,303.12522166115895,0.6761021256274404,"{""type"":""Point"",""coordinates"":[81.90594610954642,23.115395707359404]}"
1464,245.05724493542715,2025-05-01,285.3069494338262,307,0,40,0.4263400780972666,0.0014129869732641964,1.099536975650172,306.39009680066795,1.1723863725389858,"{""type"":""Point"",""coordinates"":[80.52102432992703,21.536252044609046]}"
1465,345.0699013125193,2025-05-01,289.0274432954334,385,0,50,0.2784636488340192,0.0026600651535773068,1.9190744349528743,306.4813705171858,2.3055654506464984,"{""type"":""Point"",""coordinates"":[81.45472486780805,20.349960572955514]}"
1466,349.6605841214683,2025-05-01,283.34689549037387,361,0,30,0.24030672858840046,0.009108959892728308,2.8261068034668226,304.0692378906977,0.7431543617447198,"{""type"":""Point"",""coordinates"":[82.0764856218906,24.001819752688576]}"
1467,180.0,2025-05-01,285.6741369338262,300,0,40,0.2913816689466484,0.005294158318974951,0.9274099368670311,304.6288605190458,0.6169245268996868,"{""type"":""Point"",""coordinates"":[82.63010221192953,24.10158743531391]}"
1468,180.0,2025-05-01,290.6549777076358,327,0,10,0.4833948339483395,0.007019072035291174,2.7802885155465065,306.0161198661441,1.898845795296514,"{""type"":""Point"",""coordinates"":[80.55119517555572,19.879565780294815]}"
1469,140.3826962448958,2025-05-01,289.37122235979353,636,0,10,0.33762804942443764,0.009919806579091528,5.402080589736593,304.2769318081084,1.9022189037469073,"{""type"":""Point"",""coordinates"":[81.28013538900161,20.016690491487584]}"
1470,213.31592957399175,2025-05-01,297.15161786760603,38,0,40,0.24092036995262803,0.005631595114209631,4.430736251319541,303.76584666115895,3.4919900809611604,"{""type"":""Point"",""coordinates"":[83.32887610846055,18.02953415273046]}"
1471,132.9943790910101,2025-05-01,288.3839816138858,310,0,40,0.15904139433551198,0.00582201705310581,0.6800199440534764,306.0914953776768,1.9497417367987742,"{""type"":""Point"",""coordinates"":[81.78350503839768,21.198964053431826]}"
1472,90.0,2025-05-01,284.5131203787667,330,0,30,0.14848698099929628,0.0013959251436972409,1.4953466676126692,306.12763400304885,1.2721452551307226,"{""type"":""Point"",""coordinates"":[80.60395217507873,21.53915205069411]}"
1473,18.476654567569057,2025-05-01,293.36883326939176,238,0,10,0.513767629281397,0.005560501674153784,19.284168975009866,305.18875053950717,1.8756036091811208,"{""type"":""Point"",""coordinates"":[80.82194876870858,18.39235490465487]}"
1474,115.21936025629141,2025-05-01,291.7912256150019,239,0,40,0.6689094477151668,0.009782999018170813,1.0882563148446496,305.83331666673934,1.9277761236349658,"{""type"":""Point"",""coordinates"":[82.83195108882933,19.61763521018899]}"
1475,256.98524207194254,2025-05-01,283.463873726981,471,0,30,0.2648851383028598,0.00545561240051029,4.111412757950884,304.6343594959804,1.0571839674996042,"{""type"":""Point"",""coordinates"":[81.35200592285632,22.39790977183113]}"
1476,227.01325914124044,2025-05-01,285.3053218296596,403,0,40,0.20886581469648563,0.0020182423386359005,2.0395854605126824,306.9622694197155,1.747057604494068,"{""type"":""Point"",""coordinates"":[80.57441651154939,21.238430773255505]}"
1477,32.73325404594381,2025-05-01,287.4032861618769,298,0,40,0.6097796364806176,0.001824139812924841,2.7543377808974676,306.85353383563813,2.1895605906158067,"{""type"":""Point"",""coordinates"":[81.11759172775893,21.028051304463773]}"
1478,199.4630630222266,2025-05-01,291.28615679059715,208,0,10,0.32699524643482614,0.005998402098157385,2.9485040246070784,306.3982522601173,1.6519794754649026,"{""type"":""Point"",""coordinates"":[80.40580458367319,19.397851519956344]}"
1479,132.61031654410368,2025-05-01,281.6582910446894,1109,0,10,0.3038341506910388,0.010212435582616308,1.3697231940652697,300.5282222656976,0.542178591980358,"{""type"":""Point"",""coordinates"":[83.643736251969,23.09143465477632]}"
1480,144.21959840063516,2025-05-01,284.68931434268046,337,0,30,0.29318905155951624,0.00717636869285343,1.7143881981548457,304.91649886540006,0.7993221565630703,"{""type"":""Point"",""coordinates"":[81.94604383578145,22.328368016536476]}"
1481,259.2453521848417,2025-05-01,298.20264325823103,50,0,10,0.5047923322683706,0.005463852742650488,2.4836318568701965,303.37537860870367,5.060730075221364,"{""type"":""Point"",""coordinates"":[83.69778118878278,18.250035787569438]}"
1482,286.12261162448334,2025-05-01,285.2232847667876,357,0,30,0.23665685396134648,0.004216208318212011,8.291571689844595,305.8749600819179,0.8862885987795894,"{""type"":""Point"",""coordinates"":[83.20764663528257,22.332005438559047]}"
1484,295.1292769025984,2025-05-01,290.9022456577846,225,0,10,0.4705450271779051,0.003974273065068701,6.523863924495173,306.41190669650126,1.8146041816303096,"{""type"":""Point"",""coordinates"":[83.33168520639185,20.262893537260194]}"
1486,221.69233813277864,2025-05-01,281.1885470435733,510,0,10,0.36047666335650447,0.003464370230176428,10.44052185628034,305.166504678272,0.9345751770032205,"{""type"":""Point"",""coordinates"":[80.58495437806752,22.397899773581607]}"
1487,121.35598541186398,2025-05-01,282.30664716448103,408,0,30,0.18975332068311196,0.0019255422148489743,1.781849087765025,304.8721175874983,0.7191373336167823,"{""type"":""Point"",""coordinates"":[81.3267333121733,23.932496872716317]}"
1488,180.0,2025-05-01,288.23652067638574,242,0,40,0.3002875215641173,0.0020835690293097286,1.3909630807829783,307.1488277344476,1.907478092372234,"{""type"":""Point"",""coordinates"":[80.22054144872489,20.55343337364955]}"
1489,314.91963976929975,2025-05-01,294.86077662876676,588,0,10,0.5384615384615384,0.018955200174787024,12.286521182953873,301.09425067901606,1.5046472197655718,"{""type"":""Point"",""coordinates"":[84.12941921086889,19.141145351559235]}"
1490,340.3495099883943,2025-05-01,287.90670413062685,305,0,40,0.1426251142016039,0.009386359909512976,1.4769432300325998,306.56383773258756,1.7865283236175709,"{""type"":""Point"",""coordinates"":[82.57955752842022,21.012177437445104]}"
1491,151.9463437717279,2025-05-01,289.10242934454055,253,0,40,0.20602636534839924,0.0032762877735876828,1.0508543877397838,306.8188019252958,1.9348660400391786,"{""type"":""Point"",""coordinates"":[80.33264070971772,20.241546053621754]}"
1492,199.9283875136728,2025-05-01,280.511719476609,576,0,30,0.23805589976593694,7.855735811972409E-4,10.24824820834168,305.3466048921858,1.3004884203168856,"{""type"":""Point"",""coordinates"":[80.31401789441803,23.161831420091936]}"
1493,7.58327767598679,2025-05-01,291.5969013032459,588,0,40,0.3534088171524934,0.01044051275584934,11.087583397761206,301.6190193267095,1.4588908791583237,"{""type"":""Point"",""coordinates"":[84.07316349683308,20.129053957789473]}"
1494,226.4889305108003,2025-05-01,292.1238962809245,1031,0,30,0.5085017645171639,0.06294414327476261,15.130189162388197,298.42444506145654,0.9892402734205646,"{""type"":""Point"",""coordinates"":[82.84626782834792,18.317255500352832]}"
1495,346.82774897401094,2025-05-01,293.2142108735584,127,0,10,0.4973411698852505,0.0035327069554114132,4.278518946127731,306.063953990028,1.9520584664349105,"{""type"":""Point"",""coordinates"":[80.62900776436727,18.283330611951204]}"
1496,75.64599858983216,2025-05-01,289.12851751418344,403,0,10,0.4709491158426561,0.0038763724360251217,16.374567265144318,306.14214293162024,2.028347819002293,"{""type"":""Point"",""coordinates"":[80.58495889149408,20.231681232409436]}"
1497,60.12157179134011,2025-05-01,283.84644789922805,809,0,10,0.5285398927783034,0.014489813903310278,9.228501118504818,301.1908722377958,0.8721971326158641,"{""type"":""Point"",""coordinates"":[84.08906134819811,23.184859323539637]}"
1498,340.0030792553634,2025-05-01,282.5080806187221,572,0,10,0.39075517334049986,0.009368702033498266,1.4801645373661902,303.96682671138217,0.8639107833314688,"{""type"":""Point"",""coordinates"":[82.36219883454135,23.654700917222538]}"
1499,15.027363827056035,2025-05-01,289.43383861723396,177,0,10,0.6404786680541104,0.005244760969617346,1.9199456136303625,306.44525514330184,1.1556137980717156,"{""type"":""Point"",""coordinates"":[83.65759690659317,21.372534270943927]}"
1500,-0.0,2025-05-01,289.5472244989304,155,0,40,0.27780384795870483,0.002269952753522375,0.0,307.5804799851917,1.8311990279505554,"{""type"":""Point"",""coordinates"":[83.55461215962299,20.769298286115223]}"
1501,270.0,2025-05-01,291.57379513695133,134,0,40,0.3021734050011685,0.003721310952641943,0.49078962479419347,306.94433089665006,1.9209650827456903,"{""type"":""Point"",""coordinates"":[80.21541021908226,19.11275178210739]}"
1502,289.5860887406623,2025-05-01,291.87666902087983,686,0,10,0.5913312693498453,0.0245334349665427,8.243021790800055,300.4436391648792,0.9534066951440261,"{""type"":""Point"",""coordinates"":[82.45500072669472,18.4091356988976]}"
1503,312.65166641981807,2025-05-01,280.9607289632162,487,0,40,0.2816020025031289,0.002688615778424719,4.780065927124071,304.6587270555042,1.0333813410276207,"{""type"":""Point"",""coordinates"":[80.53617335947365,22.896256037113186]}"
1504,47.61154739021009,2025-05-01,282.64597356887094,364,0,40,0.2225396001038691,0.006346642235257605,2.062787134751545,304.88141818273635,0.6883358952669212,"{""type"":""Point"",""coordinates"":[81.61056719126678,24.110897752356042]}"
1505,131.40236739478246,2025-05-01,293.4850325811477,649,0,30,0.2479387514723204,0.004869043091275671,62.35556290641991,305.33025328318274,1.9514529767377287,"{""type"":""Point"",""coordinates"":[80.77216314261948,18.283874016787806]}"
1506,41.020081108715644,2025-05-01,280.38478960309715,732,0,10,0.3942857142857143,0.0016851864847922116,9.141475152814829,304.662081082662,1.2471158881416455,"{""type"":""Point"",""coordinates"":[80.55955775579407,23.12606014705624]}"
1507,-0.0,2025-05-01,281.25064014253155,572,0,30,0.17249669431422046,0.0024310939106726437,0.9274099368670311,305.09404722849524,1.1026601963670604,"{""type"":""Point"",""coordinates"":[80.32466754370539,22.881276892749558]}"
1508,47.315950186498576,2025-05-01,281.2961781819662,749,0,40,0.27344005227049983,0.004186242083051184,0.6840032159219858,303.44350546882276,1.1297411814108451,"{""type"":""Point"",""coordinates"":[81.0006453850959,22.741398448533097]}"
1509,278.83994031177315,2025-05-01,286.30779811314176,385,0,40,0.30293772032902466,0.0022068016323828488,6.013242233489983,306.66477825528096,1.8571558006689914,"{""type"":""Point"",""coordinates"":[80.55174514450094,21.071444224394735]}"
1510,226.5618421968901,2025-05-01,292.93132164364766,175,0,30,0.48493003229278797,0.006360902646520117,1.348688792999839,305.66498751867385,1.558061802253038,"{""type"":""Point"",""coordinates"":[80.71282913812954,18.75312105030008]}"
1511,133.20778235158508,2025-05-01,291.44559805733815,581,0,10,0.4472249405843702,0.00878222213123081,2.707385636040306,302.45322459084645,1.4639117458492064,"{""type"":""Point"",""coordinates"":[83.96003216012696,20.0629240890105]}"
1512,312.5216401494564,2025-05-01,280.7030675978888,493,0,30,0.3336573511543135,4.967592749380856E-4,0.6861145587725744,305.38835293906084,1.3794708218434149,"{""type"":""Point"",""coordinates"":[80.62871887159525,23.504634092373763]}"
1513,167.99116398782482,2025-05-01,290.94187781924296,309,0,10,0.5361344537815126,0.00949241147372959,2.3692554860084964,304.8052928107125,1.2998384089610555,"{""type"":""Point"",""coordinates"":[83.27670436338887,19.912177531719276]}"
1514,64.56016578023547,2025-05-01,293.909418741862,132,0,10,0.5971601367341572,0.0036434225830817013,2.1581284509868026,305.57176649002804,2.1983979022012274,"{""type"":""Point"",""coordinates"":[80.73579921479805,17.94073315280564]}"
1515,155.01391659706707,2025-05-01,295.83838544573103,449,0,10,0.5886277922831448,0.014044477799870947,16.88863151663287,302.70130053020654,1.608386312387136,"{""type"":""Point"",""coordinates"":[83.67957740236943,18.78994920518734]}"
1516,53.96455107914673,2025-05-01,287.61885652087983,361,0,30,0.1556972111553785,0.0021680735144400387,5.501131865374845,306.73424207596554,2.167953500648999,"{""type"":""Point"",""coordinates"":[80.73726100406157,20.716341569257235]}"
1517,115.19851812233625,2025-05-01,290.0107952299572,611,0,30,0.6238370631128992,0.01377572045657871,1.0890973597659044,303.3371066592989,2.598741921860007,"{""type"":""Point"",""coordinates"":[82.14411208340563,19.769169201742937]}"
1518,268.41187796130106,2025-05-01,291.13313293457026,248,0,10,0.4049586776859504,0.007385044554212072,16.280238460185032,306.2290686198644,1.7035473950831157,"{""type"":""Point"",""coordinates"":[80.387322206316,19.498715103196744]}"
1519,304.78399980503366,2025-05-01,285.9827306838263,314,0,40,0.1930297314290847,0.009868129352071264,2.4372228029061747,305.2827388672602,0.9915501639915771,"{""type"":""Point"",""coordinates"":[82.8146018434806,22.159300452483276]}"
1520,169.69876750801592,2025-05-01,280.90032741001676,490,0,10,0.24832535885167464,9.61034754254797E-4,2.8257644198656786,305.4032164528257,1.329352852042694,"{""type"":""Point"",""coordinates"":[80.93855975202653,23.509760444450677]}"
1521,83.06038120511106,2025-05-01,292.17107355026974,785,0,10,0.6221648004593741,0.0129120491537833,31.08598799844471,303.03989451272145,1.6047078167270767,"{""type"":""Point"",""coordinates"":[81.24812395529766,18.795698175946274]}"
1522,294.6782988100277,2025-05-01,282.6739392961775,529,0,40,0.26602785735453915,0.007005169251897314,5.536238517314694,303.3337875093733,0.8677112566607363,"{""type"":""Point"",""coordinates"":[82.57000890292478,23.222644178771635]}"
1523,23.592168752987927,2025-05-01,282.85239446730844,460,0,10,0.28715814506539833,0.0077569179329657345,2.528565822811603,303.9800974982126,1.000094789361702,"{""type"":""Point"",""coordinates"":[83.58464222903719,23.665551438008272]}"
1524,180.0,2025-05-01,289.3077399844215,523,0,10,0.3696883852691218,0.00860287175510166,9.646463364773247,304.10642283303395,2.2377303802832773,"{""type"":""Point"",""coordinates"":[82.22513711422997,20.02327149276967]}"
1525,226.82937492976725,2025-05-01,291.3240974062965,185,0,50,0.17504511472028875,0.0033336572441839962,0.6777871182691731,306.4222419829595,1.771046022018703,"{""type"":""Point"",""coordinates"":[83.47927876242133,20.265787699429126]}"
1526,67.32652534162351,2025-05-01,290.03395952497215,336,0,10,0.3802197802197802,0.006272792080380896,4.800881586595879,305.35880611056376,1.9676438954768098,"{""type"":""Point"",""coordinates"":[80.93834872760665,19.95258795448102]}"
1527,103.35367645924553,2025-05-01,293.70069594610305,179,0,40,0.4380047505938242,0.01889647469852207,2.007070819588302,304.80074714478997,1.8650869123021867,"{""type"":""Point"",""coordinates"":[81.49100491832492,18.283102011790742]}"
1528,193.7318621331449,2025-05-01,291.1651851109096,919,0,10,0.5553253927153461,0.03269921169612644,18.001543141876567,300.22038418906067,1.3165320552178295,"{""type"":""Point"",""coordinates"":[83.05083773183391,19.20145993400752]}"
1529,270.0,2025-05-01,288.1094047909691,335,0,40,0.22967117002294163,0.005728780487515905,3.4678599509729207,306.2954167411441,1.8011533489581426,"{""type"":""Point"",""coordinates"":[82.44928867872899,20.781285027584584]}"
1530,-0.0,2025-05-01,290.3434368315197,651,0,40,0.4420820262576972,0.015305294850804785,0.4637353428839794,303.1086666016352,2.4921345742782868,"{""type"":""Point"",""coordinates"":[82.06569726771603,19.69231657119486]}"
1531,312.8363223809507,2025-05-01,287.09307062058224,251,0,40,0.3841569406506084,0.011128544071652868,0.6820403874380624,305.85052858080184,1.258225270088438,"{""type"":""Point"",""coordinates"":[82.86212664829303,21.999264595017753]}"
1532,119.68031205046196,2025-05-01,293.83887953985305,68,0,80,0.05620985010706638,0.0029261253866934567,2.80742059930709,306.5606174014864,2.0018151178309167,"{""type"":""Point"",""coordinates"":[80.61587325074848,18.214485047607884]}"
1533,237.84217592990046,2025-05-01,291.1725558326358,608,0,30,0.33561142299243346,0.02070204840038059,1.7420375328331335,302.80163070133756,2.0662914115211617,"{""type"":""Point"",""coordinates"":[81.81573617227477,19.428703595537208]}"
1534,240.87420307075922,2025-05-01,284.1089978899274,713,0,10,0.43961894087979825,0.0010894529614233761,5.697823347168055,304.9431683222453,0.7210757941032939,"{""type"":""Point"",""coordinates"":[80.4276651321153,21.77628057141714]}"
1535,47.12658429198945,2025-05-01,287.5608091808501,232,0,40,0.46398952422522916,0.004591672876813391,0.6815646790202607,306.2982417969477,1.4166608037947939,"{""type"":""Point"",""coordinates"":[83.35666799108725,21.81446581467069]}"
1536,232.917461862759,2025-05-01,279.4665360223679,948,0,10,0.38876889848812096,0.004011823991277197,17.15754819476845,303.52903025490895,1.4519142138865466,"{""type"":""Point"",""coordinates"":[81.13904904134066,23.055287943775745]}"
1537,255.11607958845013,2025-05-01,283.42507280622203,473,0,10,0.45259281988339983,0.004947393396832922,15.833135045144955,304.10381285349524,0.8561574287337776,"{""type"":""Point"",""coordinates"":[83.05640300907746,23.728522171099517]}"
1538,157.19119279249614,2025-05-01,294.37150719052266,164,0,10,0.4535853251806559,0.009094490865209082,2.513810326693124,305.4366404669626,2.1440877259574433,"{""type"":""Point"",""coordinates"":[81.1231280465702,17.982253259342837]}"
1539,151.69177056524018,2025-05-01,284.07555643717444,473,0,40,0.20981917365390443,0.005666746953465918,2.106005139068125,305.4421859468733,1.1130172703982915,"{""type"":""Point"",""coordinates"":[80.7215975520442,21.831573253675014]}"
1540,287.1450123316111,2025-05-01,285.1701899937221,319,0,10,0.4527272727272727,0.0037782631907248287,4.70876737867029,305.64902537209645,0.8437256604995407,"{""type"":""Point"",""coordinates"":[83.37431827378091,22.25664224342096]}"
1541,40.83957597279915,2025-05-01,284.20119585309715,363,0,10,0.2719786873334948,0.006517484048345068,3.0619777720684462,305.3901723680042,1.0139888168660665,"{""type"":""Point"",""coordinates"":[81.35602331180426,22.253913815441095]}"
1542,133.37314517539568,2025-05-01,291.3941773914156,554,0,40,0.2503570251565418,0.017499073604085424,2.0249922026370917,302.3620148159208,1.9716012971077568,"{""type"":""Point"",""coordinates"":[81.74642291637097,19.132264569162473]}"
1543,316.52987460246976,2025-05-01,285.56468055361796,567,0,30,0.2722602739726027,0.004362463215329626,5.0985213146051,303.45392213548934,0.46672403497552206,"{""type"":""Point"",""coordinates"":[84.05676218413906,22.628108276613187]}"
1544,124.84428571943884,2025-05-01,287.16935294015065,217,0,40,0.7854016659607511,0.00625786111686466,2.4335422558097375,306.2275805246262,1.4833070373730888,"{""type"":""Point"",""coordinates"":[83.24379916895029,21.841599264339624]}"
1545,140.8294052820602,2025-05-01,284.08805411202565,392,0,30,0.2272159800249688,0.00757329092357395,2.391305813470023,303.77502518608463,0.8185278183279235,"{""type"":""Point"",""coordinates"":[82.35134585473317,22.99269408931809]}"
1546,232.87585157841684,2025-05-01,291.35960824149,664,0,40,0.2,0.021394088128545263,3.0705390529319643,301.97208736056376,1.8508289547148375,"{""type"":""Point"",""coordinates"":[81.70220930997834,18.88072825824426]}"
1547,12.3426794315167,2025-05-01,282.1130727132162,551,0,10,0.37832849986817824,0.00638639853332279,2.3722325685950443,304.27268841153096,0.7304817953001919,"{""type"":""Point"",""coordinates"":[81.85297507573581,23.934694293604757]}"
1548,42.97473642821956,2025-05-01,282.893072945731,566,0,10,0.48940036341611143,0.006707786777951696,20.61243988300344,304.013905161903,1.0072410961486333,"{""type"":""Point"",""coordinates"":[83.40658481045973,23.726614238486835]}"
1549,270.0,2025-05-01,285.5255134219215,281,0,10,0.5098947368421053,0.0017393522057318478,1.994566870738536,306.2384331566947,0.8882834406438426,"{""type"":""Point"",""coordinates"":[80.26411410061787,21.620721137074153]}"
1550,9.400213865776559,2025-05-01,294.35421970912387,1096,0,10,0.782840163427015,0.0573662363085532,22.70476121504859,301.2236510231382,0.5852890612651647,"{""type"":""Point"",""coordinates"":[83.0635394879965,18.646477617270975]}"
1551,290.6653303119048,2025-05-01,295.24732099260603,217,0,10,0.3362680361946686,0.012170507768132666,5.241593348695709,302.8648689360845,1.313939771048746,"{""type"":""Point"",""coordinates"":[83.82122089519581,19.44792849281651]}"
1552,270.0,2025-05-01,280.4864044189453,381,0,30,0.25197089144936324,6.282322201514035E-4,2.0304590627390664,305.5927335194179,0.9975287733863861,"{""type"":""Point"",""coordinates"":[80.40624181913138,24.049181027764146]}"
1553,203.60954192801879,2025-05-01,280.2370031447637,398,0,40,0.20507436570428697,6.042711529516964E-4,2.5289003908770473,305.9006820406233,1.1050151757756166,"{""type"":""Point"",""coordinates"":[80.25321707804207,23.77380347503036]}"
1554,244.847399762541,2025-05-01,289.31219264439176,358,0,10,0.3976775750263912,0.004050224283673742,1.0909553933450036,306.6202342169626,1.951650899632032,"{""type"":""Point"",""coordinates"":[80.32780604634276,20.097632520446894]}"
1555,22.170344257417668,2025-05-01,284.08048575265065,496,0,10,0.4536460826551779,0.008326574424245337,3.9996452199779244,303.92171301160545,0.8644419224723093,"{""type"":""Point"",""coordinates"":[82.64240354570542,23.03430252917523]}"
1556,69.50533674265903,2025-05-01,292.2064274379185,738,0,10,0.37487114878020844,0.02599207983348606,25.895019234208476,302.7242671875726,1.8195381845186616,"{""type"":""Point"",""coordinates"":[81.30150900949505,19.378792104008408]}"
1557,340.4719018922901,2025-05-01,289.1072017124721,645,0,10,0.6779942965779467,0.010448648789861181,1.4758213862454173,303.8639156250727,2.234164656301818,"{""type"":""Point"",""coordinates"":[81.84320779701488,19.975512206225282]}"
1558,180.0,2025-05-01,293.7616845993769,174,0,40,0.5979212253829321,0.01099358425472019,0.463735342881014,304.7154548735845,1.1788257507269673,"{""type"":""Point"",""coordinates"":[81.89281648669873,18.344286332450668]}"
1559,256.7576972998917,2025-05-01,290.3734661283948,601,0,40,0.29186217991687896,0.0244152389559531,2.0236320232536964,303.22721431368876,2.3979504526404214,"{""type"":""Point"",""coordinates"":[82.35359908710811,19.727624802698507]}"
1560,294.9768621792798,2025-05-01,287.83701942080546,290,0,40,0.2931424265259985,0.012369810799100378,1.098131991452641,306.23575923556376,1.7870473016619646,"{""type"":""Point"",""coordinates"":[82.79098917246414,21.309153975282417]}"
1561,108.47973653560769,2025-05-01,292.46586172921315,252,0,10,0.3461056401074306,0.003152623036839941,8.71063276373183,306.70941529955184,1.8694972596911161,"{""type"":""Point"",""coordinates"":[80.37868744428533,18.754967390652432]}"
1563,12.267118691986283,2025-05-01,282.4990706670852,703,0,40,0.3326460481099656,0.007751166084744909,2.3715510505912074,302.75248868124834,0.4956771664458147,"{""type"":""Point"",""coordinates"":[83.35103930095613,23.10105496984271]}"
1564,226.6097772074688,2025-05-01,291.92273603166853,298,0,10,0.4053656743844175,0.004461794355847815,6.052971339925886,306.04491683415006,1.7598310269655117,"{""type"":""Point"",""coordinates"":[80.42905392913711,19.032876310726447]}"
1565,-0.0,2025-05-01,288.1104743594215,308,0,40,0.18332242684864916,0.004206820586659887,0.0,306.30604848407563,2.0036537156392265,"{""type"":""Point"",""coordinates"":[81.4580347241064,21.10297214268608]}"
1566,276.0262803120064,2025-05-01,294.3064495268322,185,0,10,0.47531822415398944,0.011671393373944738,4.408549962453552,305.2856162389119,1.9944673513885713,"{""type"":""Point"",""coordinates"":[81.11570813191285,18.173988458012413]}"
1567,193.1711926082904,2025-05-01,293.41235424223396,174,0,30,0.3218619016104125,0.009155451515653112,4.278500518175481,305.12256517864404,1.3825337519258218,"{""type"":""Point"",""coordinates"":[81.79663294154798,18.26847239873185]}"
1569,345.1894925416325,2025-05-01,296.04945082891555,120,0,10,0.39385206532180594,0.013314335802533606,1.9180119363775845,303.20485219501313,1.5571649724267929,"{""type"":""Point"",""coordinates"":[83.74449775115453,19.00125057069777]}"
1570,107.06776239192357,2025-05-01,285.0298498244513,896,0,10,0.6599015990159902,0.00908623562190769,3.1568800813796947,302.38309810275126,0.6581711113149705,"{""type"":""Point"",""coordinates"":[83.92121393300845,22.916553070743674]}"
1571,257.0184059699889,2025-05-01,283.2197679792132,594,0,30,0.2545090180360721,0.008060633400418737,2.0635194388856375,303.32950923556376,0.832771520760466,"{""type"":""Point"",""coordinates"":[81.95418955242887,22.761840652772282]}"
1572,66.66279881303326,2025-05-01,281.6756250290643,758,0,10,0.5238718116415958,0.012404977539517859,9.283150279072533,303.24475174858446,0.7689702512585972,"{""type"":""Point"",""coordinates"":[82.25889372318903,23.53631701512512]}"
1573,133.14586980743348,2025-05-01,291.048828851609,172,0,40,0.26786377708978326,0.003245248654820898,0.6780994653698275,306.95628216153096,1.9356779466064682,"{""type"":""Point"",""coordinates"":[83.40205119100564,20.39980672773657]}"
1574,24.120542705951227,2025-05-01,287.66947501046315,409,0,10,0.5038344925985375,0.01467230842445133,6.074454329945523,305.6208620071411,1.6111967740357114,"{""type"":""Point"",""coordinates"":[82.7717380222447,21.47533899895176]}"
1575,312.61397372047225,2025-05-01,280.1862509591239,644,0,30,0.1320754716981132,0.0013036571535849362,4.102641284036786,304.8813193639119,1.2245150768690112,"{""type"":""Point"",""coordinates"":[80.41535640053742,23.074761092801836]}"
1576,-0.0,2025-05-01,290.12068176269537,188,0,30,0.8769836926781219,0.0042123787197851925,0.0,305.8780060268583,1.3528942065905982,"{""type"":""Point"",""coordinates"":[83.68436195563805,21.70159279203991]}"
1577,226.86083709790748,2025-05-01,288.7293069022042,419,0,30,0.28280018544274454,0.006941630700566748,1.3561783417443958,305.9030362537929,1.4446996111823303,"{""type"":""Point"",""coordinates"":[82.22873232623749,20.435451025461923]}"
1578,151.69947324662684,2025-05-01,285.4900897798084,293,0,40,0.18406513521372492,0.004670038083531836,1.0532821128361392,306.13341781071256,1.2452896177492159,"{""type"":""Point"",""coordinates"":[81.49717341984609,21.785736548229448]}"
1579,-0.0,2025-05-01,283.4741973876953,485,0,10,0.48100482613537926,0.01408627555701969,9.646463364773247,303.4867532366799,0.648755364448649,"{""type"":""Point"",""coordinates"":[82.23586843538737,22.561879335636288]}"
1580,28.28619395855973,2025-05-01,286.41361563546315,274,0,40,0.17696827262044654,0.004505275944211462,1.0531403226212335,306.2118160156977,1.3683292984737008,"{""type"":""Point"",""coordinates"":[81.56275175176467,21.699396449619037]}"
1581,129.9720457428546,2025-05-01,283.65745399111796,329,0,10,0.45025354082881625,0.006057500103452185,7.890414611701848,304.65977337246846,0.48006551871692177,"{""type"":""Point"",""coordinates"":[84.17941442274291,23.868435348822874]}"
1582,28.230892291611074,2025-05-01,284.7481464204334,330,0,10,0.2834748530372306,0.0013327889237189083,1.0525942136843602,306.20356173742385,1.4207407100628222,"{""type"":""Point"",""coordinates"":[80.57846467201074,21.363164404153608]}"
1583,284.7351905463116,2025-05-01,284.4851255871001,966,0,10,0.3912283258050415,0.012395664313771704,3.64157458511291,301.0841130302066,0.6463627901439295,"{""type"":""Point"",""coordinates"":[83.82383637893197,22.99960822677905]}"
1584,114.97628149745127,2025-05-01,287.74222891671315,280,0,50,0.08365437534397359,0.004641159633138159,2.1955055288723107,306.4642690476917,1.8410983122216549,"{""type"":""Point"",""coordinates"":[81.6320832149857,21.313365849906795]}"
1585,151.2948164774438,2025-05-01,284.0443296886626,345,0,10,0.30946472881956755,0.007500766972043493,3.1691096956733538,305.02572273072747,0.6410303365173052,"{""type"":""Point"",""coordinates"":[83.44815341192891,24.065973660205703]}"
1586,12.257846928908076,2025-05-01,283.73992701939176,550,0,40,0.3440702781844802,0.005074395993688086,2.371467734892553,303.17881634121846,0.8106613135526848,"{""type"":""Point"",""coordinates"":[81.89951010985234,22.995098869545476]}"
1587,237.75457999351715,2025-05-01,296.2964339483352,446,0,10,0.6301099520721737,0.020612790444829443,5.200717771451674,302.1877739770071,1.5955480536789364,"{""type"":""Point"",""coordinates"":[83.98124796755187,18.868340958427964]}"
1588,313.5038974073045,2025-05-01,297.9952283586775,21,0,10,0.5477249401300034,0.013413815954663733,0.6736221152187661,303.4028793062483,3.4772265338476718,"{""type"":""Point"",""coordinates"":[83.8528798025,18.360048454876907]}"
1589,295.41591411747584,2025-05-01,294.2523898170108,87,0,40,0.2397003745318352,0.002370699504353979,1.08039516810779,306.44558647700717,2.060156620783883,"{""type"":""Point"",""coordinates"":[80.74385186706255,18.12981888162248]}"
1590,235.3659524366959,2025-05-01,280.9607289632162,703,0,40,0.18306441829431033,0.002688615778424719,2.446437822868792,304.6587270555042,1.0333813410276207,"{""type"":""Point"",""coordinates"":[80.45228807058669,22.93044485033241]}"
1591,252.4892436421511,2025-05-01,295.1726953415643,340,0,30,0.4466811751904244,0.04275952205989597,3.0795756212075633,302.1674289249239,0.5164910698596227,"{""type"":""Point"",""coordinates"":[83.22444848937299,18.82381878908858]}"
1592,337.91057544312633,2025-05-01,285.2137690952846,308,0,40,0.3435061955025241,0.00696080849502323,3.99735616970723,305.54281257447747,0.6563545390306057,"{""type"":""Point"",""coordinates"":[83.09539984644101,22.48165275799612]}"
1593,144.5173822895077,2025-05-01,288.38850984119233,319,0,30,0.3124440465532677,0.008488341430165747,1.70801734484335,306.0378541946411,1.4567607760015717,"{""type"":""Point"",""coordinates"":[82.8455784511482,20.734335691678552]}"
1594,313.14380751144915,2025-05-01,288.7706306094215,444,0,10,0.5227308980698676,0.00394913480613468,8.74743992453094,306.2613009952364,2.474516374558966,"{""type"":""Point"",""coordinates"":[81.18453912550675,20.410413453131483]}"
1595,186.7150649283696,2025-05-01,291.92823500860305,487,0,10,0.40642876600381367,0.008695348361470678,27.177641187837043,304.3951016834804,1.3543730035961572,"{""type"":""Point"",""coordinates"":[80.76415470902224,19.316849741635693]}"
1596,151.66536162722232,2025-05-01,285.09162902832037,278,0,40,0.2583232077764277,0.0057390473875784664,1.0536199880811683,306.1565414156233,1.0831161080521585,"{""type"":""Point"",""coordinates"":[81.66617541112048,21.988215008076843]}"
1597,262.4747816542405,2025-05-01,284.69476100376676,357,0,10,0.41766329346826125,0.0081711702141547,3.5365556780857297,305.14905443645654,0.9188401945472263,"{""type"":""Point"",""coordinates"":[81.614161207417,22.376426709699434]}"
1598,115.20581580807287,2025-05-01,290.46410042899,309,0,40,0.3083411433926898,0.013441621521451452,1.0888027112226157,304.46916348593584,2.1719235470372986,"{""type"":""Point"",""coordinates"":[82.61186574718316,19.715653232788032]}"
1599,313.49781460926954,2025-05-01,293.3357173374721,89,0,10,0.24703087885985747,0.0026562951597952633,2.692929394276269,307.54248705364404,2.0046037008550583,"{""type"":""Point"",""coordinates"":[80.3733866170979,18.39680073334365]}"
1600,10.28084613859859,2025-05-01,282.1412360781715,544,0,40,0.3668916599931358,0.007085888842084387,2.8255821660052316,303.2582259859358,0.6884224507024372,"{""type"":""Point"",""coordinates"":[83.21978033826538,23.240508045374447]}"
1601,57.80105156323498,2025-05-01,291.6286977132162,657,0,30,0.2651948051948052,0.015388145307042578,1.7400526915830759,302.66516190483446,1.9620012552713761,"{""type"":""Point"",""coordinates"":[81.63146727798821,19.16803820215211]}"
1602,171.7995943888268,2025-05-01,292.13303411574594,926,0,10,0.4736176935229068,0.02024421022269962,25.756026841902166,300.0683310826619,1.464699530281222,"{""type"":""Point"",""coordinates"":[84.01411408307334,19.795750178503297]}"
1603,47.38095840493681,2025-05-01,283.9826028006417,497,0,80,-0.03154205607476635,0.0042713575157904415,1.3694965838511064,303.12522166115895,0.6761021256274404,"{""type"":""Point"",""coordinates"":[81.94514706874702,23.050766480941213]}"
1604,248.53336442005752,2025-05-01,281.08732169015065,445,0,30,0.20179892644712027,0.002001851061322668,3.7960503756522295,305.47874309903096,1.1214436578234563,"{""type"":""Point"",""coordinates"":[81.17146836655627,23.42850677622872]}"
1605,138.39030554814585,2025-05-01,290.11279369535896,597,0,10,0.36683417085427134,0.003958880165555456,3.7162269186549635,303.8443960008167,1.4272476774267315,"{""type"":""Point"",""coordinates"":[83.8395344008485,20.234089476784334]}"
1606,232.66162977709163,2025-05-01,283.3483312697637,520,0,10,0.2588273404599935,0.005530222514607885,7.601083695016766,304.2335968471709,0.9125132479737784,"{""type"":""Point"",""coordinates"":[83.24709042341532,23.73390884873718]}"
1607,90.0,2025-05-01,291.01671854654944,224,0,40,0.20654984199942544,0.006078495839574316,1.973450109563539,306.03221570877804,1.4711100727569386,"{""type"":""Point"",""coordinates"":[83.17126904738383,20.015803611010753]}"
1608,-0.0,2025-05-01,283.2936263311477,482,0,30,0.3204149093810555,0.005648105600812414,1.8543341688414132,303.50262237730476,0.8637466916339271,"{""type"":""Point"",""coordinates"":[82.48282129346376,23.082842112378792]}"
1609,226.90793564345,2025-05-01,288.3462735130673,373,0,10,0.2805858701895462,0.0046380601916098385,1.357369082915399,306.613741238912,1.9655592012349128,"{""type"":""Point"",""coordinates"":[81.81616348632839,20.68721467596715]}"
1610,158.1793571148632,2025-05-01,287.6359521775019,661,0,30,0.40488710176306836,0.008934959033467749,3.9898284842347063,304.53627309345063,1.5100401207554937,"{""type"":""Point"",""coordinates"":[82.44132936825567,20.513231102523243]}"
1611,245.31573718650077,2025-05-01,283.91233099074594,719,0,10,0.5674188222344524,0.013949169972875097,2.2197987090430926,300.9528932571411,0.8869843483795743,"{""type"":""Point"",""coordinates"":[84.16544650342718,23.185561590701855]}"
1612,227.12569737234514,2025-05-01,289.284180414109,219,0,30,0.1019522776572668,0.0022950761112952023,1.3629138083234158,305.90479174114404,1.3969129644333937,"{""type"":""Point"",""coordinates"":[83.88030363263053,21.809845252706484]}"
1613,49.66374550496436,2025-05-01,294.2526397705078,630,0,30,0.659860360953761,0.025559394815900305,6.421132993308589,301.01095222291497,1.5990549108362235,"{""type"":""Point"",""coordinates"":[84.22112671319648,19.352112067854502]}"
1614,352.1565608909811,2025-05-01,292.13303411574594,817,0,10,0.7893162393162393,0.02024421022269962,23.806945295543475,300.0683310826619,1.464699530281222,"{""type"":""Point"",""coordinates"":[84.00253777384857,19.777557531534985]}"
1615,353.2337908721109,2025-05-01,288.7125309535435,253,0,10,0.4177346278317152,0.0024793587717795162,4.195467678230674,307.0278851191203,1.9546031177886343,"{""type"":""Point"",""coordinates"":[80.21655136791702,20.52826824244746]}"
1616,74.87471655068381,2025-05-01,291.4825446719215,810,0,40,0.15728395061728395,0.021747901299931982,3.5500015469842556,300.4243404297602,1.3582249206776327,"{""type"":""Point"",""coordinates"":[82.76912626867477,18.91020929725025]}"
1617,76.76575758922797,2025-05-01,290.1215246291388,280,0,10,0.3980521520578071,0.004755585649945715,4.044637816861693,306.41261005401617,1.7439859576798358,"{""type"":""Point"",""coordinates"":[80.297368436372,19.827749971867746]}"
1618,242.02936726845365,2025-05-01,284.0439169747489,371,0,10,0.36049382716049383,0.0053537629637503414,3.948761645996146,305.42825249263217,1.1864299740725586,"{""type"":""Point"",""coordinates"":[80.67633109169117,21.667879484620993]}"
1619,72.92585288508008,2025-05-01,284.07718985421315,611,0,40,0.226385877980799,0.010630517462232092,3.1557370430395566,302.14335200900126,0.5165795796074317,"{""type"":""Point"",""coordinates"":[83.6266333642744,22.86300234187415]}"
1620,205.12471693823508,2025-05-01,294.08007303873694,263,0,10,0.5011626483906498,0.02592956946227787,4.599959928672619,303.63767283303406,1.1864049509028154,"{""type"":""Point"",""coordinates"":[82.2004497333016,18.607905183098623]}"
1621,82.95455520176283,2025-05-01,292.45504397437685,631,0,30,0.5237278444825615,0.016947775343396643,11.197754388484011,302.69696412767684,1.7644703787068334,"{""type"":""Point"",""coordinates"":[81.31611371022728,18.64451816091218]}"
1622,332.0998408047787,2025-05-01,291.39189874558224,548,0,40,0.17488208637750854,0.012553527215459326,1.0493603346142713,303.0118009022304,2.06758511019065,"{""type"":""Point"",""coordinates"":[82.17183419478555,19.20842605730126]}"
1623,270.0,2025-05-01,288.6512458437965,315,0,40,0.2437623969099071,0.004271178701856115,2.4770894265458483,306.77048533303395,2.149393183586646,"{""type"":""Point"",""coordinates"":[81.66215353780018,20.693310746902757]}"
1624,64.57992915772999,2025-05-01,294.4381575811477,84,0,40,0.24988942945599293,0.003708317140080908,1.0802302832968909,306.25865613846554,2.0765250621414455,"{""type"":""Point"",""coordinates"":[80.78730427728891,18.098069094506865]}"
1626,180.0,2025-05-01,282.7806171235584,586,0,40,0.2983260263053009,0.004439248898961523,1.8543341688414132,303.6727651414417,0.6123043768301852,"{""type"":""Point"",""coordinates"":[82.10018133974849,23.319996457206866]}"
1627,15.235118848187284,2025-05-01,280.9067622593471,563,0,30,0.1987060998151571,4.92214420773962E-4,1.9218276220530655,305.47283140818274,1.3754539405239947,"{""type"":""Point"",""coordinates"":[80.4546709196411,23.37463260886882]}"
1628,346.0877759909209,2025-05-01,284.8991357712519,518,0,10,0.2414280664545776,0.0014443092140936642,18.014589606062856,305.98611963362924,1.6381365822923066,"{""type"":""Point"",""coordinates"":[80.68267594713214,21.307412591012742]}"
1629,312.88935009204215,2025-05-01,287.5481894356864,212,0,10,0.32831213730090136,0.0061079852375769406,0.6813606176758736,306.3561263765608,1.4912189983860888,"{""type"":""Point"",""coordinates"":[83.31278959884278,21.734197072116746]}"
1630,79.39907965573167,2025-05-01,287.8928927466983,416,0,30,0.2858776443682104,0.0030130140576147824,2.519181396133541,306.4515795480637,2.281691070785586,"{""type"":""Point"",""coordinates"":[80.75538409147966,20.640731997934328]}"
1631,180.0,2025-05-01,289.59036182221905,191,0,10,0.5220633934120572,0.0031407170090460568,0.9274099368670311,307.25891771770654,1.755837502822196,"{""type"":""Point"",""coordinates"":[83.36683202608303,20.805228728886114]}"
1632,270.0,2025-05-01,288.39373561314176,315,0,40,0.1992282958199357,0.002673938134648779,0.49592906077728865,306.7407699312483,2.31222578473337,"{""type"":""Point"",""coordinates"":[81.40514775508666,20.758898018088438]}"
1633,270.0,2025-05-01,281.60853286016555,473,0,40,0.22101751459549623,0.006415545204617956,2.5301181951153553,304.82712595803395,0.7167260843787675,"{""type"":""Point"",""coordinates"":[81.63997202048924,23.673248233672886]}"
1634,47.101164019801516,2025-05-01,289.366200038365,310,0,10,0.5017462165308498,0.0024212293419623165,17.179052584423797,305.8878065290905,1.357456797904789,"{""type"":""Point"",""coordinates"":[83.99287143681472,21.686835613667967]}"
1635,143.86348343478545,2025-05-01,282.28865051269526,364,0,40,0.19225449515905949,0.001566111305692175,1.7221309630337442,305.1086956659953,0.6923093610946062,"{""type"":""Point"",""coordinates"":[81.2922690032213,24.07608177503498]}"
1636,-0.0,2025-05-01,288.5218513125465,197,0,40,0.1992373689227836,0.00788001642558811,0.463735342881014,306.83790883563813,1.5050476148933163,"{""type"":""Point"",""coordinates"":[83.06003905763974,20.95297952573731]}"
1637,176.48572052278905,2025-05-01,289.5970233735584,321,0,10,0.29869172655242304,0.002708479026296118,15.844986284867645,305.8690367653257,1.1037130655760998,"{""type"":""Point"",""coordinates"":[84.2245011949115,21.4920002367312]}"
1638,175.96087313950994,2025-05-01,292.2129204159691,674,0,10,0.3767400089806915,0.04590520189140079,13.68093192041851,300.36041627611434,1.1621396769847447,"{""type"":""Point"",""coordinates"":[83.17957004767482,19.24637237180538]}"
1639,139.33152428268517,2025-05-01,282.1130727132162,476,0,10,0.5031088082901555,0.00638639853332279,8.49681205774929,304.27268841153096,0.7304817953001919,"{""type"":""Point"",""coordinates"":[81.91853619640366,23.86603660603937]}"
1640,12.336716818449128,2025-05-01,285.8607650030227,341,0,40,0.19125471606849181,0.0054387591872000485,2.3721786249534396,304.413790067037,0.7590939903198062,"{""type"":""Point"",""coordinates"":[82.76133062874547,23.86949698396663]}"
1641,169.29195435544403,2025-05-01,294.0402664911179,549,0,10,0.4756956084478713,0.04679462240073917,24.763410950481294,301.64338107336135,1.1634967468353323,"{""type"":""Point"",""coordinates"":[83.25582433203185,19.207704103746853]}"
1642,47.354534779527896,2025-05-01,284.31165786016555,640,0,10,0.320057269295848,0.011265053609349707,3.41861596586767,301.9661466053554,0.5348539137492759,"{""type"":""Point"",""coordinates"":[83.66484159250243,22.92532547942243]}"
1643,-0.0,2025-05-01,294.0762714204334,317,0,80,-0.012327231976092642,0.021479173758962133,0.0,302.20885145096554,0.9207303840715515,"{""type"":""Point"",""coordinates"":[81.90415203916805,17.98194360477189]}"
1644,216.9359557393428,2025-05-01,292.0524212065197,893,0,40,0.31721194879089615,0.06047186181876896,4.05450596296314,298.1557857422602,0.977700395135518,"{""type"":""Point"",""coordinates"":[82.74740742840527,18.17694293091626]}"
1645,180.0,2025-05-01,282.8935902913411,638,0,10,0.49204328453214513,0.0059764377865576535,2.3174627380815918,303.49893701644174,0.8855050747999001,"{""type"":""Point"",""coordinates"":[83.33883910682101,23.559842440709815]}"
1646,-0.0,2025-05-01,291.78788902646016,912,0,30,0.4015949871831387,0.030456259110906103,2.7802885155287553,299.4608743304298,1.0246391792232998,"{""type"":""Point"",""coordinates"":[82.70056196083638,18.44824624008326]}"
1647,199.4736637874859,2025-05-01,291.0213920956566,597,0,40,0.29771689497716897,0.019712954023816565,1.4753251495667272,302.95450923556376,2.3037516053082143,"{""type"":""Point"",""coordinates"":[82.20905282270115,19.493219764311096]}"
1648,103.31194486159788,2025-05-01,292.5777827671596,308,0,10,0.5892392247613538,0.008969797948338964,2.0132435500843635,304.43151932670963,1.5438785064186318,"{""type"":""Point"",""coordinates"":[80.91487299790342,18.837260718041595]}"
1649,25.690948442912312,2025-05-01,294.00498817080546,804,0,30,0.6768373573892279,0.04963403866622684,16.509746556436014,301.2250926154,0.9682011530449305,"{""type"":""Point"",""coordinates"":[83.27060474882906,19.115762371889446]}"
1650,28.37424825794143,2025-05-01,284.7738625662667,289,0,40,0.32166301969365424,0.006611912706830481,1.0540130645056494,305.5415511812483,0.9035142867019568,"{""type"":""Point"",""coordinates"":[81.8318006174819,22.222093016372522]}"
1651,302.3548633166528,2025-05-01,294.0170382545108,80,0,50,0.466366591647912,0.0025003843102240353,1.7325765266782833,306.46574551718584,2.063597040878289,"{""type"":""Point"",""coordinates"":[80.63268902108176,18.144240811465814]}"
1652,321.63099228382214,2025-05-01,293.21323431105844,159,0,10,0.5033131662345145,0.006961851576306799,2.364616374340635,305.80070064181376,1.6301017949884677,"{""type"":""Point"",""coordinates"":[80.66437660112456,18.68065996251249]}"
1654,90.0,2025-05-01,280.79777090890065,466,0,30,0.14884574519462956,0.0024969272408270626,1.0101177763420157,304.92352662767684,1.4048582840543258,"{""type"":""Point"",""coordinates"":[80.95417170605491,23.34921146333978]}"
1655,39.526653971335385,2025-05-01,294.47630746024,616,0,30,0.6725534457575355,0.023108571032025793,15.818630205113276,301.515352567037,1.5153607849257325,"{""type"":""Point"",""coordinates"":[84.34179772379433,19.50311087600729]}"
1656,344.08552925508747,2025-05-01,292.1720326741536,778,0,10,0.6365786361844699,0.022481217244603613,12.343365788095223,302.2605918248495,1.5254105427967863,"{""type"":""Point"",""coordinates"":[81.23142064519692,19.224401697159685]}"
1657,281.4797781823317,2025-05-01,291.40460568382633,917,0,30,0.5111904434985582,0.025608345130422094,6.9559847066233775,300.0047208241054,1.2782713037986941,"{""type"":""Point"",""coordinates"":[82.52392741853716,18.60688460555174]}"
1658,-0.0,2025-05-01,285.0611172630674,561,0,10,0.4848737163474882,0.00938869939182041,2.7802885155287553,302.6681729725429,0.5128186102615693,"{""type"":""Point"",""coordinates"":[83.79095173399575,22.774173484213765]}"
1659,-0.0,2025-05-01,292.99163019089474,270,0,10,0.31873307429647946,0.013158186534383276,0.0,303.19016888028096,0.9295682517710561,"{""type"":""Point"",""coordinates"":[82.20469461965723,18.419929577416966]}"
1660,336.1764124623067,2025-05-01,294.16324942452576,821,0,30,0.6452790818988002,0.02333348915908573,6.060575867461851,300.99511214665006,1.573562989227378,"{""type"":""Point"",""coordinates"":[84.18886879470223,19.324915469441468]}"
1661,-0.0,2025-05-01,283.0739172072638,460,0,40,0.3156177156177156,0.00621700213287113,0.463735342881014,304.013184365772,0.9765305552140483,"{""type"":""Point"",""coordinates"":[83.26310673131427,23.660018272192023]}"
1662,301.3572999865735,2025-05-01,280.6893375941686,394,0,30,0.2030626894241506,6.162218842291622E-4,7.092968946253174,305.7418336868286,1.0330217086280542,"{""type"":""Point"",""coordinates"":[80.45814559036569,23.92620437592912]}"
1663,-0.0,2025-05-01,289.0564960298084,333,0,10,0.5760467980295566,0.004377125957944372,0.463735342881014,306.23502681368876,1.9097946688136418,"{""type"":""Point"",""coordinates"":[80.51401308282541,20.21248042771533]}"
1664,213.57297170505694,2025-05-01,289.891846429734,876,0,10,0.5650909090909091,0.01028257534835575,24.999280088540477,303.7455306734358,1.4708916315288543,"{""type"":""Point"",""coordinates"":[83.06592300386838,19.667093639020543]}"
1665,115.00411631223756,2025-05-01,288.33302016485305,324,0,10,0.42309331060928845,0.006263732174375036,1.0970121610880352,306.0957271485102,1.9894008125103382,"{""type"":""Point"",""coordinates"":[82.23047524359208,21.125754856242192]}"
1666,340.3562573015565,2025-05-01,287.9937809535435,362,0,10,0.31663474289082066,0.006056144097783545,1.4768811642919413,306.1505076544625,1.9926184412520453,"{""type"":""Point"",""coordinates"":[82.29899387007502,20.95618439541825]}"
1667,90.0,2025-05-01,296.30246189662387,105,0,10,0.586559857587895,0.011781393745877722,0.4898023956902986,304.00136679694776,1.3461468478772236,"{""type"":""Point"",""coordinates"":[83.52476240517024,18.776846575252776]}"
1668,35.511070990128715,2025-05-01,289.14680480957026,163,0,30,0.22775175644028103,0.002634122231938818,1.7086220432913368,307.6155316034953,1.6986476796903087,"{""type"":""Point"",""coordinates"":[83.55109427336879,20.89260506851525]}"
1669,162.49732522409138,2025-05-01,294.43764604840965,502,0,10,0.4769125915828932,0.020093499878385046,4.85095372121365,303.1828097842989,1.114711780338643,"{""type"":""Point"",""coordinates"":[81.75146681805293,17.950942294986298]}"
1670,65.21790761486389,2025-05-01,285.8653571719215,420,0,10,0.3069842988630211,0.0035870812926077633,1.1062091356403714,303.6779502232869,0.4991883685045325,"{""type"":""Point"",""coordinates"":[84.20566851052526,22.575734573401792]}"
1671,305.31325926657826,2025-05-01,289.1356092180525,374,0,10,0.32682331400671344,0.00683459565971134,19.292771727054163,306.54782908303395,1.587094574783291,"{""type"":""Point"",""coordinates"":[83.09367726495499,20.76029279979581]}"
1672,237.6965805316412,2025-05-01,297.84153602236796,26,0,40,0.2915129151291513,0.009708105782010534,1.73503474643397,303.395002864656,3.1166502171654815,"{""type"":""Point"",""coordinates"":[84.1466128507858,18.4882588312235]}"
1673,159.53208709807097,2025-05-01,290.14556666782926,273,0,10,0.5782608695652174,0.0023428641352438717,9.803116185026358,304.7218083427066,1.5484981825770878,"{""type"":""Point"",""coordinates"":[83.6696464180177,20.328775788837408]}"
1674,63.12572273763764,2025-05-01,290.89045134044824,660,0,10,0.5527950310559007,0.012890114644505957,20.607004346434554,303.9295255116054,1.2484096696959779,"{""type"":""Point"",""coordinates"":[83.2955868784369,19.757364969534247]}"
1675,90.0,2025-05-01,290.6007436116536,193,0,30,0.401664476565922,0.0019894830975317745,1.4856641249541056,306.9278455915906,2.0184164915624185,"{""type"":""Point"",""coordinates"":[83.47050021642569,20.57145292252178]}"
1676,226.4556995307368,2025-05-01,294.3531850179037,147,0,10,0.6872448979591836,0.009894161680676916,3.3619023235618104,304.70400932856967,1.1249877920703832,"{""type"":""Point"",""coordinates"":[81.77194340897519,18.11512258115867]}"
1678,312.8714194143515,2025-05-01,289.284180414109,230,0,40,0.20181268882175227,0.0022950761112952023,0.6815902565973763,305.90479174114404,1.3969129644333937,"{""type"":""Point"",""coordinates"":[83.86115698203042,21.82448827283985]}"
1679,90.0,2025-05-01,295.15112958635603,145,0,80,0.37467134092900967,0.0166162990126395,1.4712575942485673,302.61167766934346,1.2679887833303318,"{""type"":""Point"",""coordinates"":[83.44990430357889,19.020448368898972]}"
1680,252.88733388425567,2025-05-01,283.51654997326074,590,0,10,0.7485628592851787,0.010686918357350805,1.5756194561794077,304.74234521956674,0.8934967376233494,"{""type"":""Point"",""coordinates"":[81.74807557828467,22.53507726966177]}"
1681,19.3049093794377,2025-05-01,293.62063525971917,771,0,10,0.7560466330259266,0.05271606073711155,4.413616483593968,298.61579318273635,0.9689287798644881,"{""type"":""Point"",""coordinates"":[82.4016569749921,17.901615752722705]}"
1682,-0.0,2025-05-01,290.925049554734,145,0,40,0.16298494340037367,0.0020028643402838497,0.0,306.63912605103997,0.7543735903522887,"{""type"":""Point"",""coordinates"":[84.22111069609768,20.992758707296627]}"
1683,270.0,2025-05-01,281.5522700718471,519,0,10,0.45486883059137395,0.004466681936719397,2.0239755086146927,304.252442178272,0.600669347080347,"{""type"":""Point"",""coordinates"":[81.9016219170552,23.633907937640892]}"
1684,238.36243921701674,2025-05-01,281.9040708996001,642,0,10,0.4482200647249191,0.0040240876469397335,8.771743154331475,304.57519027165006,1.1128193036496035,"{""type"":""Point"",""coordinates"":[80.93198415977363,22.45724542219454]}"
1685,252.94803158470216,2025-05-01,282.9479697091239,515,0,30,0.2630936641920065,0.006411641100385168,6.30031994542044,303.49279281071256,0.7581346061039005,"{""type"":""Point"",""coordinates"":[82.82122661347282,23.049106577520355]}"
1686,85.53158215471142,2025-05-01,289.0274432954334,406,0,40,0.22174226061915048,0.0026600651535773068,5.9310791139138,306.4813705171858,2.3055654506464984,"{""type"":""Point"",""coordinates"":[81.48503967415581,20.320044405890823]}"
1687,112.9292826448005,2025-05-01,294.0224907284691,370,0,10,0.3295158771473191,0.023956730226018408,24.56291900911936,302.4630483445667,1.3615562065085836,"{""type"":""Point"",""coordinates"":[83.53885208337994,19.579086449829727]}"
1688,321.5569951019908,2025-05-01,291.5397433326358,578,0,30,0.2628026070763501,0.01611840651366947,2.367035864814765,302.42654932112924,1.9450048879889275,"{""type"":""Point"",""coordinates"":[82.42350836014809,19.124339444218013]}"
1689,324.3605842694688,2025-05-01,285.58554876418344,283,0,40,0.20519605484724562,0.0037143372092032223,1.7113602448844147,306.3052521206083,1.5312842829047915,"{""type"":""Point"",""coordinates"":[81.28762160297293,21.59075092112938]}"
1690,46.54681364144917,2025-05-01,293.006592523484,310,0,10,0.40932347924957363,0.009642749289014318,2.022006812058923,304.6629239491054,1.6205840801976352,"{""type"":""Point"",""coordinates"":[80.90445415123776,18.663983001917362]}"
1691,157.02125204794376,2025-05-01,291.28615679059715,198,0,40,0.20100990483589046,0.005998402098157385,2.516956847256585,306.3982522601173,1.6519794754649026,"{""type"":""Point"",""coordinates"":[80.36280736320077,19.383855944347747]}"
1692,6.880018275097303,2025-05-01,284.71691385904944,744,0,30,0.40645773979107314,0.004871889213063696,4.196461371523862,301.6935752232869,0.9226937683188826,"{""type"":""Point"",""coordinates"":[84.30359046372244,22.94685049425218]}"
1693,290.1117016254947,2025-05-01,282.5080806187221,594,0,10,0.25382335506816833,0.009368702033498266,2.695369064314747,303.96682671138217,0.8639107833314688,"{""type"":""Point"",""coordinates"":[82.35860245029902,23.72989866207931]}"
1694,51.62819354902059,2025-05-01,281.37427411760603,643,0,10,0.5266889632107024,0.0026257775816702633,4.4732390279656284,304.0825551805042,1.2485800399027995,"{""type"":""Point"",""coordinates"":[81.06243280929536,22.518098487788567]}"
1695,106.48170482800798,2025-05-01,292.57028997512094,1258,0,30,0.21691302853214162,0.03749670014713047,15.922818316515386,300.24760005587626,0.6496207394826627,"{""type"":""Point"",""coordinates"":[83.06596746593989,18.77766252686614]}"
1696,218.3887311019772,2025-05-01,292.88248770577565,531,0,10,0.6120235512860241,0.022850989559628943,4.722486564767789,302.58689158303395,1.6739892909132172,"{""type"":""Point"",""coordinates"":[81.90891477746133,18.800093813288644]}"
1697,324.58593251745776,2025-05-01,288.6911802746001,443,0,30,0.1419753086419753,0.003511025765874365,1.7065639748603711,305.9575609933762,2.241778033054438,"{""type"":""Point"",""coordinates"":[81.73504912842729,20.34729725464377]}"
1698,230.4945152637559,2025-05-01,290.60373142787387,1102,0,10,0.5458229426433915,0.018809586027600744,14.959249337230686,302.41342966897145,1.1866897220223942,"{""type"":""Point"",""coordinates"":[83.1770131198418,19.560915889318213]}"
1699,8.88035266639067,2025-05-01,281.8695773170108,391,0,30,0.28129660932683703,9.720765146994381E-4,3.282008900106568,305.11210200900126,0.8574934747733329,"{""type"":""Point"",""coordinates"":[80.99221986667082,23.891197847560512]}"
1700,90.0,2025-05-01,286.88608587355833,309,0,30,0.15449026585723258,0.006458698967435339,5.063687680366847,304.50405815669467,0.7717220950570637,"{""type"":""Point"",""coordinates"":[82.87620500510803,24.01491049991826]}"
1701,-0.0,2025-05-01,286.11817641485305,287,0,40,0.16183006535947714,0.0032962702307486325,0.0,306.54249867938813,1.7693136073524351,"{""type"":""Point"",""coordinates"":[81.21316087422314,21.413403042831504]}"
1702,33.23453985572978,2025-05-01,281.4454759870257,520,0,10,0.45441834451901564,9.240351710104733E-4,2.769997811817994,304.850098428272,0.9892898698797352,"{""type"":""Point"",""coordinates"":[80.9897328378538,23.69640989355006]}"
1703,165.22978243274568,2025-05-01,297.468279883975,52,0,40,0.24706943192064923,0.013759165266492346,1.917656128370697,304.0179509208316,2.2922360180932264,"{""type"":""Point"",""coordinates"":[83.71603179524824,18.521335717387263]}"
1704,226.53876731759695,2025-05-01,293.41354588099887,364,0,10,0.5453431372549019,0.010379298785665014,1.3481157468265192,304.7248019717989,1.7041651188449913,"{""type"":""Point"",""coordinates"":[81.0371961306067,18.616305622359558]}"
1705,243.86944503180484,2025-05-01,289.60202244349887,379,0,10,0.5019693654266958,0.001986696580388525,11.428611022764056,305.9390179316203,1.525421061825251,"{""type"":""Point"",""coordinates"":[83.89181550308987,20.525032428362685]}"
1706,320.9200524302676,2025-05-01,283.54734656924296,368,0,40,0.258184832159138,0.01226316318843601,2.3882340080276934,304.08067180996846,0.6844012778791265,"{""type"":""Point"",""coordinates"":[82.08370074432709,22.551836175603555]}"
1707,132.71999170660445,2025-05-01,281.79266139439176,613,0,40,0.1562397641663937,0.003292977074124792,3.413809002968828,304.5993892578851,0.92918563781988,"{""type"":""Point"",""coordinates"":[80.65717573157005,22.568842739343758]}"
1708,180.0,2025-05-01,282.6820308140346,571,0,40,0.20765139116202946,0.011897742012479284,0.9274099368611016,303.3269108817691,0.8251387902585295,"{""type"":""Point"",""coordinates"":[82.35497490911526,23.299956152898027]}"
1709,213.01309384210978,2025-05-01,285.4966990152995,361,0,10,0.36617716721932736,0.014317556479909399,2.763031969779362,304.4480336961292,0.538026447953734,"{""type"":""Point"",""coordinates"":[82.53708351323898,22.563290838717876]}"
1710,27.815869884894834,2025-05-01,292.6845129103887,325,0,20,0.3522187653512363,0.004387228945233801,5.228746100446932,305.7118915830339,1.81266829352693,"{""type"":""Point"",""coordinates"":[80.57577354385766,18.612722370320707]}"
1711,-0.0,2025-05-01,287.2739962623233,252,0,40,0.4912331969608416,0.0076866887602591305,0.0,305.81600593385247,1.3346063813399713,"{""type"":""Point"",""coordinates"":[81.89634799903307,21.81627582587698]}"
1712,27.7816900097386,2025-05-01,296.00776091076074,101,0,40,0.2452253628724217,0.016193314650990942,3.141843768285074,303.8659210659209,1.3206398861060062,"{""type"":""Point"",""coordinates"":[83.28751816165571,18.36431097024736]}"
1713,301.4560922812218,2025-05-01,284.2837211972191,633,0,40,0.3016181229773463,0.012622728208043554,1.7767605482401003,301.3425649461292,0.7722974042020926,"{""type"":""Point"",""coordinates"":[84.1634068434085,23.419971814050825]}"
1714,270.0,2025-05-01,288.104004632859,237,0,40,0.17148463047743623,0.016304238894917944,1.4982473675184687,305.70636354173934,1.426714953909362,"{""type"":""Point"",""coordinates"":[82.61757042535291,21.81909955497837]}"
1715,-0.0,2025-05-01,294.06448291596917,159,0,10,0.38340310268406796,0.007008790234067419,1.8543341688295631,305.68899468013217,1.8707575353833015,"{""type"":""Point"",""coordinates"":[80.89248870047089,18.44795606732402]}"
1716,143.0618674002889,2025-05-01,290.78615679059715,171,0,10,0.49262366213479897,0.002508907774426916,5.782293869579249,306.3695541109358,1.113330788349583,"{""type"":""Point"",""coordinates"":[83.94971048349775,21.405605743713977]}"
1717,289.19846594950985,2025-05-01,289.0481313069661,287,0,10,0.5296324081020255,0.00334815607402561,4.2230580055421205,305.96533861614404,1.3564301153833727,"{""type"":""Point"",""coordinates"":[83.74927511021649,21.789782694300133]}"
1718,107.5523973316276,2025-05-01,294.23736935570133,199,0,20,0.4186870062653228,0.017088919142224768,1.537361468370886,304.67860126495356,1.8186105717754624,"{""type"":""Point"",""coordinates"":[81.18005884568753,18.393334023499648]}"
1719,107.33359926337799,2025-05-01,290.0110568091983,385,0,10,0.41168124852210924,0.004476129272916296,3.110009783863309,306.06762191227506,1.3033813343864995,"{""type"":""Point"",""coordinates"":[84.06942586918741,20.556348277572337]}"
1720,107.27289301430989,2025-05-01,286.4606243315197,337,0,40,0.3112359550561798,0.002516537168958166,1.5614500778774816,306.702625865028,1.7854342414236568,"{""type"":""Point"",""coordinates"":[80.43578133178337,21.11828827288394]}"
1721,154.95772956421564,2025-05-01,291.93754141671315,546,0,10,0.7087252675964969,0.02200253234241245,12.589946384756518,302.4873984654744,1.1419848191208994,"{""type"":""Point"",""coordinates"":[83.33977970549036,19.64898718728098]}"
1722,312.5786930134843,2025-05-01,282.1398061116537,563,0,40,0.2326061000759796,0.0072835974488043576,1.3705454270578097,303.44041883377804,0.7655865343284948,"{""type"":""Point"",""coordinates"":[83.09688431195376,23.239968685404182]}"
1723,65.32305796657442,2025-05-01,282.11482238769526,506,0,30,0.20902419135634684,0.0034702561888479977,4.434181307548134,304.5794743583316,0.910812092378399,"{""type"":""Point"",""coordinates"":[81.55320532006756,23.230631623081184]}"
1724,320.65562994677794,2025-05-01,282.3693331763858,456,0,30,0.29832810867293624,0.0035823725256705075,4.786103400613203,304.7563426154,0.7073302393749705,"{""type"":""Point"",""coordinates"":[81.3640595317263,23.81228670813264]}"
1725,194.78642065646676,2025-05-01,293.1147061302549,427,0,10,0.6746119733924612,0.008364393571355322,11.359864003053112,305.186024302528,1.6143833862789922,"{""type"":""Point"",""coordinates"":[80.84217141653225,18.716011802120907]}"
1726,208.48379854949715,2025-05-01,283.250489007859,583,0,10,0.35075653370013754,0.006228267410733679,1.055104364388217,303.17621217455184,0.9100473945546279,"{""type"":""Point"",""coordinates"":[81.89743166619614,22.852532234187795]}"
1727,2.1357361742319707,2025-05-01,284.01670692080546,437,0,10,0.38698224852071006,0.0086747102532172,13.218352431214594,304.8157327288673,0.7823086711548282,"{""type"":""Point"",""coordinates"":[81.9345432991177,22.384959327068724]}"
1728,61.832701455113984,2025-05-01,289.9391980852399,258,0,40,0.2828307392996109,0.006354495147206762,3.923505054009147,306.49707108452213,1.9558196602672313,"{""type"":""Point"",""coordinates"":[83.04140378833233,20.43728767986389]}"
1729,23.451331201570618,2025-05-01,281.4866194952102,787,0,30,0.24038213271365866,0.004464983204343298,2.525865426580614,302.8559636161441,1.2472589005477492,"{""type"":""Point"",""coordinates"":[81.14749068666343,22.768403170425135]}"
1730,119.19541635479226,2025-05-01,285.440918695359,306,0,50,0.40926908000922296,0.0021101676020407467,2.8497703526982363,306.7463851656233,1.288711156771453,"{""type"":""Point"",""coordinates"":[80.38334485748354,21.362534116995814]}"
1731,61.07094716615749,2025-05-01,283.92861865815667,804,0,30,0.37890974084003576,0.006751760104634741,11.353361176629072,301.2928532645816,0.7922465763878518,"{""type"":""Point"",""coordinates"":[84.05630514118012,22.905102778931404]}"
1732,227.4065926148934,2025-05-01,282.56976100376676,540,0,40,0.257136678200692,0.007926776269414404,0.685179293188209,303.41771956852506,0.8221222304093097,"{""type"":""Point"",""coordinates"":[82.91994770655248,23.170778239272074]}"
1733,337.45392699089217,2025-05-01,281.21023486909417,590,0,10,0.2380172060630889,0.003252013782002905,16.59222142216055,304.5202818825132,1.0137537826717202,"{""type"":""Point"",""coordinates"":[80.55925766178238,22.929087718627184]}"
1734,245.1197934017253,2025-05-01,286.7161174955822,217,0,60,0.11653543307086614,0.005735456207730749,3.3031154276239705,306.0550137928554,1.3753782573121107,"{""type"":""Point"",""coordinates"":[83.21275290769586,21.94730163239169]}"
1735,245.39078400597543,2025-05-01,280.7900223504929,417,0,40,0.2447118891320204,5.241774115347653E-4,2.2261383120898506,305.44082573481967,1.2902156494185717,"{""type"":""Point"",""coordinates"":[80.68774707178584,23.64322791302391]}"
1736,119.04401998918338,2025-05-01,283.57251630510603,378,0,40,0.3836441893830703,0.005492716291882971,5.712365487604855,305.39218362172454,1.083153870683203,"{""type"":""Point"",""coordinates"":[81.31778997679004,22.252442424993973]}"
1737,295.0114261406289,2025-05-01,290.34197780064176,179,0,10,0.4843297974927676,0.002547382572629431,1.0967122419523223,306.3055834543137,0.8542280965076595,"{""type"":""Point"",""coordinates"":[84.12320126003462,21.076741851210986]}"
1738,295.28561525540135,2025-05-01,290.6924358549572,829,0,30,0.4962199312714777,0.02115569935176609,7.555945938999408,300.4294034412929,1.3996419735020864,"{""type"":""Point"",""coordinates"":[82.93922592002123,19.128861916176444]}"
1740,195.03161556579562,2025-05-01,284.7481464204334,404,0,10,0.4535137494543867,0.0013327889237189083,1.91998383954928,306.20356173742385,1.4207407100628222,"{""type"":""Point"",""coordinates"":[80.64449290988081,21.415438799507637]}"
1741,222.39583576409356,2025-05-01,289.59725007556733,344,0,10,0.3511205976520811,0.004332184055783728,4.387072132879494,306.1734743118286,2.149288828750451,"{""type"":""Point"",""coordinates"":[80.74378922410123,20.14394332203125]}"
1742,208.33182815527775,2025-05-01,282.6846349807012,637,0,10,0.4108132394788078,0.0019652538094305783,1.0535921306059561,304.31734870728997,0.7975878205451996,"{""type"":""Point"",""coordinates"":[80.50607926760166,21.972645304146184]}"
1743,76.9704241957927,2025-05-01,287.2847210112072,380,0,40,0.31307637739418304,0.0034001313242697506,4.106833530431242,304.79409721919467,0.7494681429257359,"{""type"":""Point"",""coordinates"":[83.86430258490913,22.233459135840487]}"
1744,346.3931300476568,2025-05-01,280.9067622593471,553,0,10,0.2841923409156349,4.92214420773962E-4,8.525001133089448,305.47283140818274,1.3754539405239947,"{""type"":""Point"",""coordinates"":[80.46771712187046,23.35435643931314]}"
1745,63.483968566667606,2025-05-01,295.14324733189176,655,0,10,0.5415562139404335,0.023805438736417273,26.081593942171565,302.07786419278096,1.3752367727481227,"{""type"":""Point"",""coordinates"":[84.38517810877418,19.537086363162405]}"
1746,107.57336073670487,2025-05-01,293.9399886358352,149,0,10,0.4464506554538709,0.017359047392346838,1.5355861570462443,305.209688504537,1.867586781149997,"{""type"":""Point"",""coordinates"":[81.39082358759343,18.17267153161351]}"
1747,113.79159029867395,2025-05-01,294.7725662958055,442,0,10,0.6685361749859787,0.0145474068913245,15.689558359326698,302.4041465123495,1.3607366379526782,"{""type"":""Point"",""coordinates"":[83.61916802496717,19.1374743849617]}"
1748,180.0,2025-05-01,280.88085428873694,447,0,30,0.19073014641714342,3.2678172919986537E-4,4.166350197281316,305.50361056554885,1.3164470808225157,"{""type"":""Point"",""coordinates"":[80.429829490495,23.548085339526416]}"
1749,138.3188959704701,2025-05-01,287.8928927466983,381,0,40,0.24139405601881547,0.0030130140576147824,3.720336377566903,306.4515795480637,2.281691070785586,"{""type"":""Point"",""coordinates"":[80.81970612131997,20.620156776772294]}"
1750,215.00725302567938,2025-05-01,294.3453667050316,124,0,30,0.21914943062979317,0.004916026452519873,1.6980393109571883,305.93302486056376,2.2132541263865306,"{""type"":""Point"",""coordinates"":[80.76247060596073,17.853236807625382]}"
1751,251.86137644930295,2025-05-01,291.27792576381137,858,0,10,0.5501479776389345,0.024098768094518164,13.169677317044174,300.16983545394174,1.4906664609734726,"{""type"":""Point"",""coordinates"":[82.73942797836924,18.845764781167418]}"
1752,139.86942339034212,2025-05-01,297.84694199335,21,0,10,0.3632680621201891,0.014685078719594458,3.0298634593274416,303.5195843378703,3.207974220205872,"{""type"":""Point"",""coordinates"":[83.8453224183922,18.37764256365439]}"
1753,331.69437122186986,2025-05-01,287.7393341064453,255,0,40,0.19084724799010513,0.010888635376431921,1.0533326108274823,305.567354520162,1.449333586913797,"{""type"":""Point"",""coordinates"":[82.23125609553126,21.816340104101105]}"
1754,226.8357266741197,2025-05-01,289.55240958077565,550,0,10,0.56882874475035,0.0025969289335989743,9.405186886274054,304.36298556554885,1.5244502522209549,"{""type"":""Point"",""coordinates"":[83.8480179196418,20.29925861116427]}"
1755,224.58987272663754,2025-05-01,282.6702771868025,446,0,10,0.4387782928824652,0.006383984545209387,6.484082489579204,304.56761609940304,0.688256995941113,"{""type"":""Point"",""coordinates"":[81.73634377961392,24.080205927853697]}"
1756,301.9177471956001,2025-05-01,288.410156976609,299,0,40,0.6257826887661142,0.0032024376187109738,1.7537337528171368,306.4902002697899,1.9004687400984066,"{""type"":""Point"",""coordinates"":[81.95406756097834,20.882679589412138]}"
1757,34.35796902579826,2025-05-01,283.2457980201358,447,0,10,0.48284840937393864,0.007773562530019262,8.915443144327712,304.18545464106967,0.7558080332030956,"{""type"":""Point"",""coordinates"":[82.26366992075339,23.903826671015565]}"
1758,6.889805677334317,2025-05-01,280.4942982991536,781,0,10,0.16260928043039677,0.0017412446532034664,8.348546507450601,304.55582759493876,1.2741299937088966,"{""type"":""Point"",""coordinates"":[80.66156168144329,23.139745093875682]}"
1759,340.5205789021585,2025-05-01,291.83725774855844,671,0,10,0.5031703536705651,0.027668371060826757,7.338130995737146,302.4271945499239,1.7981150019815868,"{""type"":""Point"",""coordinates"":[81.21859871849114,19.545068223820753]}"
1760,100.4024658857978,2025-05-01,281.49561782110305,460,0,30,0.2797444769763109,0.0019398026261114865,2.5666340292255927,305.07451597849524,1.0414899486036195,"{""type"":""Point"",""coordinates"":[81.25241222563443,23.379708459558053]}"
1761,96.73845992221085,2025-05-01,290.6924358549572,782,0,30,0.5409241920869828,0.02115569935176609,7.854896812100018,300.4294034412929,1.3996419735020864,"{""type"":""Point"",""coordinates"":[82.90739182019023,19.050915102247053]}"
1762,337.01632848384355,2025-05-01,291.9077504475912,524,0,10,0.5920712438954323,0.026565551022031286,2.5170484561325313,302.2389679409208,1.7010545913536503,"{""type"":""Point"",""coordinates"":[81.2346359594731,19.422644488937745]}"
1763,-0.0,2025-05-01,287.0108359200614,292,0,40,0.17243463805349857,0.004515274623372534,0.4637353428839794,306.5374066034953,1.8442382165135496,"{""type"":""Point"",""coordinates"":[81.41846750335317,21.313417735520826]}"
1764,46.91013416192327,2025-05-01,288.56687200637094,324,0,40,0.19754464285714285,0.0032372020277762203,1.357424739139417,306.68536744798934,2.4057979258814526,"{""type"":""Point"",""coordinates"":[81.43043305666544,20.698502494155733]}"
1765,295.4180991019011,2025-05-01,294.4839571998233,179,0,10,0.4773134328358209,0.007285251477696875,1.0803084893396546,305.74579225267684,2.110276625543017,"{""type"":""Point"",""coordinates"":[81.0356667675021,18.113205459099948]}"
1766,207.83338834848215,2025-05-01,293.28111121768046,632,0,30,0.4017478152309613,0.024761139610745886,3.1433362786566397,303.26800323667976,1.6302596862893266,"{""type"":""Point"",""coordinates"":[81.69545978935056,18.737979527079858]}"
1767,232.31338791498,2025-05-01,282.9498065766834,572,0,10,0.37184004902711815,0.005528702596166113,3.787321483390242,304.92046324412024,1.1593976006780708,"{""type"":""Point"",""coordinates"":[80.793473048164,22.025002795818146]}"
1768,301.3688954865862,2025-05-01,279.7391190301804,418,0,40,0.1969208363674191,5.762122664236813E-4,1.7811909134986041,305.74216502053395,1.0439381572629147,"{""type"":""Point"",""coordinates"":[80.21860344932081,23.866746560425064]}"
1769,180.0,2025-05-01,288.60251072474887,284,0,40,0.21394326807830602,0.004293530443646887,0.9274099368611016,306.3988277344477,1.9298092557490196,"{""type"":""Point"",""coordinates"":[81.98286592477945,21.049919948317406]}"
1770,240.9772650681653,2025-05-01,285.01462009974887,354,0,40,0.26140602582496414,0.007375969747045019,2.865211811418792,305.2805241630191,0.7475605494602182,"{""type"":""Point"",""coordinates"":[82.89625856807397,22.37489266996228]}"
1771,332.26972363727464,2025-05-01,296.8041534423828,99,0,40,0.5922174840085288,0.031254022577741125,1.047720487223744,302.9545441127959,1.9588485767844108,"{""type"":""Point"",""coordinates"":[82.98105407948002,17.984293575408984]}"
1772,121.56199511893696,2025-05-01,284.38310387021016,480,0,10,0.27882549534495105,0.007788582900502661,3.5394495812213127,301.75405815669467,0.7267903312226471,"{""type"":""Point"",""coordinates"":[83.95640491387176,22.863687254870737]}"
1773,90.0,2025-05-01,292.6433345249721,307,0,10,0.5494129885569922,0.008823751667478064,2.4510323006974293,304.6145143508911,1.3641347571724702,"{""type"":""Point"",""coordinates"":[80.8998351292553,19.013202616688087]}"
1774,67.25749567908828,2025-05-01,281.24848937988276,869,0,10,0.5470785762256548,0.005266129234769323,5.9761266330291205,303.02124100639713,1.1595915024734331,"{""type"":""Point"",""coordinates"":[80.9647630077459,22.749964629647852]}"
1775,90.0,2025-05-01,291.665766398112,196,0,40,0.18882340100414757,0.003972127297856787,0.9880476568696898,306.10468478429885,1.582041986665582,"{""type"":""Point"",""coordinates"":[83.45757320305727,20.17893548371176]}"
1776,6.731457192981377,2025-05-01,290.3499414353143,573,0,30,0.5891680897779946,0.01980018542144535,8.345830154585276,303.3983743304298,2.2845491620745952,"{""type"":""Point"",""coordinates"":[82.53274497147801,19.715141615311268]}"
1777,90.0,2025-05-01,283.5707898821149,430,0,40,0.16808084660120126,0.017885237196423986,1.0116095851700329,303.83011958712626,0.8028042262183069,"{""type"":""Point"",""coordinates"":[82.82000268341409,23.544560971141905]}"
1778,358.2726424179859,2025-05-01,291.03150068010603,898,0,30,0.5210485736314572,0.02726781294677494,15.823513389686585,299.98034745170963,1.4666460140660278,"{""type"":""Point"",""coordinates"":[82.55487114325804,18.66333746337345]}"
1779,61.13717567126793,2025-05-01,280.79777090890065,509,0,30,0.2040133779264214,0.0024969272408270626,5.744893622216012,304.92352662767684,1.4048582840543258,"{""type"":""Point"",""coordinates"":[81.03462495103628,23.27195052303679]}"
1780,107.60359096724076,2025-05-01,294.0117369152251,567,0,30,0.46038208581271534,0.03872035370204685,6.110327742231764,300.44921370915006,1.0422977469018686,"{""type"":""Point"",""coordinates"":[82.0479238714888,17.849927029435097]}"
1781,270.0,2025-05-01,291.08923993791853,618,0,10,0.7876277271471969,0.027915283301808813,0.4920205671627334,302.74218827202213,2.370530156903685,"{""type"":""Point"",""coordinates"":[82.41134117267296,19.522446491712003]}"
1782,143.91472180804521,2025-05-01,282.52084568568637,398,0,40,0.22478024277940561,0.001389249423482397,1.721008521948001,304.9056113560994,0.7770348677754397,"{""type"":""Point"",""coordinates"":[81.17315060572152,23.833945489685107]}"
1783,54.72364751570377,2025-05-01,291.28615679059715,202,0,30,0.33807829181494664,0.005998402098157385,2.407562896516013,306.3982522601173,1.6519794754649026,"{""type"":""Point"",""coordinates"":[80.37492984226155,19.39923546020113]}"
1784,260.2425789875963,2025-05-01,292.2763097853888,284,0,10,0.30605670103092786,0.004147156337239721,5.456108225497506,305.9255495071411,1.707293691205711,"{""type"":""Point"",""coordinates"":[80.50971073342191,18.949543475556244]}"
1785,295.0837377504877,2025-05-01,288.3209700811477,385,0,10,0.5755377040684115,0.0033449672255301266,1.09375509490785,306.55315367380774,1.667923078640382,"{""type"":""Point"",""coordinates"":[82.14848841173983,20.58057454299512]}"
1786,344.72162467656517,2025-05-01,282.2649398077102,590,0,10,0.40700808625336926,0.009446620205380896,1.9222231152001392,304.5838340123495,0.8228236034269217,"{""type"":""Point"",""coordinates"":[82.17153858887262,23.765666121677466]}"
1787,90.0,2025-05-01,287.7564995175316,211,0,40,0.8150054171180932,0.00932662115428684,1.4970768456152264,306.1672894159953,1.5520264650028317,"{""type"":""Point"",""coordinates"":[83.11532017742515,21.706497981835753]}"
1788,318.88669575412473,2025-05-01,283.1141248430525,504,0,40,0.2679738562091503,0.008343174317815283,3.0746856159780926,303.90966874077213,0.7719164840260232,"{""type"":""Point"",""coordinates"":[82.92198965730068,23.562071263758053]}"
1789,270.0,2025-05-01,293.3628808884393,265,0,10,0.49054774600096945,0.022645577052571753,0.4896219179383411,303.39901374635247,1.5240888346043564,"{""type"":""Point"",""coordinates"":[81.91149621240446,18.715202312672975]}"
1790,160.40762547841365,2025-05-01,287.91485377720426,414,0,10,0.5871749002339343,0.003019212940671423,1.4764094914930148,306.1605464844476,2.034477799885884,"{""type"":""Point"",""coordinates"":[80.64064706131579,20.527662374684088]}"
1791,90.0,2025-05-01,294.4724128359841,640,0,10,0.572098152743314,0.01885759756896732,4.423612993008528,301.6760842913673,1.3919454372335383,"{""type"":""Point"",""coordinates"":[84.15766358492682,19.6723669624876]}"
1792,313.16150359944754,2025-05-01,289.0184275309245,249,0,10,0.3298170430196143,0.0027800195011877804,1.355614576325106,307.3144945871262,2.0274136389334956,"{""type"":""Point"",""coordinates"":[80.21209867313603,20.31507208625012]}"
1793,270.0,2025-05-01,285.86001514253167,260,0,40,0.41778245825184296,0.0048828862700247555,2.0016549763837097,305.9910140718733,1.1135643606828474,"{""type"":""Point"",""coordinates"":[83.47774257290625,22.127423230460636]}"
1794,295.34721744753307,2025-05-01,292.47373235793344,345,0,10,0.4039891818796484,0.003211497524716833,2.1654829913129805,306.13934112730476,1.8276339247696851,"{""type"":""Point"",""coordinates"":[80.49418943177251,18.66421719772192]}"
1795,107.20145431545801,2025-05-01,288.8935902913412,238,0,10,0.44669438111841225,0.0025536708626532345,1.5677345164616086,305.86807182856967,1.3435575636932124,"{""type"":""Point"",""coordinates"":[84.32025982864275,21.760791728419115]}"
1796,336.6256658958462,2025-05-01,285.6489555722191,354,0,40,0.3154219434252574,0.007015391448476294,2.524397968176969,305.4826377232869,0.8727377483897366,"{""type"":""Point"",""coordinates"":[82.87481456832064,22.259339546426745]}"
1797,270.0,2025-05-01,291.70481145949583,745,0,10,0.5943791379543305,0.015383481243588903,5.909668208450936,301.58822273072735,1.1382758619634055,"{""type"":""Point"",""coordinates"":[84.2976439505648,20.22766588933225]}"
1798,57.309406142280196,2025-05-01,292.1557043166388,1179,0,10,0.5452918009308987,0.05149438903663395,20.538262722030037,298.6944994699387,0.9228964497347056,"{""type"":""Point"",""coordinates"":[82.56411100969248,18.23139245847333]}"
1799,203.11186448098212,2025-05-01,291.25953383672805,164,0,30,0.26873628096582003,0.002767428019978979,2.51944253344311,306.97105848221554,1.9138157526763544,"{""type"":""Point"",""coordinates"":[83.51213070274545,20.40590823109486]}"
1800,160.43179505792747,2025-05-01,290.9022456577846,166,0,40,0.2525798525798526,0.003974273065068701,1.4761880760198898,306.41190669650126,1.8146041816303096,"{""type"":""Point"",""coordinates"":[83.33234528960875,20.32241642598363]}"
1801,252.8112959237269,2025-05-01,284.67453802199594,314,0,40,0.18895269346458846,0.005987524250485876,1.5688617300756071,305.8423498698643,1.1492503291645588,"{""type"":""Point"",""coordinates"":[81.30595887815484,21.87364169191268]}"
1802,331.3994018620653,2025-05-01,290.16919599260603,698,0,10,0.5824237335572349,0.012732728579976538,19.77515502765057,304.4132785342989,1.800881055459452,"{""type"":""Point"",""coordinates"":[81.18840637150979,19.85457428048627]}"
1803,318.58800352644494,2025-05-01,291.6588432675316,326,0,10,0.3509306260575296,0.004399835327603796,3.704926863953251,306.62826179322747,1.8064142159511194,"{""type"":""Point"",""coordinates"":[80.29210651570925,19.12000741401693]}"
1804,27.92291751248438,2025-05-01,291.65019371396016,544,0,10,0.44696097248880357,0.017083241799809912,2.0984582656912387,303.05786210014713,2.0075097333485763,"{""type"":""Point"",""coordinates"":[81.53637811247377,19.365165706840866]}"
1805,313.30791459421135,2025-05-01,291.05592055547805,611,0,40,0.4925700365408039,0.02001814470622776,2.027434637061006,302.73473617008756,2.1191427813097263,"{""type"":""Point"",""coordinates"":[81.87796373570686,19.50468439432716]}"
1806,79.43276132893195,2025-05-01,286.30779811314176,373,0,40,0.34771784232365144,0.0022068016323828488,2.527108992280522,306.66477825528096,1.8571558006689914,"{""type"":""Point"",""coordinates"":[80.6335540300075,21.129320162286998]}"
1807,-0.0,2025-05-01,287.53748793829055,277,0,40,0.4170179135932561,0.013937144735791662,2.3174627380815918,305.7013063430786,1.6329209910335662,"{""type"":""Point"",""coordinates"":[82.91323472964037,21.470337842799815]}"
1808,251.5508494989537,2025-05-01,282.57511465890065,985,0,10,0.49427480916030536,0.011851354697682837,5.8412871488442955,301.96996566227506,0.7461901653308591,"{""type"":""Point"",""coordinates"":[83.744677599237,23.447604277349754]}"
1809,350.14937672875203,2025-05-01,283.2406013125465,676,0,10,0.4123602118893467,0.009564086059071997,11.605741350800102,301.5054997489566,0.4909788686529277,"{""type"":""Point"",""coordinates"":[83.40729107524399,22.861229664012026]}"
1810,100.48008338145485,2025-05-01,284.20119585309715,412,0,40,0.20721094073767096,0.006517484048345068,2.547860030351377,305.3901723680042,1.0139888168660665,"{""type"":""Point"",""coordinates"":[81.36591621340034,22.347231462270187]}"
1811,129.4084131876327,2025-05-01,285.158442179362,336,0,10,0.5147616691406894,0.009433492282369116,5.823759317312737,305.1512168248495,0.7155777217362609,"{""type"":""Point"",""coordinates"":[82.81047503857836,22.427343539531865]}"
1812,156.02021554182946,2025-05-01,281.136963617234,766,0,10,0.4503912363067293,0.005448519447782019,8.564046454509867,304.0386505581084,1.1632388925840096,"{""type"":""Point"",""coordinates"":[81.04448149750154,22.223114976777993]}"
1813,54.59650003965062,2025-05-01,293.10992213657926,508,0,30,0.26666666666666666,0.02220612690780399,2.400048814621057,303.20031234196256,1.7365964890662857,"{""type"":""Point"",""coordinates"":[81.39674799649652,18.61696621255241]}"
1814,207.98178021922254,2025-05-01,293.06154741559715,350,0,40,0.28515406162464985,0.01182208881709812,2.0996015391987255,302.9450226284209,1.4001126788724463,"{""type"":""Point"",""coordinates"":[83.64925430929833,19.765158101366634]}"
1815,300.0140741478069,2025-05-01,289.3295150030227,442,0,10,0.40950994662785056,0.01064321325156925,30.908653916122617,306.4212886719476,1.577644848869979,"{""type"":""Point"",""coordinates"":[82.69451677241564,20.483247815820967]}"
1816,294.8842200008105,2025-05-01,287.541981288365,250,0,40,0.7067947838023335,0.01450194344852207,1.101957536036681,305.51671859196256,1.3485366376562902,"{""type"":""Point"",""coordinates"":[82.54276740707463,21.921317932536073]}"
1817,90.0,2025-05-01,283.2229766845703,548,0,10,0.3952355170546833,0.006079181292989233,2.0122917053614393,303.67653188251313,0.6485265552079397,"{""type"":""Point"",""coordinates"":[82.87281421536704,22.861880518190784]}"
1818,321.56879153970897,2025-05-01,292.80432782854353,374,0,30,0.34112242859996006,0.018480762103536108,2.366649560207031,303.6000519252959,1.5948726107601958,"{""type"":""Point"",""coordinates"":[81.2822645430293,19.054461097628586]}"
1820,72.86351917948589,2025-05-01,286.00326756068637,296,0,60,0.09076923076923077,0.011032103756406286,1.5734964211698603,305.7015795480637,0.8141150464874027,"{""type"":""Point"",""coordinates"":[82.6497913515643,22.330275776290808]}"
1821,124.82618086030989,2025-05-01,288.32695152646016,231,0,40,0.12463239022411521,0.0022066526207709103,2.434646134566712,305.8310205822899,1.3475063087410781,"{""type"":""Point"",""coordinates"":[84.05954796505797,21.937571853348885]}"
1822,46.654589930929916,2025-05-01,291.52490888323103,198,0,10,0.32764747690120827,0.004804684976079443,0.6755935269174232,306.5640993118286,1.612104300997725,"{""type"":""Point"",""coordinates"":[80.42292600974892,19.29183175989486]}"
1823,188.59674073983837,2025-05-01,291.5397433326358,605,0,10,0.4047326906222612,0.01611840651366947,3.2795181488706584,302.42654932112924,1.9450048879889275,"{""type"":""Point"",""coordinates"":[82.43482672716709,19.09816064135124]}"
1824,245.27854271102797,2025-05-01,280.95468938918344,686,0,30,0.16981132075471697,0.005008726576306799,3.322936463257591,303.5223977679298,1.4090039296385461,"{""type"":""Point"",""coordinates"":[81.10914262343066,22.955685820201595]}"
1825,90.0,2025-05-01,292.06908671061194,524,0,10,0.6634631047401857,0.01703587100837467,1.470703222619779,302.7893132255191,1.9085967270652349,"{""type"":""Point"",""coordinates"":[82.18718179222505,18.95761942949416]}"
1826,122.13584715830301,2025-05-01,291.27612958635603,729,0,10,0.45632444696539987,0.023398339012601355,15.317112154848953,302.4952981585548,1.7200900725903818,"{""type"":""Point"",""coordinates"":[81.13685448017564,19.566097439193804]}"
1827,-0.0,2025-05-01,286.30779811314176,386,0,40,0.2,0.0022068016323828488,0.0,306.66477825528096,1.8571558006689914,"{""type"":""Point"",""coordinates"":[80.5797906178513,21.095411194700905]}"
1828,270.0,2025-05-01,291.25953383672805,175,0,40,0.30719602977667493,0.002767428019978979,1.4836287553027407,306.97105848221554,1.9138157526763544,"{""type"":""Point"",""coordinates"":[83.45830466416511,20.361892354895474]}"
1829,347.8526017492839,2025-05-01,288.9510389055525,210,0,10,0.46366782006920415,0.0024334780964636593,2.370480464253982,305.7319576172602,1.373959083507918,"{""type"":""Point"",""coordinates"":[84.09793777383143,21.694642790481975]}"
1830,144.28535652254126,2025-05-01,285.73804364885603,270,0,40,0.19104991394148021,0.007166101792790869,1.7129732893492013,305.8631250744774,1.1292804508161425,"{""type"":""Point"",""coordinates"":[81.90930946703197,21.98718431254219]}"
1831,227.32082717546797,2025-05-01,284.0411267961774,575,0,10,0.44863844702076033,0.009120836118199804,4.777588234838538,303.18521050044467,0.8048603264148507,"{""type"":""Point"",""coordinates"":[82.24091127068202,22.76488997479229]}"
1832,173.7946762663925,2025-05-01,280.1862509591239,645,0,30,0.14630225080385853,0.0013036571535849362,4.654519909898655,304.8813193639119,1.2245150768690112,"{""type"":""Point"",""coordinates"":[80.35915377971588,23.114787541849445]}"
1833,164.84078542951474,2025-05-01,285.14538065592444,366,0,10,0.29724663151728176,0.012859448054769018,3.83796326335383,304.6483568918137,0.6163873494088216,"{""type"":""Point"",""coordinates"":[82.53096967074163,22.668954909228823]}"
1834,116.65698228725324,2025-05-01,284.39149184454055,948,0,10,0.4984964918142332,0.011583148697354773,12.215306421826579,301.3837433315459,0.7169649391254034,"{""type"":""Point"",""coordinates"":[83.87758490882435,23.02352641319198]}"
1835,169.77210048360334,2025-05-01,281.8483196440197,508,0,30,0.25438966146930747,0.003047465542294958,2.8251106010425975,304.8180288133167,0.9012234927540326,"{""type"":""Point"",""coordinates"":[80.57769730167757,22.52514087453414]}"
1836,180.0,2025-05-01,291.35898045131137,566,0,30,0.27740970292797607,0.016988291600682714,0.4637353428839794,303.0810787110101,2.044973275509861,"{""type"":""Point"",""coordinates"":[81.54720086721605,19.538403079941773]}"
1837,312.8332998013666,2025-05-01,285.73804364885603,254,0,40,0.3506960035922766,0.007166101792790869,2.0454648238457835,305.8631250744774,1.1292804508161425,"{""type"":""Point"",""coordinates"":[81.92633609801634,22.01464972640163]}"
1838,37.889522267066,2025-05-01,289.88026137579055,814,0,40,0.5263248156405419,0.01950910613868473,8.745697596669448,301.3936717169625,1.373046692016193,"{""type"":""Point"",""coordinates"":[83.09305670927517,19.547704214918497]}"
1839,114.91192546807952,2025-05-01,290.12068176269537,188,0,40,0.5480422290525191,0.0042123787197851925,1.1008103808188379,305.8780060268583,1.3528942065905982,"{""type"":""Point"",""coordinates"":[83.70423617618341,21.739317081161566]}"
1840,183.1926776351609,2025-05-01,290.7993287586031,1167,0,30,0.3653639297239154,0.030058636525609472,17.12122717170532,300.95063204992385,1.4338128143294449,"{""type"":""Point"",""coordinates"":[83.05873396959724,19.34375086055426]}"
1841,267.3010080075923,2025-05-01,295.09941827683224,316,0,10,0.4329361442102047,0.011811896422841528,18.971462384468087,302.44933577946256,1.2876106634486009,"{""type"":""Point"",""coordinates"":[83.76134743760036,19.469090723846172]}"
1842,133.0260567200615,2025-05-01,287.7886272612072,318,0,40,0.31790316526961093,0.008105172971227148,2.0380867846616875,306.40967455364404,1.9057155945877755,"{""type"":""Point"",""coordinates"":[82.53880294765943,21.034217268354755]}"
1843,127.65111995850636,2025-05-01,286.4591304234096,326,0,10,0.2840909090909091,0.004001899817922094,3.7903527201109437,304.9065704799834,0.7620956628006987,"{""type"":""Point"",""coordinates"":[83.77851276688259,22.205546306274492]}"
1844,133.0710715508735,2025-05-01,287.22974868047805,366,0,40,0.18261547456636135,0.002143277982213476,0.6790457473320245,306.5518922805786,2.0467796576967334,"{""type"":""Point"",""coordinates"":[80.56564785244348,20.798075749292643]}"
1845,357.2508765502383,2025-05-01,291.2827504475911,867,0,40,0.3896156439649359,0.023521035173871496,10.107969734765998,300.44305206480476,1.577871933240136,"{""type"":""Point"",""coordinates"":[82.63174994041366,18.806595975809884]}"
1846,294.9355371251134,2025-05-01,287.51062665666853,230,0,40,0.7541311967951928,0.008066519359090307,1.0998348172739696,306.30907699040006,1.5082092699999825,"{""type"":""Point"",""coordinates"":[83.25128163035816,21.584423682453007]}"
1847,152.17352649518017,2025-05-01,297.0671684628441,46,0,80,-0.11907514450867052,0.01668840573165653,1.0486472984929236,303.2513784226917,1.7486826549229826,"{""type"":""Point"",""coordinates"":[83.92645819972078,18.688876024010217]}"
1848,263.3416647335866,2025-05-01,291.31801714215965,157,0,10,0.6338425985363975,0.0018588446173453121,3.9931043980912326,306.37117590223045,0.684686420343918,"{""type"":""Point"",""coordinates"":[84.26779712352125,20.951221862654407]}"
1849,278.86663459311694,2025-05-01,287.92892092750185,386,0,10,0.3206380208333333,0.0036563269886755734,3.005935133074775,306.4281071708316,2.4381853922623105,"{""type"":""Point"",""coordinates"":[81.00025287905407,20.610325560342158]}"
1850,46.8643504379011,2025-05-01,290.98321315220426,154,0,40,0.8058408215661104,0.0023483626637244015,0.6782285392191871,307.05542069389713,1.9702432265641447,"{""type"":""Point"",""coordinates"":[83.4748353117723,20.45376302486305]}"
1851,142.75726507835378,2025-05-01,290.12239655994233,407,0,40,0.17411684005944894,0.008915766337850073,4.070896202000266,304.8067867188227,1.8379602175408178,"{""type"":""Point"",""coordinates"":[81.17590580091981,20.018447838447067]}"
1852,236.10494358729497,2025-05-01,290.35222008114766,477,0,10,0.5697674418604651,0.012854620078542212,4.150582606516236,303.3910733631679,1.6809425306331272,"{""type"":""Point"",""coordinates"":[81.023504881101,19.849473078235015]}"
1853,107.55950099041512,2025-05-01,296.30686805361796,99,0,40,0.31726083611182354,0.01294276044700382,3.0713109142067503,304.0566065197899,1.6501119210958468,"{""type"":""Point"",""coordinates"":[83.28895948412408,18.318892731909575]}"
1855,196.20191665084712,2025-05-01,292.21143232073103,1182,0,30,0.3668161434977579,0.04452431128356693,13.735508211204062,299.18475709642684,0.9924377863791674,"{""type"":""Point"",""coordinates"":[82.70920603901504,18.303646039545974]}"
1856,144.8305288187711,2025-05-01,291.27871631440655,853,0,30,0.2091640866873065,0.02760122642848728,5.092304096303631,299.65966874077213,1.1589969273931864,"{""type"":""Point"",""coordinates"":[82.88521404583048,18.891604497254313]}"
1857,121.68080693659091,2025-05-01,287.71578616187685,263,0,10,0.38293275722387254,0.0019402794632696896,1.765462710150721,305.2344513393583,0.9350126163628174,"{""type"":""Point"",""coordinates"":[84.27026425313211,22.222114031495664]}"
1858,46.764488620063545,2025-05-01,291.45890953427266,970,0,30,0.3856319415155349,0.020700215557553747,6.070203202703683,300.23032420022145,1.4667778500262096,"{""type"":""Point"",""coordinates"":[84.13516006627992,19.909836382840634]}"
1859,308.364558681021,2025-05-01,291.7448214576358,589,0,10,0.44127155172413796,0.004745020726659277,29.281553583985282,305.5655118397304,1.4142441871347402,"{""type"":""Point"",""coordinates"":[83.52602512954543,20.139985018912252]}"
1860,15.038341700568834,2025-05-01,286.3953283400763,274,0,40,0.19294377067254687,0.0028223686013006954,1.9200443365768616,306.39908350081674,1.6708548091607478,"{""type"":""Point"",""coordinates"":[81.36790403889152,21.483378765241362]}"
1861,132.96395013334288,2025-05-01,288.0230720156715,239,0,40,0.11648079306071871,0.011346875885465124,0.6804075851635899,306.0353023438227,1.602418966684694,"{""type"":""Point"",""coordinates"":[83.11504124679705,21.355444593787293]}"
1862,25.82265809500355,2025-05-01,293.36918785458516,785,0,10,0.6442553191489362,0.025945200780370214,12.177782613581055,302.7621089844477,1.4368863675378618,"{""type"":""Point"",""coordinates"":[81.97879081903876,18.710834414282008]}"
1863,162.86275627066195,2025-05-01,292.8114776611328,684,0,10,0.3511886849232621,0.01672147140834568,14.711950113143406,300.57510307856967,1.5193221652401492,"{""type"":""Point"",""coordinates"":[84.03276853631698,19.689555470652234]}"
1864,171.80089592603215,2025-05-01,291.27792576381137,833,0,30,0.25531004989308625,0.024098768094518164,10.198666773323119,300.16983545394174,1.4906664609734726,"{""type"":""Point"",""coordinates"":[82.67552698025095,18.843264328463224]}"
1865,121.87024730581912,2025-05-01,287.6119915190197,297,0,40,0.18692959582790092,0.00523087308738468,1.7560701760874329,306.5005123047602,1.9235820221211788,"{""type"":""Point"",""coordinates"":[81.5076939773671,21.15879760181185]}"
1866,127.59057384739897,2025-05-01,286.26811944870724,416,0,40,0.2580515297906602,0.003432288030126074,3.795538268097898,303.82963130587626,0.5205651956041201,"{""type"":""Point"",""coordinates"":[84.18385548462511,22.510147086059465]}"
1867,19.365441296668585,2025-05-01,291.9251890636626,957,0,40,0.18620159015132084,0.04796989188525913,5.877967568001217,299.2534303665161,1.1503460413600604,"{""type"":""Point"",""coordinates"":[82.8180218982166,18.490628631897074]}"
1868,312.59648654209116,2025-05-01,281.46148463657926,495,0,40,0.243275199527047,0.0030809782538199215,1.3700826106642279,304.560303506397,1.166053921948537,"{""type"":""Point"",""coordinates"":[81.43569205882946,23.15653885485897]}"
1869,332.22188168554857,2025-05-01,296.30686805361796,98,0,40,0.20397111913357402,0.01294276044700382,2.095660555839264,304.0566065197899,1.6501119210958468,"{""type"":""Point"",""coordinates"":[83.33255266549072,18.338576433893188]}"
1870,215.33491145539796,2025-05-01,290.16919599260603,387,0,10,0.4683474924636887,0.012732728579976538,3.406769951014986,304.4132785342989,1.800881055459452,"{""type"":""Point"",""coordinates"":[81.17641777123409,19.88899646080689]}"
1871,76.73699739628712,2025-05-01,293.99940200079055,394,0,10,0.6153186624749929,0.02902513668868778,2.020532745619041,301.7570866630191,1.3522019950360364,"{""type"":""Point"",""coordinates"":[83.53562787636217,19.46692512050061]}"
1872,270.0,2025-05-01,285.158442179362,327,0,30,0.16824235031005388,0.009433492282369116,1.5039383704214304,305.1512168248495,0.7155777217362609,"{""type"":""Point"",""coordinates"":[82.79776255243893,22.354308778027136]}"
1873,312.6842819152063,2025-05-01,285.7072528657459,469,0,30,0.3093684941013185,0.007574080685117224,4.777128426467412,303.2465363002959,0.46828931492051545,"{""type"":""Point"",""coordinates"":[83.92558740889457,22.74076148698354]}"
1874,79.64128271539113,2025-05-01,283.2457980201358,458,0,40,0.19154851264943007,0.007773562530019262,2.577340312504917,304.18545464106967,0.7558080332030956,"{""type"":""Point"",""coordinates"":[82.3308873647321,23.943240401083283]}"
1875,115.09037836086343,2025-05-01,287.98080662318637,439,0,10,0.47340043134435655,0.0025132887158179074,1.0934844168611821,306.4220210938227,1.8949682479063368,"{""type"":""Point"",""coordinates"":[80.5088780837644,20.53480464573902]}"
1876,208.64742038834865,2025-05-01,283.3327411469959,391,0,30,0.3323162979913552,0.004705428341367224,1.0567457217552865,304.0811019624983,0.8347511357477769,"{""type"":""Point"",""coordinates"":[82.95939386770479,23.756958565112633]}"
1877,316.08001211293595,2025-05-01,290.14823477608815,723,0,30,0.4748933377092222,0.014360263207890966,13.885531610236901,301.90725639888217,1.7233011968858793,"{""type"":""Point"",""coordinates"":[82.91997137184757,19.261352743784364]}"
1878,160.45868801243645,2025-05-01,290.02314177013585,409,0,10,0.511204481792717,0.006564243892171362,2.949927980807223,305.5232348215012,1.9221068561783325,"{""type"":""Point"",""coordinates"":[82.39222034416544,20.089982769978324]}"
1879,274.76335872215975,2025-05-01,281.9322865804036,690,0,10,0.4843507214206437,0.01310905740592716,5.566981159530404,303.73314925602506,0.8244670497037649,"{""type"":""Point"",""coordinates"":[82.33227299562293,23.564409830605342]}"
1880,303.84245488670786,2025-05-01,288.71711149669824,573,0,10,0.397120575884823,0.007360025504567602,4.156243940952273,304.9130983352661,1.9927936856859712,"{""type"":""Point"",""coordinates"":[81.92722744539788,20.161856153454437]}"
1881,142.31926259014278,2025-05-01,285.0461781819662,263,0,30,0.20831538130116328,0.005273177484014013,4.094731705576094,306.0310647601173,0.7671323993880641,"{""type"":""Point"",""coordinates"":[83.09764697792153,22.3586020362976]}"
1882,259.48143083342467,2025-05-01,283.67803737095426,573,0,10,0.2964880369385756,0.0026990465912604122,2.538654284560513,305.0050114677066,0.9841696208348815,"{""type"":""Point"",""coordinates"":[80.57172207658182,21.817409957828453]}"
1883,323.28910050740166,2025-05-01,284.2837211972191,775,0,10,0.6122052704576977,0.012622728208043554,29.92015925019002,301.3425649461292,0.7722974042020926,"{""type"":""Point"",""coordinates"":[84.19752513602833,23.425648262871636]}"
1884,72.75630527076879,2025-05-01,290.78615679059715,158,0,30,0.25376807136265767,0.002508907774426916,1.5640122511959376,306.3695541109358,1.113330788349583,"{""type"":""Point"",""coordinates"":[83.89581862284795,21.38290725681229]}"
1885,144.01000390967906,2025-05-01,282.5408768426804,552,0,40,0.392647434260914,0.005442722896077612,1.7189287810643359,303.44600500379283,0.6888789600060935,"{""type"":""Point"",""coordinates"":[83.35028919453032,23.375764168205286]}"
1886,10.021645143535913,2025-05-01,291.1051730201358,571,0,40,0.16824813794510765,0.016488745072820166,2.8232980518207853,302.9704132534209,2.1297580920430836,"{""type"":""Point"",""coordinates"":[81.99326088944593,19.41566363141946]}"
1887,270.0,2025-05-01,284.3760877336774,230,0,40,0.24815486993345431,0.006727307299115637,0.5076779740653207,304.84088502611434,0.5143621436305392,"{""type"":""Point"",""coordinates"":[83.95810190080135,24.015328489808585]}"
1888,304.36558948132006,2025-05-01,281.5063832600911,733,0,10,0.32369255150554677,0.004057451346852758,16.001702251643533,304.3295092355637,1.053849989580925,"{""type"":""Point"",""coordinates"":[80.93928804043703,22.606084620560726]}"
1889,-0.0,2025-05-01,282.908203851609,491,0,10,0.339990258158792,0.007802277067639807,1.390963080774087,304.19218013400126,0.9756522472326042,"{""type"":""Point"",""coordinates"":[83.65425045980926,23.72107925105911]}"
1890,256.8847845068258,2025-05-01,287.9460630871001,238,0,40,0.5730105588462528,0.008172764638402441,2.0428762118683825,306.3562775112334,1.515348908856427,"{""type"":""Point"",""coordinates"":[83.2801442117872,21.258889044668244]}"
1891,308.16943450031414,2025-05-01,281.7622716994513,434,0,10,0.36160249739854317,0.0013319097552084713,4.4932290083978295,305.12046091897145,1.175169452695944,"{""type"":""Point"",""coordinates"":[81.11049984125101,23.498160862690927]}"
1892,280.36503412479385,2025-05-01,280.6893375941686,375,0,40,0.19542438002095705,6.162218842291622E-4,2.5757888342626885,305.7418336868286,1.0330217086280542,"{""type"":""Point"",""coordinates"":[80.53697002348615,23.862633701487415]}"
1893,46.439321536554736,2025-05-01,298.029053460984,23,0,40,0.29071170084439085,0.002525373557546118,2.0180175471185064,303.39935670580184,5.067149212015962,"{""type"":""Point"",""coordinates"":[83.46839146989757,18.01449994641253]}"
1894,205.12363861495984,2025-05-01,293.83281090146016,454,0,10,0.46143617021276595,0.026170908668973425,4.599919504956362,303.69325551532563,1.721024114719362,"{""type"":""Point"",""coordinates"":[81.48476985557721,18.59963135388686]}"
1895,72.87143380287185,2025-05-01,282.37134443010603,494,0,10,0.2548567665459335,0.0020827047619604855,1.574201329566622,305.54859638214117,0.7978882164446207,"{""type"":""Point"",""coordinates"":[80.40813920448497,22.39828834995264]}"
1896,14.66734313732006,2025-05-01,281.4522479829334,895,0,10,0.5082236842105263,0.00404049382541416,13.638097966190454,303.24452504657563,1.3271586584165158,"{""type"":""Point"",""coordinates"":[81.37487265163146,22.746496803529542]}"
1897,20.054547710106796,2025-05-01,280.5858394077846,346,0,40,0.32899628252788105,0.0010357491764807492,1.4807070025617084,305.22509261540006,0.9417052388017672,"{""type"":""Point"",""coordinates"":[80.35280691724532,24.060176963570758]}"
1898,324.5379927957393,2025-05-01,288.7421707879929,272,0,50,0.31445849367784495,0.006929665068128088,1.7075798535430378,306.2760598773048,1.6599757836017015,"{""type"":""Point"",""coordinates"":[82.9249168750937,20.61880387271662]}"
1899,188.55381935027944,2025-05-01,293.95902579171315,186,0,40,0.3143438453713123,0.014912813166120031,3.2791485136316125,303.49187437693274,0.9053459485770545,"{""type"":""Point"",""coordinates"":[81.9913878790532,18.236375326186803]}"
1900,199.82172704053852,2025-05-01,281.81613377162387,646,0,40,0.23088316978337345,0.003961115339734533,1.478526981427571,304.414278348287,1.0992046546701715,"{""type"":""Point"",""coordinates"":[80.82282582102091,22.367080847364576]}"
1901,132.66812123694882,2025-05-01,284.6534896123977,426,0,30,0.2667142517249584,0.007144659021832922,4.778583288068905,304.4351407459804,0.6255629499967892,"{""type"":""Point"",""coordinates"":[82.673013047571,22.817431224721375]}"
1902,227.15808619939367,2025-05-01,286.4750809442429,287,0,10,0.4053594215227563,0.00499966667030094,1.3637440606836204,306.0871822266352,1.226133970002201,"{""type"":""Point"",""coordinates"":[83.50313293575832,21.971863949190464]}"
1903,270.0,2025-05-01,293.4169347853887,285,0,40,0.2458612975391499,0.010554655650594214,1.4655284419714167,304.14215455736434,0.9893936805797476,"{""type"":""Point"",""coordinates"":[82.14838108668577,18.359740355167375]}"
1904,90.0,2025-05-01,285.77562386649,317,0,40,0.1418640812219885,0.01040786431167362,1.0023703261830246,305.39981010981967,0.7851467311450762,"{""type"":""Point"",""coordinates"":[82.5101147750644,22.301266162379697]}"
1905,226.77696360197018,2025-05-01,290.21518162318637,237,0,40,0.34684453565931245,0.004735722402074316,3.3818607335454955,306.1045394624983,1.9387714059262862,"{""type"":""Point"",""coordinates"":[82.82408325552254,19.978822485281302]}"
1906,332.17786676279894,2025-05-01,292.9211258661179,147,0,10,0.527546358505778,0.005087568620183447,2.0965087775831,306.09019910721554,1.7279724958845948,"{""type"":""Point"",""coordinates"":[80.62450068056849,18.65786661320694]}"
1907,204.5364853386387,2025-05-01,294.86077662876676,696,0,10,0.526001705029838,0.018955200174787024,24.406857277987267,301.09425067901606,1.5046472197655718,"{""type"":""Point"",""coordinates"":[84.07130151461112,19.097112619742404]}"
1908,294.7240487303409,2025-05-01,281.07080732073103,644,0,10,0.2749540722596448,0.008601664761044958,8.800376585367427,302.59798835572747,1.1790664566320324,"{""type"":""Point"",""coordinates"":[81.73370094768538,22.939701291673053]}"
1909,180.0,2025-05-01,291.27346729096917,237,0,10,0.3593586615545486,0.005608081081845739,0.4637353428839794,305.5421557199387,1.5704120950298155,"{""type"":""Point"",""coordinates"":[80.60843693847899,19.526124368747706]}"
1910,90.0,2025-05-01,292.23007420131137,561,0,10,0.6263634966968813,0.01793233976695774,0.49049372381042333,303.0252228237333,1.9568391781872052,"{""type"":""Point"",""coordinates"":[82.14280852242595,19.01339139078689]}"
1911,227.4116897186861,2025-05-01,283.0468059721447,459,0,30,0.18951571618716084,0.0059588246140265255,2.05495323475577,303.41664418720063,0.7098979381951226,"{""type"":""Point"",""coordinates"":[82.22055567176635,23.194926993068446]}"
1912,133.20514886998797,2025-05-01,289.5488811674572,367,0,10,0.332762067980577,0.004135026792027929,2.0312998193783605,305.97215711502804,2.1575645491904445,"{""type"":""Point"",""coordinates"":[80.82578853475046,20.07686987270481]}"
1913,285.5293330440164,2025-05-01,292.80432782854353,494,0,10,0.49809792612590503,0.018480762103536108,8.595568061550612,303.6000519252959,1.5948726107601958,"{""type"":""Point"",""coordinates"":[81.32670879301146,19.130071440798076]}"
1914,270.0,2025-05-01,281.90493701753167,745,0,40,0.15804495183731715,0.005276798466184118,2.0119220700700686,303.92528792790006,1.3992080751629135,"{""type"":""Point"",""coordinates"":[81.41049274659265,22.836085738773427]}"
1915,90.0,2025-05-01,287.74778602236796,223,0,40,0.5650676506765068,0.01012848244045017,0.4988402248355395,305.93935507819776,1.583703944392369,"{""type"":""Point"",""coordinates"":[83.0568585386376,21.624231525956734]}"
1916,208.19497758758888,2025-05-01,287.6224546886626,298,0,50,0.15266447716919165,0.0034947387966894894,1.0522403806709522,306.50994659605476,2.070586309291774,"{""type"":""Point"",""coordinates"":[81.32855738752347,21.141159693430584]}"
1917,263.39082172718656,2025-05-01,282.8178892589751,593,0,30,0.32751527240992395,0.0027211152109885006,4.022573832751569,304.7510122117542,0.9452067564471758,"{""type"":""Point"",""coordinates"":[80.63752373819617,22.039135786071057]}"
1918,313.03924744255744,2025-05-01,288.5723070417132,311,0,40,0.17877328867490055,0.005497529366948584,0.6794495107847704,306.37625053950717,1.96593489337059,"{""type"":""Point"",""coordinates"":[81.69419699723397,20.964977079161443]}"
1919,160.6307767125024,2025-05-01,295.9210386730376,181,0,40,0.3454031117397454,0.035454019168355444,1.4743777002588832,303.45543929508756,0.7798128139905963,"{""type"":""Point"",""coordinates"":[83.15433482235399,18.52654321585571]}"
1920,221.81074101073455,2025-05-01,282.37187340146016,476,0,10,0.2670908039329092,0.006203576186635473,13.436206705483137,304.06058833712626,0.8187472531479352,"{""type"":""Point"",""coordinates"":[82.38430084016883,23.830617979613386]}"
1921,270.0,2025-05-01,282.4512249174572,550,0,10,0.4874983806192512,0.006557866195180395,1.0099276822291463,303.5074586868286,0.679520938459138,"{""type"":""Point"",""coordinates"":[83.23175202436222,23.32426279760261]}"
1922,115.20819291553445,2025-05-01,295.8822261265346,113,0,40,0.5634878819810326,0.017480521658399084,1.0887067722779378,302.95878169650126,1.093950887682386,"{""type"":""Point"",""coordinates"":[84.38389181249516,19.69892435103599]}"
1923,218.3880867657057,2025-05-01,292.5777827671596,339,0,10,0.5757575757575758,0.008969797948338964,9.38158425394916,304.43151932670963,1.5438785064186318,"{""type"":""Point"",""coordinates"":[80.94946567731475,18.79694991694521]}"
1924,-0.0,2025-05-01,291.6013888404483,216,0,80,0.12177121771217712,0.003995224097707251,1.3909630807829783,305.8099605469477,1.4618969798204353,"{""type"":""Point"",""coordinates"":[80.59839553796603,19.33293122207287]}"
1925,126.80079056789572,2025-05-01,288.38850984119233,340,0,40,0.3435229265848158,0.008488341430165747,3.093608887307104,306.0378541946411,1.4567607760015717,"{""type"":""Point"",""coordinates"":[82.81657410628105,20.747771827715543]}"
1926,324.0109172029025,2025-05-01,282.79529462541853,510,0,30,0.24490042245021124,0.012698128083684423,1.7189088937268955,303.7623414993286,0.7868101069493918,"{""type"":""Point"",""coordinates"":[82.90033978529502,23.371208682311853]}"
1927,227.13513100252285,2025-05-01,286.28011721656435,264,0,40,0.25443535535960904,0.007046758392789343,0.6816742033049052,305.92342780885247,1.190611755400111,"{""type"":""Point"",""coordinates"":[81.81725046553849,21.857222290675672]}"
1928,313.35210063321824,2025-05-01,291.52490888323103,190,0,10,0.44716924008477144,0.004804684976079443,2.0257792456639243,306.5640993118286,1.612104300997725,"{""type"":""Point"",""coordinates"":[80.44507745181718,19.25294601084229]}"
1931,58.57616231679545,2025-05-01,282.3332119896299,396,0,40,0.16547643338094267,0.0013863436970495968,1.7783963163756404,304.9384366444179,0.9083339667176215,"{""type"":""Point"",""coordinates"":[81.23905427310991,23.585484119123496]}"
1932,12.99702843258248,2025-05-01,283.7183961414156,456,0,10,0.2994659728878543,0.0094548456463599,6.6333380846423315,305.6090328125726,1.303167718586231,"{""type"":""Point"",""coordinates"":[80.99866920310862,21.81408406786874]}"
1933,343.1804955260285,2025-05-01,292.17747933524004,605,0,40,0.3368888888888889,0.014541357019879797,3.3873422790006336,302.9259564081828,1.8123965322871192,"{""type"":""Point"",""coordinates"":[81.4722750324831,19.062158810189885]}"
1934,90.0,2025-05-01,290.21518162318637,250,0,40,0.24650672291062484,0.004735722402074316,0.4935838752363242,306.1045394624983,1.9387714059262862,"{""type"":""Point"",""coordinates"":[82.82692615412586,20.028801522687804]}"
1935,137.01569950238596,2025-05-01,290.47409856887083,291,0,10,0.254249815225425,0.006628348687627295,5.058257339143418,306.3522317523048,1.9404891525543047,"{""type"":""Point"",""coordinates"":[82.74418412977828,20.14247667408532]}"
1936,47.189948212561305,2025-05-01,285.3281082879929,268,0,40,0.7170705293082442,0.007843374470212439,1.364562221723612,305.8804183687483,1.0463098152395591,"{""type"":""Point"",""coordinates"":[82.00953788255791,22.129496030460675]}"
1937,270.0,2025-05-01,285.6315576462519,274,0,40,0.6957369740874896,0.009454875448682287,1.0014648919909208,305.50991753169467,0.9352560208468335,"{""type"":""Point"",""coordinates"":[82.19144295188352,22.174840735267033]}"
1938,133.42513435009877,2025-05-01,292.46586172921315,116,0,10,0.4503980404164115,0.003152623036839941,0.6745997575141732,306.70941529955184,1.8694972596911161,"{""type"":""Point"",""coordinates"":[80.43202269422277,18.829018433910058]}"
1939,283.3259343993785,2025-05-01,293.1147061302549,310,0,10,0.6968299711815562,0.008364393571355322,6.0138070829638215,305.186024302528,1.6143833862789922,"{""type"":""Point"",""coordinates"":[80.83432096643794,18.65321309879064]}"
1940,324.61989947369256,2025-05-01,288.36281113397513,638,0,30,0.2584553255931348,0.005262999990918615,1.7058456427168722,304.8237544922601,2.1256593660500736,"{""type"":""Point"",""coordinates"":[81.25632323396603,20.1520660555602]}"
1941,-0.0,2025-05-01,294.2523898170108,63,0,60,0.08243130724396336,0.002370699504353979,0.463735342881014,306.44558647700717,2.060156620783883,"{""type"":""Point"",""coordinates"":[80.70046205851197,18.136446817641446]}"
1942,75.8737778516005,2025-05-01,289.1356092180525,313,0,10,0.3612424037812289,0.00683459565971134,13.06946850166634,306.54782908303395,1.587094574783291,"{""type"":""Point"",""coordinates"":[83.07370801539572,20.809293306258667]}"
1943,45.142878881063226,2025-05-01,291.5938727969215,718,0,10,0.4782305816788575,0.02614079342220066,12.299577717705647,301.9883866537185,1.6718502091095375,"{""type"":""Point"",""coordinates"":[81.08811879932529,19.497464546968295]}"
1944,343.0466704559755,2025-05-01,291.25953383672805,169,0,40,0.2042042042042042,0.002767428019978979,3.389739263873773,306.97105848221554,1.9138157526763544,"{""type"":""Point"",""coordinates"":[83.53671972920147,20.404331965864706]}"
1945,139.8764177436059,2025-05-01,292.40026346842444,884,0,10,0.49023028611304953,0.039074926832654455,6.0422584383683375,299.8810054688226,0.9508463308249225,"{""type"":""Point"",""coordinates"":[82.62818858737457,18.33372307718047]}"
1946,61.19935565716332,2025-05-01,282.8585037958054,633,0,10,0.6307339449541285,0.005067973593213537,16.82582271639116,303.55299672626313,0.7663457602119105,"{""type"":""Point"",""coordinates"":[83.01046212202449,23.611509940161497]}"
1947,352.42221695731126,2025-05-01,289.7350151425316,329,0,10,0.5567654123298639,0.005781456092336157,3.7373396585328362,306.2243776321411,1.863130514243266,"{""type"":""Point"",""coordinates"":[80.37471003802216,20.014265584506276]}"
1948,329.9288591424918,2025-05-01,289.25723193940667,746,0,40,0.3446133509583609,0.00993142948482273,5.873923126296231,302.6794906343733,1.636277648357978,"{""type"":""Point"",""coordinates"":[83.02595168347636,19.601112659493364]}"
1949,57.72314025633573,2025-05-01,293.3628808884393,239,0,40,0.2571064913025032,0.022645577052571753,3.4694311117118124,303.39901374635247,1.5240888346043564,"{""type"":""Point"",""coordinates"":[81.8844455703251,18.664035949821063]}"
1950,64.70858652247041,2025-05-01,295.31877862839474,635,0,30,0.5401225561715787,0.016148745277860144,6.485101482041866,301.69587130773635,1.4804945482990717,"{""type"":""Point"",""coordinates"":[84.03018287966503,19.085970260734943]}"
1951,64.99267838633482,2025-05-01,288.3832143147786,295,0,40,0.1709271797706232,0.005750625589826086,1.0968806265568387,306.22910930996846,1.9394460485525808,"{""type"":""Point"",""coordinates"":[81.65343651916336,21.10421384158102]}"
1952,184.31716987723792,2025-05-01,291.53215753464474,616,0,30,0.35542339280657037,0.019808381060101965,6.4830998185248845,302.24125239962626,1.7691162197254393,"{""type"":""Point"",""coordinates"":[81.6059861343721,18.883550624050475]}"
1953,224.05849784645474,2025-05-01,283.70728193010603,620,0,10,0.581360201511335,0.005923151234128454,16.321947208343175,303.8660547619774,0.7439099536010721,"{""type"":""Point"",""coordinates"":[82.40358593230991,23.91087257619722]}"
1954,226.69473847454117,2025-05-01,291.2330329531715,623,0,10,0.7521014009339559,0.024041413525083044,0.6760955869579538,303.1286047526768,2.3374364624342907,"{""type"":""Point"",""coordinates"":[82.31494062078083,19.519737743814943]}"
1955,203.1372207689098,2025-05-01,287.87912205287387,394,0,30,0.14895705521472394,0.0026496492419028073,2.5199181090226994,306.3450935454595,2.176444737795285,"{""type"":""Point"",""coordinates"":[80.6746989649536,20.593007033536665]}"
1956,90.0,2025-05-01,282.61968194870724,605,0,10,0.42490944552800225,0.011182441571691015,1.0114302289525972,302.5655234654745,0.7995027278973692,"{""type"":""Point"",""coordinates"":[83.70745329177612,23.521147504203444]}"
1957,270.0,2025-05-01,289.88549296061194,620,0,40,0.3520916334661355,0.012410312155225256,0.9860912924366444,303.9112614677066,2.1736042854964195,"{""type"":""Point"",""coordinates"":[81.70186879511179,19.867392262854967]}"
1958,331.7301826621302,2025-05-01,287.50744120279944,360,0,10,0.3671497584541063,0.009068786362149694,1.0529784407532472,306.1106022880191,1.56226269829524,"{""type"":""Point"",""coordinates"":[83.23485366445644,21.600383818388714]}"
1959,132.8221977244112,2025-05-01,284.062250773112,324,0,40,0.3199745547073791,0.005437179664113501,0.6822217808253676,305.59203016190304,0.9957229048023961,"{""type"":""Point"",""coordinates"":[81.36976675629847,22.06942957342437]}"
1960,133.3281820065723,2025-05-01,291.3447563534691,581,0,10,0.27017753244815756,0.02112193332050083,1.3514296755133246,303.1004995164417,2.2671072098119107,"{""type"":""Point"",""coordinates"":[82.29537090083797,19.389483399993654]}"
1961,301.69831638287235,2025-05-01,282.49830336797805,585,0,10,0.2906440302638863,0.0022466324362540036,1.7645895639094813,305.9831143787929,0.5255778167051167,"{""type"":""Point"",""coordinates"":[80.24305389131773,22.125934841490874]}"
1962,312.6135019960045,2025-05-01,280.37712823776974,776,0,30,0.1613986013986014,0.00253181085918186,0.6849180707628474,304.3892132441203,1.2993240208736672,"{""type"":""Point"",""coordinates"":[80.76097195116576,23.076652810440805]}"
1963,85.47814326106858,2025-05-01,294.3844524565198,189,0,10,0.43741659994662396,0.008946030596234777,5.8616191023796915,305.74413558415006,1.8589548324146303,"{""type"":""Point"",""coordinates"":[80.99680026162957,18.37248972862302]}"
1964,294.91674594291385,2025-05-01,285.3331306094215,301,0,40,0.21634325659877063,0.0010073624644064694,1.100611057379058,306.01489335014713,0.7576534631638894,"{""type"":""Point"",""coordinates"":[80.34047458892378,21.70867410095376]}"
1965,208.96829837694256,2025-05-01,291.53215753464474,646,0,10,0.571953781512605,0.019808381060101965,21.23395164245298,302.24125239962626,1.7691162197254393,"{""type"":""Point"",""coordinates"":[81.63495496866224,18.8772212615711]}"
1966,199.48687638151202,2025-05-01,290.65927923293333,610,0,30,0.48642848125236715,0.01478326247070072,4.418534848593735,303.1762412389119,2.085762532978998,"{""type"":""Point"",""coordinates"":[81.59419986891515,19.611598027772008]}"
1967,90.0,2025-05-01,287.9231313069662,224,0,40,0.3188097768331562,0.002028166511991003,1.0002011795850043,305.9669545945667,1.1886894175299336,"{""type"":""Point"",""coordinates"":[83.95791123547578,21.99536894494937]}"
1968,148.76120581299432,2025-05-01,294.5155792236328,498,0,30,0.6533188543504819,0.017233788231351355,7.549380737807067,301.50139586130774,1.488578586406338,"{""type"":""Point"",""coordinates"":[84.15111722506731,19.592522927531476]}"
1969,227.1647968300278,2025-05-01,284.9265609014602,295,0,10,0.3766367137355584,0.005038037160375097,2.0453915955586295,305.9583864212036,1.0446138458602088,"{""type"":""Point"",""coordinates"":[81.56810531945389,22.00482568942629]}"
1970,252.45847166591608,2025-05-01,292.31072198776974,1035,0,40,0.37294394091977173,0.06425170526836155,4.60601207479998,298.9671173549833,1.0500950956344357,"{""type"":""Point"",""coordinates"":[82.94224131404452,18.506857252813816]}"
1971,75.94231282293039,2025-05-01,282.6921917143322,543,0,30,0.25531028738025824,0.006308107832410315,5.708674840709701,303.52711782001313,0.6166945855866808,"{""type"":""Point"",""coordinates"":[83.26894378988638,23.346397588797164]}"
1972,313.21698343962385,2025-05-01,289.00696454729353,660,0,40,0.3023861171366594,0.009991585472562292,1.354217461993283,303.898653348287,2.339545176884604,"{""type"":""Point"",""coordinates"":[81.97930147562947,20.012000004940802]}"
1973,90.0,2025-05-01,288.66413879394537,303,0,30,0.2632757119761224,0.00632323251102207,2.9791753334466473,306.07599826086135,1.9713575782821016,"{""type"":""Point"",""coordinates"":[81.88112363902782,21.07160982904171]}"
1974,-0.0,2025-05-01,283.5899491083054,416,0,40,0.2403066812705367,0.005476831654050329,1.3909630807829783,304.23672417231967,0.8523832330343758,"{""type"":""Point"",""coordinates"":[83.06157777372566,23.94904252446329]}"
1975,58.59064626959744,2025-05-01,281.8608928862073,475,0,40,0.19085855466337245,0.0061953358444952755,1.7791320228049554,304.831026395162,0.6902558739456292,"{""type"":""Point"",""coordinates"":[81.65803531811015,23.660685031692033]}"
1976,238.4466855037828,2025-05-01,281.3472791399275,742,0,30,0.1777638190954774,0.005108355740048864,3.5403205687488613,303.32033071063813,1.4737489443174723,"{""type"":""Point"",""coordinates"":[81.2700291584665,22.909178389496994]}"
1977,294.6466955743989,2025-05-01,283.0654769170852,638,0,40,0.21978543624798252,0.012529327729680517,2.2229672191706595,301.4808182943434,0.7998010838289317,"{""type"":""Point"",""coordinates"":[84.0878322769018,23.415673411837737]}"
1978,84.33398433466874,2025-05-01,291.85486493791853,716,0,10,0.4757527733755943,0.027013733247258642,9.311410885770703,302.8816158203852,1.9127106786854238,"{""type"":""Point"",""coordinates"":[81.29572462135201,19.518292692360564]}"
1979,151.48652928353246,2025-05-01,280.9901014055525,700,0,40,0.15361850955071293,0.004556640246846655,2.1100862826204385,304.1991090774536,1.228414449240916,"{""type"":""Point"",""coordinates"":[80.92942775446764,23.01984173571285]}"
1980,339.9561379676136,2025-05-01,280.7281850179037,360,0,40,0.1798878205128205,5.805336031698971E-4,1.4806062709984564,305.48792743682867,0.9854093321852612,"{""type"":""Point"",""coordinates"":[80.59492378828138,23.98545847965742]}"
1981,199.5422089280315,2025-05-01,290.29710824149,216,0,30,0.13672922252010725,0.005503147104718664,1.4759502958121966,306.02797231220063,1.8900721552757973,"{""type"":""Point"",""coordinates"":[82.84878504418485,20.098291608975774]}"
1982,342.89142472509855,2025-05-01,283.6219547816685,616,0,30,0.3258568946453957,0.008761524418332556,3.392547322727071,305.2120427177066,1.2382509340123145,"{""type"":""Point"",""coordinates"":[80.80960254700211,21.838357690190858]}"
1983,121.81231908580646,2025-05-01,287.3493252708799,230,0,10,0.308868501529052,0.009653701642491797,1.7589296220610429,306.33626960572747,1.5289016365055237,"{""type"":""Point"",""coordinates"":[83.3050620888106,21.488618361420418]}"
1984,-0.0,2025-05-01,285.12654695056733,301,0,40,0.19254658385093168,0.0013330422434592037,0.0,306.0081329799834,0.9392130598692351,"{""type"":""Point"",""coordinates"":[80.36691150324934,21.569438817674627]}"
1985,65.02786932637251,2025-05-01,288.8238707042876,174,0,40,0.8506104859947331,0.004912435272672155,1.0983266599765042,306.8569576172602,1.2278791584697952,"{""type"":""Point"",""coordinates"":[83.56345873824473,21.340666377088116]}"
1986,90.0,2025-05-01,284.30684480212983,528,0,10,0.5166061959252023,0.00834630356166599,2.0052288466499375,304.7962770462036,0.819782998317112,"{""type"":""Point"",""coordinates"":[81.816115128566,22.377036568835432]}"
1987,212.5703351918062,2025-05-01,288.6120961507161,813,0,30,0.19569347688410385,0.006742521384694555,2.7493313696133286,304.1665860584804,2.07269830813164,"{""type"":""Point"",""coordinates"":[81.45363731922286,20.071165776846023]}"
1988,65.00626187489368,2025-05-01,288.245850335984,296,0,30,0.2834997372569627,0.005628585079648474,1.0974382862182246,306.2369334357125,1.9334768226616035,"{""type"":""Point"",""coordinates"":[81.67564546911464,21.196567966782]}"
1989,69.30168156020076,2025-05-01,291.39287530808224,590,0,30,0.5558793530526009,0.0183824442419791,2.622294793066045,302.70206782931376,1.9222473359184695,"{""type"":""Point"",""coordinates"":[82.5854112355434,19.163496152384713]}"
1990,226.94930213208434,2025-05-01,288.97123282296315,188,0,10,0.29908603844941695,0.0034522555861258297,0.6793041558612428,307.55895492008756,1.6445032726863684,"{""type"":""Point"",""coordinates"":[83.44270151837195,20.90507658245189]}"
1991,90.0,2025-05-01,284.1828039260137,797,0,30,0.31095012538311506,0.010308309653737524,4.523254772614021,300.8665895462036,0.7857631805580474,"{""type"":""Point"",""coordinates"":[83.97188426146643,22.956291453172675]}"
1992,227.0846733723772,2025-05-01,287.0616927373977,275,0,40,0.6404064202621116,0.004476412394978979,1.3618642764295004,306.08456062135247,1.5423402158744748,"{""type"":""Point"",""coordinates"":[81.75615008104158,21.603239157715958]}"
1993,115.32196748237484,2025-05-01,295.23815409342444,162,0,40,0.3028024606971975,0.051780312517621496,1.0841367443779184,302.13756820133756,0.6241907850966669,"{""type"":""Point"",""coordinates"":[83.34712349226696,18.85619238821727]}"
1994,114.9112483447976,2025-05-01,287.92279997326074,207,0,60,0.09673659673659674,0.012037201980092505,1.1008383858241608,306.106190318153,1.5636272536190914,"{""type"":""Point"",""coordinates"":[83.0104459504857,21.74416941395876]}"
1995,46.920726755500915,2025-05-01,290.0932973225911,127,0,40,0.25486381322957197,0.0020413987431311398,0.6789418013077384,307.7216978981382,1.4975798126682465,"{""type"":""Point"",""coordinates"":[83.94148048823125,20.75513945713822]}"
1996,28.273489759006427,2025-05-01,288.61630467006137,260,0,10,0.3850984870111333,0.0061521969828390866,2.1053185836179593,305.5287570499239,1.3044785043442844,"{""type"":""Point"",""coordinates"":[83.57418564328445,21.623221471383253]}"
1997,-0.0,2025-05-01,292.4881017775762,120,0,10,0.35743232290484683,0.005036234119870642,0.463735342881014,307.3384029297602,1.9785844201624823,"{""type"":""Point"",""coordinates"":[80.21525974971728,18.827221795449688]}"
1998,231.1625488925328,2025-05-01,280.1862509591239,583,0,10,0.22655552247692765,0.0013036571535849362,10.242380232483868,304.8813193639119,1.2245150768690112,"{""type"":""Point"",""coordinates"":[80.39187887274078,23.05735842783119]}"
1999,348.13474208140644,2025-05-01,294.0239497593471,242,0,10,0.5661846496106785,0.004227309683301428,20.41410050104645,305.45463130587626,2.2271252349167314,"{""type"":""Point"",""coordinates"":[80.63926340671685,17.837838646253193]}"
2000,98.55694192964751,2025-05-01,294.99878002348396,354,0,10,0.7092511013215859,0.03421661184165714,20.845861449252432,302.14640376681376,1.020190692029586,"{""type"":""Point"",""coordinates"":[83.42084800416376,18.951419191744385]}"
2001,90.0,2025-05-01,287.58114842006137,257,0,10,0.43141025641025643,0.0041689567360663204,1.4987246928878277,306.0398712612334,1.28351896741947,"{""type"":""Point"",""coordinates"":[83.59164008102802,21.86457361824197]}"
2002,290.1092562120879,2025-05-01,281.3878297351656,524,0,30,0.27928772258669166,0.006468667844274023,2.695682802013669,304.60569041115895,0.7221206787681218,"{""type"":""Point"",""coordinates"":[81.98524493041899,23.747334134501287]}"
2003,46.8015453056046,2025-05-01,291.3348570324126,217,0,10,0.37092768444119795,0.0038457058462881832,1.3546835983400496,306.36510145096554,1.5084774330603985,"{""type"":""Point"",""coordinates"":[83.34504943944523,20.113445842340873]}"
2004,153.95050293422693,2025-05-01,287.83468264625185,298,0,10,0.3580705009276438,0.015069752195813635,5.659521041866736,305.7942134766352,1.5983638659725796,"{""type"":""Point"",""coordinates"":[82.5322812145423,21.57766994381174]}"
2005,84.76921996455125,2025-05-01,296.2964339483352,1070,0,30,0.3260247855100095,0.020612790444829443,28.043419349682782,302.1877739770071,1.5955480536789364,"{""type"":""Point"",""coordinates"":[83.98155565902668,18.914039834413142]}"
2006,180.0,2025-05-01,285.8653571719215,414,0,40,0.23929794520547945,0.0035870812926077633,0.4637353428839794,303.6779502232869,0.4991883685045325,"{""type"":""Point"",""coordinates"":[84.24043418523674,22.63556963252611]}"
2007,270.0,2025-05-01,291.4892352876209,316,0,40,0.2795358649789029,0.004572018245198706,0.9876400989628159,304.9603511719477,1.3757557821576503,"{""type"":""Point"",""coordinates"":[83.6101294723149,20.11460333927262]}"
2008,270.0,2025-05-01,292.27757699149,304,0,10,0.4061548867095029,0.00441665873859165,0.980314566153632,305.65530908675424,1.5957606601181284,"{""type"":""Point"",""coordinates"":[80.5545016012078,18.911077373580696]}"
2009,270.0,2025-05-01,291.70481145949583,584,0,40,0.3159189410800047,0.015383481243588903,1.9763185126291787,301.58822273072735,1.1382758619634055,"{""type"":""Point"",""coordinates"":[84.34187380941243,20.243141175523995]}"
2010,85.23572032613103,2025-05-01,294.7657826741536,574,0,10,0.47456958864502563,0.03704553768966434,16.296322555724622,300.91759168534054,1.46838169230495,"{""type"":""Point"",""coordinates"":[84.3269972301871,19.166190014069564]}"
2011,295.420915354467,2025-05-01,294.3540918259394,103,0,10,0.5565167243367936,0.0053786031994604855,1.0801967908733878,306.15738428206674,2.1002049554370634,"{""type"":""Point"",""coordinates"":[80.89870987717458,18.09113467053682]}"
2012,63.67188074039088,2025-05-01,287.6969873337519,289,0,10,0.37130801687763715,0.00931744203899143,17.236117891703806,306.21585596175424,1.5761776872813655,"{""type"":""Point"",""coordinates"":[83.19695230494737,21.335289121984825]}"
2013,133.48301469061195,2025-05-01,297.6496705554781,48,0,40,0.45885225885225883,0.016028314093091467,0.6738809206741807,303.5747194290161,2.577844415636119,"{""type"":""Point"",""coordinates"":[83.75403476856876,18.486356284125584]}"
2014,257.1095877422564,2025-05-01,281.01546296619233,389,0,40,0.2367294520547945,5.273513588690548E-4,2.0778537147287106,305.5268678665161,1.1765647110210753,"{""type"":""Point"",""coordinates"":[80.69629574975389,23.73514048986572]}"
2015,342.9208156119039,2025-05-01,286.6698993501209,280,0,30,0.16846473029045644,0.003269790867307165,3.392013441848995,306.5071622303554,1.5107704976021041,"{""type"":""Point"",""coordinates"":[81.55564570886136,21.576504820767326]}"
2016,57.653462930934666,2025-05-01,293.06648835681733,186,0,10,0.5551163144290711,0.002650632718541601,5.186296212698458,306.4642574219476,2.0517432139461538,"{""type"":""Point"",""coordinates"":[80.35351547473527,18.20079881516418]}"
2017,194.90022706340696,2025-05-01,288.8233649844215,650,0,40,0.229816187671372,0.009438722589948156,1.9188081499559488,303.71092083340596,1.9778108710251117,"{""type"":""Point"",""coordinates"":[81.35151625110416,20.023326526132113]}"
2018,156.47066454954333,2025-05-01,283.9258168538411,760,0,40,0.24675324675324675,0.013949885228612402,2.527358470429291,301.16460386912024,0.8158876532506083,"{""type"":""Point"",""coordinates"":[84.09033366761093,23.27031924387052]}"
2019,256.62232253431716,2025-05-01,296.8041534423828,93,0,10,0.6053299492385786,0.031254022577741125,2.003538297888739,302.9545441127959,1.9588485767844108,"{""type"":""Point"",""coordinates"":[82.97195539687712,17.957002072889704]}"
2020,180.0,2025-05-01,290.0107952299572,645,0,40,0.6659981280919909,0.01377572045657871,1.8543341688414132,303.3371066592989,2.598741921860007,"{""type"":""Point"",""coordinates"":[82.08010321306588,19.776350664028968]}"
2021,11.501128264157702,2025-05-01,291.7424556187221,245,0,10,0.3482674133706685,0.004754155138471106,12.120357824412734,306.2303067616054,1.7020494927853937,"{""type"":""Point"",""coordinates"":[80.40790890658862,19.068920493786234]}"
2022,25.421516068098853,2025-05-01,287.0399002801804,397,0,10,0.3643410852713178,0.0016523145231985836,4.611175147764752,306.48570110684346,1.9296050894779049,"{""type"":""Point"",""coordinates"":[80.49846696005064,20.756730557774592]}"
2023,312.4982315572024,2025-05-01,282.20585196358815,406,0,10,0.44039735099337746,0.001956789949872473,5.474901523737816,304.9592990421114,0.8445318477838875,"{""type"":""Point"",""coordinates"":[81.25555439140506,23.61306201880163]}"
2024,350.78047608887164,2025-05-01,281.24925086611796,919,0,40,0.28347826086956524,0.002786114076116064,9.313389954601783,303.8095013300577,1.2200351378460192,"{""type"":""Point"",""coordinates"":[81.18446673944844,22.461771872964558]}"
2025,64.84560157420904,2025-05-01,289.24279276529944,537,0,30,0.2354948805460751,0.007090582707860449,2.180974675301101,304.56354127611434,2.088125746638913,"{""type"":""Point"",""coordinates"":[82.05543197181157,20.084720725412087]}"
2026,270.0,2025-05-01,281.69195338657926,477,0,30,0.27215551743853633,0.0019714824948096066,1.0106174992720562,304.7671371187483,0.8066001246946392,"{""type"":""Point"",""coordinates"":[81.54285816026254,23.415242159314985]}"
2027,44.74512323197315,2025-05-01,293.41235424223396,271,0,10,0.4262086513994911,0.009155451515653112,10.964110067758924,305.12256517864404,1.3825337519258218,"{""type"":""Point"",""coordinates"":[81.77363239592987,18.270184502010775]}"
2028,312.605711309089,2025-05-01,283.00602286202565,510,0,40,0.23571801566579634,0.0078250609431052,0.6850193131321796,303.4604616165161,0.820481836327234,"{""type"":""Point"",""coordinates"":[82.76917809524059,23.113019256251505]}"
2029,47.196034720275115,2025-05-01,283.88184828985305,350,0,40,0.4520462355513902,0.006781458118894079,2.046594359622561,305.62871519724524,1.0465006342539207,"{""type"":""Point"",""coordinates"":[81.33175049893248,22.15880614506806]}"
2030,160.52138476475957,2025-05-01,291.7017248244513,282,0,40,0.20320955402127264,0.013545318702199438,1.4753702193627019,304.7223256883167,2.056405537130272,"{""type"":""Point"",""coordinates"":[82.70899378818613,19.5378864082373]}"
2031,69.25148253868193,2025-05-01,279.5451667422341,827,0,10,0.21856,0.0037895284685873776,9.086256120272523,303.58121821993876,1.4385027301575783,"{""type"":""Point"",""coordinates"":[81.16209774979565,23.069358449860488]}"
2032,283.00766236498845,2025-05-01,284.7329690115792,580,0,40,0.33693207377417905,0.006182789066770056,2.0594585741878277,303.2951260975429,0.5289494957270996,"{""type"":""Point"",""coordinates"":[83.61141388265156,22.47600175507235]}"
2033,72.59310460096727,2025-05-01,289.6568552652995,580,0,40,0.3020425901781834,0.011501445630528906,4.640371334927645,303.52603081294467,2.4300018010018065,"{""type"":""Point"",""coordinates"":[82.2418193019891,19.857493817220714]}"
2034,312.8583078417774,2025-05-01,285.3738265264602,275,0,40,0.6074098147546312,0.005306496480443457,0.6817583173081451,306.11490962618876,1.161830906601154,"{""type"":""Point"",""coordinates"":[81.58862247258901,21.88942796687567]}"
2035,313.0790631748863,2025-05-01,287.47767348516555,333,0,40,0.2329935125115848,0.002173601845242956,2.036071235350009,306.7569413412185,2.1479076713016205,"{""type"":""Point"",""coordinates"":[80.67866954369019,20.756398307294877]}"
2036,107.09647598639718,2025-05-01,281.4522479829334,777,0,40,0.24094978590891397,0.00404049382541416,1.5770662041337071,303.24452504657563,1.3271586584165158,"{""type"":""Point"",""coordinates"":[81.44670702146969,22.673429504846585]}"
2037,203.57107825360646,2025-05-01,283.5707898821149,424,0,10,0.4552106989654302,0.017885237196423986,2.5281600982688133,303.83011958712626,0.8028042262183069,"{""type"":""Point"",""coordinates"":[82.8304517773598,23.534049532888552]}"
2038,331.4805833068931,2025-05-01,282.60776556105844,604,0,40,0.3293591654247392,0.007451235512235144,1.0554604977114324,303.451161021278,0.6234428926678405,"{""type"":""Point"",""coordinates"":[83.23543277471217,23.052824705794322]}"
2039,50.96969730701468,2025-05-01,291.96198454357324,1111,0,30,0.6075889328063241,0.04840414152477024,20.442166959974116,298.2090897787185,0.804875511785846,"{""type"":""Point"",""coordinates"":[82.48030051316252,18.115967840146055]}"
2040,331.52619727002843,2025-05-01,281.6302846272787,760,0,40,0.22774193548387098,0.006817459324338415,1.0550045361109537,303.79352755773635,1.34991191161766,"{""type"":""Point"",""coordinates"":[81.48494971825845,22.795949683855866]}"
2041,227.19197604693716,2025-05-01,281.9022514706566,604,0,10,0.4278913469616354,0.0025197260174536495,2.7276822796806135,305.04052230290006,0.6881655837791458,"{""type"":""Point"",""coordinates"":[80.39523256374675,22.13936204059857]}"
2042,196.96466302278444,2025-05-01,290.31995864141555,495,0,30,0.29854254818993886,0.005470886090733984,3.389943264880089,304.0972501209804,1.2398573286023011,"{""type"":""Point"",""coordinates"":[84.24119806636166,20.512518817184887]}"
2043,35.28469686267476,2025-05-01,290.7033989315941,596,0,30,0.41704702260906484,0.01726882086131809,1.7038344769101421,303.04214990706674,2.097595457929014,"{""type"":""Point"",""coordinates"":[81.66536204356585,19.59250521041988]}"
2044,28.36732785863854,2025-05-01,285.22092474074594,290,0,40,0.7198938992042441,0.008488564947583654,1.053944331116888,305.7094385510399,0.9223573489782089,"{""type"":""Point"",""coordinates"":[82.06887639289226,22.182006690138433]}"
2045,107.12888839099101,2025-05-01,281.12440200079055,689,0,10,0.5637206223104932,0.0034327201638006954,1.5741726207522504,304.13719036465596,1.2080949603438198,"{""type"":""Point"",""coordinates"":[81.05155169312826,22.39585872038615]}"
2046,270.0,2025-05-01,287.8897596086774,404,0,10,0.3570300157977883,0.0039028965029501705,1.9808502597211122,306.4571715309507,1.974172070872217,"{""type"":""Point"",""coordinates"":[81.75810326788749,20.595721885658193]}"
2048,218.37220907359026,2025-05-01,292.9211258661179,146,0,40,0.4243634548177733,0.005087568620183447,2.3647208654997676,306.09019910721554,1.7279724958845948,"{""type"":""Point"",""coordinates"":[80.58477610887321,18.70034691745349]}"
2049,107.25174905268945,2025-05-01,285.8647468203591,443,0,40,0.21874049285062366,0.0013629935774588375,4.680637743604113,305.91266818273635,1.7080740732004762,"{""type"":""Point"",""coordinates"":[80.79451990676291,21.310633540997365]}"
2050,270.0,2025-05-01,290.2803846086775,200,0,30,0.201821804725306,0.003109588483312109,1.4967940473389112,305.9316007069179,1.3646093654687514,"{""type"":""Point"",""coordinates"":[83.77122574272212,21.679180904152634]}"
2051,115.42161887377911,2025-05-01,294.2523898170108,77,0,40,0.2746576069646459,0.002370699504353979,1.0801688918369927,306.44558647700717,2.060156620783883,"{""type"":""Point"",""coordinates"":[80.68256909498982,18.08516454010583]}"
2052,100.54238368945673,2025-05-01,284.11507815406435,681,0,10,0.39058171745152354,0.0018761597666525631,7.559752975338612,305.53462805066795,1.3870050894562087,"{""type"":""Point"",""coordinates"":[80.72962557033445,21.48387001198025]}"
2053,270.0,2025-05-01,285.4246310279483,289,0,10,0.7414759812092742,0.010466410974004248,0.501794145927771,305.0143178758167,0.5746856874551443,"{""type"":""Point"",""coordinates"":[82.69452339029924,22.458789621058447]}"
2054,331.614533397656,2025-05-01,286.00326756068637,295,0,40,0.19188436546877072,0.011032103756406286,1.0541245367680767,305.7015795480637,0.8141150464874027,"{""type"":""Point"",""coordinates"":[82.61233255989502,22.28744396693077]}"
2055,84.30591280992654,2025-05-01,293.006592523484,393,0,10,0.5051777218024069,0.009642749289014318,9.266451870902692,304.6629239491054,1.6205840801976352,"{""type"":""Point"",""coordinates"":[80.93163535457795,18.69492602944713]}"
2056,199.56820494207253,2025-05-01,289.0360637846447,356,0,30,0.22850299401197605,0.004379256823995092,2.9504189585539344,306.13159838176904,2.187664481992977,"{""type"":""Point"",""coordinates"":[80.66892467237781,20.3225138592208]}"
2057,234.14763470977158,2025-05-01,287.9823993501209,772,0,10,0.36276522929500343,0.009387969234921911,20.46146546417189,304.9894620350429,1.557589605727579,"{""type"":""Point"",""coordinates"":[82.51137318408117,20.492150360581977]}"
2058,333.80831686115204,2025-05-01,289.7536047072637,264,0,10,0.6241972771641408,0.0029527686629080563,12.214960582282087,305.8780525298345,0.9402081735630633,"{""type"":""Point"",""coordinates"":[84.18490339850547,21.283468194883486]}"
2059,208.12691067690963,2025-05-01,287.2699911934989,390,0,10,0.3661750862880452,0.0013517133984350949,1.051571567810215,306.50699946993876,1.9163451519747126,"{""type"":""Point"",""coordinates"":[80.50779386849656,20.713418151925605]}"
2060,36.9544200550723,2025-05-01,292.6906164260137,178,0,10,0.6519448318611498,0.0027181945833945065,4.055485451963286,306.8784419922601,2.035546626165272,"{""type"":""Point"",""coordinates"":[80.31071904841268,18.29382490339798]}"
2062,67.29069341242193,2025-05-01,283.21390860421315,499,0,10,0.4737463126843658,0.004651635149457434,18.543990325937667,304.0652037575132,0.8193129552946559,"{""type"":""Point"",""coordinates"":[83.02448026424211,23.727468387616646]}"
2063,101.8867394140066,2025-05-01,292.06212870279944,892,0,10,0.4375390381011868,0.04012171850536106,4.49363409453881,299.98042883191783,1.246207917625338,"{""type"":""Point"",""coordinates"":[82.80469876684288,18.699858275714284]}"
2064,301.86754666935656,2025-05-01,289.23766581217444,158,0,40,0.8154903515728258,0.003413780787923315,1.7562032381827126,306.92050974709645,1.1626564658180307,"{""type"":""Point"",""coordinates"":[83.68309808316288,21.1734009339548]}"
2065,221.80209186969887,2025-05-01,283.980457850865,447,0,10,0.36424891002774473,0.004316344121434668,6.810837424621481,304.2080434617542,0.7754939691364031,"{""type"":""Point"",""coordinates"":[82.65571207688278,23.79107131540304]}"
2066,226.97159956289013,2025-05-01,291.31801714215965,144,0,30,0.3537301851236005,0.0018588446173453121,1.3589834157309717,306.37117590223045,0.684686420343918,"{""type"":""Point"",""coordinates"":[84.33517027688308,21.02175512428431]}"
2067,126.4340317018829,2025-05-01,285.62369864327565,451,0,40,0.24554183813443073,0.008577480176427343,3.120318957272428,302.75193064553395,0.4331766561795165,"{""type"":""Point"",""coordinates"":[83.80331330690385,22.672106384163186]}"
2068,244.95285049985904,2025-05-01,291.0033838181269,112,0,40,0.22769614904446364,0.002044006446340063,1.0952491394930064,306.94429601941795,0.8394761121612111,"{""type"":""Point"",""coordinates"":[84.18317686869514,20.833723240146302]}"
2069,99.48808753485545,2025-05-01,280.0108940487816,742,0,40,0.20418204182041821,0.0030449919495367794,11.111620305892968,303.96044999077213,1.3495925851813995,"{""type"":""Point"",""coordinates"":[81.17939143450415,23.189431509955934]}"
2070,132.85218182903577,2025-05-01,287.34542483375185,222,0,40,0.6132870599900843,0.012346475580670813,1.3634806943157358,305.91406327202213,1.3737331644330146,"{""type"":""Point"",""coordinates"":[82.91722100272045,21.92043991983786]}"
2071,180.0,2025-05-01,281.75925481887083,473,0,40,0.19615952732644018,0.0026119493040823727,0.4637353428839794,305.3345548084804,0.9268471293026906,"{""type"":""Point"",""coordinates"":[80.52361549468505,22.669514038726312]}"
2072,190.2507658981279,2025-05-01,280.83533368791853,800,0,40,0.18926829268292683,0.009144692877271154,2.825313943889629,303.11435740334645,1.268626227623594,"{""type"":""Point"",""coordinates"":[81.55661190304053,22.837562354554695]}"
2073,90.0,2025-05-01,288.020514351981,272,0,40,0.1400329489291598,0.005320235351064184,0.9963653807070468,306.00226779211135,1.810912270203555,"{""type"":""Point"",""coordinates"":[82.01095485943522,21.44310778829799]}"
2074,218.74397852779964,2025-05-01,287.96761140369233,335,0,30,0.22066894480687585,0.006956353047826269,2.3769689656820945,306.29954969315304,1.6996019381252696,"{""type"":""Point"",""coordinates"":[82.48130705952536,20.823327405186202]}"
2075,187.9306000338679,2025-05-01,288.5443471272786,368,0,10,0.32748538011695905,0.0037891261372351437,10.644948021735994,306.83275281815304,1.6328705088820372,"{""type"":""Point"",""coordinates"":[82.18565070990647,20.55717498013074]}"
2076,259.5341085052581,2025-05-01,285.99570501418344,428,0,10,0.3473429951690821,0.0040163688454413204,2.5512718611006298,303.6541348866054,0.4946152307566941,"{""type"":""Point"",""coordinates"":[84.09819366455734,22.538945249255104]}"
2077,90.0,2025-05-01,287.16935294015065,217,0,40,0.23759717314487633,0.00625786111686466,1.9969994892373908,306.2275805246262,1.4833070373730888,"{""type"":""Point"",""coordinates"":[83.16374161053999,21.796414799150284]}"
2078,86.84291619689637,2025-05-01,279.6666964576358,705,0,10,0.3230583257781807,0.00322434232566593,23.79241520516606,303.7943704241798,1.3966963149867921,"{""type"":""Point"",""coordinates"":[81.07256635791519,23.177555804947716]}"
2079,35.53673838908126,2025-05-01,287.7886272612072,318,0,40,0.20917060013486177,0.008105172971227148,3.4153000708326537,306.40967455364404,1.9057155945877755,"{""type"":""Point"",""coordinates"":[82.48520264680242,21.034497379491068]}"
2081,263.43767536177705,2025-05-01,280.843506585984,659,0,30,0.14115722147850662,0.0036975137982153683,4.051072265826695,304.4627402623494,1.1665700303650473,"{""type"":""Point"",""coordinates"":[80.80780616058857,23.029546353066497]}"
2082,294.9428388984002,2025-05-01,287.91114516485305,259,0,40,0.18252290345313602,0.006513907769658545,1.099533517374463,306.05683322179885,1.730600694727625,"{""type"":""Point"",""coordinates"":[82.10281440827166,21.536091865917516]}"
2083,114.99876679476482,2025-05-01,288.7574295770554,270,0,30,0.2177271803212035,0.0066096775326514035,1.0972317647854275,306.0465328125726,1.984044273008749,"{""type"":""Point"",""coordinates"":[82.00855195162413,21.16231047520039]}"
2084,-0.0,2025-05-01,288.09907531738287,246,0,40,0.2108336439309231,0.015642567733266333,0.0,305.74049672626313,1.4518242237560988,"{""type"":""Point"",""coordinates"":[82.49963157187999,21.807888010551892]}"
2085,72.42621938762558,2025-05-01,293.9399886358352,166,0,10,0.3016133442712606,0.017359047392346838,1.5355506433377484,305.209688504537,1.867586781149997,"{""type"":""Point"",""coordinates"":[81.36976140113951,18.16798261356857]}"
2086,275.3800302895269,2025-05-01,290.3734661283948,636,0,40,0.2768630849220104,0.0244152389559531,4.933790167326672,303.22721431368876,2.3979504526404214,"{""type"":""Point"",""coordinates"":[82.4006769432497,19.64999637638844]}"
2087,265.7397006438577,2025-05-01,288.0230720156715,373,0,10,0.48013345465574764,0.011346875885465124,12.29294727955203,306.0353023438227,1.602418966684694,"{""type"":""Point"",""coordinates"":[83.13636238709405,21.382430034005825]}"
2088,107.32612099316121,2025-05-01,290.6007436116536,179,0,30,0.2921832884097035,0.0019894830975317745,1.5568018476077277,306.9278455915906,2.0184164915624185,"{""type"":""Point"",""coordinates"":[83.51711404259531,20.62690717704368]}"
2089,327.26373303501606,2025-05-01,291.59149533226383,164,0,10,0.71318407960199,0.0017325423750662594,5.49618850112084,306.0479453404745,0.6223761245579393,"{""type"":""Point"",""coordinates"":[84.35132138598573,21.045441699124165]}"
2090,151.0296314348975,2025-05-01,291.61630467006137,1205,0,10,0.4559968847352025,0.05965591893527744,19.369531606675114,297.4716048921858,0.9063294035056804,"{""type"":""Point"",""coordinates"":[82.58937037633919,18.0734528113902]}"
2091,90.0,2025-05-01,288.5218513125465,185,0,40,0.2797769893563102,0.00788001642558811,2.97707096976883,306.83790883563813,1.5050476148933163,"{""type"":""Point"",""coordinates"":[83.13115986759853,20.966553747264538]}"
2092,208.2315263141355,2025-05-01,287.7262493315197,275,0,40,0.18590248845850693,0.00382156596515415,1.0526004659567838,306.1203214100429,1.7685092302913437,"{""type"":""Point"",""coordinates"":[81.8203139219835,21.36673942224953]}"
2093,-0.0,2025-05-01,281.0729406447637,391,0,40,0.28706353749284486,5.665861162924557E-4,1.390963080774087,305.5588619141352,1.0035773767210567,"{""type"":""Point"",""coordinates"":[80.72516349327896,23.862858856453904]}"
2094,132.94505312395978,2025-05-01,287.9919266473679,248,0,40,0.18718583539650385,0.009223907450177649,0.6806486374604352,306.13255750565304,1.7187715873864446,"{""type"":""Point"",""coordinates"":[82.22124253168832,21.45198310306638]}"
2095,331.3795360144028,2025-05-01,281.887940179734,537,0,40,0.23842326827401455,0.00452308283183811,2.1122308298732535,304.17810135795963,0.5960775037252677,"{""type"":""Point"",""coordinates"":[81.79162525343028,23.61043844937905]}"
2096,295.26229023961633,2025-05-01,291.00550551641555,574,0,40,0.3550011993283761,0.02079968080852268,1.0865284952486984,302.5166779018583,2.0306074649619705,"{""type"":""Point"",""coordinates"":[82.5823870916927,19.302507429040457]}"
2097,-0.0,2025-05-01,288.3605441138858,427,0,10,0.43922829581993567,0.004916622498967627,1.8543341688295631,305.7194076265608,1.6173809811504782,"{""type"":""Point"",""coordinates"":[82.01552630421956,20.391643094826996]}"
2098,192.0661985521299,2025-05-01,289.1355278378441,295,0,10,0.31382589612289685,0.005769922593572119,4.731441465611491,306.74322296324226,1.6700242549726274,"{""type"":""Point"",""coordinates"":[83.07337780228195,20.673323273018298]}"
2099,256.7887285192791,2025-05-01,288.9693552652995,572,0,10,0.5861865407319953,0.007992371180989721,2.028296489777075,304.39715944017684,2.1323002651781593,"{""type"":""Point"",""coordinates"":[81.95897599473473,20.11192244244949]}"
2100,160.24030871339372,2025-05-01,284.67453802199594,305,0,40,0.17538628354567634,0.005987524250485876,1.4779513034047764,305.8423498698643,1.1492503291645588,"{""type"":""Point"",""coordinates"":[81.31942942506758,21.88773435874666]}"
2101,199.9148675719125,2025-05-01,281.2129378545852,978,0,40,0.16834708218759548,0.004253029087522009,2.9568208413230006,303.8600093750726,1.1315714704760236,"{""type"":""Point"",""coordinates"":[81.48550402413535,23.062701136759365]}"
2102,35.470909140872756,2025-05-01,290.4214339483352,220,0,10,0.3683820807108478,0.002421974400022009,5.111222328599251,306.59262888772145,0.9555285932879445,"{""type"":""Point"",""coordinates"":[84.24675295120075,20.66861979196153]}"
2103,227.55370949058386,2025-05-01,280.52826872326074,381,0,50,0.21042951422698258,6.482742819571286E-4,0.6871004230372241,305.83118334270654,1.0985581520533185,"{""type"":""Point"",""coordinates"":[80.37678608045877,23.849775341520587]}"
2104,103.19886925593006,2025-05-01,289.9249449230376,217,0,40,0.6776273372018052,0.00937680826518772,2.0301669178561386,306.3716293062483,1.781559161908336,"{""type"":""Point"",""coordinates"":[82.82401968815715,20.26410847899044]}"
2105,72.5125915627841,2025-05-01,296.5776897612072,88,0,40,0.39366919304502895,0.01387737617824314,1.5428926231609614,303.82276630401617,1.5389201900325649,"{""type"":""Point"",""coordinates"":[83.78285102151358,19.061078625911254]}"
2106,116.20977192071797,2025-05-01,283.8879866827102,633,0,10,0.4186471663619744,0.005212395647504309,9.365754650412008,305.21438530513217,1.4090068146594088,"{""type"":""Point"",""coordinates"":[80.83787501339667,21.58847290071143]}"
2107,164.7857759546055,2025-05-01,282.11482238769526,467,0,40,0.3137254901960784,0.0034702561888479977,1.921637031485753,304.5794743583316,0.910812092378399,"{""type"":""Point"",""coordinates"":[81.61806213954479,23.18341709134726]}"
2108,117.64397235271872,2025-05-01,282.5181601388114,618,0,10,0.30286874841330286,0.006186663368680456,3.9915424041095533,303.2441530227661,0.8895429583444803,"{""type"":""Point"",""coordinates"":[83.35926229884177,23.56765660294323]}"
2109,164.9143420283032,2025-05-01,286.5789685930525,260,0,30,0.4148786217697729,0.00980998502109287,1.9204707696248577,305.7334573382423,1.2382315910910424,"{""type"":""Point"",""coordinates"":[82.17144109415283,21.957332422477567]}"
2110,336.6134659627687,2025-05-01,284.92213149297805,329,0,30,0.24216190921853065,0.00756508038375614,2.524630064891633,305.46282745542976,0.7784035652585377,"{""type"":""Point"",""coordinates"":[81.98316472992217,22.3405440786678]}"
2111,270.0,2025-05-01,294.7602023170108,46,0,60,0.10493511801369163,0.009937717774846533,2.921173313423886,305.86528746287024,1.966828878474735,"{""type"":""Point"",""coordinates"":[81.39811796815351,17.88131822846856]}"
2112,274.76002400324853,2025-05-01,280.670410882859,443,0,30,0.24656445201590005,5.621157679343014E-4,5.570847752098907,305.39922300974524,1.1821230813280919,"{""type"":""Point"",""coordinates"":[80.57361544569719,23.656797956536153]}"
2113,21.072866642906146,2025-05-01,281.21023486909417,700,0,30,0.32014388489208634,0.003252013782002905,15.050439395788668,304.5202818825132,1.0137537826717202,"{""type"":""Point"",""coordinates"":[80.64845585492385,22.94425470384238]}"
2114,90.0,2025-05-01,283.13839939662387,526,0,40,0.16636528028933092,0.005414768317677954,0.503835130725677,302.9196843192691,0.8251463597051598,"{""type"":""Point"",""coordinates"":[81.98779884500371,23.01481545569576]}"
2115,245.1105782740362,2025-05-01,287.34542483375185,221,0,40,0.6184191651126094,0.012346475580670813,1.1017419547718794,305.91406327202213,1.3737331644330146,"{""type"":""Point"",""coordinates"":[82.94035117924308,21.88722414851882]}"
2116,121.88266303125282,2025-05-01,288.5721791585287,167,0,40,0.2415902140672783,0.005337505796887854,1.7554587547687726,307.44436577388217,1.5585926499759137,"{""type"":""Point"",""coordinates"":[83.42425407668169,21.08694382715402]}"
2117,190.32745458821276,2025-05-01,283.07427760532926,475,0,40,0.29631315430132,0.006285115340688208,2.82599940501204,304.17799672626313,0.9887931301419526,"{""type"":""Point"",""coordinates"":[83.25698864886421,23.848895036449022]}"
2118,349.88315223629917,2025-05-01,291.6702481224424,114,0,10,0.4207504339698224,0.0015524916443609982,2.824129856861758,306.6330690383911,0.6516041766429258,"{""type"":""Point"",""coordinates"":[84.30430242770542,20.921202409140495]}"
2119,232.59752632258846,2025-05-01,281.69195338657926,451,0,30,0.16995136933708727,0.0019714824948096066,7.590086693761641,304.7671371187483,0.8066001246946392,"{""type"":""Point"",""coordinates"":[81.51295905612335,23.429045877509758]}"
2120,164.90474832060605,2025-05-01,285.9151502336775,303,0,40,0.2339050459855829,0.004713370660283545,3.836808649382897,306.0699644997007,1.1404777229620504,"{""type"":""Point"",""coordinates"":[83.296094026837,22.051629945117245]}"
2121,226.6921836301514,2025-05-01,291.0213920956566,632,0,10,0.675054704595186,0.019712954023816565,0.6760636063492215,302.95450923556376,2.3037516053082143,"{""type"":""Point"",""coordinates"":[82.19736767079723,19.505233115772803]}"
2122,298.8311882790089,2025-05-01,280.6267504010882,439,0,10,0.3503414508439634,5.634866747641354E-4,2.882567765383756,305.3258936291649,1.406663601996326,"{""type"":""Point"",""coordinates"":[80.56762080898837,23.445221432580567]}"
2123,173.63383320324854,2025-05-01,290.4032338460286,953,0,30,0.5531467400097072,0.02658794746730564,17.196041665321893,301.252657254537,1.423852533246462,"{""type"":""Point"",""coordinates"":[83.13289407089508,19.35724856457929]}"
2124,197.98805760572887,2025-05-01,291.97584243047805,909,0,40,0.3041888804265042,0.05967260823581455,6.3128420270092205,298.9523468471709,1.0316204473865922,"{""type"":""Point"",""coordinates"":[82.91606949324317,18.620840669730445]}"
2125,226.92472013498255,2025-05-01,287.88558015369233,332,0,40,0.28139321723189736,0.009495376804807165,1.3577941541011587,305.7687589100429,1.4423172717075072,"{""type"":""Point"",""coordinates"":[82.8231383095414,20.775564325178365]}"
2127,105.20888304657645,2025-05-01,294.89750235421315,54,0,40,0.19339533118238755,0.008629067996480444,3.5309930902684172,305.8638516834804,1.7876359126058319,"{""type"":""Point"",""coordinates"":[81.45418767220244,17.915201150684254]}"
2128,312.87219586960225,2025-05-01,284.7715722946893,298,0,40,0.20838052095130238,0.005094184735753515,0.6815803079146113,306.0819855190458,1.2470638525958664,"{""type"":""Point"",""coordinates"":[81.31304987634236,21.82062570924853]}"
2129,279.35134515430013,2025-05-01,292.29370771135603,644,0,10,0.5768302493966211,0.024965821960904577,11.268534063899178,302.3229523159209,1.7808677176072605,"{""type"":""Point"",""coordinates"":[81.71187024049071,18.757444698783786]}"
2130,65.10563987663163,2025-05-01,288.68161810012094,225,0,30,0.3724176437744277,0.002194076040723303,1.101537373338301,305.9159233910697,1.3332393980676618,"{""type"":""Point"",""coordinates"":[84.0237301057069,21.85471027093822]}"
2131,72.58008682591581,2025-05-01,290.3434368315197,638,0,40,0.1833731485905399,0.015305294850804785,1.5486814890542282,303.1086666016352,2.4921345742782868,"{""type"":""Point"",""coordinates"":[82.11633565965887,19.731477559938295]}"
2132,297.65670227056637,2025-05-01,282.50392441522513,533,0,10,0.33854803226594965,0.01127509699199436,3.989855491319232,302.37491939181376,0.7978617852485905,"{""type"":""Point"",""coordinates"":[83.80557230925272,23.49669755234076]}"
2133,216.04320111728052,2025-05-01,281.1959642682757,600,0,10,0.44473134144842,0.005229815104939917,1.720088891328497,304.0796429316203,0.6332445128358424,"{""type"":""Point"",""coordinates"":[82.05010979718894,23.632036514851915]}"
2134,94.03713744979352,2025-05-01,290.8170173281716,460,0,10,0.3426183844011142,0.007886111000516394,19.029054928611263,305.58021840595063,1.5047505123035976,"{""type"":""Point"",""coordinates"":[83.13302309889664,19.77241084325033]}"
2135,144.89649606843207,2025-05-01,298.2643352690197,8,0,30,0.1816996305151054,0.010972603419759253,5.088201258896698,303.11808345431376,4.391206564079953,"{""type"":""Point"",""coordinates"":[84.25807960888028,18.477949652461064]}"
2136,164.98116218039974,2025-05-01,285.44821384974887,329,0,40,0.37537537537537535,0.0025608234200262814,1.9198689956739772,306.87326853615895,1.452674332388527,"{""type"":""Point"",""coordinates"":[80.27388754022374,21.284753988222896]}"
2137,350.94594267229456,2025-05-01,282.3096698579334,681,0,10,0.46406570841889117,0.011725782612302282,15.571248785205226,303.2864126023792,0.918877000660498,"{""type"":""Point"",""coordinates"":[81.838693132557,22.652385424732966]}"
2138,313.22756897817516,2025-05-01,290.3827434721447,290,0,30,0.4645019262520638,0.006987496474721411,0.6770702044039562,305.90590199970063,1.9882005330887307,"{""type"":""Point"",""coordinates"":[82.50412443110679,19.953392839440795]}"
2139,199.3723133882028,2025-05-01,292.39150347028465,134,0,40,0.2246171852140837,0.004940553763844946,1.4744056448688327,307.303955850147,1.971284556437413,"{""type"":""Point"",""coordinates"":[80.20357556430332,18.556362005420553]}"
2140,180.0,2025-05-01,279.7391190301804,542,0,30,0.2508936846286244,5.762122664236813E-4,5.087785128130928,305.74216502053395,1.0439381572629147,"{""type"":""Point"",""coordinates"":[80.23308541525971,23.901566814335226]}"
2141,53.12593207557374,2025-05-01,281.12178620837983,795,0,10,0.45955882352941174,0.005631371596791723,6.921638002502698,303.34800579434346,0.6247531744430107,"{""type"":""Point"",""coordinates"":[82.10365532030758,23.535862302797614]}"
2142,-0.0,2025-05-01,281.5522700718471,586,0,30,0.29007305543618395,0.004466681936719397,2.3174627380815918,304.252442178272,0.600669347080347,"{""type"":""Point"",""coordinates"":[81.89036688755428,23.5547900731002]}"
2143,46.49030835386119,2025-05-01,292.21143232073103,861,0,40,0.4105455653764096,0.04452431128356693,0.6735503566392087,299.18475709642684,0.9924377863791674,"{""type"":""Point"",""coordinates"":[82.67034281464613,18.325000029523437]}"
2144,180.0,2025-05-01,285.38620213099887,306,0,40,0.836036036036036,0.0021898888144278317,0.9274099368670311,306.8489009766352,1.4967750577474115,"{""type"":""Point"",""coordinates"":[80.42850099058602,21.349656229559322]}"
2145,354.8113541529928,2025-05-01,283.2139318557012,501,0,30,0.2098996030819519,0.017130821207501867,5.5702271209083145,303.751953897022,0.8169730640903902,"{""type"":""Point"",""coordinates"":[82.76645047004749,23.40866637060391]}"
2146,180.0,2025-05-01,288.324207850865,264,0,40,0.33243667339161626,0.009249597052075842,1.8543341688295631,306.36019538697747,1.5340085359126854,"{""type"":""Point"",""coordinates"":[83.13888618596494,21.144932980896947]}"
2147,119.0049386450593,2025-05-01,285.99570501418344,458,0,10,0.4793842770753161,0.0040163688454413204,5.71934545496598,303.6541348866054,0.4946152307566941,"{""type"":""Point"",""coordinates"":[84.112267898665,22.47665215280298]}"
2148,160.29191026328252,2025-05-01,285.56726146879646,300,0,40,0.7302504816955684,0.002380206445195654,1.4774741123395518,306.3249228795369,1.0327070501067632,"{""type"":""Point"",""coordinates"":[80.27613585297125,21.478914588793113]}"
2149,180.0,2025-05-01,289.4000425792876,138,0,10,0.3192346424974824,0.0026005946192526608,1.8543341688414132,307.57681787581674,1.4647588165871865,"{""type"":""Point"",""coordinates"":[83.74508143566261,20.961661981255222]}"
2150,294.86607896226155,2025-05-01,288.7397991362072,311,0,10,0.43103448275862066,0.0021287791523718624,1.1027101083089061,305.06554671696256,1.2451955200135616,"{""type"":""Point"",""coordinates"":[84.38340700157177,22.03890803576864]}"
2151,16.447785289854327,2025-05-01,281.7984800792876,645,0,10,0.5523321956769056,0.003265991071202734,5.303657315101894,304.2814077195667,1.202135215619931,"{""type"":""Point"",""coordinates"":[81.03497542551939,22.51174220318262]}"
2152,169.69612880219415,2025-05-01,282.48263767787387,840,0,10,0.49756161855805986,0.019545137146451452,2.8257880377022953,302.6844257627214,0.8604341954771605,"{""type"":""Point"",""coordinates"":[82.55892610470985,23.54369702842949]}"
2153,132.4334299161055,2025-05-01,282.23195757184703,444,0,10,0.4296724470134875,0.006838425258138159,4.799854381128717,304.6915872210548,0.7276730097228864,"{""type"":""Point"",""coordinates"":[81.75294997287963,23.90847796209985]}"
2154,180.0,2025-05-01,291.27346729096917,234,0,10,0.4290909090909091,0.005608081081845739,1.390963080774087,305.5421557199387,1.5704120950298155,"{""type"":""Point"",""coordinates"":[80.57289299046032,19.532808375497062]}"
2155,133.34977510122138,2025-05-01,294.18267604282926,475,0,40,0.545332257196664,0.04504980073306797,3.3739462899432997,301.7899061384655,1.2232319285222992,"{""type"":""Point"",""coordinates"":[83.32385671986187,19.26633798530842]}"
2156,193.62861564037672,2025-05-01,290.7471640450613,254,0,10,0.4315898856944925,0.004308118680455664,10.382821859528171,306.3113730748494,1.9168491142297976,"{""type"":""Point"",""coordinates"":[83.16654021495302,20.382776219448512]}"
2157,-0.0,2025-05-01,289.0360637846447,374,0,30,0.2856382978723404,0.004379256823995092,0.4637353428839794,306.13159838176904,2.187664481992977,"{""type"":""Point"",""coordinates"":[80.69644532873815,20.25474952130058]}"
2158,-0.0,2025-05-01,288.74779183524,231,0,30,0.2752832563994964,0.0070593200716757565,0.463735342881014,306.4776444662185,1.4152851333847103,"{""type"":""Point"",""coordinates"":[83.41859502755523,21.32914174603092]}"
2159,307.3642121106241,2025-05-01,282.3827609107608,700,0,10,0.5028644919911143,0.015271811941602209,3.815089221244289,303.56540720803395,0.8701083083826199,"{""type"":""Point"",""coordinates"":[82.41907094658612,23.61137271399893]}"
2160,28.2204054194997,2025-05-01,285.44821384974887,326,0,40,0.2908449242266971,0.0025608234200262814,2.104271841052386,306.87326853615895,1.452674332388527,"{""type"":""Point"",""coordinates"":[80.34462080634,21.298290857122172]}"
2161,57.63847825113034,2025-05-01,292.7694099062965,296,0,10,0.5145762711864407,0.0031268291268133908,3.46135689334478,305.8297126860845,2.17194030226581,"{""type"":""Point"",""coordinates"":[80.33480973404058,18.099628167354577]}"
2162,166.5881318595343,2025-05-01,285.8647468203591,419,0,10,0.43561306223043744,0.0013629935774588375,4.282732474913546,305.91266818273635,1.7080740732004762,"{""type"":""Point"",""coordinates"":[80.75414769347445,21.261819547165445]}"
2163,-0.0,2025-05-01,288.705567132859,347,0,80,-0.10317460317460317,0.0030180804524206906,0.0,306.5215432757423,2.427869568321983,"{""type"":""Point"",""coordinates"":[81.46734221915635,20.58198915871965]}"
2164,180.0,2025-05-01,285.59229750860305,297,0,40,0.1792273590880304,0.0032682709488653927,2.3174627380815918,306.52163628169467,1.672668425966917,"{""type"":""Point"",""coordinates"":[81.23233953021696,21.470214122053136]}"
2165,90.0,2025-05-01,284.8014853341239,576,0,40,0.1974434611602753,0.01007015929553745,1.0057873783119016,302.2231685547601,0.49458290700692686,"{""type"":""Point"",""coordinates"":[83.69823420231431,22.77071373841103]}"
2166,132.9703366454544,2025-05-01,290.10235377720426,153,0,40,0.8614941345955958,0.0034217678103232174,1.360460562258655,306.65110056740895,1.0668585033671856,"{""type"":""Point"",""coordinates"":[83.80164252034439,21.3227862223091]}"
2167,47.07973968079582,2025-05-01,287.7213200160435,214,0,40,0.28210526315789475,0.007223471263387182,1.3617382118664094,306.3399724052066,1.4054089124772435,"{""type"":""Point"",""coordinates"":[83.42518332267305,21.578350037161304]}"
2169,270.0,2025-05-01,285.381825038365,457,0,10,0.3942806341680249,0.009758769730069616,9.944393172139533,304.803938411531,0.4612209816073926,"{""type"":""Point"",""coordinates"":[82.71519263411156,22.587405932367535]}"
2170,199.43507247478803,2025-05-01,292.94296482631137,522,0,10,0.4978972855868485,0.013808428505399206,22.39075747632647,304.09164069947747,1.3655236787584826,"{""type"":""Point"",""coordinates"":[80.92056342590199,19.142311831931362]}"
2171,324.2101707835726,2025-05-01,285.6606626964751,297,0,50,0.35329501403555674,0.010955407479741552,1.7145914275376968,305.5944890067691,0.6948179043925324,"{""type"":""Point"",""coordinates"":[82.73986282114335,22.37701891228962]}"
2172,-0.0,2025-05-01,297.6496705554781,33,0,40,0.46444780635400906,0.016028314093091467,2.317462738066788,303.5747194290161,2.577844415636119,"{""type"":""Point"",""coordinates"":[83.79393657068209,18.512431379216896]}"
2173,95.49604446956222,2025-05-01,284.83139256068637,737,0,10,0.71720801658604,0.009178116181828955,22.905900485380656,303.7901793434507,0.6297926628932263,"{""type"":""Point"",""coordinates"":[82.93347986074454,22.525393419036526]}"
2174,-0.0,2025-05-01,295.75008210681733,126,0,10,0.2740554156171285,0.0110943161043906,3.704791833671086,303.36686275118876,1.4106356382803051,"{""type"":""Point"",""coordinates"":[83.73085182598335,19.13182959915098]}"
2175,332.2390513022957,2025-05-01,293.95902579171315,178,0,10,0.3354338342220068,0.014912813166120031,1.0480155011629657,303.49187437693274,0.9053459485770545,"{""type"":""Point"",""coordinates"":[82.04955555461584,18.213247660928214]}"
2176,259.57902896481914,2025-05-01,284.3938634963262,712,0,40,0.2364542246211335,0.011636792877652624,2.5621325481900326,301.3817611421858,0.9151569239667645,"{""type"":""Point"",""coordinates"":[84.17643108222462,23.13731647445185]}"
2177,133.02808092786861,2025-05-01,287.4032861618769,302,0,40,0.2444812362030905,0.001824139812924841,0.6795913477350958,306.85353383563813,2.1895605906158067,"{""type"":""Point"",""coordinates"":[81.06379129973898,21.023888216208693]}"
2178,212.5113591509502,2025-05-01,294.44334266299296,332,0,40,0.3322005097706032,0.017478390792348364,2.7475290091365454,303.3258064360845,1.4023141395609178,"{""type"":""Point"",""coordinates"":[83.56235905398228,19.711888829831945]}"
2179,12.472192121564806,2025-05-01,293.66007559640065,693,0,10,0.6914006007342307,0.02811331973407505,41.03626386416965,302.89875216711135,1.3665162647641336,"{""type"":""Point"",""coordinates"":[82.05319393857172,18.687961154641595]}"
2180,270.0,2025-05-01,281.08732169015065,476,0,30,0.2946742362800757,0.002001851061322668,2.0209543339107356,305.47874309903096,1.1214436578234563,"{""type"":""Point"",""coordinates"":[81.15302302459033,23.43759790191447]}"
2181,216.05049369305684,2025-05-01,281.01546296619233,396,0,40,0.24103990585214508,5.273513588690548E-4,3.4374004579277244,305.5268678665161,1.1765647110210753,"{""type"":""Point"",""coordinates"":[80.67993176875743,23.667425319027423]}"
2182,146.21186819313107,2025-05-01,283.2936263311477,514,0,10,0.48596938775510207,0.005648105600812414,14.20910075814671,303.50262237730476,0.8637466916339271,"{""type"":""Point"",""coordinates"":[82.48439328848752,23.12340328554466]}"
2183,125.38976917182356,2025-05-01,292.976069132487,347,0,30,0.38921859545004944,0.01090934799049137,2.4008574413158903,304.213594754537,1.6214457269197982,"{""type"":""Point"",""coordinates"":[80.99487674706208,18.70298404132615]}"
2184,133.11033313610614,2025-05-01,290.5838630312965,156,0,40,0.3394843962008141,0.001496165255048254,1.3569068563623183,307.34142562321256,1.8986476264142247,"{""type"":""Point"",""coordinates"":[83.66862139508395,20.589817236013452]}"
2185,256.6445098515521,2025-05-01,296.30686805361796,103,0,40,0.35982879853255884,0.01294276044700382,2.0068034296243513,304.0566065197899,1.6501119210958468,"{""type"":""Point"",""coordinates"":[83.28287359955276,18.258616110741855]}"
2186,289.9240086809507,2025-05-01,294.0402664911179,862,0,30,0.5173631547969394,0.04679462240073917,38.08934043643226,301.64338107336135,1.1634967468353323,"{""type"":""Point"",""coordinates"":[83.25706933718224,19.157888972403473]}"
2187,324.4082524872356,2025-05-01,288.17949640183224,260,0,30,0.19911613061625338,0.013025446990468481,1.710341230957014,306.2638063430786,1.632874707783792,"{""type"":""Point"",""coordinates"":[83.02021660245475,21.334279898976455]}"
2188,100.6103125789039,2025-05-01,289.02457754952565,280,0,40,0.4878361075544174,0.00762371645305393,2.5169797722020846,306.17504960014713,1.7804487783445546,"{""type"":""Point"",""coordinates"":[82.92447036246215,20.503133882593534]}"
2189,118.9564855908751,2025-05-01,281.1495601109096,593,0,30,0.1483281779348947,0.005198716381528357,2.8711873400525425,303.43968641190304,1.088094877928437,"{""type"":""Point"",""coordinates"":[80.86240477804932,22.751466305674345]}"
2190,65.25519676598465,2025-05-01,283.2197679792132,573,0,40,0.2574277997091211,0.008060633400418737,1.1077705584232251,303.32950923556376,0.832771520760466,"{""type"":""Point"",""coordinates"":[82.04130746043239,22.810632025854716]}"
2191,84.727079020921,2025-05-01,281.70499747140065,692,0,10,0.4070967741935484,0.003332033017613867,5.033210656563503,304.1136133557274,1.1390514050581986,"{""type"":""Point"",""coordinates"":[81.00951661834466,22.64532738308859]}"
2192,137.90885277993843,2025-05-01,295.52206638881137,178,0,30,0.37205987170349253,0.028142555812337378,4.366018707759529,302.9706167039417,1.0454834409843707,"{""type"":""Point"",""coordinates"":[83.22497265130423,18.39315325977029]}"
2193,310.1331361952308,2025-05-01,291.38900974818637,923,0,30,0.4124407412728056,0.029189988234975317,5.736510345077814,299.37614009493876,1.1599948218151372,"{""type"":""Point"",""coordinates"":[82.71015631191923,18.47733628843454]}"
2194,82.7205051658641,2025-05-01,290.29935782296315,699,0,10,0.5978229733600687,0.014885469535329321,35.093863413731754,303.55215385981967,1.727039857401745,"{""type"":""Point"",""coordinates"":[81.09875009002334,19.843237351307366]}"
2195,126.89747118989344,2025-05-01,289.3063100179036,365,0,10,0.1270222999562746,0.004169701794126013,3.086664741667352,306.0694064639864,2.173807973472308,"{""type"":""Point"",""coordinates"":[80.71024242745534,20.208588326989073]}"
2196,133.32632707748317,2025-05-01,291.1725558326358,568,0,40,0.25032182562902283,0.02070204840038059,2.026744354524592,302.80163070133756,2.0662914115211617,"{""type"":""Point"",""coordinates"":[81.7583078233625,19.400646876264478]}"
2197,127.12899031591293,2025-05-01,294.42052714029944,237,0,40,0.49837310195227763,0.0535876147541785,3.0701969615621585,301.25079132261726,0.5648286952431515,"{""type"":""Point"",""coordinates"":[83.2472801614549,18.85114523671295]}"
2198,332.15967601746763,2025-05-01,296.30246189662387,102,0,40,0.5040231070765422,0.011781393745877722,3.143536809772501,304.00136679694776,1.3461468478772236,"{""type"":""Point"",""coordinates"":[83.49887975311269,18.788241116367693]}"
2199,-0.0,2025-05-01,289.8832143147786,209,0,30,0.24439265948150307,0.0030183635744833737,2.7802885155465065,307.1243904204595,1.870737202024739,"{""type"":""Point"",""coordinates"":[83.40613170523824,20.733298523755]}"
2200,259.4467592419944,2025-05-01,287.9460630871001,246,0,40,0.5738579526508836,0.008172764638402441,2.5304186002931104,306.3562775112334,1.515348908856427,"{""type"":""Point"",""coordinates"":[83.34074823068693,21.330131267891428]}"
2201,132.43894586715362,2025-05-01,281.0729406447637,386,0,30,0.1917312661498708,5.665861162924557E-4,0.6871967344725199,305.5588619141352,1.0035773767210567,"{""type"":""Point"",""coordinates"":[80.70542714560155,23.882949044995684]}"
2202,249.77449859004247,2025-05-01,281.2909931001209,705,0,40,0.2295679333680375,0.005278377989270666,2.680854619370974,303.3376588821411,1.4213574255167676,"{""type"":""Point"",""coordinates"":[81.19449777598663,22.914651520469004]}"
2203,331.4986860256132,2025-05-01,283.7252960205078,428,0,30,0.21307405875051716,0.0057248614821219235,3.162979260386663,303.41330759865895,0.8246589180862558,"{""type"":""Point"",""coordinates"":[82.22076338621399,22.95177076597754]}"
2204,79.64792628754584,2025-05-01,283.41476658412387,376,0,10,0.3381389252948886,0.008073418596723059,2.578974089569856,304.2525177456083,0.723506088633865,"{""type"":""Point"",""coordinates"":[83.56475023588526,24.027812603755017]}"
2205,242.27382279660264,2025-05-01,291.53215753464474,621,0,30,0.460376358335542,0.019808381060101965,4.971355102331672,302.24125239962626,1.7691162197254393,"{""type"":""Point"",""coordinates"":[81.58885704480888,18.90316728922563]}"
2206,139.34908557271373,2025-05-01,287.8449133010137,291,0,10,0.38706516413522785,0.011912941196897009,3.05332043133201,306.36083480290006,1.8462163620715553,"{""type"":""Point"",""coordinates"":[82.60669635094585,21.298847300293748]}"
2207,249.6966991590411,2025-05-01,284.68931434268046,526,0,10,0.39815656237829417,0.00717636869285343,2.67102739153203,304.91649886540006,0.7993221565630703,"{""type"":""Point"",""coordinates"":[81.86382709365897,22.341026385118074]}"
2208,27.913804771029977,2025-05-01,291.45884559268046,575,0,10,0.29964874358281546,0.016918881991841772,1.049492676008092,302.87379750751313,2.1881479674519784,"{""type"":""Point"",""coordinates"":[82.27542948586438,19.302180832976067]}"
2209,336.9844737072547,2025-05-01,290.42889186314176,601,0,10,0.5330330330330331,0.01649391577575443,2.51764176266988,303.15736684345063,2.1258842915934095,"{""type"":""Point"",""coordinates"":[81.69437180588459,19.67262043935952]}"
2210,226.76790456021456,2025-05-01,290.4161616734096,295,0,40,0.2706930014841877,0.0066679708752417355,0.6770133107744155,306.13629518236434,1.8492240455683173,"{""type"":""Point"",""coordinates"":[80.47590443180812,19.928504295356916]}"
2211,115.24193448038535,2025-05-01,292.8448667980376,429,0,10,0.5192103264996204,0.02791301832530735,3.258913712897551,302.60256889888217,1.1153816636044227,"{""type"":""Point"",""coordinates"":[83.27446640379407,19.45235240039817]}"
2212,64.5802107297406,2025-05-01,294.4839571998233,191,0,10,0.4302707778995148,0.007285251477696875,1.080241450646464,305.74579225267684,2.110276625543017,"{""type"":""Point"",""coordinates"":[81.04856824748276,18.099324277233563]}"
2213,180.0,2025-05-01,288.6798044840495,216,0,10,0.5304955527318933,0.00687669144008396,1.390963080774087,305.7959747768584,1.2573329287892725,"{""type"":""Point"",""coordinates"":[83.62869150305616,21.48234196167592]}"
2214,270.0,2025-05-01,295.169910975865,150,0,10,0.6178414096916299,0.011549039939382055,4.898147918165489,302.0976802735102,1.4953933063734373,"{""type"":""Point"",""coordinates"":[83.95213856918079,19.18441495549609]}"
2215,-0.0,2025-05-01,284.954102289109,274,0,40,0.2171592775041051,0.0069651298317694454,0.9274099368611016,305.8062809989566,0.8884931567606746,"{""type"":""Point"",""coordinates"":[81.91158486121131,22.153556328838356]}"
2216,165.00338710866316,2025-05-01,288.00272696358815,323,0,40,0.7880235529385624,0.006791888931729773,3.8350387857164434,306.1644701730637,2.028676628232996,"{""type"":""Point"",""coordinates"":[82.25293581027111,21.055402911729427]}"
2217,308.2706329713076,2025-05-01,282.76575942266555,661,0,10,0.47203274215552526,0.008279188731648901,8.91217260877124,302.74217664627804,0.504355810978204,"{""type"":""Point"",""coordinates"":[83.31756859640821,23.01443069591828]}"
2218,220.7927308954885,2025-05-01,284.55878630138574,297,0,40,0.1528123444499751,0.0043675147089743405,3.059820469584789,305.9512191499983,1.023016204134144,"{""type"":""Point"",""coordinates"":[81.46008573014686,22.021272772250853]}"
2219,270.0,2025-05-01,287.65865144275483,288,0,40,0.27905432328330454,0.006554513433911779,0.49898035082740777,305.6368822824387,1.4594832450463797,"{""type"":""Point"",""coordinates"":[81.86957776639679,21.663789511626305]}"
2220,-0.0,2025-05-01,288.0633377801804,225,0,40,0.4016770354341358,0.010216667512395361,0.9274099368611016,306.1594885417393,1.5641741377694178,"{""type"":""Point"",""coordinates"":[82.92483367791417,20.995082227422465]}"
2221,285.1800107516097,2025-05-01,294.0306345621745,146,0,10,0.44100467289719625,0.006404011705853918,3.5375340543471,305.6448575428554,1.9573096927801896,"{""type"":""Point"",""coordinates"":[80.86391688735405,18.26454858027534]}"
2222,133.12228760533725,2025-05-01,288.5405803862072,409,0,10,0.36332722992414335,0.0046856992039465695,0.6783973971696846,306.29099314553395,1.5591814408569906,"{""type"":""Point"",""coordinates"":[82.13384059261233,20.52629137114917]}"
2223,-0.0,2025-05-01,290.29935782296315,461,0,10,0.42874922215308026,0.014885469535329321,1.390963080774087,303.55215385981967,1.727039857401745,"{""type"":""Point"",""coordinates"":[81.12830309188287,19.841087176234417]}"
2224,222.42365318699112,2025-05-01,288.7765248616536,634,0,10,0.46040092014459416,0.006718038776853064,8.727108135946514,305.32292906443274,1.556022344629098,"{""type"":""Point"",""coordinates"":[82.15716700695623,20.29652909079276]}"
2225,192.0794639162258,2025-05-01,288.1094047909691,367,0,30,0.23139095293964282,0.005728780487515905,2.369877993502621,306.2954167411441,1.8011533489581426,"{""type"":""Point"",""coordinates"":[82.38706218986617,20.84380597111029]}"
2226,34.356821998762605,2025-05-01,283.0630355108352,412,0,40,0.19666319082377476,0.007639228561856726,4.48480770948171,304.19338921138217,0.8339864727428284,"{""type"":""Point"",""coordinates"":[83.47575153614507,23.897909701566164]}"
2227,160.5035121933525,2025-05-01,290.3700249081566,256,0,10,0.3620963472736898,0.004750400045850256,1.475533016268755,306.5006925037929,1.7530518406204942,"{""type"":""Point"",""coordinates"":[80.31949623957446,19.69673959593622]}"
2228,112.80080485376301,2025-05-01,281.4629669189453,661,0,10,0.5196051549218536,0.0036844752821707516,5.96176249192902,304.34866264888217,1.0171187963812949,"{""type"":""Point"",""coordinates"":[80.73326132772746,22.356923857059286]}"
2229,182.29606310578146,2025-05-01,281.6751193091983,572,0,10,0.4318490566037736,0.003840550044515112,12.336927186845273,304.55844920022145,1.0441231196115337,"{""type"":""Point"",""coordinates"":[80.74972986650425,22.523087217735075]}"
2230,83.95903155383796,2025-05-01,281.7449377150762,671,0,10,0.3036704119850187,0.00293674991462467,12.992345043238217,303.9381925037929,0.5427058208525524,"{""type"":""Point"",""coordinates"":[81.81602475627729,23.484254463818765]}"
2231,188.46309141115015,2025-05-01,282.8110533214751,623,0,10,0.2529384109073813,0.0053464166912817745,10.2054056097783,303.5375519252959,0.8024870475750925,"{""type"":""Point"",""coordinates"":[83.10148968076548,23.584964986943298]}"
2232,132.44555655852312,2025-05-01,283.0335816882905,403,0,40,0.2973358705994291,0.007345258453824499,1.374022513379222,304.1026270276024,0.8091309641679746,"{""type"":""Point"",""coordinates"":[83.57931152753002,23.853047991568992]}"
2233,66.29108929644359,2025-05-01,283.08623468308224,435,0,10,0.40920613742495,0.004911571005322912,13.579909896978581,303.62516353243876,0.8211811768273914,"{""type"":""Point"",""coordinates"":[82.46752154997117,23.807639851683074]}"
2234,-0.0,2025-05-01,288.0288558233352,287,0,40,0.17371995820271682,0.00953203366134403,2.7802885155287553,306.2729151135399,1.4964446512367513,"{""type"":""Point"",""coordinates"":[82.71162601899762,20.80852847028308]}"
2235,21.19054125358193,2025-05-01,281.21023486909417,627,0,40,0.1558836300477638,0.003252013782002905,6.929286609913511,304.5202818825132,1.0137537826717202,"{""type"":""Point"",""coordinates"":[80.63153321680605,22.89453196333219]}"
2236,180.0,2025-05-01,295.5043778192429,136,0,30,0.4901509705248023,0.018459557751157263,1.390963080774087,302.7786349796114,1.1547075749422655,"{""type"":""Point"",""coordinates"":[84.34598893509109,19.801661605708425]}"
2237,199.94450773617422,2025-05-01,283.9258168538411,796,0,10,0.37532308529451774,0.013949885228612402,5.8990743836374655,301.16460386912024,0.8158876532506083,"{""type"":""Point"",""coordinates"":[84.08338588939303,23.278817568547552]}"
2238,38.52682448003493,2025-05-01,289.25723193940667,746,0,30,0.33363417569193743,0.00993142948482273,2.369787277608547,302.6794906343733,1.636277648357978,"{""type"":""Point"",""coordinates"":[82.97085683521284,19.61437844993922]}"
2239,175.9853652158618,2025-05-01,293.06648835681733,149,0,10,0.39201424966602344,0.002650632718541601,6.939165099360014,306.4642574219476,2.0517432139461538,"{""type"":""Point"",""coordinates"":[80.4351519022627,18.214266710909126]}"
2240,256.7458800728949,2025-05-01,290.7033989315941,611,0,40,0.5510101643869997,0.01726882086131809,2.0218615023552493,303.04214990706674,2.097595457929014,"{""type"":""Point"",""coordinates"":[81.73299831631488,19.578799860179352]}"
2241,-0.0,2025-05-01,290.77114795503155,607,0,40,0.22126847877920838,0.023860066393353918,0.9274099368670311,303.01776490892684,2.4391556508810144,"{""type"":""Point"",""coordinates"":[82.30347854330645,19.610810313656508]}"
2242,249.5504117429765,2025-05-01,288.213862101237,239,0,30,0.10243183492999262,0.012865736344792822,2.6527558865421828,306.2902490979149,1.6223485723582995,"{""type"":""Point"",""coordinates"":[83.03055124189956,21.21824310059595]}"
2243,65.45408970357178,2025-05-01,283.95640999930237,486,0,10,0.45477674596107365,0.008218541005589941,3.345163341761787,303.9815681548345,0.7153882688720095,"{""type"":""Point"",""coordinates"":[82.32610813130212,24.021860391252883]}"
2244,332.0660699175802,2025-05-01,291.3691878545852,253,0,10,0.3596629805160611,0.006043686727025488,1.049688030590969,306.0285187221709,1.6002035687062537,"{""type"":""Point"",""coordinates"":[80.4630925344013,19.441055450376602]}"
2246,300.15248872742256,2025-05-01,292.77766999744233,1176,0,30,0.5316030534351145,0.03843150959346531,19.519318503220425,299.20418952760247,0.7382875295487461,"{""type"":""Point"",""coordinates"":[82.43410894692887,18.090044722313344]}"
2247,221.23483185814536,2025-05-01,294.0734521775018,488,0,10,0.7735571260306242,0.061319454768636206,7.35931262841614,299.64720013028096,1.5344938884992692,"{""type"":""Point"",""coordinates"":[82.8657032703483,18.05812667758744]}"
2248,340.5146170662896,2025-05-01,290.9298277355376,262,0,10,0.3710961420698102,0.007338508227803686,1.4754318435721216,305.7010389509655,1.6685562146510569,"{""type"":""Point"",""coordinates"":[80.50438695031477,19.59793836734354]}"
2249,180.0,2025-05-01,282.73675319126676,445,0,40,0.2397364419665484,0.007926001409032324,3.704791833671086,305.215059598287,1.1403780329967257,"{""type"":""Point"",""coordinates"":[81.10899559116828,21.962452189574613]}"
2250,6.26455741909466,2025-05-01,287.65376863025483,405,0,10,0.33923683786829817,0.009714110949971655,17.617650524918652,305.860840615772,1.5342474892956015,"{""type"":""Point"",""coordinates"":[82.8202785141288,20.88245938263301]}"
2251,232.5795568873341,2025-05-01,292.8114776611328,628,0,10,0.6089577950043066,0.01672147140834568,19.10169545729503,300.57510307856967,1.5193221652401492,"{""type"":""Point"",""coordinates"":[84.03957610318352,19.66234116436082]}"
2252,180.0,2025-05-01,290.9263400123233,295,0,10,0.405933158092377,0.006560250380971411,0.9274099368611016,305.41653955550424,1.6622906996427655,"{""type"":""Point"",""coordinates"":[80.60570570867021,19.696151128248804]}"
2253,238.07674039501669,2025-05-01,289.7557729085286,135,0,10,0.558956141549392,0.0018320821318411618,1.7534630889598395,307.6844199498495,1.5309040202442703,"{""type"":""Point"",""coordinates"":[83.81778958879644,20.850599825127016]}"
2254,121.93719133006128,2025-05-01,288.7084619431269,305,0,40,0.7012310080958191,0.00522266254756687,1.7527794741406837,306.63909698667976,1.9457023613925828,"{""type"":""Point"",""coordinates"":[81.75848295892345,20.768969646061326]}"
2255,140.33774689762714,2025-05-01,292.4120635986328,384,0,30,0.23421854592947322,0.0030199430975699215,8.37357474997958,306.15998263586135,1.891131553073462,"{""type"":""Point"",""coordinates"":[80.52243933046276,18.617823245952643]}"
2256,160.09330034282888,2025-05-01,280.9901014055525,686,0,40,0.17737636955877997,0.004556640246846655,4.430094193968628,304.1991090774536,1.228414449240916,"{""type"":""Point"",""coordinates"":[80.9157610457762,23.00286668466989]}"
2257,270.0,2025-05-01,289.42221287318637,270,0,40,0.27750579747487764,0.005959435561635473,0.49496433064952344,306.43060089292976,1.837570587229335,"{""type"":""Point"",""coordinates"":[82.98729010244224,20.46187127746838]}"
2258,14.787768256130189,2025-05-01,291.3885389055525,896,0,40,0.47676974937710687,0.05196568296287296,1.917810989264229,298.75266306740895,1.004363017825864,"{""type"":""Point"",""coordinates"":[82.92742478354597,18.732289559430832]}"
2259,180.0,2025-05-01,280.59897068568637,384,0,30,0.19423219127434063,6.101720127844601E-4,0.463735342881014,305.4524340402512,0.9926301703440449,"{""type"":""Point"",""coordinates"":[80.51024260231685,23.986176582630268]}"
2260,43.306678694120606,2025-05-01,287.87912205287387,429,0,10,0.40799750078100594,0.0026496492419028073,10.707379026972722,306.3450935454595,2.176444737795285,"{""type"":""Point"",""coordinates"":[80.71189424439694,20.59173755270855]}"
2261,217.78378324615588,2025-05-01,281.124512445359,758,0,40,0.19672131147540983,0.006299778083302954,4.100414665529946,303.3430764788673,1.4433431055109465,"{""type"":""Point"",""coordinates"":[81.44338742040938,22.8695456066954]}"
2262,270.0,2025-05-01,298.20264325823103,40,0,30,0.4560858514543914,0.005463852742650488,1.951937796793016,303.37537860870367,5.060730075221364,"{""type"":""Point"",""coordinates"":[83.7280492796156,18.20225518075448]}"
2263,191.89589745749262,2025-05-01,293.8828655424572,181,0,40,0.6060175986375248,0.013261958220937231,2.368268202294167,304.01926462990895,1.026573871583106,"{""type"":""Point"",""coordinates"":[81.95954236544121,18.30349718069575]}"
2264,148.52942605661872,2025-05-01,292.63049389067146,585,0,10,0.5957093216497961,0.012586682299115637,17.38855603374307,303.4823122024536,1.3616219122883042,"{""type"":""Point"",""coordinates"":[83.54298856849476,19.841490888670716]}"
2265,312.4821148865401,2025-05-01,282.73363167899,535,0,10,0.3070407623080995,0.007219805577733496,2.059105280275225,303.89593873705184,1.0060238427921255,"{""type"":""Point"",""coordinates"":[83.50705588131862,23.686460833723903]}"
2266,345.1683882739087,2025-05-01,291.364258539109,557,0,40,0.26750313676286075,0.0178520225081229,1.9181987433522942,302.42228267306376,2.016879808934686,"{""type"":""Point"",""coordinates"":[82.45360414825133,19.248037955027904]}"
2267,168.37525125001594,2025-05-01,293.92162577311194,851,0,10,0.5871313672922251,0.031749113658406714,20.812575436973052,300.7589700335548,0.8432576973920957,"{""type"":""Point"",""coordinates"":[82.06608726194749,18.00034484641233]}"
2268,180.0,2025-05-01,294.3452213832311,124,0,10,0.4888583218707015,0.007880046227910498,1.3909630807829783,305.62355336688813,2.032655682578476,"{""type"":""Point"",""coordinates"":[80.99695383572097,18.22178467091985]}"
2269,344.85525471918766,2025-05-01,281.9040708996001,572,0,40,0.18141449149788802,0.0040240876469397335,3.837701595626071,304.57519027165006,1.1128193036496035,"{""type"":""Point"",""coordinates"":[80.87226451032562,22.53111170073443]}"
2270,312.64967831282524,2025-05-01,285.0298498244513,608,0,40,0.24061355311355312,0.00908623562190769,2.7358431129569962,302.38309810275126,0.6581711113149705,"{""type"":""Point"",""coordinates"":[83.86174318904105,22.905742710185475]}"
2271,245.17500883269366,2025-05-01,287.14036996024,257,0,40,0.20442509120866187,0.004051103452184179,1.1044188315349552,304.6389400391352,0.5901828873684978,"{""type"":""Point"",""coordinates"":[84.04309203340777,22.302675821420504]}"
2272,270.0,2025-05-01,287.4980301629929,322,0,10,0.31137823151654864,0.012903361776807287,1.9913792257640421,306.1726488840012,1.7687205126575014,"{""type"":""Point"",""coordinates"":[82.51902925083944,21.388825134534535]}"
2273,90.0,2025-05-01,290.9505157470703,654,0,10,0.316104632839584,0.0074905745777869015,9.271007091844108,303.63488265446256,1.5232583536043611,"{""type"":""Point"",""coordinates"":[80.76040425000751,19.594279085698584]}"
2274,281.4182204328421,2025-05-01,291.51255071730844,632,0,30,0.5512484721494675,0.024739011386373022,6.992618574621052,302.04945668720063,1.1547258946671215,"{""type"":""Point"",""coordinates"":[83.18105084675102,19.52281900143801]}"
2275,90.0,2025-05-01,282.61742074149,484,0,30,0.17784105617395807,0.003540559867360571,1.5137482204866295,304.2354860305786,0.8058378474268435,"{""type"":""Point"",""coordinates"":[81.7046523439556,23.24056736718785]}"
2276,100.64371453432418,2025-05-01,291.5973198300316,364,0,10,0.4543991416309013,0.006036891797521093,2.5091816602068504,303.49215339478997,1.3894396388225358,"{""type"":""Point"",""coordinates"":[83.7074822389787,20.00282382190468]}"
2277,115.13817335296324,2025-05-01,289.2135888962518,409,0,30,0.253303614074192,0.0039541713986182,1.091540620877786,305.9731104260399,2.2647218258502226,"{""type"":""Point"",""coordinates"":[80.9134087104164,20.19976166267387]}"
2278,112.85738339433153,2025-05-01,282.7311030796596,462,0,10,0.3782608695652174,0.006846337774732092,7.126247763649069,304.78122752053395,0.7323312152897067,"{""type"":""Point"",""coordinates"":[81.80665357128188,24.02941860809233]}"
2279,-0.0,2025-05-01,282.39982750302266,530,0,40,0.26134969325153373,0.0031162045988821774,0.463735342881014,303.72143050602506,0.6439616622711498,"{""type"":""Point"",""coordinates"":[81.84730753726697,23.31710328599012]}"
2280,90.0,2025-05-01,289.5488811674572,315,0,10,0.3424167354803193,0.004135026792027929,0.4937883857815359,305.97215711502804,2.1575645491904445,"{""type"":""Point"",""coordinates"":[80.7749496103851,20.093004138598292]}"
2281,199.47657115651702,2025-05-01,291.2114497593471,253,0,10,0.38484136310223266,0.007270678142049292,1.4753516117896464,305.8692169643584,1.6490894386964499,"{""type"":""Point"",""coordinates"":[80.4772099378314,19.519293407573187]}"
2282,127.6539707098313,2025-05-01,281.97582499186194,579,0,10,0.3520293122886133,0.0020955048594260006,3.7901090166149722,305.27721663883756,0.7614746846621822,"{""type"":""Point"",""coordinates"":[80.40111230519072,22.191246982751196]}"
2283,100.36024389708534,2025-05-01,283.5728941417876,382,0,10,0.3213429256594724,0.006126164654233435,2.5769651874358313,304.42599128541497,0.8918507124745941,"{""type"":""Point"",""coordinates"":[83.18608926194746,23.923887932179074]}"
2284,84.19216831770686,2025-05-01,281.72839428129646,622,0,10,0.45359260791614947,0.00917042718265293,4.573078767120146,304.34291371845063,0.814301595221646,"{""type"":""Point"",""coordinates"":[82.23296689884491,23.73264078998306]}"
2285,-0.0,2025-05-01,288.03131466820133,250,0,40,0.25230355109224556,0.0021919451746725827,0.0,305.6265818732126,1.2293267179644485,"{""type"":""Point"",""coordinates"":[84.286031042571,22.04631893405034]}"
2286,86.26869396248875,2025-05-01,282.6702771868025,410,0,10,0.5130527437400106,0.006383984545209387,7.089637358122457,304.56761609940304,0.688256995941113,"{""type"":""Point"",""coordinates"":[81.72224743804924,24.07391643274286]}"
2287,133.45468501741877,2025-05-01,293.0468175978887,203,0,10,0.48961284230406044,0.049665688732602575,5.378256553972617,300.3017760231382,0.5564933085564963,"{""type"":""Point"",""coordinates"":[83.13163977376705,18.654993186586992]}"
2288,102.5682760204003,2025-05-01,293.92588079543344,624,0,10,0.3921863260706236,0.010044842222669104,18.50854104783221,302.27286861056376,1.3984970633937452,"{""type"":""Point"",""coordinates"":[83.83303809286386,19.72434600684237]}"
2289,202.96676862992823,2025-05-01,295.08361307779944,252,0,30,0.4018375241779497,0.034502788642384985,2.516734062793602,302.2778734933763,1.4008553379209643,"{""type"":""Point"",""coordinates"":[83.46566221503669,19.28914522159378]}"
2290,188.79283657974565,2025-05-01,284.43972124372203,371,0,10,0.5082948055480011,0.007676272848584631,3.2812313500113897,304.80121798742385,0.6539270627242877,"{""type"":""Point"",""coordinates"":[83.02278681432668,22.54739624545978]}"
2291,320.7389764790496,2025-05-01,282.77230471656435,1004,0,10,0.6655585106382979,0.010122581580617407,7.149989004147202,302.34668627239404,0.7225745685219035,"{""type"":""Point"",""coordinates"":[83.59694336052817,23.423057461648483]}"
2292,144.07153159559928,2025-05-01,282.4990706670852,686,0,40,0.29547517178789057,0.007751166084744909,1.7175909925067725,302.75248868124834,0.4956771664458147,"{""type"":""Point"",""coordinates"":[83.3713320496648,23.074112317464962]}"
2293,144.19451445780024,2025-05-01,281.1451423281715,693,0,30,0.22679900744416873,0.0035992108378195553,6.8292401253171215,303.439198130653,1.1729196382973734,"{""type"":""Point"",""coordinates"":[81.26115145408977,22.45689361065449]}"
2294,312.6611267750324,2025-05-01,283.250489007859,582,0,40,0.43931434890793475,0.006228267410733679,0.6843000969723814,303.17621217455184,0.9100473945546279,"{""type"":""Point"",""coordinates"":[81.85860226988507,22.85086080843299]}"
2295,180.0,2025-05-01,294.3582305908203,81,0,10,0.41903827281648676,0.011269449451901892,0.4637353428839794,305.7241974331084,1.834420583318351,"{""type"":""Point"",""coordinates"":[81.50835678712774,18.00452418138944]}"
2296,-0.0,2025-05-01,286.62383233933224,323,0,10,0.26344247521778313,0.001440718034245947,0.0,306.710665067037,1.8855868983103266,"{""type"":""Point"",""coordinates"":[80.9488396240536,21.175543769415835]}"
2297,268.64604012041934,2025-05-01,296.1496298653739,203,0,10,0.6378474878857434,0.01831303463313816,18.908505032371465,302.57592850639713,1.6501510829666093,"{""type"":""Point"",""coordinates"":[83.86690996228148,19.017635580403727]}"
2298,185.64660716598235,2025-05-01,282.3684961228144,718,0,30,0.35303735379197587,0.008599608400800207,5.112461851605051,302.2342071987333,0.5607921422164387,"{""type"":""Point"",""coordinates"":[83.54051937636258,23.15290143946594]}"
2299,252.53845587062273,2025-05-01,291.3463316417875,206,0,10,0.32866643332166606,0.0038968168291830807,1.5451055534232958,306.86983894166497,1.7121331525012584,"{""type"":""Point"",""coordinates"":[80.28156618919361,19.3203441848483]}"
2300,20.0174891105725,2025-05-01,283.3327411469959,424,0,10,0.36660175267770206,0.004705428341367224,1.480357938049907,304.0811019624983,0.8347511357477769,"{""type"":""Point"",""coordinates"":[82.98326750786894,23.80084467181808]}"
2301,309.03845691896555,2025-05-01,292.46586172921315,516,0,40,0.3027564392227745,0.018808617452123144,4.409008959905359,303.1526642299833,1.6841499806499407,"{""type"":""Point"",""coordinates"":[81.51625174241975,18.906994639186912]}"
2302,308.4032113114247,2025-05-01,288.1922672816685,503,0,10,0.3390007457121551,0.004320009807088354,8.156410305186268,306.2327249163673,2.4541508179067497,"{""type"":""Point"",""coordinates"":[80.95802349180686,20.47835944390156]}"
2303,152.2798018021095,2025-05-01,294.7088920956566,74,0,40,0.4926133469179827,0.006997673967816809,1.0476236547446465,306.09125704992385,2.2298179012554185,"{""type"":""Point"",""coordinates"":[80.86108542874938,17.909377066367536]}"
2305,28.477621127373094,2025-05-01,283.2234940301804,567,0,10,0.37147102526002973,0.008068337300755957,1.0550426644440007,303.1684810547602,0.8212554974116293,"{""type"":""Point"",""coordinates"":[82.13944131554734,22.817632611150827]}"
2306,36.968575384319614,2025-05-01,292.76362028576074,341,0,10,0.29799764428739695,0.0036309950146460324,8.072217897407556,305.5665407180786,1.928588864649012,"{""type"":""Point"",""coordinates"":[80.58250175806057,18.383040072707143]}"
2307,-0.0,2025-05-01,291.21764628092444,188,0,80,-0.009746588693957114,0.0030994556937002926,0.0,305.8722745350429,1.2114420836031632,"{""type"":""Point"",""coordinates"":[83.82418290823368,21.535333595221534]}"
2308,345.03620158175227,2025-05-01,288.3462735130673,332,0,30,0.18401526393894424,0.0046380601916098385,1.9193755594921165,306.613741238912,1.9655592012349128,"{""type"":""Point"",""coordinates"":[81.7741747402486,20.711443097921837]}"
2309,121.35510881897578,2025-05-01,281.0729406447637,372,0,40,0.20976452797580472,5.665861162924557E-4,1.7818937986451255,305.5588619141352,1.0035773767210567,"{""type"":""Point"",""coordinates"":[80.67328684599471,23.93702106032415]}"
2310,294.90166911426627,2025-05-01,288.09907531738287,256,0,40,0.5592774255293695,0.015642567733266333,2.2016564562545744,305.74049672626313,1.4518242237560988,"{""type"":""Point"",""coordinates"":[82.45890908207606,21.806983054209137]}"
2311,122.03147902213607,2025-05-01,289.2545522054037,458,0,10,0.49875776397515525,0.006657197335698584,3.4930902801154,305.1123868397304,1.7409518271095517,"{""type"":""Point"",""coordinates"":[82.2579108533927,20.207345605428056]}"
2312,90.0,2025-05-01,282.5125972202846,568,0,40,0.2041112724835214,0.007657586792447546,1.5119729975175664,303.6079864956084,0.6953953556431497,"{""type"":""Point"",""coordinates"":[83.10492295828445,23.08356565301765]}"
2313,270.0,2025-05-01,282.3140236990792,665,0,10,0.32286995515695066,0.006905301669576147,0.5044123909801891,303.1816646485101,0.603085023008908,"{""type"":""Point"",""coordinates"":[83.34035866592319,23.167675649787327]}"
2314,253.02336561574555,2025-05-01,282.4650363013858,409,0,40,0.19792892445281243,0.0014051489624762326,1.5878623580773363,304.8836038226173,0.8163439610606338,"{""type"":""Point"",""coordinates"":[81.16788693662278,23.672854656799238]}"
2316,65.08519831136671,2025-05-01,288.2126820882162,236,0,40,0.5517190497270179,0.014790012696721533,1.1006914413826525,305.84348919278096,1.5542956045351417,"{""type"":""Point"",""coordinates"":[82.35958512168303,21.720970534558614]}"
2317,72.60591602753263,2025-05-01,291.2630099341983,337,0,30,0.3777372262773723,0.0069091759714865475,9.227121580235256,304.0966339565459,1.353016920517615,"{""type"":""Point"",""coordinates"":[83.46555763887191,19.981343836020294]}"
2318,90.0,2025-05-01,282.5871066138858,591,0,40,0.18972895863052783,0.007558777192571142,3.5337245023521673,302.9659431548345,0.7034424685326608,"{""type"":""Point"",""coordinates"":[83.49767556579498,23.43992030204059]}"
2319,313.00768208047447,2025-05-01,288.1104743594215,300,0,40,0.18531640586556442,0.004206820586659887,2.7174908015272163,306.30604848407563,2.0036537156392265,"{""type"":""Point"",""coordinates"":[81.52148551705342,21.129410755959867]}"
2320,90.0,2025-05-01,286.78658113025483,366,0,10,0.38192592592592595,0.0016239576134466915,1.4896515264467012,307.0476837612334,1.8066550157443193,"{""type"":""Point"",""coordinates"":[80.32285568500505,20.977081396713114]}"
2321,90.0,2025-05-01,294.5155792236328,689,0,10,0.6015220700152207,0.017233788231351355,18.524310348216037,301.50139586130774,1.488578586406338,"{""type"":""Point"",""coordinates"":[84.23332745008655,19.59519044832765]}"
2322,46.73380265470861,2025-05-01,290.45425342378155,619,0,10,0.4654708520179372,0.020759730795361975,5.396914367508785,303.2683520090012,1.816146494766989,"{""type"":""Point"",""coordinates"":[81.16264722452404,19.738972651041394]}"
2323,132.41154847811308,2025-05-01,281.2281210763114,352,0,40,0.1882455629909805,7.030658516669064E-4,2.0618775049805107,305.5989184152512,0.9197447396135241,"{""type"":""Point"",""coordinates"":[80.80083024271174,24.006655247883177]}"
2324,10.06662814077621,2025-05-01,290.2470245361328,236,0,10,0.36114494518879414,0.004279806474187353,2.823690046616494,306.0957969029744,1.8561648039222802,"{""type"":""Point"",""coordinates"":[82.87679270688326,20.144639295188643]}"
2325,301.74798127659943,2025-05-01,287.27356029692146,230,0,40,0.23515331129602188,0.010436593750455359,1.762118502050123,305.8862661180042,1.3919545125946777,"{""type"":""Point"",""coordinates"":[83.04488837950917,21.850972186256765]}"
2326,19.424033565335467,2025-05-01,291.87291971842444,212,0,10,0.3955744164898454,0.004730939129331091,1.4748741582214853,305.6297150112333,1.651141496871103,"{""type"":""Point"",""coordinates"":[80.48677975685895,19.04098111592405]}"
2327,270.0,2025-05-01,287.7564995175316,220,0,40,0.3897148427979527,0.00932662115428684,1.9954262453753682,306.1672894159953,1.5520264650028317,"{""type"":""Point"",""coordinates"":[83.11814537275016,21.6834810001973]}"
2328,147.52832406558022,2025-05-01,291.3701527913411,763,0,10,0.3972644376899696,0.017208918193318823,13.48735063101448,302.4281478609358,1.5072477363317176,"{""type"":""Point"",""coordinates"":[80.91086781063414,19.466385930824433]}"
2329,245.75632189791216,2025-05-01,294.99878002348396,636,0,10,0.4482570806100218,0.03421661184165714,30.597684770314448,302.14640376681376,1.020190692029586,"{""type"":""Point"",""coordinates"":[83.36385418691944,18.967258957610444]}"
2330,251.3860478635168,2025-05-01,287.2193785167876,304,0,10,0.3629421848215677,0.0024054937157416134,5.791719396033179,305.64450877053395,1.0096619112600256,"{""type"":""Point"",""coordinates"":[83.98291495634987,22.147062517952758]}"
2331,133.1440137945563,2025-05-01,288.4377971830822,447,0,40,0.2129427197201574,0.003575354078748205,2.0336093085754605,306.04455062321256,1.775884689055038,"{""type"":""Point"",""coordinates"":[81.90350525750084,20.40911273341656]}"
2332,151.37790188227208,2025-05-01,280.7900223504929,432,0,10,0.35922081250800975,5.241774115347653E-4,2.1122636748823886,305.44082573481967,1.2902156494185717,"{""type"":""Point"",""coordinates"":[80.72745232102477,23.619544332970346]}"
2334,157.15291122901112,2025-05-01,294.40257117861796,174,0,10,0.47743100335310806,0.012179016331174353,2.5145165114880403,305.27882099151617,1.9135281133376734,"{""type"":""Point"",""coordinates"":[81.14164037467356,18.3089709162775]}"
2335,201.51681854308896,2025-05-01,290.0582805815197,541,0,10,0.4181407602559277,0.009024336198308447,13.219418889119172,304.78255866822747,2.1691324206669016,"{""type"":""Point"",""coordinates"":[82.28393570612957,20.043240414509814]}"
2336,270.0,2025-05-01,284.7481464204334,332,0,10,0.4081702711980776,0.0013327889237189083,0.4979628891440415,306.20356173742385,1.4207407100628222,"{""type"":""Point"",""coordinates"":[80.58240643238531,21.367861294662774]}"
2337,118.44849516147212,2025-05-01,293.97254653204055,283,0,10,0.3559761472647135,0.022820486882665136,3.888026659940478,304.74813484010247,1.7465447251063129,"{""type"":""Point"",""coordinates"":[81.59741413380888,18.533650810159667]}"
2338,126.29006487895883,2025-05-01,285.12107122512094,606,0,40,0.33217239878101873,0.01164254472587345,3.1309652130176584,300.7808380581083,0.7862587917378333,"{""type"":""Point"",""coordinates"":[84.3514610735583,23.381885809207738]}"
2339,118.33182741445052,2025-05-01,294.7633005777995,356,0,40,0.44062332079527133,0.01045623348090885,3.902657132478815,301.88251100267684,1.4983525723353885,"{""type"":""Point"",""coordinates"":[83.99599576239343,19.34677240369604]}"
2340,242.0250022047357,2025-05-01,291.5973198300316,645,0,10,0.37407407407407406,0.006036891797521093,24.161913074506767,303.49215339478997,1.3894396388225358,"{""type"":""Point"",""coordinates"":[83.66001294182702,19.994664376698584]}"
2341,114.91370225455466,2025-05-01,287.8769189743769,207,0,40,0.46030871003307605,0.005460753301122168,1.1007369025625593,306.3280153274536,1.4098026528396326,"{""type"":""Point"",""coordinates"":[83.37652761784192,21.728443875426056]}"
2343,139.79607483981383,2025-05-01,291.2827504475911,865,0,30,0.33665906499429876,0.023521035173871496,3.0331331169718116,300.44305206480476,1.577871933240136,"{""type"":""Point"",""coordinates"":[82.61756365891696,18.81899590513785]}"
2344,46.90416988031584,2025-05-01,289.9513179234096,297,0,10,0.2365569413207933,0.0020961009058737545,18.960325992302224,307.3886261440459,1.6314545350324292,"{""type"":""Point"",""coordinates"":[83.88384564098365,20.666728092435832]}"
2345,199.1041514258878,2025-05-01,280.32446361723396,904,0,10,0.3306184012066365,0.0021732591185354977,10.671896195120588,304.83779839106967,1.4428293936295262,"{""type"":""Point"",""coordinates"":[80.94561618858555,23.272058157574893]}"
2346,105.8800811296368,2025-05-01,281.8670196533203,912,0,40,0.1857183990786064,0.003620072463490942,6.747915513748554,304.1478627976917,1.179823315666179,"{""type"":""Point"",""coordinates"":[81.15956650543363,22.39707435036692]}"
2347,180.0,2025-05-01,288.9637342180525,643,0,10,0.5282270369240158,0.009085803488233068,3.242751465064752,303.87720385051915,2.2941014545689296,"{""type"":""Point"",""coordinates"":[82.09719006447601,19.977735383922813]}"
2348,275.9695848499933,2025-05-01,289.9905431838263,611,0,40,0.2335596311683048,0.014329313496091345,4.450099109114383,303.4008564267839,2.100146928469663,"{""type"":""Point"",""coordinates"":[81.5713633829016,19.761784383112975]}"
2349,241.1891156639931,2025-05-01,281.9322865804036,704,0,10,0.4489010989010989,0.01310905740592716,2.884421710330403,303.73314925602506,0.8244670497037649,"{""type"":""Point"",""coordinates"":[82.32194240570104,23.555940344664663]}"
2350,164.6937679959434,2025-05-01,282.5990927559989,394,0,10,0.3226205191594561,0.007078706482388952,5.750216979502152,304.91510958898635,0.7347123351097212,"{""type"":""Point"",""coordinates"":[81.57880539681527,24.01261708852784]}"
2351,252.92499831569359,2025-05-01,284.38490004766555,363,0,40,0.2519475584267528,0.008038132647016027,1.5789894427642202,304.0850023996262,0.8066223321601262,"{""type"":""Point"",""coordinates"":[82.56506757277354,22.855322161414268]}"
2352,252.66705260752167,2025-05-01,287.75326756068637,306,0,10,0.3333333333333333,0.0015462182554983883,1.5562078177713126,306.88091246287024,1.8433420114244299,"{""type"":""Point"",""coordinates"":[80.41086971264222,20.562698952778145]}"
2353,64.76526538914553,2025-05-01,291.13313293457026,218,0,40,0.2494161606725829,0.007385044554212072,1.0876368359267286,306.2290686198644,1.7035473950831157,"{""type"":""Point"",""coordinates"":[80.41588965429754,19.505981977888865]}"
2354,46.78008960530361,2025-05-01,288.8233649844215,652,0,10,0.6283294464219958,0.009438722589948156,2.7067766350134006,303.71092083340596,1.9778108710251117,"{""type"":""Point"",""coordinates"":[81.42816560671122,19.996213482642883]}"
2355,146.4397165179422,2025-05-01,291.27876863025483,557,0,10,0.5095927297206327,0.020675315717198828,4.443181631864353,302.37310577574226,1.6097430906857462,"{""type"":""Point"",""coordinates"":[80.95459963079288,19.5904512728647]}"
2356,-0.0,2025-05-01,283.31275649297805,512,0,10,0.37351402757964813,0.00791479573581455,0.0,303.6128983724685,0.8577665631158033,"{""type"":""Point"",""coordinates"":[82.72796112059726,23.132267122572102]}"
2357,312.9904005312743,2025-05-01,288.245850335984,293,0,40,0.14915693904020752,0.005628585079648474,0.6800705917890788,306.2369334357125,1.9334768226616035,"{""type"":""Point"",""coordinates"":[81.71793352895561,21.219144358456003]}"
2358,275.24267800967175,2025-05-01,281.69971357073103,459,0,40,0.20045274476513866,0.002055376032330969,5.062013511049818,304.9131390253703,0.9185089434967733,"{""type"":""Point"",""coordinates"":[81.43969297346378,23.425292054693024]}"
2359,270.0,2025-05-01,286.7161174955822,233,0,40,0.3946153846153846,0.005735456207730749,0.4996509334364415,306.0550137928554,1.3753782573121107,"{""type"":""Point"",""coordinates"":[83.17626183217239,21.857763402942783]}"
2360,-0.0,2025-05-01,287.9923102969215,330,0,40,0.5812953507121742,0.006365343192555883,0.9274099368611016,306.3967816034953,1.9135039330559718,"{""type"":""Point"",""coordinates"":[82.44701989173397,20.909921575538228]}"
2361,147.68555022431624,2025-05-01,295.8126692998977,102,0,40,0.3591191417278374,0.01941379831168888,2.741549320887231,303.56225081852506,1.4748791356234354,"{""type"":""Point"",""coordinates"":[83.36397270493666,18.45496165169904]}"
2362,47.14503246094654,2025-05-01,287.12215241931733,236,0,10,0.6806747558449245,0.007834299663045385,0.6818011513890736,305.8979964937483,1.3809383568941507,"{""type"":""Point"",""coordinates"":[83.05966377039618,21.907018008090873]}"
2364,96.74113801401435,2025-05-01,291.0238974434989,744,0,30,0.188431459347794,0.02314616666171787,7.851829405306842,299.90536140260247,1.2333558100332604,"{""type"":""Point"",""coordinates"":[82.8679956576002,18.98492280778092]}"
2365,295.0155252325617,2025-05-01,286.78658113025483,348,0,40,0.22350557244174266,0.0016239576134466915,2.1922855901086353,307.0476837612334,1.8066550157443193,"{""type"":""Point"",""coordinates"":[80.33169789025652,21.0491886670533]}"
2366,218.7857943547199,2025-05-01,288.18040902274,327,0,40,0.4094198298844738,0.005018620947339514,2.3783608146573347,306.194807552156,1.954447004025362,"{""type"":""Point"",""coordinates"":[82.21872057209464,21.04688337019709]}"
2367,259.4696482689341,2025-05-01,294.42052714029944,455,0,30,0.5026399155227033,0.0535876147541785,25.973782181893057,301.25079132261726,0.5648286952431515,"{""type"":""Point"",""coordinates"":[83.1708060221643,18.855720462107872]}"
2368,180.0,2025-05-01,282.49830336797805,340,0,10,0.35741971207087486,0.0022466324362540036,2.7802885155287553,305.9831143787929,0.5255778167051167,"{""type"":""Point"",""coordinates"":[80.22469055930281,22.05844293063007]}"
2369,164.9162546491056,2025-05-01,283.49480983189176,577,0,10,0.38918246813801677,0.0015345953497671871,5.744196216904475,305.2827853702364,0.5763599298561821,"{""type"":""Point"",""coordinates"":[80.3411656866416,21.938450254317925]}"
2370,77.65274356530314,2025-05-01,287.98860749744233,350,0,10,0.40177133655394526,0.012785284975507238,8.60939396095288,305.6365509487334,1.624854941909832,"{""type"":""Point"",""coordinates"":[82.95350463974016,21.51517522793799]}"
2371,294.6533468196708,2025-05-01,280.6267504010882,585,0,40,0.306851506264996,5.634866747641354E-4,1.1116208718680043,305.3258936291649,1.406663601996326,"{""type"":""Point"",""coordinates"":[80.601074729546,23.375275922142414]}"
2372,61.8303762814954,2025-05-01,288.7760772705078,433,0,10,0.41913282863041984,0.004954367140271643,3.923208650471634,306.1621333985101,2.4715021358697205,"{""type"":""Point"",""coordinates"":[81.02283784965503,20.421462499849895]}"
2373,8.88050280683132,2025-05-01,282.23195757184703,474,0,10,0.36554736554736555,0.006838425258138159,3.282010240934344,304.6915872210548,0.7276730097228864,"{""type"":""Point"",""coordinates"":[81.7657811162345,23.89268682032972]}"
2374,13.152295271754529,2025-05-01,281.95348612467444,803,0,10,0.5532689170535826,0.017742677787282446,6.6374768711435586,303.09622705550424,0.8465801867891215,"{""type"":""Point"",""coordinates"":[82.41939340289923,23.502475754488138]}"
2375,182.02865227822855,2025-05-01,293.06154741559715,449,0,10,0.3176248821866164,0.01182208881709812,13.656462359976434,302.9450226284209,1.4001126788724463,"{""type"":""Point"",""coordinates"":[83.57634023376339,19.77188534964732]}"
2376,284.34572130629897,2025-05-01,289.070319039481,405,0,10,0.5488980716253443,0.004821150759198645,5.59710941778257,306.25412791115895,2.3825845637690475,"{""type"":""Point"",""coordinates"":[80.87998959253007,20.32524921218429]}"
2377,-0.0,2025-05-01,283.2229766845703,630,0,10,0.49061132288578285,0.006079181292989233,0.4637353428839794,303.67653188251313,0.6485265552079397,"{""type"":""Point"",""coordinates"":[82.9303705663903,22.90051441651928]}"
2378,163.1637106410576,2025-05-01,292.390625726609,543,0,10,0.44511936714225175,0.022337033608891943,6.751762479271756,302.6804962612334,1.6393206641425677,"{""type"":""Point"",""coordinates"":[81.31751699473283,19.236278332206087]}"
2379,169.95241686279462,2025-05-01,290.2741008940197,640,0,40,0.2626412509987444,0.012881814697720984,2.8235238575870594,303.20285837990895,2.3297014726724936,"{""type"":""Point"",""coordinates"":[81.79275805032957,19.839681373867727]}"
2380,64.54576847164647,2025-05-01,294.89539228166853,122,0,40,0.24421380384016605,0.008532702187039831,1.0788773498043653,305.53702876681376,2.2433145459224955,"{""type"":""Point"",""coordinates"":[81.13592591048969,17.82570006255486]}"
2381,192.87986177029197,2025-05-01,288.24606541224887,701,0,10,0.5318141461970998,0.009294449547269323,24.936357542185913,304.91088363102506,1.434720919861952,"{""type"":""Point"",""coordinates"":[82.3492296939525,20.424220128784754]}"
2382,257.13002072216403,2025-05-01,283.74509466262094,387,0,10,0.356758467869579,0.0064279429707312374,6.22146121815581,304.66257517678395,0.5375337839628733,"{""type"":""Point"",""coordinates"":[84.05218855676628,23.94745449136515]}"
2383,42.36294481263013,2025-05-01,280.97707475934715,363,0,40,0.1923702766226722,5.874030384802609E-4,3.7603321876755107,305.5911931083316,0.9645578492743083,"{""type"":""Point"",""coordinates"":[80.71536893790706,23.963740874391274]}"
2384,270.0,2025-05-01,288.50284903390065,329,0,40,0.43164847788627225,0.0032490186486029415,0.4958016265443944,306.75823179880774,2.4346179749865433,"{""type"":""Point"",""coordinates"":[81.2992423456368,20.719769831477294]}"
2385,187.18564589889235,2025-05-01,294.44073268345426,204,0,10,0.5048632218844985,0.010092481235005835,11.527321393652205,305.359120005653,2.1741208374479535,"{""type"":""Point"",""coordinates"":[81.24383820495663,17.859391172127353]}"
2386,304.65148701870686,2025-05-01,284.2791697184245,544,0,10,0.3948023223666022,0.006424098471143225,2.4453616778792693,304.45703202202213,0.6007757743266342,"{""type"":""Point"",""coordinates"":[82.83445909928639,22.842820601276692]}"
2387,226.5524404081245,2025-05-01,297.29571315220426,120,0,10,0.530522765598651,0.012686043241956213,5.378958486873054,303.09298347291497,1.7439651008336896,"{""type"":""Point"",""coordinates"":[84.12073153977681,18.697390108701956]}"
2388,208.55761753497583,2025-05-01,282.7642829531715,548,0,40,0.194621496551122,0.010461568096616247,2.1109697319110925,303.3846675781976,0.7556394854383287,"{""type"":""Point"",""coordinates"":[82.34821218941268,23.26579472764941]}"
2389,244.6403995018647,2025-05-01,292.99387395949594,300,0,10,0.4558382050876916,0.014064117530324438,5.397790757151178,303.83622310275126,1.683892570370446,"{""type"":""Point"",""coordinates"":[81.06300353921291,18.568227952908966]}"
2390,133.28722182613424,2025-05-01,290.5847000848679,352,0,40,0.44842056183704393,0.01590129659507511,2.7034038059775742,303.6024293899536,2.1834704297477328,"{""type"":""Point"",""coordinates"":[82.5950547056934,19.621225673416323]}"
2391,85.50939110153733,2025-05-01,295.0370577857608,696,0,30,0.5104131102765449,0.011816038945653418,22.465264238014246,302.12669813065304,1.3154995148705153,"{""type"":""Point"",""coordinates"":[83.91217403223044,19.533954983861218]}"
2392,312.4413953454923,2025-05-01,282.35469636462983,416,0,30,0.44715447154471544,0.007014348367192724,2.0607036697456897,304.9816030320667,0.7278387087987405,"{""type"":""Point"",""coordinates"":[81.5658972362751,23.872533267361693]}"
2393,180.0,2025-05-01,283.3707282656715,491,0,10,0.330051748075224,0.005434989193418005,4.166350197281316,303.3519527344476,0.7562868558124024,"{""type"":""Point"",""coordinates"":[82.152804375114,23.136784375853633]}"
2394,6.679974712958151,2025-05-01,291.87666902087983,872,0,30,0.5209112546752805,0.0245334349665427,8.344960922640361,300.4436391648792,0.9534066951440261,"{""type"":""Point"",""coordinates"":[82.4981367993873,18.430997666709814]}"
2395,180.0,2025-05-01,282.395496913365,399,0,10,0.4979029358897543,0.0069828324112677365,1.8543341688414132,304.9003507069179,0.7336334755880454,"{""type"":""Point"",""coordinates"":[81.68890148907683,23.976234718924864]}"
2396,245.23358899107185,2025-05-01,285.92195710681733,407,0,40,0.24102564102564103,0.003359123328664282,2.2129047954702212,303.55893748147145,0.6576089714455855,"{""type"":""Point"",""coordinates"":[84.2893378636737,22.674503027558185]}"
2397,256.99223682109414,2025-05-01,284.3519294375465,514,0,10,0.4673421881418595,0.0127003632578635,2.0594429014543145,304.62082712990906,0.6598094832154462,"{""type"":""Point"",""coordinates"":[82.20932808879746,22.475486705700405]}"
2398,37.856227656514776,2025-05-01,288.324207850865,452,0,10,0.3419354838709677,0.009249597052075842,22.296028440708373,306.36019538697747,1.5340085359126854,"{""type"":""Point"",""coordinates"":[83.06957819568265,21.12877632165676]}"
2399,27.0302291904865,2025-05-01,287.2517736525762,368,0,10,0.2548656163113994,0.001660688975789526,10.803023864588948,306.85312693459645,2.0997278491713285,"{""type"":""Point"",""coordinates"":[80.80602574539661,21.035053671121855]}"
2400,218.61736403234175,2025-05-01,288.79677690778465,764,0,10,0.5182481751824818,0.007937654117085913,2.3727721729100884,304.289784068153,2.1773964083695065,"{""type"":""Point"",""coordinates"":[81.71424470196628,20.12847382170271]}"
2401,140.97008866720955,2025-05-01,284.32467869349887,328,0,40,0.22492018961013835,0.006849452117421606,2.3865443344389723,305.12353592827213,0.8290721635922847,"{""type"":""Point"",""coordinates"":[81.770628797467,22.3039359015804]}"
2402,70.4536073899813,2025-05-01,291.3302706763858,950,0,40,0.2558998022412657,0.03948895559642551,4.151003977721236,299.1808101563226,1.0747152281161918,"{""type"":""Point"",""coordinates"":[82.9229317387202,18.7827511375132]}"
2403,213.02492471513958,2025-05-01,283.53521510532926,463,0,10,0.5178683385579937,0.010051920274236181,8.239371240250712,303.40600081852506,0.5259603910435748,"{""type"":""Point"",""coordinates"":[82.91129475789894,22.625612157131435]}"
2404,270.0,2025-05-01,288.8816622779483,296,0,10,0.4037753222836096,0.005614577988126257,0.9924270908514095,306.50793534233463,1.94518174575914,"{""type"":""Point"",""coordinates"":[81.81124500599243,20.8562660546064]}"
2405,347.80180216565293,2025-05-01,281.2034919375465,613,0,10,0.3895953757225434,0.0034682147297644406,2.3709333528668455,305.17259656815304,0.9526040169284259,"{""type"":""Point"",""coordinates"":[80.57170659067428,22.304356909768554]}"
2406,28.512777696922917,2025-05-01,282.9295894077846,585,0,10,0.40951627784368,0.007959722736814001,1.0553940675642772,303.70883982522145,0.613511585000901,"{""type"":""Point"",""coordinates"":[83.06766962939237,23.01581391417796]}"
2407,252.9797523194618,2025-05-01,281.1446656726656,484,0,40,0.2933955315492266,0.002417384842374304,1.5839155094494533,304.871082896278,1.1647066697470216,"{""type"":""Point"",""coordinates"":[81.2822189279365,23.313198579680027]}"
2408,337.9010817935883,2025-05-01,293.2769433884394,1089,0,10,0.7051782111634163,0.05637608394954441,21.02517687731642,298.2814019066947,1.0545529417120065,"{""type"":""Point"",""coordinates"":[82.50640311742225,17.908298773079306]}"
2409,-0.0,2025-05-01,284.2050090971447,319,0,40,0.19033867156734052,0.005169808128812292,0.4637353428839794,305.89529932112924,1.0415206150289826,"{""type"":""Point"",""coordinates"":[81.37150726200069,22.046704994309408]}"
2410,196.81213152136417,2025-05-01,292.9427381243025,354,0,10,0.33649932157394846,0.014220177391507605,3.387210853693235,304.02330457596554,1.459641976490279,"{""type"":""Point"",""coordinates"":[81.20702695436411,18.984169014144136]}"
2411,238.63339937278744,2025-05-01,282.96012442452565,492,0,10,0.33195510927347904,0.00956611261699436,8.838624936613312,304.2815762928554,0.7798588106423773,"{""type"":""Point"",""coordinates"":[82.17104054130782,23.878338031327207]}"
2412,132.74111461209955,2025-05-01,283.51654997326074,409,0,10,0.5221101629169899,0.010686918357350805,0.683265749941475,304.74234521956674,0.8934967376233494,"{""type"":""Point"",""coordinates"":[81.67380802437823,22.466608319979677]}"
2413,-0.0,2025-05-01,294.11869376046326,170,0,40,0.39648622981956316,0.009673907617070654,0.9274099368670311,304.4892062686739,1.0298809318304327,"{""type"":""Point"",""coordinates"":[81.88299373237123,18.185104187970904]}"
2414,190.21042505421738,2025-05-01,284.32467869349887,325,0,40,0.1964335992491788,0.006849452117421606,2.8249555292076414,305.12353592827213,0.8290721635922847,"{""type"":""Point"",""coordinates"":[81.80156429630398,22.282007604324235]}"
2415,90.0,2025-05-01,285.30868748256137,372,0,30,0.2516650289332897,0.004743351796605566,1.0139927606306713,304.59643050602506,0.7297910421480812,"{""type"":""Point"",""coordinates"":[82.65207939625147,23.851806991003524]}"
2416,244.8997286153788,2025-05-01,288.1922672816685,432,0,10,0.3629873695771554,0.004320009807088354,3.276067359429102,306.2327249163673,2.4541508179067497,"{""type"":""Point"",""coordinates"":[81.01970464930065,20.466078296429462]}"
2417,139.2606900183711,2025-05-01,288.8935902913412,242,1,40,0.25447227191413235,0.0025536708626532345,3.0573665285798683,305.86807182856967,1.3435575636932124,"{""type"":""Point"",""coordinates"":[84.3058999247892,21.752011262691465]}"
2418,54.90016857697898,2025-05-01,288.4678613571894,415,0,40,0.2803119829827464,0.002634241441228369,2.4180929217141025,306.04697459084645,1.9560480515540895,"{""type"":""Point"",""coordinates"":[81.76653751154615,20.433678850634546]}"
2419,213.30922370605236,2025-05-01,281.0704992385137,389,0,50,0.2404188707762064,0.001047789314725378,2.7723643372164273,305.22331968943274,0.930610343388932,"{""type"":""Point"",""coordinates"":[80.69513314889633,24.06363331164454]}"
2420,-0.0,2025-05-01,290.3357347760882,179,0,40,0.2278183101906331,0.0029341869148993283,0.463735342881014,306.85594036465596,1.9556098212636746,"{""type"":""Point"",""coordinates"":[83.37957419216906,20.561445683555288]}"
2421,41.03302430092431,2025-05-01,281.0086154029483,522,0,10,0.257847533632287,6.197236571097164E-4,3.0709404551948416,305.37150723593584,1.286758461847284,"{""type"":""Point"",""coordinates"":[80.21981159270291,23.18655806880219]}"
2422,261.6902203141354,2025-05-01,292.38386535644537,504,0,40,0.25475285171102663,0.02666981444690464,6.3908710251265,300.37794208526617,0.8491743970876225,"{""type"":""Point"",""coordinates"":[82.37090939846397,18.308235564924544]}"
2423,53.24911963527293,2025-05-01,288.0633377801804,257,0,40,0.27149909067290207,0.010216667512395361,3.097209399085249,306.1594885417393,1.5641741377694178,"{""type"":""Point"",""coordinates"":[82.94260641931551,21.02082709544812]}"
2424,194.75893410655203,2025-05-01,293.79481215704055,227,0,10,0.5596863200697066,0.0220213078055167,1.917556675357884,304.53259935833154,1.8697477642388733,"{""type"":""Point"",""coordinates"":[81.49479102903952,18.383373530551278]}"
2425,152.1572553500846,2025-05-01,292.54456801641555,127,0,10,0.354446997046275,0.0035998962912344723,1.0488045173354887,307.1927904855637,1.9437941921308457,"{""type"":""Point"",""coordinates"":[80.2804598886712,18.804946109729507]}"
2426,19.65346564598694,2025-05-01,287.90670413062685,298,0,40,0.6126413453174834,0.009386359909512976,1.4769706098338473,306.56383773258756,1.7865283236175709,"{""type"":""Point"",""coordinates"":[82.63973766977075,21.03669266979513]}"
2427,-0.0,2025-05-01,289.4000425792876,147,0,40,0.8608780250516843,0.0026005946192526608,2.7802885155465065,307.57681787581674,1.4647588165871865,"{""type"":""Point"",""coordinates"":[83.73030851120097,21.042208144382393]}"
2428,331.5985890128637,2025-05-01,284.8033628917876,510,0,40,0.1785883467550924,0.004360898593404272,3.1599983393610493,304.4956585566202,0.718192551385819,"{""type"":""Point"",""coordinates"":[83.42789187639006,22.38046525999912]}"
2430,31.741086771030293,2025-05-01,283.51654997326074,525,0,10,0.3871486938219636,0.010686918357350805,3.811498657123169,304.74234521956674,0.8934967376233494,"{""type"":""Point"",""coordinates"":[81.71411145850365,22.52142812426786]}"
2431,224.20866832113768,2025-05-01,279.5751204717727,781,0,10,0.3373737373737374,0.004063292602040747,12.10872058401815,303.80179346175424,1.3969972123535883,"{""type"":""Point"",""coordinates"":[81.03199108436549,23.103179267522037]}"
2432,151.7570379627026,2025-05-01,288.020514351981,275,0,40,0.1647982062780269,0.005320235351064184,1.052713271560562,306.00226779211135,1.810912270203555,"{""type"":""Point"",""coordinates"":[82.04396150602932,21.436999024837753]}"
2433,28.406487760293395,2025-05-01,284.69476100376676,373,0,10,0.3082605775688381,0.0081711702141547,1.0543335880483333,305.14905443645654,0.9188401945472263,"{""type"":""Point"",""coordinates"":[81.56435940236365,22.409657506596123]}"
2434,171.81054952357113,2025-05-01,297.7039279029483,151,0,10,0.39433397853246527,0.010891019562222937,19.78873249297634,303.0974535715012,3.1300864871962553,"{""type"":""Point"",""coordinates"":[84.20913097255423,18.642585456692977]}"
2435,69.76993085089694,2025-05-01,281.25064014253155,570,0,30,0.2036850439038434,0.0024310939106726437,5.348871426779184,305.09404722849524,1.1026601963670604,"{""type"":""Point"",""coordinates"":[80.26796668653951,22.881285441454818]}"
2436,270.0,2025-05-01,288.705567132859,339,0,40,0.4248530646515533,0.0030180804524206906,0.49552411401577123,306.5215432757423,2.427869568321983,"{""type"":""Point"",""coordinates"":[81.49486268100605,20.635133024586292]}"
2437,256.869466318498,2025-05-01,288.324207850865,233,0,10,0.32039881433575856,0.009249597052075842,2.0405367520794453,306.36019538697747,1.5340085359126854,"{""type"":""Point"",""coordinates"":[83.1099678225922,21.08047222690628]}"
2438,14.812115865325804,2025-05-01,295.36137535458516,938,0,30,0.5534972852123922,0.023330866554715612,3.8317631246054122,301.15623914627804,1.4825970377749582,"{""type"":""Point"",""coordinates"":[84.09977683457187,19.02049909696582]}"
2439,241.84305655745783,2025-05-01,288.37398347400483,435,0,10,0.3723958333333333,0.0021387331280493527,7.813159543854395,306.38800416673934,2.431373035220636,"{""type"":""Point"",""coordinates"":[81.47326081778677,20.503374956482492]}"
2440,28.047541358407013,2025-05-01,289.2766469319662,367,0,10,0.45568927789934355,0.0037072889599585324,3.1495612041896455,305.8728383836292,2.222818043500684,"{""type"":""Point"",""coordinates"":[81.01100214508834,20.201830120573113]}"
2441,-0.0,2025-05-01,297.5358196440197,46,0,40,0.3974971558589306,0.012612550714948156,0.4637353428839794,303.8343397322155,2.9018907454254244,"{""type"":""Point"",""coordinates"":[83.70631343113675,18.444640660677535]}"
2442,324.87360132551004,2025-05-01,297.0473988850912,51,0,40,0.4185022026431718,0.013836025455930212,1.7005182740021603,303.96708247775126,1.9144412718025212,"{""type"":""Point"",""coordinates"":[83.73963198583603,18.622248072416454]}"
2443,272.8009301660768,2025-05-01,296.75132606143046,352,0,10,0.5389838445328963,0.025317548969724157,26.4229207938628,301.9531664621262,1.970059279088769,"{""type"":""Point"",""coordinates"":[84.18362794557757,18.937487729318914]}"
2444,-0.0,2025-05-01,283.6930694580078,312,0,10,0.36991098788851595,0.007381855705716589,0.4637353428839794,304.4841374442691,0.7982529037733376,"{""type"":""Point"",""coordinates"":[83.98595891955942,23.741606870479263]}"
2445,287.2628333106766,2025-05-01,289.9301125662667,141,0,40,0.5287421741605008,0.0028749697003149777,1.562331831107295,306.59582015446256,0.9746702346769079,"{""type"":""Point"",""coordinates"":[83.92262401820618,21.210013408307503]}"
2446,65.17961421565411,2025-05-01,281.42591567266555,809,0,10,0.5699607132064067,0.0036858461890005856,16.13104531165858,304.2365962891352,1.0353706826328202,"{""type"":""Point"",""coordinates"":[80.70453095371853,22.33235222566561]}"
2447,180.0,2025-05-01,282.3608115059988,675,0,30,0.2677147413989519,0.012459888318517187,3.2427514650854445,301.03563949040006,0.8222750736942723,"{""type"":""Point"",""coordinates"":[84.0483106588591,23.434464263316613]}"
2448,294.80137865610516,2025-05-01,285.37422180175787,424,0,10,0.35966234549291526,0.0053959183487677365,1.105403463341321,304.75254680996846,0.6538314962864311,"{""type"":""Point"",""coordinates"":[83.34641236879469,22.454125936999777]}"
2449,342.2295303628531,2025-05-01,280.9067622593471,459,0,30,0.2425088877602844,4.92214420773962E-4,8.221773552203484,305.47283140818274,1.3754539405239947,"{""type"":""Point"",""coordinates"":[80.52173550084808,23.408635177547943]}"
2450,180.0,2025-05-01,284.20119585309715,364,0,40,0.4184921763869132,0.006517484048345068,0.9274099368670311,305.3901723680042,1.0139888168660665,"{""type"":""Point"",""coordinates"":[81.38896676899301,22.254203523451242]}"
2451,28.025576627477058,2025-05-01,288.87261744907926,665,0,40,0.15278438838648262,0.007127314070203283,2.1004544302692274,304.297090848287,2.128285481853416,"{""type"":""Point"",""coordinates"":[81.58221349238845,20.057352749556998]}"
2452,180.0,2025-05-01,286.6094571068173,282,0,40,0.3302482120319731,0.003204449275472143,3.242751465064752,306.18271677834645,1.5233679320735825,"{""type"":""Point"",""coordinates"":[81.51614255575765,21.581740131183064]}"
2453,172.21089402580347,2025-05-01,283.66918436686194,397,0,10,0.2991318074191002,0.008598699429967382,3.7391945104928723,304.39317180996846,0.74328070867955,"{""type"":""Point"",""coordinates"":[83.53966009854432,23.962204443007177]}"
2454,353.1288889507619,2025-05-01,284.6534896123977,517,0,10,0.48358329955411433,0.007144659021832922,4.196382988466592,304.4351407459804,0.6255629499967892,"{""type"":""Point"",""coordinates"":[82.71005815647244,22.76955432012464]}"
2455,39.10066122666146,2025-05-01,283.8281082879929,506,0,10,0.32469531751122516,0.008621259788014868,2.3889347203442863,304.07503913697747,0.546500644876899,"{""type"":""Point"",""coordinates"":[82.91708891377044,22.653609178746713]}"
2456,295.16609755033085,2025-05-01,290.16422598702565,254,0,40,0.30182202270926856,0.00376893506381748,3.2680717655001428,306.12291976383756,1.8749482035373173,"{""type"":""Point"",""coordinates"":[82.87441192951675,20.001006647295593]}"
2457,151.49898198586126,2025-05-01,281.7123100644066,668,0,40,0.19534538252042585,0.006100147226788977,1.0552764548518443,303.3851732980637,1.2216532114462046,"{""type"":""Point"",""coordinates"":[81.03605185980635,22.950127436265813]}"
2458,58.424445228298254,2025-05-01,281.24848937988276,691,0,30,0.3042541733979537,0.005266129234769323,1.770733083157139,303.02124100639713,1.1595915024734331,"{""type"":""Point"",""coordinates"":[80.96650637607428,22.79114815389431]}"
2459,301.6180281239532,2025-05-01,285.6948888869512,413,0,10,0.35579004329004327,0.0056267522368216305,1.7686017830099805,303.598866099403,0.4260500585552254,"{""type"":""Point"",""coordinates"":[83.98793469097845,22.5636368196184]}"
2460,312.6081916423226,2025-05-01,279.5751204717727,958,0,10,0.3106015485407981,0.004063292602040747,0.6849870758215763,303.80179346175424,1.3969972123535883,"{""type"":""Point"",""coordinates"":[80.95986938452475,23.101646328449487]}"
2461,114.97943248990116,2025-05-01,287.907221476237,243,0,40,0.20654044750430292,0.011054440597035864,1.0980262731178039,306.2266330264864,1.600335132441112,"{""type"":""Point"",""coordinates"":[83.12056280883832,21.292457139108713]}"
2462,208.69078690298494,2025-05-01,280.2978290376209,366,0,10,0.2451702422883979,6.181888375067501E-4,2.1136467538365187,305.7195296968733,0.9962559165988784,"{""type"":""Point"",""coordinates"":[80.29974129663975,23.989641115016166]}"
2463,87.47670331103505,2025-05-01,281.3597651890346,747,0,10,0.350040749796251,0.004332467177846411,10.417216722949385,304.4557241258167,1.2000393071119642,"{""type"":""Point"",""coordinates"":[80.93720379691166,22.265736533129562]}"
2464,320.60809853093525,2025-05-01,293.28111121768046,624,0,10,0.583089603828769,0.024761139610745886,5.384690383561572,303.26800323667976,1.6302596862893266,"{""type"":""Point"",""coordinates"":[81.67679017848154,18.709940924464995]}"
2465,90.0,2025-05-01,288.020514351981,281,0,40,0.1790894439967768,0.005320235351064184,1.4941040118488156,306.00226779211135,1.810912270203555,"{""type"":""Point"",""coordinates"":[81.97322183660992,21.41785834785642]}"
2466,-0.0,2025-05-01,287.6646096365792,273,0,40,0.8501524145676239,0.0035079561266684323,0.0,306.3365369978405,1.7530942940444114,"{""type"":""Point"",""coordinates"":[81.60442660833625,21.444968835883405]}"
2467,54.47410341855089,2025-05-01,294.8609800792875,80,0,30,0.4018022466362178,0.008837043503262976,2.3928707296346055,305.536121958778,2.172971829623555,"{""type"":""Point"",""coordinates"":[81.34686463648069,17.830442448122014]}"
2468,312.4459235490127,2025-05-01,280.8054787772043,367,0,10,0.279416145367888,5.792372021460324E-4,0.6871052341374025,305.615955943153,1.0256222300404267,"{""type"":""Point"",""coordinates"":[80.63915584499483,23.851505575643863]}"
2469,312.4298718004727,2025-05-01,282.3562367757161,559,0,40,0.17597173144876324,0.008664771178700903,2.061156649956792,304.0625589007423,0.7833481439189824,"{""type"":""Point"",""coordinates"":[82.08317072616833,23.924376089238578]}"
2470,28.56233469552027,2025-05-01,281.7332480294364,498,0,40,0.18739903069466882,0.0029788903984808712,2.1110642477282813,304.128633817037,0.7438581736440277,"{""type"":""Point"",""coordinates"":[81.70274419354625,23.292090311818043]}"
2471,180.0,2025-05-01,294.0555892217727,162,0,10,0.49535342157138834,0.007929100850560644,0.463735342881014,305.63372589292976,1.7869809886766763,"{""type"":""Point"",""coordinates"":[80.89293023953125,18.5245343303031]}"
2472,121.7264887125605,2025-05-01,282.15866306849887,617,0,10,0.17437459614141973,0.0022291235718512326,1.7631868459405766,304.58160768236434,0.657983532338282,"{""type"":""Point"",""coordinates"":[80.4106296725469,21.970252553225613]}"
2473,121.7032614102709,2025-05-01,287.2193785167876,248,0,50,0.14917308007204846,0.0024054937157416134,3.525346581433218,305.64450877053395,1.0096619112600256,"{""type"":""Point"",""coordinates"":[84.04662560471445,22.098595385118628]}"
2474,35.58302954926212,2025-05-01,285.36529323032926,335,0,10,0.45098039215686275,0.001927628377416113,1.7101551242841682,306.6160198847453,1.5400892160772806,"{""type"":""Point"",""coordinates"":[80.54289280333602,21.287246155541165]}"
2475,180.0,2025-05-01,280.42219543457026,1125,0,40,0.18116365051566452,0.008965372303464392,2.317462738066788,302.6551347005935,1.3096679503956439,"{""type"":""Point"",""coordinates"":[81.59632956586913,22.867793896423407]}"
2476,315.73169952951883,2025-05-01,281.97906276157926,510,0,10,0.45133689839572194,0.0025697343144202023,6.448807001926411,305.3648921875727,0.8703140563439291,"{""type"":""Point"",""coordinates"":[80.52686408974425,22.588572608721865]}"
2477,312.8910062464931,2025-05-01,288.2805938720703,229,0,40,0.6959732478751568,0.015610589841344336,2.043248011184602,305.8711700893584,1.5330720004724372,"{""type"":""Point"",""coordinates"":[82.54147009192513,21.726260354441315]}"
2478,180.0,2025-05-01,282.8458782377697,494,0,10,0.3487250172294969,0.006990342596509436,7.378860558780502,304.236317271278,0.9650679329486539,"{""type"":""Point"",""coordinates"":[83.48064729317188,23.767698723549344]}"
2479,109.15065081725079,2025-05-01,291.83725774855844,712,0,10,0.5585598406147716,0.027668371060826757,9.798742095272589,302.4271945499239,1.7981150019815868,"{""type"":""Point"",""coordinates"":[81.23212651815979,19.508037640638527]}"
2480,160.5991447421367,2025-05-01,292.0108591715495,567,0,30,0.5405850322907433,0.023410319546201208,2.9473768758358996,301.2758913040161,1.5786056855555264,"{""type"":""Point"",""coordinates"":[82.51917939106511,18.82580914309175]}"
2481,110.37189955866671,2025-05-01,284.07555643717444,447,0,30,0.31582491582491584,0.005666746953465918,2.6624259389425404,305.4421859468733,1.1130172703982915,"{""type"":""Point"",""coordinates"":[80.69086602750079,21.821658164412696]}"
2482,227.17544475787918,2025-05-01,286.75153532482324,292,0,10,0.35580147551978536,0.0028843723330282955,0.6821914952383495,305.6081027530489,0.9529215307996032,"{""type"":""Point"",""coordinates"":[83.77854633167944,22.057900756665354]}"
2483,245.21773181232078,2025-05-01,283.91733006068637,384,0,10,0.3918867686086187,0.009400694826581457,3.315312753936889,303.9382448196411,0.5542258304560225,"{""type"":""Point"",""coordinates"":[83.03006251157242,22.57555386139816]}"
2484,335.92526445043205,2025-05-01,291.40134466262094,627,0,10,0.44174826167163334,0.009796916702725866,9.56089092007266,303.47837107522145,1.4821671985410796,"{""type"":""Point"",""coordinates"":[80.81090042772426,19.543352698693955]}"
2485,204.9233047090056,2025-05-01,285.06831359863287,546,0,40,0.34810524990557723,0.008724852660634497,3.5749280861652295,302.54346942901606,0.45054704810999857,"{""type"":""Point"",""coordinates"":[83.71940230055982,22.73627687912925]}"
2486,313.4024447392446,2025-05-01,291.48355029878167,687,0,40,0.16966437975152976,0.016519948104360083,2.0238979023398564,302.17483452388217,1.8210754661736634,"{""type"":""Point"",""coordinates"":[81.63825276372262,18.961754718089487]}"
2487,72.49779479968913,2025-05-01,292.341297694615,126,0,40,0.2191148520228075,0.0038792483601355343,1.5416296120568926,306.4165163040161,1.815984392325561,"{""type"":""Point"",""coordinates"":[80.36502988834472,18.910844603980337]}"
2488,312.99083084814714,2025-05-01,288.69861493791853,266,0,10,0.2681312067408968,0.00695860312316654,0.6800651132603404,306.04919510795963,1.9970472099607506,"{""type"":""Point"",""coordinates"":[82.05290871770457,21.216662117003754]}"
2489,49.24485515975159,2025-05-01,291.8463665190198,323,0,10,0.4095645204381512,0.0014025412592673092,23.457795631766146,306.42590409233463,0.6658319072287877,"{""type"":""Point"",""coordinates"":[84.36516262884665,20.661708526323707]}"
2490,27.00038122206365,2025-05-01,291.2251681373233,687,0,10,0.5402267072159248,0.00966025815341709,11.801172708586453,301.9218002046858,1.3494781011519716,"{""type"":""Point"",""coordinates"":[84.23111188105226,20.17796065545381]}"
2491,90.0,2025-05-01,290.7977592831566,247,0,30,0.3208893768871809,0.006542786220052221,0.985811869914295,306.17724105290006,2.051469944796879,"{""type"":""Point"",""coordinates"":[82.69247285428355,19.82285050977986]}"
2492,72.42979155667491,2025-05-01,291.9865381150019,1082,0,40,0.5235792019347038,0.04220449850890873,3.0695016835052416,299.0584259487333,0.836357048716016,"{""type"":""Point"",""coordinates"":[82.54946536725595,18.206005996661286]}"
2493,61.61248370671761,2025-05-01,282.4046812511626,679,0,40,0.19265131496162075,0.010394468167760351,9.661552178690377,302.59933112916497,0.6502671800470393,"{""type"":""Point"",""coordinates"":[83.56452705713198,23.261963029822997]}"
2494,139.2512518826701,2025-05-01,288.1606161934989,244,0,40,0.7526675786593707,0.014833255866506079,3.057799599420257,305.5968606585548,1.4760715428268973,"{""type"":""Point"",""coordinates"":[82.41690135822648,21.80015469023351]}"
2495,287.4859774948631,2025-05-01,291.20512535458516,930,0,40,0.5357202891242225,0.03713335023257969,3.083794819966217,299.46136261167976,1.0982316226640707,"{""type"":""Point"",""coordinates"":[83.06529725438071,19.07568051983043]}"
2496,158.05171027796646,2025-05-01,287.98860749744233,292,0,10,0.35583756345177664,0.012785284975507238,7.948352634204066,305.6365509487334,1.624854941909832,"{""type"":""Point"",""coordinates"":[83.03293151470764,21.47533342320923]}"
2497,287.20364611826096,2025-05-01,289.07434154692146,224,1,40,0.20778894472361809,0.0027056627068304806,1.5675409161038458,305.80197947365906,1.281996777643779,"{""type"":""Point"",""coordinates"":[84.27076605604361,21.741806024126152]}"
2498,290.3849368218787,2025-05-01,287.8769189743769,213,0,40,0.15527950310559005,0.005460753301122168,2.6607979096823873,306.3280153274536,1.4098026528396326,"{""type"":""Point"",""coordinates"":[83.44118223132024,21.721461418540148]}"
2499,197.1685462852671,2025-05-01,286.7300160725912,341,0,30,0.45447378793851007,0.003855019072034338,3.39363997192646,304.15410582224524,0.5191837755116097,"{""type"":""Point"",""coordinates"":[84.13949177668324,22.363210604735645]}"
2500,114.89478550621082,2025-05-01,283.1639702206566,433,0,40,0.15612304120719675,0.00952900872562168,2.2022258543547317,305.1216351191203,1.2314392029545818,"{""type"":""Point"",""coordinates"":[81.0220237579138,21.85191755633557]}"
2501,290.13104519102774,2025-05-01,283.1141248430525,421,0,40,0.164084964289027,0.008343174317815283,5.3739353946532,303.90966874077213,0.7719164840260232,"{""type"":""Point"",""coordinates"":[82.88644656765885,23.593533485318922]}"
2502,35.025482510027445,2025-05-01,296.8041534423828,85,0,10,0.4980694980694981,0.031254022577741125,3.3938557196454915,302.9545441127959,1.9588485767844108,"{""type"":""Point"",""coordinates"":[82.9583102891198,17.973803374002813]}"
2503,65.0781875017537,2025-05-01,288.1794905889602,205,0,40,0.3673036093418259,0.005149825671651342,1.1004016448386111,306.24417046138217,1.3666984169575798,"{""type"":""Point"",""coordinates"":[83.47868193981807,21.674615739840625]}"
2504,227.21910971787239,2025-05-01,285.30278741745724,335,0,10,0.398110661268556,0.0056007348093771725,0.6827530566268962,305.95044022514713,0.8885339318786977,"{""type"":""Point"",""coordinates"":[82.95133207571625,22.27281252582598]}"
2505,-0.0,2025-05-01,283.13025556291853,767,0,30,0.38471419396274886,0.0029387764725470333,6.922303189771408,304.88817274002804,0.9598568103401818,"{""type"":""Point"",""coordinates"":[80.6112859360662,21.928935522092875]}"
2506,208.67489132551347,2025-05-01,280.6893375941686,374,0,40,0.20185922974767595,6.162218842291622E-4,1.0570226401997165,305.7418336868286,1.0330217086280542,"{""type"":""Point"",""coordinates"":[80.52017268756383,23.9044371554619]}"
2507,352.49923585725264,2025-05-01,293.05814688546315,491,0,10,0.5818181818181818,0.0037279270682120114,3.736676694445897,305.25942925044467,1.9409086272094316,"{""type"":""Point"",""coordinates"":[80.65217630254998,18.310194944505962]}"
2508,270.0,2025-05-01,289.3530978248233,238,0,10,0.5600681252456439,0.0029598616156363278,1.481071861301249,307.0911001023792,2.0301784745427134,"{""type"":""Point"",""coordinates"":[80.212910278528,20.093248168610693]}"
2509,-0.0,2025-05-01,285.7072528657459,386,0,40,0.20843643219040886,0.007574080685117224,2.317462738066788,303.2465363002959,0.46828931492051545,"{""type"":""Point"",""coordinates"":[83.88370125687159,22.671216330789626]}"
2510,-0.0,2025-05-01,288.8816622779483,291,0,40,0.1817403708987161,0.005614577988126257,0.4637353428839794,306.50793534233463,1.94518174575914,"{""type"":""Point"",""coordinates"":[81.77960860319898,20.916774326823177]}"
2511,180.0,2025-05-01,294.539051600865,608,0,10,0.4799123447772096,0.05609892235133884,8.742673412295344,301.19335433415006,0.7337467619626691,"{""type"":""Point"",""coordinates"":[83.25009377353835,18.99310718261843]}"
2512,151.61348560642278,2025-05-01,285.6175718761626,315,0,10,0.3538374717832957,0.008980020144917944,2.1075567553291457,305.56443064553406,0.8459917500236681,"{""type"":""Point"",""coordinates"":[82.79888289771313,22.29401790317624]}"
2513,90.0,2025-05-01,290.4201493036179,618,0,40,0.3865972996407779,0.02449509427879093,1.966635278292571,302.34868590037024,2.276003815159472,"{""type"":""Point"",""coordinates"":[82.54275798372747,19.462908519774615]}"
2514,245.03077813843387,2025-05-01,287.6338246663412,310,0,10,0.3974282296650718,0.013675510147550085,1.0984463753215479,306.1993532180786,1.721542031263869,"{""type"":""Point"",""coordinates"":[82.58313677692682,21.3605248480629]}"
2515,101.98393528059896,2025-05-01,287.8789069766091,415,0,10,0.4741608118657299,0.009471013406255224,11.028926352055345,305.69712688809346,1.4896715268940899,"{""type"":""Point"",""coordinates"":[82.90788404753377,20.939534114424408]}"
2516,192.22713568252928,2025-05-01,281.93853541782926,782,0,10,0.3189312109152928,0.002751200655438879,2.371192249478823,304.91538860684346,0.872664119677836,"{""type"":""Point"",""coordinates"":[80.57664964029372,22.64370343165805]}"
2517,180.0,2025-05-01,287.73804364885603,299,0,40,0.295466810577442,0.012253909567334631,0.463735342881014,306.33553137098033,1.819673649756688,"{""type"":""Point"",""coordinates"":[82.72429784327862,21.30046974613031]}"
2518,277.8804952731347,2025-05-01,281.39417739141555,933,0,10,0.6827992151733159,0.0031804286036276608,10.042927165370793,303.01060345059346,1.3365248411733839,"{""type"":""Point"",""coordinates"":[81.26121889130097,22.666715150034893]}"
2519,47.27851245822594,2025-05-01,285.6948888869512,380,0,40,0.3238973840515607,0.0056267522368216305,0.6835191406690166,303.598866099403,0.4260500585552254,"{""type"":""Point"",""coordinates"":[83.95300631036648,22.562027589799897]}"
2520,32.959476571593775,2025-05-01,281.59221612839474,546,0,10,0.39267461669505965,0.002329065659978369,19.64238053235261,304.69126170022145,0.7515962523273083,"{""type"":""Point"",""coordinates"":[81.52356320612874,23.506853088961144]}"
2521,215.86358770312015,2025-05-01,292.54456801641555,221,0,10,0.4430717863105175,0.0035998962912344723,10.744669855001657,307.1927904855637,1.9437941921308457,"{""type"":""Point"",""coordinates"":[80.28898457887533,18.832325817146227]}"
2522,167.9970473853829,2025-05-01,290.1215246291388,288,0,30,0.26221982176613556,0.004755585649945715,4.730333214006948,306.41261005401617,1.7439859576798358,"{""type"":""Point"",""coordinates"":[80.28216619450656,19.832973684118986]}"
2523,35.21087011041988,2025-05-01,294.656739007859,776,0,40,0.42574002574002573,0.04079772458408115,5.094885710396614,300.3936019624983,1.5087904823922826,"{""type"":""Point"",""coordinates"":[84.2828079835548,19.146734419150754]}"
2524,11.974596681539605,2025-05-01,291.11808922177266,640,0,30,0.6497758456731423,0.017252951124646643,2.368955115316073,303.0768585659209,2.2362334566959507,"{""type"":""Point"",""coordinates"":[82.20687418679638,19.44215028424548]}"
2525,35.6095595257434,2025-05-01,288.0598616827102,256,0,40,0.5048543689320388,0.012808784106709936,1.710721721797912,305.99591432298934,1.6311888273172863,"{""type"":""Point"",""coordinates"":[83.02327163335165,21.43081782434535]}"
2526,35.72977217783176,2025-05-01,285.98114958263585,272,0,10,0.4165979211351262,0.004743187883832434,3.4235383131683395,306.20193994612924,1.1274686518243504,"{""type"":""Point"",""coordinates"":[83.39835377651629,22.06671131834917]}"
2527,132.84269598283922,2025-05-01,286.49378095354353,231,0,30,0.1913978494623656,0.005735307196118811,1.3637239932416427,305.9900433222453,1.266841695442145,"{""type"":""Point"",""coordinates"":[83.1813981913829,21.967887824184444]}"
2528,232.53316628664894,2025-05-01,283.6394224621001,489,0,10,0.46121097445600756,0.004219114044644812,3.806193548639322,303.8703795387632,0.7861005554183157,"{""type"":""Point"",""coordinates"":[81.75273912968254,23.11971352348262]}"
2529,55.41780735282928,2025-05-01,283.84644789922805,777,0,10,0.4815935451336359,0.014489813903310278,4.890366212378937,301.1908722377958,0.8721971326158641,"{""type"":""Point"",""coordinates"":[84.09227259021561,23.19177651918139]}"
2530,208.332670952928,2025-05-01,283.0770852225168,572,0,40,0.299852652259332,0.00429671929214237,1.053600484777189,305.1604302270072,1.062147549147142,"{""type"":""Point"",""coordinates"":[80.66027634556858,21.976845795989384]}"
2531,282.98113475419257,2025-05-01,281.63205755324594,502,0,30,0.20341828170303677,0.0024115286860251217,4.1218423889029605,305.3020782924833,1.0100672537600168,"{""type"":""Point"",""coordinates"":[80.35089905372283,22.767249180780848]}"
2532,135.74864761651025,2025-05-01,283.87216404506137,620,0,10,0.38558181274304515,0.010781302312352636,6.4469640231842265,304.66015702202213,0.847089214418943,"{""type"":""Point"",""coordinates"":[81.84258323844352,22.506790946226978]}"
2533,347.98726701386516,2025-05-01,289.88449895949594,337,0,40,0.33853354134165364,0.005458160499074438,2.3692897313113748,306.21257750193274,1.994309726035427,"{""type"":""Point"",""coordinates"":[80.55420564221798,19.96518810767062]}"
2534,261.28466106817194,2025-05-01,280.1862509591239,621,0,10,0.3028296207104154,0.0013036571535849362,6.0978957672061345,304.8813193639119,1.2245150768690112,"{""type"":""Point"",""coordinates"":[80.35648849227518,23.106822594643017]}"
2535,270.0,2025-05-01,282.89657229468935,584,0,10,0.5726095772890345,0.0014122121128821163,0.999396972002899,304.5989009766352,0.6780509188242836,"{""type"":""Point"",""coordinates"":[80.35458438721601,21.881733648038857]}"
2536,270.0,2025-05-01,290.0932973225911,136,0,40,0.28119079837618405,0.0020413987431311398,0.9918713224553535,307.7216978981382,1.4975798126682465,"{""type"":""Point"",""coordinates"":[83.86101003839539,20.77192431319579]}"
2537,133.0717031088911,2025-05-01,287.6587851388114,388,0,10,0.28931924882629106,0.0021281831059241085,2.7142459187162435,306.65197249821256,2.3025558641621804,"{""type"":""Point"",""coordinates"":[80.92850300781775,20.794226864724248]}"
2538,208.7024668023403,2025-05-01,281.993897210984,354,0,40,0.19043107531975367,0.001973002413251379,2.113882415895833,305.32431834084656,0.776132448245966,"{""type"":""Point"",""coordinates"":[81.05745050829468,24.051921202338736]}"
2539,132.52669238663907,2025-05-01,281.6646387009394,503,0,30,0.33188769687286007,0.002330019334294775,4.791369433541489,304.54532954806376,0.6559101465259838,"{""type"":""Point"",""coordinates"":[81.59697622584208,23.481642398889452]}"
2540,180.0,2025-05-01,297.5358196440197,37,0,40,0.34835864772170505,0.012612550714948156,1.390963080774087,303.8343397322155,2.9018907454254244,"{""type"":""Point"",""coordinates"":[83.733797753655,18.373830942185826]}"
2541,32.39901523688638,2025-05-01,292.1255413237072,329,0,30,0.3482908492893222,0.0057393305096411495,2.744110227351783,305.15206550416497,1.4416369864541947,"{""type"":""Point"",""coordinates"":[80.7241840459132,19.006484449152158]}"
2542,132.93971477590853,2025-05-01,285.56726146879646,297,0,40,0.40918344266003165,0.002380206445195654,1.3612414416270602,306.3249228795369,1.0327070501067632,"{""type"":""Point"",""coordinates"":[80.27795866478213,21.479389691393806]}"
2543,99.72209141945501,2025-05-01,293.12164669945116,1032,0,10,0.7857359635811836,0.023193001011350134,16.044127856616424,302.40405931926915,1.251013656172512,"{""type"":""Point"",""coordinates"":[83.42360288136965,19.5556361036451]}"
2544,93.61977066308283,2025-05-01,291.87666902087983,948,0,10,0.6079711389795568,0.0245334349665427,21.036722744799995,300.4436391648792,0.9534066951440261,"{""type"":""Point"",""coordinates"":[82.50771067071399,18.392655392968443]}"
2546,172.27381495909518,2025-05-01,283.66552807035896,651,0,30,0.29391727493917275,0.010088770845868567,3.738636737883076,302.1299882162185,0.4996119249879543,"{""type"":""Point"",""coordinates"":[83.54707204838361,22.87607936640391]}"
2547,287.44688300470875,2025-05-01,290.9640248616537,637,0,10,0.27662721893491127,0.01983319149348972,7.6872320953357125,302.78298882075717,2.087271841015263,"{""type"":""Point"",""coordinates"":[81.77722168696897,19.46585920145666]}"
2548,84.6367829134724,2025-05-01,291.4892352876209,294,0,10,0.5291545189504373,0.004572018245198706,4.949135265345184,304.9603511719477,1.3757557821576503,"{""type"":""Point"",""coordinates"":[83.57209546074812,20.14893504201629]}"
2549,28.59594057550098,2025-05-01,280.90032741001676,509,0,30,0.252548656163114,9.61034754254797E-4,4.217754778748107,305.4032164528257,1.329352852042694,"{""type"":""Point"",""coordinates"":[80.86861515604973,23.47682657574194]}"
2550,244.5589798875119,2025-05-01,294.8400653657459,87,0,10,0.4190871369294606,0.009106739619710424,1.0794001402187996,305.8532025019328,2.245020726716257,"{""type"":""Point"",""coordinates"":[80.98734451107168,17.931425655813328]}"
2551,27.906490839181895,2025-05-01,291.5717431931269,556,0,40,0.18580803937653814,0.02074859962795017,1.0494217304092373,303.07431834084645,2.073905388450599,"{""type"":""Point"",""coordinates"":[81.92789235382051,19.251812452111583]}"
2552,144.73157483553598,2025-05-01,291.13313293457026,209,0,10,0.26710494278061847,0.007385044554212072,1.7034924039703865,306.2290686198644,1.7035473950831157,"{""type"":""Point"",""coordinates"":[80.40059608572447,19.4960351396752]}"
2553,58.38981155312475,2025-05-01,286.0620880126953,391,0,40,0.1756831102145608,0.006820961097218969,3.5346232522705874,303.4355941499983,0.3966467651384343,"{""type"":""Point"",""coordinates"":[83.90306895651638,22.6055293682046]}"
2554,244.92572888780296,2025-05-01,290.5838630312965,144,0,40,0.21187427240977882,0.001496165255048254,1.0941412218718647,307.34142562321256,1.8986476264142247,"{""type"":""Point"",""coordinates"":[83.67895109892198,20.646685106048857]}"
2555,119.17444129507447,2025-05-01,291.0307043166387,149,0,30,0.2828707597420802,0.0022929154429220944,2.8516357204063025,306.02364753541497,1.1975295412626805,"{""type"":""Point"",""coordinates"":[83.94840506169331,21.48849717782396]}"
2556,46.953220950569836,2025-05-01,288.722656976609,295,0,40,0.20117806977797917,0.0044022344145560055,0.679353892396988,306.53036140260247,1.923055300458849,"{""type"":""Point"",""coordinates"":[81.93133870394125,20.926085285959967]}"
2557,214.57792717077874,2025-05-01,285.6948888869512,501,0,10,0.5575578685723163,0.0056267522368216305,6.171645711880586,303.598866099403,0.4260500585552254,"{""type"":""Point"",""coordinates"":[84.00736809430906,22.598424880194806]}"
2558,48.77390093367828,2025-05-01,293.15902927943637,487,0,30,0.3922553946201596,0.020491345981099585,16.423163357144855,301.363032068525,0.8253838797096321,"{""type"":""Point"",""coordinates"":[82.33677322486461,18.33038936468761]}"
2559,46.63340389705222,2025-05-01,291.5292452857608,563,0,30,0.42857142857142855,0.016791983703114965,0.6753290282448795,302.46637330736434,2.0854751994442307,"{""type"":""Point"",""coordinates"":[82.44966293745621,19.169861385250687]}"
2560,234.95424103337785,2025-05-01,289.4621240525019,207,0,10,0.25941298547287284,0.004169314363934973,2.421341557228446,307.02619357336135,1.7641483680978385,"{""type"":""Point"",""coordinates"":[83.33975718664654,20.7402533628154]}"
2561,180.0,2025-05-01,294.40257117861796,165,0,10,0.49166666666666664,0.012179016331174353,0.463735342881014,305.27882099151617,1.9135281133376734,"{""type"":""Point"",""coordinates"":[81.14846746380813,18.285397928977595]}"
2562,90.0,2025-05-01,281.7049509684245,513,0,30,0.14987080103359174,0.0014732025656485348,1.505249596128014,305.35852709270654,0.9827544191256099,"{""type"":""Point"",""coordinates"":[80.22428392068105,22.47555578705467]}"
2563,75.0879695541563,2025-05-01,287.72466823032926,294,0,40,0.23122094445803767,0.011257305005528906,3.599463494712499,306.37512284233463,1.8645638164966472,"{""type"":""Point"",""coordinates"":[82.71188863303048,21.24155978430245]}"
2564,47.109435327293376,2025-05-01,284.80539739699594,306,0,40,0.5972894482090997,8.508108649039059E-4,1.3624974935434886,305.4767667225429,0.8115847640244537,"{""type"":""Point"",""coordinates"":[80.40501741282553,21.72790709625461]}"
2565,90.0,2025-05-01,279.9647689092727,402,0,40,0.2166310867134289,5.962543282294064E-4,2.0296788256659366,305.76038256145654,0.9933094163533442,"{""type"":""Point"",""coordinates"":[80.20412679207975,24.000085226366533]}"
2566,144.54874124046924,2025-05-01,288.59579685756137,292,0,40,0.2853199498117942,0.008676915625073889,1.7073518768786258,306.0830318360101,1.4983800389021855,"{""type"":""Point"",""coordinates"":[82.6086583558474,20.55849139863642]}"
2567,110.21107015833921,2025-05-01,280.522450038365,836,0,40,0.17310443490701002,0.006196080902554968,5.353660944002082,302.94591781071256,1.2668277307616507,"{""type"":""Point"",""coordinates"":[81.54298547137336,23.019786624481952]}"
2568,287.18467093580915,2025-05-01,287.1020398821149,257,0,40,0.5629249340918552,0.008768334248998144,1.5692186425875816,305.7248891648792,1.3166469064294786,"{""type"":""Point"",""coordinates"":[82.13595224918295,21.909418717581463]}"
2569,87.05417138291901,2025-05-01,295.5557287307012,454,0,10,0.4863731656184486,0.03796145246360538,32.209916257280234,300.84912186577213,1.42678004056374,"{""type"":""Point"",""coordinates"":[82.61821556573663,17.823042473813537]}"
2570,121.69680133621752,2025-05-01,287.65858168829055,250,0,40,0.3254953764861295,0.0021145783457541256,1.7646650743413606,305.65599500565304,1.1158541932352917,"{""type"":""Point"",""coordinates"":[84.18884316786324,22.13397079466203]}"
2571,226.84681883995168,2025-05-01,291.048828851609,164,0,40,0.2245582355217335,0.003245248654820898,0.6780071719774078,306.95628216153096,1.9356779466064682,"{""type"":""Point"",""coordinates"":[83.37073329760251,20.35953689126452]}"
2572,238.5496959865502,2025-05-01,282.58908299037387,577,0,30,0.4203187250996016,0.005913867810704687,1.7770538330250347,303.4934380395071,0.6872611037587512,"{""type"":""Point"",""coordinates"":[83.23672824993682,23.44886291272698]}"
2573,83.2891890471121,2025-05-01,290.45425342378155,654,0,10,0.3801060180854381,0.020759730795361975,3.962120648970721,303.2683520090012,1.816146494766989,"{""type"":""Point"",""coordinates"":[81.17096274034944,19.72628735771684]}"
2574,227.18814653661937,2025-05-01,284.062250773112,331,0,40,0.4678111587982833,0.005437179664113501,1.3645159203882486,305.59203016190304,0.9957229048023961,"{""type"":""Point"",""coordinates"":[81.39756908337937,22.12073103007911]}"
2575,-0.0,2025-05-01,289.6943657284691,645,0,10,0.5474873767732628,0.012486486891248205,1.390963080774087,303.84856383005774,2.0878478709659514,"{""type"":""Point"",""coordinates"":[81.59731131969917,19.871710471600117]}"
2576,287.1160349793281,2025-05-01,282.0435798281715,449,0,40,0.16780045351473924,0.0021593861374640255,1.575318764233807,305.7714909598941,0.8267779768058392,"{""type"":""Point"",""coordinates"":[80.38943876712158,22.505636688762312]}"
2577,137.72521205706923,2025-05-01,281.9322865804036,718,0,10,0.4136065385058133,0.01310905740592716,3.755082834785535,303.73314925602506,0.8244670497037649,"{""type"":""Point"",""coordinates"":[82.28500950748122,23.561224730597758]}"
2578,340.23127225974525,2025-05-01,282.15866306849887,643,0,10,0.4012756140588954,0.0022291235718512326,4.426262524470922,304.58160768236434,0.657983532338282,"{""type"":""Point"",""coordinates"":[80.37942778904498,21.95779687171954]}"
2579,137.02939217534447,2025-05-01,291.5728185744512,914,0,10,0.49336181901419196,0.015327989319303015,5.057136938795086,301.12108870915006,1.300611040821833,"{""type"":""Point"",""coordinates"":[84.15550210035985,20.06755543824184]}"
2580,-0.0,2025-05-01,282.35469636462983,388,0,30,0.19839449541284404,0.007014348367192724,0.0,304.9816030320667,0.7278387087987405,"{""type"":""Point"",""coordinates"":[81.57360173143277,23.895758276703432]}"
2581,270.0,2025-05-01,285.4970419747489,312,0,40,0.2247918593894542,0.0025032900366568356,0.9960849781305345,306.50339548928395,1.2372626542124499,"{""type"":""Point"",""coordinates"":[80.3380041034212,21.402357262316244]}"
2582,83.88731697207808,2025-05-01,296.86431666782926,339,0,10,0.5896032831737346,0.034760131696202734,24.515893485159157,301.70885726383756,2.2040656407974892,"{""type"":""Point"",""coordinates"":[84.30568795567324,18.917523555677075]}"
2583,81.07691554868819,2025-05-01,290.8142329624721,626,0,40,0.5665529010238908,0.018862723568418005,2.987105575654446,302.8094548270816,2.1392107242513214,"{""type"":""Point"",""coordinates"":[81.76112875386238,19.601200145369432]}"
2584,151.69761894847363,2025-05-01,286.6608719598679,255,0,40,0.1816075565852789,0.007440774897077063,1.0533004644853399,306.08439204806376,1.2910161877772115,"{""type"":""Point"",""coordinates"":[81.77578709674209,21.796546128304428]}"
2585,28.376051933176264,2025-05-01,285.22092474074594,290,0,40,0.18384209318338307,0.008488564947583654,1.0540309825933933,305.7094385510399,0.9223573489782089,"{""type"":""Point"",""coordinates"":[82.06953392084998,22.232677449635442]}"
2586,324.1853516308365,2025-05-01,282.1893782842727,462,0,40,0.17935483870967742,0.0024657242092871456,1.715126901768662,305.48947366078704,0.8370006183270864,"{""type"":""Point"",""coordinates"":[80.5119573497581,22.50283908260987]}"
2587,98.91804080260162,2025-05-01,290.3499414353143,565,0,30,0.3553653719552337,0.01980018542144535,2.9887782366183,303.3983743304298,2.2845491620745952,"{""type"":""Point"",""coordinates"":[82.54930713601892,19.693383593314003]}"
2588,70.66273620461743,2025-05-01,287.81254722958516,441,0,10,0.22857869310958556,0.0060773782524847775,4.193997795288914,305.19364497775126,1.595305313896022,"{""type"":""Point"",""coordinates"":[82.41598249998896,20.642130420406037]}"
2589,283.63006407988394,2025-05-01,281.3682054792132,793,0,10,0.428609877540035,0.005383863309361914,9.744566385950371,303.6485661552066,1.143335459427326,"{""type"":""Point"",""coordinates"":[80.86658385624933,22.864738246926564]}"
2590,287.03281817270226,2025-05-01,279.9842478434245,648,0,30,0.19960778820563105,8.987777027869015E-4,4.738718996922897,304.6043301991054,1.3844630076907025,"{""type"":""Point"",""coordinates"":[80.69888743390652,23.209075501330915]}"
2591,256.8420977879401,2025-05-01,288.5432543073382,322,0,30,0.2134553549344546,0.004177524903752783,2.036370579440805,306.58229360126313,1.906151739005476,"{""type"":""Point"",""coordinates"":[81.94610412963205,20.757021141673036]}"
2592,152.6196230772247,2025-05-01,291.44559805733815,828,0,10,0.49433184472689795,0.00878222213123081,18.636961375884187,302.45322459084645,1.4639117458492064,"{""type"":""Point"",""coordinates"":[84.04587420026449,20.063626360873407]}"
2593,-0.0,2025-05-01,281.03498840332026,727,0,40,0.1678685225557605,0.005175321558454016,1.8543341688414132,303.8816797619774,1.308850540392875,"{""type"":""Point"",""coordinates"":[80.98224851933294,23.02964313081063]}"
2594,124.97554794897567,2025-05-01,288.12858145577565,232,0,40,0.27138834741173923,0.007334321001508215,2.4255760518005545,306.74198482150126,1.5318640443062537,"{""type"":""Point"",""coordinates"":[83.23677125450803,21.13060502066469]}"
2595,-0.0,2025-05-01,288.67388698032926,265,0,80,-0.119960668633235,0.0070274315867209225,0.0,304.6441367467244,0.7072084021432582,"{""type"":""Point"",""coordinates"":[82.86687644664926,24.100389545861447]}"
2596,-0.0,2025-05-01,290.6531059628441,223,0,30,0.28982725527831094,0.005034535387494543,0.463735342881014,306.5917453311739,1.743427087505029,"{""type"":""Point"",""coordinates"":[80.29373325042243,19.599266550985064]}"
2597,58.071805710311125,2025-05-01,287.47767348516555,372,0,10,0.3995943204868154,0.002173601845242956,1.7532208764566088,306.7569413412185,2.1479076713016205,"{""type"":""Point"",""coordinates"":[80.73906488465475,20.82154518221451]}"
2598,3.9019111709977823,2025-05-01,282.50747026715965,639,0,10,0.35200439319055465,0.007834657290914038,7.395814842238746,302.8677986235845,0.9029102180224942,"{""type"":""Point"",""coordinates"":[83.5214757859846,23.604992929287427]}"
2599,133.23500925492445,2025-05-01,289.8954213460286,638,0,10,0.6074590823718808,0.011453821519353369,0.6769766939843221,303.6405792690459,2.2977434472950593,"{""type"":""Point"",""coordinates"":[81.816317159854,19.912952573742313]}"
2600,237.65833898457828,2025-05-01,293.77454267229353,90,0,30,0.36567616737416614,0.0028220854792380123,1.733206594718263,306.1564425967989,1.9988118665542502,"{""type"":""Point"",""coordinates"":[80.68740863776755,18.233254669157]}"
2601,167.94157755652586,2025-05-01,288.6385330926804,412,0,20,0.20632333767926989,0.003160058716275671,2.369692125666973,306.634260677156,2.3435695834677834,"{""type"":""Point"",""coordinates"":[81.57051948455722,20.57225511867385]}"
2602,270.0,2025-05-01,281.19388907296315,437,0,10,0.29581195166363183,6.365619692587643E-4,1.5183931593959805,305.178211802528,1.226467642799845,"{""type"":""Point"",""coordinates"":[80.75754741010203,23.64620290069966]}"
2603,270.0,2025-05-01,282.2710258847191,669,0,10,0.4115157926552819,0.008380606034734228,2.513032154875942,302.54735824040006,0.5479870145721595,"{""type"":""Point"",""coordinates"":[83.12828722475814,22.766538848309963]}"
2604,110.34102910495949,2025-05-01,286.9623333158947,222,0,40,0.202133062468258,0.0022850923332953244,2.666289389049064,305.6713235491798,0.9490181596878987,"{""type"":""Point"",""coordinates"":[83.94228182539382,22.057170873945974]}"
2605,263.25198558062465,2025-05-01,291.9481150309245,584,0,40,0.31972477064220184,0.024505107859113195,3.9404454474571025,302.3788547061739,1.7320474586706252,"{""type"":""Point"",""coordinates"":[81.63094027863066,18.811670006121872]}"
2606,46.81456552387002,2025-05-01,288.9296010335286,487,0,10,0.655002733734281,0.006666883090474585,2.708508853660628,305.1543848401024,1.845941095965747,"{""type"":""Point"",""coordinates"":[82.09148287361396,20.185140531265823]}"
2607,280.9410569762699,2025-05-01,291.9390353248233,842,0,10,0.5039877300613497,0.021695091584660986,16.62096915836147,300.7456294922602,1.0859954870622837,"{""type"":""Point"",""coordinates"":[84.2716198641599,20.124680180316297]}"
2608,-0.0,2025-05-01,287.22974868047805,371,0,40,0.22511690046760188,0.002143277982213476,0.0,306.5518922805786,2.0467796576967334,"{""type"":""Point"",""coordinates"":[80.56992820566767,20.80197978492663]}"
2609,-0.0,2025-05-01,290.2470245361328,248,0,10,0.35027624309392263,0.004279806474187353,1.390963080774087,306.0957969029744,1.8561648039222802,"{""type"":""Point"",""coordinates"":[82.91306657469478,20.077947284706685]}"
2610,90.0,2025-05-01,288.3705364408947,295,0,40,0.4478909798831927,0.004318340877034643,0.496808984665111,306.45107964106967,2.0235434478188985,"{""type"":""Point"",""coordinates"":[81.5878021109291,21.024515354345077]}"
2611,28.210045800937515,2025-05-01,289.79657345726383,141,0,40,0.5828036519126315,0.003041221955754736,1.0523887539777543,306.81200086502804,1.0643605843057888,"{""type"":""Point"",""coordinates"":[83.8152339446506,21.234659336983714]}"
2612,237.87395185229434,2025-05-01,291.04822431291853,657,0,40,0.2266426236898456,0.019159033158757666,1.7435748956776764,302.6946506046114,2.2175955163230427,"{""type"":""Point"",""coordinates"":[81.89346526600323,19.626708985942656]}"
2613,229.81663472276617,2025-05-01,290.0110568091983,277,0,10,0.2710097719869707,0.004476129272916296,24.897459108093784,306.06762191227506,1.3033813343864995,"{""type"":""Point"",""coordinates"":[84.09870110642296,20.6301918714703]}"
2614,180.0,2025-05-01,287.8941599527995,199,0,30,0.38701067615658363,0.004281684020497778,0.4637353428839794,306.343233426412,1.3730502796138628,"{""type"":""Point"",""coordinates"":[83.51186191833183,21.77271995695276]}"
2615,190.95920193477295,2025-05-01,282.6915232340495,871,0,10,0.6471947618436257,0.00847557113502262,12.998392469163226,300.6707073847453,0.5259731136231272,"{""type"":""Point"",""coordinates"":[83.26425162633059,22.753511388732452]}"
2616,107.4478937175578,2025-05-01,291.7897433326358,524,0,10,0.4813156053184045,0.022502481201627234,1.5462761597461474,303.0792999721709,1.98617297048942,"{""type"":""Point"",""coordinates"":[81.44673732030653,19.45610986492972]}"
2617,107.3811943201147,2025-05-01,290.85402788434715,191,0,40,0.2512836001208094,0.0036442570481085568,1.552022907477616,306.49859405699226,1.6887922428227733,"{""type"":""Point"",""coordinates"":[83.06679995652648,20.10558223505056]}"
2618,259.43442661940014,2025-05-01,288.245850335984,296,0,60,0.1959383226776984,0.005628585079648474,2.527502265198117,306.2369334357125,1.9334768226616035,"{""type"":""Point"",""coordinates"":[81.71414576787905,21.154157287169365]}"
2619,97.71482355428867,2025-05-01,297.66965520949594,22,0,40,0.20034767492394612,0.014564155796506384,3.4503567403461703,303.63293534233463,2.8210957541149413,"{""type"":""Point"",""coordinates"":[83.91977929039619,18.507673687314952]}"
2620,204.35372403194282,2025-05-01,292.43723333449594,467,0,30,0.38737040527803956,0.015141724804379919,3.5587071832202533,303.078340848287,1.6404829553202565,"{""type"":""Point"",""coordinates"":[81.33090042429836,18.7708288570051]}"
2621,190.28739768108028,2025-05-01,282.766352335612,523,0,30,0.21260012989824636,0.008419855693318823,2.8256406952438895,303.61271236056376,0.8144372454679308,"{""type"":""Point"",""coordinates"":[82.93986712071911,23.327467833042665]}"
2622,328.69913255699385,2025-05-01,290.4603627522786,414,0,10,0.533343893552986,0.007251798370816687,3.793632733085431,305.59212898072747,1.8684861307603207,"{""type"":""Point"",""coordinates"":[81.0952924627125,19.981333397902695]}"
2623,218.78662954321072,2025-05-01,287.6224546886626,296,0,40,0.2397935241670577,0.0034947387966894894,2.37838864357485,306.50994659605476,2.070586309291774,"{""type"":""Point"",""coordinates"":[81.34642932781152,21.051153205945617]}"
2624,199.95341349095239,2025-05-01,282.3800928025019,607,0,30,0.2581680830972616,0.01297064051959751,2.95754107370504,303.21303090595063,0.872693517778614,"{""type"":""Point"",""coordinates"":[82.58217752441097,23.343312140635927]}"
2625,90.0,2025-05-01,290.146723429362,256,0,10,0.33233433233433235,0.0044829242024206906,1.9801733763671703,306.56315181368876,1.8396496095736414,"{""type"":""Point"",""coordinates"":[83.18700585667206,20.544249390473887]}"
2626,215.5932882725868,2025-05-01,288.17949640183224,253,0,40,0.1855072463768116,0.013025446990468481,1.7103741306441205,306.2638063430786,1.632874707783792,"{""type"":""Point"",""coordinates"":[83.01779698179296,21.342712864578623]}"
2627,21.69084822426391,2025-05-01,289.88026137579055,764,0,30,0.30386011217419995,0.01950910613868473,7.934249000521877,301.3936717169625,1.373046692016193,"{""type"":""Point"",""coordinates"":[83.05029484625871,19.47809709895475]}"
2628,-0.0,2025-05-01,295.3224174862816,135,0,40,0.4084507042253521,0.024945750096776464,0.0,302.84813949040006,1.3925167458304342,"{""type"":""Point"",""coordinates"":[83.22927095204649,18.29250147611384]}"
2629,271.55807014049094,2025-05-01,293.6943889799572,1133,0,10,0.7220939183987682,0.043548076609113195,16.57709120674883,299.673067410787,1.0411933635621824,"{""type"":""Point"",""coordinates"":[82.12352105958261,17.823003726100257]}"
2630,90.0,2025-05-01,286.6693471272786,368,0,40,0.368575624082232,0.002388819316365698,0.496808984665111,306.89099198295946,1.971723373615044,"{""type"":""Point"",""coordinates"":[80.5590317848251,21.024757812861843]}"
2631,-0.0,2025-05-01,291.25216892787387,578,0,40,0.12929942511936082,0.012473984817006567,0.9274099368611016,303.0471954799834,2.0800619489239645,"{""type"":""Point"",""coordinates"":[82.06225985090688,19.17879402553498]}"
2632,37.04851451420647,2025-05-01,291.6556868780227,718,0,40,0.47404255319148936,0.021892055133321264,4.060490825825929,302.3674556641352,1.9034179819228312,"{""type"":""Point"",""coordinates"":[81.80032619593376,18.875816438998715]}"
2633,340.64250202473863,2025-05-01,292.76362028576074,384,0,10,0.34927585045469856,0.0036309950146460324,1.4742717137337888,305.5665407180786,1.928588864649012,"{""type"":""Point"",""coordinates"":[80.63215983407567,18.4143327987265]}"
2634,90.0,2025-05-01,294.62190246582037,143,0,10,0.5045454545454545,0.007934688786008337,1.9500207062681374,305.7054044178554,2.1790388658114503,"{""type"":""Point"",""coordinates"":[81.03215997820662,18.029244947957576]}"
2635,-0.0,2025-05-01,286.23970613025483,337,0,40,0.24906636024130996,0.0015308551583075314,1.3909630807829783,306.5486080078852,1.782928492964489,"{""type"":""Point"",""coordinates"":[80.91658871052711,21.258110359030503]}"
2636,283.01345132358927,2025-05-01,284.54063270205546,369,0,40,0.26085889570552145,0.008249431112744787,4.111817045421309,305.31336107708154,0.8633292515268328,"{""type"":""Point"",""coordinates"":[81.65696108701492,22.412948110106548]}"
2637,27.91211498902329,2025-05-01,294.7633005777995,545,0,10,0.6185410334346505,0.01045623348090885,4.190884680626581,301.88251100267684,1.4983525723353885,"{""type"":""Point"",""coordinates"":[84.02756072658157,19.2909246873654]}"
2638,151.7359576663452,2025-05-01,286.73393394833516,261,0,30,0.16267296658791766,0.003774224976041296,1.052921387584123,306.51797998519174,1.5143534772124179,"{""type"":""Point"",""coordinates"":[81.66348851932126,21.565588505649725]}"
2639,335.55238580261346,2025-05-01,289.4337339855376,769,0,40,0.2597349364667304,0.014110758164861181,3.561346784273999,301.91046510423934,1.6025275640665566,"{""type"":""Point"",""coordinates"":[83.0216959724433,19.490099784951703]}"
2640,67.55957089158436,2025-05-01,288.71022905622215,215,0,10,0.20857229097494717,0.004733666041829565,4.847899408178513,305.98481173742385,1.3439967232929557,"{""type"":""Point"",""coordinates"":[83.59458340335924,21.68315880488364]}"
2641,28.215896732633674,2025-05-01,288.07362075079055,313,0,30,0.23736147757255938,0.009167193630673864,3.1545031497181384,306.1585701079595,1.960243371750842,"{""type"":""Point"",""coordinates"":[82.28133945821796,21.2705460544526]}"
2642,336.37280561819546,2025-05-01,280.22725495837983,394,0,40,0.173861852433281,6.25147679784277E-4,2.529240665743109,305.88712061019174,1.0378432495438044,"{""type"":""Point"",""coordinates"":[80.2532439243379,23.8824943960911]}"
2643,76.7319626403628,2025-05-01,291.3414546421596,583,0,10,0.3637802396563419,0.015077932933309057,4.034553304411799,302.81570947737924,2.0417205139052577,"{""type"":""Point"",""coordinates"":[81.58408962194318,19.402944632735515]}"
2644,114.80557258446166,2025-05-01,282.2101825532459,512,0,20,0.24635456638526476,0.0017001919541144161,1.105228436386114,305.43926788511726,0.7892889705910769,"{""type"":""Point"",""coordinates"":[80.29952836722794,22.426441874271223]}"
2645,127.26484397636608,2025-05-01,296.8041534423828,96,0,10,0.6664838178826111,0.031254022577741125,3.0606383984835692,302.9545441127959,1.9588485767844108,"{""type"":""Point"",""coordinates"":[82.97651747708137,18.004300556324072]}"
2646,289.58334214403527,2025-05-01,291.87666902087983,862,0,30,0.37513513513513513,0.0245334349665427,8.244117238751278,300.4436391648792,0.9534066951440261,"{""type"":""Point"",""coordinates"":[82.50681567139696,18.435033574979162]}"
2647,313.0440227818843,2025-05-01,287.6722419375465,319,0,30,0.162533215234721,0.0019903622660422116,1.3585867676449095,306.8788721447899,2.2981037463964222,"{""type"":""Point"",""coordinates"":[81.11740243122405,20.940395701428955]}"
2648,150.60218530349917,2025-05-01,291.3701527913411,577,0,10,0.49433493714108334,0.017208918193318823,16.5564219974763,302.4281478609358,1.5072477363317176,"{""type"":""Point"",""coordinates"":[80.91694952558689,19.45528556110824]}"
2649,225.2347605933643,2025-05-01,290.60373142787387,1033,0,10,0.6226363008971705,0.018809586027600744,34.59093610477531,302.41342966897145,1.1866897220223942,"{""type"":""Point"",""coordinates"":[83.17288955280308,19.567478167827304]}"
2650,28.074054958416497,2025-05-01,288.4256947835286,392,0,10,0.43714466203411245,0.003278418639638403,4.197163211917576,306.36322970617385,1.890446193972756,"{""type"":""Point"",""coordinates"":[80.54936191608289,20.374075668413372]}"
2651,208.4629588961203,2025-05-01,284.4880727132162,406,0,30,0.24857302742025741,0.015034868577458838,2.109077899392599,304.118135770162,0.6661541293307164,"{""type"":""Point"",""coordinates"":[82.36894464937824,22.733947419045027]}"
2652,114.71062499128774,2025-05-01,280.48766581217444,732,0,30,0.19298245614035087,0.004540994027593115,2.217581213458179,303.42386958712626,1.4454940776449179,"{""type"":""Point"",""coordinates"":[81.2841449088426,23.023518320070167]}"
2653,180.0,2025-05-01,292.25412786574594,950,0,40,0.32813717848791896,0.0682157270703101,1.390963080774087,298.5755622954595,0.9948970965995604,"{""type"":""Point"",""coordinates"":[82.85169704151984,18.354506777772013]}"
2654,211.78265665554213,2025-05-01,281.18490818568637,798,0,30,0.22841684309574217,0.005422829845883825,3.813206041105062,303.29324272700717,1.2935264814469332,"{""type"":""Point"",""coordinates"":[81.47609436775836,22.74433860009211]}"
2655,98.70347110368178,2025-05-01,281.70088777087983,480,0,40,0.3327654741624077,0.0025916092190527706,3.061735461323662,304.85582992008756,1.0395160023473609,"{""type"":""Point"",""coordinates"":[81.41055614846192,23.291685774021715]}"
2656,50.72178882634139,2025-05-01,287.0178462437221,392,0,10,0.22444622364558314,0.001290067294576147,5.1139820961053095,306.7543546131679,1.8724804773249502,"{""type"":""Point"",""coordinates"":[80.39253773550843,20.82162789130199]}"
2657,207.98211110611575,2025-05-01,290.7977592831566,255,0,40,0.4878533231474408,0.006542786220052221,1.0501565414872414,306.17724105290006,2.051469944796879,"{""type"":""Point"",""coordinates"":[82.73970079493918,19.768213101504365]}"
2658,216.061166035623,2025-05-01,282.5591060093471,401,0,30,0.3269628099173554,0.0020387016329550534,1.7204812964043315,304.8196564174834,0.7571348998719988,"{""type"":""Point"",""coordinates"":[81.30268169772047,23.71890620409494]}"
2659,207.91888113988674,2025-05-01,295.5316518147787,253,0,40,0.5368589743589743,0.040434315064885595,2.09837999502885,302.6399456659953,1.3020783178981992,"{""type"":""Point"",""coordinates"":[83.42935312879362,19.33730915169706]}"
2660,316.37353395265325,2025-05-01,294.4184228806269,1004,0,10,0.7803342739309747,0.05085864589545963,31.123998381719645,299.2607487723941,1.048348525332493,"{""type"":""Point"",""coordinates"":[82.39033361734363,17.825323549105807]}"
2661,351.2400812918703,2025-05-01,285.73804364885603,264,0,30,0.07010710808179163,0.007166101792790869,3.280940957827332,305.8631250744774,1.1292804508161425,"{""type"":""Point"",""coordinates"":[81.86349185442754,22.014783796777667]}"
2662,235.58862508605853,2025-05-01,287.9871600923084,279,0,30,0.46293666571996595,0.006518840054013708,2.4602821562245376,304.548340615772,0.7425790171145247,"{""type"":""Point"",""coordinates"":[82.81198733858818,24.028274112623528]}"
2663,313.4119590611628,2025-05-01,292.45674714587983,552,0,40,0.23563563563563564,0.022386684277989843,0.6747636967597894,302.3723501023792,1.8082045250156937,"{""type"":""Point"",""coordinates"":[82.0450155447452,18.906750025110256]}"
2664,143.27727472542736,2025-05-01,294.26519557407926,924,0,10,0.7643391521197007,0.039634390929677465,17.382000301933182,300.2776758557274,0.8379926700671381,"{""type"":""Point"",""coordinates"":[82.2960307433246,17.95164029746172]}"
2665,238.1238762643808,2025-05-01,287.5183635893322,295,0,40,0.15068162625165882,0.003969862321355322,1.755780723742928,306.65075179508756,2.050221399428098,"{""type"":""Point"",""coordinates"":[81.44807816434721,21.124223877762024]}"
2666,46.83039861792771,2025-05-01,290.3028397333054,211,0,40,0.2704850644012058,0.005646257856824377,1.3554103960947645,306.6908489863078,1.9501481327012278,"{""type"":""Point"",""coordinates"":[83.00193068704627,20.271358746081212]}"
2667,227.0502682770822,2025-05-01,287.6646096365792,265,0,40,0.3959193891600951,0.0035079561266684323,0.6805889339481631,306.3365369978405,1.7530942940444114,"{""type"":""Point"",""coordinates"":[81.63457071828817,21.428134057763366]}"
2668,199.87720106042323,2025-05-01,283.2234940301804,579,0,10,0.46730950141110067,0.008068337300755957,7.356173523003313,303.1684810547602,0.8212554974116293,"{""type"":""Point"",""coordinates"":[82.13702451399686,22.7842179942717]}"
2669,90.0,2025-05-01,282.20489283970426,655,0,10,0.2689335394126739,0.018745913365819433,2.020911896713898,303.0586700893584,0.8703369566778505,"{""type"":""Point"",""coordinates"":[82.63433965711802,23.435218983846575]}"
2671,180.0,2025-05-01,282.1620926629929,430,0,40,0.33126639637491057,0.002727448204495886,0.4637353428839794,304.75162256331674,0.9127878256851398,"{""type"":""Point"",""coordinates"":[81.47923967536791,23.338605893439603]}"
2672,65.15302252975884,2025-05-01,287.4883168538412,266,0,10,0.2914798206278027,0.0024590037855887203,3.3072426678712907,305.25857475825717,0.8914775008422733,"{""type"":""Point"",""coordinates"":[84.17504782339358,22.161909817863982]}"
2673,290.3251394871433,2025-05-01,282.0620298839751,572,0,10,0.44221105527638194,0.0017336450609946041,5.325041341608892,306.003907022022,0.6072760580197833,"{""type"":""Point"",""coordinates"":[80.24754823007198,22.17645382057503]}"
2674,-0.0,2025-05-01,292.99163019089474,264,0,10,0.3625866050808314,0.013158186534383276,0.463735342881014,303.19016888028096,0.9295682517710561,"{""type"":""Point"",""coordinates"":[82.16843781109361,18.416014802922174]}"
2675,19.869527692967274,2025-05-01,285.06831359863287,560,0,40,0.29149936904898477,0.008724852660634497,1.4789720493423826,302.54346942901606,0.45054704810999857,"{""type"":""Point"",""coordinates"":[83.65791220397197,22.72735933482848]}"
2676,227.1113125642738,2025-05-01,288.1066436767578,216,0,40,0.18298101521475696,0.013963028052785376,2.04333695655065,305.9774235770816,1.5453217952031282,"{""type"":""Point"",""coordinates"":[82.9023465995277,21.737478246167097]}"
2677,289.48073365561356,2025-05-01,291.3691878545852,230,0,10,0.542732716385411,0.006043686727025488,4.164401479300201,306.0285187221709,1.6002035687062537,"{""type"":""Point"",""coordinates"":[80.5245469578453,19.385305350413002]}"
2678,164.7990462058085,2025-05-01,283.3655199323382,424,0,40,0.18603538976566236,0.0068481408152365475,3.838719657644429,303.6037837891352,0.8686616385761422,"{""type"":""Point"",""coordinates"":[82.6482965782151,23.060186115319972]}"
2679,270.0,2025-05-01,292.9429008847191,316,0,10,0.5288512440444679,0.016901030400731543,0.4907006600651737,303.38913767678395,1.3994836797072405,"{""type"":""Point"",""coordinates"":[81.08937270002878,19.08320527094731]}"
2680,274.3804898489018,2025-05-01,282.3684961228144,961,0,10,0.47789530783835094,0.008599608400800207,6.049020088974244,302.2342071987333,0.5607921422164387,"{""type"":""Point"",""coordinates"":[83.51973194376836,23.185018429549086]}"
2681,199.50338331869636,2025-05-01,295.5043778192429,372,0,10,0.44296807592752374,0.018459557751157263,8.786012573831126,302.7786349796114,1.1547075749422655,"{""type"":""Point"",""coordinates"":[84.29089330759291,19.758111241404443]}"
2682,227.57971151001968,2025-05-01,284.36832754952565,259,0,40,0.31790316526961093,0.006300210216977575,0.6874415638051575,305.05407210758756,0.3505037561990474,"{""type"":""Point"",""coordinates"":[84.20072750580331,23.96716392876689]}"
2683,338.9685366384472,2025-05-01,291.96198454357324,1259,0,30,0.41790298383063845,0.04840414152477024,24.271604077853077,298.2090897787185,0.804875511785846,"{""type"":""Point"",""coordinates"":[82.49966567794577,18.14020737543733]}"
2684,58.50965872454896,2025-05-01,282.77158973330546,548,0,40,0.24415066624698353,0.008507698038556555,1.7750275402827165,303.3883413133167,0.8535351807506179,"{""type"":""Point"",""coordinates"":[82.79446171945058,23.240722844914107]}"
2685,138.12784843620045,2025-05-01,290.0152304513114,192,0,30,0.49144254278728605,0.002501591304280737,3.7314039655246796,305.7627193360102,1.254067588235531,"{""type"":""Point"",""coordinates"":[83.9552915713572,21.615286479322965]}"
2686,320.6944436876142,2025-05-01,291.25766209193637,941,0,10,0.592814371257485,0.0061106376442694454,22.192906601807607,303.37100732894174,1.400102171699326,"{""type"":""Point"",""coordinates"":[83.59772012973143,20.01037826657735]}"
2687,7.572904574561376,2025-05-01,289.6568552652995,637,0,40,0.24912090884500945,0.011501445630528906,3.737297458886018,303.52603081294467,2.4300018010018065,"{""type"":""Point"",""coordinates"":[82.21118185139649,19.910806489692117]}"
2688,109.69142845455035,2025-05-01,284.4851255871001,881,0,10,0.4798523037405683,0.012395664313771704,9.544715111886656,301.0841130302066,0.6463627901439295,"{""type"":""Point"",""coordinates"":[83.77922030033834,23.03435823794422]}"
2689,222.83435806462538,2025-05-01,281.12440200079055,697,0,10,0.5577916779983683,0.0034327201638006954,4.417951230769227,304.13719036465596,1.2080949603438198,"{""type"":""Point"",""coordinates"":[81.07455764341752,22.404075313922522]}"
2690,-0.0,2025-05-01,285.34607587541853,378,0,80,-0.06491063029162747,0.00254060254428623,0.0,305.92069575900126,1.6203212679333734,"{""type"":""Point"",""coordinates"":[80.927287037534,21.533768188915065]}"
2691,194.80607046737367,2025-05-01,292.48459661574594,354,0,10,0.5275824770146025,0.008867069343068579,1.9179726995369535,304.2039163226173,1.4129628882342882,"{""type"":""Point"",""coordinates"":[80.98309638288424,18.949584065371354]}"
2692,227.37460229371763,2025-05-01,283.25488935198103,526,0,40,0.2650587507730365,0.0055879198107504635,0.6847635644777117,302.9974721726917,0.8288392133353163,"{""type"":""Point"",""coordinates"":[82.05453080459462,23.020271981299224]}"
2693,324.439126635973,2025-05-01,286.62383233933224,324,0,40,0.1959928076033907,0.001440718034245947,1.7096825053963478,306.710665067037,1.8855868983103266,"{""type"":""Point"",""coordinates"":[80.93230916285928,21.166790085548055]}"
2694,172.50600600149252,2025-05-01,296.89963567824594,59,0,30,0.2589033352176371,0.006767898062207678,3.7366187514600044,304.1885703404745,2.621915784457273,"{""type"":""Point"",""coordinates"":[83.43939352851376,18.151100023314733]}"
2695,349.7694405346762,2025-05-01,285.13957359677266,604,0,10,0.39584402257567985,0.007393165687062719,2.825134230476449,302.98868892306376,0.4572897655822458,"{""type"":""Point"",""coordinates"":[83.55057881365232,22.561771534475376]}"
2696,301.9352045405785,2025-05-01,287.8408849807013,336,0,40,0.18523445294313268,0.0025962285790228634,1.752876924851146,306.759737332662,2.3565686498339855,"{""type"":""Point"",""coordinates"":[81.07028617906929,20.77999120877361]}"
2697,47.45686626514846,2025-05-01,280.9763016473679,454,0,30,0.19144715088724787,0.001709490278699377,2.0567166449279344,305.76122542790006,1.379182106531574,"{""type"":""Point"",""coordinates"":[80.981489035249,23.405432223129015]}"
2698,312.6026385051737,2025-05-01,283.38315037318637,497,0,40,0.2141636605278147,0.005773349860646704,1.369922699197063,303.4270782924834,0.8101036567046687,"{""type"":""Point"",""coordinates"":[82.40686002481159,23.127383337082172]}"
2699,160.27379191618058,2025-05-01,287.7213200160435,206,0,40,0.32602040816326533,0.007223471263387182,1.4776414921898962,306.3399724052066,1.4054089124772435,"{""type"":""Point"",""coordinates"":[83.43593304481642,21.62342144415445]}"
2700,235.36002163758684,2025-05-01,284.71691385904944,778,0,10,0.41173333333333334,0.004871889213063696,2.4460717165644144,301.6935752232869,0.9226937683188826,"{""type"":""Point"",""coordinates"":[84.28118009415572,22.900983821580954]}"
2701,180.0,2025-05-01,287.9920603434245,317,0,40,0.2830728856018132,0.002701415875890234,1.390963080774087,306.46995984940304,2.1400587386505348,"{""type"":""Point"",""coordinates"":[81.37551165808222,20.965246521987513]}"
2702,226.9026019748278,2025-05-01,288.71496073404944,332,0,40,0.19041578576462298,0.003238110998609045,0.6787122549130541,306.77276979173934,2.382832520944743,"{""type"":""Point"",""coordinates"":[81.54508610128309,20.658711964298206]}"
2703,215.66973729224776,2025-05-01,287.16935294015065,218,0,40,0.1570271833429728,0.00625786111686466,1.7120096839767798,306.2275805246262,1.4833070373730888,"{""type"":""Point"",""coordinates"":[83.1782368009028,21.75154743143622]}"
2704,232.01493096275345,2025-05-01,288.75526137579055,386,0,10,0.3829215209320189,0.004545360067822912,7.491994681202124,306.28107057298934,2.3061206066794737,"{""type"":""Point"",""coordinates"":[80.83649869400851,20.439908758458483]}"
2705,294.85034089687423,2025-05-01,287.12183271135603,285,0,40,0.2471042471042471,0.009966238597371557,3.306824392757175,305.35952690669467,1.1624096368951988,"{""type"":""Point"",""coordinates"":[82.74664670936701,22.14071587301914]}"
2706,184.62822446958663,2025-05-01,281.9069947742281,551,0,10,0.44073226544622424,0.00626684651706455,12.366414370800756,304.71369357336135,0.7316978929478448,"{""type"":""Point"",""coordinates"":[81.94538435709771,23.792087252594253]}"
2707,190.19111403893058,2025-05-01,287.804926554362,266,0,10,0.2464381121994657,0.0021440081391119747,2.8247844842975205,305.73652072179874,1.2506178185717558,"{""type"":""Point"",""coordinates"":[84.224620141869,22.0099024651966]}"
2708,295.1133836762257,2025-05-01,288.9890492757162,250,0,10,0.42170872605655213,0.002756877997853735,1.0925478451692092,307.0579725447155,2.008623185698529,"{""type"":""Point"",""coordinates"":[80.21867429612331,20.373895194048764]}"
2709,-0.0,2025-05-01,288.8705131894066,168,0,40,0.27538280329799764,0.004946231106259802,1.390963080774087,307.2780420666649,1.5524047522619577,"{""type"":""Point"",""coordinates"":[83.3249450893066,20.977550292900673]}"
2710,47.290263148117845,2025-05-01,281.1870473225912,874,0,10,0.59048553212359,0.008024751404263952,2.7327396188587443,303.1497868583316,1.0965193282634698,"{""type"":""Point"",""coordinates"":[81.60465282159537,22.61840881063048]}"
2711,312.93535147291453,2025-05-01,288.1967025030227,210,0,10,0.5171403457368884,0.007946341494061926,0.6807724879055245,306.0947389602661,1.325341734500517,"{""type"":""Point"",""coordinates"":[83.47761897843634,21.502073473287556]}"
2712,46.903542635046364,2025-05-01,287.2608242943174,386,0,10,0.23978354170554209,0.0011288665327811032,4.0656977055329016,306.7799661273048,1.85082861836934,"{""type"":""Point"",""coordinates"":[80.41871578512617,20.663507970501545]}"
2713,46.9096105835119,2025-05-01,288.71496073404944,323,0,40,0.2930140161130118,0.003238110998609045,0.6788009909483274,306.77276979173934,2.382832520944743,"{""type"":""Point"",""coordinates"":[81.48874077995622,20.695793374454247]}"
2714,19.585617076020693,2025-05-01,290.98321315220426,144,0,80,0.07806833365146021,0.0023483626637244015,1.4763475539721795,307.05542069389713,1.9702432265641447,"{""type"":""Point"",""coordinates"":[83.54666337389862,20.47004587951254]}"
2715,2.894336307686807,2025-05-01,291.27876863025483,597,0,10,0.5995267672286306,0.020675315717198828,9.658552605574481,302.37310577574226,1.6097430906857462,"{""type"":""Point"",""coordinates"":[81.01943042229153,19.63368533942116]}"
2716,252.4039553847966,2025-05-01,294.8400653657459,94,0,10,0.47486954133479814,0.009106739619710424,1.5336699881112041,305.8532025019328,2.245020726716257,"{""type"":""Point"",""coordinates"":[80.99421936632949,17.930442306818534]}"
2717,47.12458899749263,2025-05-01,286.6608719598679,258,0,40,0.5748806250904356,0.007440774897077063,1.362885421918179,306.08439204806376,1.2910161877772115,"{""type"":""Point"",""coordinates"":[81.82995752358747,21.804319186072227]}"
2718,180.0,2025-05-01,287.12397766113287,295,0,30,0.0799492385786802,0.003201126316525915,1.3909630807829783,306.316651162647,1.6670841381094843,"{""type"":""Point"",""coordinates"":[81.80888437305178,21.471581926315377]}"
2720,-0.0,2025-05-01,285.5255134219215,294,0,40,0.3651421508034611,0.0017393522057318478,0.9274099368611016,306.2384331566947,0.8882834406438426,"{""type"":""Point"",""coordinates"":[80.31745105308907,21.607658744850028]}"
2721,132.8928823867424,2025-05-01,289.366200038365,204,0,30,0.4173752310536044,0.0024212293419623165,2.043176053990187,305.8878065290905,1.357456797904789,"{""type"":""Point"",""coordinates"":[83.9984567874686,21.716324958750054]}"
2722,90.0,2025-05-01,284.0053427559989,368,0,40,0.2525017454037701,0.007057412723042944,0.5078954170620266,304.6985452288673,0.6245933039799944,"{""type"":""Point"",""coordinates"":[83.52492863306465,24.069922808992658]}"
2723,151.81903349171532,2025-05-01,290.2637830461775,174,0,10,0.4562300319488818,0.0024812810215735226,2.1034960065045265,306.6768864677066,0.9196024149805457,"{""type"":""Point"",""coordinates"":[83.96479724349062,21.054100203769227]}"
2724,107.37817741644945,2025-05-01,291.1351500011626,192,0,10,0.3625474729769208,0.0036012671980643063,1.5522839000568152,306.55998379843584,1.5856926264280748,"{""type"":""Point"",""coordinates"":[83.1665228993096,20.134249224422568]}"
2725,-0.0,2025-05-01,287.3467269170852,309,0,40,0.15836564270802267,0.0013955675158285885,0.0,306.8379030227661,2.159169136436696,"{""type"":""Point"",""coordinates"":[80.92117542298654,20.973380994617212]}"
2726,219.3311673616967,2025-05-01,283.2991194952102,393,0,10,0.3246247915508616,0.004514753082730749,2.396781386325676,304.10699830736434,0.805998335541195,"{""type"":""Point"",""coordinates"":[82.9116804252344,23.750778448467237]}"
2727,90.0,2025-05-01,288.0281001499721,283,0,40,0.6407680285778076,0.005539267519452551,0.49727934176914684,306.4098315011887,1.9202743948813819,"{""type"":""Point"",""coordinates"":[81.60330307142247,21.165396499166466]}"
2728,233.10842519943358,2025-05-01,289.2221861339751,390,0,10,0.5963121501481725,0.0043266259226584225,3.087087110540037,305.9932985305786,2.262402410074809,"{""type"":""Point"",""coordinates"":[80.75288214089197,20.242141950254915]}"
2729,208.18221314021736,2025-05-01,288.1104743594215,305,0,40,0.1707049965776865,0.004206820586659887,1.052114781676407,306.30604848407563,2.0036537156392265,"{""type"":""Point"",""coordinates"":[81.52503510390598,21.062240066373494]}"
2730,47.18139730869319,2025-05-01,287.12183271135603,257,0,40,0.3425733425733426,0.009966238597371557,1.3643425116454286,305.35952690669467,1.1624096368951988,"{""type"":""Point"",""coordinates"":[82.73141466791975,22.087564232109923]}"
2731,-0.0,2025-05-01,298.57010977608815,0,0,80,-0.35905916942300625,0.006781443217732885,0.0,302.97343013400126,5.7264572473539825,"{""type"":""Point"",""coordinates"":[83.83666419002736,18.164749375698822]}"
2732,215.1301014543062,2025-05-01,293.7391771589006,267,0,10,0.6091758708581139,0.022444277266004065,3.3982000474431593,303.82403932298934,1.3581377611193737,"{""type"":""Point"",""coordinates"":[82.00895460456057,18.646220867204704]}"
2733,265.8713310325182,2025-05-01,290.1994926815941,255,0,10,0.26370280146163216,0.007493525007703283,12.671712521029935,306.2840118862334,1.8088393853088232,"{""type"":""Point"",""coordinates"":[82.76155302158901,20.217399622472602]}"
2734,53.48354405454062,2025-05-01,282.33525230771016,591,0,30,0.3346803290518112,0.01051913128230808,27.333258380205702,304.3771108445667,0.8529728223031935,"{""type"":""Point"",""coordinates"":[82.3191525506672,23.685583805931806]}"
2735,90.0,2025-05-01,283.13839939662387,524,0,40,0.22998544395924309,0.005414768317677954,1.0076338507058293,302.9196843192691,0.8251463597051598,"{""type"":""Point"",""coordinates"":[81.97581425731505,23.019785691654917]}"
2736,72.69862592438908,2025-05-01,291.2524653843471,104,0,40,0.6543150271575136,0.0017551474365973263,1.5589593038513874,306.92846175602506,0.7380182028387877,"{""type"":""Point"",""coordinates"":[84.19113417112567,20.856260465723746]}"
2737,151.94200390843451,2025-05-01,288.97504606701074,245,0,10,0.3504046702932201,0.0029399089607977658,5.240411577226663,307.04612009865895,1.9259061445680035,"{""type"":""Point"",""coordinates"":[80.31514122184782,20.270056755978292]}"
2738,19.499180325151368,2025-05-01,290.49105471656435,563,0,40,0.30502735087262306,0.021838068226315954,2.9491604257693904,303.21726848965596,1.8874208743595395,"{""type"":""Point"",""coordinates"":[81.30168502785915,19.721335793405856]}"
2739,107.35523913394805,2025-05-01,288.7706306094215,417,0,40,0.3664756446991404,0.00394913480613468,1.554271307609696,306.2613009952364,2.474516374558966,"{""type"":""Point"",""coordinates"":[81.23683370382045,20.352718016580504]}"
2740,303.13311124865703,2025-05-01,289.9301125662667,130,0,80,0.5106180665610143,0.0028749697003149777,5.917945618183815,306.59582015446256,0.9746702346769079,"{""type"":""Point"",""coordinates"":[83.89822655611904,21.17983281961827]}"
2741,353.34311851682907,2025-05-01,294.16119748070133,145,0,10,0.4931763446614932,0.003736003497579077,4.194529082054382,305.51565483638217,2.2335704016290245,"{""type"":""Point"",""coordinates"":[80.74319810599843,17.8195143038]}"
2742,226.97799500789438,2025-05-01,286.8318052746001,330,0,40,0.23044397463002114,0.0019515745434546261,1.3591458907169947,306.58591502053395,1.9014907516994057,"{""type"":""Point"",""coordinates"":[80.71681577773785,21.055516776244428]}"
2743,298.45067851018035,2025-05-01,292.2188321068173,162,0,30,0.3354083296279828,0.0034003548416876583,3.8877540586237047,307.19866148630774,1.9903850665882015,"{""type"":""Point"",""coordinates"":[80.2281705700626,18.51852984458728]}"
2744,72.58259265669267,2025-05-01,290.79741632370724,259,0,10,0.7348066298342542,0.004988937834241369,1.5488972842474336,306.3951481864566,1.9488618705177208,"{""type"":""Point"",""coordinates"":[82.76188312490856,19.755109140783322]}"
2745,232.14606822234242,2025-05-01,287.72466823032926,290,0,40,0.4074976316145622,0.011257305005528906,3.773115750932642,306.37512284233463,1.8645638164966472,"{""type"":""Point"",""coordinates"":[82.65708776160697,21.152273654426093]}"
2746,46.42770801852058,2025-05-01,294.89750235421315,92,0,10,0.40067045620171987,0.008629067996480444,0.6727764967042581,305.8638516834804,1.7876359126058319,"{""type"":""Point"",""coordinates"":[81.54158536334629,17.94263275817452]}"
2747,-0.0,2025-05-01,288.5358428955078,372,0,40,0.2280966767371601,0.0030163966212057858,0.463735342881014,306.41856243496846,2.451690421487219,"{""type"":""Point"",""coordinates"":[81.43827549487676,20.621829541063832]}"
2748,-0.0,2025-05-01,286.84803481329055,307,0,40,0.2648584905660377,0.004373564580419043,0.4637353428839794,304.53686019352506,0.564028848609563,"{""type"":""Point"",""coordinates"":[83.93554175781514,22.284253243930802]}"
2749,64.66231193169556,2025-05-01,296.23113214401974,104,0,10,0.5877100840336135,0.022425486901738623,2.166242868101838,303.64421812693274,1.0528453060933156,"{""type"":""Point"",""coordinates"":[83.43142700043623,18.73655083191295]}"
2750,76.77430642782389,2025-05-01,290.5108649844215,315,0,10,0.4114972393634297,0.007752343276479223,2.026125884593212,305.4858522415161,1.9187827992546078,"{""type"":""Point"",""coordinates"":[80.6791124718592,19.93413955295054]}"
2751,-0.0,2025-05-01,288.7706306094215,429,0,10,0.3306859205776173,0.00394913480613468,0.9274099368670311,306.2613009952364,2.474516374558966,"{""type"":""Point"",""coordinates"":[81.22378493533132,20.44323849861057]}"
2752,55.28927479646963,2025-05-01,287.2072877429781,425,0,30,0.4876449823499748,0.002085282662847021,4.874593135956455,304.1537803014119,0.6149576194179651,"{""type"":""Point"",""coordinates"":[84.3523112946001,22.539720506789035]}"
2753,334.46193959102015,2025-05-01,292.94776044573103,345,0,10,0.42317197267044626,0.004779516914823034,5.635315832952468,304.9430462519328,2.340878435308185,"{""type"":""Point"",""coordinates"":[80.23613881017722,17.94565054443539]}"
2754,139.89800513640824,2025-05-01,288.324207850865,462,0,10,0.3034973325429757,0.009249597052075842,30.649787167499497,306.36019538697747,1.5340085359126854,"{""type"":""Point"",""coordinates"":[83.13355752300765,21.09278662404937]}"
2755,180.0,2025-05-01,281.887940179734,554,0,10,0.3211743772241993,0.00452308283183811,2.3174627380815918,304.17810135795963,0.5960775037252677,"{""type"":""Point"",""coordinates"":[81.80338793292334,23.58689451607356]}"
2756,121.79365639624288,2025-05-01,285.58554876418344,290,0,40,0.8645680819912153,0.0037143372092032223,1.7598532145052301,306.3052521206083,1.5312842829047915,"{""type"":""Point"",""coordinates"":[81.33908279470954,21.594648634696732]}"
2757,132.8492826464922,2025-05-01,287.7138504754929,267,0,40,0.5215861848417013,0.013728722194173315,1.3635550411997908,305.3953748884655,1.374001942929693,"{""type"":""Point"",""coordinates"":[82.37364827665068,21.934704014252745]}"
2758,27.937584787723615,2025-05-01,294.48738098144537,435,0,40,0.4478796169630643,0.023860975364186743,3.146356471924967,301.97858615148635,1.3784708512305703,"{""type"":""Point"",""coordinates"":[83.58264524966097,19.46604615463968]}"
2759,-0.0,2025-05-01,286.1800776890346,348,0,80,-0.17590618336886993,0.009990333775022009,0.0,304.6529548735845,0.5604036507599222,"{""type"":""Point"",""coordinates"":[82.63792397349118,22.66107728003431]}"
2760,342.3714744857434,2025-05-01,285.8803195045108,309,0,10,0.3038589317659085,0.0029845528397345333,12.914828323005095,307.2032710938226,1.5905962344827291,"{""type"":""Point"",""coordinates"":[80.21024919168183,21.182879869390003]}"
2761,312.74740808904596,2025-05-01,285.1509668259394,340,0,40,0.29811567367389175,0.009171678880193213,1.3661749007201887,305.5164163226173,0.7038433367637844,"{""type"":""Point"",""coordinates"":[82.06076346774331,22.43558043748597]}"
2762,144.6320025695422,2025-05-01,291.3348570324126,223,0,40,0.44058764222958374,0.0038457058462881832,1.7055899776128531,306.36510145096554,1.5084774330603985,"{""type"":""Point"",""coordinates"":[83.27560522115814,20.082621525256236]}"
2763,132.75882670120149,2025-05-01,285.6606626964751,283,0,30,0.347261062674782,0.010955407479741552,1.3658805380457582,305.5944890067691,0.6948179043925324,"{""type"":""Point"",""coordinates"":[82.72767852592365,22.380164322989838]}"
2764,331.35350543356685,2025-05-01,282.5414465041388,436,0,40,0.3199723565998618,0.007106780270078161,1.056736395850376,304.1690914063227,0.9346221349826441,"{""type"":""Point"",""coordinates"":[83.7475511458132,23.75158664267173]}"
2765,107.37777097033029,2025-05-01,291.7448214576358,608,0,10,0.5076433121019108,0.004745020726659277,20.776541827763282,305.5655118397304,1.4142441871347402,"{""type"":""Point"",""coordinates"":[83.54073011987492,20.13773132819387]}"
2766,47.109435327293376,2025-05-01,288.1794905889602,207,0,10,0.48754113775270336,0.005149825671651342,0.6813450704999844,306.24417046138217,1.3666984169575798,"{""type"":""Point"",""coordinates"":[83.47066029518973,21.727737817496347]}"
2767,64.68074804416675,2025-05-01,291.0521712530227,734,0,30,0.35333761232349165,0.018249943116643408,2.1677146560010847,300.7371426991054,1.5267585493921838,"{""type"":""Point"",""coordinates"":[82.74560202167982,18.877191522917194]}"
2768,282.9685949290396,2025-05-01,281.2909931001209,706,0,40,0.16069221260815822,0.005278377989270666,2.0655505557250686,303.3376588821411,1.4213574255167676,"{""type"":""Point"",""coordinates"":[81.20211257350263,22.90340338570265]}"
2769,331.52952256528783,2025-05-01,281.6302846272787,748,0,40,0.20780628839898807,0.006817459324338415,1.0549713376804633,303.79352755773635,1.34991191161766,"{""type"":""Point"",""coordinates"":[81.4644355849158,22.777544072950025]}"
2770,65.04653173162299,2025-05-01,284.5131203787667,334,0,40,0.20636042402826854,0.0013959251436972409,1.0990952345297433,306.12763400304885,1.2721452551307226,"{""type"":""Point"",""coordinates"":[80.55511552062994,21.46553579579949]}"
2771,351.7605542553557,2025-05-01,283.73992701939176,550,0,30,0.22552731206057328,0.005074395993688086,6.993790424421944,303.17881634121846,0.8106613135526848,"{""type"":""Point"",""coordinates"":[81.88506521451589,22.959490577900464]}"
2772,235.0577819053971,2025-05-01,285.36529323032926,322,0,40,0.3856366928183464,0.001927628377416113,2.4275926689807323,306.6160198847453,1.5400892160772806,"{""type"":""Point"",""coordinates"":[80.46882119140268,21.313327482022153]}"
2773,170.03978037983632,2025-05-01,291.78788902646016,898,0,40,0.39930445779323426,0.030456259110906103,2.822765752835644,299.4608743304298,1.0246391792232998,"{""type"":""Point"",""coordinates"":[82.74412194979224,18.36581581808101]}"
2774,234.79152499015686,2025-05-01,290.35222008114766,695,0,10,0.5954969937316106,0.012854620078542212,24.856745391642413,303.3910733631679,1.6809425306331272,"{""type"":""Point"",""coordinates"":[80.96611504809947,19.80422168351137]}"
2775,132.79719190212586,2025-05-01,284.2915743873233,308,0,40,0.20455749867514572,0.006132005909421423,0.6825432521140563,305.33599058787024,0.9381902938558826,"{""type"":""Point"",""coordinates"":[81.63765500118373,22.192263211568104]}"
2776,90.0,2025-05-01,287.36585707891555,304,0,40,0.1495315427857589,0.004059537509419897,0.9964868437114011,305.98981080736434,1.6911196176415384,"{""type"":""Point"",""coordinates"":[81.87567009289415,21.461320236001075]}"
2777,270.0,2025-05-01,296.3215048653738,84,0,40,0.5644067796610169,0.012767224768140295,1.9553601785299652,304.2074040458316,1.865276745743847,"{""type"":""Point"",""coordinates"":[83.51016208665877,18.504509953945654]}"
2778,240.889617497074,2025-05-01,288.6458921886626,221,0,10,0.2906298003072197,0.002103968718984106,2.857350144508987,305.74155466897145,1.2749804495341466,"{""type"":""Point"",""coordinates"":[83.92037430104452,21.867048708814025]}"
2779,79.47108502040732,2025-05-01,287.8769189743769,200,0,30,0.3663466397170288,0.005460753301122168,2.5361911017850933,306.3280153274536,1.4098026528396326,"{""type"":""Point"",""coordinates"":[83.41603540836421,21.673308924117453]}"
2780,29.89985727671848,2025-05-01,287.2359975179037,311,0,10,0.41627336228053613,0.0024845890793585568,7.972369297036888,305.9992218471708,1.1184200837130918,"{""type"":""Point"",""coordinates"":[83.75868003468818,21.95127592753654]}"
2781,47.59005353270178,2025-05-01,282.5990927559989,436,0,10,0.33021077283372363,0.007078706482388952,0.6875773824124431,304.91510958898635,0.7347123351097212,"{""type"":""Point"",""coordinates"":[81.6179529994291,24.01441041483321]}"
2782,133.1590397673902,2025-05-01,288.98699733189176,366,0,40,0.47081122062168307,0.004740744093396643,2.033040974187952,306.04196970803395,2.381669593168836,"{""type"":""Point"",""coordinates"":[81.04234757837526,20.328524994333353]}"
2783,27.758087572380738,2025-05-01,293.77454267229353,62,0,80,0.1010518407212622,0.0028220854792380123,1.0479879624426307,306.1564425967989,1.9988118665542502,"{""type"":""Point"",""coordinates"":[80.6541217193501,18.19138742143089]}"
2784,329.50614821958254,2025-05-01,289.7531919933501,375,0,10,0.696003696003696,0.0029450051579260617,25.596676064801468,306.3045778274536,0.9351195857427941,"{""type"":""Point"",""coordinates"":[83.97139698225553,21.206794417510036]}"
2785,207.96003644853988,2025-05-01,291.5527641659691,296,0,40,0.23249830737982397,0.011208548406102636,1.0499417441148897,305.33353174300424,2.068113851783409,"{""type"":""Point"",""coordinates"":[82.6664589524505,19.61844708514]}"
2786,312.6537704930499,2025-05-01,284.07718985421315,631,0,40,0.310882585602893,0.010630517462232092,1.3685956491310565,302.14335200900126,0.5165795796074317,"{""type"":""Point"",""coordinates"":[83.61201997671283,22.885632358952915]}"
2787,205.73129028922864,2025-05-01,281.85655067080546,563,0,10,0.42493482594694065,0.0025640271696829586,9.186716880241502,305.5331283296858,1.0518658836408128,"{""type"":""Point"",""coordinates"":[80.33079382727027,22.750202958232947]}"
2788,71.05106721112989,2025-05-01,292.2129204159691,503,0,30,0.5034143676591095,0.04590520189140079,5.693649138557969,300.36041627611434,1.1621396769847447,"{""type"":""Point"",""coordinates"":[83.2460070117745,19.237538301684175]}"
2789,138.3008250262173,2025-05-01,282.5579259963262,609,0,10,0.32478295185477507,0.00237101242873905,13.999939853876915,305.0448587054298,0.543930386012455,"{""type"":""Point"",""coordinates"":[80.3276161525775,21.996825829634147]}"
2790,211.24967840417682,2025-05-01,283.0739172072638,519,0,10,0.3442622950819672,0.00621700213287113,4.870254105665506,304.013184365772,0.9765305552140483,"{""type"":""Point"",""coordinates"":[83.25082603407745,23.71811636764163]}"
2791,219.2592549030633,2025-05-01,282.3608115059988,688,0,40,0.33148250971682397,0.012459888318517187,2.3943237330673526,301.03563949040006,0.8222750736942723,"{""type"":""Point"",""coordinates"":[84.03015689442432,23.414706300317075]}"
2792,132.79673994712013,2025-05-01,286.42981610979353,286,0,10,0.3896440129449838,0.010828270772435644,2.0468728472444675,305.38841106778096,0.991021939466808,"{""type"":""Point"",""coordinates"":[82.59383471667357,22.195064867878877]}"
2793,157.446885295644,2025-05-01,294.7501460484096,233,0,10,0.4883130081300813,0.011050625899770239,11.396672376781737,302.4705062593733,1.3265958854884643,"{""type"":""Point"",""coordinates"":[83.76295829947466,19.572042050413277]}"
2794,43.30392652259582,2025-05-01,291.3691878545852,268,0,10,0.44062219563266525,0.006043686727025488,5.716236291026636,306.0285187221709,1.6002035687062537,"{""type"":""Point"",""coordinates"":[80.54188298153156,19.415096415529494]}"
2795,47.19423037075413,2025-05-01,282.4247298467727,540,0,40,0.28807259210670166,0.002368270615079382,0.6824329293008919,305.21160093943274,0.8706037277086356,"{""type"":""Point"",""coordinates"":[80.47937843742092,22.149868718453313]}"
2796,144.69687706164993,2025-05-01,290.54334150041853,630,0,10,0.648597112503405,0.01818938479755161,1.704222172166209,303.14474128541497,2.533630027798099,"{""type"":""Point"",""coordinates"":[82.19240793677754,19.70207704590516]}"
2797,164.95759900263,2025-05-01,288.6798044840495,235,0,10,0.7082243533856437,0.00687669144008396,5.7430882450905605,305.7959747768584,1.2573329287892725,"{""type"":""Point"",""coordinates"":[83.59259059488689,21.524646093540294]}"
2798,-0.0,2025-05-01,294.7088920956566,45,0,80,0.04261529480443666,0.006997673967816809,0.0,306.09125704992385,2.2298179012554185,"{""type"":""Point"",""coordinates"":[80.88674230570949,17.887032134540704]}"
2799,32.401267060508964,2025-05-01,291.87291971842444,236,0,10,0.39094908862350725,0.004730939129331091,2.7441785665500866,305.6297150112333,1.651141496871103,"{""type"":""Point"",""coordinates"":[80.46981639004537,19.02019388219707]}"
2800,207.01144484377335,2025-05-01,291.03150068010603,895,0,10,0.7860071057666029,0.02726781294677494,14.759869720898683,299.98034745170963,1.4666460140660278,"{""type"":""Point"",""coordinates"":[82.6234248864296,18.737616965198086]}"
2801,11.648425289626978,2025-05-01,290.2470245361328,287,0,10,0.3813615333773959,0.004279806474187353,14.369371031678897,306.0957969029744,1.8561648039222802,"{""type"":""Point"",""coordinates"":[82.89802983975027,20.137802016291264]}"
2802,132.88846652539087,2025-05-01,284.8985486711774,356,0,40,0.21149897330595482,0.006448819497563818,0.681371928362485,306.33935042790006,1.3935002727761427,"{""type"":""Point"",""coordinates"":[81.07618081952158,21.738710272590165]}"
2803,249.6016535142296,2025-05-01,283.9044836135138,351,0,30,0.2933533233383308,0.004437237242200354,5.30684512304811,305.42746775490895,1.286180213809005,"{""type"":""Point"",""coordinates"":[80.66179416962854,21.618719702102023]}"
2804,-0.0,2025-05-01,282.4650363013858,377,0,30,0.2891873118777495,0.0014051489624762326,1.390963080774087,304.8836038226173,0.8163439610606338,"{""type"":""Point"",""coordinates"":[81.18038384659303,23.749592872639628]}"
2805,162.79707394974656,2025-05-01,281.5993368966239,519,0,10,0.29134337441046704,0.0034739069733404904,10.089145286738598,304.8519178572155,0.9370373573563127,"{""type"":""Point"",""coordinates"":[80.7324669694776,22.657304431611724]}"
2806,208.1505046160284,2025-05-01,288.8816622779483,296,0,40,0.616829644879053,0.005614577988126257,1.0518031331495439,306.50793534233463,1.94518174575914,"{""type"":""Point"",""coordinates"":[81.78625262821886,20.863306722851494]}"
2807,252.58961375811808,2025-05-01,289.9862184070406,307,0,10,0.40151765094028374,0.002802475551106909,3.0967412965588523,306.69603988102506,1.7340203072337423,"{""type"":""Point"",""coordinates"":[80.21837516117543,19.823409781031113]}"
2808,69.6017973679059,2025-05-01,287.77955918085,228,0,40,0.2972835745112973,0.012333243349530676,2.659143522594254,305.9375763393583,1.5974861208865059,"{""type"":""Point"",""coordinates"":[82.98340236713496,21.619096006255912]}"
2809,151.39736036955438,2025-05-01,281.2486753917876,736,0,10,0.4020871700429711,0.004202171424367407,5.267186029871709,303.6241114026024,0.5606064871965787,"{""type"":""Point"",""coordinates"":[82.0254646217997,23.513623769896213]}"
2810,351.4006680885327,2025-05-01,292.80432782854353,370,0,10,0.5168902136115251,0.018480762103536108,3.2795405252570364,303.6000519252959,1.5948726107601958,"{""type"":""Point"",""coordinates"":[81.28493781275401,19.14831973938396]}"
2811,108.5480044511345,2025-05-01,281.2961781819662,678,0,30,0.16344561016013254,0.004186242083051184,5.811447940846009,303.44350546882276,1.1297411814108451,"{""type"":""Point"",""coordinates"":[81.02195340377487,22.67573247326252]}"
2812,207.34261755573493,2025-05-01,296.2722465878441,247,0,10,0.7036420395421435,0.013568236688115576,24.059966967068455,303.2788849331084,1.7000003452327324,"{""type"":""Point"",""coordinates"":[83.67930828192087,18.695865756235545]}"
2813,188.54599878044772,2025-05-01,294.3025897798084,102,0,40,0.2610350076103501,0.012535168984868506,3.2790813703074244,305.0280653181531,1.4300275039733306,"{""type"":""Point"",""coordinates"":[81.65266322974074,18.073956785139178]}"
2814,72.73625040768155,2025-05-01,288.5206945510137,293,0,40,0.14352082296333168,0.006199135640599707,1.5622514739789344,306.07376611800413,1.9667945687086197,"{""type"":""Point"",""coordinates"":[81.90299997529966,21.201250413808474]}"
2815,90.0,2025-05-01,288.60251072474887,294,0,40,0.6287277701778385,0.004293530443646887,1.9855297683489221,306.3988277344477,1.9298092557490196,"{""type"":""Point"",""coordinates"":[82.03717714007153,20.95235976069019]}"
2816,270.0,2025-05-01,284.8985486711774,326,0,30,0.2077526132404181,0.006448819497563818,1.9955877223877343,306.33935042790006,1.3935002727761427,"{""type"":""Point"",""coordinates"":[81.11067243295835,21.6948847210682]}"
2817,90.0,2025-05-01,290.14608401343935,132,0,40,0.3474599293670198,0.0028028033766531735,0.49766143382516026,306.4442843936739,1.0340629908120087,"{""type"":""Point"",""coordinates"":[83.92219776087907,21.27857210035692]}"
2818,309.44478188000755,2025-05-01,290.99372863769526,758,0,30,0.5068366876632355,0.019068255284764746,18.981597094399596,301.80521143050424,1.6999049506283896,"{""type"":""Point"",""coordinates"":[82.82616696035934,19.16086572541753]}"
2819,72.94591175148668,2025-05-01,283.330322992234,511,0,40,0.19023397761953204,0.005343078831174353,1.5808671766469564,303.4525851749239,0.9170215829438996,"{""type"":""Point"",""coordinates"":[81.79401816023297,23.03152024156478]}"
2820,116.82362596209111,2025-05-01,291.44559805733815,600,0,10,0.5434393501307999,0.00878222213123081,14.096338489332986,302.45322459084645,1.4639117458492064,"{""type"":""Point"",""coordinates"":[83.96195413435001,20.10385150724241]}"
2821,287.43815852430964,2025-05-01,289.25723193940667,707,0,10,0.4571018651362984,0.00993142948482273,4.632344976646415,302.6794906343733,1.636277648357978,"{""type"":""Point"",""coordinates"":[82.97021033192335,19.551840365623296]}"
2822,180.0,2025-05-01,292.13303411574594,893,0,30,0.3437656484727091,0.02024421022269962,0.4637353428839794,300.0683310826619,1.464699530281222,"{""type"":""Point"",""coordinates"":[84.01090478544687,19.81578791405069]}"
2823,237.99344064394677,2025-05-01,288.33429899669835,447,0,40,0.2721849366144668,0.002123161414601782,1.7493851125191189,306.1452121280489,2.1586224011343482,"{""type"":""Point"",""coordinates"":[81.68936887857082,20.357294901750883]}"
2824,-0.0,2025-05-01,288.9890492757162,235,0,40,0.5647715276730508,0.002756877997853735,0.4637353428839794,307.0579725447155,2.008623185698529,"{""type"":""Point"",""coordinates"":[80.23835629102395,20.413555775847527]}"
2825,19.484698836809923,2025-05-01,290.6531059628441,229,0,10,0.46058592570220475,0.005034535387494543,2.9488970615210857,306.5917453311739,1.743427087505029,"{""type"":""Point"",""coordinates"":[80.33340826607406,19.592077374921494]}"
2826,151.63768708393627,2025-05-01,285.60184805733815,277,0,10,0.5228031145717463,0.007241963604428747,1.053894537930523,305.7219827288673,1.016517899257334,"{""type"":""Point"",""coordinates"":[82.98991704968321,22.152121201855007]}"
2827,288.23523527426664,2025-05-01,281.26090567452565,664,0,10,0.32799748901443815,0.004737570146062353,7.369087382079916,303.71147886912024,1.052493535618919,"{""type"":""Point"",""coordinates"":[80.94278765622579,22.704921604373]}"
2828,86.73021087585865,2025-05-01,291.5838397798084,318,0,10,0.4115876598946576,0.004038243750073889,15.844402898624292,304.70079481034054,1.4912696763110402,"{""type"":""Point"",""coordinates"":[80.74335020698844,19.49721232548155]}"
2829,151.50105298074868,2025-05-01,284.24395533970426,425,0,40,0.21569734613212874,0.007640182236173132,2.1097960750093336,303.723633584522,0.8615870216834787,"{""type"":""Point"",""coordinates"":[82.2731824614659,22.93815725459028]}"
2830,332.1552792021293,2025-05-01,279.4665360223679,977,0,10,0.3549432739059968,0.004011823991277197,17.76445745558339,303.52903025490895,1.4519142138865466,"{""type"":""Point"",""coordinates"":[81.06103944942953,23.147104684273458]}"
2831,324.9319743110676,2025-05-01,294.40257117861796,158,0,30,0.38270583367811334,0.012179016331174353,1.6993019354104006,305.27882099151617,1.9135281133376734,"{""type"":""Point"",""coordinates"":[81.08691762120293,18.2507458938235]}"
2832,180.0,2025-05-01,287.7262493315197,283,0,40,0.08210416394726537,0.00382156596515415,2.7802885155465065,306.1203214100429,1.7685092302913437,"{""type"":""Point"",""coordinates"":[81.7664778343016,21.443189250284075]}"
2833,11.442630610097698,2025-05-01,290.53104727608815,404,0,10,0.5911352329262777,0.010690017798879126,9.838300474300977,304.48312019166497,1.3287734359497196,"{""type"":""Point"",""coordinates"":[83.22361864345667,19.772132136413994]}"
2834,57.91590355893897,2025-05-01,291.2948760986328,381,0,30,0.43338861249309013,0.009582652905919531,3.4879845165359997,304.19257540929885,1.2998276660592822,"{""type"":""Point"",""coordinates"":[83.38611811127582,19.886723679441115]}"
2835,248.56490791334392,2025-05-01,285.4159117199125,545,0,30,0.3060941828254848,0.008715837458112219,3.8013573241508483,302.09150119054885,0.7161719435948242,"{""type"":""Point"",""coordinates"":[84.36452558043405,23.641413117107096]}"
2836,144.9750256836689,2025-05-01,294.72413344610305,131,0,10,0.43481897478790776,0.020499794939496496,1.698407100874651,304.2394039063227,1.398541419779654,"{""type"":""Point"",""coordinates"":[81.66703829671211,17.969979847842115]}"
2837,160.34077415911796,2025-05-01,288.12858145577565,225,0,40,0.23933128024637043,0.007334321001508215,1.477023625473976,306.74198482150126,1.5318640443062537,"{""type"":""Point"",""coordinates"":[83.18582283319154,21.083717687086263]}"
2838,270.0,2025-05-01,284.0411267961774,500,0,40,0.18805905808815604,0.009120836118199804,1.5087146118548547,303.18521050044467,0.8048603264148507,"{""type"":""Point"",""coordinates"":[82.20263511690995,22.792054414723065]}"
2839,121.79887182210962,2025-05-01,287.8667638869513,287,0,30,0.3728213121723112,0.015946983555295446,1.7595949934177217,305.7584468750727,1.5354040648647784,"{""type"":""Point"",""coordinates"":[82.7055234089053,21.56527621915082]}"
2840,331.5695538384304,2025-05-01,281.9217536562965,449,0,40,0.20868217054263566,0.0021633796486639767,2.1084302127244627,305.422364053272,0.8684351449142806,"{""type"":""Point"",""coordinates"":[80.32477893824499,22.54827138963125]}"
2841,-0.0,2025-05-01,289.05413600376676,197,0,10,0.31168437025796664,0.0029998861346030026,1.8543341688295631,307.5955527623494,1.7051468106689547,"{""type"":""Point"",""coordinates"":[83.45431683286431,20.901795804219773]}"
2842,125.59905544437497,2025-05-01,284.08048575265065,420,0,30,0.2562390158172232,0.008326574424245337,5.559134506575344,303.92171301160545,0.8644419224723093,"{""type"":""Point"",""coordinates"":[82.57828237189555,23.00804941121808]}"
2843,12.28876329944463,2025-05-01,293.2946203322637,897,0,10,0.5920493488690884,0.010964482286908606,17.90376564259012,301.3205225354149,1.467407538298189,"{""type"":""Point"",""coordinates"":[83.94693115152505,19.663017668029724]}"
2844,17.169577941069292,2025-05-01,281.1885470435733,621,0,10,0.3714536414156186,0.003464370230176428,6.763671676171361,305.166504678272,0.9345751770032205,"{""type"":""Point"",""coordinates"":[80.56968170572564,22.37174920638367]}"
2845,119.9057743300425,2025-05-01,290.010010492234,610,0,10,0.5551643192488263,0.01098614857528446,10.124835372758659,303.688233193897,1.6967359634162087,"{""type"":""Point"",""coordinates"":[80.86400190812729,19.750714329939683]}"
2846,46.820685829986495,2025-05-01,290.5018375941685,201,0,40,0.29426882549473143,0.004317193487622717,0.6776775825983261,306.6790314174833,1.880070997852849,"{""type"":""Point"",""coordinates"":[82.98114788999798,20.217688196450705]}"
2847,107.57194290931346,2025-05-01,294.1634877522786,613,0,30,0.42926239419588874,0.020729690054395178,25.76064907262581,301.90015306926904,0.7361324815868051,"{""type"":""Point"",""coordinates"":[82.21004381596248,18.187648857596436]}"
2848,227.01412075539298,2025-05-01,286.3800462995257,344,0,40,0.19756986634264884,0.0015111111197256832,0.6801281616745471,306.5376623698644,1.840578018934604,"{""type"":""Point"",""coordinates"":[80.83125671883587,21.24255440201053]}"
2849,290.5442681387134,2025-05-01,289.02457754952565,276,0,30,0.3899916130835896,0.00762371645305393,2.6410719223311117,306.17504960014713,1.7804487783445546,"{""type"":""Point"",""coordinates"":[82.86991331771362,20.460109272638203]}"
2850,180.0,2025-05-01,286.62491934640065,289,0,40,0.16456003889158968,0.0036413513216757565,0.9274099368670311,306.5420394624983,1.7623706088999298,"{""type"":""Point"",""coordinates"":[81.40949624083538,21.402656589593885]}"
2851,47.27724715972525,2025-05-01,284.37168157668344,688,0,10,0.4763935424916235,0.016514732697942236,2.049730790849276,303.8151514416649,0.588091035940246,"{""type"":""Point"",""coordinates"":[82.40559780298447,22.555286523182353]}"
2852,55.22491504182371,2025-05-01,286.2641492571149,306,0,10,0.6583833190516996,0.010602995017507055,2.437768241370089,305.15961061205184,0.9489046716460268,"{""type"":""Point"",""coordinates"":[82.39408186929386,22.206001270025393]}"
2853,13.897032923539946,2025-05-01,292.48459661574594,554,0,10,0.44129763130793,0.008867069343068579,21.39939146085696,304.2039163226173,1.4129628882342882,"{""type"":""Point"",""coordinates"":[81.00903898547786,18.926799436036983]}"
2854,192.26333481888898,2025-05-01,280.37712823776974,664,0,30,0.17480363468350532,0.00253181085918186,2.3715170406665793,304.3892132441203,1.2993240208736672,"{""type"":""Point"",""coordinates"":[80.80009337588719,23.05765994225132]}"
2855,210.55781855594012,2025-05-01,293.06154741559715,512,0,10,0.6928525434642627,0.01182208881709812,9.6027797350373,302.9450226284209,1.4001126788724463,"{""type"":""Point"",""coordinates"":[83.60323361584571,19.78436942173396]}"
2856,284.3480801287692,2025-05-01,282.685047694615,655,0,10,0.42637903576082237,0.00804456994865177,9.274923902863728,302.78313414255774,0.5604903719093595,"{""type"":""Point"",""coordinates"":[83.08535477562597,22.94982448664341]}"
2857,352.4900127098311,2025-05-01,293.1492810930525,561,0,10,0.7073668111139434,0.019319026926496008,7.441990752987797,303.3155525298345,1.7947002805292938,"{""type"":""Point"",""coordinates"":[81.32826740199847,18.523305733512032]}"
2858,50.467595694732246,2025-05-01,292.2064274379185,843,0,10,0.6627094972067039,0.02599207983348606,28.1053288888986,302.7242671875726,1.8195381845186616,"{""type"":""Point"",""coordinates"":[81.29159271395119,19.407106657837236]}"
2859,160.28349662729318,2025-05-01,287.67402648925776,281,0,40,0.16637608966376088,0.005066170552709082,1.4775518156197114,305.88959108080184,1.715757319810983,"{""type"":""Point"",""coordinates"":[82.00910082436414,21.546794108201432]}"
2860,183.5518797127455,2025-05-01,293.6390736897786,300,0,30,0.3633923778851315,0.018889605263211706,7.849367963817653,304.68468152909054,1.511372081192578,"{""type"":""Point"",""coordinates"":[81.78658703200483,18.616693802585292]}"
2861,53.17135558492027,2025-05-01,287.75326756068637,361,0,10,0.3573911604039066,0.0015462182554983883,3.0916041672316243,306.88091246287024,1.8433420114244299,"{""type"":""Point"",""coordinates"":[80.43053448055298,20.594105412746107]}"
2863,300.384385653288,2025-05-01,288.3983394077846,553,0,10,0.4314079422382672,0.008521794537045935,4.574543851241918,304.66937042417976,1.5331042444048912,"{""type"":""Point"",""coordinates"":[82.25505885804692,20.260279897436664]}"
2864,-0.0,2025-05-01,287.24006652832026,255,0,30,0.26867545511613306,0.0013072185311102658,0.4637353428839794,306.97907443273635,1.8628277089540741,"{""type"":""Point"",""coordinates"":[80.26916220577563,20.888118621675694]}"
2866,96.61798682580795,2025-05-01,285.8164244152251,270,0,40,0.25,0.005595713118054846,4.017261027060905,306.2646724610101,1.2577672184167035,"{""type"":""Point"",""coordinates"":[81.57216860703203,21.847241255255483]}"
2867,250.65203545655277,2025-05-01,288.5177241734096,370,0,40,0.19067652075042638,0.003395318249204138,4.191774953794299,306.51127193087626,2.4746984695967313,"{""type"":""Point"",""coordinates"":[81.27527504895475,20.551133762172732]}"
2868,47.03161065145941,2025-05-01,287.9460630871001,246,0,10,0.47377004620820873,0.008172764638402441,2.0402860823813502,306.3562775112334,1.515348908856427,"{""type"":""Point"",""coordinates"":[83.31525517162854,21.332895920263258]}"
2869,244.80856779715384,2025-05-01,290.77485656738287,314,0,10,0.44778067885117495,0.007530658701398352,3.265006009104671,305.8766341890608,1.7579166400281545,"{""type"":""Point"",""coordinates"":[80.482640407994,19.819794707932182]}"
2870,180.0,2025-05-01,290.5108649844215,294,0,40,0.42784380305602715,0.007752343276479223,2.3174627380815918,305.4858522415161,1.9187827992546078,"{""type"":""Point"",""coordinates"":[80.69361699503608,19.877128687789163]}"
2871,132.42188704546345,2025-05-01,284.35690525599887,244,0,30,0.28641876582700254,0.006505220392682531,0.687420577256973,304.89946715037024,0.4258162420713206,"{""type"":""Point"",""coordinates"":[84.14452243117249,23.960740651648347]}"
2872,203.19338916518515,2025-05-01,287.90670413062685,310,0,40,0.3510054844606947,0.009386359909512976,2.5209739837869476,306.56383773258756,1.7865283236175709,"{""type"":""Point"",""coordinates"":[82.57214026323133,21.002231191016467]}"
2873,313.41423805218193,2025-05-01,292.341297694615,119,0,40,0.3398942420681551,0.0038792483601355343,2.0234579203496823,306.4165163040161,1.815984392325561,"{""type"":""Point"",""coordinates"":[80.35692567938989,18.892744781123366]}"
2874,245.00271623363057,2025-05-01,287.9778129940941,268,0,40,0.23113266194206142,0.012165039041974524,4.381148510574791,306.31788349151606,1.776527624797553,"{""type"":""Point"",""coordinates"":[82.82129687685122,21.172315055715437]}"
2875,345.0444591008293,2025-05-01,287.57532392229353,383,0,10,0.33097470369715193,0.0016719840559744625,3.834305656842044,306.54656768980476,1.9081335119702316,"{""type"":""Point"",""coordinates"":[80.50386886548202,20.62281800086065]}"
2876,326.8329511828819,2025-05-01,282.3608115059988,1041,0,10,0.29564960047351285,0.012459888318517187,5.522874647940342,301.03563949040006,0.8222750736942723,"{""type"":""Point"",""coordinates"":[84.01494968543855,23.35762333170054]}"
2877,270.0,2025-05-01,285.6644178118025,306,0,40,0.2066933277204799,0.004441230753400305,2.503641359561623,305.6786710194179,0.9581799375149948,"{""type"":""Point"",""coordinates"":[83.46757328856334,22.248215276895536]}"
2878,10.25113468685678,2025-05-01,280.7899177187965,873,0,40,0.2032854209445585,0.010502039650418737,2.825317227321753,302.6889365514119,1.1321773682642435,"{""type"":""Point"",""coordinates"":[81.70941240826258,22.84280640797432]}"
2879,339.96265623205613,2025-05-01,281.0729406447637,364,0,40,0.1944792973651192,5.665861162924557E-4,1.4805448567289294,305.5588619141352,1.0035773767210567,"{""type"":""Point"",""coordinates"":[80.70983669515411,23.939438703534258]}"
2880,229.4487048928408,2025-05-01,290.7848953973679,635,0,30,0.3106360517286883,0.0190802358183646,7.096620714008682,303.1509726842245,1.7362757048870743,"{""type"":""Point"",""coordinates"":[81.07394158495109,19.747012217450347]}"
2881,180.0,2025-05-01,293.0330410911924,82,0,10,0.3616901408450704,0.00259381459090946,0.4637353428839794,307.1655804316203,1.9669570025834495,"{""type"":""Point"",""coordinates"":[80.38248507228589,18.493935127615554]}"
2882,294.67359322543064,2025-05-01,282.7806171235584,527,0,30,0.2273508795132919,0.004439248898961523,2.2206975921907333,303.6727651414417,0.6123043768301852,"{""type"":""Point"",""coordinates"":[82.14812057530222,23.25158543998243]}"
2883,67.884293368014,2025-05-01,293.1492810930525,719,0,30,0.6852791878172588,0.019319026926496008,10.950866411378916,303.3155525298345,1.7947002805292938,"{""type"":""Point"",""coordinates"":[81.27689273302741,18.520066492865556]}"
2884,245.1623538936736,2025-05-01,284.0108417329334,325,0,40,0.21890334969063366,0.005777447679975012,2.206964927798091,305.22521468571256,0.9579956128492866,"{""type"":""Point"",""coordinates"":[81.50995864874217,22.221668545726093]}"
2885,332.3072751259304,2025-05-01,283.84405299595426,954,0,10,0.6043368065333709,0.01402562783096073,14.846926329852765,300.6946506046114,0.765383745321813,"{""type"":""Point"",""coordinates"":[83.85187259057827,23.102186063103936]}"
2886,58.32479377907587,2025-05-01,297.5068715413411,128,0,10,0.6225397681315719,0.01282696352336643,23.34448968670472,303.37320459456674,2.267943630898335,"{""type"":""Point"",""coordinates"":[84.0119020889967,18.637607163002972]}"
2887,199.542978062971,2025-05-01,291.1351500011626,201,0,50,0.2573588981906562,0.0036012671980643063,1.4759573254723604,306.55998379843584,1.5856926264280748,"{""type"":""Point"",""coordinates"":[83.20883593743261,20.104313654034975]}"
2888,28.749643552484045,2025-05-01,290.35222008114766,499,0,10,0.4942037827943868,0.012854620078542212,15.970541244836435,303.3910733631679,1.6809425306331272,"{""type"":""Point"",""coordinates"":[80.96094639048415,19.81418579683886]}"
2889,180.0,2025-05-01,289.03033229282926,189,0,40,0.7657291968686576,0.007195010045506933,0.9274099368611016,306.39182322365895,1.3168802077827344,"{""type"":""Point"",""coordinates"":[83.5073232183594,21.37130170606781]}"
2890,19.62116233625295,2025-05-01,287.0178462437221,395,0,10,0.2876712328767123,0.001290067294576147,1.4766736436825367,306.7543546131679,1.8724804773249502,"{""type"":""Point"",""coordinates"":[80.37695392054553,20.769381415385475]}"
2891,235.18092843649094,2025-05-01,292.8432159423828,492,0,10,0.5816326530612245,0.010731532433965185,25.73214761972343,302.55297347477506,1.4291152552800468,"{""type"":""Point"",""coordinates"":[83.68772331790103,19.782521603534196]}"
2892,51.706337969640046,2025-05-01,292.06212870279944,859,0,40,0.235168694343409,0.04012171850536106,3.73643457685451,299.98042883191783,1.246207917625338,"{""type"":""Point"",""coordinates"":[82.78215359882023,18.650663055850238]}"
2893,312.5521094808801,2025-05-01,280.9763016473679,449,0,30,0.21608725289706884,0.001709490278699377,5.469324998235211,305.76122542790006,1.379182106531574,"{""type"":""Point"",""coordinates"":[81.03196356079998,23.363515667778454]}"
2894,344.85862272886425,2025-05-01,281.8483196440197,554,0,40,0.19706624984970542,0.003047465542294958,1.920974855843253,304.8180288133167,0.9012234927540326,"{""type"":""Point"",""coordinates"":[80.58426821629669,22.49836688605955]}"
2895,160.66838413071193,2025-05-01,292.37372189476383,1184,0,30,0.33607501233755555,0.03230336234901188,14.430558466708794,299.54195808228997,0.7664141793983644,"{""type"":""Point"",""coordinates"":[82.41303155592,18.163368425415182]}"
2896,283.05800993764024,2025-05-01,285.019520350865,285,0,10,0.19833625218914186,0.004570095995404699,2.0516617973418168,306.0002507255191,1.1271609778413896,"{""type"":""Point"",""coordinates"":[81.48150041303957,21.91463404171853]}"
2897,140.7923691232925,2025-05-01,296.04945082891555,194,0,10,0.6726886291179596,0.013314335802533606,20.08222040096515,303.20485219501313,1.5571649724267929,"{""type"":""Point"",""coordinates"":[83.69897350661249,18.98416617093688]}"
2898,144.99728331394323,2025-05-01,294.16119748070133,140,0,10,0.5332477535301668,0.003736003497579077,1.6979452148794711,305.51565483638217,2.2335704016290245,"{""type"":""Point"",""coordinates"":[80.74486332097253,17.82374048755911]}"
2899,64.631747550121,2025-05-01,292.50641813732324,155,0,10,0.4908856267139861,0.0026198916229986935,1.0822897745142301,307.265364192781,1.97212257031093,"{""type"":""Point"",""coordinates"":[80.2542438640024,18.50251134500727]}"
2900,270.0,2025-05-01,294.4839571998233,123,0,30,0.24189044038668098,0.007285251477696875,2.4373197066111443,305.74579225267684,2.110276625543017,"{""type"":""Point"",""coordinates"":[80.96065791240237,18.05336246790943]}"
2901,9.256569641952142,2025-05-01,280.48766581217444,722,0,30,0.207010582010582,0.004540994027593115,9.314352257258005,303.42386958712626,1.4454940776449179,"{""type"":""Point"",""coordinates"":[81.34557483853271,23.02005357134962]}"
2902,46.60385108362875,2025-05-01,291.8529408772786,147,0,10,0.2970230040595399,0.003965242961385229,0.6749605736530697,306.88170301346554,1.9634912675638077,"{""type"":""Point"",""coordinates"":[80.22959563641652,18.998666348545452]}"
2903,331.29010972140065,2025-05-01,285.2034803118025,220,0,40,0.2495078094238089,0.005998685220220068,1.0573760065847204,305.22655745915006,0.43958884952463345,"{""type"":""Point"",""coordinates"":[83.97054265930214,24.09191262157379]}"
2904,28.51604602983539,2025-05-01,281.03498840332026,717,0,40,0.1825911514627468,0.005175321558454016,1.05542676786435,303.8816797619774,1.308850540392875,"{""type"":""Point"",""coordinates"":[80.98599008736596,23.033943073789658]}"
2905,194.83829971379862,2025-05-01,291.92967078799296,514,0,40,0.19162710401381097,0.016825362304189184,1.9182580047262205,303.05667627425413,1.954321254044655,"{""type"":""Point"",""coordinates"":[81.53576513027284,19.325123226519562]}"
2906,23.525664790428475,2025-05-01,282.7711828322638,539,0,30,0.27735008103727715,0.005933805564382055,2.5272880675349336,303.38401653653096,0.8213341763738387,"{""type"":""Point"",""coordinates"":[82.4300930945395,23.246640023959994]}"
2907,207.76125008688882,2025-05-01,293.8377518426804,190,0,40,0.30341973426268787,0.007904394725301245,1.0480184023112156,305.0424928665161,1.2358618508016845,"{""type"":""Point"",""coordinates"":[81.75127990287672,18.21429480340553]}"
2908,143.8725770192287,2025-05-01,283.66918436686194,363,0,10,0.4500991407799075,0.008598699429967382,3.440758189950267,304.39317180996846,0.74328070867955,"{""type"":""Point"",""coordinates"":[83.53474404114581,24.032753524764367]}"
2909,295.2892592718017,2025-05-01,291.5397433326358,576,0,40,0.6778697840558532,0.01611840651366947,2.1701137818161604,302.42654932112924,1.9450048879889275,"{""type"":""Point"",""coordinates"":[82.40502277262073,19.102648699924863]}"
2910,313.4507494094388,2025-05-01,292.0056915283203,548,0,30,0.41938968403996757,0.015048607448079565,2.6952601151601057,302.56668022700717,1.7240023886378404,"{""type"":""Point"",""coordinates"":[81.28311372993457,18.678510349138715]}"
2911,203.18714321822083,2025-05-01,288.3976593017578,315,0,30,0.35469853340575774,0.003933279970624426,2.520856406821397,306.3187263579595,1.9258877433010877,"{""type"":""Point"",""coordinates"":[82.14941118518746,20.956818432492156]}"
2912,340.32613465887187,2025-05-01,288.0281001499721,289,0,50,0.2393617021276596,0.005539267519452551,1.477158448724579,306.4098315011887,1.9202743948813819,"{""type"":""Point"",""coordinates"":[81.63927092178815,21.20344093851019]}"
2913,331.68097295234537,2025-05-01,282.89657229468935,638,0,10,0.4442972774098602,0.0014122121128821163,5.253150899719859,304.5989009766352,0.6780509188242836,"{""type"":""Point"",""coordinates"":[80.37825389668984,21.895913171276472]}"
2914,112.28140303512959,2025-05-01,281.4866194952102,780,0,40,0.3153204943949411,0.004464983204343298,4.880560908457693,302.8559636161441,1.2472589005477492,"{""type"":""Point"",""coordinates"":[81.14525767273929,22.789138275856047]}"
2915,19.59665052996809,2025-05-01,288.5443471272786,356,0,40,0.7352062163777645,0.0037891261372351437,2.9509391664162408,306.83275281815304,1.6328705088820372,"{""type"":""Point"",""coordinates"":[82.19370530236336,20.56354917874334]}"
2916,-0.0,2025-05-01,286.42981610979353,279,0,40,0.25117312916769574,0.010828270772435644,0.4637353428839794,305.38841106778096,0.991021939466808,"{""type"":""Point"",""coordinates"":[82.61448117359986,22.222444055718523]}"
2917,152.25661032248453,2025-05-01,294.0734521775018,380,0,10,0.7864213021051164,0.061319454768636206,8.32463109676183,299.64720013028096,1.5344938884992692,"{""type"":""Point"",""coordinates"":[82.89772514315219,18.082443384879557]}"
2918,306.4534698410601,2025-05-01,292.78179713657926,1011,0,10,0.4217167229429536,0.018298312285878637,8.522020450353573,301.23204481034054,1.3234543954191025,"{""type"":""Point"",""coordinates"":[84.17882035756612,19.919313481460776]}"
2919,156.35523384033476,2025-05-01,282.5990927559989,371,0,40,0.1969787318624528,0.007078706482388952,2.529579714591754,304.91510958898635,0.7347123351097212,"{""type"":""Point"",""coordinates"":[81.55532082459546,23.990369489303497]}"
2920,261.1003799158635,2025-05-01,289.02869887579055,658,0,50,0.476346481457214,0.010399236539342382,2.994903359557216,303.8039791016351,2.3347151470599075,"{""type"":""Point"",""coordinates"":[81.9262814591031,20.026310668534435]}"
2921,294.7295829162094,2025-05-01,283.66552807035896,929,0,10,0.4069529652351738,0.010088770845868567,5.525543881982143,302.1299882162185,0.4996119249879543,"{""type"":""Point"",""coordinates"":[83.54518896575371,22.905923048262277]}"
2922,115.4177468250146,2025-05-01,294.2623298281715,470,0,10,0.45855636658556365,0.021965145328977087,8.57891319304477,301.9393841425578,0.7221942103260625,"{""type"":""Point"",""coordinates"":[82.06396747426972,18.11570992535761]}"
2923,283.145397469303,2025-05-01,288.86023603166853,315,0,40,0.13305959382976362,0.004956706622579077,2.038271943567967,306.580293973287,2.049756423113531,"{""type"":""Point"",""coordinates"":[81.69520923783664,20.90483235779547]}"
2924,159.9784096363136,2025-05-01,282.2649398077102,532,0,10,0.3292276964047936,0.009446620205380896,22.46493387463453,304.5838340123495,0.8228236034269217,"{""type"":""Point"",""coordinates"":[82.24428286785299,23.82874090581835]}"
2925,221.85904448693302,2025-05-01,285.34607587541853,593,0,10,0.28892005610098176,0.00254060254428623,27.548038720107126,305.92069575900126,1.6203212679333734,"{""type"":""Point"",""coordinates"":[80.85450691429604,21.549096623020475]}"
2926,280.54995630093765,2025-05-01,286.62491934640065,278,0,40,0.18249513117195554,0.0036413513216757565,2.531196440677817,306.5420394624983,1.7623706088999298,"{""type"":""Point"",""coordinates"":[81.37072650121772,21.37701764935751]}"
2927,132.96395013334288,2025-05-01,289.0366799490792,178,0,40,0.46630434782608693,0.006257503488996008,0.6804075851635899,306.3940902437483,1.2258694192396729,"{""type"":""Point"",""coordinates"":[83.62117692433817,21.35534116549857]}"
2928,28.173764461423776,2025-05-01,288.73515465146016,175,0,40,0.2898886827458256,0.006109549859502295,1.0520316939587568,307.0799045108614,1.5192059644503604,"{""type"":""Point"",""coordinates"":[83.16210750522316,21.009198684748174]}"
2929,14.764312378868748,2025-05-01,296.50776091076074,114,0,40,0.3010068892421834,0.009617089489438513,1.9176040691761473,304.39045138586124,2.1221836901684434,"{""type"":""Point"",""coordinates"":[83.48539121778111,18.449101677294017]}"
2930,107.079336210251,2025-05-01,281.6302846272787,785,0,30,0.18171984856679285,0.006817459324338415,1.5786008470691435,303.79352755773635,1.34991191161766,"{""type"":""Point"",""coordinates"":[81.53042429264566,22.818939446807086]}"
2931,120.43180842990368,2025-05-01,291.7984510149274,821,0,10,0.513552900029146,0.008033796409108618,4.568124241736671,302.26026630401617,1.4037553383899248,"{""type"":""Point"",""coordinates"":[83.89424351018997,19.96381643745365]}"
2932,-0.0,2025-05-01,288.9296010335286,494,0,10,0.580110497237569,0.006666883090474585,2.7802885155465065,305.1543848401024,1.845941095965747,"{""type"":""Point"",""coordinates"":[82.08154491303232,20.17990738015465]}"
2933,28.00554689102615,2025-05-01,290.60489981515065,256,0,40,0.29062591830737583,0.0054001204762244015,1.0503848501278528,306.16576644352506,2.0189741247254434,"{""type"":""Point"",""coordinates"":[82.65892857350107,19.924392649346803]}"
2934,340.28621194890604,2025-05-01,287.91114516485305,264,0,40,0.15765765765765766,0.006513907769658545,1.4775267341599725,306.05683322179885,1.730600694727625,"{""type"":""Point"",""coordinates"":[82.14259686956183,21.52460559220151]}"
2935,160.04597118053002,2025-05-01,282.7915685744513,641,0,40,0.18955099005298875,0.008335425713994482,1.4797620077539415,303.34467501867385,0.6321086349104161,"{""type"":""Point"",""coordinates"":[83.49948239934561,23.348017529261558]}"
2936,233.21600640627207,2025-05-01,287.96761140369233,340,0,40,0.6722748480135727,0.006956353047826269,3.0948194218854015,306.29954969315304,1.6996019381252696,"{""type"":""Point"",""coordinates"":[82.5067341671848,20.84036593367168]}"
2937,90.0,2025-05-01,285.73804364885603,259,0,40,0.34349820255361346,0.007166101792790869,2.4996110485504497,305.8631250744774,1.1292804508161425,"{""type"":""Point"",""coordinates"":[81.89321384545967,22.0204895861772]}"
2938,321.1751590756497,2025-05-01,287.42806643531435,289,0,50,0.06987693953986089,0.004553958037831762,2.3796631035933,306.4384133929298,1.8418241397275081,"{""type"":""Point"",""coordinates"":[81.5179252149193,21.253720224845022]}"
2939,72.69970797915863,2025-05-01,287.6722419375465,331,0,40,0.23192019950124687,0.0019903622660422116,1.559053781317467,306.8788721447899,2.2981037463964222,"{""type"":""Point"",""coordinates"":[81.11763589245983,20.866325299101362]}"
2940,58.418201951403994,2025-05-01,282.9574272519066,655,0,30,0.36457039629671445,0.008239164212682226,1.7704194145321983,303.6149212519328,0.563319405725588,"{""type"":""Point"",""coordinates"":[82.97423468421697,22.757101800700244]}"
2941,208.68475298115527,2025-05-01,282.19956243605833,415,0,10,0.3092436974789916,0.00137291775081394,4.221313889262641,305.18078690483463,0.7473419776421726,"{""type"":""Point"",""coordinates"":[81.19268650198289,23.95790112331259]}"
2942,208.5922919117338,2025-05-01,280.7030675978888,433,0,40,0.19411917772573511,4.967592749380856E-4,2.111665019491412,305.38835293906084,1.3794708218434149,"{""type"":""Point"",""coordinates"":[80.55671500560955,23.457409710032632]}"
2943,331.72172940573813,2025-05-01,287.8769189743769,196,0,40,0.7556917688266199,0.005460753301122168,1.053061983704409,306.3280153274536,1.4098026528396326,"{""type"":""Point"",""coordinates"":[83.40083760853277,21.651548350006816]}"
2944,197.56584643206062,2025-05-01,293.10992213657926,472,0,40,0.2802269751200349,0.02220612690780399,4.85263581819643,303.20031234196256,1.7365964890662857,"{""type"":""Point"",""coordinates"":[81.44553968248434,18.61616627851153]}"
2945,283.2553541577514,2025-05-01,290.77114795503155,612,0,40,0.36544652438297365,0.023860066393353918,2.0216767668051188,303.01776490892684,2.4391556508810144,"{""type"":""Point"",""coordinates"":[82.3457645874237,19.563777934234693]}"
2946,41.1193609222213,2025-05-01,281.72502281552266,462,0,10,0.19390488948425988,0.0012597285303854733,15.60736375440002,305.9770689918882,0.7261905081390886,"{""type"":""Point"",""coordinates"":[80.22325076026469,22.294688847171926]}"
2947,180.0,2025-05-01,282.7805938720703,540,0,40,0.1957405614714424,0.007907717684247473,1.390963080774087,303.7083864212036,0.7650194120038086,"{""type"":""Point"",""coordinates"":[82.99388560332768,23.416359381742005]}"
2948,196.98364805082957,2025-05-01,290.3344501313709,925,0,30,0.6021699819168174,0.01969674156043766,23.753070405094824,300.60034256889713,1.4909579995848057,"{""type"":""Point"",""coordinates"":[82.9961858175719,19.182397558604123]}"
2949,207.7749314534591,2025-05-01,293.7616845993769,169,0,40,0.5845290081097941,0.01099358425472019,1.0481501455110454,304.7154548735845,1.1788257507269673,"{""type"":""Point"",""coordinates"":[81.8763162947839,18.315403661470416]}"
2950,248.19982170783447,2025-05-01,288.5218513125465,191,0,40,0.2653256704980843,0.00788001642558811,3.7408951473314715,306.83790883563813,1.5050476148933163,"{""type"":""Point"",""coordinates"":[83.08967596033389,21.048643250622316]}"
2951,137.8346684698653,2025-05-01,282.4990706670852,704,0,40,0.392128847902325,0.007751166084744909,3.7485978133287636,302.75248868124834,0.4956771664458147,"{""type"":""Point"",""coordinates"":[83.41756590379431,23.051193328495653]}"
2952,195.38899997802542,2025-05-01,293.9525328136626,702,0,10,0.49359795134443024,0.01398914978835819,12.770963350751911,301.3702109654745,1.5244366317498055,"{""type"":""Point"",""coordinates"":[83.98746780415534,19.61964514259121]}"
2953,90.0,2025-05-01,288.221430460612,232,0,30,0.20831470719713902,0.008237316468694189,0.4979062471458695,306.57884656815304,1.4163972548470656,"{""type"":""Point"",""coordinates"":[83.40409179523284,21.35077150954784]}"
2954,17.753811243606172,2025-05-01,289.56693594796315,351,0,30,0.2327683615819209,0.010141535857655981,4.8576825088161675,306.26620124635247,1.7772035708115879,"{""type"":""Point"",""coordinates"":[82.81990457946588,20.44846146485724]}"
2955,287.31019182208536,2025-05-01,287.6587851388114,385,0,40,0.22536456031816174,0.0021281831059241085,1.558189847036318,306.65197249821256,2.3025558641621804,"{""type"":""Point"",""coordinates"":[80.90651243805993,20.775302067588864]}"
2956,227.0714213667601,2025-05-01,291.0307043166387,157,0,10,0.5695683979517191,0.0022929154429220944,2.0418083464686885,306.02364753541497,1.1975295412626805,"{""type"":""Point"",""coordinates"":[83.89085782736481,21.53605542129969]}"
2957,257.0541581218496,2025-05-01,282.4990706670852,755,0,30,0.2744635991566414,0.007751166084744909,6.185899226667007,302.75248868124834,0.4956771664458147,"{""type"":""Point"",""coordinates"":[83.37514331086844,23.14808669127862]}"
2958,198.4206208511654,2025-05-01,288.389899117606,328,0,10,0.474251497005988,0.008629962066152075,21.001531475693017,306.197981380281,1.5026139491402564,"{""type"":""Point"",""coordinates"":[83.01732351714205,20.91462161567113]}"
2959,19.409063871501807,2025-05-01,292.3370542980376,96,0,40,0.15521254440769325,0.003610178092458227,1.474738399345639,306.9916476749239,1.9187573411103083,"{""type"":""Point"",""coordinates"":[80.30254020877268,18.901725862790485]}"
2960,270.0,2025-05-01,282.3693331763858,478,0,10,0.622955877815489,0.0035823725256705075,1.5198219480571529,304.7563426154,0.7073302393749705,"{""type"":""Point"",""coordinates"":[81.44573335716333,23.768814918168356]}"
2961,180.0,2025-05-01,288.6146480015346,295,0,10,0.37644571570700164,0.002476140120961645,1.390963080774087,305.64874054136726,1.2603173527581477,"{""type"":""Point"",""coordinates"":[84.39521288142943,21.91578678705469]}"
2962,152.0013730627327,2025-05-01,290.4491206577846,593,0,40,0.3185537081024017,0.014211609223821142,2.099929385077483,304.38262726011726,2.3464897665049107,"{""type"":""Point"",""coordinates"":[82.27009510946999,19.87865238085774]}"
2963,8.269291911231411,2025-05-01,282.48263767787387,654,0,10,0.25298047949692126,0.019545137146451452,6.994313726393868,302.6844257627214,0.8604341954771605,"{""type"":""Point"",""coordinates"":[82.59683172504184,23.449822825710797]}"
2964,242.12750764299813,2025-05-01,297.95224217006137,168,0,10,0.3622822519565766,0.021799727538564184,18.20838811444497,302.8185287203108,3.398921788797542,"{""type"":""Point"",""coordinates"":[84.39268947577521,18.848343037499244]}"
2965,72.92552417302538,2025-05-01,281.3682054792132,688,0,40,0.17552637064832186,0.005383863309361914,1.5790366001691585,303.6485661552066,1.143335459427326,"{""type"":""Point"",""coordinates"":[80.93478650985037,22.860186655477786]}"
2966,264.12191434599544,2025-05-01,281.57698640369233,667,0,10,0.6259116259116259,0.004860817650296667,4.518837443377719,304.38402234940304,1.2045469298542997,"{""type"":""Point"",""coordinates"":[80.93584103718014,22.091430059382926]}"
2967,102.92636308964433,2025-05-01,281.68246677943637,490,0,30,0.22930542340627974,0.002240433553197363,4.138948737600844,304.2671429316202,0.6459694666276101,"{""type"":""Point"",""coordinates"":[81.65049744804877,23.355587283374188]}"
2968,169.03159498655899,2025-05-01,289.55240958077565,597,0,10,0.5349386213408877,0.0025969289335989743,5.1819461887598735,304.36298556554885,1.5244502522209549,"{""type"":""Point"",""coordinates"":[83.83891176891252,20.25941289138741]}"
2969,19.63694973021549,2025-05-01,287.00501723516555,406,0,10,0.33260393873085337,0.0019838057551169186,1.4768187045456858,306.5133296875726,1.964462745945604,"{""type"":""Point"",""coordinates"":[80.47957989705876,20.900751085548013]}"
2970,133.04614316959083,2025-05-01,288.410156976609,294,0,40,0.1835742923095614,0.0032024376187109738,0.679361963785405,306.4902002697899,1.9004687400984066,"{""type"":""Point"",""coordinates"":[81.97651258510015,20.929515756919145]}"
2971,180.0,2025-05-01,287.2359975179037,320,0,10,0.30981422405704634,0.0024845890793585568,3.242751465064752,305.9992218471708,1.1184200837130918,"{""type"":""Point"",""coordinates"":[83.8271056208995,22.049420351904182]}"
2972,76.65472194133842,2025-05-01,292.6482522147042,357,0,10,0.46467065868263474,0.004457264402844885,2.0083099408300633,304.75381982894174,1.8821863587275935,"{""type"":""Point"",""coordinates"":[80.6629484154957,18.39605627631884]}"
2973,-0.0,2025-05-01,298.2643352690197,0,0,80,-0.09159727479182438,0.010972603419759253,0.0,303.11808345431376,4.391206564079953,"{""type"":""Point"",""coordinates"":[84.25450670847496,18.458421290927138]}"
2974,219.85986751143957,2025-05-01,290.35222008114766,710,0,10,0.4921483461409957,0.012854620078542212,8.397295877555344,303.3910733631679,1.6809425306331272,"{""type"":""Point"",""coordinates"":[81.0072715308455,19.772811801278113]}"
2975,16.912653450870703,2025-05-01,290.12239655994233,407,0,30,0.31136560069144337,0.008915766337850073,3.389008391241052,304.8067867188227,1.8379602175408178,"{""type"":""Point"",""coordinates"":[81.1838113458131,20.006503901473046]}"
2976,22.984657607430595,2025-05-01,291.3901665097191,608,0,10,0.759706339121841,0.02358126566741703,2.517066806587794,302.76135331108463,2.284580930682777,"{""type"":""Point"",""coordinates"":[82.38737385087451,19.43104476134485]}"
2977,107.47404844340899,2025-05-01,291.9160744803292,216,0,10,0.2519774011299435,0.004930853107907751,1.5440348628022715,306.33876332782563,1.544547626328933,"{""type"":""Point"",""coordinates"":[80.51374140248714,19.19568399113135]}"
2978,236.12890576568876,2025-05-01,291.43357122512094,978,0,30,0.512630014858841,0.031421481827237585,13.868196096948134,299.72602267492385,1.3246053266437858,"{""type"":""Point"",""coordinates"":[82.6790434772428,18.62456043555188]}"
2979,312.9103867055188,2025-05-01,285.58554876418344,284,0,40,0.14728682170542637,0.0037143372092032223,1.3619905337004932,306.3052521206083,1.5312842829047915,"{""type"":""Point"",""coordinates"":[81.29510350898867,21.628468728116935]}"
2980,90.0,2025-05-01,289.5472244989304,148,0,40,0.23291492329149233,0.002269952753522375,1.4882074495289719,307.5804799851917,1.8311990279505554,"{""type"":""Point"",""coordinates"":[83.55869122043184,20.83135366395479]}"
2981,133.06527715728703,2025-05-01,289.59036182221905,213,0,30,0.23814514016243124,0.0031407170090460568,2.714571113369942,307.25891771770654,1.755837502822196,"{""type"":""Point"",""coordinates"":[83.3550141903061,20.82922539411939]}"
2982,195.19411660308901,2025-05-01,291.9865381150019,1170,0,30,0.34080489047376467,0.04220449850890873,14.574169376889321,299.0584259487333,0.836357048716016,"{""type"":""Point"",""coordinates"":[82.50570323709671,18.1547567789521]}"
2983,151.52619727125685,2025-05-01,284.1830190022786,543,0,10,0.4255167498218104,0.01071563289497135,1.0550045360986884,303.8006192616054,0.7841803341623789,"{""type"":""Point"",""coordinates"":[82.29489914375483,22.795965611272962]}"
2984,223.942865507769,2025-05-01,294.7098744710286,618,0,10,0.48572924849437027,0.013147845128514746,7.048904291160918,301.5098128999983,1.470249082409275,"{""type"":""Point"",""coordinates"":[84.02662453491224,19.391856599319087]}"
2985,68.20712955205407,2025-05-01,288.06342497326074,260,0,30,0.2824079929176679,0.010800867537000158,3.742085082551781,306.42415441785545,1.7144504958121418,"{""type"":""Point"",""coordinates"":[82.78410298873396,21.10356459106061]}"
2986,312.723557833286,2025-05-01,281.4624495733352,637,0,40,0.21501251042535446,0.003907635072209814,0.6834924000021562,304.5331341425578,0.9868215584265078,"{""type"":""Point"",""coordinates"":[80.82014523599615,22.55170276178081]}"
2987,245.28865784073992,2025-05-01,284.1632726760138,480,0,40,0.24333964998327945,0.007658659676053503,1.1091758437560495,303.89245101383756,0.8678153437727404,"{""type"":""Point"",""coordinates"":[82.49552285896594,23.018466975213485]}"
2988,108.53411943441971,2025-05-01,290.5864439464751,582,0,10,0.4323798944737573,0.005444660047032812,7.255559191616297,303.5651107515608,1.480797436260347,"{""type"":""Point"",""coordinates"":[83.91222330488124,20.16248105903172]}"
2989,340.0145498051671,2025-05-01,281.0990171886626,420,0,40,0.2116983068240123,3.361396584296017E-4,1.4800567865560836,305.7441065197899,1.1940089455814193,"{""type"":""Point"",""coordinates"":[80.21938708512909,23.57301585728262]}"
2990,278.75466133755407,2025-05-01,281.6751193091983,592,0,40,0.17787789342861582,0.003840550044515112,3.044004717244937,304.55844920022145,1.0441231196115337,"{""type"":""Point"",""coordinates"":[80.79206034308412,22.483770718730103]}"
2991,244.92492545684536,2025-05-01,288.3192785353888,346,0,40,0.16855314960629922,0.0035182230267309933,3.2791393979601144,306.4126914342244,2.1607382085069564,"{""type"":""Point"",""coordinates"":[81.68776469666093,20.64101564149955]}"
2992,192.22387730558265,2025-05-01,280.27694338843935,961,0,30,0.4341586944288126,0.0026295028719687252,9.404687393567992,302.8611080078852,1.2636320363772926,"{""type"":""Point"",""coordinates"":[81.29217560413326,22.60556795627876]}"
2993,222.18881962960106,2025-05-01,295.47749909900483,821,0,10,0.5268041237113402,0.019639208177068213,24.645778790934237,301.57871287209645,1.5525426850429258,"{""type"":""Point"",""coordinates"":[84.04422813549031,18.97386510062095]}"
2994,18.611598272796023,2025-05-01,288.64729890369233,422,0,10,0.6503728251864126,0.0065362148079657345,9.217042165161374,305.28779025304885,1.5982743407192073,"{""type"":""Point"",""coordinates"":[82.08770833756576,20.32759299382525]}"
2995,215.6595663862512,2025-05-01,288.9510389055525,210,0,10,0.39479530307838784,0.0024334780964636593,1.7117917312159623,305.7319576172602,1.373959083507918,"{""type"":""Point"",""coordinates"":[84.10047021121747,21.69767594810377]}"
2996,244.6081158819505,2025-05-01,293.7780594598679,225,0,40,0.2785002167316862,0.013411282757260778,2.1619291377237095,303.40966874077213,0.8715109498988428,"{""type"":""Point"",""coordinates"":[82.05150568706995,18.318945735477417]}"
2997,176.87811823771543,2025-05-01,281.95348612467444,736,0,10,0.4155305275637226,0.017742677787282446,9.20857775471643,303.09622705550424,0.8465801867891215,"{""type"":""Point"",""coordinates"":[82.43868790528977,23.54594388572673]}"
2998,-0.0,2025-05-01,287.3785523914155,246,0,40,0.24012229539040453,0.012049510339238623,0.9274099368670311,305.59232661837626,1.3711422210893023,"{""type"":""Point"",""coordinates"":[82.29537234289562,21.923658079691272]}"
2999,100.55449016115203,2025-05-01,289.34220450265065,168,0,10,0.8010765270301896,0.0044235579762244015,2.5301228384498415,306.78808089665006,1.1347977950796353,"{""type"":""Point"",""coordinates"":[83.73934176596853,21.311700772436282]}"
