system:index,aspect_deg,date,dewpoint_k,elevation_m,fire_label,landcover,ndvi,precip_total_m,slope_deg,temp_mean_k,wind_speed,.geo
0,191.98555278093679,2025-03-15,281.97278908320834,222,0,10,0.29567880231371213,1.3334027961775519E-5,2.369051129465602,302.22020830426897,0.38102511515971715,"{""type"":""Point"",""coordinates"":[80.30784277825451,19.59356286002032]}"
1,294.9218124982463,2025-03-15,282.55913348425,239,0,40,0.1451348182883939,1.3334027961775519E-5,1.1004016448386111,300.25035967145647,1.0087911640783627,"{""type"":""Point"",""coordinates"":[82.7793533664545,21.674992188551304]}"
2,180.0,2025-03-15,280.0344287781488,598,0,10,0.5814795654423176,1.3334027961775519E-5,0.4637353428839794,299.85757228306363,0.6581264261233705,"{""type"":""Point"",""coordinates"":[81.57563564999846,19.663593829888605]}"
3,23.729615064571195,2025-03-15,279.77004191988993,469,0,10,0.42444444444444446,1.3334027961775519E-5,8.547771674057154,301.3539334251767,0.6391565155848529,"{""type"":""Point"",""coordinates"":[80.58638728398807,20.49363888551127]}"
4,114.9668928953983,2025-03-15,282.0536345073155,277,0,40,0.18953895928821785,1.3334027961775519E-5,1.098542247319582,300.6039334251767,0.6764282621775529,"{""type"":""Point"",""coordinates"":[81.58327670285571,21.375432844753433]}"
5,119.66334649773638,2025-03-15,284.42243798573816,878,0,10,0.2247352595110472,2.7836608095554993E-4,5.604318425674495,297.99861580984935,0.11770965868251945,"{""type"":""Point"",""coordinates"":[82.62937853244598,18.33437535204941]}"
6,-0.0,2025-03-15,280.92575713566373,418,0,10,0.6361256544502618,1.3334027961775519E-5,25.147489683916906,299.79116022019156,1.1299322917288352,"{""type"":""Point"",""coordinates"":[82.94571129888458,22.122134474614036]}"
7,294.9276293603165,2025-03-15,282.0951035363334,247,1,40,0.1764992686494393,1.3334027961775519E-5,1.100161329214969,300.0601683117094,0.850987730902471,"{""type"":""Point"",""coordinates"":[82.58962268522933,21.636599176590114]}"
8,90.0,2025-03-15,281.18964408692864,264,1,10,0.4617963649197106,1.3334027961775519E-5,0.4998689688263625,300.554436819894,0.7826386357574342,"{""type"":""Point"",""coordinates"":[84.12588059473363,21.919054802639636]}"
9,270.0,2025-03-15,282.55913348425,220,0,40,0.758887171561051,1.3334027961775519E-5,0.4992287750832021,300.25035967145647,1.0087911640783627,"{""type"":""Point"",""coordinates"":[82.79648924038753,21.73643121520637]}"
10,-0.0,2025-03-15,282.0146185102917,253,0,40,0.1535375638220277,1.3334027961775519E-5,0.0,300.1260514032273,0.5141605280304656,"{""type"":""Point"",""coordinates"":[82.09976891930343,21.578514906840113]}"
11,129.16552351248296,2025-03-15,281.95750122978575,243,0,40,0.2282857142857143,1.3334027961775519E-5,5.126254065758294,300.3597579229446,1.1388522295496146,"{""type"":""Point"",""coordinates"":[83.08379703323158,21.417423620214795]}"
12,90.0,2025-03-15,280.5167169570923,385,0,50,0.32372718539865514,1.3334027961775519E-5,0.9902314104757725,300.9322967529297,0.6491702311250969,"{""type"":""Point"",""coordinates"":[81.06788429359796,20.520320528574462]}"
13,180.0,2025-03-15,293.7313746951875,66,0,40,0.33615463799611117,2.509104414372132E-5,0.4637353428839794,300.7470172700428,1.5496401413523413,"{""type"":""Point"",""coordinates"":[83.71700897140519,18.324529036124517]}"
14,144.59826528343336,2025-03-15,280.560836655753,356,0,40,0.23630478087649404,1.3334027961775519E-5,1.7063030226769103,300.94566635858445,0.4800245436958733,"{""type"":""Point"",""coordinates"":[81.01341984578754,20.27627350280171]}"
15,180.0,2025-03-15,281.32143933432445,296,0,40,0.16393442622950818,1.3334027961775519E-5,0.463735342881014,300.5980798630488,0.5947927712113358,"{""type"":""Point"",""coordinates"":[81.83573568904839,21.48450764673911]}"
16,252.55767151858382,2025-03-15,285.53668998536614,417,0,40,0.44290550938750384,3.1096212104841925E-5,4.631276597480631,298.0901976085844,0.5264654394422087,"{""type"":""Point"",""coordinates"":[84.17803993268883,19.51135223517712]}"
17,57.37870413704651,2025-03-15,279.521535828,495,0,10,0.3273067331670823,1.00535623268172E-4,7.6956129134822895,298.78029596237906,1.5320938826696615,"{""type"":""Point"",""coordinates"":[81.40116366845746,22.404404073796034]}"
18,161.00457030668622,2025-03-15,279.28846872420536,494,0,10,0.3553585817888799,1.3334027961775519E-5,10.665066394557721,299.5574653262184,1.1439810540012254,"{""type"":""Point"",""coordinates"":[84.18531387502019,22.435448138717973]}"
19,166.7446037132535,2025-03-15,280.77492473238993,571,0,30,0.32308061996876125,1.3334027961775519E-5,4.279971621211488,299.9872167678106,0.6401436106546279,"{""type"":""Point"",""coordinates"":[81.9962640212583,19.379099400724666]}"
20,138.84145048124665,2025-03-15,284.2850565683274,612,0,30,0.42210871944545786,1.4704934791609503E-5,34.52897826862508,298.0531986781529,0.049237120124840286,"{""type"":""Point"",""coordinates"":[83.11108703001278,18.676812277032127]}"
21,316.4223885871995,2025-03-15,277.91842710404177,799,0,40,0.22725235320484088,1.3793753786472962E-4,5.1075655509991735,295.81872485932854,1.8978154871959425,"{""type"":""Point"",""coordinates"":[83.97226822529977,23.138205472430194]}"
23,337.9294142579873,2025-03-15,279.46463362375897,409,0,10,0.46308126578517306,1.3334027961775519E-5,3.9968247740897076,299.6999155680339,1.0611502298021969,"{""type"":""Point"",""coordinates"":[84.33204040566565,22.350523872376503]}"
24,-0.0,2025-03-15,280.87708595820834,383,0,40,0.6708507670850767,1.984064499893634E-4,0.0,297.55187334333147,1.0642155586017212,"{""type"":""Point"",""coordinates"":[80.70495420199491,23.848827975078866]}"
25,90.0,2025-03-15,283.02362264905656,157,0,40,0.23453152622274603,1.3334027961775519E-5,1.4908792862247169,301.2781161353702,0.5139657022665471,"{""type"":""Point"",""coordinates"":[84.04569938561195,21.09964393030872]}"
26,40.570145011947915,2025-03-15,280.87580712636316,207,0,40,0.20573248407643313,1.3334027961775519E-5,3.0496390721045152,302.13574146089104,0.8006892422133155,"{""type"":""Point"",""coordinates"":[83.35601827232023,20.874533353033033]}"
27,262.4192360621491,2025-03-15,280.0031904038929,312,0,10,0.3601983880967142,1.3334027961775519E-5,3.5108571162707767,301.1331663585844,0.9962067519292819,"{""type"":""Point"",""coordinates"":[80.4315786392382,21.312559650079383]}"
28,144.3192202136255,2025-03-15,281.4075860977172,233,1,10,0.5491519241291264,1.3334027961775519E-5,1.712246437949134,300.49665105910526,0.763917395492113,"{""type"":""Point"",""coordinates"":[84.19583858642721,21.809409242434203]}"
29,214.55723872586952,2025-03-15,279.32630470820834,352,0,30,0.2083000798084597,1.3334027961775519E-5,12.200366655089129,299.5427761986142,1.1985649728600816,"{""type"":""Point"",""coordinates"":[84.32086091717274,22.491528591166162]}"
30,207.964386708834,2025-03-15,280.111629531497,618,0,30,0.5430146177809729,1.3334027961775519E-5,1.0499840550272865,299.8975822812035,0.5084427282169982,"{""type"":""Point"",""coordinates"":[82.29019031823839,19.64880139432304]}"
31,64.95577093954363,2025-03-15,281.3365760530744,163,0,10,0.21474853440296204,1.3334027961775519E-5,1.0953685878702413,301.78851536342074,0.7351456822090827,"{""type"":""Point"",""coordinates"":[83.51124722536338,20.853101673858223]}"
32,346.71406742896255,2025-03-15,280.1839823495774,406,0,10,0.5427059712773998,1.3334027961775519E-5,4.280507639396928,300.6557842436291,0.2355786330196479,"{""type"":""Point"",""coordinates"":[80.7992489156221,19.76368794305458]}"
33,47.212649307066755,2025-03-15,280.2193478629703,371,0,10,0.3835041155719805,1.3334027961775519E-5,0.6826698880456886,299.95965794154574,1.083478926537801,"{""type"":""Point"",""coordinates"":[83.8639523260533,22.241015970593686]}"
34,132.97811589104936,2025-03-15,283.5984575634911,126,0,80,0.1271641791044776,1.3334027961775519E-5,0.680227045663058,301.10167221795945,0.5855422233568005,"{""type"":""Point"",""coordinates"":[83.90816940958457,21.28233277563386]}"
35,306.4986260657114,2025-03-15,277.4086149760655,677,0,10,0.6094674556213018,1.557891289749591E-4,3.1155720821123545,298.8300308954148,1.638234364728029,"{""type"":""Point"",""coordinates"":[80.9153334454529,22.34608125848924]}"
36,-0.0,2025-03-15,277.8379188265119,618,0,40,0.3345426276237367,1.9122409029392884E-4,1.390963080774087,299.6463499523344,1.5193807775103516,"{""type"":""Point"",""coordinates"":[80.84119579937901,22.100575876003752]}"
37,107.01727657518346,2025-03-15,285.6131757554554,778,0,10,0.4446910839807621,2.7043096260115362E-5,18.359727622141897,298.1423797607422,0.4380939389286269,"{""type"":""Point"",""coordinates"":[84.08285651957682,19.31997146483396]}"
38,164.7542598639517,2025-03-15,278.9287100746518,625,0,10,0.37175951461665746,1.2032436533360169E-4,1.92192461582116,296.27422151111426,1.020882767865855,"{""type"":""Point"",""coordinates"":[83.49552769112645,23.471473243787617]}"
39,208.58318680974224,2025-03-15,279.50416696639286,560,0,40,0.14871578057287813,2.1440259651228644E-5,1.0560997333393418,297.15803963797435,0.993158356960483,"{""type"":""Point"",""coordinates"":[83.27662993995926,23.406994459901934]}"
40,60.972707776713136,2025-03-15,279.73133400508334,374,0,30,0.2501706018834448,1.3334027961775519E-5,2.8648018087516287,299.49844142368863,1.2753015634292995,"{""type"":""Point"",""coordinates"":[83.77212257266687,22.348990583828936]}"
41,12.240900479959508,2025-03-15,292.4410914920626,326,0,10,0.7311320754716981,2.114223642735169E-5,37.305979257179764,300.25227791922435,1.1007334028595204,"{""type"":""Point"",""coordinates"":[83.0535007756364,17.84062146727864]}"
42,133.42380995527787,2025-03-15,284.485147249131,121,0,10,0.3643939393939394,1.3334027961775519E-5,0.6746162316612114,302.4909486316499,0.4660530296575332,"{""type"":""Point"",""coordinates"":[80.42218123836194,18.837244074526257]}"
43,133.04985090958795,2025-03-15,281.14537325359527,286,0,30,0.28549886906257854,1.3334027961775519E-5,0.6793149043297971,300.60850815545945,0.721287951651259,"{""type"":""Point"",""coordinates"":[82.0004656748597,20.909250519966143]}"
44,64.57577998691359,2025-03-15,286.17800671713695,140,0,30,0.3415811707905854,1.3334027961775519E-5,1.08006575396004,303.0052715483166,0.8809614764546878,"{""type"":""Point"",""coordinates"":[81.14045314464262,18.064451829659465]}"
45,76.78850221685234,2025-03-15,279.9907973607381,602,0,10,0.4296551724137931,1.3334027961775519E-5,4.051454055643771,300.4391559419177,0.4676624093783933,"{""type"":""Point"",""coordinates"":[81.23646619940192,20.10966452650267]}"
46,270.0,2025-03-15,281.32017794109527,178,0,10,0.5793390890145876,1.3334027961775519E-5,2.966433751966058,301.31777154831656,0.3519220721904379,"{""type"":""Point"",""coordinates"":[83.67244054448268,20.421428628586682]}"
47,104.89152644918096,2025-03-15,281.35594454265777,359,0,10,0.3962033067973056,1.3334027961775519E-5,3.6042944682086113,300.3592696416946,0.7818948163511197,"{""type"":""Point"",""coordinates"":[82.49615154040536,21.452491138127552]}"
48,270.0,2025-03-15,280.30763957613993,631,0,10,0.6396269575928207,1.3334027961775519E-5,1.4756650829051148,300.2299099876767,0.5962537845521514,"{""type"":""Point"",""coordinates"":[82.18113052088907,19.510781746239715]}"
49,167.75482024003892,2025-03-15,277.6740888413929,877,0,10,0.4000604777744179,4.089896599808185E-4,2.37135401788455,296.38696216401604,1.8232968565681595,"{""type"":""Point"",""coordinates"":[81.69465571254229,22.850751953318575]}"
50,125.09905235533404,2025-03-15,280.2357866650536,432,0,10,0.2411522633744856,1.3334027961775519E-5,2.4181396504488597,301.3120691208613,0.5659981092929929,"{""type"":""Point"",""coordinates"":[81.22762373488776,20.437933278183102]}"
51,14.963326912680618,2025-03-15,282.32325295039584,161,0,40,0.3061034322099705,1.3334027961775519E-5,1.9193713411293583,301.2325141543434,0.5521633727792661,"{""type"":""Point"",""coordinates"":[84.00795342833672,20.70610756883101]}"
52,285.52125395493175,2025-03-15,278.89064157576786,538,0,10,0.4050757426716506,1.3334027961775519E-5,5.184822415359156,300.48089817592074,1.1856563242789364,"{""type"":""Point"",""coordinates"":[83.5877005905144,22.218738882569603]}"
53,36.01944428977645,2025-03-15,279.4913553964524,938,0,10,0.6965775583177252,1.3334798021702454E-4,15.119754883617823,296.7872132800874,1.425485836111704,"{""type"":""Point"",""coordinates"":[84.2146230651539,23.51864772938595]}"
54,169.76446874912648,2025-03-15,278.3921761739822,560,0,10,0.3458602466236054,1.883630673447101E-4,2.8251784142436978,299.0227915445963,1.5099742733857382,"{""type"":""Point"",""coordinates"":[81.91188279610749,22.630119386118164]}"
55,194.9746283908705,2025-03-15,282.8395580564226,115,0,40,0.364920744314266,1.3334027961775519E-5,1.9194724918606578,301.624493553525,0.4939475691039055,"{""type"":""Point"",""coordinates"":[83.91838443974032,20.825330385078253]}"
56,62.39425185270255,2025-03-15,281.0515186218989,427,0,10,0.530990919857876,7.641737381973712E-4,3.996617459955748,297.4368017287481,1.2485979726692036,"{""type"":""Point"",""coordinates"":[83.16020511928687,23.78011715305081]}"
57,320.3116445333412,2025-03-15,280.3443653015863,424,0,10,0.29740518962075846,1.3334027961775519E-5,5.407602876615843,301.4852752685547,0.5523298296729173,"{""type"":""Point"",""coordinates"":[80.92554917163356,20.40951977859839]}"
58,208.41022860782417,2025-03-15,279.8098368417649,405,1,10,0.3097928436911488,1.3334027961775519E-5,5.25764207728334,299.5636967250279,1.1767535952619057,"{""type"":""Point"",""coordinates"":[83.330283386098,22.4311706812188]}"
59,199.86841220906408,2025-03-15,278.95339734213695,616,1,30,0.31021698833278816,3.032808224716632E-4,4.429027670708833,297.83214096795945,1.6041023665202614,"{""type"":""Point"",""coordinates"":[81.99117464423267,22.71915580016439]}"
60,227.11794523312093,2025-03-15,281.89287953149704,214,0,40,0.23290331530031905,1.3334027961775519E-5,3.4034221684522072,300.4050053187779,1.180109821297513,"{""type"":""Point"",""coordinates"":[83.07209543397538,21.7709873330936]}"
61,162.63768945479458,2025-03-15,285.59949806758334,150,0,10,0.3561136270069988,1.3602248863264776E-5,17.420298609982463,302.7364669073196,0.579747314802718,"{""type"":""Point"",""coordinates"":[80.64984022635511,18.03519556376938]}"
62,50.622063730968726,2025-03-15,279.40689436594647,534,0,40,0.398589562764457,1.3334027961775519E-5,5.827506804149539,297.89582679385234,1.5069632154558104,"{""type"":""Point"",""coordinates"":[83.56783334571986,22.577585921293842]}"
63,312.8905646727066,2025-03-15,281.7363505136399,211,0,40,0.6778666666666666,1.3334027961775519E-5,1.3624974935434886,300.7894628615606,1.196153116963497,"{""type"":""Point"",""coordinates"":[83.29152059840585,21.727829935780377]}"
64,191.91879220583357,2025-03-15,284.5712126323155,298,1,10,0.5630007283321194,1.3334027961775519E-5,4.728868175516893,302.33732023693267,0.34935348061559873,"{""type"":""Point"",""coordinates"":[80.89165310094376,18.64285987000997]}"
65,-0.0,2025-03-15,280.6320501509167,558,0,40,0.3872966692486445,1.3334027961775519E-5,0.0,300.18047732398617,0.5195287676408256,"{""type"":""Point"",""coordinates"":[82.24460160007355,19.295628849605173]}"
66,180.0,2025-03-15,279.8626700355893,583,0,10,0.5070208728652752,1.3334027961775519E-5,3.704791833694711,300.3864448184059,0.5348644055716789,"{""type"":""Point"",""coordinates"":[81.18978798722063,19.813267314346778]}"
67,11.942297967838286,2025-03-15,283.5271801267351,384,0,40,0.2290732889158086,1.3334027961775519E-5,2.368672613144958,300.9319247291201,0.3372641959942875,"{""type"":""Point"",""coordinates"":[81.40525733908602,18.98474492853527]}"
68,345.0895763039529,2025-03-15,278.85142794109527,556,0,10,0.5285171102661597,1.3334027961775519E-5,1.9188989790338518,300.6228543236142,0.8976091911405708,"{""type"":""Point"",""coordinates"":[81.9782310795189,20.135127241967663]}"
69,329.8120796130518,2025-03-15,289.1692118417649,519,0,10,0.8363363363363363,3.7224339647679017E-4,20.533528886322298,297.8668786911738,0.700968249743186,"{""type"":""Point"",""coordinates"":[84.37043832975277,19.01105006830327]}"
70,277.10020685456027,2025-03-15,280.5532450448899,345,0,40,0.2956699974378683,1.3334027961775519E-5,7.461201332307287,301.0270523797898,0.9198072960642479,"{""type"":""Point"",""coordinates"":[82.27238488711023,20.90043791951821]}"
71,73.65907717111703,2025-03-15,284.6364563079107,706,0,10,0.8095636414331521,1.5718213752791144E-5,21.937077673507332,298.9743993849981,0.14364470666519882,"{""type"":""Point"",""coordinates"":[83.4539798404016,19.538516355815542]}"
72,180.0,2025-03-15,278.9196071170625,778,0,40,0.26869873913575715,2.488021771469562E-4,2.7802885155287553,296.1729496547154,1.2030025184270352,"{""type"":""Point"",""coordinates"":[83.70419937566103,23.413985470293433]}"
73,175.35767954539352,2025-03-15,288.5835998625982,106,0,40,0.40284031866989956,1.6463271812483526E-5,6.026214157319721,301.0249888102213,0.3042587502555087,"{""type"":""Point"",""coordinates"":[83.33489953928705,18.68161657016226]}"
74,127.51887057135896,2025-03-15,281.28689343588695,875,0,10,0.5580071174377225,1.3334027961775519E-5,25.568245180462437,298.708245413644,0.6995043892431402,"{""type"":""Point"",""coordinates"":[84.05812404331901,20.20184044947275]}"
75,212.50901448605228,2025-03-15,281.1825814474197,332,0,10,0.4734804490902052,1.3334027961775519E-5,2.7474574629444932,301.7605438232422,0.26549881681116827,"{""type"":""Point"",""coordinates"":[80.62893811630853,19.69750974154975]}"
76,33.05477674839384,2025-03-15,277.98936739422027,1098,0,40,0.21154956689124157,1.3334027961775519E-5,2.7643373299900422,295.33838980538496,1.5496057774041319,"{""type"":""Point"",""coordinates"":[83.26079677879997,22.782084672769003]}"
77,180.0,2025-03-15,280.2532078425089,426,0,40,0.5477154424522845,1.8273042841343567E-4,2.3174627380815918,297.83987208775113,1.013964739133591,"{""type"":""Point"",""coordinates"":[80.32383140339009,23.699161856922462]}"
78,145.86442843458016,2025-03-15,285.6131757554554,732,0,10,0.3707366984993179,2.7043096260115362E-5,26.05545146062221,298.1423797607422,0.4380939389286269,"{""type"":""Point"",""coordinates"":[84.13818717466489,19.262783934768997]}"
79,132.96838935000252,2025-03-15,281.8111389250982,281,0,40,0.2162028651407871,1.3334027961775519E-5,0.6803509935341998,300.5700153169178,0.6500569059498896,"{""type"":""Point"",""coordinates"":[81.71144535747302,21.3325643796703]}"
81,227.45542895915457,2025-03-15,279.6799598421369,535,0,40,0.17539289015883688,1.5471624536900208E-4,0.685815330582114,297.3598160516648,1.0602896422779935,"{""type"":""Point"",""coordinates"":[82.96136055301317,23.398712134572285]}"
82,110.77716897366923,2025-03-15,288.8442316055298,133,0,30,0.36877523553162855,1.59864346542804E-5,2.6127938570856704,301.14056614467074,0.3932259780450819,"{""type"":""Point"",""coordinates"":[83.3012521792072,18.46432420098911]}"
83,113.39187236229576,2025-03-15,280.7667285828364,323,0,30,0.2507322042531517,1.3334027961775519E-5,6.973791686310186,301.4194561186291,0.7632098049098734,"{""type"":""Point"",""coordinates"":[82.55176832100838,20.4072970769962]}"
84,298.8926154327627,2025-03-15,278.3981518064226,536,0,10,0.47823629169022047,1.8416093988804505E-4,2.8769755407688633,297.05532618931363,1.44264006326702,"{""type"":""Point"",""coordinates"":[81.41161873291462,23.1081246112822]}"
85,98.1121127553387,2025-03-15,283.81156907762795,836,0,10,0.40195053988157436,1.4794341758772589E-5,32.24960112978796,297.9568386986142,0.07719432429068486,"{""type"":""Point"",""coordinates"":[83.09017807596626,18.928174728571086]}"
86,221.00284513972522,2025-03-15,278.6186049779256,745,0,30,0.2644894204231831,1.3260292215733216E-4,3.069536469877778,297.2737506684803,1.2750852552071301,"{""type"":""Point"",""coordinates"":[80.99635636854704,23.043975561555808]}"
87,53.67602981073527,2025-03-15,278.56202248164584,813,0,40,0.19896397457028492,1.3471888704685853E-4,6.238355704043399,297.10239301409035,1.2292075721639595,"{""type"":""Point"",""coordinates"":[80.80611795332321,23.21678453142493]}"
88,60.49392226568979,2025-03-15,280.02426787785123,702,0,10,0.5284584980237154,1.3334027961775519E-5,2.822469110637584,299.9420740036738,0.574324888067154,"{""type"":""Point"",""coordinates"":[81.06966489655069,19.406136215695966]}"
89,303.13765219514073,2025-03-15,281.708047639756,328,0,10,0.43828811616354607,1.7027305765537903E-4,4.233961794879819,297.467784336635,1.3648505272610139,"{""type"":""Point"",""coordinates"":[83.9864012495666,23.941644208634685]}"
90,-0.0,2025-03-15,280.8022452309018,278,0,40,0.4698757275444392,1.3334027961775519E-5,0.4637353428839794,300.62994602748324,0.8649224059494675,"{""type"":""Point"",""coordinates"":[81.4278635038394,21.63511538814922]}"
91,197.65310142253873,2025-03-15,283.7477321170625,413,0,10,0.3453006795743044,1.4257899955794073E-5,4.854970770066585,299.85610743931363,0.12435178044319503,"{""type"":""Point"",""coordinates"":[83.3462197553285,19.49247010617395]}"
92,246.85032284254868,2025-03-15,284.8026811963036,1101,0,30,0.1848442508424427,3.7199007673649476E-4,10.497435382540415,295.89608837309333,0.19927370498547745,"{""type"":""Point"",""coordinates"":[82.8610761280992,18.170100528403164]}"
93,122.75011792253434,2025-03-15,282.4518162409464,621,0,10,0.4236215225720473,1.732753916172669E-5,30.263712722659683,297.83802940731954,0.6361434205598292,"{""type"":""Point"",""coordinates"":[84.23341653767633,19.932300199324267]}"
94,261.2891409939277,2025-03-15,279.3860668454851,515,0,40,0.4543269230769231,1.500968853989093E-4,6.100984184575595,298.26031130836117,1.0301964139908422,"{""type"":""Point"",""coordinates"":[80.3487739934781,23.17682373764663]}"
95,187.37505420176618,2025-03-15,282.99730196453277,890,0,30,0.5620390099983609,1.3334027961775519E-5,21.796903167378776,297.6168205624535,0.13331707681332883,"{""type"":""Point"",""coordinates"":[82.80239767000324,18.91022508897931]}"
96,39.34052520924372,2025-03-15,280.65793487003873,426,0,40,0.3682159755079321,1.4526120857283331E-5,4.78584135661186,297.4025813511439,1.1364486513336536,"{""type"":""Point"",""coordinates"":[80.98828935912643,23.793972018346544]}"
97,226.95502289259508,2025-03-15,283.3746154875983,119,0,40,0.13215859030837004,1.3334027961775519E-5,0.6793767656401161,301.46301778157556,0.4584107075072055,"{""type"":""Point"",""coordinates"":[84.17479736379585,20.93566091618504]}"
98,115.24707603361149,2025-03-15,280.51246193477084,597,0,10,0.6193526635198922,1.3334027961775519E-5,2.1734980393701395,300.1347183954148,0.6570655740848586,"{""type"":""Point"",""coordinates"":[82.0826103962009,19.41468011354701]}"
99,133.1277835216754,2025-03-15,280.80996472494945,364,0,40,0.244337863042899,1.3334027961775519E-5,2.7114126331804447,300.5392768496559,0.7613256047430912,"{""type"":""Point"",""coordinates"":[81.56989027498895,20.496202255162547]}"
100,208.21706832427617,2025-03-15,281.50499239422027,198,0,40,0.435347261434218,1.3334027961775519E-5,2.104206133635612,301.61534409295945,0.9419762220221228,"{""type"":""Point"",""coordinates"":[83.51186387340766,21.278214646951035]}"
101,64.96365392096513,2025-03-15,281.26815273648214,212,0,10,0.4242808033291116,1.3334027961775519E-5,2.1905814911303545,301.77595955984935,0.8776564227568422,"{""type"":""Point"",""coordinates"":[83.25175612598807,20.906925143329318]}"
102,340.0372639533487,2025-03-15,278.78033651624406,603,0,10,0.3845272206303725,1.1761235399632142E-4,1.4798436380532711,297.4170379638672,1.6375213177925876,"{""type"":""Point"",""coordinates"":[82.09849907048682,23.41028261068139]}"
103,6.245845463128959,2025-03-15,280.0484843027024,639,0,10,0.566374269005848,1.3334027961775519E-5,17.61705888280423,299.36046709333147,0.6575360608751112,"{""type"":""Point"",""coordinates"":[84.14374882773083,20.424206865000883]}"
104,270.0,2025-03-15,280.90274397532147,255,0,40,0.27154544435727895,1.3334027961775519E-5,0.49952281307925633,300.6686539422898,0.8460515154967577,"{""type"":""Point"",""coordinates"":[81.80506045810115,21.820674833341343]}"
105,129.81293627720007,2025-03-15,276.7120527085803,776,0,10,0.6273504273504273,1.8916773004917786E-4,6.490628734887211,298.6637071881975,1.619082212475836,"{""type"":""Point"",""coordinates"":[80.99957497707098,22.154262259277495]}"
106,110.70405605031549,2025-03-15,282.67026397160123,300,0,10,0.3261065943992773,1.3334027961775519E-5,2.621600955042741,302.0029463995071,0.3096316612177489,"{""type"":""Point"",""coordinates"":[80.6598890876692,19.11286659616072]}"
107,72.97539991947777,2025-03-15,279.57514794667566,556,0,40,0.2,7.854150934605286E-5,3.16463008592059,297.24904014950704,1.6599840375678858,"{""type"":""Point"",""coordinates"":[81.95868431416002,23.277964346457683]}"
108,90.0,2025-03-15,281.2731111163185,312,0,40,0.231224127735068,1.3334027961775519E-5,0.49728680946037934,300.4550192696707,0.9433190395064173,"{""type"":""Point"",""coordinates"":[80.97278998860683,21.167324553394366]}"
109,180.0,2025-03-15,279.27888329823816,600,0,10,0.5259067357512953,9.603547258763001E-5,2.7802885155287553,297.21783665248324,1.779935251148118,"{""type"":""Point"",""coordinates"":[83.83733286401505,22.92286550535272]}"
110,180.0,2025-03-15,280.51458363305954,383,0,30,0.0746759174730692,1.2673186464695618E-4,0.463735342881014,297.4909835088821,1.2187555100548386,"{""type"":""Point"",""coordinates"":[80.53616893761205,24.00564228675523]}"
111,226.6184001061506,2025-03-15,281.9196943101429,598,0,30,0.4960974086793631,1.3334027961775519E-5,0.6751418933006753,299.23665291922435,0.38984994657027544,"{""type"":""Point"",""coordinates"":[82.50510143089697,19.08342288978628]}"
112,211.2567210183845,2025-03-15,279.2586138134911,471,0,30,0.3129472999349382,6.334232492832825E-5,4.870615678507572,297.87178475516185,1.090434227314439,"{""type"":""Point"",""coordinates"":[81.86334398748598,23.75393298846424]}"
113,90.0,2025-03-15,280.08619240352084,297,1,10,0.34718100890207715,1.3334027961775519E-5,4.991634741109782,300.76052638462613,1.0899890789761757,"{""type"":""Point"",""coordinates"":[83.37143470461795,22.074455012876786]}"
114,17.300261857074336,2025-03-15,286.3780857721964,285,0,10,0.463265306122449,1.56735102692096E-5,8.200770940093696,300.38929893856954,0.31210627071126057,"{""type"":""Point"",""coordinates"":[83.38130766460398,19.215310335244105]}"
115,-0.0,2025-03-15,280.2133024760655,370,0,10,0.4425749817117776,1.3334027961775519E-5,0.4637353428839794,301.928233555385,0.5655474443145315,"{""type"":""Point"",""coordinates"":[80.43849933594218,20.643177727243973]}"
116,313.3691017951939,2025-03-15,281.7493713469732,563,0,30,0.3962027302683195,1.3334027961775519E-5,2.0251433520361797,299.70646086193267,0.4966815646002686,"{""type"":""Point"",""coordinates"":[81.72368920311061,19.155358190487892]}"
117,152.2575816617755,2025-03-15,284.3883048012143,303,1,10,0.4984591679506934,1.4287702278181769E-5,1.047837215917743,302.3859623500279,0.4595629949729052,"{""type"":""Point"",""coordinates"":[80.2990166831275,18.07569127818221]}"
119,90.0,2025-03-15,279.4109052476429,558,0,10,0.5581395348837209,1.4154361887364075E-4,5.536603579852052,297.3818119594029,1.784109953367538,"{""type"":""Point"",""coordinates"":[82.19208899131372,23.29384541012789]}"
120,15.230497163067566,2025-03-15,279.3874561218989,502,0,10,0.38441642418364047,1.3841437502293275E-4,1.9217854404063888,297.50626554943267,1.3651748451757455,"{""type"":""Point"",""coordinates"":[81.23461448261804,23.332018276227867]}"
121,234.98762739783598,2025-03-15,283.28759679340186,148,0,40,0.30540306269864204,1.3334027961775519E-5,2.42335282391639,301.2557714553106,0.449219657143275,"{""type"":""Point"",""coordinates"":[84.36416722307736,20.92699237228447]}"
122,162.68841483887485,2025-03-15,279.81070295969647,748,0,10,0.3603635092624956,6.405758066563294E-5,22.55890588989809,296.67472258068267,1.0961820677889664,"{""type"":""Point"",""coordinates"":[83.42630939892399,23.555685196774878]}"
123,136.30099776361433,2025-03-15,281.4369294756935,286,0,30,0.2898236931642437,1.3334027961775519E-5,5.753514163241757,300.3154115222749,1.1864234066847636,"{""type"":""Point"",""coordinates"":[83.2443751906733,21.53364721782473]}"
124,252.79835774074968,2025-03-15,278.3076977048602,514,0,10,0.3597298956414979,8.256482286839173E-5,10.845352895734534,300.37279619489397,1.3639429858837322,"{""type"":""Point"",""coordinates"":[80.97363088786314,21.759311472158696]}"
125,35.61348428890726,2025-03-15,280.3997794105893,308,0,40,0.2681086519114688,1.3334027961775519E-5,1.7108056054933791,300.86766342889695,0.9682366501316527,"{""type"":""Point"",""coordinates"":[80.49490146196563,21.451489816179752]}"
126,294.9643124104819,2025-03-15,281.18890585218156,307,0,10,0.37095928708719206,1.3334027961775519E-5,3.2927197869671803,300.73181079682854,0.7891123168208248,"{""type"":""Point"",""coordinates"":[82.40253240207957,21.393316975449547]}"
127,294.6224532366546,2025-03-15,279.9223624184018,423,0,40,0.28412017167381975,2.8575705690769837E-4,3.335431604447295,297.76245625813806,1.0101149240254677,"{""type"":""Point"",""coordinates"":[80.59185881739472,23.563698948029675]}"
128,146.03464931256173,2025-03-15,286.39297253744945,899,0,10,0.5214534209509084,4.6608320907637335E-5,17.851016922039392,297.61935497465583,0.36418072693459425,"{""type"":""Point"",""coordinates"":[84.21954623396725,19.14700630513448]}"
129,320.6889208103073,2025-03-15,280.52866822197325,499,0,10,0.41720804943749007,3.9343284769444153E-4,2.3960939735387594,297.5577559698196,1.3536201094988027,"{""type"":""Point"",""coordinates"":[83.72482237470416,23.657912125324586]}"
130,204.7622883511596,2025-03-15,278.80666882651195,668,0,10,0.5928429423459245,1.3334027961775519E-5,7.113070598291532,300.0207396007719,1.0458872274774196,"{""type"":""Point"",""coordinates"":[80.50111536698402,21.701660843261312]}"
131,208.17607425760463,2025-03-15,283.4961626416161,158,0,10,0.48638931689779147,1.3334027961775519E-5,1.0520544058567685,301.1419961111886,0.4834355967255558,"{""type"":""Point"",""coordinates"":[84.09366859791976,21.023503638995017]}"
132,246.76577846452756,2025-03-15,284.9922563916161,453,0,10,0.341168337366056,1.7953387931868292E-5,25.26252308472079,301.98339771089104,0.514892121890981,"{""type"":""Point"",""coordinates"":[80.2867389781,17.83503147687602]}"
133,270.0,2025-03-15,279.3460277829851,655,0,40,0.5174611266887587,1.3334027961775519E-5,0.4930424403927232,299.71020435151604,0.862886573359591,"{""type"":""Point"",""coordinates"":[82.050175412618,19.85463339079987]}"
134,-0.0,2025-03-15,282.2850856326876,244,0,40,0.2512418300653595,1.3334027961775519E-5,0.9274099368611016,301.6062353224981,0.3896289562499341,"{""type"":""Point"",""coordinates"":[83.18324854260705,20.524263620518123]}"
135,187.60492759301073,2025-03-15,281.48878029414584,274,0,10,0.4304229195088677,1.3334027961775519E-5,3.7375749748774774,301.8050297328404,0.5496167112093543,"{""type"":""Point"",""coordinates"":[83.18521638086872,20.57496940308143]}"
136,152.02309537860688,2025-03-15,280.52057089124406,301,1,40,0.3231777863478596,1.3334027961775519E-5,2.0995067104412612,300.6024685814267,0.29643829969423957,"{""type"":""Point"",""coordinates"":[82.62432761767028,19.733123915728704]}"
137,133.46916379960865,2025-03-15,283.15326132093156,896,0,40,0.290304396843292,1.3334027961775519E-5,2.021412407346553,296.84485371907556,0.2630765029433272,"{""type"":""Point"",""coordinates"":[82.92922152214643,18.568269657202478]}"
138,90.0,2025-03-15,280.14133330753873,353,0,10,0.3198458574181118,1.9085876182600714E-5,0.5018202971312201,298.6203954787482,1.4181420600779924,"{""type"":""Point"",""coordinates"":[82.44665995556124,22.466187760163162]}"
139,208.34966906936108,2025-03-15,280.0701488767352,452,0,10,0.3129175946547884,1.3334027961775519E-5,5.254657521078098,300.45909990583147,1.0128898407541531,"{""type"":""Point"",""coordinates"":[83.77461477013233,22.077405491366722]}"
140,227.37542571933145,2025-03-15,278.6977065404256,669,0,40,0.2037037037037037,1.5245126886753724E-4,2.053540822410193,297.80207098098026,1.324726684624027,"{""type"":""Point"",""coordinates"":[80.84213356781424,23.024026143415764]}"
141,270.0,2025-03-15,280.8205092748006,366,0,10,0.33544103699019917,1.3334027961775519E-5,2.963337843222495,301.14935520717074,0.5583465978673957,"{""type"":""Point"",""coordinates"":[80.84204070794515,20.260280753445034]}"
142,234.63520165106848,2025-03-15,282.5378351211548,598,0,50,0.3425973580373992,1.3334027961775519E-5,2.402329760396275,298.44448634556363,0.23334816284637983,"{""type"":""Point"",""coordinates"":[82.57924905565014,18.858598349430014]}"
143,215.43878060435964,2025-03-15,280.783248765128,361,0,40,0.3123983485549856,1.3334027961775519E-5,1.7070873643549227,300.6998865036738,0.7843892300091038,"{""type"":""Point"",""coordinates"":[81.51524491577177,20.487084601124927]}"
144,297.27319878440994,2025-03-15,279.97167882465186,686,0,10,0.6006125574272588,4.470770279922931E-4,9.03266939720826,297.1681772867838,1.0920817767803914,"{""type"":""Point"",""coordinates"":[83.00488776397962,23.576790181755953]}"
145,332.0384048886234,2025-03-15,279.78717826661614,645,0,40,0.8100177080698204,1.3334027961775519E-5,1.0499569026826001,300.28186543782556,0.7409025437245363,"{""type"":""Point"",""coordinates"":[82.0692404543971,19.62942274651988]}"
146,139.79666175256355,2025-03-15,278.6977065404256,658,0,40,0.21953445915107256,1.5245126886753724E-4,5.448217638740137,297.80207098098026,1.324726684624027,"{""type"":""Point"",""coordinates"":[80.83357314263155,23.035421851832194]}"
147,133.42437762313037,2025-03-15,283.5923598607381,511,0,10,0.40477667493796526,1.3334027961775519E-5,3.3693125448752497,300.14165896461134,0.39147492871274664,"{""type"":""Point"",""coordinates"":[81.25259978074696,18.833466762852375]}"
148,305.20357076095195,2025-03-15,280.1591323216756,399,0,10,0.3692713484998352,1.3334027961775519E-5,7.201780299887208,300.08800034295945,0.3273083965863204,"{""type"":""Point"",""coordinates"":[80.98355623415739,19.832897580445636]}"
149,-0.0,2025-03-15,279.8913158689226,306,0,40,0.2102803738317757,6.42959992447345E-5,0.0,300.43978954496833,1.2226267569540228,"{""type"":""Point"",""coordinates"":[81.37357118203775,21.899637820514414]}"
150,83.35251980229528,2025-03-15,287.2647289548601,299,0,30,0.25579103006407095,1.592683000950501E-5,48.20688384600896,300.9130387079148,0.22761374255725902,"{""type"":""Point"",""coordinates"":[83.25222075737743,18.751783738073787]}"
151,83.48453276904281,2025-03-15,281.5616678964524,332,0,30,0.36799612465687065,7.535045067825763E-4,4.07998177688019,297.54621741885234,1.5475213733881636,"{""type"":""Point"",""coordinates"":[83.39640542291248,23.982019223116865]}"
152,46.547001027442185,2025-03-15,283.64980847494945,863,0,40,0.44505955376614664,1.3334027961775519E-5,0.6742534195040529,297.66653224400113,0.24008796149652745,"{""type"":""Point"",""coordinates"":[82.8443806224918,18.6648710105892]}"
153,199.79323941663498,2025-03-15,280.7791739418393,271,0,40,0.49916943521594687,1.3334027961775519E-5,1.4782623518536648,300.081036522275,0.8535716435629326,"{""type"":""Point"",""coordinates"":[82.24852312970889,22.148057513628505]}"
154,237.8946322016739,2025-03-15,282.51711223238993,281,1,40,0.34496567505720827,1.4451615051314093E-5,1.744577185730603,299.72124880836117,0.05817521686828241,"{""type"":""Point"",""coordinates"":[83.70710388985812,19.75565402304953]}"
155,90.0,2025-03-15,280.1757396970476,378,1,30,0.2915902541262772,7.752823038487122E-5,0.5011080133867762,299.5526173909505,1.5013956750497581,"{""type"":""Point"",""coordinates"":[81.40878618265695,22.268368770848998]}"
156,112.01270334517386,2025-03-15,285.8546540850685,310,0,30,0.36047548291233283,1.9652120307966925E-5,3.7066433935776035,299.41705540248324,0.1800721751535179,"{""type"":""Point"",""coordinates"":[83.73330805018523,19.38203695074053]}"
157,180.0,2025-03-15,277.6740888413929,914,0,40,0.384907091391733,4.089896599808185E-4,2.3174627380815918,296.38696216401604,1.8232968565681595,"{""type"":""Point"",""coordinates"":[81.72187030005136,22.891988987572347]}"
158,83.41665902922382,2025-03-15,278.4716788246518,502,0,10,0.4801817327275576,1.3334027961775519E-5,4.03823917858686,297.9345928373791,1.4056176622583156,"{""type"":""Point"",""coordinates"":[82.90100838240251,22.590737224127366]}"
159,143.73666925822616,2025-03-15,282.3650068101429,667,0,10,0.22015823873409013,1.3334027961775519E-5,14.627531008553683,298.9486599876767,0.23495300738270383,"{""type"":""Point"",""coordinates"":[82.82036366494236,19.312180744915715]}"
160,97.61418422833518,2025-03-15,279.91180624280656,420,0,10,0.28712279653420975,1.3334027961775519E-5,3.49557550514818,301.076659429641,0.6298349881188677,"{""type"":""Point"",""coordinates"":[81.94552267580951,20.64805509833585]}"
161,38.94097592697457,2025-03-15,277.7724542617798,655,0,10,0.5581727337615988,1.5724944277195618E-4,4.758881241242786,299.7982926141648,1.4680883455943892,"{""type"":""Point"",""coordinates"":[80.91382639308371,21.855470929685875]}"
162,90.0,2025-03-15,283.157022249131,147,0,40,0.43866171003717475,1.3334027961775519E-5,0.4970130109235341,301.45143854050406,0.5557772593067738,"{""type"":""Point"",""coordinates"":[83.77225802679882,21.08542450587293]}"
163,185.27815089766523,2025-03-15,286.962697937375,254,0,10,0.4057437407952872,2.069520159153626E-5,20.5009779832527,299.2324676513672,0.413472639943711,"{""type"":""Point"",""coordinates"":[84.38265022240991,19.73500151375545]}"
164,270.0,2025-03-15,283.5984575634911,140,0,40,0.7527865104315519,1.3334027961775519E-5,2.487248158286202,301.10167221795945,0.5855422233568005,"{""type"":""Point"",""coordinates"":[83.92706768332074,21.30532194409466]}"
165,284.8377384083053,2025-03-15,278.266897156125,587,0,40,0.6636880584890333,2.7400724128767706E-5,3.617031504891832,299.4164334251767,1.2773151831667506,"{""type"":""Point"",""coordinates"":[80.60068331336521,21.996232070932354]}"
166,19.18825601182603,2025-03-15,278.393356187003,841,0,10,0.6473372781065089,2.0639347238926575E-4,12.092803984312518,297.1955210367838,1.2895387507080587,"{""type"":""Point"",""coordinates"":[80.90058299720774,23.143800163164805]}"
167,313.09038941502575,2025-03-15,281.2907938730149,367,0,10,0.27408210269611166,1.3334027961775519E-5,1.3574114840114893,300.64648364839104,0.6796610629152178,"{""type"":""Point"",""coordinates"":[81.8367397240587,20.696148982127056]}"
168,190.1021437532146,2025-03-15,281.95719896044045,126,0,30,0.2698979591836735,1.3334027961775519E-5,2.824000844574476,301.804442632766,0.5368029644826325,"{""type"":""Point"",""coordinates"":[83.71658666073385,20.697364334714333]}"
169,347.84868613836335,2025-03-15,281.611379578,219,0,40,0.16416091019910606,1.3334027961775519E-5,2.3705153003531265,300.50043523879276,0.746874100935274,"{""type"":""Point"",""coordinates"":[84.22829552312768,21.742542591858403]}"
170,260.53887307016794,2025-03-15,281.9453058242798,814,0,10,0.6205032618825722,1.3334027961775519E-5,8.402853224479252,300.5683353969029,0.44124002498866666,"{""type"":""Point"",""coordinates"":[81.03789080994731,19.20915133819555]}"
171,84.20182457676341,2025-03-15,280.899703843253,410,0,30,0.24614040198077483,3.753351374058411E-5,17.76918996892342,296.82399713425406,1.197414920941648,"{""type"":""Point"",""coordinates"":[81.96708988895372,23.950459593182675]}"
172,138.41703223117347,2025-03-15,278.312539827256,1029,0,10,0.5795817086139666,2.2287415666966126E-4,16.286290749042497,296.1504131498791,1.6155942904458784,"{""type"":""Point"",""coordinates"":[83.90110693254303,23.321706594886546]}"
173,276.6825447204191,2025-03-15,281.0981785456339,646,0,10,0.5413088540124371,1.3334027961775519E-5,7.919492721041346,298.647704351516,0.7248935888811006,"{""type"":""Point"",""coordinates"":[84.25975684582346,20.39501029891321]}"
174,256.8579893782686,2025-03-15,281.26815273648214,184,0,10,0.4454559021041636,1.3334027961775519E-5,2.038787546295524,301.77595955984935,0.8776564227568422,"{""type"":""Point"",""coordinates"":[83.28978523456811,20.94536910112631]}"
175,245.0728760427515,2025-03-15,281.76811785925,264,0,40,0.5698956780923994,1.3334027961775519E-5,1.1001822046387975,300.14765203566776,0.526010553345261,"{""type"":""Point"",""coordinates"":[82.0066238193863,21.640367757132715]}"
176,28.556514444609654,2025-03-15,278.5049052011399,865,0,40,0.3457478005865103,2.0788358850865052E-4,3.1646328728392397,296.1729089646113,1.6948287140498637,"{""type"":""Point"",""coordinates"":[83.96609932983276,23.2593017210774]}"
177,65.11953708351844,2025-03-15,280.792776062375,293,0,10,0.6526132404181184,1.3334027961775519E-5,2.2034116357713756,301.13954889206656,1.082237960879228,"{""type"":""Point"",""coordinates"":[83.63170370277331,21.945520919258122]}"
178,64.75050788742689,2025-03-15,282.5527160735357,220,0,10,0.3262124711316397,1.3334027961775519E-5,2.173303886680942,302.25613185337613,0.30058654845060184,"{""type"":""Point"",""coordinates"":[80.44324385956355,19.396696725447285]}"
179,90.0,2025-03-15,282.66209688640777,308,0,10,0.46660703637447826,1.3334027961775519E-5,1.4744236633881764,299.86665780203674,0.3296349982396814,"{""type"":""Point"",""coordinates"":[82.7308414172588,19.37466836937641]}"
180,313.59412405771394,2025-03-15,284.9922563916161,313,0,40,0.13263621353880023,1.7953387931868292E-5,2.016780961381143,301.98339771089104,0.514892121890981,"{""type"":""Point"",""coordinates"":[80.34842504960393,17.8070226689989]}"
181,143.91553944683275,2025-03-15,280.1075953983125,424,0,40,0.33204633204633205,2.6268235878035284E-5,3.438881439364643,297.80930800665,1.097680423409893,"{""type"":""Point"",""coordinates"":[81.65639515026068,23.8303766155289]}"
182,155.47378089145596,2025-03-15,280.98218849727084,411,0,20,0.23516642547033284,1.3334027961775519E-5,3.5635670147310448,301.35845002673926,0.6735799902101605,"{""type"":""Point"",""coordinates"":[82.5162932079706,20.06990788615569]}"
183,90.0,2025-03-15,279.8681573867797,340,1,40,0.29959032641733846,1.3334027961775519E-5,1.003270263463007,300.2914799281529,1.2439735895494644,"{""type"":""Point"",""coordinates"":[82.99636128313921,22.426200834276784]}"
184,289.02107504909384,2025-03-15,278.4879606791905,879,0,10,0.5577060931899641,2.4215625925450013E-4,4.260825435567123,296.64896574474517,1.3080210272149413,"{""type"":""Point"",""coordinates"":[80.98092976458737,23.175235751441036]}"
185,90.0,2025-03-15,281.0763977141607,316,0,40,0.30548387096774193,1.3334027961775519E-5,2.9734033040846533,300.04629298618863,0.877775153973153,"{""type"":""Point"",""coordinates"":[82.844947456464,20.780145086292723]}"
186,28.384704788117002,2025-03-15,277.0923598607381,705,0,40,0.20609542842867848,1.799886147537677E-4,1.0541169648953777,298.6135014125279,1.654649965436269,"{""type"":""Point"",""coordinates"":[80.95316430418,22.28288002348016]}"
187,120.34803138801858,2025-03-15,282.2850856326876,234,0,10,0.33867506080984405,1.3334027961775519E-5,4.5794794416428335,301.6062353224981,0.3896289562499341,"{""type"":""Point"",""coordinates"":[83.15190084554929,20.485130171621183]}"
188,107.41917313126791,2025-03-15,283.2689258484613,518,1,40,0.27201112140871175,2.579139871983216E-5,1.5487452129174515,297.6765536353701,0.447207845446382,"{""type"":""Point"",""coordinates"":[83.99946036425831,19.7386540260917]}"
189,199.45099650899803,2025-03-15,282.0116306940714,492,0,40,0.373252365485101,1.3334027961775519E-5,1.4751189998624321,299.6134955996559,0.37693480418494546,"{""type"":""Point"",""coordinates"":[81.56726283051927,19.28790456498654]}"
190,270.0,2025-03-15,284.23575760069343,577,0,10,0.5048186437708078,1.3334027961775519E-5,2.9310018714748356,301.37600490025113,0.6469556952393367,"{""type"":""Point"",""coordinates"":[81.3995587796012,18.46876644106843]}"
192,172.46708639315148,2025-03-15,281.5367655527024,595,0,10,0.2535700501736781,1.3334027961775519E-5,3.736952583652613,300.45318821498324,0.5120395833418759,"{""type"":""Point"",""coordinates"":[81.97979969124344,19.043344425263875]}"
193,-0.0,2025-03-15,279.6110656829107,457,0,40,0.3474524248004911,4.128860636143372E-5,0.463735342881014,299.1288473946707,1.4543624296219881,"{""type"":""Point"",""coordinates"":[80.41125475879481,22.62438452415562]}"
194,342.6800739199146,2025-03-15,279.6869643529256,570,0,10,0.40566645202833224,3.3510200218245245E-5,3.396417706996944,297.46068681989397,1.2179525352109024,"{""type"":""Point"",""coordinates"":[81.74040719294908,23.623438002826607]}"
195,256.826669320564,2025-03-15,279.6996945426578,401,0,10,0.3716703227828267,1.3334027961775519E-5,2.0340296727316223,301.3902057466053,0.8016309126006961,"{""type"":""Point"",""coordinates"":[82.25759650291076,20.572548886152862]}"
196,332.2179296853123,2025-03-15,285.3405753090268,181,0,10,0.42697674418604653,1.3334027961775519E-5,2.0957366372136432,303.36864580426897,0.4972937276162389,"{""type"":""Point"",""coordinates"":[80.97981559723003,18.367091206358293]}"
197,19.777441967060913,2025-03-15,278.01742031460714,606,0,10,0.5317549793310785,1.3334027961775519E-5,2.9542667419414363,298.94575355166484,1.1943352044313005,"{""type"":""Point"",""coordinates"":[80.37076943994961,22.026266449251757]}"
198,290.4330152344304,2025-03-15,281.4782357442947,327,0,10,0.3394495412844037,1.3334027961775519E-5,2.65481245739051,300.597638084775,0.9116203736153667,"{""type"":""Point"",""coordinates"":[82.45994708805199,21.348771379119526]}"
199,-0.0,2025-03-15,279.30066994258334,519,0,40,0.26628375901258705,6.715702219395325E-5,1.3909630807829783,297.615233648391,1.6887017566818368,"{""type"":""Point"",""coordinates"":[83.78901661621131,22.847589815665565]}"
200,-0.0,2025-03-15,281.73042138417566,358,0,30,0.27043829654958035,1.3334027961775519E-5,0.9274099368670311,300.77020481654574,0.824451358725561,"{""type"":""Point"",""coordinates"":[81.60668844678544,20.616669999594624]}"
201,47.01099833689417,2025-03-15,281.71717966170536,292,0,40,0.1700202565833896,1.3334027961775519E-5,2.0394991955328243,300.48866417294454,0.6697472991980575,"{""type"":""Point"",""coordinates"":[81.68181102353795,21.226416218252222]}"
202,148.07683985750634,2025-03-15,280.4719287781489,436,0,30,0.2643081546236853,6.139998356857745E-4,3.8190030633959733,297.41259111676897,1.3484198356203907,"{""type"":""Point"",""coordinates"":[82.82959169997075,23.47816527985599]}"
203,199.6211623353258,2025-03-15,281.4455209005447,307,0,40,0.47558386411889597,1.3334027961775519E-5,1.4766736436740222,300.6457744780041,0.6838545360808336,"{""type"":""Point"",""coordinates"":[81.85420416690245,20.769121399400746]}"
204,176.31434463137677,2025-03-15,281.78233614422027,777,0,10,0.6369207200306396,1.3423434928938605E-5,14.98410029030099,300.2968568347749,0.25423970038182137,"{""type"":""Point"",""coordinates"":[83.25991776559749,19.803551879680644]}"
205,270.0,2025-03-15,283.65558065686906,612,0,10,0.3165857836140451,1.3334027961775519E-5,1.4689854558601332,298.8885955810547,0.48362139193775455,"{""type"":""Point"",""coordinates"":[82.41350476316352,18.761603485526315]}"
206,337.1493560378501,2025-03-15,284.2682399295625,124,0,10,0.43722943722943725,1.3483039573713995E-5,2.514582171581581,303.1250515892392,0.5204273560326955,"{""type"":""Point"",""coordinates"":[80.24841646647938,18.338701077114393]}"
207,270.0,2025-03-15,280.5317490441459,402,0,30,0.35778443113772457,2.635764284519837E-5,2.0125960163933083,297.8590661911738,1.4742657863128839,"{""type"":""Point"",""coordinates"":[82.5836101069359,22.882616720761604]}"
208,245.10062383719412,2025-03-15,282.16228871118454,207,1,50,0.34369794558578565,1.3334027961775519E-5,1.1013296615857602,300.54354931059333,0.8486906993815443,"{""type"":""Point"",""coordinates"":[84.04104762515838,21.822051891816088]}"
209,28.61026765860936,2025-03-15,280.0372189567202,491,0,10,0.34770039421813403,1.2330459757237122E-4,1.056371823629568,297.6053459530785,1.1375892343837117,"{""type"":""Point"",""coordinates"":[80.93303794627647,23.555186257195643]}"
210,287.07171343497765,2025-03-15,279.7335952123006,522,0,30,0.3000914913083257,2.6447049812361456E-5,1.5792843720954726,297.59266807919454,1.277609742384807,"{""type"":""Point"",""coordinates"":[82.8098482869396,22.882800485355922]}"
211,-0.0,2025-03-15,277.9137477420625,593,0,10,0.593266253869969,1.2512253923802064E-4,8.289099835320444,298.62883576892676,1.5382172324809171,"{""type"":""Point"",""coordinates"":[81.81275409265545,22.598098432253927]}"
212,312.79119947501454,2025-03-15,279.8365993045625,299,0,40,0.5110095554632322,1.3334027961775519E-5,0.6826203542209658,300.39431544712613,1.145512674286138,"{""type"":""Point"",""coordinates"":[83.53368157278787,22.22221537980749]}"
213,-0.0,2025-03-15,280.111629531497,594,0,40,0.3094235166686725,1.3334027961775519E-5,1.8543341688414132,299.8975822812035,0.5084427282169982,"{""type"":""Point"",""coordinates"":[82.3228400981219,19.572337384179907]}"
214,353.83973987857274,2025-03-15,279.82785093216665,259,1,10,0.3585427715010376,1.3334027961775519E-5,4.65412508917572,300.68931870233445,1.0952805437281574,"{""type"":""Point"",""coordinates"":[83.46590021316737,22.104280310640643]}"
215,116.21831328060682,2025-03-15,280.34655675433936,585,0,10,0.4302013422818792,6.927298708347962E-5,7.30794365073413,297.20818147205176,1.2784135215984633,"{""type"":""Point"",""coordinates"":[82.16562147824311,23.85583893184035]}"
217,93.7740289637519,2025-03-15,279.3564677011399,527,0,10,0.3715245951726245,5.934881372837708E-5,7.01029700384696,299.01780991327195,1.3629229384972465,"{""type"":""Point"",""coordinates"":[80.50314754362891,22.556306317732904]}"
218,331.4235760902913,2025-03-15,279.9246468771072,455,0,40,0.31448040885860307,1.5301751299290345E-4,3.1652304341702426,298.0747993105934,0.9201339522659815,"{""type"":""Point"",""coordinates"":[80.52861078991575,23.36975976594335]}"
219,301.93964956799573,2025-03-15,281.03607382093156,365,0,30,0.19951573849878934,1.3334027961775519E-5,1.752658917088014,300.86578587123324,0.8315036543417961,"{""type"":""Point"",""coordinates"":[81.0608237358557,20.754350148006115]}"
220,42.848312784084264,2025-03-15,279.32630470820834,358,0,10,0.34794445956983394,1.3334027961775519E-5,4.418945237363746,299.5427761986142,1.1985649728600816,"{""type"":""Point"",""coordinates"":[84.26762649983097,22.472022376465794]}"
221,208.5150552928287,2025-03-15,279.40060483841665,562,0,40,0.3873035826524199,7.32366959610431E-5,1.0554168547684883,297.7144593738374,1.193579313235873,"{""type"":""Point"",""coordinates"":[83.08434724543375,23.028435442746115]}"
222,244.5954672551287,2025-03-15,289.213424546378,120,0,10,0.5437262357414449,1.1993693514256165E-4,3.2394691536588414,298.52108837309333,0.3728141824607714,"{""type"":""Point"",""coordinates"":[83.11248948044569,18.219897994360817]}"
223,326.76311217905226,2025-03-15,280.4397661572411,462,0,30,0.3798076923076923,1.0765837831883118E-4,2.7700720793891707,297.48274666922435,1.0875587442031907,"{""type"":""Point"",""coordinates"":[80.91686853167623,23.70805331171168]}"
224,227.0737180740152,2025-03-15,282.31135400136316,264,0,40,0.16530955150575158,1.3334027961775519E-5,0.6808883273878257,300.2895849318732,0.5768470750993187,"{""type"":""Point"",""coordinates"":[82.1632288360248,21.547809668056203]}"
225,258.30526983745193,2025-03-15,280.8155973979405,591,0,10,0.26053639846743293,1.3334027961775519E-5,4.566054672364529,299.9457709902809,1.0277798923855344,"{""type"":""Point"",""coordinates"":[80.77780713858371,21.33416058914573]}"
226,-0.0,2025-03-15,283.7480111349197,188,0,30,-0.1165644171779141,1.3334027961775519E-5,0.0,300.8002166748047,0.9900982831361568,"{""type"":""Point"",""coordinates"":[83.71470639153056,21.670513500427266]}"
227,28.222391438757356,2025-03-15,281.55828480493454,279,0,10,0.2799770510613884,1.3334027961775519E-5,2.104310951097506,300.5683935256231,0.804463538936706,"{""type"":""Point"",""coordinates"":[81.25314765974181,21.31113208421119]}"
228,139.0720765711727,2025-03-15,278.33876169295536,577,0,40,0.18717413972888425,1.1993693514256165E-4,3.066060190679956,298.1641489664714,1.384513310745488,"{""type"":""Point"",""coordinates"":[80.78256853353558,22.68553086877844]}"
229,109.44987060170315,2025-03-15,285.81639376140777,391,0,10,0.5603809523809524,1.4883748725935675E-5,24.789299248333514,299.0503794352214,0.07519208307148258,"{""type"":""Point"",""coordinates"":[83.08168505564264,18.57833671578161]}"
230,-0.0,2025-03-15,287.0846636181786,265,0,80,-0.16270566727605118,9.065692345657794E-4,0.0,297.91463143484935,1.5291019862287978,"{""type"":""Point"",""coordinates"":[82.84118287519505,24.06833144989536]}"
231,160.37349937094456,2025-03-15,281.9391325541905,151,0,10,0.365111821086262,1.3334027961775519E-5,1.4767226783142609,301.56205168224517,0.6034831720568673,"{""type"":""Point"",""coordinates"":[83.5431326838076,20.81386946154718]}"
232,180.0,2025-03-15,282.00674788157147,225,0,40,0.15767284991568298,1.3334027961775519E-5,1.3909630807829783,300.87259855724517,1.1171697270836214,"{""type"":""Point"",""coordinates"":[83.45443351314373,21.731183809145072]}"
233,96.23446740755469,2025-03-15,278.2390302476429,367,0,10,0.4019746121297602,1.3334027961775519E-5,8.478211462235272,299.5185307094029,1.1062022592784246,"{""type"":""Point"",""coordinates"":[80.49397747253083,21.787145266621348]}"
234,180.0,2025-03-15,279.9836475281488,353,1,30,0.27547075695223844,1.3334027961775519E-5,2.7802885155465065,299.75108628045945,1.2293568865039497,"{""type"":""Point"",""coordinates"":[83.87910872980858,22.328476811758158]}"
235,-0.0,2025-03-15,282.0381373905,255,0,40,0.21568627450980393,1.3334027961775519E-5,0.0,300.0091254824684,0.5427336526928137,"{""type"":""Point"",""coordinates"":[82.13869833345106,21.650704681924488]}"
236,102.95252164808375,2025-03-15,278.13028303782147,868,0,10,0.39902506963788303,1.2366222544102357E-4,2.068067695120388,295.50060381208147,1.80725077720704,"{""type"":""Point"",""coordinates"":[83.84498519356494,23.076560716573344]}"
237,207.89240751751237,2025-03-15,283.1868945984613,182,0,10,0.3658165207460982,1.3334027961775519E-5,1.0492851964570324,302.5091777983166,0.3798237440513656,"{""type"":""Point"",""coordinates"":[80.36163955386384,19.154220905961992]}"
238,24.174758188266498,2025-03-15,281.4800842375982,668,0,30,0.33169382108822626,1.3334027961775519E-5,16.318676854220357,299.4606635684059,0.5161823359500487,"{""type"":""Point"",""coordinates"":[81.67233366278307,19.074420817708546]}"
239,344.79052986609025,2025-03-15,279.20567598797027,470,0,10,0.5880161943319838,2.18791238502547E-4,5.747586360330515,296.9625585646857,1.8940439662639004,"{""type"":""Point"",""coordinates"":[82.13464018487468,23.13896738847576]}"
240,35.58415650983635,2025-03-15,281.1425365720476,326,0,40,0.41631983856728466,1.3334027961775519E-5,1.7101791775625064,300.6780417306082,0.8875308395696246,"{""type"":""Point"",""coordinates"":[82.43595482738552,21.293054658435977]}"
241,294.462484109314,2025-03-15,280.92750681014286,493,0,10,0.5726433870092275,1.3334027961775519E-5,15.303885412587837,300.8590545654297,0.2808620583985963,"{""type"":""Point"",""coordinates"":[80.79779119892842,19.546492312306302]}"
242,200.94972115177228,2025-03-15,278.4525661014375,598,0,30,0.15221378045585537,1.1096643610386536E-4,8.381416182097691,297.86584981282556,1.3784196072930333,"{""type"":""Point"",""coordinates"":[80.83415829688757,22.80095358401696]}"
243,312.5235654642776,2025-03-15,280.33569249652675,399,0,40,0.8198979591836735,4.6802036003157355E-5,0.6860894208217999,298.16939217703685,0.8601117319638736,"{""type"":""Point"",""coordinates"":[80.28016106909662,23.49609465225219]}"
244,308.34974678378404,2025-03-15,292.2667285828364,98,0,10,0.33105413105413106,1.9026271537825323E-5,3.7318229743938045,301.0195014590309,0.9092799857514791,"{""type"":""Point"",""coordinates"":[83.54682406138855,18.305633522653448]}"
245,122.3853394390492,2025-03-15,279.8932689939227,483,0,10,0.5028450658429524,6.891535921482728E-5,7.744910945511769,297.08093770345056,1.3674017414609405,"{""type"":""Point"",""coordinates"":[84.30534394641037,23.630004848738203]}"
246,-0.0,2025-03-15,283.7480111349197,188,0,30,-0.1423948220064725,1.3334027961775519E-5,0.0,300.8002166748047,0.9900982831361568,"{""type"":""Point"",""coordinates"":[83.694480294288,21.667859303184503]}"
247,14.974944911885439,2025-03-15,279.87478987375897,398,0,10,0.38189533239038187,1.3334027961775519E-5,1.9194753260341266,301.6507386707124,0.692115060822324,"{""type"":""Point"",""coordinates"":[80.40032948569097,20.828531638844062]}"
249,64.8130444573999,2025-03-15,279.7558643250238,664,0,10,0.5816563467492261,1.3334027961775519E-5,8.651216908576101,300.5890117826916,0.3457995140617983,"{""type"":""Point"",""coordinates"":[80.85492207092493,19.852310177232415]}"
250,46.86497080308862,2025-03-15,282.73814669109527,152,0,40,0.40072786089769513,1.3334027961775519E-5,0.6782363762358787,301.6925215948196,0.44514902566682074,"{""type"":""Point"",""coordinates"":[83.5265085797295,20.45781811983729]}"
251,-0.0,2025-03-15,279.65780698685415,325,0,40,0.27028676021964615,9.207176371006653E-5,0.0,300.4938260033017,1.305627548375947,"{""type"":""Point"",""coordinates"":[81.2655003860479,21.941950203684613]}"
252,180.0,2025-03-15,284.0969229652768,154,0,10,0.40437252539163365,1.3334027961775519E-5,0.463735342881014,302.3650650751023,0.4785693167184318,"{""type"":""Point"",""coordinates"":[80.38965373583248,18.909669793021255]}"
253,203.5309974843725,2025-03-15,279.4969531922113,551,0,40,0.33579335793357934,1.723592202225177E-4,2.5273903527712553,297.3948502313523,0.9731171474513605,"{""type"":""Point"",""coordinates"":[82.96305475500283,23.280982079242534]}"
254,15.202210934359751,2025-03-15,279.8414530527024,466,0,30,0.15866523143164693,7.115053339390442E-5,3.838742475573917,297.3284032912481,1.716164003447329,"{""type"":""Point"",""coordinates"":[82.44338746307392,23.0714889952715]}"
255,47.56939181926718,2025-03-15,280.5100147156488,388,0,40,0.6479447756510825,1.9250559015659974E-4,0.6873061142607041,297.9141954694475,1.1183844326531143,"{""type"":""Point"",""coordinates"":[80.43085832789832,23.920901964888387]}"
256,151.78851505598317,2025-03-15,281.2653393064226,286,0,30,0.2198233562315996,1.3334027961775519E-5,3.154373100341844,300.6671309698196,0.9908606014081939,"{""type"":""Point"",""coordinates"":[82.51390662112462,21.244223462739445]}"
257,313.3142926234381,2025-03-15,285.28815482911614,442,1,40,0.43464788732394366,1.670169039158509E-5,1.3517769817872585,299.136235555013,0.13716278013014702,"{""type"":""Point"",""coordinates"":[83.5909028107921,19.468669643200815]}"
258,-0.0,2025-03-15,286.98678647904165,165,0,30,0.4504384799362211,1.5897027687117316E-5,1.390963080774087,300.5311620803106,0.162901609697617,"{""type"":""Point"",""coordinates"":[83.2124371825848,18.716615091305883]}"
259,111.84369997375715,2025-03-15,280.01922811780656,376,0,40,0.24497393894266567,1.3334027961775519E-5,3.7338253930625425,301.27053033737906,0.6419684910881892,"{""type"":""Point"",""coordinates"":[80.48518801360531,20.71865133729741]}"
260,-0.0,2025-03-15,281.9152823402768,317,0,40,0.2520725152591783,1.3334027961775519E-5,0.9274099368611016,300.81171453566776,0.776203581894074,"{""type"":""Point"",""coordinates"":[81.70336194012702,20.82325060925503]}"
261,201.89057010488892,2025-03-15,279.68636562710714,362,0,30,0.18925014095094908,1.3334027961775519E-5,3.991775764541702,301.47585260300406,0.9503414384377884,"{""type"":""Point"",""coordinates"":[80.6132112349452,21.046801434493904]}"
262,340.09880622292235,2025-03-15,279.40060483841665,600,0,30,0.33260393873085337,7.32366959610431E-5,7.357275833895607,297.7144593738374,1.193579313235873,"{""type"":""Point"",""coordinates"":[83.0690748439492,22.962042712982466]}"
263,294.8891660915036,2025-03-15,280.79704852331247,286,1,10,0.4686153846153846,1.3334027961775519E-5,2.202690922774062,300.6456407819475,0.7356646001092104,"{""type"":""Point"",""coordinates"":[84.33706744796329,21.88885719630644]}"
264,56.486648944123786,2025-03-15,281.5486645017351,568,0,10,0.3755615453728661,1.3334027961775519E-5,5.858924660560934,300.5357775006975,0.34469459633988453,"{""type"":""Point"",""coordinates"":[82.0352717129401,18.909607639554835]}"
265,121.44794362050621,2025-03-15,279.87701039087204,608,0,10,0.3395744680851064,2.6167678041844056E-4,1.7771734643743575,296.89351327078685,1.1044862568626326,"{""type"":""Point"",""coordinates"":[83.001567610147,23.461799234231822]}"
266,208.14250080888925,2025-03-15,281.3728890646072,308,0,40,0.4899415963659961,1.3334027961775519E-5,2.1027408259645095,300.95409502301897,0.8453006365846034,"{""type"":""Point"",""coordinates"":[81.20907261509367,20.812731650508546]}"
267,249.20561520127848,2025-03-15,284.40845802852084,503,0,30,0.19799417664186347,1.3423434928938605E-5,2.610729269727398,302.04614185151604,0.5386124847551754,"{""type"":""Point"",""coordinates"":[80.70879986612618,18.308141558296363]}"
268,3.6865431118958405,2025-03-15,281.145553452628,365,0,10,0.567814476458187,2.8861037925764776E-5,7.850520394305141,297.471684773763,1.1435882551448993,"{""type"":""Point"",""coordinates"":[81.33618619823434,24.08184536263382]}"
269,270.0,2025-03-15,284.3974135716756,166,0,30,0.381389252948886,1.3334027961775519E-5,0.9962554132979244,301.23939659481954,0.6587947996047909,"{""type"":""Point"",""coordinates"":[83.90562792031135,21.427119103570487]}"
270,180.0,2025-03-15,279.74966780344647,477,0,30,0.2703180212014134,5.4103604988142706E-5,0.9274099368611016,297.57857186453685,1.1632842707576225,"{""type"":""Point"",""coordinates"":[81.50942153647993,23.680673346541354]}"
271,278.9069011848247,2025-03-15,281.1523080099197,316,0,40,0.3942341090656478,1.3334027961775519E-5,2.9924792688323816,301.9337732224238,0.4034211443635869,"{""type"":""Point"",""coordinates"":[80.39473572567202,19.895149644783064]}"
272,203.09424868524934,2025-03-15,280.8205092748006,347,0,10,0.2760416666666667,1.3334027961775519E-5,2.519112532056442,301.14935520717074,0.5583465978673957,"{""type"":""Point"",""coordinates"":[80.7771814370493,20.27368954060527]}"
273,180.0,2025-03-15,282.8395580564226,116,0,40,0.6812688821752266,1.3334027961775519E-5,0.9274099368611016,301.624493553525,0.4939475691039055,"{""type"":""Point"",""coordinates"":[83.85956300813969,20.80804200405127]}"
274,144.01240086912517,2025-03-15,279.44334688640777,527,0,40,0.22400919012062034,2.5741504831700013E-4,3.434664744341478,297.6646779378255,1.1205218923214109,"{""type"":""Point"",""coordinates"":[80.79783256886604,23.364057756649622]}"
275,284.4693065679195,2025-03-15,278.91436390649704,881,0,10,0.6148214552517556,1.3334027961775519E-5,12.776032595744676,297.78841073172435,1.647040530301702,"{""type"":""Point"",""coordinates"":[84.04878993627995,22.840026816526855]}"
276,207.83868560857582,2025-03-15,282.35944389161614,911,0,50,0.08413793103448276,1.3334027961775519E-5,5.229839174640648,296.93902805873324,0.2683127685611005,"{""type"":""Point"",""coordinates"":[82.91390894775357,18.776212529333165]}"
277,344.78052741935926,2025-03-15,279.4337556475685,556,0,40,0.1952641492510539,7.553147478489564E-5,1.9216848780923135,297.3704012916201,1.7428745258462037,"{""type"":""Point"",""coordinates"":[82.43575942674526,23.23154919847659]}"
278,270.0,2025-03-15,281.1298412595476,217,0,40,0.5098502758077226,1.3334027961775519E-5,1.997774447512168,300.7927006312779,1.136529588693653,"{""type"":""Point"",""coordinates"":[83.48308161405592,21.852217259309203]}"
279,69.86096659465913,2025-03-15,279.6268766948155,512,0,40,0.25486473659231135,5.526589556126282E-5,5.371904223091336,297.52076285226,1.3222859062295726,"{""type"":""Point"",""coordinates"":[81.50630051070378,23.53698857874559]}"
280,312.92223205156733,2025-03-15,282.0780834470476,245,0,30,0.15004214667041305,1.3334027961775519E-5,1.3616878399555172,300.21325029645647,1.139843477616813,"{""type"":""Point"",""coordinates"":[82.99923018371403,21.568540101358234]}"
281,290.0837685653532,2025-03-15,282.4518162409464,846,0,10,0.6900138696255201,1.732753916172669E-5,9.368937802337765,297.83802940731954,0.6361434205598292,"{""type"":""Point"",""coordinates"":[84.20878627468191,19.918255247880044]}"
282,289.2142150191375,2025-03-15,280.801559312003,279,0,40,0.3726421685063574,1.3334027961775519E-5,4.219739164983809,300.76086934407556,0.8813087137693852,"{""type"":""Point"",""coordinates"":[81.56783712369159,21.66239164034388]}"
283,113.87591934063474,2025-03-15,281.78233614422027,573,0,10,0.6351401869158878,1.3423434928938605E-5,9.088884861675611,300.2968568347749,0.25423970038182137,"{""type"":""Point"",""coordinates"":[83.2611295080223,19.847116481726818]}"
284,270.0,2025-03-15,282.17425160180954,313,1,10,0.3023952095808383,1.3334027961775519E-5,8.902498234103389,300.0657312302363,0.9223220256965844,"{""type"":""Point"",""coordinates"":[82.69832152531401,21.551252942369793]}"
285,207.97550151783335,2025-03-15,279.6473554429554,629,0,40,0.48875706994068147,1.3334027961775519E-5,1.0500922013450644,300.24470955984935,0.7152891315473829,"{""type"":""Point"",""coordinates"":[81.89468410393424,19.723271099359316]}"
286,-0.0,2025-03-15,281.5011733373006,566,0,10,0.4761662425784563,1.3334027961775519E-5,0.9274099368611016,300.57140459333147,0.1493616896613502,"{""type"":""Point"",""coordinates"":[82.16103252670023,19.00745197461205]}"
287,338.85608731753234,2025-03-15,281.8248514902024,696,0,10,0.7546264564770391,1.3840667442366339E-5,15.980544386004635,299.01354326520647,0.19085291653353995,"{""type"":""Point"",""coordinates"":[83.59039967765179,19.90828943704095]}"
288,270.0,2025-03-15,290.43570295969647,64,0,40,0.3814980098902424,2.382444544224427E-5,0.9795784221277958,300.17276945568267,0.3546055360585239,"{""type"":""Point"",""coordinates"":[83.89468070624166,18.785292679842975]}"
289,252.7330766938639,2025-03-15,279.99623820895243,426,0,10,0.30220217564340673,1.3334027961775519E-5,1.5619732088998186,301.1464080810547,1.0618933039847605,"{""type"":""Point"",""coordinates"":[80.54687798649194,21.17247931958475]}"
290,126.91895213929773,2025-03-15,286.68707479749406,290,0,10,0.4034175334323923,1.6016236976668097E-5,19.991875897448832,299.8543577648344,0.17081282600986328,"{""type"":""Point"",""coordinates"":[83.25363042895626,18.891821745950292]}"
291,90.0,2025-03-15,279.6605564753214,458,0,10,0.5028315946348734,2.2215120033308722E-5,2.025507062535426,297.70220002673926,1.1385043912296173,"{""type"":""Point"",""coordinates"":[81.64804525063548,23.7326130401503]}"
292,72.9513470164328,2025-03-15,279.20567598797027,497,0,30,0.3185635679119606,2.18791238502547E-4,3.1603063655990513,296.9625585646857,1.8940439662639004,"{""type"":""Point"",""coordinates"":[82.10017528050545,23.07733071092657]}"
293,339.8670553660074,2025-03-15,282.3027335121518,663,0,10,0.5926299121923132,1.3334027961775519E-5,24.145409916585418,298.55115836007246,0.19403698153903046,"{""type"":""Point"",""coordinates"":[82.83824340003667,19.22577609744042]}"
294,137.22999794827504,2025-03-15,285.7418959935506,229,0,10,0.44330453563714906,1.6135446266218878E-5,5.040811743692536,299.03978838239397,0.08046665817839416,"{""type"":""Point"",""coordinates"":[83.24815853148436,18.931306106019402]}"
295,196.79565740031762,2025-03-15,282.98959990910123,456,0,10,0.5132242776333894,1.3334027961775519E-5,6.750328921588722,300.820800054641,0.2800741833313243,"{""type"":""Point"",""coordinates"":[81.1385537617709,18.810707566397635]}"
296,-0.0,2025-03-15,279.68636562710714,359,0,40,0.35297079556898286,1.3334027961775519E-5,0.0,301.47585260300406,0.9503414384377884,"{""type"":""Point"",""coordinates"":[80.62327240295038,21.022333561296175]}"
297,301.5853316941686,2025-03-15,278.8280195054554,593,0,30,0.23833543505674654,1.05035773948714E-4,5.297271040229791,298.5743517194475,1.359076391974722,"{""type"":""Point"",""coordinates"":[80.7271969255004,22.73816188080475]}"
298,68.15760660626594,2025-03-15,280.5993701843988,349,0,10,0.2981515450825455,1.3334027961775519E-5,3.734037216867682,300.84044756208147,0.8961169391205176,"{""type"":""Point"",""coordinates"":[82.60830398290837,20.7280948505997]}"
299,321.6211937518145,2025-03-15,284.4825488953363,154,0,10,0.3535084802128367,1.3334027961775519E-5,2.364936247284874,302.04088120233445,0.4405940949495664,"{""type"":""Point"",""coordinates"":[80.51697559274386,18.74064450246177]}"
300,133.0179488516914,2025-03-15,280.4373770668393,357,0,40,0.2333965844402277,1.3334027961775519E-5,3.3947819079776234,300.92800685337613,0.9839445264024094,"{""type"":""Point"",""coordinates"":[80.48884024056971,21.076376289954887]}"
301,171.7893555846677,2025-03-15,282.8429818380447,892,0,30,0.5264735264735265,1.3334027961775519E-5,10.19895675124648,298.1365494501023,0.15162917381181978,"{""type"":""Point"",""coordinates"":[82.82824387863245,19.08163782311245]}"
302,249.79321826548212,2025-03-15,279.8126967748006,494,0,10,0.35958683021304066,1.519744317093341E-4,2.683230726756589,297.55562264578674,1.755699650093743,"{""type"":""Point"",""coordinates"":[81.77580114624597,23.05086942892375]}"
303,265.9791408027953,2025-03-15,281.641158921378,324,0,10,0.3073558648111332,1.3334027961775519E-5,19.100402931363966,301.75927661714104,0.5325937364274338,"{""type"":""Point"",""coordinates"":[80.30386213693109,20.407278854743605]}"
304,180.0,2025-03-15,280.2635547547114,364,0,10,0.3494397759103641,1.3334027961775519E-5,0.4637353428839794,301.64761134556363,0.5412285340995924,"{""type"":""Point"",""coordinates"":[80.72217116106829,20.2336234496538]}"
305,238.08291868987857,2025-03-15,281.722951843625,172,0,40,0.28465039304923456,1.3334027961775519E-5,1.7537664550977197,301.6192445300874,0.6743066008285297,"{""type"":""Point"",""coordinates"":[83.62809567408479,20.885995087688958]}"
306,297.94299389635495,2025-03-15,277.9994120370774,674,0,10,0.5232597623089983,2.2811936540989564E-4,14.525431732395788,296.7821153913225,1.3254020511489109,"{""type"":""Point"",""coordinates"":[81.14895349263823,23.158842097053785]}"
307,98.99264883592616,2025-03-15,284.76397328149704,128,0,10,0.3967503692762186,1.3423434928938605E-5,2.964227128179443,302.40767342703685,0.6099121825084509,"{""type"":""Point"",""coordinates"":[80.826796743438,18.28328857489566]}"
308,290.4499412890816,2025-03-15,281.17897746676493,263,0,10,0.32150837988826814,1.3334027961775519E-5,2.652712115316518,301.1588999430339,1.089488992768237,"{""type"":""Point"",""coordinates"":[83.25041841654652,21.216080656549916]}"
309,350.0550737002052,2025-03-15,293.9040344329108,17,0,10,0.26304930885083555,2.42714802780597E-5,2.822633759283493,300.38839794340583,1.5004103649981813,"{""type"":""Point"",""coordinates"":[83.52386399124518,18.092477451709392]}"
310,226.96054018716552,2025-03-15,283.4961626416161,126,0,30,0.18656974731741086,1.3334027961775519E-5,1.3587025861090596,301.1419961111886,0.4834355967255558,"{""type"":""Point"",""coordinates"":[84.10138624609017,20.9645839495073]}"
311,327.9810049502654,2025-03-15,281.0494027364822,406,0,30,0.20231675654084283,2.6983491615339972E-5,3.8229803798936968,296.79125322614397,1.2726064303445936,"{""type"":""Point"",""coordinates"":[82.23859936969751,23.963848238430742]}"
312,313.16878221447155,2025-03-15,279.3080755415417,445,0,30,0.313104891446508,1.3334027961775519E-5,0.6778103560502751,301.0083988734654,0.7084928677625307,"{""type"":""Point"",""coordinates"":[82.07667936400709,20.275706335079366]}"
313,104.95234105253697,2025-03-15,280.0248666036697,426,0,10,0.2972665148063781,1.3334027961775519E-5,3.5900048025322047,301.0806121826172,0.7329119248089803,"{""type"":""Point"",""coordinates"":[80.4684541704299,20.819773402911398]}"
314,144.21277386770166,2025-03-15,280.35662464868454,348,0,40,0.20778072502210435,4.9335233406111456E-5,1.7145353038854745,299.33046104794454,1.1912857845133678,"{""type"":""Point"",""coordinates"":[81.98419938073526,22.363131987943774]}"
315,245.03835350809948,2025-03-15,280.8896301360358,400,0,10,0.683387807304249,1.3334027961775519E-5,16.049972129492364,300.90787687755767,0.7004195871942069,"{""type"":""Point"",""coordinates"":[84.32996005585977,21.410813913741592]}"
316,69.88577591002877,2025-03-15,280.52866822197325,455,0,30,0.3068132503978012,3.9343284769444153E-4,2.695045522846573,297.5577559698196,1.3536201094988027,"{""type"":""Point"",""coordinates"":[83.72901444052268,23.712482388504277]}"
317,245.03877025897782,2025-03-15,281.74282605307445,276,0,40,0.4164910802078944,1.3334027961775519E-5,2.196743304976887,300.2606717064267,0.9606667747319112,"{""type"":""Point"",""coordinates"":[82.70132125825384,21.4136227835535]}"
318,130.27388749287394,2025-03-15,283.7724949518839,1127,0,30,0.2466466782389143,5.529050747909992E-4,22.449530395860787,296.27033851260234,0.1644251998565264,"{""type"":""Point"",""coordinates"":[82.7254244232913,18.198859863516354]}"
319,327.610059069544,2025-03-15,284.40737102145243,247,0,10,0.5581002440397973,1.3334027961775519E-5,5.475142083402876,302.6495005289713,0.47752672549322184,"{""type"":""Point"",""coordinates"":[80.34706424642879,18.947565985915737]}"
320,123.373897102307,2025-03-15,287.501022202628,791,0,10,0.7180739706908583,3.590928717045472E-5,18.696324546065295,298.7594858805338,0.2758720675977733,"{""type"":""Point"",""coordinates"":[83.95323963084155,19.068775262082053]}"
321,242.36149412003033,2025-03-15,280.2164472398304,681,0,10,0.4721655951074173,1.3334027961775519E-5,9.89722217235831,300.3527534121559,0.6514211279101585,"{""type"":""Point"",""coordinates"":[81.24281154213543,19.514331200642395]}"
322,302.20077646715515,2025-03-15,283.0293541408721,217,0,10,0.36148148148148146,1.3334027961775519E-5,1.7399645885983086,302.5151999337333,0.3409927323575567,"{""type"":""Point"",""coordinates"":[80.54922485838159,19.156413532158425]}"
323,270.0,2025-03-15,282.04315389905656,257,0,10,0.22800925925925927,1.3334027961775519E-5,1.5001348168071016,300.028331211635,1.0225332651619559,"{""type"":""Point"",""coordinates"":[82.68203525446822,21.998029087203932]}"
324,270.0,2025-03-15,279.1283066613333,344,0,10,0.4333226734889671,1.3334027961775519E-5,1.9968989266809873,299.5950397309803,1.0849282265542324,"{""type"":""Point"",""coordinates"":[80.39544689105112,21.789495947800173]}"
325,208.41531926631325,2025-03-15,279.01809460776195,615,0,40,0.37178467250066294,1.3334027961775519E-5,3.1604124259877175,298.1191864013672,1.4263515799470736,"{""type"":""Point"",""coordinates"":[83.58973292198125,22.460733410270112]}"
326,332.0536218974513,2025-03-15,282.3587230954851,244,0,40,0.46503646503646506,1.3334027961775519E-5,1.0498089636313397,299.83587283179867,0.1787403768476047,"{""type"":""Point"",""coordinates"":[82.8661070322215,19.525967161868696]}"
327,-0.0,2025-03-15,285.2676586423601,188,0,80,-0.1223021582733813,1.3334027961775519E-5,0.0,300.9046449207125,0.777464564938862,"{""type"":""Point"",""coordinates"":[83.80799038537218,21.498090117049735]}"
328,180.0,2025-03-15,281.34747518811906,446,0,40,0.24184080770133834,0.0012935225884476154,4.166350197281316,297.1408626011439,1.333630964640365,"{""type"":""Point"",""coordinates"":[82.97886921089035,23.892792300011283]}"
329,199.5103040458816,2025-03-15,280.0610401062738,489,0,10,0.585544889892716,1.3334027961775519E-5,2.9493628843683664,300.49803452264695,0.6341271150096596,"{""type"":""Point"",""coordinates"":[81.284402873301,19.819322133900176]}"
330,90.0,2025-03-15,281.6995550337292,308,0,40,0.2605266081546495,1.3334027961775519E-5,1.4911638752444725,300.39834376743863,0.6989916998844611,"{""type"":""Point"",""coordinates"":[81.72121498403678,21.128357212430622]}"
331,180.0,2025-03-15,281.7400940032232,156,1,40,0.264249886000912,1.3334027961775519E-5,1.8543341688295631,301.6646488734654,0.9000033519614489,"{""type"":""Point"",""coordinates"":[83.39387846934925,21.012273660729974]}"
332,283.11631380785525,2025-03-15,281.38520654042566,297,0,40,0.20932515337423313,1.3334027961775519E-5,2.0427082892229596,300.5670333135696,0.7698466101598791,"{""type"":""Point"",""coordinates"":[81.36502314606264,21.24645221557061]}"
333,64.60121456384589,2025-03-15,285.1522731326875,165,1,40,0.32290021536252694,1.3483039573713995E-5,1.0810752029635877,302.3457605271113,0.7102768268168528,"{""type"":""Point"",""coordinates"":[81.51555551881967,18.26539650385295]}"
334,126.37901176350806,2025-03-15,278.4585882368542,596,0,40,0.26355698529411764,1.3334027961775519E-5,3.1243767732043177,296.0396372477213,1.4382511653041736,"{""type"":""Point"",""coordinates"":[83.15046366706912,22.945825978208298]}"
335,337.3433603472585,2025-03-15,278.78860242026195,693,0,10,0.5596385542168675,4.82690803245589E-4,16.604821921839132,297.2102973574684,1.4452806057288807,"{""type"":""Point"",""coordinates"":[82.4790860394522,23.652686224347654]}"
336,313.5706744476186,2025-03-15,284.58843035925,318,1,10,0.1880920162381597,1.7744771675154425E-5,2.017647734293695,302.24120439801897,0.47530111289180993,"{""type"":""Point"",""coordinates"":[80.20102870464851,17.95258767046502]}"
337,132.7908600205486,2025-03-15,278.9176772435506,541,0,10,0.33108935128518974,1.3334027961775519E-5,2.047099558491102,299.4213685535249,1.2868625842679338,"{""type"":""Point"",""coordinates"":[80.45673382203036,22.22365835872851]}"
338,223.56979376980715,2025-03-15,278.393356187003,829,0,10,0.5588135015342652,2.0639347238926575E-4,5.106906065953743,297.1955210367838,1.2895387507080587,"{""type"":""Point"",""coordinates"":[80.8541499801444,23.10128191886743]}"
339,19.546892508479818,2025-03-15,283.150430452256,211,0,30,0.257691808386343,1.3334027961775519E-5,1.4759931074747352,301.10102117629276,0.4509289227267754,"{""type"":""Point"",""coordinates"":[83.40293247490439,20.138505296689264]}"
340,331.57206379146896,2025-03-15,279.3571419942947,395,0,40,0.2671772921829241,1.3334027961775519E-5,2.10838025665842,298.96508135114397,1.4090621054390702,"{""type"":""Point"",""coordinates"":[84.02587422487869,22.534234536974573]}"
341,156.2660206886538,2025-03-15,279.80905210404177,498,0,40,0.335687263556116,1.3334027961775519E-5,8.548053688926238,300.1990785144624,0.6329069150189024,"{""type"":""Point"",""coordinates"":[84.08235520143242,20.525142824478284]}"
342,270.0,2025-03-15,280.51500215984527,392,0,10,0.3088958426464014,1.3334027961775519E-5,3.46632278679554,300.91044035412017,0.8110300663552031,"{""type"":""Point"",""coordinates"":[82.32707337521461,20.71410344796801]}"
343,126.40928831516494,2025-03-15,283.65292998722623,1078,0,10,0.5248271527341295,1.3334027961775519E-5,20.89783721324501,296.9815608433314,0.09432485282014652,"{""type"":""Point"",""coordinates"":[82.5976207340726,18.516082353930887]}"
344,6.031498675174379,2025-03-15,284.0104390553066,555,0,10,0.21408482393970074,1.3334027961775519E-5,13.721332503248542,300.5684923444475,0.5060026667497718,"{""type"":""Point"",""coordinates"":[81.4843311257997,18.838676612170826]}"
345,354.90692988055895,2025-03-15,280.3225612186251,401,0,30,0.2700845665961945,1.3334027961775519E-5,5.56939649267101,301.00106884184333,0.6728598967466218,"{""type"":""Point"",""coordinates"":[82.06953761797202,20.77083181336885]}"
346,235.26162945091852,2025-03-15,280.55153024764286,348,0,30,0.2929365363929724,1.542019052891419E-5,2.4400177408933703,299.40455191476,1.2789438215034006,"{""type"":""Point"",""coordinates"":[82.3863151221514,22.396949618374776]}"
347,319.3523214945758,2025-03-15,279.30929043179464,696,0,10,0.692500391420072,1.3334027961775519E-5,17.190121565115607,298.3999481201172,1.339510395239782,"{""type"":""Point"",""coordinates"":[82.89155365099025,22.51619909533698]}"
348,287.23542814823406,2025-03-15,280.6380548477172,324,0,40,0.5325945241199479,1.7983190254255987E-5,1.5647392518813408,300.80687822614397,1.0316514257997138,"{""type"":""Point"",""coordinates"":[80.98070328469294,21.457538186382457]}"
349,90.0,2025-03-15,280.50662581125897,358,0,80,-0.24675324675324675,3.6430827812239386E-5,4.006067774874056,299.41131228492367,1.4114332886459147,"{""type"":""Point"",""coordinates"":[81.58911411791507,22.395373206755632]}"
350,313.182171670396,2025-03-15,280.2635547547114,334,0,10,0.36855345911949683,1.3334027961775519E-5,0.6776415717949449,301.64761134556363,0.5412285340995924,"{""type"":""Point"",""coordinates"":[80.7432392652333,20.20291110451109]}"
351,24.244231501986174,2025-03-15,280.67210665203277,375,0,80,0.3735171529336326,1.4049283699080206E-5,8.58149265529549,297.66178312755767,1.1003562451112225,"{""type"":""Point"",""coordinates"":[81.59343865676749,23.88925660810205]}"
352,120.33072906251749,2025-03-15,278.9131025132679,596,0,30,0.19585943884500137,1.4902400179295228E-4,6.401504216067038,298.0962894984654,1.0607955539201883,"{""type"":""Point"",""coordinates"":[80.42574864719751,23.16188343853619]}"
353,-0.0,2025-03-15,281.1202848979405,559,0,40,0.26309318908286206,1.3334027961775519E-5,0.0,300.09041268484935,0.6493917316376066,"{""type"":""Point"",""coordinates"":[81.99307339502434,19.31471702460349]}"
354,180.0,2025-03-15,279.6799598421369,541,0,30,0.19953051643192488,1.5471624536900208E-4,2.7802885155287553,297.3598160516648,1.0602896422779935,"{""type"":""Point"",""coordinates"":[82.97208233812874,23.37196999512786]}"
355,-0.0,2025-03-15,293.8560375486101,35,0,30,0.3490984333431865,2.337741060642884E-5,0.0,300.6835755847749,1.601036793514728,"{""type"":""Point"",""coordinates"":[83.62268187180037,18.15478909251677]}"
356,294.58890533920385,2025-03-15,280.5301446914673,480,0,10,0.39413382218148485,1.1883424921421692E-4,2.2278609462785828,297.54646737234935,1.1291542184173697,"{""type"":""Point"",""coordinates"":[81.4333822479975,23.764947211942765]}"
357,27.932307498350802,2025-03-15,281.04526978447325,476,0,30,0.291722836344028,1.3334027961775519E-5,2.0986404129364216,300.6414090111142,0.5286436983712748,"{""type"":""Point"",""coordinates"":[81.3374267039332,19.430081763542436]}"
358,72.56251849766025,2025-03-15,281.90318575359527,246,0,10,0.3679369250985545,1.3334027961775519E-5,1.547170322838645,301.9065282912482,0.29823506939294075,"{""type"":""Point"",""coordinates"":[80.42820075980674,19.558809914740294]}"
359,282.5004460058059,2025-03-15,283.5791181382679,776,0,10,0.7076502732240437,1.4704934791609503E-5,24.167263161037752,299.68459865025113,0.11979389882097263,"{""type"":""Point"",""coordinates"":[83.3791083210006,19.569432171544417]}"
360,157.1422256415697,2025-03-15,284.179727327256,857,0,30,0.3699822666451717,6.226944132237122E-5,7.5057572813984095,297.657964070638,0.13857396417494766,"{""type"":""Point"",""coordinates"":[82.61199467326074,18.39897780678588]}"
361,331.6625488740667,2025-03-15,280.19204480307445,298,0,40,0.2420091324200913,1.4496318534895636E-5,1.0536478747115317,300.5013652983166,1.2189891552241565,"{""type"":""Point"",""coordinates"":[81.50635379400299,22.00573879997713]}"
362,49.76274690922833,2025-03-15,278.65875448499406,958,0,10,0.672873678912934,9.937333269505189E-5,16.076602501711125,296.47406223842074,1.8793701575180302,"{""type"":""Point"",""coordinates"":[84.18144501084512,23.108588098826935]}"
363,155.71051669641614,2025-03-15,286.7774707703363,192,0,40,0.24399260628465805,1.4481417373701788E-5,3.556908874286262,300.23712376185824,0.3107618398716941,"{""type"":""Point"",""coordinates"":[82.05524645247343,18.25969969288135]}"
364,196.2411912906819,2025-03-15,280.2133024760655,402,0,10,0.20325833979829325,1.3334027961775519E-5,5.2980839214858895,301.928233555385,0.5655474443145315,"{""type"":""Point"",""coordinates"":[80.36818724700207,20.573354083825183]}"
365,347.91232989051406,2025-03-15,283.423623811631,126,0,10,0.5251641137855579,1.3334027961775519E-5,2.369950576586199,301.392577398391,0.45094558205543384,"{""type"":""Point"",""coordinates"":[84.34004213970312,20.949355617155593]}"
366,301.7377999344728,2025-03-15,280.6973810195922,328,0,10,0.4104750304506699,1.3334027961775519E-5,1.76262439990357,299.64493742443267,1.2302364776299843,"{""type"":""Point"",""coordinates"":[80.20185713833307,21.90738262497786]}"
367,340.38376339767,2025-03-15,281.0708812986101,212,0,30,0.20058651026392962,1.3334027961775519E-5,1.4766284128342513,302.0394744873047,0.6382487562114658,"{""type"":""Point"",""coordinates"":[83.3071851225408,20.72791779235419]}"
368,192.36022530685054,2025-03-15,281.94625913529165,344,0,10,0.5763078253350626,1.3334027961775519E-5,13.511572260283994,301.74715096609935,0.34546120640445716,"{""type"":""Point"",""coordinates"":[80.79092216899049,19.24092374751272]}"
369,133.5205126356609,2025-03-15,284.42243798573816,883,0,40,0.27257407667462435,2.7836608095554993E-4,4.703537420590415,297.99861580984935,0.11770965868251945,"{""type"":""Point"",""coordinates"":[82.58712707710943,18.259749434300076]}"
370,340.440476897878,2025-03-15,281.5152811777024,644,0,10,0.604654921609827,1.3334027961775519E-5,8.789019260176188,300.0163218180339,0.2622045094006115,"{""type"":""Point"",""coordinates"":[83.71308547628162,20.247154313377955]}"
371,90.0,2025-03-15,281.4839730489822,595,0,10,0.610126582278481,1.3334027961775519E-5,13.105883567806496,299.2111460367839,0.5556759630793983,"{""type"":""Point"",""coordinates"":[84.00644759129956,20.172097444175524]}"
372,115.32108709683156,2025-03-15,282.70049671899704,825,0,40,0.35446153846153844,1.3334027961775519E-5,4.328949362007763,297.54854256766185,0.15367061514636557,"{""type"":""Point"",""coordinates"":[82.67455111727132,18.862817163819013]}"
373,267.27894937681936,2025-03-15,286.6612017041161,470,0,10,0.5769230769230769,1.796828909306214E-5,18.82864844259314,300.9471660795666,0.21713360518916858,"{""type"":""Point"",""coordinates"":[81.91738557749002,18.09477155557333]}"
374,344.78010452071857,2025-03-15,278.2601193473452,530,0,40,0.432996632996633,1.748626153030841E-4,1.9216887341177913,296.8859507242838,1.3379963494365732,"{""type"":""Point"",""coordinates"":[81.24739044493029,23.234991973785064]}"
375,294.9838220532119,2025-03-15,280.63335804712204,334,0,10,0.31670563782800726,1.3334027961775519E-5,1.0978457800451125,300.93195960635234,0.9432262939692018,"{""type"":""Point"",""coordinates"":[80.24093030661346,21.262543034662052]}"
376,270.0,2025-03-15,281.3990004857381,564,0,40,0.125511002870314,1.3334027961775519E-5,0.49108903915173635,299.56806800478984,0.18274069469397655,"{""type"":""Point"",""coordinates"":[82.35562976364128,19.21357395768511]}"
377,121.75226522544712,2025-03-15,282.2265209470476,227,0,80,-0.3229571984435798,1.3334027961775519E-5,1.7619057414970654,299.9020756312779,0.5999900474938268,"{""type"":""Point"",""coordinates"":[82.18728273237372,21.826973639838574]}"
378,90.0,2025-03-15,277.48175253186906,875,0,40,0.24830209182287422,8.822726412205384E-5,3.5247697074287645,295.0942956833613,1.7048141013256122,"{""type"":""Point"",""coordinates"":[83.73555189356989,23.101563842245966]}"
379,151.66498674113535,2025-03-15,281.6355901899792,229,0,10,0.23689832851577228,1.3334027961775519E-5,1.0536237046026473,300.12104652041484,1.133189186456883,"{""type"":""Point"",""coordinates"":[82.95609730917242,21.99090466212268]}"
380,54.71361006526579,2025-03-15,281.5313305173602,470,1,10,0.5402376910016978,1.3334027961775519E-5,14.155110713619639,301.74733116513204,0.3272562497265826,"{""type"":""Point"",""coordinates"":[80.83366967610691,19.338800156342142]}"
381,98.82434227501716,2025-03-15,278.89028117770243,459,0,10,0.39340813464235624,1.3334027961775519E-5,3.020200335815894,300.9573095412481,1.0688527241514778,"{""type"":""Point"",""coordinates"":[80.60452450480142,21.33649310360419]}"
382,163.19001244878308,2025-03-15,280.59954457055954,420,0,30,0.2127838519764508,7.091211481480286E-5,13.777126896308982,297.116698492141,1.2334714431631668,"{""type"":""Point"",""coordinates"":[80.60843102993512,24.059326233662265]}"
383,252.45441474733525,2025-03-15,292.9312444868542,17,0,40,0.2403041825095057,2.667056723026917E-5,3.0736655932785415,300.7732972644625,0.8467166834103631,"{""type"":""Point"",""coordinates"":[83.94763301994251,18.463976783494385]}"
384,270.0,2025-03-15,281.93656907762795,378,0,10,0.4274626865671642,1.3781062797590948E-5,0.4932916247649113,299.474620274135,0.2721217183227891,"{""type"":""Point"",""coordinates"":[83.49620921305683,19.934657383813594]}"
385,112.27607603617308,2025-03-15,278.4123526527768,1028,0,10,0.6414604602872469,1.3334027961775519E-5,4.8816632424403155,296.1193375360398,1.6338865791410349,"{""type"":""Point"",""coordinates"":[83.3692829857684,22.82499315713092]}"
386,36.08010029223333,2025-03-15,282.5705209005447,848,0,10,0.7957446808510639,1.3334027961775519E-5,16.19480087521388,300.3083023797898,0.32784213512795085,"{""type"":""Point"",""coordinates"":[81.22960232501264,18.83669008278433]}"
387,132.476041560273,2025-03-15,280.0930225281488,510,0,10,0.5450879765395894,1.53941384986922E-4,2.0593434571147005,298.21629624139695,1.2997911981782018,"{""type"":""Point"",""coordinates"":[83.87361729955774,23.71398814133504]}"
388,33.88043248811236,2025-03-15,286.1302714120774,977,0,10,0.6346674691543785,1.7253033355757452E-5,21.78761792993015,299.6934632800875,0.35350677559114463,"{""type"":""Point"",""coordinates"":[83.54360864368968,19.194460680018317]}"
389,342.68014297776557,2025-03-15,280.0372189567202,451,0,10,0.24797531816428847,1.2330459757237122E-4,3.3964164333940445,297.6053459530785,1.1375892343837117,"{""type"":""Point"",""coordinates"":[80.9319152813377,23.622177586193235]}"
390,212.2242601290046,2025-03-15,286.52310530344647,848,0,30,0.3330249768732655,4.0966021223454163E-4,2.738829912854167,297.4650697253999,0.20041920900583657,"{""type"":""Point"",""coordinates"":[82.29045716437238,17.84416066423141]}"
391,117.67206487293588,2025-03-15,278.78033651624406,622,0,10,0.4069471900593053,1.1761235399632142E-4,3.9878218625638424,297.4170379638672,1.6375213177925876,"{""type"":""Point"",""coordinates"":[82.11560645905337,23.410151824199662]}"
392,7.606680171611304,2025-03-15,279.91180624280656,376,0,10,0.38952380952380955,1.3334027961775519E-5,3.7375901977613504,301.076659429641,0.6298349881188677,"{""type"":""Point"",""coordinates"":[81.94279760264469,20.60958717511912]}"
393,121.5530003986505,2025-03-15,279.4256583168393,587,0,10,0.4905605576532094,2.6447049812361456E-5,1.7718673395619253,297.53886994861426,1.3071539164301713,"{""type"":""Point"",""coordinates"":[82.9551696274235,22.91096886641538]}"
394,337.8655753168895,2025-03-15,278.7897417431786,604,0,40,0.2786177105831533,2.9210495157627747E-4,3.9986278255794185,297.45522272019156,1.7431654883770122,"{""type"":""Point"",""coordinates"":[81.96516933627342,22.79062054858267]}"
395,41.75305629896744,2025-03-15,280.5533264250983,358,0,30,0.4577132486388385,1.3334027961775519E-5,3.724492098442228,301.6586674281529,0.826676172241459,"{""type"":""Point"",""coordinates"":[80.33575021207479,21.001693430922586]}"
396,173.27628516429144,2025-03-15,280.3086800802322,804,0,40,0.34454545454545454,1.3721458152815558E-5,4.195100999606376,298.53346397763204,0.13150538572600584,"{""type"":""Point"",""coordinates"":[83.05158478240368,19.528034314825295]}"
397,240.34895447912737,2025-03-15,285.2488946914673,241,0,10,0.36233197402205103,1.3334027961775519E-5,8.376379792439646,302.6531103224981,0.6461297247404043,"{""type"":""Point"",""coordinates"":[81.24712013063939,18.42024870797649]}"
398,160.2375375248918,2025-03-15,278.0986668268839,526,0,10,0.5019700551615445,4.289793177036927E-5,2.953989634623493,300.45172337123324,1.2854441060425061,"{""type"":""Point"",""coordinates"":[80.71272869047763,21.909532085450447]}"
399,324.2998932373033,2025-03-15,281.9012849444435,230,0,10,0.29988365328679467,1.3334027961775519E-5,3.4222671587483027,300.09888785226,1.088388136885161,"{""type"":""Point"",""coordinates"":[82.89191229246923,21.911305057613657]}"
400,43.72610679154339,2025-03-15,277.48175253186906,917,0,10,0.5646498500617393,8.822726412205384E-5,15.642577116852866,295.0942956833613,1.7048141013256122,"{""type"":""Point"",""coordinates"":[83.71210335722921,23.0697343368587]}"
401,25.140458900260445,2025-03-15,284.94531745002377,267,0,40,0.30312986339270276,0.0011726443688431232,3.58124449693476,297.7030022030785,1.4411270824873532,"{""type"":""Point"",""coordinates"":[82.79674484186845,24.045566984024845]}"
402,121.9379479002375,2025-03-15,280.7128839492797,406,0,10,0.2852296450939457,1.3334027961775519E-5,5.24516619588584,301.0024755568731,0.8575353987742359,"{""type"":""Point"",""coordinates"":[82.327859149733,20.764444103342605]}"
403,216.01496192136167,2025-03-15,279.4262047268096,501,0,40,0.2705452648056353,5.204724474339173E-5,1.7194727697150622,297.4131317138672,1.305367981939737,"{""type"":""Point"",""coordinates"":[81.7091630715408,23.496681627362783]}"
404,111.1881498285808,2025-03-15,286.64230987003873,914,0,30,0.45265888456549935,1.5549110575108216E-4,19.712766990020242,296.8348148890904,0.46897060937997004,"{""type"":""Point"",""coordinates"":[84.32311405556736,19.11504967955799]}"
405,183.242005007579,2025-03-15,277.80930205753873,623,0,10,0.35681859451607045,6.742524309544251E-5,8.756470828490045,300.23814682733445,1.2756276909611821,"{""type"":""Point"",""coordinates"":[80.7845280354638,21.69559452350672]}"
406,139.06954596088895,2025-03-15,279.87701039087204,595,0,10,0.5542234332425068,2.6167678041844056E-4,25.238304530421793,296.89351327078685,1.1044862568626326,"{""type"":""Point"",""coordinates"":[83.02471493882436,23.463472208389167]}"
407,270.0,2025-03-15,284.72908442361006,120,0,40,0.23255323634830277,1.3334027961775519E-5,1.4692468560334175,302.0741831461589,0.42896681299107225,"{""type"":""Point"",""coordinates"":[80.52111462558018,18.791461811531253]}"
408,169.73029463166597,2025-03-15,279.52884842100605,490,0,30,0.30489192263936293,1.628820817032306E-4,2.8254827284221706,297.555425008138,1.6817079764493492,"{""type"":""Point"",""coordinates"":[81.72512015537485,23.092928726036778]}"
409,241.20134724680275,2025-03-15,279.0327953611102,510,0,10,0.5233443470765694,3.836797876743958E-5,20.286084594623482,299.4638199579149,1.2053843129005009,"{""type"":""Point"",""coordinates"":[81.8843178443297,22.40207074883288]}"
410,-0.0,2025-03-15,278.75092919667566,573,0,10,0.48851000741289846,2.668546839146302E-5,0.0,299.774395897275,1.293846493801828,"{""type"":""Point"",""coordinates"":[80.48306168340594,22.389477867688118]}"
411,227.56497592905424,2025-03-15,280.5100147156488,393,0,20,0.4363327674023769,1.9250559015659974E-4,0.6872481772786233,297.9141954694475,1.1183844326531143,"{""type"":""Point"",""coordinates"":[80.4195972162064,23.900856022210057]}"
413,227.44693414939042,2025-03-15,278.62828340984527,602,0,30,0.34336110810518344,1.4225887461094544E-4,0.6857045748077825,297.32135809035526,1.7140394486078212,"{""type"":""Point"",""coordinates"":[82.15690828089197,23.359251128325727]}"
414,270.0,2025-03-15,279.0963998067947,630,0,40,0.23417666112229713,1.3334027961775519E-5,1.4807728373899032,299.98266528901604,0.8703380341758462,"{""type"":""Point"",""coordinates"":[81.89330829490913,20.06165266242898]}"
415,226.77635890611654,2025-03-15,280.3870782852172,349,0,40,0.14166666666666666,1.3334027961775519E-5,2.706589380001543,301.71869114467074,0.3500068789097946,"{""type"":""Point"",""coordinates"":[80.99287941146784,19.975064753630736]}"
416,180.0,2025-03-15,279.9220717748006,634,0,40,0.24547130925263044,1.3334027961775519E-5,2.3174627380815918,299.97508530389695,0.8021402018622087,"{""type"":""Point"",""coordinates"":[82.10779868254778,19.691069106707328]}"
417,295.18757344634395,2025-03-15,282.3746503648304,229,0,10,0.4642857142857143,1.3334027961775519E-5,2.1782917718344503,301.38852001371833,0.2926063754030918,"{""type"":""Point"",""coordinates"":[83.09166229542907,19.847652054881472]}"
418,233.0494376970164,2025-03-15,281.8248514902024,772,0,10,0.5641073775107941,1.3840667442366339E-5,6.147988966022563,299.01354326520647,0.19085291653353995,"{""type"":""Point"",""coordinates"":[83.63959585211191,19.906320196055027]}"
419,47.51436619752138,2025-03-15,280.55609335218156,424,0,10,0.40495374515070126,5.928920908360169E-5,0.6865851595428356,297.34673708961117,1.178374683579799,"{""type"":""Point"",""coordinates"":[81.12093559562149,23.669852573938908]}"
420,-0.0,2025-03-15,281.9653021040417,127,0,30,0.28952262864228145,1.3334027961775519E-5,1.3909630807829783,301.6675378708613,0.5613687294981735,"{""type"":""Point"",""coordinates"":[83.74338154283,20.79033995472634]}"
422,132.81016441521953,2025-03-15,281.61847709474114,269,0,40,0.2030570252792475,1.3334027961775519E-5,0.6823764253036131,299.9178227015904,1.0190116691224804,"{""type"":""Point"",""coordinates"":[82.5862060967001,22.129044924385084]}"
423,324.6477799821658,2025-03-15,281.49270398276195,343,0,10,0.24071322436849926,1.3334027961775519E-5,3.407498167930161,301.3824571881975,0.44250564717638985,"{""type"":""Point"",""coordinates"":[80.56275534882819,19.990908515465016]}"
424,324.2127738663112,2025-03-15,280.13025978633334,302,1,40,0.27568531312681077,1.3334027961775519E-5,5.131378190764111,300.03823634556363,1.1525431516738218,"{""type"":""Point"",""coordinates"":[83.17303916324944,22.362878735366465]}"
425,291.5538469921504,2025-03-15,284.03520189012806,490,0,10,0.2658323852863102,1.3334027961775519E-5,6.286254975117519,302.1704966227213,0.4506635292859841,"{""type"":""Point"",""coordinates"":[80.61654553964416,18.559457968952245]}"
426,72.4380141494989,2025-03-15,283.8536426453363,934,0,40,0.2671156004489338,2.4331854982762025E-4,1.5365489185459924,295.92385064987906,0.20908559073516858,"{""type"":""Point"",""coordinates"":[82.91047276811632,18.29265856323629]}"
427,203.0497432519248,2025-03-15,281.22195202963695,271,0,40,0.24469820554649266,1.3334027961775519E-5,2.518280243407242,301.1615099225725,0.36575732360767255,"{""type"":""Point"",""coordinates"":[82.59651546652393,19.937188305382165]}"
428,226.95502289259508,2025-03-15,280.899942171006,324,0,40,0.4097782998091323,1.3334027961775519E-5,2.7155991628356775,300.8156498500279,0.9664599486834096,"{""type"":""Point"",""coordinates"":[82.61144887949932,20.935849279494658]}"
429,156.69731116267022,2025-03-15,289.213424546378,296,0,10,0.4465962441314554,1.1993693514256165E-4,10.972417074609654,298.52108837309333,0.3728141824607714,"{""type"":""Point"",""coordinates"":[83.09945149674614,18.23587814027664]}"
430,28.322759137328024,2025-03-15,281.59027303968156,200,0,80,0.13168503090567052,1.3334027961775519E-5,2.1062926498524184,300.65036083403083,0.8420165233957692,"{""type"":""Point"",""coordinates"":[83.99384179598205,21.918846758954587]}"
431,259.3954890766046,2025-03-15,281.2074837911697,366,0,10,0.3141127288453222,1.3334027961775519E-5,2.518339269918032,300.58140854608445,0.7325277929267994,"{""type"":""Point"",""coordinates"":[81.68498550878448,20.588356660485257]}"
432,12.948148999441983,2025-03-15,278.99740078335714,560,0,10,0.5607352157698455,4.099058313755677E-5,15.32653278546666,299.06519644601,1.4903584519021675,"{""type"":""Point"",""coordinates"":[84.34887810951989,22.689777082729925]}"
433,125.14941961711011,2025-03-15,279.12018026624406,543,0,10,0.32354881266490765,1.3334027961775519E-5,14.201190469877105,300.7757677350725,0.918218950773313,"{""type"":""Point"",""coordinates"":[82.05696031164533,20.14885578121385]}"
434,151.69455689865825,2025-03-15,281.89287953149704,232,0,50,0.34176554961533445,1.3334027961775519E-5,1.053330772828146,300.4050053187779,1.180109821297513,"{""type"":""Point"",""coordinates"":[83.1451568124311,21.815020254494414]}"
435,321.6001078832791,2025-03-15,281.3685817264375,734,0,40,0.06314085267134377,1.3334027961775519E-5,2.3656251230209993,299.9581349690755,0.6426655958577104,"{""type"":""Point"",""coordinates"":[81.76287401451576,18.867389528678554]}"
436,324.8529946795444,2025-03-15,284.7878467468989,152,1,10,0.36661367249602544,1.3334027961775519E-5,1.7009484993824808,302.8459232875279,0.47216220543443166,"{""type"":""Point"",""coordinates"":[80.33465756154716,18.751965145343235]}"
437,87.06089279814772,2025-03-15,277.10815343402675,916,0,10,0.46597633136094674,2.0946311159519837E-4,8.970331945078234,297.88570077078674,1.6349119993399857,"{""type"":""Point"",""coordinates"":[81.28014884713552,22.457904572873094]}"
438,256.6497926214564,2025-03-15,284.22768933432445,886,0,30,0.2863514719000892,2.9512988729862855E-4,7.981584048827479,297.27053033737906,0.23030158475765872,"{""type"":""Point"",""coordinates"":[82.69507013536916,18.329390840955117]}"
439,103.12915923219852,2025-03-15,281.2957580657232,206,0,40,0.5235008103727715,1.3334027961775519E-5,2.040746439195654,301.0963243756975,1.0525717304353535,"{""type"":""Point"",""coordinates"":[83.24408063277711,21.09644469583064]}"
440,-0.0,2025-03-15,280.6239818845476,384,0,40,0.34658959537572254,7.344531221775696E-5,0.463735342881014,297.5199955531529,1.2503084807057596,"{""type"":""Point"",""coordinates"":[80.56710144852723,24.02539957803409]}"
441,283.1720346442121,2025-03-15,279.8666111628214,416,0,10,0.29278887923544744,1.3334027961775519E-5,2.034226102890945,301.6209825788225,0.598044039196173,"{""type"":""Point"",""coordinates"":[80.53752796015462,20.588091302272232]}"
442,331.6042311136868,2025-03-15,279.73133400508334,363,0,30,0.28175057208237986,1.3334027961775519E-5,2.1077405913587195,299.49844142368863,1.2753015634292995,"{""type"":""Point"",""coordinates"":[83.84510334642954,22.347678503000893]}"
443,102.93247471768763,2025-03-15,279.5725030899047,478,0,50,0.1846988295746503,6.998824282078431E-5,2.0712159590299266,297.75521923246833,1.4572098347932356,"{""type"":""Point"",""coordinates"":[81.36604749286228,23.291361492971433]}"
444,327.26927072402805,2025-03-15,281.7436572937738,378,0,10,0.3659043659043659,1.3334027961775519E-5,29.997650030034237,300.2910381498791,0.9392880834893299,"{""type"":""Point"",""coordinates"":[82.85020373583188,21.014151998318802]}"
445,10.609189195563971,2025-03-15,281.625772249131,277,0,10,0.49399344739716056,1.3334027961775519E-5,7.968994874307342,301.7876143682571,0.2601833173006604,"{""type"":""Point"",""coordinates"":[80.50176816865883,19.587836774479776]}"
446,-0.0,2025-03-15,279.67977383023214,349,0,40,0.40523690773067333,1.2643384142307923E-4,0.9274099368670311,300.18991161528083,1.4819356899579195,"{""type"":""Point"",""coordinates"":[81.28615064409692,22.067119649547227]}"
447,139.53563071201478,2025-03-15,283.90347058432445,1076,0,10,0.26899383983572894,1.4645330146834112E-5,15.461518206201466,297.9017791748047,0.040733263340605716,"{""type"":""Point"",""coordinates"":[83.06246376993717,18.75892321693747]}"
448,141.2736754315121,2025-03-15,280.4719287781489,578,1,10,0.5231257305059276,6.139998356857745E-4,19.430074362905845,297.41259111676897,1.3484198356203907,"{""type"":""Point"",""coordinates"":[82.78613765021181,23.518462971997497]}"
449,157.16045052298136,2025-03-15,277.8430864697411,848,0,10,0.3840877914951989,3.109400193253009E-4,23.284195846938776,296.43721444266185,1.6060236403354458,"{""type"":""Point"",""coordinates"":[81.45263091760323,22.97869371808587]}"
450,175.98765602704646,2025-03-15,293.0087010065714,80,0,30,0.22907300363947763,2.2528044418379523E-5,6.939145822877268,300.3118017287481,1.1505767746661624,"{""type"":""Point"",""coordinates"":[83.38680038703839,18.11538067823098]}"
451,256.9495797819783,2025-03-15,280.27883679526195,295,0,40,0.23384550620921912,1.3334027961775519E-5,2.052833253350531,300.51050313313806,1.1477404629955925,"{""type"":""Point"",""coordinates"":[81.56909397499201,22.000435130459522]}"
452,202.76021014192648,2025-03-15,282.6581208819435,229,0,10,0.40352,1.3334027961775519E-5,11.413428987246053,301.00172569638204,0.576917323424742,"{""type"":""Point"",""coordinates"":[84.29261090268288,21.14260871095484]}"
453,90.0,2025-03-15,280.91498007093156,300,0,10,0.42368240930869266,1.3334027961775519E-5,1.9733665448569677,301.8671053931827,0.44876898951365524,"{""type"":""Point"",""coordinates"":[80.44771823669178,20.009233694477537]}"
454,347.9553063054794,2025-03-15,280.7667285828364,305,0,40,0.18959364567744907,1.3334027961775519E-5,2.369571041846875,301.4194561186291,0.7632098049098734,"{""type"":""Point"",""coordinates"":[82.5886782185246,20.392168072237997]}"
455,170.38982326738517,2025-03-15,283.01034023648214,777,0,30,0.39651416122004357,1.53605858841388E-5,11.59761880094249,297.93447076706656,0.20055733865073588,"{""type"":""Point"",""coordinates"":[83.16620226380407,19.098994356016526]}"
456,270.0,2025-03-15,286.5631908689226,141,0,10,0.40441640378548893,1.3334027961775519E-5,0.48750508830384026,302.81746346609924,0.8564779851500011,"{""type"":""Point"",""coordinates"":[81.10830536357832,17.965963133087058]}"
457,180.0,2025-03-15,281.1001897993542,278,0,30,0.23614142295940638,1.3334027961775519E-5,0.4637353428839794,299.9058074951172,1.1216791292783608,"{""type"":""Point"",""coordinates"":[82.64107995820375,22.197746140553296]}"
458,105.1671225138514,2025-03-15,284.29514771416075,246,0,10,0.35616,1.3334027961775519E-5,3.5404619698536037,303.01425824846547,0.6461828272636718,"{""type"":""Point"",""coordinates"":[81.56156382132546,18.41874018613942]}"
459,104.89152644845298,2025-03-15,281.74568017323816,359,0,10,0.48133198789101916,1.3334027961775519E-5,3.6042944683803717,299.90839422316776,1.0779162577545698,"{""type"":""Point"",""coordinates"":[82.86749984765257,21.452163869717207]}"
460,294.712955278297,2025-03-15,279.0017313730149,525,0,10,0.6114729111819316,2.7002143068699525E-4,3.3240054283770024,296.9306110200428,1.908505932151953,"{""type"":""Point"",""coordinates"":[82.0041511047588,23.008836417483273]}"
461,223.84299071514218,2025-03-15,278.8280195054554,565,0,30,0.5355779243318293,1.05035773948714E-4,21.443705470411267,298.5743517194475,1.359076391974722,"{""type"":""Point"",""coordinates"":[80.72375244199438,22.745642913333597]}"
462,338.4669898796741,2025-03-15,285.1289112000238,132,1,10,0.2945478723404255,1.3602248863264776E-5,3.9819006918003437,303.1046309698196,0.47249470729424287,"{""type"":""Point"",""coordinates"":[80.54869966332373,18.12416787013646]}"
463,132.07847540379242,2025-03-15,290.6809131531489,624,0,10,0.5324751316559392,2.6364373369602845E-4,14.231985490805677,298.71647062755767,0.6635561289163098,"{""type"":""Point"",""coordinates"":[84.25656824286028,18.93563720360041]}"
464,38.83985937032054,2025-03-15,281.5091020947411,272,0,40,0.5480990393722095,1.3334027961775519E-5,2.380164675540584,300.52016412644156,1.010767838827348,"{""type"":""Point"",""coordinates"":[82.67109414160139,21.3331902249222]}"
465,50.27249524743231,2025-03-15,286.98777466728575,1013,0,30,0.501680986178558,2.4032341642765687E-4,5.065822438942458,297.0997772216797,0.31186141413811835,"{""type"":""Point"",""coordinates"":[82.99258213546479,18.24137841827706]}"
466,180.0,2025-03-15,281.869924499875,178,0,40,0.7267281852031731,1.3334027961775519E-5,1.3909630807829783,301.43236650739397,0.840004547587824,"{""type"":""Point"",""coordinates"":[83.59332712948186,21.298158596674796]}"
467,270.0,2025-03-15,281.3127084005447,241,1,10,0.3961218836565097,1.3334027961775519E-5,1.9734919046319597,302.40485418410526,0.4571490883893087,"{""type"":""Point"",""coordinates"":[80.2124274787971,20.019271403618124]}"
468,14.861246864436435,2025-03-15,280.7666355768839,582,0,40,0.46804066286032586,1.3334027961775519E-5,3.832631007090423,299.61137971423926,0.6044413655712197,"{""type"":""Point"",""coordinates"":[81.61678031189243,19.586948781553684]}"
469,186.57447530581476,2025-03-15,282.39309460776195,355,0,10,0.6422613531047267,1.3334027961775519E-5,16.775757115219395,300.7673158191499,0.43704429903431646,"{""type"":""Point"",""coordinates"":[83.60821263857673,20.279525909812893]}"
470,180.0,2025-03-15,282.2329325448899,218,0,40,0.6182560513269175,1.3334027961775519E-5,0.4637353428839794,300.25715491885234,1.1546773510439694,"{""type"":""Point"",""coordinates"":[83.02685942842568,21.82401332264216]}"
471,226.67445426958747,2025-03-15,285.8546540850685,240,0,40,0.44839255499153974,1.9652120307966925E-5,2.7014888903261136,299.41705540248324,0.1800721751535179,"{""type"":""Point"",""coordinates"":[83.70465730929817,19.40463470405777]}"
472,180.0,2025-03-15,279.99964455195834,629,0,40,0.27196010740314536,1.3334027961775519E-5,0.463735342881014,300.23490324474517,0.6563802250750459,"{""type"":""Point"",""coordinates"":[81.85509602624325,19.57785143983251]}"
473,35.809736963191796,2025-03-15,279.32630470820834,354,0,40,0.3073900367600456,1.3334027961775519E-5,1.715020885923709,299.5427761986142,1.1985649728600816,"{""type"":""Point"",""coordinates"":[84.26109163067268,22.47830175855414]}"
474,187.55816685120652,2025-03-15,280.38674113863993,614,0,40,0.5189003436426117,1.3334027961775519E-5,3.7371701446363805,299.756358555385,0.6277495179864504,"{""type"":""Point"",""coordinates"":[81.8022912543535,19.59589976243931]}"
475,180.0,2025-03-15,279.7767325355893,440,0,10,0.5498316991072735,1.3334027961775519E-5,2.317462738066788,300.83609953380767,0.6381627523857192,"{""type"":""Point"",""coordinates"":[82.00603345421088,20.36942642708416]}"
476,180.0,2025-03-15,282.3227007275536,231,0,10,0.521193092621664,1.3334027961775519E-5,0.9274099368670311,302.16400364467074,0.2399817338979891,"{""type"":""Point"",""coordinates"":[80.4955171984089,19.398764922666555]}"
477,270.0,2025-03-15,278.75897421155656,562,0,40,0.44207889793362554,9.278701944737122E-5,1.5012719139754467,299.2145116896856,1.4096472391914128,"{""type"":""Point"",""coordinates"":[80.71499115821851,22.10572378785567]}"
478,114.77699029122648,2025-03-15,279.64208316802984,555,0,40,0.2535260519874111,1.3334027961775519E-5,2.2120204166415642,297.89551289876306,1.4805656037345143,"{""type"":""Point"",""coordinates"":[83.48156513418544,22.608556753249843]}"
479,180.0,2025-03-15,279.3357971282232,534,0,40,0.20088300220750552,7.186578913120911E-5,1.3909630807829783,297.2078733898344,0.996473477935902,"{""type"":""Point"",""coordinates"":[83.16377413959766,23.284195572377563]}"
480,58.6418238430697,2025-03-15,280.88824085962204,439,0,40,0.24269406392694065,5.352919022598712E-4,1.781737359792813,297.3037450881232,1.44941515310945,"{""type"":""Point"",""coordinates"":[83.42292885342606,23.921270747912533]}"
481,148.1911704188385,2025-03-15,282.20726290203277,535,0,30,0.31558004285277014,1.4168492988630987E-5,12.875682332681745,299.6050669352213,0.1486847303838685,"{""type"":""Point"",""coordinates"":[83.79200502024797,19.86473453088793]}"
482,19.684618739472008,2025-03-15,281.8189223607381,208,0,40,0.7907475490196079,1.3334027961775519E-5,1.477257559800853,301.13992672874804,1.0419746387601065,"{""type"":""Point"",""coordinates"":[83.43464076430978,21.290338778794002]}"
483,252.459968621007,2025-03-15,290.7625956308274,79,0,10,0.6392485865402152,1.9979945854231573E-5,1.5384107163792364,301.1279754638672,0.6914006687394842,"{""type"":""Point"",""coordinates"":[83.5043676637338,18.522212086905977]}"
484,72.87917814361023,2025-03-15,279.3571419942947,400,0,10,0.5075724794461273,1.3334027961775519E-5,1.5748917124277455,298.96508135114397,1.4090621054390702,"{""type"":""Point"",""coordinates"":[83.99576193932535,22.464750879064304]}"
485,107.46405137511682,2025-03-15,281.89069970448816,433,0,10,0.4999076638965836,1.3334027961775519E-5,22.025769182817037,302.17251368931363,0.27398978648688777,"{""type"":""Point"",""coordinates"":[80.72929448091544,19.29514822079596]}"
486,266.512385824278,2025-03-15,286.1302714120774,444,0,40,0.36607892527287994,1.7253033355757452E-5,14.901251335800481,299.6934632800875,0.35350677559114463,"{""type"":""Point"",""coordinates"":[83.50075971092352,19.150685159922222]}"
487,19.48047544703037,2025-03-15,285.2935433614822,194,0,10,0.541758588086984,1.91752831497638E-5,4.418360899313962,299.8740866524832,0.04217835934052923,"{""type"":""Point"",""coordinates"":[83.75522828937255,19.55451608176381]}"
488,57.59581350500742,2025-03-15,287.5302958261399,95,0,10,0.38195535994970137,1.421319647221253E-5,1.7302274793196655,302.71947588239397,0.7688315864392085,"{""type"":""Point"",""coordinates"":[81.17702088596904,17.808939497575963]}"
489,134.85937335125175,2025-03-15,280.10166045597623,457,0,30,0.5070788789367235,1.3334027961775519E-5,11.03804880089276,300.51296779087613,0.49700962198069565,"{""type"":""Point"",""coordinates"":[84.04389258395892,20.517367278727473]}"
490,295.2723339366857,2025-03-15,281.30740124838695,582,0,40,0.34615384615384615,1.3334027961775519E-5,1.086125142177848,299.9217347644625,0.16852344557699298,"{""type"":""Point"",""coordinates"":[82.32099140061713,19.228265397542543]}"
491,341.8176866763103,2025-03-15,284.95875099727084,378,0,10,0.5790575916230366,1.4392010406538702E-5,7.762050606719568,299.39882042294454,0.15122859544448974,"{""type"":""Point"",""coordinates"":[81.82093542898197,17.924563917154092]}"
492,90.0,2025-03-15,280.70557716914584,265,0,40,0.2888091270349955,1.3334027961775519E-5,0.49497328476837316,301.548827398391,0.7810281328054938,"{""type"":""Point"",""coordinates"":[82.66900673731827,20.46536643422797]}"
493,-0.0,2025-03-15,281.8154637018839,213,0,40,0.19219811527503836,1.3334027961775519E-5,0.9274099368670311,300.46024504162017,0.7788960769508781,"{""type"":""Point"",""coordinates"":[84.10711171456222,21.668170887911277]}"
494,278.79672152895887,2025-03-15,280.22010353633334,266,0,40,0.34424346827447605,1.3334027961775519E-5,3.0295909556608622,300.9510490780785,0.9783929553983817,"{""type"":""Point"",""coordinates"":[81.6325348448276,21.798402328354722]}"
495,160.20647236359338,2025-03-15,281.0010280155,278,0,40,0.17220543806646527,1.3334027961775519E-5,1.4782650269051385,299.82114301409047,0.9518649689933959,"{""type"":""Point"",""coordinates"":[82.29874091540616,22.15024723771801]}"
496,-0.0,2025-03-15,280.08568668365484,494,0,40,0.7349906774394034,3.230099598923175E-4,1.3909630807829783,297.19384111676897,1.2252653483313751,"{""type"":""Point"",""coordinates"":[83.71826739164094,23.614634531138996]}"
497,157.0025522289227,2025-03-15,279.9831592468988,709,0,10,0.31084250405917374,1.3334027961775519E-5,5.024928833953572,300.0893721807571,0.5982877237754394,"{""type"":""Point"",""coordinates"":[81.08152429307476,19.53176347743303]}"
498,180.0,2025-03-15,283.35614218030656,114,0,40,0.3620933521923621,1.3334027961775519E-5,0.9274099368611016,301.3843870617094,0.47675750450660076,"{""type"":""Point"",""coordinates"":[84.01335947698595,20.890660558993034]}"
499,256.7115103056876,2025-03-15,281.4802063079107,557,0,30,0.25937690897984117,1.3334027961775519E-5,2.0167300811652153,299.77258809407556,0.09918399568308027,"{""type"":""Point"",""coordinates"":[82.31117889508731,19.141688580118803]}"
500,52.56599746328318,2025-03-15,282.2769592375982,302,0,10,0.609785381960078,1.3334027961775519E-5,19.774666603923425,300.8761909121559,0.5656967750509048,"{""type"":""Point"",""coordinates"":[84.34997483743173,20.673065252065456]}"
501,28.0975455237618,2025-03-15,280.80996472494945,385,0,10,0.31079280479680216,1.3334027961775519E-5,1.0512837515008517,300.5392768496559,0.7613256047430912,"{""type"":""Point"",""coordinates"":[81.62307835709429,20.526008086724154]}"
502,7.606186885118191,2025-03-15,280.57746728261316,310,0,30,0.300515324111744,1.3334027961775519E-5,3.7375859127136266,300.98150852748324,0.8497939108299672,"{""type"":""Point"",""coordinates"":[82.57642137335506,20.600022164987433]}"
503,180.0,2025-03-15,278.6307945705595,455,0,40,0.27893787058520236,1.3334027961775519E-5,1.8543341688414132,298.97584679013204,1.4671125947512058,"{""type"":""Point"",""coordinates"":[84.10724230741677,22.619374199676827]}"
504,278.7517529722853,2025-03-15,279.4912623905001,452,0,10,0.41365461847389556,3.7444106773421026E-5,3.045006522896237,299.3784637451172,1.3322450721747199,"{""type"":""Point"",""coordinates"":[80.38886693627872,22.530389807202955]}"
506,199.4962375354381,2025-03-15,280.0387128648304,518,0,10,0.37260571015540295,1.3334027961775519E-5,1.4755307353705795,300.28124346051897,0.47046413444311674,"{""type"":""Point"",""coordinates"":[81.13037430828389,19.69496871017407]}"
507,309.13947782348214,2025-03-15,278.78860242026195,634,0,10,0.6416240409207161,4.82690803245589E-4,5.85705177495833,297.2102973574684,1.4452806057288807,"{""type"":""Point"",""coordinates"":[82.45893742187523,23.715888902889436]}"
508,352.7423848486033,2025-03-15,291.33902908506855,124,0,10,0.5677675033025099,4.344927473454163E-5,15.069806431681675,300.7938806442988,0.473106745028296,"{""type"":""Point"",""coordinates"":[83.03652556792348,17.86225753500952]}"
509,215.26101691437793,2025-03-15,280.4795785177322,631,0,10,0.6283360790774299,1.3334027961775519E-5,1.7033367544624165,299.1501864478701,0.18844807988425916,"{""type"":""Point"",""coordinates"":[82.4614768844335,19.450747756978025]}"
510,47.51327465917921,2025-03-15,280.44120193663093,435,0,30,0.36552567237163813,2.657596985855548E-4,5.476094544773795,297.5165136428106,1.0166291945545847,"{""type"":""Point"",""coordinates"":[80.61064365482395,23.665435326169458]}"
511,270.0,2025-03-15,279.4969531922113,561,0,40,0.2842773954473266,1.723592202225177E-4,1.5147587744965507,297.3948502313523,0.9731171474513605,"{""type"":""Point"",""coordinates"":[83.01294495535596,23.330013530516794]}"
512,342.26343278907177,2025-03-15,281.2685596375238,699,0,10,0.5033245708984073,1.3334027961775519E-5,4.8572169173041715,300.25869532993863,0.32233293029754534,"{""type"":""Point"",""coordinates"":[83.73804473411913,20.288833231973005]}"
513,76.87506525858403,2025-03-15,281.996877624875,297,0,40,0.15408225905463474,1.3334027961775519E-5,2.0413912081453995,300.46673220679867,0.7737170752978548,"{""type"":""Point"",""coordinates"":[81.4713855563058,21.146175923016923]}"
514,21.802782823381968,2025-03-15,279.5064397993542,424,0,10,0.5292901447277739,1.3334027961775519E-5,3.9893323841916084,301.2237541562035,0.6316739897462115,"{""type"":""Point"",""coordinates"":[82.10338492301916,20.375581372160823]}"
515,352.4285136952618,2025-03-15,281.1978460493542,308,0,10,0.45958429561200925,1.3334027961775519E-5,3.737285195831713,301.99322727748324,0.4036740278308799,"{""type"":""Point"",""coordinates"":[80.4906353671312,19.88096235009343]}"
516,64.98685157905292,2025-03-15,280.74679624466665,330,0,80,0.06554256187109056,1.3334027961775519E-5,3.2867167379149143,300.6619110107422,0.9854967366387162,"{""type"":""Point"",""coordinates"":[82.43463226175388,21.06526905516775]}"
517,282.88360295696845,2025-03-15,281.2028741836548,316,0,40,0.31010928961748635,1.1683749361424134E-4,2.0789323777941773,297.83784339541484,1.3343497272882112,"{""type"":""Point"",""coordinates"":[83.96082448667492,23.805672901718996]}"
518,312.54828199138944,2025-03-15,280.01109590984527,511,0,40,0.2633264268223771,4.793529431381671E-4,0.6857669407620463,297.42580958775113,1.3068235832819168,"{""type"":""Point"",""coordinates"":[82.83732928299334,23.382125201578127]}"
519,237.80758958859164,2025-03-15,281.77884842100605,693,0,10,0.37018319646241316,1.3334027961775519E-5,15.294211444606216,299.72773597353984,0.38521153920053297,"{""type"":""Point"",""coordinates"":[81.58932945720039,19.20925204485647]}"
520,115.13990217841032,2025-03-15,281.28689343588695,790,1,30,0.5135416666666667,1.3334027961775519E-5,1.0914704542023168,298.708245413644,0.6995043892431402,"{""type"":""Point"",""coordinates"":[84.13501379190289,20.18730503654898]}"
521,-0.0,2025-03-15,281.67727429526195,319,0,40,0.3485754484699261,1.3334027961775519E-5,0.0,300.81655665806363,0.8603358805624939,"{""type"":""Point"",""coordinates"":[81.4468029808552,20.69922005466605]}"
522,12.029110950751107,2025-03-15,281.4839730489822,693,0,10,0.7272472696723606,1.3334027961775519E-5,24.4730408224619,299.2111460367839,0.5556759630793983,"{""type"":""Point"",""coordinates"":[83.97604334589364,20.185263797970087]}"
523,90.0,2025-03-15,287.8803876695179,101,0,40,0.2962331014568841,1.3334027961775519E-5,0.9748507688358679,302.8454873221262,0.947479857863498,"{""type"":""Point"",""coordinates"":[80.9948084312883,17.949269608833664]}"
524,180.0,2025-03-15,280.74620333172027,335,1,10,0.37911084043848964,1.3334027961775519E-5,1.8543341688414132,299.79256112234935,1.2601075262559394,"{""type"":""Point"",""coordinates"":[82.82286419780584,22.345561928825465]}"
525,295.0961267656312,2025-03-15,282.6742457889375,159,0,30,0.2942162615255658,1.3334027961775519E-5,2.1857049755071944,301.79229373023617,0.42444466694356947,"{""type"":""Point"",""coordinates"":[83.59243116284615,20.494701777712024]}"
526,46.651970182314834,2025-03-15,281.6299923942202,648,0,10,0.2619012527634488,1.3334027961775519E-5,2.025931591865831,299.67871021089104,0.47562551364712097,"{""type"":""Point"",""coordinates"":[81.65652781695557,19.27608921330417]}"
527,321.441173774354,2025-03-15,281.88824667249406,244,0,10,0.4251143573852737,1.3334027961775519E-5,2.370840773089054,301.62408665248324,0.3142847780833689,"{""type"":""Point"",""coordinates"":[82.79022068439104,19.79735251595395]}"
528,75.07144200571243,2025-03-15,280.69024862561906,361,1,10,0.335940045617465,1.3334027961775519E-5,3.595579155294927,300.9685807001023,0.9358988198121833,"{""type"":""Point"",""coordinates"":[80.426570607294,21.06949676540871]}"
529,277.4904515712692,2025-03-15,279.1644976025536,530,0,10,0.5583333333333333,1.800184170761554E-4,3.55283454438627,297.0476822626023,1.890544533535268,"{""type"":""Point"",""coordinates"":[82.08610842723188,23.017881588633422]}"
530,57.79374630982517,2025-03-15,282.94280628930954,327,0,10,0.5026455026455027,1.3334027961775519E-5,1.7397006746859198,302.1848486037481,0.33587083191082356,"{""type"":""Point"",""coordinates"":[80.63456116123241,19.12136165061453]}"
531,11.334744117351335,2025-03-15,280.2799470538185,393,0,10,0.25932721712538226,1.3334027961775519E-5,7.523977745572477,300.5111483619326,0.9157017257540803,"{""type"":""Point"",""coordinates"":[82.49705689235427,20.708444096357987]}"
532,-0.0,2025-03-15,281.3048087074643,237,0,40,0.3050224581461821,1.3334027961775519E-5,0.9274099368611016,300.73581005278083,0.7522882796649889,"{""type"":""Point"",""coordinates"":[84.30376622242993,21.834039731211124]}"
533,233.32605967896075,2025-03-15,281.95750122978575,321,1,20,0.29251477347340776,1.3334027961775519E-5,3.10278088034655,300.3597579229446,1.1388522295496146,"{""type"":""Point"",""coordinates"":[83.146791905573,21.434138761070088]}"
534,147.60072503562733,2025-03-15,281.4240016483125,726,0,40,0.23185960175497805,1.3334027961775519E-5,2.7441181092552136,299.20561799548926,0.5614040647533014,"{""type"":""Point"",""coordinates"":[81.66908347631671,19.008337516022333]}"
535,304.4675056127148,2025-03-15,281.3553806940714,438,0,10,0.3416420403443402,7.161323945084064E-4,2.456774077855147,297.51685660226013,1.3040885351397653,"{""type"":""Point"",""coordinates"":[82.69244329715316,23.757371874428255]}"
536,192.03541308413463,2025-03-15,279.44857265835714,462,0,40,0.2455201925648569,1.3334027961775519E-5,2.3694892733754718,300.55781991141185,0.6989786477239458,"{""type"":""Point"",""coordinates"":[81.98007642430741,20.269112685390212]}"
537,342.8972730248528,2025-03-15,285.65696412041075,247,0,10,0.6165997322623828,1.72679345169513E-5,17.83806417408747,299.6220463344029,0.5195979161318993,"{""type"":""Point"",""coordinates"":[84.32173523111223,19.81525532228205]}"
538,-0.0,2025-03-15,284.4965114139375,133,1,10,0.27927927927927926,1.3334027961775519E-5,1.3909630807829783,303.46943519228984,0.4673205763656519,"{""type"":""Point"",""coordinates"":[80.26413126979278,18.424379932498027]}"
539,304.0809455836682,2025-03-15,282.73841408320834,1175,0,60,0.0427854180309976,1.3334027961775519E-5,4.130726392949989,299.55347769601,0.374126042759022,"{""type"":""Point"",""coordinates"":[81.22268724956248,18.702933542343043]}"
540,215.30894588138344,2025-03-15,279.98065389905656,664,0,40,0.20034632034632036,1.3334027961775519E-5,1.7043447635615168,299.9962499709356,0.7585756775077357,"{""type"":""Point"",""coordinates"":[82.04454451313855,19.73663211087854]}"
541,20.01875036358709,2025-03-15,280.7705999556042,387,0,10,0.535931790499391,3.5257386370091126E-4,7.3627000198225625,297.5783509753999,1.3884164982684484,"{""type"":""Point"",""coordinates"":[83.91595729856319,23.809148029081793]}"
542,222.21894501889986,2025-03-15,279.2554574239822,587,0,40,0.20507655116841256,6.957101030735657E-5,3.75176977677908,297.2797146751767,1.7700969480869457,"{""type"":""Point"",""coordinates"":[82.38003756177693,23.303087061913505]}"
543,47.51097114103816,2025-03-15,280.227584702628,614,0,10,0.3964068760501486,1.8296884699253724E-4,1.3728844069842456,297.25089445568267,1.2784682410156916,"{""type"":""Point"",""coordinates"":[83.47130045909671,23.65530294239203]}"
544,146.80870378264177,2025-03-15,280.4719287781489,432,0,40,0.4469135802469136,6.139998356857745E-4,2.7686315304790017,297.41259111676897,1.3484198356203907,"{""type"":""Point"",""coordinates"":[82.75029377293279,23.479729411329156]}"
545,344.82520182194975,2025-03-15,278.76137492770243,579,0,40,0.3042889390519187,2.0144628687290833E-4,1.921278209262733,297.3327048165457,1.7192254388091235,"{""type"":""Point"",""coordinates"":[82.09448730088455,22.815834041422764]}"
546,199.67297732476345,2025-03-15,281.594283921378,301,0,10,0.32952252858103565,1.3334027961775519E-5,2.952339514335106,300.57918221609935,0.7941769307877506,"{""type"":""Point"",""coordinates"":[81.3330540225694,21.196029144988316]}"
547,272.69612547473315,2025-03-15,281.97278908320834,245,0,10,0.49157509157509155,1.3334027961775519E-5,9.763160020477072,302.22020830426897,0.38102511515971715,"{""type"":""Point"",""coordinates"":[80.3300640935684,19.6403389915294]}"
548,19.56295243119882,2025-03-15,280.2397394180298,349,0,40,0.27312775330396477,1.3334027961775519E-5,5.885082810762785,301.5459267752511,0.508408039388287,"{""type"":""Point"",""coordinates"":[80.88005559613701,20.27711210063546]}"
549,339.94465316447,2025-03-15,283.1845229466756,223,0,50,0.1979449984889695,0.0010944728772201984,1.4807145383632088,297.55242556617367,1.280864764706039,"{""type"":""Point"",""coordinates"":[84.07242797156049,24.06554417935861]}"
550,302.0814725866875,2025-03-15,281.8248514902024,707,0,10,0.5963666391412056,1.3840667442366339E-5,1.7457370054176726,299.01354326520647,0.19085291653353995,"{""type"":""Point"",""coordinates"":[83.57744161259146,19.903070796200367]}"
551,344.95973954912,2025-03-15,282.12747542063397,250,0,40,0.7472235257312686,1.3334027961775519E-5,1.9200615999702748,300.2059667678106,0.6442361791743395,"{""type"":""Point"",""coordinates"":[82.29610649074058,21.503424010346766]}"
552,318.63765355961124,2025-03-15,282.5325628462292,626,0,10,0.1263948986563425,1.3334027961775519E-5,3.7021066270253966,299.86452447800406,0.5759316684683424,"{""type"":""Point"",""coordinates"":[81.61564889835218,18.828797101536765]}"
553,-0.0,2025-03-15,286.85054438454773,452,0,80,-0.23093922651933702,1.4287702278181769E-5,0.0,299.3074769519625,0.278868793885839,"{""type"":""Point"",""coordinates"":[82.23570621535886,18.29224041989347]}"
554,150.06290803056328,2025-03-15,283.98428113119945,423,0,10,0.5765579859678085,1.3334027961775519E-5,5.866048208183294,302.0563201904297,0.3639370616935889,"{""type"":""Point"",""coordinates"":[80.82911714712075,18.709325834074413]}"
555,106.3497106967956,2025-03-15,287.35996123722623,269,0,10,0.6697551290536069,4.3374768928572394E-5,14.508448738157725,298.42251368931363,0.2636716741842989,"{""type"":""Point"",""coordinates"":[84.14100248527119,19.04243869954428]}"
556,27.9263132011087,2025-03-15,281.14325155530656,581,0,40,0.34777070063694265,1.3334027961775519E-5,1.0496140704238772,299.4571990966797,0.47496565874911645,"{""type"":""Point"",""coordinates"":[81.67850850641044,19.389233083256656]}"
557,307.1866562525733,2025-03-15,284.98251983097623,247,0,10,0.5212835625409299,1.3334027961775519E-5,3.0661302509027992,302.6024104527065,0.47526022424548225,"{""type"":""Point"",""coordinates"":[81.133921834702,18.497164354711774]}"
558,-0.0,2025-03-15,279.58784325917566,576,0,30,0.40111291444470204,2.6327840522810675E-5,0.9274099368670311,297.6541101364863,1.277316654639358,"{""type"":""Point"",""coordinates"":[82.94894707892415,22.929743053470624]}"
559,249.9148172164185,2025-03-15,280.9010873067947,395,0,40,0.27553083923154703,6.676738183060138E-4,2.698775498039149,297.18849327450704,1.4643868532670732,"{""type"":""Point"",""coordinates"":[83.53531215432118,23.916315131124847]}"
560,90.0,2025-03-15,283.89498960404165,282,0,40,0.3893249607535322,1.5017859176680304E-5,0.4926092819813361,300.529540289016,0.08123606412204051,"{""type"":""Point"",""coordinates"":[83.66061299088565,19.714553788816875]}"
561,133.1073121793348,2025-03-15,280.76817598797027,366,0,80,0.3869591712370506,1.3334027961775519E-5,0.6785867886906698,300.99295988537017,0.7550555425040056,"{""type"":""Point"",""coordinates"":[81.12730219836216,20.60562601154888]}"
562,148.88889416783132,2025-03-15,283.16051578521734,597,0,40,0.2523393158459886,1.3334027961775519E-5,3.786051436959228,299.52890087309333,0.4193899098808401,"{""type"":""Point"",""coordinates"":[82.2748430484309,18.76366310082199]}"
563,79.32285726374435,2025-03-15,285.28815482911614,400,1,10,0.47297297297297297,1.670169039158509E-5,2.501426465108289,299.136235555013,0.13716278013014702,"{""type"":""Point"",""coordinates"":[83.57921590691956,19.49132164405911]}"
564,81.44544510331338,2025-03-15,281.7208998998006,606,0,10,0.6305062458908612,1.5077463821455694E-5,12.278880573098142,298.6772104899089,0.3426151649493095,"{""type"":""Point"",""coordinates"":[83.88439524113004,19.921940212368906]}"
565,46.736788752886,2025-03-15,281.5334522156489,247,0,40,0.38382308391396547,1.3334027961775519E-5,0.6766225854065924,301.39639064243863,0.33779572437216226,"{""type"":""Point"",""coordinates"":[82.72053152942553,19.75582566605178]}"
566,139.1064156447602,2025-03-15,278.97215548015777,402,0,40,0.2668246933937957,1.3334027961775519E-5,3.064471272268637,299.2327234177363,1.2710050817351028,"{""type"":""Point"",""coordinates"":[84.19935122290792,22.51862298626552]}"
567,-0.0,2025-03-15,281.45687343960714,218,0,40,0.21097560975609755,1.3334027961775519E-5,0.9274099368611016,300.73267110188806,1.2063602920060192,"{""type"":""Point"",""coordinates"":[83.29691455925496,21.751467144475985]}"
568,210.6368182896899,2025-03-15,282.1420134135655,686,0,10,0.3737192162502247,1.3334027961775519E-5,23.85151699205434,300.2569340297154,0.8779735480941573,"{""type"":""Point"",""coordinates"":[82.98754505842373,20.928736566615918]}"
569,47.1286915203487,2025-03-15,282.2329325448899,227,0,40,0.18917956931838406,1.3334027961775519E-5,0.6815916780277803,300.25715491885234,1.1546773510439694,"{""type"":""Point"",""coordinates"":[82.98257542743188,21.82526611333585]}"
570,264.1614267131133,2025-03-15,279.2842776434762,631,0,30,0.25353383458646617,9.570764704136536E-5,4.549184048658992,298.18341282435824,1.3466504657194567,"{""type"":""Point"",""coordinates"":[80.3001711533871,23.029052329569666]}"
571,208.0988420968736,2025-03-15,282.2850856326876,232,0,40,0.29722325986801146,1.3334027961775519E-5,1.0512964504369073,301.6062353224981,0.3896289562499341,"{""type"":""Point"",""coordinates"":[83.22869669702293,20.53451406526701]}"
572,215.94774347901645,2025-03-15,279.2904741650536,524,0,40,0.36319469131413673,2.1783756418614075E-4,1.718009651027202,297.2583233061291,1.2748807122887351,"{""type"":""Point"",""coordinates"":[82.72496375100732,23.16874669474689]}"
573,270.0,2025-03-15,280.52866822197325,441,0,40,0.36270608300170554,3.9343284769444153E-4,1.012893129222599,297.5577559698196,1.3536201094988027,"{""type"":""Point"",""coordinates"":[83.7484558591475,23.7109247363494]}"
574,297.52571676861044,2025-03-15,282.91001006535123,247,0,10,0.47361243692895133,1.3334027961775519E-5,19.304001575839678,301.32350304013204,0.48510241388707986,"{""type"":""Point"",""coordinates"":[83.49321102573961,20.273815134699632]}"
575,201.21879767902107,2025-03-15,280.2178655806042,464,0,10,0.47290152015862524,1.3334027961775519E-5,24.7106260155537,299.4531940278553,1.3683236977522695,"{""type"":""Point"",""coordinates"":[83.19216225384474,22.579603396226407]}"
576,110.17683486182707,2025-03-15,279.4109052476429,510,0,40,0.2748467490704452,1.4154361887364075E-4,2.6870412747986214,297.3818119594029,1.784109953367538,"{""type"":""Point"",""coordinates"":[82.24918612750042,23.26664465108347]}"
577,270.0,2025-03-15,286.98389748164584,121,0,40,0.3722345953971789,1.440691156773255E-5,0.9751175429095585,302.0382421584356,0.34740326347349254,"{""type"":""Point"",""coordinates"":[81.67317919885384,17.997912950889894]}"
578,151.69613470066017,2025-03-15,280.90274397532147,259,0,40,0.21553446553446554,1.3334027961775519E-5,1.0533151550642619,300.6686539422898,0.8460515154967577,"{""type"":""Point"",""coordinates"":[81.78760069359971,21.80554388259242]}"
579,132.74466300145733,2025-03-15,281.2430353164673,306,0,40,0.26557304367102635,1.4555923179671026E-5,3.4122219442440946,299.9466661725725,1.3833797657684714,"{""type"":""Point"",""coordinates"":[82.5973071154906,22.4496653534595]}"
580,326.32232339818734,2025-03-15,289.0189549128214,631,0,10,0.6664104534973098,1.5718213752791144E-5,20.284162466322215,301.1159428187779,0.3510227957490556,"{""type"":""Point"",""coordinates"":[83.28023769111198,18.591813993597828]}"
581,133.21789207694758,2025-03-15,279.4273731140863,663,0,40,0.24162738774497644,1.3334027961775519E-5,0.6771918807569708,299.48815264020647,0.8635417006990255,"{""type"":""Point"",""coordinates"":[81.93164845214181,20.006429147202148]}"
582,72.93329216575093,2025-03-15,277.81045881907147,746,0,40,0.1676389021707947,8.137272997288392E-5,1.5797335554191558,296.6852845691499,1.7192353633371789,"{""type"":""Point"",""coordinates"":[84.19326888741887,22.925486088076525]}"
583,35.83523578309532,2025-03-15,280.0381664548601,527,0,40,0.2718544719555331,1.3334027961775519E-5,1.715571574018418,298.0332489013672,1.435806229046156,"{""type"":""Point"",""coordinates"":[83.35961586028402,22.607460305055614]}"
584,106.38288483083839,2025-03-15,279.7428841817947,535,0,10,0.4510211145725164,9.847926302342103E-5,12.929313448938567,298.22922988165,0.9740955610985274,"{""type"":""Point"",""coordinates"":[80.27143141124984,23.259211292447095]}"
585,244.81961828360085,2025-03-15,279.9150381996518,700,0,10,0.575840768702814,1.3334027961775519E-5,5.433462602074086,299.4310121082124,0.6722636435395011,"{""type"":""Point"",""coordinates"":[81.525961701301,19.899113297917015]}"
586,215.2456132560022,2025-03-15,280.7543413525536,607,0,10,0.58023598820059,1.3334027961775519E-5,1.7030133011684851,300.1569468180338,0.4112719773672387,"{""type"":""Point"",""coordinates"":[82.33259603233478,19.357919595616977]}"
587,324.57482082757565,2025-03-15,280.4194327309018,411,0,30,0.25733581741965533,1.3334027961775519E-5,1.7067992259929838,300.96743556431363,0.7125301469505965,"{""type"":""Point"",""coordinates"":[81.50940242056753,20.410459392459256]}"
588,90.0,2025-03-15,280.40351127442864,436,0,40,0.5242675994752951,6.097381035843341E-4,0.5068884337525067,297.4400394984654,1.4490534128401975,"{""type"":""Point"",""coordinates"":[83.72613430002582,23.81410331261525]}"
589,321.2673478994317,2025-03-15,279.87478987375897,401,0,10,0.43091290261101584,1.3334027961775519E-5,2.376592460814315,301.6507386707124,0.692115060822324,"{""type"":""Point"",""coordinates"":[80.43799575349755,20.76223168482678]}"
590,180.0,2025-03-15,280.4014012018839,422,0,10,0.4479894279781008,1.3334027961775519E-5,8.7426734122403,300.79797871907556,0.21666775065174898,"{""type"":""Point"",""coordinates"":[80.77373632896226,19.713419963912777]}"
591,286.83873855634806,2025-03-15,283.49798207055954,402,1,10,0.3683111459149047,2.1812788681074835E-5,14.115373402257543,298.6912543887184,0.24786561417640118,"{""type"":""Point"",""coordinates"":[83.93661994653684,19.678634812919412]}"
592,147.54835135526474,2025-03-15,286.7592416036697,647,0,10,0.41241830065359475,1.9324294761702276E-5,2.74570956390687,297.9010874430339,0.5348503653131077,"{""type"":""Point"",""coordinates"":[84.25864315582419,19.34004596392966]}"
593,270.0,2025-03-15,279.79686832427984,665,0,10,0.38708010335917314,1.3334027961775519E-5,0.49324481028531075,299.6891326904297,0.8200880174384173,"{""type"":""Point"",""coordinates"":[81.94388802248194,19.92007536281173]}"
594,94.50163736253165,2025-03-15,281.79285162971127,717,0,40,0.295561850802644,1.4108888343855597E-5,5.887708198089866,297.1894989013672,0.2567016045499856,"{""type"":""Point"",""coordinates"":[83.14091163419427,19.13223205709852]}"
595,173.10906257576767,2025-03-15,279.6249061311994,449,0,30,0.3757600324280503,1.5671300096897767E-4,4.196557601228589,297.3132549467541,1.859686169140566,"{""type"":""Point"",""coordinates"":[82.2103300763372,23.16234984274431]}"
596,180.0,2025-03-15,280.86933158692864,350,0,40,0.6925991411972721,1.3334027961775519E-5,4.166350197307866,297.7080303373791,1.248364965808192,"{""type"":""Point"",""coordinates"":[81.00433630983571,24.01252166961631]}"
597,156.9129223771691,2025-03-15,280.7636361349197,345,0,40,0.3923981405523653,1.3334027961775519E-5,2.5189782874576827,301.142339070638,0.5061614452827955,"{""type"":""Point"",""coordinates"":[80.75415777028279,20.2198790715769]}"
598,312.5150157279707,2025-03-15,279.57757191430954,519,0,40,0.20741989881956155,6.280588312534974E-5,0.6862010707881933,297.44986906505767,1.2951407894001377,"{""type"":""Point"",""coordinates"":[81.58192385681404,23.535008103860307]}"
599,223.5711863005684,2025-03-15,281.5905171803066,663,0,10,0.25514069264069267,1.3334027961775519E-5,6.374310059459675,299.3080873035249,0.6078467437735718,"{""type"":""Point"",""coordinates"":[81.68211855355513,18.906917465069043]}"
600,229.66347356483968,2025-03-15,286.025442078,572,0,10,0.5371621621621622,1.6090742782637335E-5,17.359945970481313,300.0974985758464,0.17196522553818377,"{""type"":""Point"",""coordinates"":[81.86098284165153,18.00000639516478]}"
601,88.31620780795728,2025-03-15,282.51711223238993,867,0,10,0.7016611295681063,1.4451615051314093E-5,28.850978061022364,299.72124880836117,0.05817521686828241,"{""type"":""Point"",""coordinates"":[83.69234215438125,19.834038750315482]}"
602,12.116634344437593,2025-03-15,281.78387655530656,283,0,50,0.08748114630467571,1.3334027961775519E-5,2.3702071864931784,300.6713743663969,0.6886956288962663,"{""type"":""Point"",""coordinates"":[81.63899491540023,21.314353886073437]}"
603,64.72961179105282,2025-03-15,283.1868945984613,195,0,10,0.39793662490788506,1.3334027961775519E-5,2.171626312395455,302.5091777983166,0.3798237440513656,"{""type"":""Point"",""coordinates"":[80.40849089121741,19.24251837515819]}"
604,10.291782776192665,2025-03-15,279.82986799875897,473,1,10,0.48297520661157023,9.41579262772052E-5,2.8256798921615793,298.1882142566498,1.3754507601158692,"{""type"":""Point"",""coordinates"":[81.14113728007078,23.385163167179662]}"
605,235.3998789872125,2025-03-15,282.3746503648304,279,0,10,0.3761577532118315,1.3334027961775519E-5,17.41042650660683,301.38852001371833,0.2926063754030918,"{""type"":""Point"",""coordinates"":[83.14368579768481,19.827865898502452]}"
606,328.11520089348926,2025-03-15,278.3568862279256,653,0,40,0.25536349147971066,6.757425470738099E-5,3.8174163105493597,295.71004159109935,1.7449233770992791,"{""type"":""Point"",""coordinates"":[84.33793198152178,23.280704568928627]}"
607,312.62186765843944,2025-03-15,278.27946458544045,1099,0,40,0.20389872283217567,8.778022928623841E-5,2.0536461446859935,296.1308993384951,1.616250562091212,"{""type"":""Point"",""coordinates"":[83.55521881661491,23.03697983056141]}"
608,349.9222657619168,2025-03-15,280.2525451750982,436,0,40,0.23224181360201512,1.3334027961775519E-5,2.823787112566903,300.22612580798926,0.6968678776144409,"{""type"":""Point"",""coordinates"":[81.94118030036216,20.319764848512637]}"
609,37.843420828953185,2025-03-15,280.2133024760655,367,0,10,0.35950278050376183,1.3334027961775519E-5,6.432584292470276,301.928233555385,0.5655474443145315,"{""type"":""Point"",""coordinates"":[80.43051130120523,20.588712948566567]}"
610,143.93976408041266,2025-03-15,281.6915274574643,674,0,10,0.5577103534563653,1.3334027961775519E-5,12.422140773072634,298.90484837123324,0.6600465506904271,"{""type"":""Point"",""coordinates"":[84.35330485819895,20.549460230590515]}"
611,346.79499386809874,2025-03-15,278.966348421006,891,0,10,0.46048442906574394,1.5062562660261847E-5,17.09827511370634,296.9156370617094,1.3383110703343715,"{""type"":""Point"",""coordinates"":[83.13839251148661,22.855970004339483]}"
612,180.0,2025-03-15,279.8540727978661,627,0,10,0.48169436461327003,1.3334027961775519E-5,0.463735342881014,300.4139803931826,0.6847034733900388,"{""type"":""Point"",""coordinates"":[82.07226760883158,19.507032462718154]}"
613,107.24024345785173,2025-03-15,281.95750122978575,230,0,40,0.20614035087719298,1.3334027961775519E-5,3.1263026841235524,300.3597579229446,1.1388522295496146,"{""type"":""Point"",""coordinates"":[83.09676344484309,21.41448882349655]}"
614,14.729173443089566,2025-03-15,293.66090524764286,38,0,40,0.46786632390745503,3.748881025700257E-5,1.9172947691595197,300.3793705531529,1.562130365252203,"{""type"":""Point"",""coordinates"":[83.41783409827492,18.01658730307586]}"
615,72.59144428926183,2025-03-15,282.8907055173601,221,0,40,0.38426349496797807,1.3334027961775519E-5,1.5496600675908674,301.26361301967074,0.32373895314496254,"{""type"":""Point"",""coordinates"":[82.97673008579727,19.841708019868094]}"
616,151.83987846275906,2025-03-15,280.5253374463036,347,0,40,0.203175284273761,1.3334027961775519E-5,3.152861185732101,300.8448188418434,0.982003307244581,"{""type"":""Point"",""coordinates"":[82.431449304218,20.923904170784997]}"
617,188.6941617388369,2025-03-15,280.4516534805298,330,0,40,0.2847204328781242,1.3334027961775519E-5,3.2803642564486593,300.92946007138204,0.8733766931558486,"{""type"":""Point"",""coordinates"":[80.6494556234843,20.899083308949397]}"
618,141.12446049484777,2025-03-15,283.5536286944435,170,0,40,0.2906587272050614,1.3334027961775519E-5,2.381357790529713,301.133061726888,0.7212585908081763,"{""type"":""Point"",""coordinates"":[84.01073683304251,21.51899029291832]}"
619,252.87569040835615,2025-03-15,279.01121798015777,574,0,10,0.5971888926979774,1.3334027961775519E-5,3.1467866428930793,298.6271151588076,1.3401263927080749,"{""type"":""Point"",""coordinates"":[83.60730215130516,22.435253982396297]}"
620,19.675574092937556,2025-03-15,281.92437367212204,218,0,10,0.525785968716122,1.3334027961775519E-5,1.4771741934403255,300.8287578764416,0.6248070493604446,"{""type"":""Point"",""coordinates"":[84.14156382185418,21.217152280604513]}"
621,327.9691096410774,2025-03-15,280.4602274667649,398,0,30,0.23684975297878524,1.6374634905247376E-4,3.8234753776104435,297.62830679757246,1.1822131709558836,"{""type"":""Point"",""coordinates"":[80.3767858055946,24.022862847268627]}"
622,184.59861075692828,2025-03-15,283.5575756345476,259,0,10,0.38769916052766834,1.3334027961775519E-5,23.285174705511324,301.0988239106678,0.40937421189808754,"{""type"":""Point"",""coordinates"":[83.27448525752712,20.23006867306729]}"
623,174.35082972217123,2025-03-15,279.52039650508334,480,0,40,0.3647246608140463,9.019421739964173E-5,5.112484349488508,297.6728973388672,1.5084787701822673,"{""type"":""Point"",""coordinates"":[81.4606415008381,23.213588989024483]}"
624,98.20127898773073,2025-03-15,286.5823442822411,934,0,10,0.8268515387216774,2.7625011606602357E-4,15.838390289065059,298.8162660144624,0.12957197317958052,"{""type"":""Point"",""coordinates"":[82.25296737350584,17.96818372679259]}"
625,-0.0,2025-03-15,280.55609335218156,472,0,10,0.6175140220734576,5.928920908360169E-5,0.4637353428839794,297.34673708961117,1.178374683579799,"{""type"":""Point"",""coordinates"":[81.0520896085333,23.663065709102085]}"
626,-0.0,2025-03-15,280.0633885065714,291,0,40,0.29568491167101074,1.3572446540877081E-5,0.9274099368611016,300.2563236781529,1.1495859312657963,"{""type"":""Point"",""coordinates"":[81.67733127291635,22.094787743476097]}"
627,132.76463823844625,2025-03-15,279.04484544481545,527,0,10,0.5096876235666271,3.798054857639954E-5,2.048111460854213,299.57907177153083,1.221539259056056,"{""type"":""Point"",""coordinates"":[81.75462430307458,22.35199204512041]}"
628,270.0,2025-03-15,281.13291045597623,268,0,40,0.31989994441356306,1.3334027961775519E-5,1.4806313943467981,301.28268505278083,0.40071039464760577,"{""type"":""Point"",""coordinates"":[82.62199711599803,20.046437858985097]}"
629,199.62389649947187,2025-03-15,280.9992667152768,355,0,40,0.20075860200487672,1.3334027961775519E-5,1.47669875619982,300.8453013102213,0.8412103831801,"{""type"":""Point"",""coordinates"":[81.0126114670484,20.791522629689823]}"
630,-0.0,2025-03-15,281.9657671338036,286,0,40,0.2014771556166266,1.3334027961775519E-5,0.0,300.27094305129276,0.6343839799623927,"{""type"":""Point"",""coordinates"":[81.89151969337864,21.340851827182554]}"
631,28.68257073926404,2025-03-15,283.1103623253959,329,0,30,0.3568866571018651,0.0010401134411850421,1.0571001212801727,297.60600862048926,1.355376719358005,"{""type"":""Point"",""coordinates"":[82.82393729894041,23.945644840462347]}"
632,347.71028937305084,2025-03-15,278.8755804243542,745,0,10,0.43401920438957475,6.465362711338685E-5,2.371754345145393,296.9301983061291,1.7613155355837378,"{""type"":""Point"",""coordinates"":[82.44416997101864,23.353975746273466]}"
633,160.42379249488093,2025-03-15,280.586238906497,422,0,30,0.2824504142606076,1.3334027961775519E-5,4.4209696412511,300.95189775739397,0.5476565919084903,"{""type"":""Point"",""coordinates"":[81.13903978211664,20.390557840338992]}"
634,171.4286425520206,2025-03-15,284.75904977889286,279,0,30,0.2314990512333966,1.3334027961775519E-5,3.2792993182821277,302.07929847353984,0.4069554091718987,"{""type"":""Point"",""coordinates"":[81.71880378918515,18.593900429730763]}"
635,155.63575158335576,2025-03-15,282.29092756907147,1264,0,10,0.4835640138408305,1.3751260475203253E-5,3.5590023939529134,296.9079408191499,0.21002461566208874,"{""type"":""Point"",""coordinates"":[83.01696116088517,18.85334666637101]}"
636,340.1285376014961,2025-03-15,278.8280195054554,512,0,30,0.20551724137931035,1.05035773948714E-4,1.4789900905344828,298.5743517194475,1.359076391974722,"{""type"":""Point"",""coordinates"":[80.657405026908,22.741017305752933]}"
637,133.52882941612032,2025-03-15,285.8132431847709,173,0,10,0.33280085197018106,1.3334027961775519E-5,0.6733135030169889,302.71454075404574,0.8397108933718721,"{""type"":""Point"",""coordinates"":[81.15140068733768,18.208994969152887]}"
638,270.0,2025-03-15,284.4030753090268,584,0,10,0.6895225889138097,1.3334027961775519E-5,10.160692003706455,299.29640343075715,0.2972752436598233,"{""type"":""Point"",""coordinates"":[82.28787034056813,18.48696408577028]}"
639,291.7902896011489,2025-03-15,278.7432155155,989,0,10,0.5574509172835532,2.2874521418003724E-4,20.338159397765892,295.7935318719773,1.3353527177508961,"{""type"":""Point"",""coordinates"":[83.97656406381422,23.48992517752479]}"
640,279.5956650194964,2025-03-15,278.2921947751726,602,0,10,0.5214723926380368,3.76229207077472E-5,5.546636088717754,300.2840568905784,1.129096050305237,"{""type"":""Point"",""coordinates"":[80.72536976140415,21.59256503236259]}"
641,215.13566528694605,2025-03-15,284.2850565683274,732,0,10,0.623094958968347,1.4704934791609503E-5,8.444379235225309,298.0531986781529,0.049237120124840286,"{""type"":""Point"",""coordinates"":[83.1259422284699,18.68097604012085]}"
642,75.49486252226795,2025-03-15,278.85997286297027,613,0,10,0.49876948318293685,1.3334027961775519E-5,9.178299625664197,300.1471114385696,1.0121136193769953,"{""type"":""Point"",""coordinates"":[80.72932905437816,21.350847656424488]}"
643,202.92171887822906,2025-03-15,290.6809131531489,544,0,30,0.6457412319481285,2.6364373369602845E-4,7.509254462312364,298.71647062755767,0.6635561289163098,"{""type"":""Point"",""coordinates"":[84.30178323138678,18.927088025038724]}"
644,90.0,2025-03-15,294.98846639905656,17,0,10,0.4712556732223903,4.4507257179304816E-5,3.901805486396013,300.41265505836117,1.9139598245682707,"{""type"":""Point"",""coordinates"":[84.04443928133117,18.31192560677651]}"
645,28.202232868272777,2025-03-15,281.7469066892352,281,0,40,0.6335078534031413,1.3334027961775519E-5,1.0523118074855529,300.60267784481954,0.7080016079440071,"{""type"":""Point"",""coordinates"":[81.57603230479963,21.186459354480746]}"
646,226.5136486900861,2025-03-15,292.9312444868542,25,0,50,0.3300970873786408,2.667056723026917E-5,0.6738395496486019,300.7732972644625,0.8467166834103631,"{""type"":""Point"",""coordinates"":[83.94758181279147,18.466370472709066]}"
647,287.35858111079057,2025-03-15,280.8205092748006,336,0,40,0.22767224269917777,1.3334027961775519E-5,1.5539814216035455,301.14935520717074,0.5583465978673957,"{""type"":""Point"",""coordinates"":[80.79696555836551,20.320893714754426]}"
648,227.4976573380212,2025-03-15,280.3028148923601,414,0,40,0.5600272851296043,2.9299902124790833E-4,5.4744754430535325,297.73647853306363,1.0176911611371435,"{""type"":""Point"",""coordinates"":[80.6799798097477,23.59378435287721]}"
649,331.82365910752145,2025-03-15,281.56578340984527,310,0,40,0.19422022919780768,1.3334027961775519E-5,1.0520570278120447,300.55209423246833,0.728165618626968,"{""type"":""Point"",""coordinates"":[81.68902391257936,21.025395722381575]}"
650,78.4888762919276,2025-03-15,279.8932689939227,637,0,10,0.7388292344994805,6.891535921482728E-5,13.677306787925062,297.08093770345056,1.3674017414609405,"{""type"":""Point"",""coordinates"":[84.26188727301707,23.588007013549866]}"
651,125.90236661571956,2025-03-15,278.96531954265777,482,0,10,0.29545454545454547,1.3334027961775519E-5,20.438833685292483,300.6167508079892,0.587368761029212,"{""type"":""Point"",""coordinates"":[81.4430084506631,20.208477948031124]}"
652,133.18298766253346,2025-03-15,283.1617481140863,205,0,40,0.36419109986605147,1.3334027961775519E-5,1.3550730640064472,301.2140234084357,0.3809524233399759,"{""type"":""Point"",""coordinates"":[83.40308628150488,20.198352290216054]}"
653,233.51362180338117,2025-03-15,279.9387372788929,366,0,40,0.2787442773054284,1.3334027961775519E-5,3.116470734298139,299.18026806059333,1.3642461083730737,"{""type"":""Point"",""coordinates"":[83.81730718631003,22.408070488998096]}"
654,312.4411504561874,2025-03-15,281.04705433618454,403,0,30,0.4090764836559822,1.4764539436384894E-5,1.374138014762966,297.46627880278083,1.1470234830287813,"{""type"":""Point"",""coordinates"":[81.10414684564336,23.87311640555253]}"
655,290.23349064841875,2025-03-15,278.8958382833572,659,0,40,0.40287014350717537,1.0962533159641907E-4,2.679841903999976,298.15697006952195,1.416087681861559,"{""type"":""Point"",""coordinates"":[80.60367971572552,22.8559603210362]}"
656,306.0872876755092,2025-03-15,280.792776062375,314,0,10,0.47002162374680556,1.3334027961775519E-5,8.5954620079713,301.13954889206656,1.082237960879228,"{""type"":""Point"",""coordinates"":[83.63502358354927,21.927631238969294]}"
657,169.58324570778257,2025-03-15,284.4354065032232,864,0,10,0.5661681942434476,3.8338176445051886E-5,35.28851743044278,297.99114626929867,0.22439223650390513,"{""type"":""Point"",""coordinates"":[82.448156929566,18.419175523227974]}"
658,107.07946745362653,2025-03-15,279.5056201843988,506,0,10,0.4309371471584494,5.419301195530579E-5,1.5785890840692034,298.80779665992367,1.5026810951961425,"{""type"":""Point"",""coordinates"":[80.35361570775146,22.81799815942838]}"
659,140.1475819632093,2025-03-15,281.5895929336548,533,0,10,0.4844695441710367,1.339363260655091E-5,21.31042810820196,300.4256468273344,0.2016359423667048,"{""type"":""Point"",""coordinates"":[83.73345992412159,20.119542991257056]}"
660,183.4447441268303,2025-03-15,278.1305388041905,686,0,10,0.46352514725872224,2.7914094133763E-4,8.303894577583101,298.68451145717074,1.4731459513384633,"{""type"":""Point"",""coordinates"":[82.0670448473126,22.641911462726437]}"
661,125.27284550954523,2025-03-15,282.5527160735357,212,0,30,0.27066174382277763,1.3334027961775519E-5,2.4077709839652424,302.25613185337613,0.30058654845060184,"{""type"":""Point"",""coordinates"":[80.40600382032393,19.41992676451005]}"
662,121.93189066559347,2025-03-15,280.7915960493542,307,0,30,0.29098360655737704,1.3334027961775519E-5,3.502802964934548,300.8122958228701,0.9278977741763272,"{""type"":""Point"",""coordinates"":[82.63677588370669,20.800239533218807]}"
663,335.28687969164804,2025-03-15,281.3912461144584,339,0,10,0.2422192151556157,1.3334027961775519E-5,3.568884176743344,300.8463708786738,0.7125899598705805,"{""type"":""Point"",""coordinates"":[82.29247842792306,21.37441551621406]}"
664,98.71050890937408,2025-03-15,284.2850565683274,499,0,10,0.7606837606837606,1.4704934791609503E-5,30.451246504773398,298.0531986781529,0.049237120124840286,"{""type"":""Point"",""coordinates"":[83.13355264511063,18.71768927410732]}"
665,180.0,2025-03-15,279.1035496393839,614,0,40,0.2306378132118451,2.4778889818577454E-4,2.3174627380815918,297.45489719935824,1.2128840464101616,"{""type"":""Point"",""coordinates"":[80.8828306944914,23.299109409479286]}"
666,287.49471158558606,2025-03-15,283.05333223797027,296,0,10,0.3529099593136388,1.3334027961775519E-5,1.5422689751304408,301.8172367640904,0.4305577092878897,"{""type"":""Point"",""coordinates"":[80.45286412599407,18.987387470558826]}"
667,280.5410458762184,2025-03-15,282.0851286479405,295,0,40,0.4039041421996509,1.3334027961775519E-5,2.5333090996676058,299.91918291364397,0.9207141175757987,"{""type"":""Point"",""coordinates"":[82.69281882938073,21.502865736488175]}"
668,132.8072350820047,2025-03-15,280.96530791691373,287,0,40,0.3352240499149178,1.3334027961775519E-5,1.3646346173283224,299.9924018496559,1.130128049978178,"{""type"":""Point"",""coordinates"":[83.03551314739312,22.14307346701881]}"
669,127.0644032382315,2025-03-15,281.67646049317864,492,0,10,0.4653077224617797,1.3334027961775519E-5,6.13192772954155,301.2438201904297,0.41586113932634194,"{""type"":""Point"",""coordinates"":[80.86570784498232,19.239867882636844]}"
670,90.0,2025-03-15,280.6466288339524,351,0,40,0.2113370301910043,1.3334027961775519E-5,0.9923904417653395,301.0632549467541,0.8783564065738538,"{""type"":""Point"",""coordinates"":[80.66448357291448,20.851676136250926]}"
671,180.0,2025-03-15,284.76397328149704,133,0,10,0.5511427500936681,1.3423434928938605E-5,0.463735342881014,302.40767342703685,0.6099121825084509,"{""type"":""Point"",""coordinates"":[80.83997265439515,18.30171772817112]}"
672,144.38268996942713,2025-03-15,282.12549904414584,287,0,40,0.4155333937745542,1.3334027961775519E-5,1.7108873884471978,300.02075122651604,1.1280043068929642,"{""type"":""Point"",""coordinates"":[83.03101429091035,21.472353603054657]}"
673,107.48366371912155,2025-03-15,281.79285162971127,826,0,40,0.28429530201342285,1.4108888343855597E-5,3.084189415149098,297.1894989013672,0.2567016045499856,"{""type"":""Point"",""coordinates"":[83.11331233997122,19.09834957694201]}"
674,203.010139315493,2025-03-15,280.55609335218156,505,0,10,0.4148588410104012,5.928920908360169E-5,8.994367270826148,297.34673708961117,1.178374683579799,"{""type"":""Point"",""coordinates"":[81.08355985592445,23.692731353842305]}"
675,90.0,2025-03-15,283.4669471468244,827,0,40,0.26892555737498425,1.3334027961775519E-5,0.48998844762866667,297.57806614467074,0.20651625474583288,"{""type"":""Point"",""coordinates"":[82.82079774578442,18.840536825911386]}"
676,18.617600114147834,2025-03-15,282.27146026066373,346,0,30,0.31846407299455076,1.1573480768589661E-4,6.335640842044891,297.58166431245354,1.4037149574452736,"{""type"":""Point"",""coordinates"":[82.47438819697017,24.026037760107783]}"
677,64.67495363066072,2025-03-15,282.76364194779165,618,0,10,0.5333212275286,1.3334027961775519E-5,2.167251838084281,300.0491238548642,0.19154801167284247,"{""type"":""Point"",""coordinates"":[81.95632900837545,18.832605921180186]}"
678,69.27724154843287,2025-03-15,281.4769452867054,561,0,10,0.3729656419529837,1.3334027961775519E-5,2.619342037308916,301.05593654087613,0.2107512860552344,"{""type"":""Point"",""coordinates"":[82.13348421341304,18.94991809881209]}"
679,10.188847920109167,2025-03-15,279.77916231609527,298,0,40,0.2687296416938111,6.399797602085755E-5,2.8247644347939223,300.32593282063806,1.310265276843307,"{""type"":""Point"",""coordinates"":[81.4325951651755,21.978131864206173]}"
680,350.0646224441994,2025-03-15,287.21672044481545,127,0,30,0.281136638452237,1.3334027961775519E-5,2.822551454087812,302.81251089913496,0.8685199864500834,"{""type"":""Point"",""coordinates"":[81.0855856059656,17.920165780520396]}"
681,294.7921869730642,2025-03-15,279.30552950359527,366,0,10,0.5283167692064994,1.3334027961775519E-5,5.512550255438319,299.25115022205176,1.2934081583776504,"{""type"":""Point"",""coordinates"":[83.0121271918909,22.51219497791236]}"
682,41.22313745603577,2025-03-15,281.5336091631935,449,0,30,0.2710327455919396,1.929449243931458E-5,3.0798340731604723,296.90479024251306,1.247435593971379,"{""type"":""Point"",""coordinates"":[82.11837498507785,24.064761379773326]}"
683,313.04030916371806,2025-03-15,281.7456104187738,304,0,40,0.2573192803151283,1.3334027961775519E-5,0.6794360292440362,300.58416966029574,0.8001632268518755,"{""type"":""Point"",""coordinates"":[81.51322311712799,20.96013618224544]}"
684,35.477552052441276,2025-03-15,281.01757726215175,332,0,40,0.29148706896551724,1.3334027961775519E-5,1.7079097768304758,300.79439217703685,0.8844771444349955,"{""type"":""Point"",""coordinates"":[82.73727175162028,20.70575384999962]}"
685,12.254865917223954,2025-03-15,279.2669378462292,600,0,40,0.18129537098142737,1.1567520304112122E-4,2.371440962054185,297.3658963158017,1.2145582308649734,"{""type"":""Point"",""coordinates"":[82.8956173646887,22.961001625279994]}"
686,263.41292697895125,2025-03-15,279.3820385251726,700,0,10,0.7256067360079247,1.3334027961775519E-5,4.035968836040224,298.7510804675875,1.3935679969655232,"{""type"":""Point"",""coordinates"":[82.78943822196958,22.511398966900472]}"
687,135.36574002055144,2025-03-15,284.82352034250897,373,1,10,0.3596686842943613,2.8443805412337042E-5,26.06264240890271,298.87489464169454,0.38227668651594654,"{""type"":""Point"",""coordinates"":[84.0028616909011,19.578658536112915]}"
688,122.30710895119907,2025-03-15,284.55005959102084,227,0,10,0.3287430808694478,1.3334027961775519E-5,3.4665410604475113,301.9256235758463,0.5604141448313116,"{""type"":""Point"",""coordinates"":[81.23826619867481,18.464812039964]}"
689,170.95356601905397,2025-03-15,284.8847182591756,991,0,10,0.7170022371364653,2.1894025011448548E-4,15.13426747168095,297.4934830438523,0.18317676465498522,"{""type"":""Point"",""coordinates"":[82.16561756685644,17.89255183992259]}"
690,160.0065959616804,2025-03-15,280.3491144180298,430,0,20,0.33581235697940504,1.0569142504124329E-4,2.9582900825899747,297.72073146275113,1.297052509405203,"{""type"":""Point"",""coordinates"":[81.29123778185968,23.629757801333334]}"
691,207.9102656196516,2025-03-15,281.91481149764286,631,0,30,0.29635416666666664,1.3334027961775519E-5,2.098212982906799,300.1813260033017,0.3750234356066823,"{""type"":""Point"",""coordinates"":[81.5421086303433,19.277908870067172]}"
692,39.11646592300145,2025-03-15,277.99823783692864,794,0,30,0.2291633210213586,2.1172808809666321E-4,2.389469856102443,297.35165477934333,1.5508296615203874,"{""type"":""Point"",""coordinates"":[81.08673256419536,22.730574879330106]}"
693,243.20688369212976,2025-03-15,282.2769592375982,363,0,10,0.4199706314243759,1.3334027961775519E-5,31.40377207047853,300.8761909121559,0.5656967750509048,"{""type"":""Point"",""coordinates"":[84.28963612542732,20.657181408402316]}"
694,115.24594273074433,2025-03-15,280.3889093399048,542,0,30,0.2577000832441432,1.3334027961775519E-5,1.0871857206626667,300.19814264206656,0.5684243036775902,"{""type"":""Point"",""coordinates"":[81.20058599856414,19.4228885478186]}"
695,291.9338133228016,2025-03-15,283.34040673573816,233,0,10,0.34739410841903434,1.3334027961775519E-5,3.719278463770531,300.90555754162017,0.25069710626620617,"{""type"":""Point"",""coordinates"":[83.07332207499283,20.016472015963107]}"
696,-0.0,2025-03-15,280.44220175061906,498,0,30,0.22825796093122827,1.3334027961775519E-5,1.3909630807829783,300.6767222086589,0.654241127065714,"{""type"":""Point"",""coordinates"":[81.2948147522224,19.47264179305044]}"
697,99.35261480340883,2025-03-15,283.8257815497262,650,0,10,0.6831405538030144,1.3334027961775519E-5,21.724499082909475,298.48111906505767,0.5159730780295049,"{""type"":""Point"",""coordinates"":[82.4469999785894,18.73369613982101]}"
698,34.521096103302604,2025-03-15,280.14861102331247,404,1,10,0.4869868526965388,1.5181771949812628E-5,6.167464589687173,299.3384653727213,1.1047613320765186,"{""type"":""Point"",""coordinates"":[81.87537656277344,22.30367771330429]}"
699,270.0,2025-03-15,282.4179853257679,294,1,40,0.289387808380107,1.3334027961775519E-5,0.49770091074231454,300.24261111304867,0.7127948862069419,"{""type"":""Point"",""coordinates"":[82.23544928621358,21.290284475288225]}"
700,6.116538912990371,2025-03-15,281.36484404972623,263,0,40,0.569408544929299,1.3334027961775519E-5,4.653744832757283,300.57910083589104,0.9945061831305447,"{""type"":""Point"",""coordinates"":[82.72954685301903,21.065139785401712]}"
701,258.46440156809575,2025-03-15,279.52498867398214,612,0,10,0.3801468241302266,1.2041377230076478E-4,4.627903560300001,298.1860751197451,0.9614310928738747,"{""type"":""Point"",""coordinates"":[80.43182348076083,23.30031569009104]}"
702,47.18398319591243,2025-03-15,280.0484319868542,300,0,40,0.25206349206349205,1.3334027961775519E-5,0.6823012015935991,300.13540431431363,1.2229407429131178,"{""type"":""Point"",""coordinates"":[81.58757100912324,22.100153161506366]}"
703,293.4077934220893,2025-03-15,280.910934312003,893,0,10,0.7191674433053743,1.3334027961775519E-5,6.969359040785818,298.9478578113374,0.5391254000497292,"{""type"":""Point"",""coordinates"":[83.9796297055663,20.289883792027954]}"
704,294.7160898826469,2025-03-15,279.90635376884825,459,0,10,0.7442649112308,1.1552619142918275E-4,5.528353257589453,297.546385992141,1.29842418333303,"{""type"":""Point"",""coordinates"":[82.69128255132588,22.98962657458491]}"
705,226.4951820855451,2025-03-15,285.033737046378,158,0,10,0.341534856473345,1.3334027961775519E-5,2.692583082075399,303.09646388462613,0.4960571371231818,"{""type"":""Point"",""coordinates"":[80.92014385169523,18.354395475005457]}"
706,-0.0,2025-03-15,280.41606707799997,375,0,80,-0.25075075075075076,1.3334027961775519E-5,0.0,300.44538734072734,0.6833307725484277,"{""type"":""Point"",""coordinates"":[81.6626053614294,20.5246021458411]}"
707,299.48992619810156,2025-03-15,280.4981680824643,522,0,10,0.32688207315072987,1.3334027961775519E-5,5.634094531350991,300.6799657912482,0.6142002851856215,"{""type"":""Point"",""coordinates"":[81.39687932728074,19.51316762221986]}"
708,55.575709263281404,2025-03-15,280.79627541133334,355,0,10,0.7681970884658454,3.297375841526673E-5,2.45947384263347,297.62812078566776,1.2685492949259487,"{""type"":""Point"",""coordinates"":[80.68621174310935,23.96625321851749]}"
709,299.07246969170484,2025-03-15,277.8379188265119,602,0,40,0.20948919074038647,1.9122409029392884E-4,2.86074466847578,299.6463499523344,1.5193807775103516,"{""type"":""Point"",""coordinates"":[80.80460766562736,22.088509515524834]}"
710,150.62758032762287,2025-03-15,285.4428237279256,641,0,10,0.4043113378311667,3.15581481018512E-5,24.47047129261257,299.4687318347749,0.3411943010818534,"{""type"":""Point"",""coordinates"":[84.02029319671999,19.481876253972437]}"
711,-0.0,2025-03-15,283.8469578425089,574,0,40,0.42270419935394554,1.3334027961775519E-5,0.0,298.13430568150113,0.29239770446741875,"{""type"":""Point"",""coordinates"":[82.54784263840783,18.836337831578515]}"
712,287.15108935729074,2025-03-15,279.45916371118454,346,0,10,0.6203576341127923,1.3334027961775519E-5,1.5721970606732878,300.62582470121833,1.093341833626775,"{""type"":""Point"",""coordinates"":[83.19999442281592,22.203287529473876]}"
713,155.26731994471385,2025-03-15,281.30387283506855,264,0,80,0.23473837209302326,1.3334027961775519E-5,3.5694437402508568,300.60254414876306,0.7777608497923109,"{""type"":""Point"",""coordinates"":[81.37451711870524,21.50553816242422]}"
714,207.75080116461714,2025-03-15,286.2457441148304,92,0,10,0.3345679012345679,1.3691655830427862E-5,1.047917848116583,303.3907521565755,0.8126746148467362,"{""type"":""Point"",""coordinates"":[80.85537283177575,18.137237791075854]}"
715,270.0,2025-03-15,289.0051319031489,323,0,10,0.7090810222947254,1.3334027961775519E-5,22.673280301780423,299.50823611304867,0.3844292406237156,"{""type"":""Point"",""coordinates"":[83.1808047728318,18.31425698659698]}"
716,270.0,2025-03-15,284.40737102145243,108,0,40,0.2675406652100024,1.3334027961775519E-5,0.9804514110620391,302.6495005289713,0.47752672549322184,"{""type"":""Point"",""coordinates"":[80.29154308293694,18.934488635574944]}"
717,123.10376826694176,2025-03-15,281.8006060009911,434,0,40,0.2010443864229765,1.8996469215437628E-5,4.237787504547642,296.9780614943732,1.3884606510967024,"{""type"":""Point"",""coordinates"":[82.35832700502095,24.10807085997564]}"
718,266.3819674090524,2025-03-15,283.7001886367798,875,0,10,0.6759142496847415,1.3334027961775519E-5,7.308929705576741,297.8296646844773,0.29600784725711465,"{""type"":""Point"",""coordinates"":[82.44531082565801,18.475525178746803]}"
719,294.9488693027741,2025-03-15,281.32143933432445,299,0,30,0.22843429757426384,1.3334027961775519E-5,1.0992848170337686,300.5980798630488,0.5947927712113358,"{""type"":""Point"",""coordinates"":[81.84404570324331,21.496020460217654]}"
720,90.0,2025-03-15,279.2698965980893,482,0,40,0.5198148683829911,1.0590004129795716E-4,0.504533889940061,297.53265017554867,1.4313325106204031,"{""type"":""Point"",""coordinates"":[81.41789135303819,23.199935574972148]}"
721,141.51314181852422,2025-03-15,286.4995341073899,185,0,40,0.43801242236024845,2.3198596672102667E-5,2.368473938669566,300.0303599039713,0.1357946465209518,"{""type"":""Point"",""coordinates"":[83.83075599035197,19.382579074138132]}"
722,349.93449359845675,2025-03-15,279.1633234024047,649,0,10,0.4701559419250762,1.3334027961775519E-5,2.823680248991253,299.6884525844029,0.8507052050793046,"{""type"":""Point"",""coordinates"":[81.81671128424239,20.126462707931687]}"
723,313.8911145859712,2025-03-15,280.12132540203277,604,0,10,0.5162204724409449,5.715613286056964E-4,13.775306924669833,297.5912322998047,1.1866527352919347,"{""type"":""Point"",""coordinates"":[82.85047960684716,23.62121224401768]}"
724,180.0,2025-03-15,280.5966032573155,332,0,40,0.19440685611186287,1.3334027961775519E-5,0.9274099368670311,300.6776115780785,0.9331020881601307,"{""type"":""Point"",""coordinates"":[80.25819602982637,21.39861445378573]}"
725,180.0,2025-03-15,281.420694124131,169,0,10,0.5285918513223731,1.3334027961775519E-5,0.463735342881014,301.6644337972006,0.7560558032668878,"{""type"":""Point"",""coordinates"":[83.57364436159392,21.132063417824966]}"
726,190.2474514174696,2025-03-15,278.2919506345476,884,0,10,0.4722682881886862,1.6464041872410462E-4,8.421553924944964,296.8868749709356,1.4428220390452573,"{""type"":""Point"",""coordinates"":[81.06687933882439,22.792549559583478]}"
727,28.246055434125132,2025-03-15,285.2676586423601,185,0,40,0.7347395333972515,1.3334027961775519E-5,1.0527437971685845,300.9046449207125,0.777464564938862,"{""type"":""Point"",""coordinates"":[83.83467373780697,21.45610118543808]}"
728,96.77791060095892,2025-03-15,286.51227010999406,195,0,10,0.467442706438705,1.3334027961775519E-5,3.9231995876272556,302.6895860944475,0.8230734159287754,"{""type"":""Point"",""coordinates"":[81.24942138050673,18.045212845703393]}"
729,31.931588472937182,2025-03-15,281.62335409436906,556,0,10,0.7300015236934329,1.3751260475203253E-5,21.356396266397834,300.02406456356954,0.20784587464890145,"{""type"":""Point"",""coordinates"":[83.82370437533056,20.06996602461682]}"
730,274.1027966154837,2025-03-15,282.16529396602084,308,0,10,0.24158262218774243,1.3334027961775519E-5,6.4543279920730185,300.24669174920945,0.7939845221901157,"{""type"":""Point"",""coordinates"":[82.21100435212617,21.17387039748198]}"
731,39.10206189349286,2025-03-15,282.98959990910123,390,0,10,0.5512104283054003,1.3334027961775519E-5,7.721605062202177,300.820800054641,0.2800741833313243,"{""type"":""Point"",""coordinates"":[81.14700852895105,18.83211459436418]}"
732,203.89254393710715,2025-03-15,282.61644258953277,757,0,10,0.5434782608695652,1.4526120857283331E-5,11.99468566491629,299.31767854236426,0.13529341988016155,"{""type"":""Point"",""coordinates"":[83.8215433282188,19.848466244577907]}"
733,227.64315495340148,2025-03-15,285.7134943008422,871,0,30,0.5116533139111434,3.9237486524967835E-4,15.445740091876292,297.5051146007719,0.15443828352294503,"{""type"":""Point"",""coordinates"":[82.26637174749611,17.938497635604147]}"
734,347.79259597038885,2025-03-15,278.75092919667566,503,0,10,0.577834179357022,2.668546839146302E-5,2.3710156457661316,299.774395897275,1.293846493801828,"{""type"":""Point"",""coordinates"":[80.52116649877725,22.41363200444505]}"
735,238.07303872009396,2025-03-15,280.9108936218989,362,0,10,0.2536833645861238,1.3334027961775519E-5,6.980570364404522,300.60281154087613,0.6777012156078621,"{""type"":""Point"",""coordinates"":[82.04659214455134,20.829033037027695]}"
736,138.19230569962372,2025-03-15,283.14980266207743,720,0,30,0.4945525986783354,2.877163095860169E-5,11.657369222559792,297.78627740769156,0.6120271620213371,"{""type"":""Point"",""coordinates"":[84.07212108911438,19.680210666351137]}"
737,166.48955191783764,2025-03-15,277.4086149760655,703,0,10,0.3770127706829539,1.557891289749591E-4,4.2844900405052755,298.8300308954148,1.638234364728029,"{""type"":""Point"",""coordinates"":[80.88716105170975,22.349933717631203]}"
738,180.0,2025-03-15,282.0146185102917,262,0,40,0.20183869619724196,1.3334027961775519E-5,0.9274099368611016,300.1260514032273,0.5141605280304656,"{""type"":""Point"",""coordinates"":[82.06253509850431,21.567020219937724]}"
739,252.44919692689376,2025-03-15,285.3480739139375,93,0,40,0.6916848333852382,1.3334027961775519E-5,1.5374966564378139,303.69446890694746,0.4237066742119286,"{""type"":""Point"",""coordinates"":[80.37513008230182,18.4093692031566]}"
740,90.0,2025-03-15,278.485879671006,568,0,10,0.41006711409395974,3.6726640863804505E-4,10.94372481567227,296.92068263462613,1.863378670701118,"{""type"":""Point"",""coordinates"":[81.7542683751566,22.94249585985193]}"
741,11.17790147222544,2025-03-15,277.579635483878,741,0,30,0.1787109375,2.530341069260089E-4,5.185635393843607,296.6990087599981,1.3527274932279907,"{""type"":""Point"",""coordinates"":[81.1915684574071,23.057799936139226]}"
742,270.0,2025-03-15,283.77585479191373,99,0,80,0.0580936266215454,1.3334027961775519E-5,0.4904233101340202,302.38780503045945,0.4659945146000672,"{""type"":""Point"",""coordinates"":[80.27169850948091,18.989092489167984]}"
743,65.39391604788965,2025-03-15,280.1099903015864,453,0,40,0.4834160355184121,2.5973962946324036E-4,1.1136222595794536,297.47267296200704,1.0215945022446176,"{""type"":""Point"",""coordinates"":[80.45876649039792,23.662232928504018]}"
744,288.8390063452425,2025-03-15,280.2288170314971,577,0,10,0.360151581402128,1.3334027961775519E-5,5.725443315620702,300.3061283656529,0.7192513932031485,"{""type"":""Point"",""coordinates"":[81.55660374679299,20.237737812910233]}"
745,180.0,2025-03-15,280.0248666036697,369,0,30,0.22881813275769022,1.3334027961775519E-5,0.4637353428839794,301.0806121826172,0.7329119248089803,"{""type"":""Point"",""coordinates"":[80.50911986760916,20.77979126154941]}"
746,139.61664160121217,2025-03-15,281.19489892323816,573,0,10,0.27503974562798095,7.317786137619464E-4,5.46266291440089,297.41227140880767,1.4111100514659394,"{""type"":""Point"",""coordinates"":[83.33740190100323,23.875843631019993]}"
747,60.783090504285575,2025-03-15,279.8881594794137,417,0,10,0.28603859250851305,1.3334027961775519E-5,5.681721256569782,300.7825804210844,1.0652067951288953,"{""type"":""Point"",""coordinates"":[80.71099659345109,21.233196681545664]}"
748,51.14826547891529,2025-03-15,281.5529950913929,589,0,10,0.6264802950883324,1.3334027961775519E-5,4.4267527882042215,299.2145291283017,0.3588874458719022,"{""type"":""Point"",""coordinates"":[83.85368568352683,19.989176526709215]}"
749,121.61617273147111,2025-03-15,278.1305388041905,518,0,10,0.55970625798212,2.7914094133763E-4,5.2926646349786415,298.68451145717074,1.4731459513384633,"{""type"":""Point"",""coordinates"":[82.14905259160439,22.57357890784072]}"
750,75.94369005591597,2025-03-15,288.7595148086547,323,0,10,0.5350526698147475,1.619505091099427E-5,16.695425112004457,300.1398569742838,0.3859083341098674,"{""type"":""Point"",""coordinates"":[83.63024765072659,18.941771812835437]}"
751,340.0397326958604,2025-03-15,279.50416696639286,559,0,40,0.25290628706998813,2.1440259651228644E-5,1.4798204892020863,297.15803963797435,0.993158356960483,"{""type"":""Point"",""coordinates"":[83.34149273935634,23.39230726566818]}"
752,208.24469030356497,2025-03-15,281.6228018715268,292,0,40,0.4207614708753661,1.3334027961775519E-5,1.0527303254778644,300.5919065929594,0.721786589514496,"{""type"":""Point"",""coordinates"":[81.48183527207537,21.447853413570346]}"
753,72.61556146257156,2025-03-15,281.5895929336548,328,0,10,0.4558995327102804,1.339363260655091E-5,6.1843580621080605,300.4256468273344,0.2016359423667048,"{""type"":""Point"",""coordinates"":[83.66406161719286,20.074524774462166]}"
754,324.54499815168543,2025-03-15,281.47986334846127,163,0,40,0.28753649915475643,1.3334027961775519E-5,1.7074312548157142,301.72573053269156,0.49642678763449316,"{""type"":""Point"",""coordinates"":[83.78003342184917,20.579404939562625]}"
755,312.7438620118298,2025-03-15,279.3820385251726,358,0,10,0.5321725965177896,1.3334027961775519E-5,4.771775630108683,298.7510804675875,1.3935679969655232,"{""type"":""Point"",""coordinates"":[82.8207246292615,22.45266240885056]}"
756,313.5821560985665,2025-03-15,291.7969962074643,75,0,30,0.524390243902439,1.3334027961775519E-5,1.3451242143489828,300.52437264578685,0.7525760534241577,"{""type"":""Point"",""coordinates"":[83.12766758535749,17.881487577149333]}"
757,19.749276151322466,2025-03-15,279.6906032108125,291,0,40,0.5818852027382833,3.228830500034974E-5,1.477854866934387,300.5871109735398,1.1168401127138983,"{""type"":""Point"",""coordinates"":[81.42793759035635,21.806023362839163]}"
758,334.946175174646,2025-03-15,292.236373765128,41,0,10,0.304272617194257,1.688050432591126E-5,4.597307313081653,300.49184962681363,0.7890258671038332,"{""type"":""Point"",""coordinates"":[83.32830845331861,18.051224668011418]}"
759,82.52720522588282,2025-03-15,278.9270010902768,628,0,10,0.40026863666890533,1.7527984781651185E-4,7.0950161960597375,297.44734627859935,1.105301938375986,"{""type"":""Point"",""coordinates"":[80.66711237454301,23.33812010686206]}"
760,180.0,2025-03-15,277.8379188265119,578,0,40,0.28981152690521716,1.9122409029392884E-4,0.4637353428839794,299.6463499523344,1.5193807775103516,"{""type"":""Point"",""coordinates"":[80.75076314800197,22.058045130418872]}"
761,-0.0,2025-03-15,281.6995550337292,294,0,40,0.2018566067548884,1.3334027961775519E-5,1.8543341688414132,300.39834376743863,0.6989916998844611,"{""type"":""Point"",""coordinates"":[81.67328182572179,21.082785756963663]}"
762,294.8719084300858,2025-03-15,280.79782163529165,229,0,10,0.322648671446647,1.3334027961775519E-5,1.1024681515345387,300.33180963425417,1.120059380814783,"{""type"":""Point"",""coordinates"":[83.20893412156767,22.00115590463792]}"
763,-0.0,2025-03-15,281.9391325541905,176,0,10,0.3246870758558287,1.3334027961775519E-5,0.0,301.56205168224517,0.6034831720568673,"{""type"":""Point"",""coordinates"":[83.46653587158028,20.767250753710975]}"
764,327.3360194912583,2025-03-15,280.0983180545625,342,0,40,0.6401544401544401,1.3334027961775519E-5,2.752204101240581,301.8641931442988,0.6729951540934349,"{""type"":""Point"",""coordinates"":[82.16034974103276,20.627500771725078]}"
765,144.53957279754522,2025-03-15,281.47986334846127,189,0,10,0.4904386951631046,1.3334027961775519E-5,8.47784221890117,301.72573053269156,0.49642678763449316,"{""type"":""Point"",""coordinates"":[83.8219982950663,20.610008990127294]}"
766,310.92103939701866,2025-03-15,279.04484544481545,568,0,10,0.658835546475996,3.798054857639954E-5,10.500660413492692,299.57907177153083,1.221539259056056,"{""type"":""Point"",""coordinates"":[81.78530813448445,22.38252539106097]}"
767,196.14734195313827,2025-03-15,280.6433794384911,536,0,10,0.5901311402533896,1.3334027961775519E-5,10.502198022330209,300.2023104713076,0.35536739270512624,"{""type"":""Point"",""coordinates"":[80.9032674581303,19.616298862700823]}"
768,247.7392137324689,2025-03-15,280.12344710032147,464,0,30,0.3038461538461538,2.6447049812361456E-5,4.884830200652571,297.6111995152065,1.3606438967353622,"{""type"":""Point"",""coordinates"":[82.65143496027326,22.928050723282897]}"
769,221.44658969632727,2025-03-15,286.77705224355066,470,1,30,0.5851168916694106,2.2781364158674933E-5,7.38301683919353,299.4446142287482,0.2690728959814705,"{""type"":""Point"",""coordinates"":[83.65337127213564,19.320501603678643]}"
770,180.0,2025-03-15,284.40737102145243,107,0,40,0.21713557494363298,1.3334027961775519E-5,0.463735342881014,302.6495005289713,0.47752672549322184,"{""type"":""Point"",""coordinates"":[80.31349070169895,18.90807315195349]}"
771,107.48305726968626,2025-03-15,281.6773673012143,586,0,10,0.5906158357771261,1.3334027961775519E-5,1.543264440226586,299.4318084716797,0.27434700293669845,"{""type"":""Point"",""coordinates"":[82.42274636846945,19.10497117233598]}"
772,190.05612402726135,2025-03-15,279.4954534712292,619,0,40,0.44249049429657794,1.3334027961775519E-5,2.8235983455103995,299.5520244780041,0.8300978294997453,"{""type"":""Point"",""coordinates"":[81.77770021763506,19.97689624640801]}"
773,19.70372171971149,2025-03-15,279.302041780381,341,0,10,0.5561739130434783,1.3334027961775519E-5,2.952905427332557,300.69270760672435,1.0197290108377837,"{""type"":""Point"",""coordinates"":[80.59330721532329,21.443954012715764]}"
774,12.038806708274077,2025-03-15,280.55922067733036,364,0,10,0.26205903527717783,1.3334027961775519E-5,9.39827629135123,301.57769993373324,0.5402524093547585,"{""type"":""Point"",""coordinates"":[80.53701898246895,20.314126002415083]}"
775,60.771156669034944,2025-03-15,281.21490682874406,233,0,10,0.4207928197456993,1.3334027961775519E-5,2.8468034236678683,301.2184063139416,0.6462998307170287,"{""type"":""Point"",""coordinates"":[84.15315916171708,21.161512286441166]}"
776,103.10486968447526,2025-03-15,281.8607866650536,268,0,40,0.2625675114250104,1.3334027961775519E-5,2.0444593871755257,300.1476055326916,1.0881186757008565,"{""type"":""Point"",""coordinates"":[82.91830515687617,21.37963151926162]}"
777,-0.0,2025-03-15,280.4679760251726,343,0,30,0.24366322761431664,1.3334027961775519E-5,0.0,300.937499273391,0.826339801978476,"{""type"":""Point"",""coordinates"":[82.20366604244154,20.903993692522228]}"
778,133.36254416823235,2025-03-15,288.87895189012795,103,0,40,0.40009965122072744,2.406286402134583E-5,1.3505715511441292,301.09927150181363,0.28234311390988154,"{""type"":""Point"",""coordinates"":[83.78222880941868,19.19290083013105]}"
779,-0.0,2025-03-15,282.0941967282976,583,0,40,0.22084367245657568,1.3334027961775519E-5,1.390963080774087,299.29470025925417,0.35009982151848795,"{""type"":""Point"",""coordinates"":[82.7124472626319,19.284763182166028]}"
780,72.72175925827356,2025-03-15,281.651191938491,286,0,40,0.715829624920534,1.3334027961775519E-5,1.5609817633652652,300.56024387904574,0.7369338389874752,"{""type"":""Point"",""coordinates"":[81.5772180185889,21.069285936425803]}"
781,180.0,2025-03-15,282.076455842881,614,0,40,0.2434489507448081,1.3721458152815558E-5,1.390963080774087,300.07103838239397,0.17737529513010628,"{""type"":""Point"",""coordinates"":[83.83982449735431,19.96446529501522]}"
782,180.0,2025-03-15,282.6763733000982,228,0,30,0.2715851376637263,1.3334027961775519E-5,0.9274099368670311,300.8755979992094,0.07057791955363092,"{""type"":""Point"",""coordinates"":[82.89230648503606,20.134887842189848]}"
783,47.0103526411956,2025-03-15,281.594283921378,295,0,40,0.18388791593695272,1.3334027961775519E-5,2.0394745597786756,300.57918221609935,0.7941769307877506,"{""type"":""Point"",""coordinates"":[81.31679995154711,21.223179615225938]}"
784,308.1468466811254,2025-03-15,280.0372189567202,444,0,30,0.5353766828988828,1.2330459757237122E-4,4.495474735027979,297.6053459530785,1.1375892343837117,"{""type"":""Point"",""coordinates"":[80.9014524155938,23.605525074616768]}"
785,160.31544992252077,2025-03-15,281.7834405899048,272,0,40,0.32320441988950277,1.3334027961775519E-5,1.4772569267552187,300.57189868745354,0.7313266326194133,"{""type"":""Point"",""coordinates"":[81.5341232289047,21.28964020699824]}"
786,119.66271536801878,2025-03-15,277.9838044756935,870,0,10,0.6203597397627248,5.5504314140364386E-5,14.664176918868542,298.437499273391,1.433924148417951,"{""type"":""Point"",""coordinates"":[80.73330002864522,22.258997029362796]}"
787,86.4049878506628,2025-03-15,286.9212812242054,423,0,10,0.5635420526120786,2.6566259101912237E-5,7.355159755816679,298.10180591401604,0.5171683600979681,"{""type"":""Point"",""coordinates"":[84.39160842901047,19.539904969282226]}"
788,180.0,2025-03-15,279.78697481609527,428,0,40,0.37772539776075426,6.209062738804505E-5,1.8543341688295631,297.6178320021856,1.2812704739596918,"{""type"":""Point"",""coordinates"":[81.35270274955482,23.603142340144146]}"
789,76.8637425292974,2025-03-15,281.13117240724114,304,0,40,0.636790439607341,1.3334027961775519E-5,2.0396640016236884,300.4662729899089,0.8400372606457657,"{""type"":""Point"",""coordinates"":[82.20821116545635,21.012904880510135]}"
790,276.1371418102717,2025-03-15,281.57207875024704,435,0,10,0.6637657134963393,1.3334027961775519E-5,24.429954202021854,301.0004701160249,0.6740420827244639,"{""type"":""Point"",""coordinates"":[84.2312325727186,21.26966318200268]}"
791,160.29447665439304,2025-03-15,281.7780404317947,268,0,40,0.6522147440914071,1.3334027961775519E-5,2.9529386229647487,300.2096928187779,0.8492488265048724,"{""type"":""Point"",""coordinates"":[82.63737783255527,21.458120989942373]}"
792,168.01865776476103,2025-03-15,279.8540727978661,628,0,30,0.45565217391304347,1.3334027961775519E-5,2.369014219039102,300.4139803931826,0.6847034733900388,"{""type"":""Point"",""coordinates"":[82.075489814054,19.53515417034071]}"
793,152.14911594835573,2025-03-15,283.07223569779165,307,0,40,0.2803286611889802,1.3334027961775519E-5,1.048883213181917,301.41441635858445,0.30594462545226503,"{""type"":""Point"",""coordinates"":[80.78261920897685,18.862189146923114]}"
794,273.7524800175766,2025-03-15,278.5049052011399,997,0,10,0.5099017871518274,2.0788358850865052E-4,13.892941309881234,296.1729089646113,1.6948287140498637,"{""type"":""Point"",""coordinates"":[83.99842717523478,23.33315643232826]}"
795,180.0,2025-03-15,278.84820760999406,422,0,40,0.26725873297809355,1.3334027961775519E-5,2.317462738066788,299.0878201439267,1.4129864713665412,"{""type"":""Point"",""coordinates"":[84.22971895679764,22.62626066817445]}"
796,133.52188522615333,2025-03-15,293.7313746951875,41,0,10,0.4417327638804149,2.509104414372132E-5,2.0194546134512685,300.7470172700428,1.5496401413523413,"{""type"":""Point"",""coordinates"":[83.70433086146242,18.25185595480695]}"
797,126.37901176490779,2025-03-15,279.1042064939226,550,0,30,0.2510498822083376,1.46997443870589E-4,6.230282030325881,297.1277022588821,1.8569609578051895,"{""type"":""Point"",""coordinates"":[82.05680837006591,22.946003691062213]}"
798,11.119327468426405,2025-03-15,285.25136516207743,460,0,30,0.5985380938993534,2.9755107597395636E-5,12.555753966398072,298.38226536342074,0.5076998630472159,"{""type"":""Point"",""coordinates"":[84.21354789845975,19.573293531564538]}"
799,301.4081626393819,2025-03-15,279.74966780344647,470,0,40,0.3217334208798424,5.4103604988142706E-5,1.7791925559199329,297.57857186453685,1.1632842707576225,"{""type"":""Point"",""coordinates"":[81.50202542982944,23.666565249131843]}"
800,132.7733972228437,2025-03-15,280.1864876974197,330,0,50,0.2112736660929432,1.5837423042341925E-5,2.047773291510867,299.521983555385,1.2061678215945397,"{""type"":""Point"",""coordinates"":[81.69795094139405,22.309547482313796]}"
801,208.2999706822063,2025-03-15,281.69912488119945,203,0,40,0.45043782837127844,1.3334027961775519E-5,1.053276609849995,300.84899248395647,1.179838419300344,"{""type"":""Point"",""coordinates"":[83.44585452477345,21.78216002084904]}"
802,-0.0,2025-03-15,289.5052539734614,64,0,40,0.3526224534026875,2.4912230209395148E-5,1.3909630807829783,300.00963701520647,0.32790005044645437,"{""type"":""Point"",""coordinates"":[83.86033224856868,18.87275428844017]}"
803,180.0,2025-03-15,278.30154187338695,635,1,10,0.5392332497312791,1.0378407640843079E-4,2.3174627380815918,297.1996598016648,1.3657333594584782,"{""type"":""Point"",""coordinates"":[82.0771165656577,23.623249259380582]}"
804,327.5969994591216,2025-03-15,282.2980425244286,579,0,30,0.25513939735285834,1.3334027961775519E-5,2.744231180101715,299.29054405575704,0.3988300112701269,"{""type"":""Point"",""coordinates"":[82.38096757338879,19.030866641632496]}"
805,160.29079954740413,2025-03-15,281.32143933432445,292,0,40,0.1576923076923077,1.3334027961775519E-5,1.477484367941068,300.5980798630488,0.5947927712113358,"{""type"":""Point"",""coordinates"":[81.83157508221014,21.4879811037984]}"
806,240.90644735531131,2025-03-15,281.3450802848452,736,0,10,0.5554129911788291,1.3334027961775519E-5,14.913698386252472,297.45050848098026,0.7214777691684928,"{""type"":""Point"",""coordinates"":[84.16779965263892,20.115434186207217]}"
807,304.84188353035955,2025-03-15,277.82146839868454,586,0,30,0.2813926940639269,1.3334027961775519E-5,2.4336886491315926,299.10807219005767,1.1714385203871405,"{""type"":""Point"",""coordinates"":[80.47402841385104,21.853930491511523]}"
808,313.3455071357318,2025-03-15,280.6320501509167,570,0,40,0.22670125723408502,1.3334027961775519E-5,0.6755923143981116,300.18047732398617,0.5195287676408256,"{""type"":""Point"",""coordinates"":[82.17945742205019,19.29089243773125]}"
809,229.78250011662885,2025-03-15,278.58805833544045,517,0,10,0.4033018867924528,1.7983190254255987E-5,7.144890975754587,300.2487436930338,1.0840199781293494,"{""type"":""Point"",""coordinates"":[80.83461909616332,21.541749888465954]}"
810,117.12523396359525,2025-03-15,290.8555957703363,103,0,30,0.4461901021209741,1.4801072283177064E-4,7.083572235306517,300.7196037655785,0.3625242099157643,"{""type"":""Point"",""coordinates"":[82.91561963156794,17.939682423324953]}"
811,107.17139221654628,2025-03-15,280.27883679526195,290,0,40,0.4433179723502304,1.3334027961775519E-5,1.570394945040173,300.51050313313806,1.1477404629955925,"{""type"":""Point"",""coordinates"":[81.62204244412122,22.02601500440737]}"
812,147.13905278274638,2025-03-15,281.66331177666075,252,0,40,0.269445638160722,1.3334027961775519E-5,2.7582900696593042,300.34376671200704,0.7519825280366567,"{""type"":""Point"",""coordinates"":[81.84477205729982,21.744498294732754]}"
813,294.5929758918573,2025-03-15,279.17046742212204,485,0,30,0.24621869575998018,6.271647615818665E-5,3.339171972267595,298.03702726818267,1.1231924130242723,"{""type"":""Point"",""coordinates"":[81.89814120470079,23.741273702841504]}"
814,287.388197961627,2025-03-15,280.55134423573816,392,0,10,0.3206130747575852,1.3334027961775519E-5,1.551417376609945,301.75616673060824,0.3962648811807902,"{""type"":""Point"",""coordinates"":[81.13967728795986,20.038671290883258]}"
815,133.4839419169448,2025-03-15,284.1511919384911,295,0,10,0.3073763758830294,1.3334027961775519E-5,2.020863071418593,302.93086678641185,0.5809234050464257,"{""type"":""Point"",""coordinates"":[81.58883489266154,18.480818782277847]}"
816,46.79839943035923,2025-03-15,280.75479475657147,330,0,40,0.2776807544533706,1.3334027961775519E-5,2.031433656417528,301.5801064627511,0.49337012398868074,"{""type"":""Point"",""coordinates"":[80.54683180421375,20.096795166714546]}"
817,79.32472022965278,2025-03-15,281.7175284340268,231,0,30,0.3056541928434854,1.3334027961775519E-5,2.501857381824185,302.02161153157556,0.20438883323725396,"{""type"":""Point"",""coordinates"":[80.56639946530557,19.519682865324654]}"
818,-0.0,2025-03-15,280.94810181572325,305,0,40,0.21915251073361958,1.3334027961775519E-5,0.0,299.79630461193267,1.0961893856860314,"{""type"":""Point"",""coordinates"":[82.26719196075756,22.28565731933065]}"
819,249.72836565078558,2025-03-15,279.5074105489822,368,0,10,0.5181260457334077,1.3334027961775519E-5,2.6750180460682875,299.28479512532556,1.3585075416578156,"{""type"":""Point"",""coordinates"":[83.0894774032664,22.576067417116892]}"
820,193.2982215561519,2025-03-15,281.3105518250239,337,0,10,0.426363371245261,1.3334027961775519E-5,4.280723733591931,300.8315771193732,0.6827263391231215,"{""type"":""Point"",""coordinates"":[82.37676234691635,19.91488341038798]}"
821,160.64764199603792,2025-03-15,285.55565157390777,173,0,40,0.27958833619210977,1.3334027961775519E-5,1.4742252771744981,303.2723555791946,0.5554446384621506,"{""type"":""Point"",""coordinates"":[81.11103512164645,18.36495333219367]}"
822,133.49033166332063,2025-03-15,284.29514771416075,247,0,40,0.34067663257277736,1.3334027961775519E-5,0.673790206531702,303.01425824846547,0.6461828272636718,"{""type"":""Point"",""coordinates"":[81.63773920510856,18.44204582838281]}"
823,270.0,2025-03-15,281.0321559451875,266,0,10,0.3238814214693427,1.3334027961775519E-5,1.5024100529968767,299.83800615583147,1.1749000123873716,"{""type"":""Point"",""coordinates"":[82.68162181898084,22.212188216801778]}"
824,133.4398523257623,2025-03-15,294.32156140463695,17,0,40,0.23870967741935484,2.693878813175843E-5,2.0225032625834,299.88358488537017,1.3900114890403317,"{""type"":""Point"",""coordinates"":[84.36503491752653,18.74268552072623]}"
825,180.0,2025-03-15,285.4099344980149,485,0,30,0.36599940244995516,1.3334027961775519E-5,1.8543341688414132,298.8195270356678,0.16463055159714354,"{""type"":""Point"",""coordinates"":[82.28612318325078,18.24001451495101]}"
826,213.59768703494208,2025-03-15,281.78233614422027,645,0,10,0.649500998003992,1.3423434928938605E-5,4.445099937045226,300.2968568347749,0.25423970038182137,"{""type"":""Point"",""coordinates"":[83.29800268144095,19.816804138396954]}"
827,312.55868046296376,2025-03-15,279.47668370746436,521,0,40,0.17721395936619033,2.398316781082599E-4,2.0561093123425707,297.30028642926897,1.0740421899881418,"{""type"":""Point"",""coordinates"":[82.9409165211711,23.33321913263192]}"
828,90.0,2025-03-15,281.0389453797113,269,0,40,0.5128168814615494,1.3334027961775519E-5,2.9760456953340606,300.5090731666202,0.941627637829708,"{""type"":""Point"",""coordinates"":[82.73610053368178,20.91369025890565]}"
829,46.980342760867046,2025-03-15,281.59466175805954,328,0,40,0.5531392493861803,1.3334027961775519E-5,2.03833051023191,300.58117021833147,0.9637164256283623,"{""type"":""Point"",""coordinates"":[80.87027320352344,21.068117476302486]}"
830,180.0,2025-03-15,280.6466288339524,337,0,40,-0.029684601113172542,1.3334027961775519E-5,0.4637353428839794,301.0632549467541,0.8783564065738538,"{""type"":""Point"",""coordinates"":[80.71481394690001,20.895954357614336]}"
831,144.27982370002024,2025-03-15,281.7611540385655,269,0,40,0.42534888166698526,1.3334027961775519E-5,1.7130921615121546,299.90663873581656,0.8722144172264217,"{""type"":""Point"",""coordinates"":[82.4575425032887,22.01609834330249]}"
832,257.9465931675228,2025-03-15,284.40379610515777,645,0,10,0.723931879294891,1.3334027961775519E-5,19.230577256407052,301.66779363723026,0.7097167489477816,"{""type"":""Point"",""coordinates"":[81.33265633881865,18.372518274199972]}"
833,207.8846435425903,2025-03-15,279.6869643529256,722,0,10,0.5510469079694855,3.3510200218245245E-5,16.814006273447518,297.46068681989397,1.2179525352109024,"{""type"":""Point"",""coordinates"":[81.73681215764526,23.607176101787676]}"
834,337.0506913120924,2025-03-15,281.0153974351429,579,1,10,0.4077669902912621,1.3334027961775519E-5,2.5164096202561295,300.3131212506975,0.6288038697166564,"{""type"":""Point"",""coordinates"":[82.04046311820886,19.150145746530242]}"
835,117.63024062256439,2025-03-15,284.34719035738993,333,0,40,0.44422442244224425,1.5330783561751105E-5,4.987170143030204,299.7636188325428,0.14507233448055096,"{""type"":""Point"",""coordinates"":[83.49812705368768,19.570703878731585]}"
837,88.96084145662941,2025-03-15,286.4995341073899,284,0,10,0.583868665239115,2.3198596672102667E-5,24.05095093088916,300.0303599039713,0.1357946465209518,"{""type"":""Point"",""coordinates"":[83.81254427904746,19.401739748112156]}"
838,90.0,2025-03-15,282.0393057777768,194,0,40,0.33309002433090024,1.3334027961775519E-5,3.4830943290701573,301.187010992141,0.9879105402528009,"{""type"":""Point"",""coordinates"":[83.50289953769717,21.433051601435135]}"
839,309.0429219362838,2025-03-15,281.5486645017351,572,0,10,0.527072192513369,1.3334027961775519E-5,4.40858696681011,300.5357775006975,0.34469459633988453,"{""type"":""Point"",""coordinates"":[82.01157553203021,18.880645929647883]}"
840,221.78053270020416,2025-03-15,286.5823442822411,938,0,30,0.591789756378285,2.7625011606602357E-4,23.468638107185292,298.8162660144624,0.12957197317958052,"{""type"":""Point"",""coordinates"":[82.26375218930211,17.950536634740676]}"
841,260.4988460535348,2025-03-15,277.9738877160209,790,1,40,0.2889468072503258,1.0345625086216614E-4,5.600950171750822,296.06237139020647,1.8080336348911705,"{""type"":""Point"",""coordinates"":[84.12095375479292,23.00050361342537]}"
842,108.99827537707489,2025-03-15,280.22337618328277,420,0,40,0.5988023952095808,1.0935711069492982E-4,4.265731524859829,298.09591747465583,0.9518443903496859,"{""type"":""Point"",""coordinates"":[80.24112879102127,23.3475526071154]}"
843,315.3846148246208,2025-03-15,277.78995100657147,828,0,10,0.38595825426944974,4.1945027513889954E-4,7.129220930816099,296.7415415445963,1.6895467977739371,"{""type"":""Point"",""coordinates"":[81.4992215485134,22.87136506900286]}"
844,215.46279749403854,2025-03-15,281.2074837911697,350,0,30,0.21798520204894706,1.3334027961775519E-5,1.7075966205190924,300.58140854608445,0.7325277929267994,"{""type"":""Point"",""coordinates"":[81.73126890343318,20.622829964827584]}"
845,79.08041521568956,2025-03-15,287.7516151155744,481,0,10,0.43464621819449284,2.2066108421370245E-5,21.03404841175713,298.75203377859935,0.5272341833109594,"{""type"":""Point"",""coordinates"":[84.39842110030855,19.40668469093429]}"
846,70.77458759018714,2025-03-15,281.4320234117054,570,0,10,0.50659195781147,1.3870469764754034E-5,26.178866941762223,299.66291663760234,0.16685244957056297,"{""type"":""Point"",""coordinates"":[83.34455944710005,19.680890095699898]}"
847,60.78990217923537,2025-03-15,282.4179853257679,297,1,10,0.2682926829268293,1.3334027961775519E-5,5.682921435057768,300.24261111304867,0.7127948862069419,"{""type"":""Point"",""coordinates"":[82.18578173642149,21.27422888258035]}"
848,-0.0,2025-03-15,281.5910984675089,292,0,40,0.17749176893145766,1.3334027961775519E-5,0.4637353428839794,299.85732232956656,0.9382757588432086,"{""type"":""Point"",""coordinates"":[82.50872711898356,22.120349200826055]}"
849,107.28690490283243,2025-03-15,283.2106576192947,123,0,10,0.4004711425206125,1.3334027961775519E-5,1.5602236447093232,301.1329570951916,0.4865865199568912,"{""type"":""Point"",""coordinates"":[84.30600599965331,20.990011198414756]}"
850,39.100895648100234,2025-03-15,281.2696117673602,472,0,10,0.42429906542056073,1.440691156773255E-5,17.91721188101938,296.78923615955176,1.2863350553286585,"{""type"":""Point"",""coordinates"":[82.20931565445414,24.087934832663503]}"
851,270.0,2025-03-15,281.83171067919045,251,0,40,0.18752293577981652,1.3334027961775519E-5,1.9798644400406593,301.5941503615606,0.5504886628858982,"{""type"":""Point"",""coordinates"":[80.30685841348837,20.519490943893544]}"
852,53.94291108431782,2025-03-15,278.92929717472623,733,0,10,0.6803914951063111,1.3334027961775519E-5,11.654902647187871,298.062987554641,1.3675353682005322,"{""type"":""Point"",""coordinates"":[82.961322856095,22.747609700717376]}"
853,75.24960024262113,2025-03-15,277.6740888413929,867,0,30,0.25332090421813097,4.089896599808185E-4,3.63791279813167,296.38696216401604,1.8232968565681595,"{""type"":""Point"",""coordinates"":[81.70569596523379,22.853791036633503]}"
854,90.0,2025-03-15,281.3559794198899,239,1,10,0.42521711161145065,1.3334027961775519E-5,2.990811972983987,300.62936474028083,0.7162349482100219,"{""type"":""Point"",""coordinates"":[84.26164702943755,21.643916995305162]}"
855,14.95830609561995,2025-03-15,280.8077325820923,385,0,40,0.21278073628154665,1.3334027961775519E-5,3.8343549447215244,300.92766389392676,0.8082717573947417,"{""type"":""Point"",""coordinates"":[80.977484806161,20.65284346062171]}"
856,-0.0,2025-03-15,280.7666355768839,584,0,10,0.30409356725146197,1.3334027961775519E-5,2.7802885155287553,299.61137971423926,0.6044413655712197,"{""type"":""Point"",""coordinates"":[81.56261512503704,19.64159854686878]}"
857,-0.0,2025-03-15,282.78610288529165,223,0,30,0.175221651889874,1.3334027961775519E-5,0.9274099368611016,300.8018094017392,0.4101578586370633,"{""type"":""Point"",""coordinates"":[83.12389215407421,20.49889010237191]}"
858,22.889385291706027,2025-03-15,286.98678647904165,142,0,40,0.5604131635839539,1.5897027687117316E-5,2.515298526308298,300.5311620803106,0.162901609697617,"{""type"":""Point"",""coordinates"":[83.2308014400397,18.66239616269138]}"
859,103.00922443230465,2025-03-15,278.97215548015777,410,0,40,0.29181141439205954,1.3334027961775519E-5,2.0592157597525933,299.2327234177363,1.2710050817351028,"{""type"":""Point"",""coordinates"":[84.2130165416108,22.45906659900423]}"
860,-0.0,2025-03-15,279.6799598421369,552,0,10,0.3057702215352911,1.5471624536900208E-4,0.463735342881014,297.3598160516648,1.0602896422779935,"{""type"":""Point"",""coordinates"":[82.99870749493888,23.435910662186846]}"
861,156.31091551791857,2025-03-15,284.069631531125,1014,0,30,0.5069627399322544,2.105359952011554E-4,17.650597117724235,297.88556126185824,0.10344293855633131,"{""type"":""Point"",""coordinates"":[82.50716471500704,18.252811939399834]}"
862,160.5010076488337,2025-03-15,286.0384512855893,250,0,10,0.4502722843221553,2.096342249302552E-5,2.949157005699426,299.22590491885234,0.4846068606576931,"{""type"":""Point"",""coordinates"":[84.26907161602028,19.719439585875076]}"
863,-0.0,2025-03-15,277.7724542617798,625,0,40,0.24036608863198458,1.5724944277195618E-4,1.3909630807829783,299.7982926141648,1.4680883455943892,"{""type"":""Point"",""coordinates"":[80.90895981253637,21.919155151172767]}"
864,-0.0,2025-03-15,281.39748913901195,302,0,40,0.1894939493949395,1.3334027961775519E-5,3.2427514650854445,300.47098722912017,0.7541573417657256,"{""type"":""Point"",""coordinates"":[82.06146848765044,20.98692521826777]}"
865,79.60535604375242,2025-03-15,279.4913553964524,785,0,30,0.357840616966581,1.3334798021702454E-4,2.568541594188495,296.7872132800874,1.425485836111704,"{""type"":""Point"",""coordinates"":[84.224576142563,23.481422568311483]}"
866,93.85028475744036,2025-03-15,279.8793704169137,814,0,10,0.5954496978314966,1.3334027961775519E-5,6.872998618687974,300.333506992885,0.6812124797907662,"{""type"":""Point"",""coordinates"":[81.27108500388434,19.57161490518099]}"
867,-0.0,2025-03-15,284.98251983097623,197,0,30,0.28428869807379903,1.3334027961775519E-5,0.0,302.6024104527065,0.47526022424548225,"{""type"":""Point"",""coordinates"":[81.1441544510608,18.459078704888444]}"
869,-0.0,2025-03-15,280.93653420039584,320,0,30,0.387041480973603,1.3334027961775519E-5,0.4637353428839794,300.92073495047435,0.9873270448752528,"{""type"":""Point"",""coordinates"":[80.98228364290436,21.388618273026953]}"
870,112.12685702194118,2025-03-15,278.0154613767352,445,0,10,0.2914798206278027,6.828951044468567E-5,8.55433185227554,300.26961190359935,1.2925365485848817,"{""type"":""Point"",""coordinates"":[80.93720251723612,21.661262449086607]}"
871,357.9230552574797,2025-03-15,289.49706944965175,188,0,10,0.6739265712507778,2.992426077881305E-4,13.217871101997284,299.49266342889695,0.2872910717386992,"{""type"":""Point"",""coordinates"":[82.9416598513324,18.039091014832685]}"
872,324.78585670015025,2025-03-15,282.079885437375,567,0,40,0.31217090416729354,1.3334027961775519E-5,1.7023532438842408,299.23536827450704,0.3283950031412638,"{""type"":""Point"",""coordinates"":[82.65317283402594,19.166580948255323]}"
873,195.2817982396863,2025-03-15,280.81570784250897,412,0,10,0.51414204902577,1.583521287003009E-4,3.840191341070899,297.5594882056826,1.142367077842243,"{""type"":""Point"",""coordinates"":[81.26292911225221,23.796205059812625]}"
874,208.0901236750341,2025-03-15,279.75991008395243,414,0,10,0.46222987186842607,1.3334027961775519E-5,3.150807149694264,301.0574071974981,0.6338094525723681,"{""type"":""Point"",""coordinates"":[81.92812264389548,20.47866284543805]}"
875,180.0,2025-03-15,279.73133400508334,357,0,40,0.2972100530320498,1.3334027961775519E-5,0.463735342881014,299.49844142368863,1.2753015634292995,"{""type"":""Point"",""coordinates"":[83.84734407197907,22.312778651428523]}"
876,270.0,2025-03-15,278.63050392695834,518,0,10,0.43690010664770706,1.3334027961775519E-5,3.504639671486314,299.57801964169454,1.2699194950266361,"{""type"":""Point"",""coordinates"":[80.44229878545788,22.315306930551202]}"
877,-0.0,2025-03-15,285.2676586423601,188,0,80,-0.14031971580817051,1.3334027961775519E-5,0.0,300.9046449207125,0.777464564938862,"{""type"":""Point"",""coordinates"":[83.80825692160623,21.52451826476041]}"
878,187.55958659307143,2025-03-15,284.82352034250897,944,0,10,0.5579351126738054,2.8443805412337042E-5,3.737182398222748,298.87489464169454,0.38227668651594654,"{""type"":""Point"",""coordinates"":[84.00436400577544,19.62645009240078]}"
879,211.0834571362497,2025-03-15,292.51019491468156,74,0,10,0.42196209587513933,4.8888198570296026E-5,3.784952801942591,299.92565264020647,0.487159125268398,"{""type"":""Point"",""coordinates"":[84.1015003697566,18.578582110831093]}"
880,334.1024874544349,2025-03-15,280.55141980307445,436,0,10,0.4871366521884397,7.670645634689777E-4,4.629535259736233,297.7078094482422,1.1876781284106106,"{""type"":""Point"",""coordinates"":[82.94371349259815,23.737685087294462]}"
881,28.63817289209294,2025-03-15,280.0338474909464,482,0,10,0.6003738317757009,4.239129228977845E-5,2.1125869135024957,297.5991784958613,1.149188473709377,"{""type"":""Point"",""coordinates"":[81.04397959123277,23.70683322027603]}"
882,148.21546597640923,2025-03-15,279.5056201843988,558,0,30,0.20040130423877603,5.419301195530579E-5,3.8132832327912207,298.80779665992367,1.5026810951961425,"{""type"":""Point"",""coordinates"":[80.42137298761264,22.75402248823834]}"
883,250.96041513749032,2025-03-15,284.01756563640777,158,0,10,0.43831048536495,1.3334027961775519E-5,5.667708828064186,303.229962303525,0.5279348433105745,"{""type"":""Point"",""coordinates"":[80.20104398610145,18.373188679903862]}"
884,287.2048351515814,2025-03-15,280.071096374875,284,0,40,0.3769230769230769,1.3334027961775519E-5,1.5674359106084246,300.7029731387184,0.9849680667573804,"{""type"":""Point"",""coordinates"":[81.35404478170061,21.73062620873039]}"
885,104.34498020654034,2025-03-15,282.39309460776195,555,0,10,0.6006594614398242,1.3334027961775519E-5,21.406148675197624,300.7673158191499,0.43704429903431646,"{""type"":""Point"",""coordinates"":[83.60394121810681,20.33302903636343]}"
886,227.594616035532,2025-03-15,280.79627541133334,374,0,40,0.8074361820199778,3.297375841526673E-5,0.6876373245441961,297.62812078566776,1.2685492949259487,"{""type"":""Point"",""coordinates"":[80.6673706990219,24.035011340169866]}"
887,90.0,2025-03-15,278.24151234399704,617,0,10,0.3691033489377026,1.011614720383136E-4,2.9957853669907024,300.12118602934333,1.387482899095669,"{""type"":""Point"",""coordinates"":[80.8185367349752,21.882323184589538]}"
888,49.95970859348653,2025-03-15,279.76623448871436,871,0,10,0.6241737488196412,7.693218393711732E-5,7.8793651160851255,297.25309172130767,1.3512532838719633,"{""type"":""Point"",""coordinates"":[84.22212907567128,23.553698321206696]}"
889,312.90555053190866,2025-03-15,281.611379578,229,0,40,0.12231652521218173,1.3334027961775519E-5,1.3621141718002285,300.50043523879276,0.746874100935274,"{""type"":""Point"",""coordinates"":[84.14989166185636,21.65288434389782]}"
890,302.3840010388679,2025-03-15,287.21672044481545,124,0,10,0.4582573824279985,1.3334027961775519E-5,1.7311878992062104,302.81251089913496,0.8685199864500834,"{""type"":""Point"",""coordinates"":[81.08000237706788,17.947175727139317]}"
891,103.7888759867718,2025-03-15,280.7667285828364,403,0,10,0.2870672255860891,1.3334027961775519E-5,20.48296301903801,301.4194561186291,0.7632098049098734,"{""type"":""Point"",""coordinates"":[82.56925623662443,20.438404276988667]}"
892,227.1546233989037,2025-03-15,280.80868008023214,219,0,40,0.1750761200521966,1.3334027961775519E-5,0.6819241827421237,300.7569630940755,0.8378269587718394,"{""type"":""Point"",""coordinates"":[83.99300458760142,21.953929746930875]}"
893,180.0,2025-03-15,279.7619620277768,473,0,40,0.20726102941176472,7.439898653416321E-5,1.8543341688295631,297.10021318708147,1.241175849717124,"{""type"":""Point"",""coordinates"":[82.11484376685543,23.880093569698747]}"
894,284.9933101892239,2025-03-15,282.22847988491964,269,0,10,0.3656979674113892,1.3334027961775519E-5,3.5804441299857888,301.40591793968554,0.28715543951200456,"{""type"":""Point"",""coordinates"":[83.07942668140385,20.383351645614372]}"
895,312.7930094266265,2025-03-15,280.14337362561906,351,0,10,0.30492676431424764,1.3334027961775519E-5,2.0470166759129116,300.07838003976013,1.0158298603501172,"{""type"":""Point"",""coordinates"":[83.9746331795557,22.213220289248323]}"
896,129.1317871709004,2025-03-15,281.1801342282976,404,0,10,0.5601552393272963,1.3334027961775519E-5,20.401305004243756,299.7215336390904,0.9895378070373896,"{""type"":""Point"",""coordinates"":[82.37590858054138,22.207958169457633]}"
897,90.0,2025-03-15,278.82268910180954,685,1,10,0.4689165186500888,3.607319994358704E-5,2.022162274889897,297.2711348760696,1.3629245938718368,"{""type"":""Point"",""coordinates"":[81.89044311901293,23.51697084267438]}"
898,235.4183635109868,2025-03-15,279.2904741650536,579,0,40,0.28714091973862654,2.1783756418614075E-4,2.449679049021599,297.2583233061291,1.2748807122887351,"{""type"":""Point"",""coordinates"":[82.66224949513347,23.194403982014492]}"
899,226.66528557718235,2025-03-15,280.77492473238993,586,0,10,0.28211508553654746,1.3334027961775519E-5,1.3512664205062708,299.9872167678106,0.6401436106546279,"{""type"":""Point"",""coordinates"":[81.98476663971373,19.352765565359437]}"
900,268.4226216073695,2025-03-15,280.85105010441373,592,0,10,0.6294361653095714,1.3334027961775519E-5,16.38516853710852,300.08566356840583,0.6201200342356307,"{""type"":""Point"",""coordinates"":[84.27096915686155,20.565668019271204]}"
901,99.17833751475442,2025-03-15,278.8008966445923,498,0,10,0.4099913867355728,8.381652040867493E-5,8.655598156497824,297.81035432361426,1.1817677950526564,"{""type"":""Point"",""coordinates"":[82.04722419430121,23.70834911272977]}"
902,72.78536129439222,2025-03-15,282.1821106047857,258,0,40,0.20607934054611024,1.3334027961775519E-5,1.5665707039969043,300.18706330798926,0.6370352662693195,"{""type"":""Point"",""coordinates"":[82.27573657258256,21.643941665023718]}"
903,166.77489770856843,2025-03-15,282.97877634139286,554,0,30,0.2343146718146718,1.3334027961775519E-5,4.279441184968917,299.9044937860399,0.3992598315169115,"{""type"":""Point"",""coordinates"":[81.50259282040456,18.988099875133596]}"
904,207.82236554304876,2025-03-15,283.8257815497262,464,0,10,0.5420901246404602,1.3334027961775519E-5,9.35450831693494,298.48111906505767,0.5159730780295049,"{""type"":""Point"",""coordinates"":[82.35795325653001,18.65934559441489]}"
905,252.5964291916775,2025-03-15,283.27081503186906,262,0,40,0.44276393831553973,1.3334027961775519E-5,1.5500899850993632,300.512217930385,0.30161823648336306,"{""type"":""Point"",""coordinates"":[83.17039023878804,19.89013828049109]}"
906,12.324191622531446,2025-03-15,280.1099903015864,426,0,30,0.19328703703703703,2.5973962946324036E-4,2.3720654013489155,297.47267296200704,1.0215945022446176,"{""type"":""Point"",""coordinates"":[80.52355491332787,23.734270103840505]}"
907,-0.0,2025-03-15,279.40060483841665,556,0,40,0.35162031130390403,7.32366959610431E-5,0.463735342881014,297.7144593738374,1.193579313235873,"{""type"":""Point"",""coordinates"":[83.09052630948388,23.04151121848203]}"
909,270.0,2025-03-15,280.8155973979405,445,0,10,0.3345367027677497,1.3334027961775519E-5,0.9955450173140066,299.9457709902809,1.0277798923855344,"{""type"":""Point"",""coordinates"":[80.81932305437061,21.323251733007954]}"
910,257.1000452622518,2025-03-15,280.56385353633334,400,0,30,0.2618637816572412,5.788849993138001E-5,4.147248724504584,297.66071937197734,1.2879093430139783,"{""type"":""Point"",""coordinates"":[81.22213320208864,23.634765776338046]}"
911,226.9134868694448,2025-03-15,279.93417417435415,352,0,10,0.5556898288016113,1.3334027961775519E-5,6.086933134282007,301.74286106654574,0.6055395547365144,"{""type"":""Point"",""coordinates"":[80.35072880157078,20.716719868309962]}"
912,16.206730643104425,2025-03-15,278.4484680266607,937,0,10,0.6053625377643505,2.6248144312290833E-4,7.205821006507651,296.06489998953674,1.3146426891658571,"{""type"":""Point"",""coordinates"":[83.780142503935,23.440718367425458]}"
914,332.13835040865484,2025-03-15,281.5486645017351,587,0,40,0.17829929899420907,1.3334027961775519E-5,1.0489873505085583,300.5357775006975,0.34469459633988453,"{""type"":""Point"",""coordinates"":[81.9511782570277,18.938582341311744]}"
915,321.20050444219913,2025-03-15,281.09151699429464,284,0,40,0.2934118431285413,1.3334027961775519E-5,2.378817491958932,300.69310869489397,1.0112777817693066,"{""type"":""Point"",""coordinates"":[82.63447441560838,21.119780043884656]}"
916,65.33302261401428,2025-03-15,279.0559364046369,573,0,30,0.3285090742017,5.821632547764466E-5,3.329799461247026,297.19264947800406,1.669478117224414,"{""type"":""Point"",""coordinates"":[82.51087676723891,23.292095833914814]}"
917,334.5052485529453,2025-03-15,287.27300067175,154,0,10,0.581409117821196,2.6715270713850714E-5,10.167401930326355,300.3691864013672,0.24838291728034917,"{""type"":""Point"",""coordinates"":[83.85936428379267,19.32279468000769]}"
918,281.4138176854083,2025-03-15,285.7387279782976,500,0,30,0.6720844026233248,2.5493375495955206E-5,6.995253735468404,298.22270202636724,0.5060227405179406,"{""type"":""Point"",""coordinates"":[84.30785054160023,19.58646936095251]}"
919,69.81513178824864,2025-03-15,278.9655113674345,630,0,10,0.4830536360644949,1.530098123936341E-5,2.6860179493898118,297.06805056617367,1.143892201840104,"{""type"":""Point"",""coordinates"":[83.4182788776646,23.20911460135317]}"
920,340.1960003978288,2025-03-15,278.04006145113993,635,0,10,0.5868358445678034,2.0814410881087042E-5,2.9547586579826577,299.5197223481678,1.328923323298638,"{""type"":""Point"",""coordinates"":[80.61654762175641,22.231363858153625]}"
921,14.718159778109362,2025-03-15,286.1762512297857,762,0,40,0.4428229143977347,4.911099593201129E-4,1.9171979935044472,296.98625764392676,0.11769398879340354,"{""type"":""Point"",""coordinates"":[82.42623180314176,17.877914258058215]}"
922,50.343854449131534,2025-03-15,290.11463478633334,70,0,40,0.38415174614430064,1.904117269901917E-5,5.073390202381805,301.41595095679867,0.5902591395482256,"{""type"":""Point"",""coordinates"":[83.57373890646468,18.676255168667083]}"
923,180.0,2025-03-15,281.1408799035209,289,0,10,0.30764807360552043,1.3334027961775519E-5,0.9274099368670311,300.16699727376306,0.8556723473820714,"{""type"":""Point"",""coordinates"":[82.93162805546686,20.8005056097701]}"
924,90.0,2025-03-15,281.56141794295536,349,0,40,0.360850358917725,2.5493375495955206E-5,0.5079856608261138,297.20025852748324,1.2112058942020798,"{""type"":""Point"",""coordinates"":[82.02579212562988,24.09244097583449]}"
925,117.73868258894232,2025-03-15,284.7878467468989,146,0,10,0.24978687127024723,1.3334027961775519E-5,4.9693019909227445,302.8459232875279,0.47216220543443166,"{""type"":""Point"",""coordinates"":[80.2739569919274,18.813425674624572]}"
926,42.7882953300983,2025-03-15,282.8383954820179,325,0,30,0.29500580720092917,1.3334027961775519E-5,5.042293537999433,301.60083516438806,0.3316639180183594,"{""type"":""Point"",""coordinates"":[80.78954346165591,19.03864789509786]}"
927,330.4764975816944,2025-03-15,283.89498960404165,419,1,10,0.6305276208844194,1.5017859176680304E-5,22.712982606541804,300.529540289016,0.08123606412204051,"{""type"":""Point"",""coordinates"":[83.65400345580775,19.6506343247093]}"
928,87.64522469529523,2025-03-15,286.7180167152768,599,0,10,0.5608465608465608,1.6016236976668097E-5,21.503821498595638,299.67864045642676,0.22904852891104716,"{""type"":""Point"",""coordinates"":[83.4164990708201,18.95023108399562]}"
929,270.0,2025-03-15,281.0515186218989,464,0,10,0.43445322793148883,7.641737381973712E-4,3.543649631448427,297.4368017287481,1.2485979726692036,"{""type"":""Point"",""coordinates"":[83.19235989671238,23.808627564605615]}"
930,103.03649782492025,2025-03-15,279.45916371118454,298,0,40,0.289611143354614,1.3334027961775519E-5,2.054985716742265,300.62582470121833,1.093341833626775,"{""type"":""Point"",""coordinates"":[83.22470950467125,22.156889512128178]}"
931,99.49097346599095,2025-03-15,284.56135400136316,203,0,10,0.22285443338074917,1.3334027961775519E-5,16.410517454905193,302.2837720598494,0.42837146426805156,"{""type"":""Point"",""coordinates"":[80.58480756436886,18.6739475919062]}"
932,172.41616276728416,2025-03-15,283.1329685846964,629,0,10,0.32225401716927143,1.3334027961775519E-5,3.7373920673377325,298.0181121826172,0.6540691294920603,"{""type"":""Point"",""coordinates"":[84.36498996330116,20.1406617341229]}"
933,213.2485362311555,2025-03-15,280.1075953983125,414,0,30,0.2515996928589711,2.6268235878035284E-5,2.770440653160306,297.80930800665,1.097680423409893,"{""type"":""Point"",""coordinates"":[81.67895750980318,23.765489591087597]}"
934,280.41186881133916,2025-03-15,279.4803167524792,530,0,40,0.4420666075724959,3.5954760713963196E-4,2.564344708033642,297.2377050490606,1.1979693750350413,"{""type"":""Point"",""coordinates"":[82.79453526834061,23.25733326780346]}"
935,228.0482664143489,2025-03-15,280.97610823313397,653,0,10,0.5067437379576107,1.3334027961775519E-5,14.265547730195149,300.0348241896856,0.21749671578201116,"{""type"":""Point"",""coordinates"":[83.11593503699245,19.663535874399376]}"
936,28.711355828227383,2025-03-15,283.09135423387795,247,0,40,0.37952838888157026,0.0018176858346024005,2.1140618613328948,297.3921414329892,1.165671202847668,"{""type"":""Point"",""coordinates"":[84.28453133055021,24.099367791862207]}"
937,250.41822596082238,2025-03-15,279.765676453,418,0,10,0.33204134366925064,1.3334027961775519E-5,6.885104000218417,300.2214057559059,1.154292007192338,"{""type"":""Point"",""coordinates"":[83.42064454712336,22.348784628110305]}"
938,180.0,2025-03-15,281.6024975095476,242,0,10,0.6132322536181943,1.3334027961775519E-5,4.166350197307866,300.40083167666484,1.0974803244908564,"{""type"":""Point"",""coordinates"":[83.09484509769115,21.174186602003573]}"
939,241.04450146315776,2025-03-15,277.50721291133334,762,0,40,0.3443708609271523,3.662531296768634E-4,2.8712765872181127,297.01915268670945,1.7600476963026985,"{""type"":""Point"",""coordinates"":[81.59040857005213,22.756946736030855]}"
940,270.0,2025-03-15,277.7724542617798,642,0,30,0.243048403707518,1.5724944277195618E-4,1.998341732404225,299.7982926141648,1.4680883455943892,"{""type"":""Point"",""coordinates"":[80.892904088613,21.892776437261883]}"
941,121.91898349907405,2025-03-15,281.51060762859527,305,0,30,0.1993334187924625,1.3334027961775519E-5,1.7536730406285013,300.72516087123324,0.7953682190936643,"{""type"":""Point"",""coordinates"":[81.60794783737292,20.875185950064505]}"
942,295.1073514242904,2025-03-15,280.586238906497,403,0,10,0.3712871287128713,1.3334027961775519E-5,1.092793252543408,300.95189775739397,0.5476565919084903,"{""type"":""Point"",""coordinates"":[81.1444307843681,20.41642285976916]}"
943,286.7242038701945,2025-03-15,283.04771119072325,712,0,10,0.7292576419213974,1.3334027961775519E-5,20.084797899926805,298.59218561081656,0.41877525833193446,"{""type"":""Point"",""coordinates"":[82.41630421347001,18.62044228212846]}"
944,7.7412540205197,2025-03-15,279.8126967748006,481,0,40,0.20981856990394876,1.519744317093341E-4,3.7387698946901553,297.55562264578674,1.755699650093743,"{""type"":""Point"",""coordinates"":[81.75899223247679,23.141790034859792]}"
945,-0.0,2025-03-15,277.9975693566459,1136,0,10,0.3994941228983782,1.3334027961775519E-5,9.195145327303814,295.84558032807854,1.571572070167365,"{""type"":""Point"",""coordinates"":[83.2980115037225,22.914235740945006]}"
946,226.4537943453467,2025-03-15,287.0181469236101,96,0,30,0.3267140748691802,1.4198295311018683E-5,1.3460115814366238,302.8043205624535,0.7301148656859882,"{""type"":""Point"",""coordinates"":[80.81035281928287,18.103120895943707]}"
947,69.70153241157419,2025-03-15,279.94805531274704,300,0,30,0.29554852833860373,1.3334027961775519E-5,2.6716356623478514,299.5020454043434,1.3506970512359142,"{""type"":""Point"",""coordinates"":[83.9391243468935,22.37623000256273]}"
948,132.43060817927312,2025-03-15,281.8031869161697,360,0,30,0.5230421260955612,4.4347094698338196E-4,2.7472490303650257,297.6508549281529,1.3689551885047728,"{""type"":""Point"",""coordinates"":[82.59931911606502,23.920744386898587]}"
949,295.0977215453249,2025-03-15,282.2850856326876,243,0,10,0.32352175045584786,1.3334027961775519E-5,2.185575213562753,301.6062353224981,0.3896289562499341,"{""type"":""Point"",""coordinates"":[83.15889305211856,20.483410040016278]}"
950,208.04194838989758,2025-03-15,279.0873666036697,572,0,10,0.22502744237102085,1.3334027961775519E-5,8.347299831349488,300.7803075881231,0.7857918878619418,"{""type"":""Point"",""coordinates"":[81.70825501860686,20.164974895290523]}"
951,302.09005981254796,2025-03-15,281.5334522156489,242,0,40,0.32982086406743943,1.3334027961775519E-5,1.7453199884992787,301.39639064243863,0.33779572437216226,"{""type"":""Point"",""coordinates"":[82.69679707232174,19.849818086298836]}"
952,331.93159365782986,2025-03-15,281.3210149946667,236,0,40,0.27237136465324385,1.3334027961775519E-5,2.1012903528807385,302.24855186825704,0.5033266449369999,"{""type"":""Point"",""coordinates"":[80.21450610598536,20.336965207188875]}"
953,227.5617892217271,2025-03-15,280.8349542617798,398,0,10,0.5291522218720454,1.3334027961775519E-5,1.374215090659663,297.46416873023617,1.1868014681186552,"{""type"":""Point"",""coordinates"":[81.0138805871075,23.886846318382602]}"
954,72.86474022046474,2025-03-15,280.31392910366964,337,0,30,0.3463847559383973,1.4585725502058722E-5,1.573605128885944,299.6279754638672,1.3079934784418061,"{""type"":""Point"",""coordinates"":[81.58470117482543,22.340406132039703]}"
955,241.79809121747226,2025-03-15,278.84621379488993,534,0,10,0.6212222968435192,1.3334027961775519E-5,3.919098364023789,300.38887459891185,0.530798478789641,"{""type"":""Point"",""coordinates"":[81.27889969925452,20.212179534535693]}"
956,114.95463786436491,2025-03-15,280.3491957982381,290,0,40,0.32967032967032966,1.3483039573713995E-5,2.1972858727923343,300.70539710635234,0.8760102646017,"{""type"":""Point"",""coordinates"":[81.20544463702853,21.457321347339537]}"
957,60.94557467640654,2025-03-15,277.5628362837292,688,0,40,0.24986765484383272,1.3197707338719056E-4,5.710510390469629,298.88084702264695,1.5302014406622784,"{""type"":""Point"",""coordinates"":[80.76655285290155,22.192210495303836]}"
958,195.2113943944109,2025-03-15,279.6086475281488,514,1,10,0.6747791599062556,1.1731433077244446E-4,5.747638492284105,297.32729884556363,1.8148017727055639,"{""type"":""Point"",""coordinates"":[82.34046132696746,23.157415973051876]}"
959,130.1623656590428,2025-03-15,280.910934312003,727,0,10,0.4869611495476317,1.3334027961775519E-5,6.444001078720739,298.9478578113374,0.5391254000497292,"{""type"":""Point"",""coordinates"":[83.96364844458539,20.32976602220363]}"
960,90.0,2025-03-15,279.9785903294881,625,0,10,0.4763199313206467,1.3334027961775519E-5,2.9563959094524312,299.7123783656529,0.7314216039088243,"{""type"":""Point"",""coordinates"":[81.59690771338192,19.89152601979893]}"
961,194.87602298079617,2025-03-15,281.88824667249406,241,0,10,0.59859840373759,1.3334027961775519E-5,1.918592823492704,301.62408665248324,0.3142847780833689,"{""type"":""Point"",""coordinates"":[82.81496764825097,19.753903186834048]}"
962,152.1073531118966,2025-03-15,282.079885437375,571,0,40,0.20727988194786032,1.3334027961775519E-5,1.0492875162565214,299.23536827450704,0.3283950031412638,"{""type"":""Point"",""coordinates"":[82.6659147813599,19.15646654708923]}"
963,133.52398856598654,2025-03-15,290.5157520203363,376,0,10,0.6542736680720582,4.255520506291077E-5,13.227943539319913,300.11372811453685,0.4379252362847056,"{""type"":""Point"",""coordinates"":[83.18609243974683,18.238783830651446]}"
964,324.51240830752624,2025-03-15,281.1408799035209,308,0,10,0.29084092126405997,1.3334027961775519E-5,1.7081229923138472,300.16699727376306,0.8556723473820714,"{""type"":""Point"",""coordinates"":[82.91423804145701,20.76235449892804]}"
965,-0.0,2025-03-15,280.26075295039584,414,0,80,-0.5728155339805825,5.0944558815047E-5,0.0,299.01239812941776,1.5455903732523848,"{""type"":""Point"",""coordinates"":[80.20602579398272,22.812617945528768]}"
966,256.670536695183,2025-03-15,290.8264849072411,62,0,40,0.6636334091647709,2.0605794624373175E-5,2.0106475631843805,301.86857023693267,0.6542999089123476,"{""type"":""Point"",""coordinates"":[83.62794969969947,18.606097283090968]}"
967,249.18969411709395,2025-03-15,285.8164286386399,188,0,10,0.3360942975469895,1.3334027961775519E-5,5.206873464217534,302.5875295003255,0.8381853054259354,"{""type"":""Point"",""coordinates"":[81.25669483921267,18.16255279779401]}"
968,10.059671728240794,2025-03-15,279.010799453372,608,0,40,0.2788185423218925,1.3334027961775519E-5,2.8236293057438333,300.5244017101469,0.8984225341339069,"{""type"":""Point"",""coordinates"":[82.17071350216561,20.03355718981484]}"
969,258.12886918801087,2025-03-15,280.2397394180298,520,0,10,0.29740791268758526,1.3334027961775519E-5,27.089582572491118,301.5459267752511,0.508408039388287,"{""type"":""Point"",""coordinates"":[80.89022553865755,20.306606838309126]}"
970,38.79865731495995,2025-03-15,281.964156968253,306,0,40,0.22241086587436332,1.3334027961775519E-5,2.378789543396939,300.2335139683314,0.6833730297657112,"{""type"":""Point"",""coordinates"":[81.86632794976106,21.115433434029608]}"
971,61.20715461037471,2025-03-15,280.44120193663093,409,0,40,0.6203115983843047,2.657596985855548E-4,2.8860711430597683,297.5165136428106,1.0166291945545847,"{""type"":""Point"",""coordinates"":[80.61394472231868,23.653852988719517]}"
972,313.21405394291077,2025-03-15,281.3714242208572,276,0,10,0.3572139303482587,1.3334027961775519E-5,1.354291129957938,301.2699141729446,0.15508706822294643,"{""type"":""Point"",""coordinates"":[82.7537011942592,20.028671424211428]}"
973,49.320456036359246,2025-03-15,281.36701225099114,424,0,10,0.5707515233581584,1.3334027961775519E-5,14.615078805081769,301.81115649995354,0.30648785630103226,"{""type"":""Point"",""coordinates"":[80.46530982696473,19.716579445361422]}"
974,180.0,2025-03-15,282.272256624131,262,0,40,0.3243270289202442,1.3334027961775519E-5,0.9274099368670311,300.2714603969029,0.6285077389924211,"{""type"":""Point"",""coordinates"":[82.0343188463438,21.33120469738257]}"
975,210.63131859494032,2025-03-15,279.27888329823816,582,0,10,0.4521813515825492,9.603547258763001E-5,5.907409841350688,297.21783665248324,1.779935251148118,"{""type"":""Point"",""coordinates"":[83.83015349131594,22.902831644954816]}"
976,107.27939377095207,2025-03-15,280.87746960776195,314,0,40,0.583118556701031,1.3334027961775519E-5,3.1194482602301568,300.67947169712613,1.0092932802152998,"{""type"":""Point"",""coordinates"":[82.51835392272946,21.05903265858983]}"
977,187.76565622858425,2025-03-15,278.54338060106545,634,0,30,0.2588780236747298,6.93623940506427E-5,3.7389860914398514,297.4820723760696,1.2859156787402994,"{""type"":""Point"",""coordinates"":[81.97167097626811,23.565367570531304]}"
978,313.4099635322017,2025-03-15,283.0801353908721,294,0,40,0.2862835840082273,1.3334027961775519E-5,0.674788537048722,301.2901836576916,0.2783914343314055,"{""type"":""Point"",""coordinates"":[80.855070824383,18.917701473339807]}"
979,259.56908929497024,2025-03-15,278.27946458544045,844,0,10,0.6327315773897603,8.778022928623841E-5,17.376841636527807,296.1308993384951,1.616250562091212,"{""type"":""Point"",""coordinates"":[83.5794969769884,23.006193938404238]}"
980,314.84239047658946,2025-03-15,281.06618449801493,341,0,10,0.47886623570363,1.3334027961775519E-5,20.745549892599502,299.95064217703685,0.9171715928243934,"{""type"":""Point"",""coordinates"":[82.82296061156661,20.894214997571254]}"
981,270.0,2025-03-15,284.5254130136399,226,0,40,0.26289407729850944,1.3334027961775519E-5,0.489021213824408,302.38537524995354,0.4120622896847869,"{""type"":""Point"",""coordinates"":[81.73911738521629,18.505426655971558]}"
982,110.79224838719834,2025-03-15,285.93456944965186,186,0,10,0.500953041067406,1.4645330146834112E-5,2.6109852863252243,302.14671616327195,0.2905165080013547,"{""type"":""Point"",""coordinates"":[81.93224861885058,18.3281314973526]}"
983,18.098227368097973,2025-03-15,281.36701225099114,290,0,10,0.3089181734600061,1.3334027961775519E-5,6.316765445954706,301.81115649995354,0.30648785630103226,"{""type"":""Point"",""coordinates"":[80.49154322801974,19.697485386329852]}"
984,348.1078766735425,2025-03-15,284.3614028294881,186,0,10,0.3155080213903743,1.3334027961775519E-5,2.3682353825610765,302.7267187209356,0.4639932844715777,"{""type"":""Point"",""coordinates"":[80.29145921881697,18.247365301899197]}"
985,312.76975935941744,2025-03-15,280.4831185567947,275,0,40,0.2842985444410034,1.3334027961775519E-5,2.047913723796521,300.09354582287017,1.1510408412068776,"{""type"":""Point"",""coordinates"":[83.10691613083165,22.327221500034344]}"
986,259.2364873432698,2025-03-15,284.3883048012143,369,0,10,0.42836203737632833,1.4287702278181769E-5,2.481612952779969,302.3859623500279,0.4595629949729052,"{""type"":""Point"",""coordinates"":[80.29474684895597,18.102806160435488]}"
987,312.8089253373528,2025-03-15,281.61847709474114,272,0,40,0.1803723816912335,1.3334027961775519E-5,1.3645911726779736,299.9178227015904,1.0190116691224804,"{""type"":""Point"",""coordinates"":[82.59853133968095,22.13516370587789]}"
988,40.257186618884944,2025-03-15,281.7716055824643,390,0,10,0.4951102270843693,1.3334027961775519E-5,19.28972642910756,300.67678033737906,0.9420340282799339,"{""type"":""Point"",""coordinates"":[83.64638025800751,21.495990140645077]}"
989,15.23725083084346,2025-03-15,279.6799598421369,541,0,40,0.23115789473684212,1.5471624536900208E-4,1.9218470852758736,297.3598160516648,1.0602896422779935,"{""type"":""Point"",""coordinates"":[83.04564522373431,23.39442662320459]}"
990,90.0,2025-03-15,279.67977383023214,334,0,40,0.1987060998151571,1.2643384142307923E-4,1.0007782899357853,300.18991161528083,1.4819356899579195,"{""type"":""Point"",""coordinates"":[81.33562328546597,22.077854455115887]}"
991,302.01839682134346,2025-03-15,278.4459394273304,537,1,10,0.5439266615737204,1.3334027961775519E-5,3.4943624943723623,299.9219730922154,0.8658143680759952,"{""type"":""Point"",""coordinates"":[82.36348077377586,20.286611375261945]}"
992,220.97764491272207,2025-03-15,278.80862776438397,649,0,30,0.2593059936908517,4.9096814827009894E-5,3.0683657458687725,296.85918244861415,1.7234479183335727,"{""type"":""Point"",""coordinates"":[83.48492751394927,22.92493419832717]}"
993,171.74772010027522,2025-03-15,286.0614063172114,913,0,30,0.5140719629497684,4.571800152817218E-4,13.342780015983207,297.14213562011724,0.07250118807682726,"{""type"":""Point"",""coordinates"":[82.66670332757926,18.00567147132431]}"
994,90.0,2025-03-15,278.8248863674346,602,0,40,0.37941585535465927,2.7121352358250306E-4,0.5027566363519277,297.57685125441776,1.5859633364011723,"{""type"":""Point"",""coordinates"":[82.05071770896014,22.723248795957883]}"
995,50.9236180169543,2025-03-15,283.7415239697411,484,0,30,0.26857142857142857,1.3334027961775519E-5,4.405428037330623,301.06672523135234,0.5600207885711288,"{""type"":""Point"",""coordinates"":[81.49269547456068,18.679293087362055]}"
996,125.24259613401473,2025-03-15,281.625772249131,262,0,10,0.40914512922465207,1.3334027961775519E-5,7.194908716873709,301.7876143682571,0.2601833173006604,"{""type"":""Point"",""coordinates"":[80.49660160352123,19.602117875520335]}"
997,294.75411753194896,2025-03-15,278.76137492770243,581,0,40,0.4582085488701334,2.0144628687290833E-4,1.107380080537891,297.3327048165457,1.7192254388091235,"{""type"":""Point"",""coordinates"":[82.09645895643465,22.751838312673755]}"
998,349.93896859504787,2025-03-15,281.45522839682445,743,1,30,0.3310247531101706,1.3334027961775519E-5,2.8236411744753322,297.1144837878999,0.6978100523007615,"{""type"":""Point"",""coordinates"":[84.3477223063166,20.054966598846526]}"
999,60.81459144214039,2025-03-15,280.2065479187739,319,0,40,0.2487264673311185,1.3334027961775519E-5,2.850660020786994,300.875731695266,0.9310560094649806,"{""type"":""Point"",""coordinates"":[80.24357461598665,21.42275986960603]}"
1000,10.17699946852662,2025-03-15,282.36843640463695,258,0,40,0.26902286902286904,1.3334027961775519E-5,2.8246596819881122,299.9684993198939,0.5829532936269719,"{""type"":""Point"",""coordinates"":[82.06893639885347,21.808333089791788]}"
1001,46.45089371914164,2025-03-15,294.63268956683936,45,0,10,0.5476603119584056,3.0321351722761847E-5,0.6730628152516916,300.43309892926897,1.9498445108506723,"{""type"":""Point"",""coordinates"":[83.58646274353536,18.08501790569157]}"
1002,300.54168168357035,2025-03-15,279.27784860701786,491,1,10,0.37204429811433704,9.275721712498353E-5,8.157719972451838,298.3646639869326,1.3964821974610122,"{""type"":""Point"",""coordinates"":[81.17714899339786,23.39121116774636]}"
1003,51.7356188058715,2025-03-15,285.7387279782976,596,0,10,0.4435507893952934,2.5493375495955206E-5,25.197244836336832,298.22270202636724,0.5060227405179406,"{""type"":""Point"",""coordinates"":[84.32492327091886,19.591165622486283]}"
1004,133.0790631763486,2025-03-15,282.8395580564226,140,0,40,0.2839962997224792,1.3334027961775519E-5,0.6789444630835327,301.624493553525,0.4939475691039055,"{""type"":""Point"",""coordinates"":[83.88535409349768,20.755712893718325]}"
1005,119.50389582937157,2025-03-15,281.0200012297857,589,0,40,0.21553228621291448,1.3334027961775519E-5,2.822658747984125,299.82452610560824,0.20677076531462726,"{""type"":""Point"",""coordinates"":[82.35641606213109,19.420666690120967]}"
1006,207.96028248801588,2025-03-15,285.2935433614822,434,1,10,0.43123543123543123,1.91752831497638E-5,19.19881423773585,299.8740866524832,0.04217835934052923,"{""type"":""Point"",""coordinates"":[83.83756045115241,19.62052779221969]}"
1007,192.66740934409444,2025-03-15,280.05028048015777,461,0,10,0.44990598979317753,1.3334027961775519E-5,8.9572894135698,299.7349206833613,0.6653792924628217,"{""type"":""Point"",""coordinates"":[84.22079693664509,20.502161832709877]}"
1008,222.70638822482,2025-03-15,290.04350848425,86,0,40,0.6041906222051872,2.0173660949751593E-5,5.0356696174436895,301.6133444649833,0.6394035872255561,"{""type"":""Point"",""coordinates"":[83.45483056918386,18.5554672569954]}"
1009,114.7977923768681,2025-03-15,279.4912623905001,450,0,10,0.4460182562165565,3.7444106773421026E-5,2.210283737184368,299.3784637451172,1.3322450721747199,"{""type"":""Point"",""coordinates"":[80.37210704547307,22.47640974970822]}"
1010,225.40221632466432,2025-03-15,286.3344311032976,677,0,10,0.3041315990818669,1.5911928848311163E-5,15.464880498765273,299.6971951439267,0.2579533832194643,"{""type"":""Point"",""coordinates"":[83.37093258078487,19.095778414471937]}"
1011,180.0,2025-03-15,279.87561530158627,488,0,10,0.46220302375809935,3.8844815925642706E-5,3.704791833694711,298.14712306431363,1.3429952221163362,"{""type"":""Point"",""coordinates"":[80.97514805066525,23.536257727641118]}"
1012,119.68458981783607,2025-03-15,285.25136516207743,620,0,10,0.5116013693419551,2.9755107597395636E-5,20.601674008128015,298.38226536342074,0.5076998630472159,"{""type"":""Point"",""coordinates"":[84.23225431110572,19.644889053636234]}"
1013,208.15588253852167,2025-03-15,280.4516534805298,342,0,40,0.24230072463768115,1.3334027961775519E-5,1.0518559545996462,300.92946007138204,0.8733766931558486,"{""type"":""Point"",""coordinates"":[80.61490743404775,20.897024516891666]}"
1014,58.2868674632088,2025-03-15,280.5656613395328,258,0,40,0.2355464759959142,1.3334027961775519E-5,1.7638515271558155,300.42041524251306,0.9190238206057637,"{""type"":""Point"",""coordinates"":[81.90337016814112,22.043979270324364]}"
1015,19.77930335186221,2025-03-15,281.53365566616975,254,0,40,0.21611001964636542,1.3334027961775519E-5,1.4781330633394532,300.09938194638204,0.7500219309420554,"{""type"":""Point"",""coordinates"":[82.34171600934893,22.040733194739442]}"
1016,147.1137107747245,2025-03-15,281.5954174314226,245,0,40,0.7831450912250217,1.3334027961775519E-5,2.7590774180985718,300.1767919631232,1.1662278983666665,"{""type"":""Point"",""coordinates"":[83.08185674334376,21.883701399651546]}"
1017,230.247763443138,2025-03-15,287.20651885441373,517,0,10,0.48862568151908253,1.9383899406477667E-5,10.048546941350944,299.4848974318732,0.18404349602307685,"{""type"":""Point"",""coordinates"":[82.0554650863062,18.08841704617846]}"
1018,303.2699365322239,2025-03-15,279.7578755787441,648,0,30,0.4470621629293216,1.3334027961775519E-5,11.670760757434033,299.78017970493863,0.5203987958818316,"{""type"":""Point"",""coordinates"":[83.98584034663591,20.393008117999997]}"
1019,352.45317193963064,2025-03-15,281.18039580753873,1058,0,60,0.2722413134784269,1.3572446540877081E-5,3.7370723663525354,298.0310748872303,0.1814743344833027,"{""type"":""Point"",""coordinates"":[82.96640325969776,19.349952490040533]}"
1020,226.75085976071134,2025-03-15,279.843557312375,648,0,40,0.7452806443493581,1.3334027961775519E-5,2.705310500755632,299.94642203194763,0.8146762923318697,"{""type"":""Point"",""coordinates"":[82.01131737850409,19.83465150871924]}"
1021,262.3620300215177,2025-03-15,279.68547044481545,586,0,10,0.5974698102357677,1.3334027961775519E-5,3.4847807416978682,300.0958535330636,0.79772630960613,"{""type"":""Point"",""coordinates"":[81.84827240533781,20.162254494051144]}"
1022,264.03055967869363,2025-03-15,280.1126874742054,599,0,40,0.5120890367148523,1.3334027961775519E-5,4.4502060310353775,299.5857449486142,0.7149128601486358,"{""type"":""Point"",""coordinates"":[81.6246319796786,19.76512965266022]}"
1023,211.2695680739809,2025-03-15,281.31867822011316,280,0,10,0.33322368421052634,1.3334027961775519E-5,3.792377325594149,301.88162013462613,0.3820046770630787,"{""type"":""Point"",""coordinates"":[80.36755360969697,19.78634360193154]}"
1024,318.02551665740475,2025-03-15,277.8379188265119,818,0,40,0.20229175848391362,1.9122409029392884E-4,3.7373763179751256,299.6463499523344,1.5193807775103516,"{""type"":""Point"",""coordinates"":[80.78996625865182,22.128323401274464]}"
1025,47.13702040198618,2025-03-15,281.2104716073899,255,0,40,0.2330791229742612,1.3334027961775519E-5,0.6816984223611939,300.44545709519156,0.8226974696326348,"{""type"":""Point"",""coordinates"":[81.92312052543754,21.866100586892767]}"
1026,-0.0,2025-03-15,281.3559794198899,247,0,10,0.5248597407622364,1.3334027961775519E-5,0.463735342881014,300.62936474028083,0.7162349482100219,"{""type"":""Point"",""coordinates"":[84.30954928910461,21.59488707706713]}"
1027,270.0,2025-03-15,280.75271374838695,297,0,40,0.19843342036553524,1.3334027961775519E-5,0.5007548645060935,299.5892326718285,1.1803456703598467,"{""type"":""Point"",""coordinates"":[82.76733258867796,22.170074185960456]}"
1028,101.0672242026809,2025-03-15,281.145553452628,383,0,10,0.6138613861386139,2.8861037925764776E-5,14.197142918613203,297.471684773763,1.1435882551448993,"{""type"":""Point"",""coordinates"":[81.25367783232574,24.106016013059342]}"
1029,90.0,2025-03-15,280.59156931014286,584,0,40,0.2910984015251503,1.3334027961775519E-5,1.966635278292571,299.89880879720056,0.6135858859345226,"{""type"":""Point"",""coordinates"":[81.94554803472195,19.463068495661066]}"
1030,90.0,2025-03-15,279.7036066055298,460,0,40,0.2036727879799666,4.042433901219056E-5,1.5183931593183373,297.4543798537482,1.2164070022533429,"{""type"":""Point"",""coordinates"":[81.62813636738873,23.645660533185804]}"
1031,196.95137090067138,2025-03-15,281.03534721192864,732,0,10,0.5512713977064982,1.3334027961775519E-5,6.755844300525762,298.84251694452195,0.6994719847000843,"{""type"":""Point"",""coordinates"":[84.1985338185108,20.38545443550093]}"
1032,146.87382634248584,2025-03-15,279.57015468960714,550,0,30,0.2946768060836502,1.348082940140216E-4,2.7665794917685496,297.05152457101,1.823814046889376,"{""type"":""Point"",""coordinates"":[82.06294747861857,23.14986458727756]}"
1033,-0.0,2025-03-15,284.1114958354405,188,0,30,-0.11311475409836065,1.3334027961775519E-5,0.0,301.2620319184803,0.8030310920394162,"{""type"":""Point"",""coordinates"":[83.92830857795371,21.59769710825718]}"
1034,61.776699330744876,2025-03-15,278.85142794109527,593,0,30,0.26418786692759294,1.3334027961775519E-5,3.91638032878303,300.6228543236142,0.8976091911405708,"{""type"":""Point"",""coordinates"":[81.98154135725667,20.07218323225472]}"
1035,227.40197467193178,2025-03-15,279.72488171713695,515,0,40,0.335942132100083,1.9709514780430482E-4,2.7385202994513893,297.4340289887927,1.2616009613437065,"{""type"":""Point"",""coordinates"":[82.73936438494269,23.14892293594474]}"
1036,90.0,2025-03-15,292.03731196267273,51,0,40,0.3427434877454125,1.3721458152815558E-5,0.48772791517907066,300.52847072056363,0.7623863411978891,"{""type"":""Point"",""coordinates"":[83.15531634573523,18.04647313086816]}"
1037,256.76870661956116,2025-03-15,281.2208301453364,292,0,10,0.2834284124112982,1.3334027961775519E-5,2.025284367855215,302.12301708403083,0.41793400476069326,"{""type"":""Point"",""coordinates"":[80.31625850088315,19.864602789491077]}"
1038,27.86180711877323,2025-03-15,281.3685817264375,631,0,30,0.1359588363348506,1.3334027961775519E-5,4.188944805938516,299.9581349690755,0.6426655958577104,"{""type"":""Point"",""coordinates"":[81.82156267188786,18.939245731842874]}"
1039,253.0049906417815,2025-03-15,280.0380327588036,443,0,10,0.5062240663900415,3.795074625401185E-5,4.748902452071858,297.9607623872303,1.3585880813099145,"{""type"":""Point"",""coordinates"":[81.11352037356878,23.521841537741516]}"
1040,180.0,2025-03-15,279.3769522621518,608,0,30,0.29778650092683456,8.739279909519837E-5,1.8543341688295631,297.4793403262184,1.7192851899059725,"{""type"":""Point"",""coordinates"":[82.15589600050615,22.758911951486912]}"
1041,207.79611089933502,2025-03-15,294.30257656460714,12,0,40,0.7534681774859684,4.861997766880677E-5,1.0483542738323617,300.11593700590583,1.350703816917815,"{""type"":""Point"",""coordinates"":[84.23679875063628,18.46956071907629]}"
1042,270.0,2025-03-15,281.69912488119945,235,1,40,0.3893179950698439,1.3334027961775519E-5,0.49952669154287443,300.84899248395647,1.179838419300344,"{""type"":""Point"",""coordinates"":[83.3630392632197,21.821543357217575]}"
1043,146.01132435324686,2025-03-15,278.57766492026195,598,0,30,0.19438625890238795,1.7375992937473939E-4,4.4653656772968375,299.62013971237906,1.4679483171872796,"{""type"":""Point"",""coordinates"":[80.82868112541837,22.028750609827103]}"
1044,28.1454885822068,2025-03-15,280.0248666036697,401,0,40,0.2109851787271142,1.3334027961775519E-5,3.152431182953224,301.0806121826172,0.7329119248089803,"{""type"":""Point"",""coordinates"":[80.47118359337146,20.83189670143392]}"
1045,19.970233826788057,2025-03-15,277.91360242026195,742,0,40,0.2627208856717053,1.1239694757847474E-4,2.957855891237188,296.8106914701916,1.6792539215308124,"{""type"":""Point"",""coordinates"":[82.53416591480418,23.464575633050824]}"
1046,199.53574737392046,2025-03-15,281.3714242208572,269,0,40,0.2278960428366201,1.3334027961775519E-5,1.4758912523172565,301.2699141729446,0.15508706822294643,"{""type"":""Point"",""coordinates"":[82.7683366552557,20.04147953167756]}"
1047,126.2162474841037,2025-03-15,279.7934852327619,458,0,30,0.29142322972657164,3.178166551975892E-5,3.1364598405731834,297.7078675769625,1.1250520982709293,"{""type"":""Point"",""coordinates"":[81.74451235625324,23.736723277581603]}"
1048,65.00378774792364,2025-03-15,281.2435294105893,287,0,10,0.3992649515536251,1.3334027961775519E-5,1.097336666021,300.7179180326916,1.0132761636574894,"{""type"":""Point"",""coordinates"":[82.64805699599047,21.178957313455037]}"
1049,-0.0,2025-03-15,280.55153024764286,350,0,40,0.3690167413345909,1.542019052891419E-5,1.8543341688414132,299.40455191476,1.2789438215034006,"{""type"":""Point"",""coordinates"":[82.39057642396435,22.413567985792227]}"
1050,216.2551263663351,2025-03-15,281.1523080099197,358,0,10,0.30651677498682595,1.3334027961775519E-5,16.229102379909275,301.9337732224238,0.4034211443635869,"{""type"":""Point"",""coordinates"":[80.42339222526182,19.882281646931627]}"
1051,90.0,2025-03-15,280.165328843253,573,0,40,0.2266393442622951,1.3334027961775519E-5,1.9671949645457418,300.1759316580637,0.5407702900961326,"{""type"":""Point"",""coordinates"":[81.64757024291842,19.508926366838875]}"
1052,209.8729476694,2025-03-15,285.0106831959316,445,0,10,0.656818561175096,1.3334027961775519E-5,5.8622986484601585,301.9224904378255,0.76704076328255,"{""type"":""Point"",""coordinates"":[81.26601694253354,18.26585679868135]}"
1053,294.69165943813255,2025-03-15,279.8036577588036,476,0,40,0.21937587331159758,1.215760628738849E-4,1.1100043145624097,297.50259762718554,1.4460137498926544,"{""type"":""Point"",""coordinates"":[82.59195106250739,23.140499658790866]}"
1054,132.77101023326148,2025-03-15,279.765676453,378,0,60,0.21676587301587302,1.3334027961775519E-5,0.6828803041656469,300.2214057559059,1.154292007192338,"{""type"":""Point"",""coordinates"":[83.40491527932156,22.3209578717298]}"
1055,90.0,2025-03-15,282.48263608841665,247,0,60,0.1347049689440994,1.3334027961775519E-5,0.9960963327624412,300.195067632766,0.6323670923682656,"{""type"":""Point"",""coordinates"":[82.2059794533668,21.403756642793557]}"
1056,261.3315022906008,2025-03-15,280.47484102703277,410,0,30,0.20860927152317882,2.0135687990574525E-4,3.0739697259731567,297.6597079322451,1.076040715333075,"{""type"":""Point"",""coordinates"":[80.54103402547823,23.829106299453848]}"
1057,82.81505059557969,2025-03-15,286.7180167152768,187,0,10,0.37953387868498223,1.6016236976668097E-5,7.374623509269335,299.67864045642676,0.22904852891104716,"{""type"":""Point"",""coordinates"":[83.39399881115955,19.008899039942666]}"
1058,327.3976269412978,2025-03-15,282.38494496118454,207,1,40,0.2182328190743338,1.3334027961775519E-5,2.750312686376777,301.33783758254276,0.20803363633779606,"{""type"":""Point"",""coordinates"":[82.98956596693908,20.26380326600651]}"
1059,284.30885298875427,2025-03-15,278.3568862279256,976,0,40,0.34313005143277003,6.757425470738099E-5,9.299383414118067,295.71004159109935,1.7449233770992791,"{""type"":""Point"",""coordinates"":[84.27831286879936,23.33256401584653]}"
1060,270.0,2025-03-15,281.2685596375238,199,0,10,0.35437508806537976,1.3334027961775519E-5,1.4834047747306986,300.25869532993863,0.32233293029754534,"{""type"":""Point"",""coordinates"":[83.65345868503083,20.338470273514677]}"
1061,31.170326196351066,2025-03-15,282.07899606795536,301,1,10,0.6224772457459438,1.3334027961775519E-5,8.606541605914334,300.52788943336117,0.7190547080511419,"{""type"":""Point"",""coordinates"":[84.24848007625994,21.583737157083632]}"
1062,286.9440145993562,2025-03-15,280.80689552852084,421,0,40,0.30002562131693566,8.673714800266907E-5,1.590827814558675,297.42261832101,1.1264071640515738,"{""type"":""Point"",""coordinates"":[81.31534529136387,23.93741765933023]}"
1063,8.249304576310813,2025-03-15,279.2729541687739,866,0,10,0.34856278366111954,1.4285492105869935E-4,6.993963065904008,297.46432567778083,0.9922073309365593,"{""type"":""Point"",""coordinates"":[83.08380044133835,23.123325452789523]}"
1064,-0.0,2025-03-15,285.6463963190714,265,0,80,-0.09574468085106383,0.0010831181923904865,0.0,297.69115556989397,1.5267375237553795,"{""type"":""Point"",""coordinates"":[82.86560152324827,24.089587263039203]}"
1065,82.54832176943526,2025-03-15,280.4345229466756,486,0,30,0.25546276169774623,2.0186351938633607E-4,3.5711684091680547,297.3323792957125,1.203930914081851,"{""type"":""Point"",""coordinates"":[83.33767765035128,23.714366771300007]}"
1066,132.8034012572813,2025-03-15,278.89064157576786,406,0,10,0.3400673400673401,1.3334027961775519E-5,3.4084518813207825,300.48089817592074,1.1856563242789364,"{""type"":""Point"",""coordinates"":[83.64819797755221,22.162057853568637]}"
1067,339.958683552272,2025-03-15,281.3627514157976,429,0,10,0.3769900871132472,0.0011349742333450763,2.9591898598052055,297.1016315278553,1.570136684754082,"{""type"":""Point"",""coordinates"":[83.56941039440554,23.967854737433218]}"
1068,332.2382977503713,2025-03-15,285.8495387576875,69,0,60,0.10066600321518794,1.3542644218489386E-5,1.0480227548848804,302.9615122477213,0.5110939448996409,"{""type"":""Point"",""coordinates"":[80.63384489705128,18.218259502727044]}"
1069,255.08025115748052,2025-03-15,283.2016883577619,185,0,10,0.6186987615559044,1.3334027961775519E-5,7.167149679160506,301.1501166934059,0.5427585361523605,"{""type"":""Point"",""coordinates"":[83.9180752789703,21.161338310060156]}"
1070,312.57179393033067,2025-03-15,279.47668370746436,530,0,30,0.3089639115250291,2.398316781082599E-4,0.6854605766600503,297.30028642926897,1.0740421899881418,"{""type"":""Point"",""coordinates"":[82.85240895332254,23.272113990787396]}"
1071,47.546742617279065,2025-03-15,280.8697849909464,385,0,40,0.6476765555263849,1.1910247011570618E-4,1.3738207104239624,297.5374981108166,1.1365397532081751,"{""type"":""Point"",""coordinates"":[81.16040651796786,23.818174993892033]}"
1072,190.17912761865503,2025-03-15,281.45687343960714,222,0,40,0.24712019126276896,1.3334027961775519E-5,2.824678487640173,300.73267110188806,1.2063602920060192,"{""type"":""Point"",""coordinates"":[83.30170395258963,21.838935346073157]}"
1073,171.91891267945462,2025-03-15,279.30552950359527,676,0,10,0.6310893898786063,1.3334027961775519E-5,26.504461173063333,299.25115022205176,1.2934081583776504,"{""type"":""Point"",""coordinates"":[83.003290995526,22.53016128541395]}"
1074,112.11076803055022,2025-03-15,283.8647045407976,940,0,40,0.2926380368098159,1.3334027961775519E-5,3.6910660021668047,297.3176611037481,0.22802793718124373,"{""type"":""Point"",""coordinates"":[82.7939102443688,18.562327484110423]}"
1075,113.3819218208959,2025-03-15,287.9504618417649,350,0,10,0.7113620324629499,3.9385008020786927E-4,22.190449287523734,298.6329105922154,0.15808371384853867,"{""type"":""Point"",""coordinates"":[82.81602568749526,17.97324160457698]}"
1076,259.4263110077847,2025-03-15,281.26625774020243,312,0,30,0.14389711235137104,1.3334027961775519E-5,2.5255868661708845,300.8168705531529,0.9238381445890255,"{""type"":""Point"",""coordinates"":[80.90926960038422,21.037330864614]}"
1077,163.0333055148061,2025-03-15,282.2850856326876,259,0,40,0.33143489954121186,1.3334027961775519E-5,3.3899798474888807,301.6062353224981,0.3896289562499341,"{""type"":""Point"",""coordinates"":[83.17119532962684,20.532022549003283]}"
1078,46.70892520099518,2025-03-15,279.9503107070922,659,0,40,0.29728,1.3334027961775519E-5,0.6762732507467243,299.46606953938806,0.40895543333281187,"{""type"":""Point"",""coordinates"":[82.444404993422,19.60001739779931]}"
1079,241.96433628485445,2025-03-15,282.85845570337204,171,0,10,0.5702313107609789,1.3334027961775519E-5,3.940369137115408,300.90449378603984,0.6071740913365612,"{""type"":""Point"",""coordinates"":[84.01926002296186,21.268951961255635]}"
1080,103.2901279782838,2025-03-15,282.5840416408721,434,0,10,0.3799337149743899,1.3334027961775519E-5,4.02798924217928,301.2418903169178,0.29767799478481133,"{""type"":""Point"",""coordinates"":[81.45011335543926,19.11974883994917]}"
1081,90.0,2025-03-15,279.51921649206247,616,0,10,0.5222443559096945,1.3334027961775519E-5,1.4771983410573692,300.13929893856954,0.6921282505247681,"{""type"":""Point"",""coordinates"":[81.38841851978263,19.677842427405352]}"
1082,90.0,2025-03-15,283.7480111349197,188,0,30,0.036414565826330535,1.3334027961775519E-5,1.4972155213088467,300.8002166748047,0.9900982831361568,"{""type"":""Point"",""coordinates"":[83.70886504829008,21.720021162505457]}"
1083,90.0,2025-03-15,282.25108614422027,247,0,10,0.3168044077134986,1.3334027961775519E-5,1.4995776647746124,299.9838685535249,0.9774669720708089,"{""type"":""Point"",""coordinates"":[82.65731475311516,21.945357517819296]}"
1084,260.7566513982067,2025-03-15,282.60759539831247,577,0,10,0.6386117746241394,1.3334027961775519E-5,24.39434423238358,300.48658316476,0.33498919084447665,"{""type"":""Point"",""coordinates"":[83.25987526400453,19.900702802363224]}"
1085,19.306926296044022,2025-03-15,284.9858622323899,223,0,40,0.42371921879422586,1.4794341758772589E-5,1.4738154713891758,302.50952075776604,0.4661105454648148,"{""type"":""Point"",""coordinates"":[80.370222406942,17.920600667234222]}"
1086,164.8716312676491,2025-03-15,280.50662581125897,358,0,30,0.24024994613229908,3.6430827812239386E-5,3.8374057736766463,299.41131228492367,1.4114332886459147,"{""type"":""Point"",""coordinates"":[81.57291309924159,22.374149188361546]}"
1087,270.0,2025-03-15,282.7234575634911,114,0,40,0.30813186813186816,1.3334027961775519E-5,0.49607140531899147,301.6039392380488,0.5214216893880499,"{""type"":""Point"",""coordinates"":[84.00204916527903,20.801613312364807]}"
1088,254.791935584025,2025-03-15,287.0183154968988,185,0,10,0.5228388070970177,1.3334027961775519E-5,3.531178204364615,302.6600334530785,0.8005718289587846,"{""type"":""Point"",""coordinates"":[81.17448308470615,17.92511357714049]}"
1089,290.766559614972,2025-03-15,284.89495472680954,272,0,30,0.32683513838748496,1.3334027961775519E-5,2.6140679151216184,301.69470142182854,0.3001849168906301,"{""type"":""Point"",""coordinates"":[82.22759289436728,18.559390723449418]}"
1090,180.0,2025-03-15,279.4954534712292,646,0,10,0.5318591795170207,1.3334027961775519E-5,0.463735342881014,299.5520244780041,0.8300978294997453,"{""type"":""Point"",""coordinates"":[81.81910606860511,20.03932321409606]}"
1091,270.0,2025-03-15,279.7335952123006,536,0,10,0.3960292580982236,2.6447049812361456E-5,0.5032278528045077,297.59266807919454,1.277609742384807,"{""type"":""Point"",""coordinates"":[82.80125874136333,22.850750700237214]}"
1092,180.0,2025-03-15,280.6705836795625,243,0,10,0.3518487535552953,1.3334027961775519E-5,0.4637353428839794,300.22789873395647,1.1120399545259823,"{""type"":""Point"",""coordinates"":[83.10134221991726,22.1443156810721]}"
1093,312.7365316300488,2025-03-15,279.11528582799997,343,0,40,0.24683719641702834,1.4652060671238587E-4,2.049197686287849,299.6087464832124,1.3383942559106636,"{""type"":""Point"",""coordinates"":[82.04476220810517,22.48889076180267]}"
1094,142.5684518835672,2025-03-15,280.3034717468988,467,0,10,0.4171799027552674,1.8484639330296204E-4,5.819934681633912,297.93565659295945,1.0695578874434077,"{""type"":""Point"",""coordinates"":[80.29506660081486,23.862733466443775]}"
1095,239.2625357975664,2025-03-15,278.4687316985357,905,0,10,0.47187886279357233,1.6326951189427064E-4,9.881573401714013,295.94951447986426,1.8133481986948599,"{""type"":""Point"",""coordinates"":[83.94755690866988,23.220727770001623]}"
1096,114.93133325927083,2025-03-15,279.76322923387795,434,0,10,0.3139323390323754,4.182504816441224E-5,2.1992064238723104,300.51764715285526,1.1163743081628323,"{""type"":""Point"",""coordinates"":[80.96675245668537,21.61188592908763]}"
1097,105.13155161996795,2025-03-15,288.40093035925,175,0,10,0.46263237518910744,1.586722536472962E-5,3.548568974882421,301.1345556349981,0.33947143256067286,"{""type"":""Point"",""coordinates"":[83.40827595583161,18.837349868106763]}"
1098,245.02197677660348,2025-03-15,282.1368690218244,267,0,40,0.7792482795129698,1.3334027961775519E-5,2.195362398389411,300.39940171014695,1.07882422893699,"{""type"":""Point"",""coordinates"":[82.92109311648855,21.301573698659514]}"
1099,332.0075270474573,2025-03-15,285.65696412041075,139,1,10,0.4781167108753316,1.72679345169513E-5,1.0502574514627523,299.6220463344029,0.5195979161318993,"{""type"":""Point"",""coordinates"":[84.34266485548781,19.83686461831724]}"
1100,33.91037132403198,2025-03-15,282.07899606795536,297,0,10,0.5881268436578171,1.3334027961775519E-5,21.31117667235523,300.52788943336117,0.7190547080511419,"{""type"":""Point"",""coordinates"":[84.21351457940057,21.606477852173807]}"
1101,270.0,2025-03-15,282.25108614422027,242,0,30,0.35097310299584517,1.3334027961775519E-5,0.4996937003002962,299.9838685535249,0.9774669720708089,"{""type"":""Point"",""coordinates"":[82.74041044938629,21.86884018677248]}"
1102,245.08765140052617,2025-03-15,281.6229936963036,264,0,40,0.23057892132607619,1.3334027961775519E-5,1.100792881414132,300.46610441662017,0.821500528315139,"{""type"":""Point"",""coordinates"":[81.67168297239962,21.737087689657187]}"
1103,180.0,2025-03-15,282.1107110977172,250,0,40,0.7555051381289203,1.3334027961775519E-5,0.4637353428839794,300.4794623965309,1.0559452107385665,"{""type"":""Point"",""coordinates"":[82.91274259560123,21.24593790866913]}"
1104,55.52223723215336,2025-03-15,280.76592640649704,380,0,40,0.38812237552489504,2.644781987228839E-4,2.456134356583606,297.6361541748047,1.0195300182388574,"{""type"":""Point"",""coordinates"":[80.68378541545142,23.707247265313736]}"
1105,212.2402080278936,2025-03-15,291.6517383484613,86,0,40,0.3579562942443829,4.96928612747638E-5,2.7393098900976702,300.5783974783762,0.4977615653667908,"{""type"":""Point"",""coordinates"":[83.05169117912597,17.953754771505025]}"
1106,233.1716560804786,2025-03-15,280.57746728261316,311,0,40,0.21856692203695358,1.3334027961775519E-5,3.091625777024596,300.98150852748324,0.8497939108299672,"{""type"":""Point"",""coordinates"":[82.60048591868,20.59606054437516]}"
1107,19.64630414351089,2025-03-15,281.8487191427322,155,0,30,0.2905502968073159,1.3334027961775519E-5,1.4769047229398906,301.50177219935824,0.9630185840882799,"{""type"":""Point"",""coordinates"":[83.3378659221186,20.977972023929222]}"
1108,295.0324376585427,2025-03-15,281.3365760530744,161,0,30,0.2928311057108141,1.3334027961775519E-5,1.095851159906148,301.78851536342074,0.7351456822090827,"{""type"":""Point"",""coordinates"":[83.51159090715663,20.933932684621585]}"
1109,65.35786676092638,2025-03-15,279.59267375582743,491,0,40,0.3972602739726027,1.9131349726109192E-4,1.1120950012543487,298.07146853492367,1.2311887120522493,"{""type"":""Point"",""coordinates"":[80.8808257745126,23.443719295138138]}"
1110,180.0,2025-03-15,280.2680248532976,373,0,40,0.30516194331983804,1.7983190254255987E-5,0.9274099368670311,300.27068147205176,1.1167655697602787,"{""type"":""Point"",""coordinates"":[80.85648407626458,21.46674792418356]}"
1111,132.95852947321055,2025-03-15,282.2230739139375,168,0,40,0.7837684449489217,1.3334027961775519E-5,0.6804767066604632,301.10900224958147,0.8861173005891485,"{""type"":""Point"",""coordinates"":[83.64309829179929,21.3830874489116]}"
1112,301.8703437205385,2025-03-15,281.3029020854405,300,0,40,0.6136706948640483,1.3334027961775519E-5,3.5088378507351803,300.5775313604446,1.0246273799095311,"{""type"":""Point"",""coordinates"":[82.70572857377246,21.157230359368256]}"
1113,133.32398245823265,2025-03-15,281.2178016390119,451,0,10,0.37677136596055516,1.3334027961775519E-5,0.675861346425702,300.8116505940755,0.5072486245703643,"{""type"":""Point"",""coordinates"":[81.38211601723734,19.41383167762026]}"
1114,115.11274929338873,2025-03-15,280.2548063823155,455,0,10,0.5070483941287603,1.3334027961775519E-5,2.184353294154671,300.8639606294177,0.6379782057490797,"{""type"":""Point"",""coordinates"":[81.94053637241528,20.378378125690535]}"
1115,234.83726941724032,2025-03-15,279.12018026624406,545,0,40,0.45926014035922447,1.3334027961775519E-5,2.4143276265168354,300.7757677350725,0.918218950773313,"{""type"":""Point"",""coordinates"":[82.08558257108103,20.07181598843634]}"
1116,133.1223913808986,2025-03-15,280.55434949057445,269,0,40,0.32084309133489464,1.3334027961775519E-5,0.6783960852692874,301.97285897391185,0.5586585241387376,"{""type"":""Point"",""coordinates"":[80.39110448202237,20.524938890554846]}"
1117,14.843760057427911,2025-03-15,280.92875657762795,591,0,40,0.31976596285932335,1.3334027961775519E-5,3.832321741538745,299.22835213797435,0.12950448789519176,"{""type"":""Point"",""coordinates"":[82.53210475990205,19.38748248987269]}"
1118,115.28360510153573,2025-03-15,288.083553359622,186,0,30,0.42177108855442774,1.9354097084089972E-5,1.0856728903556327,300.4417601085844,0.3103904235689729,"{""type"":""Point"",""coordinates"":[83.68129830929841,19.144736289101775]}"
1119,46.806930474996804,2025-03-15,281.6794715608869,546,0,40,0.3729561380742279,1.3632051185652472E-5,3.3837399145701665,299.5623248872303,0.3735897745026371,"{""type"":""Point"",""coordinates"":[83.93534617522184,20.143298346931147]}"
1120,337.0430576384288,2025-03-15,281.6746410642352,854,0,30,0.29568697198755,1.3334027961775519E-5,19.371826913153736,297.94072541736426,0.1584509331137476,"{""type"":""Point"",""coordinates"":[82.90304331474051,19.210646997079845]}"
1122,168.95682215040455,2025-03-15,290.6809131531489,543,0,10,0.7371871275327772,2.6364373369602845E-4,28.192559904935838,298.71647062755767,0.6635561289163098,"{""type"":""Point"",""coordinates"":[84.26889438290675,18.922987238022312]}"
1123,227.16871650521412,2025-03-15,281.0034810474941,262,0,40,0.5749704840613932,1.3334027961775519E-5,0.6821050826126699,300.25860813685824,0.7836978897512854,"{""type"":""Point"",""coordinates"":[82.0605693395899,22.024231187939357]}"
1124,90.0,2025-03-15,278.5257734117054,623,0,40,0.501017501017501,8.608149691013978E-5,1.003479158508965,298.42646062941776,1.4126461514591653,"{""type"":""Point"",""coordinates"":[80.68335517512764,22.45457350618866]}"
1125,90.0,2025-03-15,279.6996945426578,422,0,40,0.33581235697940504,1.3334027961775519E-5,0.4953741539077092,301.3902057466053,0.8016309126006961,"{""type"":""Point"",""coordinates"":[82.29569691989471,20.58867600582283]}"
1126,325.16030162549214,2025-03-15,281.34747518811906,456,0,10,0.40226837531300635,0.0012935225884476154,6.1910558502537345,297.1408626011439,1.333630964640365,"{""type"":""Point"",""coordinates"":[82.98267590397423,23.899868988104714]}"
1127,184.42721105409183,2025-03-15,277.99823783692864,749,0,30,0.2580836547018689,2.1172808809666321E-4,6.484043778992813,297.35165477934333,1.5508296615203874,"{""type"":""Point"",""coordinates"":[81.0562580295953,22.695665098866012]}"
1128,207.8956010675871,2025-03-15,286.3780857721964,237,0,30,0.3891486046182179,1.56735102692096E-5,4.190247350165909,300.38929893856954,0.31210627071126057,"{""type"":""Point"",""coordinates"":[83.38618147204353,19.176532622853834]}"
1129,192.29165745891171,2025-03-15,279.211721374875,633,0,40,0.32326365475387725,1.329605500259845E-4,2.3717718826686767,295.98732721237906,1.6108817581008112,"{""type"":""Point"",""coordinates"":[84.38798305305806,23.375316138736288]}"
1130,295.417887743105,2025-03-15,286.880172593253,130,0,30,0.26141078838174275,1.4421812728926398E-5,1.0803168733160051,302.09098815917963,0.6376622328544217,"{""type"":""Point"",""coordinates"":[81.62937749266978,18.114902098340515]}"
1131,151.7157427263908,2025-03-15,281.9257803871518,254,0,40,0.21490056396556842,1.3334027961775519E-5,1.0531211715264894,300.07746160598026,0.5579042315044742,"{""type"":""Point"",""coordinates"":[81.98908352963045,21.687969315254968]}"
1132,180.0,2025-03-15,279.5437351862589,367,0,40,0.27047744196233026,1.7072009249119446E-4,0.9274099368670311,299.278807867141,1.3272209142104223,"{""type"":""Point"",""coordinates"":[82.12401054200741,22.548772684516276]}"
1133,208.66329918663604,2025-03-15,281.2028741836548,316,0,40,0.29213483146067415,1.1683749361424134E-4,2.1130926951442555,297.83784339541484,1.3343497272882112,"{""type"":""Point"",""coordinates"":[84.01788727386318,23.842587411807195]}"
1134,226.85279035015438,2025-03-15,280.76564157576786,340,0,40,0.24233128834355827,1.3334027961775519E-5,1.3559752050629874,301.1899464925131,0.6035911492810179,"{""type"":""Point"",""coordinates"":[80.80150903117233,20.392184978646497]}"
1135,79.57493705187632,2025-03-15,279.4700512204851,516,0,40,0.630053082890976,2.2180127306370423E-4,2.5611393329891374,297.33316403343554,1.1531739888417882,"{""type"":""Point"",""coordinates"":[82.7695459287005,23.083702919064763]}"
1136,-0.0,2025-03-15,281.51667626698816,261,0,40,0.37042777433353996,1.3334027961775519E-5,0.0,300.5469091506232,0.8895081404113897,"{""type"":""Point"",""coordinates"":[82.639117156017,21.3978096012628]}"
1137,24.639001346002413,2025-03-15,284.78789906274704,454,0,10,0.6761171032357473,1.8504730896040655E-5,26.093515202523445,298.91138785226,0.1820774187588988,"{""type"":""Point"",""coordinates"":[81.8518663054125,17.938444486936362]}"
1138,263.2706003505055,2025-03-15,281.5313305173602,338,0,10,0.4452773613193403,1.3334027961775519E-5,3.9512607575781935,301.74733116513204,0.3272562497265826,"{""type"":""Point"",""coordinates"":[80.77672425818078,19.274472821916444]}"
1139,270.0,2025-03-15,279.82785093216665,262,1,40,0.21067989495185294,1.3334027961775519E-5,0.5004863822264707,300.68931870233445,1.0952805437281574,"{""type"":""Point"",""coordinates"":[83.47061404589483,22.094619839430763]}"
1140,125.52445958767895,2025-03-15,287.9433526992798,735,0,30,0.38149400553335383,4.072164217987506E-4,4.777590276865785,297.84467933291484,0.2587587187068386,"{""type"":""Point"",""coordinates"":[82.54098254284051,17.840534330963443]}"
1141,180.0,2025-03-15,278.84400490352084,632,0,40,0.17620900500277933,8.548545046238587E-5,0.463735342881014,298.2202606201172,1.45426381783969,"{""type"":""Point"",""coordinates"":[80.4918281502389,22.91217705535371]}"
1142,313.58984312668383,2025-03-15,287.95523420969647,75,0,40,0.4772071552221581,1.4570824340864874E-5,2.016939117597623,302.88747950962613,0.8527451009435227,"{""type"":""Point"",""coordinates"":[80.93952359490517,17.833721504453706]}"
1143,226.91233402347697,2025-03-15,282.32325295039584,159,0,40,0.2994125052454889,1.3334027961775519E-5,0.67883548144392,301.2325141543434,0.5521633727792661,"{""type"":""Point"",""coordinates"":[84.00114286953118,20.710161147931426]}"
1144,350.0580633836067,2025-03-15,286.25779419853575,549,0,30,0.4158004158004158,1.8779682321934388E-4,5.6315815819236965,298.7369493756975,0.17128121716626185,"{""type"":""Point"",""coordinates"":[82.22910009471353,18.03850607457179]}"
1145,144.8807278544095,2025-03-15,291.18733056386316,43,0,80,0.028045770697778773,1.8042794899031378E-5,5.089180753936972,301.1503550211589,0.586227437052292,"{""type"":""Point"",""coordinates"":[83.74026934805418,18.577895123946472]}"
1146,126.22973613646649,2025-03-15,280.55141980307445,446,0,10,0.3368115942028985,7.670645634689777E-4,3.1354539811905062,297.7078094482422,1.1876781284106106,"{""type"":""Point"",""coordinates"":[82.92988162587577,23.67183096289717]}"
1147,47.118166511867926,2025-03-15,282.667764436631,229,0,40,0.2383397518185708,1.3334027961775519E-5,1.3627209700542289,300.0840417771113,0.8674045797857104,"{""type"":""Point"",""coordinates"":[82.6036800815215,21.77219087682212]}"
1148,195.09723319566965,2025-03-15,279.67977383023214,345,0,40,0.1864406779661017,1.2643384142307923E-4,1.9205753182549645,300.18991161528083,1.4819356899579195,"{""type"":""Point"",""coordinates"":[81.29183565323471,22.070990255962915]}"
1149,301.86937946887844,2025-03-15,281.71717966170536,312,0,50,0.33917396745932415,1.3334027961775519E-5,1.7561129323560485,300.48866417294454,0.6697472991980575,"{""type"":""Point"",""coordinates"":[81.73215404753635,21.162728238333813]}"
1150,126.86699551016385,2025-03-15,280.52073946453277,231,0,40,0.3214229744554145,1.3334027961775519E-5,3.0888493653950344,301.0075385684059,0.32178534860054986,"{""type"":""Point"",""coordinates"":[83.77969221668044,20.380533872161205]}"
1151,180.0,2025-03-15,280.9196594329108,370,0,10,0.308012198502911,1.3334027961775519E-5,6.464860749476268,302.06177847726,0.48514543163559504,"{""type"":""Point"",""coordinates"":[80.34780351399412,20.09901739452472]}"
1152,160.47139288056658,2025-03-15,278.58265817733036,663,0,40,0.2835164835164835,1.3334027961775519E-5,1.4758260343811274,300.16103907993863,0.8980420042445292,"{""type"":""Point"",""coordinates"":[82.03108067434513,19.979828687057932]}"
1153,81.28412860390357,2025-03-15,278.7237598328364,659,0,30,0.19720955191843306,1.2610601587681458E-4,3.0574212393968376,298.06541733514706,1.1863791214210015,"{""type"":""Point"",""coordinates"":[80.42434594267486,23.098647966208905]}"
1154,223.96496790043338,2025-03-15,281.09151699429464,307,0,30,0.221850613154961,1.3334027961775519E-5,6.416063599914787,300.69310869489397,1.0112777817693066,"{""type"":""Point"",""coordinates"":[82.58364515324995,21.07358286856741]}"
1155,180.0,2025-03-15,277.97516073499406,601,0,10,0.3830155979202773,3.0529967979475714E-5,1.8543341688414132,299.26954796200704,1.3318658172372382,"{""type"":""Point"",""coordinates"":[80.55017771034184,22.36517035300285]}"
1156,-0.0,2025-03-15,281.04533953893747,398,0,40,0.5123654349723596,3.1567858858494446E-4,0.9274099368611016,297.09867277599517,1.152180908664632,"{""type"":""Point"",""coordinates"":[81.72359652167958,24.10476448592015]}"
1157,199.91327728643077,2025-03-15,278.6958696728661,715,0,10,0.3594181818181818,1.7446748451277472E-5,1.4793805353810725,296.98126438685824,1.313808659930136,"{""type"":""Point"",""coordinates"":[83.35043712325262,23.051520319100984]}"
1158,332.18335779136055,2025-03-15,291.3443304243542,55,0,40,0.3428978428978429,1.6403667167708136E-5,1.048552368058552,300.7941771007719,0.5799657360274343,"{""type"":""Point"",""coordinates"":[83.7601482541433,18.618288739465697]}"
1159,27.891609793354394,2025-03-15,281.0153974351429,582,1,10,0.569023569023569,1.3334027961775519E-5,1.049277465699162,300.3131212506975,0.6288038697166564,"{""type"":""Point"",""coordinates"":[82.04251934488789,19.148724180333527]}"
1160,215.56586379110487,2025-03-15,281.5312840143839,283,0,40,0.6301247771836007,1.3334027961775519E-5,1.7097889123087981,300.617675054641,0.7460033040438784,"{""type"":""Point"",""coordinates"":[81.48106005153677,21.193087033176663]}"
1161,336.9781031379861,2025-03-15,280.2199000858125,610,0,40,0.2717439293598234,1.3334027961775519E-5,2.5177605436183774,299.67827424548926,0.5182945070338182,"{""type"":""Point"",""coordinates"":[82.3546995264032,19.72234321338727]}"
1162,180.0,2025-03-15,284.4117771784464,170,0,40,0.3259991019308487,1.5151969627424933E-5,2.3174627380815918,298.5987657819475,0.5713900857169117,"{""type"":""Point"",""coordinates"":[84.31799430039747,19.8663958866191]}"
1163,72.48880895687576,2025-03-15,292.18977197011316,66,0,40,0.37328974452112845,3.920244379429505E-5,3.079501713610707,300.1361134847005,0.6018175362552213,"{""type"":""Point"",""coordinates"":[84.22268120602386,18.81960617910089]}"
1164,342.3010578838099,2025-03-15,285.4450442450387,289,0,10,0.5221059736753291,1.3632051185652472E-5,9.64362038116064,299.3696339925131,0.5079008786357266,"{""type"":""Point"",""coordinates"":[84.390320062914,19.93429896111056]}"
1165,345.3839928631821,2025-03-15,278.8251537595476,621,0,30,0.23585679147308009,9.883689089207337E-5,11.811169379454723,297.90199425106954,1.3301313375860389,"{""type"":""Point"",""coordinates"":[80.65703076491167,23.02673587649241]}"
1166,19.69701325433299,2025-03-15,281.1804364976429,289,0,40,0.191969887076537,1.3334027961775519E-5,1.4773718776228122,300.6722114199684,0.770377811972257,"{""type"":""Point"",""coordinates"":[81.42014396539558,21.390319656924774]}"
1167,113.0683695437473,2025-03-15,285.7624793733869,337,0,10,0.6880527415983277,1.4168492988630987E-5,15.031398324193283,302.47280084519156,0.6745040277801994,"{""type"":""Point"",""coordinates"":[81.62978121882988,18.18610342446561]}"
1168,50.35937099025754,2025-03-15,278.89064157576786,476,0,10,0.6003791469194313,1.3334027961775519E-5,12.170997642767189,300.48089817592074,1.1856563242789364,"{""type"":""Point"",""coordinates"":[83.59980446145931,22.19106082747109]}"
1169,190.24957827761847,2025-03-15,280.3591997509911,479,1,10,0.4295033358042995,1.720832987217591E-5,19.057777308827614,298.2246493384951,1.6193629292258662,"{""type"":""Point"",""coordinates"":[82.35432048783959,22.820845364778855]}"
1170,283.2698721213353,2025-03-15,280.92875657762795,594,0,40,0.5743422997339639,1.3334027961775519E-5,2.0195063664549306,299.22835213797435,0.12950448789519176,"{""type"":""Point"",""coordinates"":[82.48299284993136,19.380018862363837]}"
1171,347.65004486165674,2025-03-15,281.0881397156489,405,0,30,0.2203235361130098,1.401948137669251E-5,2.3722984298356904,297.5579652332125,1.148238991029156,"{""type"":""Point"",""coordinates"":[81.23576081168625,24.012515131481933]}"
1172,-0.0,2025-03-15,279.9430097398304,312,0,40,0.3728813559322034,1.4436713890120245E-5,0.0,299.7716057187035,1.1846830501605627,"{""type"":""Point"",""coordinates"":[81.6876906842119,22.246469134288674]}"
1173,132.54876060355394,2025-03-15,279.1359796524048,605,0,40,0.16100028097780275,2.8149532480625794E-4,1.371324984420393,297.8910544259207,1.039526201249209,"{""type"":""Point"",""coordinates"":[80.65887087542333,23.378876330592668]}"
1174,180.0,2025-03-15,277.8341113953363,705,0,10,0.5587698722960647,1.8600868387608216E-4,0.463735342881014,298.1346428280785,1.4933256134448887,"{""type"":""Point"",""coordinates"":[82.23925762744744,22.617942607654456]}"
1175,46.939892894767,2025-03-15,280.5532450448899,375,0,10,0.3062873767577178,1.3334027961775519E-5,0.6791847791954633,301.0270523797898,0.9198072960642479,"{""type"":""Point"",""coordinates"":[82.31377187713332,20.856044215441013]}"
1176,65.12697825718627,2025-03-15,281.28444621676493,257,0,10,0.389334760121277,1.3334027961775519E-5,1.1024219559691488,300.2210918608166,1.1358448546846347,"{""type"":""Point"",""coordinates"":[83.10587262155781,21.9935740806193]}"
1177,199.7222233455828,2025-03-15,281.3055818194435,286,1,30,0.22400203407068395,1.3334027961775519E-5,1.4776046646913836,300.42163594563806,0.6544414860055784,"{""type"":""Point"",""coordinates"":[81.81855572257489,21.592274119359658]}"
1178,115.2035133925271,2025-03-15,281.1825814474197,277,0,10,0.43535314550366655,1.3334027961775519E-5,1.088895653535666,301.7605438232422,0.26549881681116827,"{""type"":""Point"",""coordinates"":[80.64074258580372,19.732558970927023]}"
1179,278.7395347096298,2025-03-15,280.97610823313397,707,0,10,0.49125,1.3334027961775519E-5,23.081480992934925,300.0348241896856,0.21749671578201116,"{""type"":""Point"",""coordinates"":[83.13448135068514,19.681113804228136]}"
1180,52.2106697951564,2025-03-15,282.03634702591665,269,1,10,0.3532672602049387,1.3334027961775519E-5,7.5245832868137095,300.0797344389416,0.721844175946758,"{""type"":""Point"",""coordinates"":[82.35367615306399,21.493632335677294]}"
1181,329.4515763211125,2025-03-15,281.79285162971127,922,0,10,0.4251639833035182,1.4108888343855597E-5,26.04549255376773,297.1894989013672,0.2567016045499856,"{""type"":""Point"",""coordinates"":[83.13542195541008,19.100092839513092]}"
1182,212.19302884030552,2025-03-15,281.28689343588695,754,1,10,0.387264457439896,1.3334027961775519E-5,11.882557226656758,298.708245413644,0.6995043892431402,"{""type"":""Point"",""coordinates"":[84.14315796783283,20.182249946536558]}"
1183,304.97383310944963,2025-03-15,281.964156968253,311,0,30,0.12207115996528782,1.3334027961775519E-5,4.842695140230001,300.2335139683314,0.6833730297657112,"{""type"":""Point"",""coordinates"":[81.86833382297023,21.139489850691607]}"
1184,286.6214145344059,2025-03-15,280.47662557874406,416,0,10,0.3372168284789644,1.3334027961775519E-5,11.20355808958323,301.56878298804867,0.5169732594479776,"{""type"":""Point"",""coordinates"":[80.6333438814273,20.24717671889729]}"
1185,52.503264270876286,2025-03-15,277.9738877160209,749,0,40,0.22489352933095205,1.0345625086216614E-4,3.803611590287676,296.06237139020647,1.8080336348911705,"{""type"":""Point"",""coordinates"":[84.09859520027658,22.974217727999505]}"
1186,180.0,2025-03-15,285.1289112000238,177,0,10,0.3042720139494333,1.3602248863264776E-5,1.3909630807829783,303.1046309698196,0.47249470729424287,"{""type"":""Point"",""coordinates"":[80.494896958735,18.10613473929176]}"
1187,227.59905938949143,2025-03-15,281.9562282108125,362,0,10,0.39667630057803466,0.0010284309308090656,0.6876957155405041,297.28418477376306,1.6056041388240605,"{""type"":""Point"",""coordinates"":[83.58642040230761,24.05430560195088]}"
1188,151.52649081331606,2025-03-15,277.50721291133334,800,0,40,0.3009079118028534,3.662531296768634E-4,1.0550016052707647,297.01915268670945,1.7600476963026985,"{""type"":""Point"",""coordinates"":[81.58085498222496,22.793903694876963]}"
1189,151.6602029735073,2025-03-15,281.55858126140777,237,0,40,0.2651002865329513,1.3334027961775519E-5,1.0536711358773658,300.08469281877785,1.0931920431274913,"{""type"":""Point"",""coordinates"":[82.9169039948745,22.018892562962076]}"
1190,74.42988087681144,2025-03-15,278.3462602978661,734,0,10,0.36427190242451285,5.0735942558333136E-5,16.780208339423535,296.18923732212613,1.3661901237628473,"{""type"":""Point"",""coordinates"":[83.52593824289296,23.143429612310715]}"
1191,315.5601928577181,2025-03-15,286.82711269741964,333,0,10,0.7513812154696132,2.8443805412337042E-5,17.018151047459575,299.45876857212613,0.3307956613452073,"{""type"":""Point"",""coordinates"":[83.99444919979938,19.22913447026998]}"
1192,53.26666336377795,2025-03-15,283.157022249131,143,0,10,0.39875111507582517,1.3334027961775519E-5,3.0984775473893587,301.45143854050406,0.5557772593067738,"{""type"":""Point"",""coordinates"":[83.78722662902626,21.115873477151904]}"
1193,64.97008919084436,2025-03-15,280.84008702777675,331,0,10,0.38487913595062573,1.3334027961775519E-5,2.1911078773223847,300.53823634556363,0.9348928432173329,"{""type"":""Point"",""coordinates"":[82.2567144370687,20.950910985866116]}"
1194,-0.0,2025-03-15,280.86053089868454,303,0,40,0.28219346888478125,1.3334027961775519E-5,0.0,300.764891851516,0.9070888736492686,"{""type"":""Point"",""coordinates"":[81.11404048674221,21.397200952447385]}"
1195,340.1765950795879,2025-03-15,279.04484544481545,629,0,10,0.49861687413554634,3.798054857639954E-5,1.478542582074608,299.57907177153083,1.221539259056056,"{""type"":""Point"",""coordinates"":[81.78900955980866,22.379111129982235]}"
1196,82.2814490694891,2025-03-15,288.13615403856545,243,0,40,0.44497339680761694,1.3423434928938605E-5,3.448704606283151,300.14245532807854,0.3289473622682476,"{""type"":""Point"",""coordinates"":[83.17345112137004,18.424295880613393]}"
1197,-0.0,2025-03-15,281.8189223607381,233,0,30,0.22321134190570394,1.3334027961775519E-5,0.4637353428839794,301.13992672874804,1.0419746387601065,"{""type"":""Point"",""coordinates"":[83.40708407101135,21.332947430792945]}"
1198,133.19662672274842,2025-03-15,278.68188390277686,677,0,40,0.21502194101438923,1.3334027961775519E-5,1.3547296105459645,300.04735674176897,0.5159623282997335,"{""type"":""Point"",""coordinates"":[81.33238946126646,20.12328641811305]}"
1199,217.0100987496574,2025-03-15,277.7865155992054,847,0,10,0.5994848679974243,3.1454610033421204E-4,13.122850571926804,297.0136013939267,1.6198429348903307,"{""type"":""Point"",""coordinates"":[81.23642062259464,22.657796040615903]}"
1200,180.0,2025-03-15,280.0387128648304,539,0,40,0.23381924198250728,1.3334027961775519E-5,5.0877851281632935,300.28124346051897,0.47046413444311674,"{""type"":""Point"",""coordinates"":[81.10665982439605,19.661393460462904]}"
1201,14.94478663963313,2025-03-15,279.61036232539584,396,0,10,0.5766473199044042,1.3334027961775519E-5,5.740485780212616,301.17643156505767,0.6294785352466804,"{""type"":""Point"",""coordinates"":[81.9820278831383,20.50807008721321]}"
1202,144.28705724214754,2025-03-15,277.4145499184018,588,0,80,0.3000665335994677,2.4027871294407532E-4,3.422816949335887,299.51166570754276,1.5545748387396692,"{""type"":""Point"",""coordinates"":[80.857711931909,21.978188282839966]}"
1203,31.29333269163853,2025-03-15,281.708047639756,328,0,10,0.45359223300970875,1.7027305765537903E-4,4.872497391965815,297.467784336635,1.3648505272610139,"{""type"":""Point"",""coordinates"":[83.95887713714627,23.940376075935408]}"
1204,249.08778553451754,2025-03-15,278.0941211609613,802,0,10,0.3952078521939954,1.1397647066502259E-4,6.468555003645485,297.1311492919922,1.5236329693583752,"{""type"":""Point"",""coordinates"":[82.13401640291835,23.50032750900389]}"
1205,245.10751220005787,2025-03-15,281.2104716073899,253,0,40,0.5458842063804648,1.3334027961775519E-5,1.10161492759343,300.44545709519156,0.8226974696326348,"{""type"":""Point"",""coordinates"":[81.94808173794218,21.866871512884046]}"
1206,235.38324223868182,2025-03-15,280.2659961609613,430,0,30,0.2861973562865048,5.5444709495588995E-5,4.886112091757902,297.593760899135,1.692903021748363,"{""type"":""Point"",""coordinates"":[82.37658875044225,23.017825218165886]}"
1207,252.96085063589817,2025-03-15,279.52039650508334,503,0,40,0.24145917776491024,9.019421739964173E-5,3.1620132469527276,297.6728973388672,1.5084787701822673,"{""type"":""Point"",""coordinates"":[81.48400763088378,23.156264183448453]}"
1209,90.0,2025-03-15,277.44134725843156,823,0,30,0.3091888656090991,4.34858075813338E-4,1.0071119246027684,296.3101857503256,1.7833208105094043,"{""type"":""Point"",""coordinates"":[81.59636487062016,22.949526083854547]}"
1210,301.3711891764615,2025-03-15,281.64378633953277,338,0,10,0.3878162450066578,0.0010559384743729083,1.7810740381626347,297.30898248581656,1.23067027653112,"{""type"":""Point"",""coordinates"":[84.30275512341024,23.855471438500654]}"
1211,279.5955900696938,2025-03-15,285.2935433614822,364,0,10,0.5815565031982942,1.91752831497638E-5,18.77237198735844,299.8740866524832,0.04217835934052923,"{""type"":""Point"",""coordinates"":[83.75823276826814,19.62770954169087]}"
1212,148.2766978072218,2025-03-15,278.75092919667566,513,0,10,0.42495201535508637,2.668546839146302E-5,3.8107692748341964,299.774395897275,1.293846493801828,"{""type"":""Point"",""coordinates"":[80.50781958911628,22.424864817676983]}"
1213,144.40177665796864,2025-03-15,281.8607866650536,274,0,40,0.3091828138163437,1.3334027961775519E-5,1.7104795255277596,300.1476055326916,1.0881186757008565,"{""type"":""Point"",""coordinates"":[82.88488190442185,21.369574432236725]}"
1214,165.08785332272868,2025-03-15,281.2533822286697,585,0,10,0.34065934065934067,1.339363260655091E-5,1.918914333770799,299.3510095505488,0.375519095041534,"{""type"":""Point"",""coordinates"":[83.91655344526325,20.154180511654676]}"
1215,139.13254782684575,2025-03-15,280.4052551360358,340,0,10,0.45593667546174144,1.3334027961775519E-5,3.0632639360823513,299.42213585263204,1.3263160931337952,"{""type"":""Point"",""coordinates"":[82.8386589232161,22.390946101345566]}"
1216,47.46886143130328,2025-03-15,277.92020003000897,720,1,40,0.3513635849270114,6.0153476432844855E-5,2.0571855844412807,297.2292240687779,1.6587314133278914,"{""type"":""Point"",""coordinates"":[82.43544749540187,23.461153185961916]}"
1217,-0.0,2025-03-15,281.4283613023304,275,0,30,0.3024181205999388,1.3334027961775519E-5,3.704791833694711,301.3571072533017,0.3383868329130569,"{""type"":""Point"",""coordinates"":[82.69612879668044,20.074203481698508]}"
1218,72.97747485913385,2025-03-15,279.2170750300089,584,0,40,0.30057547587428063,2.488319794693439E-4,3.165003654439743,297.15551103864397,1.3315211068797947,"{""type"":""Point"",""coordinates"":[82.676683674914,23.294837161185374]}"
1219,176.9819675004944,2025-03-15,285.0965974444435,253,0,10,0.20145520691223284,1.3334027961775519E-5,9.207697974429212,302.42724536714104,0.4394506436183977,"{""type"":""Point"",""coordinates"":[80.50872982957516,18.495728353866326]}"
1220,158.56686510993248,2025-03-15,278.16391631535123,959,0,10,0.6466641818859485,1.8936864570662237E-5,22.22858998222706,296.3180040631975,1.6805109810587322,"{""type"":""Point"",""coordinates"":[83.38188620897125,22.871072919532374]}"
1221,208.3044220776666,2025-03-15,281.3048087074643,243,0,40,0.16691560866318148,1.3334027961775519E-5,1.053320666147571,300.73581005278083,0.7522882796649889,"{""type"":""Point"",""coordinates"":[84.27578783682516,21.80894822205893]}"
1222,41.673844069813676,2025-03-15,279.7689897900536,385,0,10,0.42390548992355803,1.3334027961775519E-5,3.7199179057553864,301.24068123953685,0.6095961895752023,"{""type"":""Point"",""coordinates"":[81.96341276414479,20.582073229488106]}"
1223,-0.0,2025-03-15,278.8248863674346,608,0,40,0.31568140062682376,2.7121352358250306E-4,8.289099835372715,297.57685125441776,1.5859633364011723,"{""type"":""Point"",""coordinates"":[82.12429165364757,22.703786707020203]}"
1224,191.95541339884124,2025-03-15,282.249807312375,359,0,10,0.4999188706798637,1.3334027961775519E-5,2.3687872290854006,300.6546274820964,0.3129082919469032,"{""type"":""Point"",""coordinates"":[81.36262118929359,19.17139513823299]}"
1225,115.35620329758076,2025-03-15,292.4776137669881,30,0,40,0.5755081039361976,3.838287992863343E-5,1.0827699135804494,300.4459104992094,0.5157185671211516,"{""type"":""Point"",""coordinates"":[83.96881591415071,18.59433815646077]}"
1226,253.9901825363704,2025-03-15,279.1347066334315,589,0,30,0.5307977112083474,1.9122409029392884E-4,8.347645245294553,297.78240022205176,1.0569353542847266,"{""type"":""Point"",""coordinates"":[80.64838170186792,23.3383382627134]}"
1227,123.25122263440785,2025-03-15,281.0319466817947,446,0,10,0.34129548967261486,1.3334027961775519E-5,5.899458198086224,301.60167803083147,0.40517732566482345,"{""type"":""Point"",""coordinates"":[83.83140004939159,20.502839505089078]}"
1228,35.38260391350153,2025-03-15,281.45676299503873,237,0,40,0.23491592482690404,1.3334027961775519E-5,1.705898543184231,302.224120367141,0.49450144173241095,"{""type"":""Point"",""coordinates"":[80.21533672168052,20.166778273350904]}"
1229,35.516289070728256,2025-03-15,280.87580712636316,170,0,40,0.3214720935900561,1.3334027961775519E-5,1.7087330318104443,302.13574146089104,0.8006892422133155,"{""type"":""Point"",""coordinates"":[83.37840630337512,20.92099850012864]}"
1230,333.31675691427347,2025-03-15,279.3683492115566,592,0,10,0.5891789871028625,1.9855546160130189E-4,13.252979845992055,297.6491691952659,1.306794288951393,"{""type"":""Point"",""coordinates"":[80.97820442703062,23.31607362593078]}"
1231,43.036202878392665,2025-03-15,279.20022351401195,667,0,10,0.5316395770869496,1.1278437776951478E-4,8.812370151632114,296.8318096342541,1.0165039726755312,"{""type"":""Point"",""coordinates"":[83.47683322748324,23.362891317773734]}"
1232,95.9779206508211,2025-03-15,284.6364563079107,453,0,10,0.5471458101446971,1.5718213752791144E-5,4.4439410203601994,298.9743993849981,0.14364470666519882,"{""type"":""Point"",""coordinates"":[83.46672509501826,19.535897552679142]}"
1233,144.5109146352306,2025-03-15,282.95031651996436,100,0,30,0.3635875402792696,1.3334027961775519E-5,1.7081547230042808,301.45412990025113,0.504107303404986,"{""type"":""Point"",""coordinates"":[84.30386295172762,20.77030236334007]}"
1234,95.65151357735279,2025-03-15,282.4518162409464,793,0,10,0.38904468124883157,1.732753916172669E-5,9.33480793761481,297.83802940731954,0.6361434205598292,"{""type"":""Point"",""coordinates"":[84.16911390140841,19.93024453077257]}"
1235,114.60045839827153,2025-03-15,280.68960339682445,428,0,30,0.3560745211230648,1.2682127161411927E-4,2.2268807206186736,297.5898255847749,1.1912933534994823,"{""type"":""Point"",""coordinates"":[81.1502184525715,23.696009255239435]}"
1236,133.20666843581424,2025-03-15,280.24105312710714,437,0,10,0.4442662389735365,1.3334027961775519E-5,9.397907496781322,301.6614111037481,0.46026426891390476,"{""type"":""Point"",""coordinates"":[80.83999143540636,20.068760927208213]}"
1237,222.3079235740847,2025-03-15,284.7449768157232,558,0,30,0.26256983240223464,2.5076142982527472E-5,4.380964113890523,298.6596149262928,0.5404702379272014,"{""type"":""Point"",""coordinates"":[84.18902345139215,19.656683810045447]}"
1238,19.847830335318623,2025-03-15,279.5006269273304,986,0,10,0.6967509025270758,1.3334027961775519E-5,8.804623649922869,298.46355837867367,1.474102515513813,"{""type"":""Point"",""coordinates"":[82.75552547097622,22.564570687853067]}"
1239,227.37213293648176,2025-03-15,278.12670230865484,818,0,40,0.24203133441383037,2.958302418747394E-4,7.489455177309425,296.83491370791484,1.3768724430946029,"{""type"":""Point"",""coordinates"":[81.17741914105021,23.009323694230797]}"
1240,199.89284501539748,2025-03-15,280.5317490441459,416,0,30,0.3284654612888271,2.635764284519837E-5,1.4791896257334443,297.8590661911738,1.4742657863128839,"{""type"":""Point"",""coordinates"":[82.60884834177199,22.90043749951698]}"
1241,90.0,2025-03-15,280.5712126323155,468,0,10,0.39516800888642045,3.795151631393878E-4,1.0134375492220904,297.40517389206656,1.3803097812076435,"{""type"":""Point"",""coordinates"":[83.46537084813583,23.78049281779788]}"
1242,100.64312702512655,2025-03-15,278.58265817733036,657,0,40,0.17116107865887814,1.3334027961775519E-5,2.509318397126221,300.16103907993863,0.8980420042445292,"{""type"":""Point"",""coordinates"":[81.97107018486011,20.01202863686611]}"
1243,234.8360272347845,2025-03-15,279.0963998067947,634,0,40,0.2034908471690081,1.3334027961775519E-5,2.414253413731959,299.98266528901604,0.8703380341758462,"{""type"":""Point"",""coordinates"":[81.85428505456639,20.06446186148679]}"
1244,328.7244844828998,2025-03-15,280.1591323216756,424,0,10,0.43886156008432886,1.3334027961775519E-5,3.7926157249099295,300.08800034295945,0.3273083965863204,"{""type"":""Point"",""coordinates"":[80.98103637366795,19.82333005583824]}"
1245,295.16547483122173,2025-03-15,280.3870782852172,348,0,30,0.3781861292234736,1.3334027961775519E-5,4.353861918435987,301.71869114467074,0.3500068789097946,"{""type"":""Point"",""coordinates"":[80.95361988036841,20.005782017055]}"
1247,147.02738675670216,2025-03-15,279.2868294942947,313,0,40,0.26238053866203304,1.3334027961775519E-5,2.76176683632957,300.6081012544178,1.1093724345670428,"{""type"":""Point"",""coordinates"":[83.18177540883636,22.348387354919325]}"
1248,174.4641036629247,2025-03-15,280.9097717375982,318,0,10,0.35607094133697137,1.3334027961775519E-5,5.111499978662222,301.8858867826916,0.5353871716477089,"{""type"":""Point"",""coordinates"":[80.430028204202,20.28698122373613]}"
1249,90.0,2025-03-15,279.68015166691373,262,1,40,0.1840958605664488,1.3334027961775519E-5,0.5011299025228848,300.0472230457124,1.087499542051413,"{""type"":""Point"",""coordinates"":[84.0759858915744,22.27506484759898]}"
1250,208.1325936385853,2025-03-15,281.2998793919881,291,0,40,0.2416221150084757,1.3334027961775519E-5,1.0516273182506084,300.8717382521856,0.8336506265614517,"{""type"":""Point"",""coordinates"":[82.9469673424189,20.74940990148829]}"
1251,292.57748288823996,2025-03-15,286.5309352420625,307,0,30,0.5181711606096131,1.6969911293074347E-5,13.055943803761343,299.3433539980934,0.32245343399046134,"{""type"":""Point"",""coordinates"":[83.51509583566636,19.09169759212763]}"
1252,313.412433992701,2025-03-15,287.7095299221221,396,0,10,0.5098163394553515,1.6105643943831183E-5,6.716948146694476,300.3250550769625,0.26120140600988967,"{""type"":""Point"",""coordinates"":[83.37447580971748,18.903742940669638]}"
1253,-0.0,2025-03-15,279.1042064939226,521,0,10,0.43286661753868827,1.46997443870589E-4,0.4637353428839794,297.1277022588821,1.8569609578051895,"{""type"":""Point"",""coordinates"":[82.12749056254569,22.89655405715241]}"
1254,213.03096053182742,2025-03-15,278.64297835032147,595,0,30,0.20283370618941088,1.3334027961775519E-5,2.763591161183088,297.458995274135,1.4835112065583753,"{""type"":""Point"",""coordinates"":[83.29948884203299,22.657270831906892]}"
1255,67.82514611861716,2025-03-15,285.95244403112497,329,0,10,0.3259207783182766,1.6463271812483526E-5,3.6809623250539296,299.63862464541484,0.18492895683530614,"{""type"":""Point"",""coordinates"":[81.98296078216426,18.00634562589881]}"
1256,116.43548019456686,2025-03-15,283.8536426453363,1107,0,30,0.6833793920252664,2.4331854982762025E-4,11.309287319757193,295.92385064987906,0.20908559073516858,"{""type"":""Point"",""coordinates"":[82.94023601527107,18.349812034347714]}"
1257,245.42974512963963,2025-03-15,281.1535635902768,491,0,10,0.30904359141184123,1.3334027961775519E-5,17.299017152894617,301.4986797514416,0.28428351689232934,"{""type"":""Point"",""coordinates"":[80.8432836010985,19.439808198705972]}"
1258,32.54676362085418,2025-03-15,281.3105518250239,333,0,40,0.33442954717935747,1.3334027961775519E-5,2.748610369105743,300.8315771193732,0.6827263391231215,"{""type"":""Point"",""coordinates"":[82.37810090584439,19.929012161903994]}"
1259,270.0,2025-03-15,283.5575756345476,182,0,50,0.33256913597936666,1.3334027961775519E-5,2.4696181429815383,301.0988239106678,0.40937421189808754,"{""type"":""Point"",""coordinates"":[83.250555579494,20.228978184402013]}"
1260,15.063118641710467,2025-03-15,281.66331177666075,262,0,40,0.640968755777408,1.3334027961775519E-5,1.9202674494033116,300.34376671200704,0.7519825280366567,"{""type"":""Point"",""coordinates"":[81.75164679574384,21.733413363035172]}"
1262,140.67538403214255,2025-03-15,284.40845802852084,575,0,10,0.3172819689673622,1.3423434928938605E-5,5.3795368108305395,302.04614185151604,0.5386124847551754,"{""type"":""Point"",""coordinates"":[80.74290962190827,18.300123584956722]}"
1263,208.09271040452708,2025-03-15,281.1371247881934,379,0,30,0.28417564208782103,1.3334027961775519E-5,1.051236402671833,300.8797425769624,0.6649111692499386,"{""type"":""Point"",""coordinates"":[81.18738631420747,20.494530120869786]}"
1264,70.46819440693277,2025-03-15,282.70049671899704,674,0,30,0.28258332252626117,1.3334027961775519E-5,16.199171384020904,297.54854256766185,0.15367061514636557,"{""type"":""Point"",""coordinates"":[82.68381587325258,18.91793773985591]}"
1265,180.0,2025-03-15,280.08568668365484,848,0,10,0.4737022443035806,3.230099598923175E-4,0.9274099368611016,297.19384111676897,1.2252653483313751,"{""type"":""Point"",""coordinates"":[83.69857945213685,23.550389366577114]}"
1266,110.77544557133099,2025-03-15,284.98251983097623,201,0,10,0.3738541813566493,1.3334027961775519E-5,2.6130007267136506,302.6024104527065,0.47526022424548225,"{""type"":""Point"",""coordinates"":[81.08865566783534,18.479431844616453]}"
1267,68.12900661498824,2025-03-15,280.05028048015777,527,0,10,0.2548494983277592,1.3334027961775519E-5,3.7294064847188024,299.7349206833613,0.6653792924628217,"{""type"":""Point"",""coordinates"":[84.16047306701977,20.508149555598614]}"
1268,-0.0,2025-03-15,279.3564677011399,456,0,40,0.6251438434982739,5.934881372837708E-5,0.0,299.01780991327195,1.3629229384972465,"{""type"":""Point"",""coordinates"":[80.47504079529699,22.56637818832828]}"
1269,208.2223914399787,2025-03-15,283.5984575634911,138,0,40,0.4765126618983182,1.3334027961775519E-5,2.104310951121559,301.10167221795945,0.5855422233568005,"{""type"":""Point"",""coordinates"":[83.92276056148077,21.311027121918375]}"
1271,324.9237552044213,2025-03-15,278.78860242026195,673,0,10,0.4112522686025408,4.82690803245589E-4,7.88307930844953,297.2102973574684,1.4452806057288807,"{""type"":""Point"",""coordinates"":[82.46335224989667,23.722886420482634]}"
1272,133.32788919491148,2025-03-15,280.77492473238993,557,0,10,0.6001128827430506,1.3334027961775519E-5,0.6758124940145621,299.9872167678106,0.6401436106546279,"{""type"":""Point"",""coordinates"":[81.9594779819793,19.39172422765683]}"
1273,180.0,2025-03-15,282.7137616929554,224,0,80,0.19794450154162385,1.3334027961775519E-5,2.3174627380815918,300.2153894333613,0.7679088510889448,"{""type"":""Point"",""coordinates"":[82.46185143226377,21.701168892059975]}"
1274,294.57676126039763,2025-03-15,280.07664766765777,496,0,10,0.6009631922944616,4.385160608677552E-5,1.1148679626692304,297.62725466773617,1.0900291973370038,"{""type"":""Point"",""coordinates"":[81.83672004580892,23.837977835265896]}"
1275,208.18301483106808,2025-03-15,281.2957580657232,203,0,40,0.5715304521466267,1.3334027961775519E-5,2.1035362621173337,301.0963243756975,1.0525717304353535,"{""type"":""Point"",""coordinates"":[83.19855400573589,21.06657349368122]}"
1276,190.10308656505293,2025-03-15,280.35531093960714,280,0,10,0.2929009193054137,1.3334027961775519E-5,2.8240091108358607,302.0853206089565,0.5969666315236097,"{""type"":""Point"",""coordinates"":[80.29126917944265,20.71159005561838]}"
1277,31.344421359144217,2025-03-15,279.41546253930954,517,0,30,0.4659895352416128,1.3334027961775519E-5,7.557746938619971,301.2371295747303,0.8000798980447476,"{""type"":""Point"",""coordinates"":[82.18742447779381,20.249180683655034]}"
1278,61.1632791431623,2025-03-15,286.025442078,505,0,10,0.6071062521352921,1.6090742782637335E-5,10.458752554489314,300.0974985758464,0.17196522553818377,"{""type"":""Point"",""coordinates"":[81.94314481992022,18.00718682228561]}"
1279,296.5051579673575,2025-03-15,280.14337362561906,362,0,10,0.27543648404575555,1.3334027961775519E-5,7.235270304044499,300.07838003976013,1.0158298603501172,"{""type"":""Point"",""coordinates"":[83.98615770734884,22.157844843271555]}"
1280,308.31173799052965,2025-03-15,281.3387907573155,321,0,10,0.6208530805687204,3.707532803574054E-4,13.93171594212845,297.8306877499535,1.2809760198659916,"{""type"":""Point"",""coordinates"":[84.12285491156668,23.817811485580513]}"
1281,252.81532906419085,2025-03-15,281.78764910925,242,0,40,0.32080497188517315,1.3334027961775519E-5,1.5692186425875816,299.9499736967541,0.6762571972564582,"{""type"":""Point"",""coordinates"":[82.3204593651438,21.909249206044848]}"
1282,90.0,2025-03-15,280.15721988677984,608,0,10,0.5633516961438098,1.3334027961775519E-5,1.4788043013853538,299.8460453578404,0.7725135449876812,"{""type"":""Point"",""coordinates"":[81.658602124984,19.851756853046318]}"
1283,355.65193191251996,2025-03-15,282.076455842881,564,0,10,0.6800116042935886,1.3721458152815558E-5,24.444924381774726,300.07103838239397,0.17737529513010628,"{""type"":""Point"",""coordinates"":[83.80796884040235,20.04474159554441]}"
1284,107.19147314539276,2025-03-15,280.72201597122915,270,0,40,0.5694029850746268,1.3334027961775519E-5,1.568616779955676,300.7436981201172,0.9169813763699052,"{""type"":""Point"",""coordinates"":[81.66920100157348,21.848917601454286]}"
1285,-0.0,2025-03-15,280.90396467844647,290,0,40,0.27736389684813756,1.3334027961775519E-5,0.463735342881014,300.59199959891185,0.8475194752250063,"{""type"":""Point"",""coordinates"":[81.20464978094999,21.435327235038937]}"
1286,-0.0,2025-03-15,281.18039580753873,874,0,10,0.5728744939271255,1.3572446540877081E-5,12.769178384097833,298.0310748872303,0.1814743344833027,"{""type"":""Point"",""coordinates"":[83.0277989376259,19.43281437213538]}"
1287,182.8945862929587,2025-03-15,280.3369364511399,710,0,10,0.532967032967033,1.3334027961775519E-5,9.658554696180909,300.11498369489397,0.4754408515982877,"{""type"":""Point"",""coordinates"":[80.97916085347329,19.648140603832037]}"
1288,90.0,2025-03-15,282.16921765463695,178,0,10,0.6957928802588996,1.3334027961775519E-5,0.49832860287297975,301.1124609084357,0.7096957845514034,"{""type"":""Point"",""coordinates"":[84.14546544731468,21.47486590137194]}"
1289,242.2559668982285,2025-03-15,280.2659961609613,433,0,30,0.32966334956595383,5.5444709495588995E-5,3.9783263312388493,297.593760899135,1.692903021748363,"{""type"":""Point"",""coordinates"":[82.38485564423019,23.00267443998299]}"
1290,2.447193974841951,2025-03-15,280.7544227327619,243,0,10,0.39615623062616245,1.3334027961775519E-5,11.449348831758002,301.3488122849238,0.5233548828013589,"{""type"":""Point"",""coordinates"":[83.98559898123312,20.618359909490795]}"
1291,313.1141837445964,2025-03-15,280.57746728261316,290,0,40,0.2516919933597242,1.3334027961775519E-5,1.3568094881494168,300.98150852748324,0.8497939108299672,"{""type"":""Point"",""coordinates"":[82.64096412634245,20.569404610986766]}"
1293,169.97168828528183,2025-03-15,282.2570908410209,250,0,10,0.44254835039817975,1.3334027961775519E-5,2.823356029730468,302.030034383138,0.268359266656536,"{""type"":""Point"",""coordinates"":[80.44721064425218,19.52579189848041]}"
1294,226.65420168081593,2025-03-15,281.6067234675089,557,0,40,0.3048707155742634,1.3334027961775519E-5,0.6755886770844393,299.8541485014416,0.6056222432699382,"{""type"":""Point"",""coordinates"":[81.77580257133171,19.28938940608171]}"
1295,104.04698816495875,2025-03-15,289.1339102699643,542,0,10,0.6166874665715814,3.0047940416721985E-4,18.441960069123326,298.42715236118863,0.34949937855647123,"{""type"":""Point"",""coordinates"":[82.98315181988058,18.055878935333027]}"
1296,46.8802039202691,2025-03-15,280.55434949057445,283,0,10,0.3687002652519894,1.3334027961775519E-5,0.6784288964972123,301.97285897391185,0.5586585241387376,"{""type"":""Point"",""coordinates"":[80.37811947659587,20.539598258277767]}"
1297,102.22893945540432,2025-03-15,278.485879671006,693,0,10,0.36960985626283366,3.6726640863804505E-4,8.690157928079206,296.92068263462613,1.863378670701118,"{""type"":""Point"",""coordinates"":[81.75462930137783,22.908027800921875]}"
1298,340.49391431118016,2025-03-15,285.65696412041075,139,0,10,0.4425833710577939,1.72679345169513E-5,1.4756205150982729,299.6220463344029,0.5195979161318993,"{""type"":""Point"",""coordinates"":[84.3471404153638,19.782322439489292]}"
1300,28.197841702285942,2025-03-15,281.46504052480066,174,0,40,0.39476263828595437,1.3334027961775519E-5,1.0522685741487119,301.4186655680338,0.7963353869179406,"{""type"":""Point"",""coordinates"":[83.5899208127405,21.158920841142322]}"
1301,90.0,2025-03-15,280.203658921378,257,1,40,0.18201674554058975,1.3334027961775519E-5,1.5008409997569359,300.55844188871833,0.7457267915433635,"{""type"":""Point"",""coordinates"":[84.29653326865039,22.06523664721563]}"
1302,248.29976360084714,2025-03-15,279.8666111628214,470,0,10,0.3805668016194332,1.3334027961775519E-5,20.41184765338775,301.6209825788225,0.598044039196173,"{""type"":""Point"",""coordinates"":[80.52654392296219,20.551040887983596]}"
1303,207.8219783782746,2025-03-15,283.40626076289584,307,0,10,0.3918030493775353,1.3334027961775519E-5,2.0965057899039934,302.43976629348026,0.4218215791894694,"{""type"":""Point"",""coordinates"":[81.77610696902664,18.656754472041456]}"
1304,207.80662241171066,2025-03-15,283.7894452867053,194,0,10,0.4236083695223056,1.3334027961775519E-5,1.0484556669126266,301.8146209716797,0.4588804297268037,"{""type"":""Point"",""coordinates"":[80.73226738959907,18.54586714131774]}"
1305,320.11637203990165,2025-03-15,279.302041780381,662,0,10,0.7234200743494423,1.3334027961775519E-5,5.422880798188477,300.69270760672435,1.0197290108377837,"{""type"":""Point"",""coordinates"":[80.63252873378694,21.448088953735773]}"
1306,343.1198547590712,2025-03-15,280.2199000858125,626,0,40,0.17242841993637328,1.3334027961775519E-5,3.3884257310742734,299.67827424548926,0.5182945070338182,"{""type"":""Point"",""coordinates"":[82.35462080677857,19.683111998339015]}"
1308,200.2901170136625,2025-03-15,280.41894444965186,562,0,10,0.3773673501330412,1.3334027961775519E-5,12.64564116328242,300.5059574672154,0.6220855031767789,"{""type"":""Point"",""coordinates"":[84.16742504588052,20.56575809653836]}"
1309,312.8252285682397,2025-03-15,279.78905001140777,322,0,40,0.17365809652683806,1.3334027961775519E-5,2.045775431708194,300.3566771007719,1.1198080893125972,"{""type"":""Point"",""coordinates"":[83.6466728577252,22.054518358685538]}"
1310,187.1303604205319,2025-03-15,280.2406752904256,589,0,10,0.26515615431720757,1.3334027961775519E-5,7.894772292105159,300.7940492175874,0.7860100161201425,"{""type"":""Point"",""coordinates"":[82.26356974445541,19.870104616048426]}"
1311,125.08059535750765,2025-03-15,282.73814669109527,177,0,10,0.39067055393586003,1.3334027961775519E-5,2.4192473656998024,301.6925215948196,0.44514902566682074,"{""type"":""Point"",""coordinates"":[83.48294538406412,20.543181741687643]}"
1312,40.538261544745666,2025-03-15,281.2907938730149,339,0,10,0.24048725354765793,1.3334027961775519E-5,3.0481899708376083,300.64648364839104,0.6796610629152178,"{""type"":""Point"",""coordinates"":[81.82113031057656,20.704874322795362]}"
1313,259.26622867654413,2025-03-15,284.14524537041075,161,0,10,0.2104254503641242,1.3334027961775519E-5,9.861320402565477,302.6795647030785,0.4606486669440558,"{""type"":""Point"",""coordinates"":[80.3988123112872,18.591745877564655]}"
1314,215.55528059764416,2025-03-15,281.651191938491,284,0,40,0.2809120140309851,1.3334027961775519E-5,1.7095632864267059,300.56024387904574,0.7369338389874752,"{""type"":""Point"",""coordinates"":[81.64928253494301,21.136308936809613]}"
1315,42.06243458509707,2025-03-15,281.3912461144584,319,0,10,0.35332708528584816,1.3334027961775519E-5,15.245798062574252,300.8463708786738,0.7125899598705805,"{""type"":""Point"",""coordinates"":[82.29332165132143,21.428506391976747]}"
1316,302.1542018189469,2025-03-15,281.5679748625983,239,0,10,0.48650674662668664,1.3334027961775519E-5,1.742212618409941,301.71011134556363,0.19972719117187296,"{""type"":""Point"",""coordinates"":[80.69166737511786,19.450462853835926]}"
1317,119.14086399430286,2025-03-15,282.5909008298601,215,0,30,0.2873804219630455,1.3334027961775519E-5,2.8546277194202263,300.2935667492094,1.088615481056587,"{""type"":""Point"",""coordinates"":[82.94728703063382,21.687759532581754]}"
1318,183.91197525397658,2025-03-15,281.00579457055954,400,0,10,0.4143239625167336,4.096078081516907E-5,7.395902581412568,297.43921407063806,1.1188196325456543,"{""type"":""Point"",""coordinates"":[81.20029859130646,23.94078403460289]}"
1319,226.8395227839852,2025-03-15,282.84587083544045,219,0,40,0.2519916142557652,1.3334027961775519E-5,1.355640462238882,301.2344963437035,0.20995263764811015,"{""type"":""Point"",""coordinates"":[83.14910495638958,20.320622474105672]}"
1320,132.7638410532874,2025-03-15,280.5103402364822,325,0,10,0.4834388699464199,1.542019052891419E-5,0.68297268018617,299.40211050851,1.239808326296232,"{""type"":""Point"",""coordinates"":[82.34186926983763,22.35602385905304]}"
1321,132.83105940069123,2025-03-15,281.6355901899792,240,0,40,0.1929873772791024,1.3334027961775519E-5,0.6821079602093746,300.12104652041484,1.133189186456883,"{""type"":""Point"",""coordinates"":[82.96863429913097,22.025250090163453]}"
1322,180.0,2025-03-15,279.78905001140777,324,0,10,0.25408942202835333,1.3334027961775519E-5,0.9274099368670311,300.3566771007719,1.1198080893125972,"{""type"":""Point"",""coordinates"":[83.59211157405004,22.096957372488873]}"
1323,294.95447080518994,2025-03-15,281.30387283506855,274,0,40,0.25922632281013785,1.3334027961775519E-5,1.0990539167183928,300.60254414876306,0.7777608497923109,"{""type"":""Point"",""coordinates"":[81.34973699731032,21.458410284536978]}"
1324,346.11855539471867,2025-03-15,278.08797114236006,735,0,10,0.3915510718789407,2.0770477457432435E-4,10.393798924815414,296.8511723109654,1.3785711577807949,"{""type"":""Point"",""coordinates"":[81.26313149133294,23.125795196661464]}"
1325,313.40739591633644,2025-03-15,282.5378351211548,572,0,40,0.3963503649635037,1.3334027961775519E-5,0.6748205025597672,298.44448634556363,0.23334816284637983,"{""type"":""Point"",""coordinates"":[82.57788901102788,18.933457567862156]}"
1326,312.8083619950264,2025-03-15,280.1886617115566,283,0,40,0.6753022452504318,1.34532372513263E-5,0.6823995975011936,300.4322153727213,1.0852641523095787,"{""type"":""Point"",""coordinates"":[81.8088285316321,22.137612177308363]}"
1327,270.0,2025-03-15,281.69912488119945,212,0,30,0.06407865739955924,1.3334027961775519E-5,2.4949860701732987,300.84899248395647,1.179838419300344,"{""type"":""Point"",""coordinates"":[83.44681883188008,21.75697579699465]}"
1328,90.0,2025-03-15,279.37692901066373,525,0,40,0.24017003188097769,1.3334027961775519E-5,1.5092806758373403,298.60477629162017,1.31377090792409,"{""type"":""Point"",""coordinates"":[82.85759495115845,22.84317327520414]}"
1329,110.06062125449861,2025-03-15,283.18273258209234,223,0,40,0.35131017672151127,6.812040726700275E-4,2.701938708231832,297.6813608805338,1.3632284996078226,"{""type"":""Point"",""coordinates"":[83.98522268178809,24.087496312588446]}"
1330,-0.0,2025-03-15,282.667764436631,238,0,40,0.2372528616024974,1.3334027961775519E-5,0.463735342881014,300.0840417771113,0.8674045797857104,"{""type"":""Point"",""coordinates"":[82.55473902142161,21.765973548400243]}"
1331,193.62855471477462,2025-03-15,279.67814041319343,605,0,10,0.46407831425253027,1.4163302584080384E-4,4.2866142953687385,296.40695263090583,1.1478064486398922,"{""type"":""Point"",""coordinates"":[83.46301020000759,23.57183236020292]}"
1332,54.97108661043376,2025-03-15,286.41701457613993,206,0,10,0.28779675135360266,1.446651621250794E-5,11.16746914724052,302.6408451625279,0.6719424847000872,"{""type"":""Point"",""coordinates"":[80.69400279654295,17.954338772656886]}"
1333,102.57327491495758,2025-03-15,279.6919052941459,466,0,10,0.352752880921895,1.3334027961775519E-5,10.5313816423048,301.3867529006231,0.6272826835690338,"{""type"":""Point"",""coordinates"":[80.9989051547317,20.486906542282185]}"
1334,256.62211991106267,2025-03-15,286.8211312521072,81,0,30,0.2530093870789619,1.3334027961775519E-5,4.002129432865221,303.22384716215583,0.8350429800765149,"{""type"":""Point"",""coordinates"":[80.91826529629762,17.954015413265324]}"
1335,180.0,2025-03-15,281.5895929336548,313,0,40,0.39676634711689795,1.339363260655091E-5,1.3909630807829783,300.4256468273344,0.2016359423667048,"{""type"":""Point"",""coordinates"":[83.65394342012215,20.117001259027834]}"
1336,168.06549064013277,2025-03-15,284.0969229652768,158,0,10,0.4403769481696267,1.3334027961775519E-5,2.368604612310143,302.3650650751023,0.4785693167184318,"{""type"":""Point"",""coordinates"":[80.43982926638793,18.872357978395193]}"
1337,309.8801145091636,2025-03-15,278.229049546378,991,0,10,0.37739610489188774,7.341550989536927E-5,7.194596033734198,295.6610855829148,1.4397779387348981,"{""type"":""Point"",""coordinates"":[83.62187102185655,23.206026703468368]}"
1338,32.48853711311238,2025-03-15,279.99964455195834,616,0,10,0.43103200803789293,1.3334027961775519E-5,2.7468329602810084,300.23490324474517,0.6563802250750459,"{""type"":""Point"",""coordinates"":[81.90485234152064,19.57093668715738]}"
1339,259.35694643174827,2025-03-15,280.91498007093156,313,0,10,0.5295437546746448,1.3334027961775519E-5,2.5093354945649025,301.8671053931827,0.44876898951365524,"{""type"":""Point"",""coordinates"":[80.43952772261275,20.013227313020163]}"
1340,283.09166472403757,2025-03-15,280.7001944496518,304,0,40,0.21841910859394237,1.3334027961775519E-5,2.0464837500565993,300.6661253429594,0.8282635444073893,"{""type"":""Point"",""coordinates"":[81.251824752386,21.531716911349886]}"
1341,89.17930287855481,2025-03-15,279.0614760716756,835,0,10,0.5795253276656039,2.672200123825519E-4,29.470017827528704,296.5392768496559,1.1257445347812016,"{""type"":""Point"",""coordinates"":[83.67377167146506,23.538886562549315]}"
1342,304.50805774233777,2025-03-15,279.8108657201131,556,0,40,0.4441309255079007,2.5544809503941224E-4,2.4542473115222756,296.61965143112917,1.2038281696071318,"{""type"":""Point"",""coordinates"":[83.63183699308482,23.558474188520822]}"
1343,79.52983048360495,2025-03-15,279.11528582799997,573,0,10,0.5835796387520525,1.4652060671238587E-4,5.090419852397053,299.6087464832124,1.3383942559106636,"{""type"":""Point"",""coordinates"":[81.95189769085393,22.481806739687443]}"
1344,132.76987309091828,2025-03-15,279.34852731795536,435,0,10,0.2674471992653811,1.3334027961775519E-5,2.047909333020493,299.2267187209357,1.2716498320810563,"{""type"":""Point"",""coordinates"":[83.69810686576596,22.326271216944487]}"
1345,270.0,2025-03-15,286.168020203,123,0,10,0.41287655050206734,1.3334027961775519E-5,0.48784362892330974,303.2402859642392,0.8758673460591598,"{""type"":""Point"",""coordinates"":[80.96040426396053,18.087844074644792]}"
1346,270.0,2025-03-15,282.12940529414584,598,0,40,0.21446869556307,1.3334027961775519E-5,1.9616169269435217,299.16804359072734,0.4811427036116887,"{""type"":""Point"",""coordinates"":[81.55999056220504,19.043525852544043]}"
1347,331.22147845307944,2025-03-15,280.29024746304464,476,0,10,0.35622895622895623,1.3334027961775519E-5,16.947926450996302,301.46617998395647,0.5633064725802903,"{""type"":""Point"",""coordinates"":[80.57830917789336,20.299363669414397]}"
1348,180.0,2025-03-15,279.765676453,419,0,40,0.25960637300843487,1.3334027961775519E-5,4.627367505919335,300.2214057559059,1.154292007192338,"{""type"":""Point"",""coordinates"":[83.43088079842299,22.336290275353555]}"
1349,180.0,2025-03-15,281.625772249131,249,0,10,0.366903976384789,1.3334027961775519E-5,0.9274099368670311,301.7876143682571,0.2601833173006604,"{""type"":""Point"",""coordinates"":[80.4599663116377,19.640382097594138]}"
1350,115.12888261453254,2025-03-15,279.7231029782977,514,0,10,0.4159562285278025,1.3334027961775519E-5,1.0919178694092233,300.88784572056363,0.7176790707204438,"{""type"":""Point"",""coordinates"":[82.24811179878208,20.26511208495402]}"
1351,27.939210833458887,2025-03-15,280.59008121490484,602,0,30,0.4311141536881739,1.3334027961775519E-5,4.191931576177082,300.19166128976,0.4562456216241752,"{""type"":""Point"",""coordinates"":[82.32354725455727,19.47640218702687]}"
1353,291.7561967745315,2025-03-15,280.86053089868454,297,0,40,0.17496229260935142,1.3334027961775519E-5,3.748069004549002,300.764891851516,0.9070888736492686,"{""type"":""Point"",""coordinates"":[81.1265468971144,21.37728147879337]}"
1354,195.2570942024875,2025-03-15,280.1562723886399,553,0,10,0.37992659964895487,4.0279077692417786E-4,5.7488787582054295,296.88190496535526,1.0683014546283516,"{""type"":""Point"",""coordinates"":[83.07962003481262,23.574386634189135]}"
1355,244.69407494747418,2025-03-15,288.51616473424997,164,0,10,0.49214330609679446,1.6388766006514288E-5,10.722139720851127,300.4200141543434,0.3387852131993231,"{""type"":""Point"",""coordinates"":[83.74853800524903,18.977157120910604]}"
1356,151.44318474777987,2025-03-15,279.2170750300089,556,0,40,0.2419068736141907,2.488319794693439E-4,1.0558351307624156,297.15551103864397,1.3315211068797947,"{""type"":""Point"",""coordinates"":[82.69453203537377,23.260998882681047]}"
1357,295.01920976935577,2025-03-15,281.39748913901195,295,0,40,0.24146981627296588,1.3334027961775519E-5,2.191983812201787,300.47098722912017,0.7541573417657256,"{""type"":""Point"",""coordinates"":[82.14758551525595,21.023921080885682]}"
1358,313.39891686726384,2025-03-15,282.99228545597623,341,0,30,0.3260388492746496,1.3334027961775519E-5,2.6978336944126453,301.4239029657273,0.31749574138211767,"{""type"":""Point"",""coordinates"":[81.20272358255754,18.983171739402522]}"
1359,57.80122572256859,2025-03-15,288.87895189012795,117,0,40,0.7044311377245509,2.406286402134583E-5,1.740061085838704,301.09927150181363,0.28234311390988154,"{""type"":""Point"",""coordinates"":[83.76856171755324,19.168829854201363]}"
1360,46.83500895957504,2025-03-15,280.3501781736101,417,0,80,-0.21662669864108713,1.3334027961775519E-5,1.355526631946867,300.37783595493863,0.7107976236581619,"{""type"":""Point"",""coordinates"":[81.77678979080548,20.29570563494283]}"
1361,219.0366058933357,2025-03-15,280.4831185567947,283,0,10,0.4505772576308714,1.3334027961775519E-5,2.3867701592393975,300.09354582287017,1.1510408412068776,"{""type"":""Point"",""coordinates"":[83.06500414049549,22.33717624455208]}"
1362,180.0,2025-03-15,283.270791780381,325,0,40,0.37478877999324095,1.3334027961775519E-5,1.8543341688414132,301.3178238641648,0.2705814198960109,"{""type"":""Point"",""coordinates"":[80.94080493294615,18.835746650126822]}"
1363,242.58785431211004,2025-03-15,286.1205697286697,771,0,10,0.7265505226480836,2.8741828636213995E-5,26.208998614741976,298.646977742513,0.4060244852167459,"{""type"":""Point"",""coordinates"":[84.06632624203726,19.15616626443997]}"
1364,68.01317494385303,2025-03-15,280.166067078,713,0,30,0.41188251001335113,1.3334027961775519E-5,3.710777843145002,298.8308970133463,0.12954890891844542,"{""type"":""Point"",""coordinates"":[83.1092017830939,19.591401852255885]}"
1365,270.0,2025-03-15,279.9220717748006,615,0,40,0.7167675704132667,1.3334027961775519E-5,0.9851081092957581,299.97508530389695,0.8021402018622087,"{""type"":""Point"",""coordinates"":[82.13724054153806,19.708543076684528]}"
1366,343.9296110845592,2025-03-15,285.9794390088036,318,0,30,0.3982120051085568,1.5956632331892706E-5,5.293536537268904,300.296885899135,0.129435506358039,"{""type"":""Point"",""coordinates"":[83.22250217115565,18.78670182291297]}"
1367,121.9941212210354,2025-03-15,280.55205340612497,438,0,10,0.4352087114337568,1.3334027961775519E-5,3.4967261771496743,301.12572006952195,0.5377741207252779,"{""type"":""Point"",""coordinates"":[80.98822872859421,20.431831777983085]}"
1368,46.7825117331006,2025-03-15,281.3127084005447,284,0,10,0.3305331179321486,1.3334027961775519E-5,6.072219849244694,302.40485418410526,0.4571490883893087,"{""type"":""Point"",""coordinates"":[80.22783559480618,20.00909536308908]}"
1369,19.655429139318898,2025-03-15,282.63248030344647,159,0,10,0.4626865671641791,1.3334027961775519E-5,1.476988679319073,300.9291287376767,0.5730650415411132,"{""type"":""Point"",""coordinates"":[84.22487589010372,21.05226533697279]}"
1370,139.80418437361405,2025-03-15,282.5705209005447,1003,0,10,0.6255274261603375,1.3334027961775519E-5,11.96539145763397,300.3083023797898,0.32784213512795085,"{""type"":""Point"",""coordinates"":[81.22717950763966,18.771050348132917]}"
1371,340.0392699868568,2025-03-15,280.28538790203277,399,0,40,0.7554038680318543,5.0050489143416144E-5,1.479824827659345,298.2142966134208,0.8956297959625091,"{""type"":""Point"",""coordinates"":[80.20404719907813,23.396487110306172]}"
1372,194.87894649499924,2025-03-15,280.2099891390119,619,0,10,0.608319417033551,1.3334027961775519E-5,1.9186188111932008,299.7197432745071,0.7302535234766806,"{""type"":""Point"",""coordinates"":[81.71813320140824,19.78657958690956]}"
1373,103.28952460495881,2025-03-15,282.49496518997915,598,0,40,0.22012578616352202,1.3334027961775519E-5,2.0165759835486745,298.7758026123047,0.2802750180259733,"{""type"":""Point"",""coordinates"":[82.72079074051271,19.12846898217542]}"
1374,180.0,2025-03-15,279.80905210404177,505,0,10,0.37312619242300354,1.3334027961775519E-5,4.166350197307866,300.1990785144624,0.6329069150189024,"{""type"":""Point"",""coordinates"":[84.08427373033635,20.466514687277275]}"
1375,11.97062344720692,2025-03-15,285.4804562614077,545,0,40,0.3433751743375174,2.7609340385481573E-5,7.074638722451863,297.924327305385,0.5127445957680423,"{""type"":""Point"",""coordinates"":[84.1909733070887,19.386212226309347]}"
1376,315.7338520740293,2025-03-15,281.2957580657232,432,1,10,0.4953506698187549,1.3334027961775519E-5,20.454880174497394,301.0963243756975,1.0525717304353535,"{""type"":""Point"",""coordinates"":[83.18056304165576,21.14291511105899]}"
1377,39.19908908202089,2025-03-15,278.393356187003,806,0,40,0.3924133420536298,2.0639347238926575E-4,4.77623654129308,297.1955210367838,1.2895387507080587,"{""type"":""Point"",""coordinates"":[80.90268026360789,23.129797039566853]}"
1378,151.36797887798056,2025-03-15,280.44120193663093,492,0,10,0.4404669260700389,2.657596985855548E-4,5.268651653506417,297.5165136428106,1.0166291945545847,"{""type"":""Point"",""coordinates"":[80.58512588720025,23.673335989114104]}"
1379,154.98190014343177,2025-03-15,279.27353545597623,471,0,40,0.3180500658761528,8.962797327427552E-5,3.5776763706742716,297.64409455798926,1.3861092384814058,"{""type"":""Point"",""coordinates"":[81.29494857588762,23.319135997459274]}"
1380,312.84839016812583,2025-03-15,280.75341129302984,275,0,40,0.3961363636363636,1.3334027961775519E-5,1.3635779303140227,300.6284521193732,0.9230709402093907,"{""type"":""Point"",""coordinates"":[81.81729568161745,21.939471411167872]}"
1381,106.04406766265144,2025-03-15,281.84592896416075,863,0,30,0.5505992010652463,1.3334027961775519E-5,11.585124873327334,297.5261746361142,0.1399045206996835,"{""type"":""Point"",""coordinates"":[82.93284678476735,19.108686599083697]}"
1382,160.67389741549061,2025-03-15,286.22458526066373,148,0,10,0.32586989409984873,1.3334027961775519E-5,1.4739883057228667,302.8651580810547,0.890037633933196,"{""type"":""Point"",""coordinates"":[81.15949348893872,18.109258984877435]}"
1383,121.87362021912624,2025-03-15,280.87746960776195,322,0,10,0.3241996365161471,1.3334027961775519E-5,3.50851595382095,300.67947169712613,1.0092932802152998,"{""type"":""Point"",""coordinates"":[82.4959083658728,21.138876742726943]}"
1384,164.95027925363163,2025-03-15,281.3735401062738,266,0,40,0.6582486061003607,1.3334027961775519E-5,3.8359900822137387,300.5521523611886,0.8163181730625302,"{""type"":""Point"",""coordinates"":[81.5291562082499,21.598475863025346]}"
1385,227.4529147606295,2025-03-15,279.5007489976429,574,0,40,0.251437386060861,3.1036607460066534E-5,1.3713686547284114,297.1414264497302,0.9732812971508644,"{""type"":""Point"",""coordinates"":[83.40819369871245,23.38734730675732]}"
1386,261.8425340277033,2025-03-15,283.738571030753,1376,0,30,0.1151293202105745,2.945487420120685E-4,24.528815950322517,296.4514792306082,0.17757295184899496,"{""type"":""Point"",""coordinates"":[82.84322709620875,18.258123206459807]}"
1387,27.366482838361954,2025-03-15,282.249807312375,481,0,10,0.599142904236031,1.3334027961775519E-5,22.29971643180372,300.6546274820964,0.3129082919469032,"{""type"":""Point"",""coordinates"":[81.41919622926837,19.175605283230464]}"
1388,234.87832979856995,2025-03-15,281.0337893622262,238,0,40,0.20629548146894566,1.3334027961775519E-5,2.4167839406558493,302.1774604434059,0.5213592239912196,"{""type"":""Point"",""coordinates"":[80.3054788691133,20.308843057702703]}"
1389,28.556514444609654,2025-03-15,278.64321667807445,844,0,30,0.5599606815203145,1.68514720634505E-4,2.110947633026275,296.43424406505767,1.401159199845144,"{""type"":""Point"",""coordinates"":[83.72731590111334,23.259304643061412]}"
1390,180.0,2025-03-15,291.44757865724114,47,0,40,0.3821469502101108,3.8084856704756476E-5,0.9274099368670311,300.65787687755767,0.27529208821652285,"{""type"":""Point"",""coordinates"":[83.98144251929163,18.737575933895812]}"
1391,-0.0,2025-03-15,282.04889701661614,204,0,40,0.2222222222222222,1.3334027961775519E-5,0.9274099368670311,300.251714070638,1.0012647480900263,"{""type"":""Point"",""coordinates"":[83.62591913715042,21.648950562479]}"
1392,295.3712732468609,2025-03-15,284.1511919384911,267,0,40,0.3350843240254354,1.3334027961775519E-5,1.0821694749246695,302.93086678641185,0.5809234050464257,"{""type"":""Point"",""coordinates"":[81.56570781109332,18.479203842975963]}"
1393,239.88915656547158,2025-03-15,280.8252293268839,505,0,10,0.4128551891809755,7.023041169205158E-4,17.042452658646678,297.38574146089104,1.1307797571287637,"{""type"":""Point"",""coordinates"":[83.10119602548846,23.696871095447698]}"
1394,296.25287132770177,2025-03-15,281.2234226862589,314,0,10,0.42052067381317,1.3334027961775519E-5,18.230157820822757,300.5636444091797,1.1464562059169379,"{""type"":""Point"",""coordinates"":[83.19110552470381,21.312315028216062]}"
1395,332.0059483731951,2025-03-15,282.35617705753873,209,0,40,0.37755102040816324,1.3334027961775519E-5,1.050272830271883,301.6547669910249,0.3121705171377441,"{""type"":""Point"",""coordinates"":[82.9053097549107,19.848195853590873]}"
1397,208.34111150235267,2025-03-15,280.1213370277768,300,0,40,0.33258131227674376,1.3334027961775519E-5,2.1066561083523583,300.9781893775576,1.1153959226361585,"{""type"":""Point"",""coordinates"":[83.54299633735197,22.02740836106314]}"
1398,90.0,2025-03-15,280.5911507833572,421,0,10,0.3138456152634343,1.3334027961775519E-5,0.9915835650589482,301.01642063685824,0.7889760939493468,"{""type"":""Point"",""coordinates"":[80.9100711653533,20.728313092950902]}"
1399,-0.0,2025-03-15,280.79704852331247,251,0,40,0.2635086194408228,1.3334027961775519E-5,0.463735342881014,300.6456407819475,0.7356646001092104,"{""type"":""Point"",""coordinates"":[84.29545316299959,21.87199625901183]}"
1400,35.11716425689287,2025-03-15,292.51019491468156,75,0,10,0.5153203342618384,4.8888198570296026E-5,1.700325619798083,299.92565264020647,0.487159125268398,"{""type"":""Point"",""coordinates"":[84.08605965591946,18.56416798653219]}"
1401,-0.0,2025-03-15,279.78717826661614,627,0,40,0.32676361014301164,1.3334027961775519E-5,0.0,300.28186543782556,0.7409025437245363,"{""type"":""Point"",""coordinates"":[82.14933864720899,19.575808103272504]}"
1403,11.996327173635894,2025-03-15,282.05894165947325,534,0,10,0.4680784802242292,1.3334027961775519E-5,13.941179126456262,299.90656316848026,0.248065559944801,"{""type"":""Point"",""coordinates"":[82.95927344621526,19.741456336809545]}"
1404,270.0,2025-03-15,278.064010483878,673,0,10,0.5877862595419847,9.60950772324054E-5,2.504107853977294,298.39053126743863,1.5412126198831675,"{""type"":""Point"",""coordinates"":[80.83665427040556,22.27459669718614]}"
1405,280.6142548720144,2025-03-15,280.0273080099197,496,0,10,0.4196204797708557,1.3334027961775519E-5,2.516056828920939,300.3096160888672,0.38058499391288575,"{""type"":""Point"",""coordinates"":[83.86227633496357,20.444669210135206]}"
1406,270.0,2025-03-15,280.2193478629703,403,1,10,0.4698292220113852,1.3334027961775519E-5,2.0031418762088125,299.95965794154574,1.083478926537801,"{""type"":""Point"",""coordinates"":[83.90471912084277,22.23153626061202]}"
1407,18.538232835966777,2025-03-15,284.6066653387887,318,0,40,0.36801752464403065,1.4734737113997198E-5,9.213144926532504,300.6144024076916,0.09531852831195677,"{""type"":""Point"",""coordinates"":[83.55855569866826,19.66035704129653]}"
1408,117.70283966555118,2025-03-15,280.40708037785123,526,0,10,0.30734767025089604,1.3334027961775519E-5,13.698536689414796,300.43075052897126,0.5174770768635334,"{""type"":""Point"",""coordinates"":[81.16950789951179,20.34150160482317]}"
1409,248.41621546766834,2025-03-15,280.5757699239822,486,0,10,0.2864353312302839,1.3334027961775519E-5,15.962278686493276,300.71465701148617,0.38339082927950163,"{""type"":""Point"",""coordinates"":[80.85150339606015,19.37689740218475]}"
1410,238.4313736667189,2025-03-15,285.6131757554554,866,0,10,0.41101569440331653,2.7043096260115362E-5,23.407530401083747,298.1423797607422,0.4380939389286269,"{""type"":""Point"",""coordinates"":[84.08217438272318,19.3312457872277]}"
1411,280.44133929632085,2025-03-15,279.4256583168393,598,0,40,0.2059968847352025,2.6447049812361456E-5,2.557196369350615,297.53886994861426,1.3071539164301713,"{""type"":""Point"",""coordinates"":[82.95919502418586,22.867563093715823]}"
1412,307.06943481136346,2025-03-15,282.01890259697325,561,0,30,0.20824509388677115,1.3334027961775519E-5,3.0744115235965763,299.34352838425406,0.3505224537159207,"{""type"":""Point"",""coordinates"":[82.56107557060753,19.20998586715672]}"
1413,305.74881356524645,2025-03-15,276.7120527085803,785,0,10,0.6479400749063671,1.8916773004917786E-4,5.539056656989197,298.6637071881975,1.619082212475836,"{""type"":""Point"",""coordinates"":[80.98243540508084,22.250258893924507]}"
1414,141.69344761389522,2025-03-15,283.8536426453363,970,0,40,0.399130143860823,2.4331854982762025E-4,4.717155314326085,295.92385064987906,0.20908559073516858,"{""type"":""Point"",""coordinates"":[82.94645953823024,18.29719822311317]}"
1415,82.46201890900284,2025-03-15,280.01480452219647,430,0,10,0.5558177956101015,1.3334027961775519E-5,3.530617417852448,300.37331354050406,1.0686736084546913,"{""type"":""Point"",""coordinates"":[83.65354587338807,22.13650830773244]}"
1416,137.12072584156186,2025-03-15,279.99815064384825,738,0,10,0.46577234168475046,1.3334027961775519E-5,5.049683556052557,300.20710027785526,0.5451630599767813,"{""type"":""Point"",""coordinates"":[81.08942864952805,19.559460870933606]}"
1417,226.54971946401693,2025-03-15,282.73841408320834,1169,0,60,0.01953125,1.3334027961775519E-5,6.7123058394745385,299.55347769601,0.374126042759022,"{""type"":""Point"",""coordinates"":[81.1927852744217,18.68109892626729]}"
1418,252.8751740948207,2025-03-15,280.13025978633334,324,0,10,0.3623853211009174,1.3334027961775519E-5,1.5745346853091111,300.03823634556363,1.1525431516738218,"{""type"":""Point"",""coordinates"":[83.23252289164547,22.430145261454886]}"
1419,316.25953030007906,2025-03-15,281.70810576847623,315,0,10,0.5292553191489362,0.0010242586056747882,10.162176698668326,297.48473467145647,1.22447781956444,"{""type"":""Point"",""coordinates"":[84.23464637204222,23.887691302466774]}"
1420,72.90626440805404,2025-03-15,280.61689018067864,412,0,10,0.4086219081272085,1.771496935276673E-5,3.152235573082837,298.8427436465309,1.5683030768309754,"{""type"":""Point"",""coordinates"":[82.53181040807829,22.696015851057798]}"
1421,258.0725176770891,2025-03-15,280.2072745277768,414,0,10,0.6455653351387949,3.279494448094056E-5,6.700847276296374,297.55107697986426,1.2952730491499473,"{""type"":""Point"",""coordinates"":[84.32626771741808,23.744773752741573]}"
1422,160.54949181214974,2025-03-15,281.5313305173602,376,0,10,0.5963808025177026,1.3334027961775519E-5,5.88102145111262,301.74733116513204,0.3272562497265826,"{""type"":""Point"",""coordinates"":[80.76245812220057,19.283516284872707]}"
1423,-0.0,2025-03-15,279.53276629675,335,0,80,0.37967423721036936,1.3334027961775519E-5,1.390963080774087,299.08788408551897,1.2357019197149608,"{""type"":""Point"",""coordinates"":[83.36609490245377,22.398704244071165]}"
1424,35.5853837399786,2025-03-15,281.5500305266608,411,0,10,0.539469264360094,9.131257454910724E-4,14.507954825372428,297.2958453950428,1.5605082586795498,"{""type"":""Point"",""coordinates"":[83.46014296407313,23.96767869832304]}"
1425,188.78236324494316,2025-03-15,277.93027955009825,878,0,10,0.5403046380284101,1.9757198496250794E-4,12.915615945984708,298.39984348842074,1.6741387653098547,"{""type"":""Point"",""coordinates"":[81.01011161475495,22.379300188482407]}"
1426,-0.0,2025-03-15,279.47668370746436,540,0,40,0.22759016550272648,2.398316781082599E-4,1.3909630807829783,297.30028642926897,1.0740421899881418,"{""type"":""Point"",""coordinates"":[82.8747845480033,23.275410565635404]}"
1427,151.93714512749918,2025-03-15,281.0337893622262,251,0,30,0.28971444413640146,1.3334027961775519E-5,1.0509442968701272,302.1774604434059,0.5213592239912196,"{""type"":""Point"",""coordinates"":[80.25028083225077,20.301698729636225]}"
1428,144.31247283507065,2025-03-15,282.4758234024047,242,0,10,0.5081281932187646,1.3334027961775519E-5,1.7123911670240093,300.13305591401604,1.014201167167264,"{""type"":""Point"",""coordinates"":[82.80731049497517,21.84580135705223]}"
1429,27.809238706219123,2025-03-15,284.3709650039673,271,0,10,0.30873028775808814,1.3334027961775519E-5,2.0962600850072737,301.88125392368863,0.26261466070301115,"{""type"":""Point"",""coordinates"":[81.9926816247218,18.56486157305641]}"
1430,180.0,2025-03-15,284.99700550805954,165,0,10,0.19239228878250744,1.3334027961775519E-5,1.8543341688295631,302.9654010591053,0.41281012131254174,"{""type"":""Point"",""coordinates"":[80.93004416158156,18.47123853732267]}"
1431,144.31173407333557,2025-03-15,280.90274397532147,262,0,40,0.4116986639721567,1.3334027961775519E-5,1.712407016150139,300.6686539422898,0.8460515154967577,"{""type"":""Point"",""coordinates"":[81.79534879080404,21.84906319017169]}"
1432,270.0,2025-03-15,282.00674788157147,193,0,40,0.38126904959822666,1.3334027961775519E-5,0.4989611360556658,300.87259855724517,1.1171697270836214,"{""type"":""Point"",""coordinates"":[83.53192107940977,21.658623194340844]}"
1433,90.0,2025-03-15,282.38494496118454,217,1,40,0.24005209086962812,1.3334027961775519E-5,0.9886973848659132,301.33783758254276,0.20803363633779606,"{""type"":""Point"",""coordinates"":[83.03146753293666,20.28198359615256]}"
1434,71.10509970387699,2025-03-15,283.49798207055954,833,0,10,0.6920052424639581,2.1812788681074835E-5,16.69545578905794,298.6912543887184,0.24786561417640118,"{""type"":""Point"",""coordinates"":[83.90939552323552,19.735835492639612]}"
1435,90.0,2025-03-15,279.78717826661614,642,0,30,0.38927869772663487,1.3334027961775519E-5,1.967939171534233,300.28186543782556,0.7409025437245363,"{""type"":""Point"",""coordinates"":[82.14278419713254,19.57019812832966]}"
1436,255.98332993242747,2025-03-15,280.01138655344647,573,0,10,0.49578675838349096,9.582685633091614E-5,5.72493554928291,297.5342835925875,1.24127184555697,"{""type"":""Point"",""coordinates"":[83.37484427145279,23.746371427783917]}"
1437,90.0,2025-03-15,280.6522731326875,307,0,10,0.4369645042839657,1.3334027961775519E-5,0.9991637289925094,300.14640226818267,1.146897192546448,"{""type"":""Point"",""coordinates"":[80.24827244149982,21.8486559134961]}"
1438,-0.0,2025-03-15,283.2086231140863,230,0,40,0.2430573922242793,1.3334027961775519E-5,0.9274099368611016,301.2676704043434,0.4764408409536257,"{""type"":""Point"",""coordinates"":[83.27577338626268,20.075350972227064]}"
1439,3.7621262629410546,2025-03-15,284.3812654131935,1140,0,30,0.5724682886254938,1.0943161650089905E-4,14.55079709524444,297.6173553466797,0.16799241354118533,"{""type"":""Point"",""coordinates"":[82.43385562703115,18.106045766275297]}"
1440,42.20272845649715,2025-03-15,288.80673858097623,255,0,10,0.7195352607403405,2.801167173771546E-5,4.373691030808526,300.02532014392676,0.28001926208767636,"{""type"":""Point"",""coordinates"":[83.86886563212447,19.054640224722696]}"
1441,290.49176469857167,2025-03-15,281.3878339585804,327,0,30,0.16421495046532572,1.3334027961775519E-5,2.6475374794815627,300.85289292108445,0.853960599013383,"{""type"":""Point"",""coordinates"":[81.18110555135759,20.88424043725539]}"
1442,100.39665596128684,2025-03-15,279.87561530158627,467,1,10,0.4015523522889276,3.8844815925642706E-5,2.568050643337683,298.14712306431363,1.3429952221163362,"{""type"":""Point"",""coordinates"":[80.96966119149936,23.455211412737402]}"
1443,313.15719074398373,2025-03-15,280.51694365910123,284,0,40,0.21391052345589567,1.3334027961775519E-5,0.6779565731443326,301.53698076520647,0.7388312420088841,"{""type"":""Point"",""coordinates"":[82.60958286026337,20.33804253088848]}"
1444,-0.0,2025-03-15,280.56808530716677,389,0,10,0.3259452411994785,1.3334027961775519E-5,0.0,300.92133367629276,0.9063161592959946,"{""type"":""Point"",""coordinates"":[80.47673688737571,20.96080010221703]}"
1445,347.65097539146797,2025-03-15,280.86933158692864,359,0,40,0.5372766481823783,1.3334027961775519E-5,2.3722900041477835,297.7080303373791,1.248364965808192,"{""type"":""Point"",""coordinates"":[80.98610382620267,24.00236607418171]}"
1446,107.48498621744257,2025-03-15,282.5477286293393,298,0,10,0.303426351112681,1.3334027961775519E-5,3.083963861128373,301.76964096795945,0.34971190806607966,"{""type"":""Point"",""coordinates"":[80.81483680010493,19.085197013195657]}"
1447,264.965529757185,2025-03-15,284.95875099727084,455,0,10,0.7020357803824799,1.4392010406538702E-5,24.757425733679213,299.39882042294454,0.15122859544448974,"{""type"":""Point"",""coordinates"":[81.83617289064021,17.931607155850756]}"
1448,331.79489584546485,2025-03-15,281.38221872420536,337,0,50,0.1495884189611127,1.3334027961775519E-5,1.0523400820634126,300.4254608154297,0.8763916928069249,"{""type"":""Point"",""coordinates"":[81.14216486963109,21.204015982284076]}"
1449,110.56137461410499,2025-03-15,280.910934312003,680,0,30,0.42563247150403116,1.3334027961775519E-5,7.872600289569801,298.9478578113374,0.5391254000497292,"{""type"":""Point"",""coordinates"":[83.98894679164907,20.3202184379546]}"
1450,125.40959122085039,2025-03-15,282.99266329265777,531,0,10,0.12041482619550604,1.3334027961775519E-5,2.3996903095304556,300.32697913760234,0.5212272583599858,"{""type"":""Point"",""coordinates"":[81.34848964965708,18.57846119097267]}"
1451,180.0,2025-03-15,282.04889701661614,223,0,30,0.3703105367079519,1.3334027961775519E-5,2.7802885155465065,300.251714070638,1.0012647480900263,"{""type"":""Point"",""coordinates"":[83.64470804361059,21.5621943380731]}"
1452,32.43650478655544,2025-03-15,282.29391538529177,832,0,40,0.22812755519215044,1.4138690666243292E-5,8.185899355042213,297.55739557175417,0.27301333763314467,"{""type"":""Point"",""coordinates"":[83.05598341512008,19.245316053585018]}"
1453,207.02139257890045,2025-03-15,284.467569124131,288,0,10,0.29427371213796155,1.3870469764754034E-5,16.69022348544107,302.58605884370354,0.43456979326917705,"{""type"":""Point"",""coordinates"":[80.41617480322421,18.06697964798458]}"
1454,262.872158021837,2025-03-15,279.12872518811906,679,0,10,0.5814271082280642,1.8556164904026673E-4,11.072166559816278,296.23712957473026,1.3827507111420183,"{""type"":""Point"",""coordinates"":[84.05816665489463,23.50410886661224]}"
1455,132.7905205369117,2025-03-15,280.8608331680297,284,0,40,0.16612977450529223,1.3334027961775519E-5,0.6826290914047494,299.8389129638672,0.9408325321284517,"{""type"":""Point"",""coordinates"":[82.21690779789992,22.225414173507737]}"
1456,327.43758089159445,2025-03-15,286.6612017041161,998,0,10,0.6809169764560099,1.796828909306214E-5,15.050712109093915,300.9471660795666,0.21713360518916858,"{""type"":""Point"",""coordinates"":[81.89708600853722,18.05910319121373]}"
1457,305.32294487508557,2025-03-15,282.2657810846964,578,0,30,0.3960425280567041,1.3334027961775519E-5,2.4048025829252446,299.0265234084356,0.3776677636546637,"{""type"":""Point"",""coordinates"":[82.55821666063557,19.116252483861896]}"
1458,180.0,2025-03-15,281.66331177666075,259,0,40,0.7228879568603954,1.3334027961775519E-5,0.463735342881014,300.34376671200704,0.7519825280366567,"{""type"":""Point"",""coordinates"":[81.75399879602824,21.725990225888705]}"
1459,285.0755703900423,2025-03-15,285.7900149481637,497,0,30,0.39602574867058493,2.7281514839216925E-5,3.561405874320173,297.81673104422435,0.5379600448198919,"{""type"":""Point"",""coordinates"":[84.29367578424173,19.47743760680061]}"
1460,238.268201848081,2025-03-15,281.96073318663105,240,0,40,0.25703009373458313,1.3334027961775519E-5,1.7629227829425547,300.03408595493863,1.0174726702589139,"{""type"":""Point"",""coordinates"":[82.79026638573607,21.940494803513]}"
1461,50.391849625475146,2025-03-15,289.35879284994945,71,0,80,0.21406003159557663,1.688050432591126E-5,5.078497282028361,300.7125643775576,0.33747523851662037,"{""type"":""Point"",""coordinates"":[83.82075548201853,18.96341875898689]}"
1462,216.11293659365342,2025-03-15,284.5803214027768,325,0,30,0.27186147186147186,8.213643948593585E-4,3.4401249291687983,297.8101683117094,1.428993288377092,"{""type"":""Point"",""coordinates"":[82.72966869311885,23.964867937823826]}"
1463,167.7316016194121,2025-03-15,279.6748561405,507,0,40,0.30120481927710846,1.4663981600193665E-4,2.3715625551711907,297.08855837867367,1.8424730344812694,"{""type"":""Point"",""coordinates"":[81.90594610954642,23.1153957073594]}"
1464,245.05724493542715,2025-03-15,280.3997794105893,307,0,40,0.44420873992363175,1.3334027961775519E-5,1.099536975650172,300.86766342889695,0.9682366501316527,"{""type"":""Point"",""coordinates"":[80.52102432992696,21.53625204460928]}"
1465,345.0699013125193,2025-03-15,280.3875956308274,385,0,50,0.3184313725490196,1.3334027961775519E-5,1.9190744349528743,300.9313085646857,0.6682577992922597,"{""type"":""Point"",""coordinates"":[81.4547248678081,20.3499605729557]}"
1466,349.6605841214683,2025-03-15,281.02541301363993,361,0,30,0.3629427792915531,3.2109491066023566E-5,2.8261068034668226,296.7499178931826,1.2340390736074809,"{""type"":""Point"",""coordinates"":[82.0764856218906,24.001819752688576]}"
1467,180.0,2025-03-15,282.8432666687739,300,0,40,0.7497995188452286,1.3212608499912903E-4,0.9274099368670311,297.5108286539714,1.4972682791553111,"{""type"":""Point"",""coordinates"":[82.63010221192953,24.10158743531391]}"
1468,180.0,2025-03-15,281.20580968402686,327,0,10,0.440684133915575,1.3334027961775519E-5,2.7802885155465065,301.9467533656529,0.35824602788887494,"{""type"":""Point"",""coordinates"":[80.55119517555562,19.87956578029517]}"
1469,140.3826962448958,2025-03-15,279.53172579265777,636,0,10,0.4813285148855619,1.3334027961775519E-5,5.402080589736593,300.1538718087332,0.5428191200393366,"{""type"":""Point"",""coordinates"":[81.28013538900157,20.016690491487704]}"
1470,213.31592957399175,2025-03-15,292.74136120932445,38,0,40,0.29534192269573833,2.5165549949690558E-5,4.430736251319541,300.3459291003999,1.1567568351801478,"{""type"":""Point"",""coordinates"":[83.32887610846052,18.02953415273036]}"
1471,132.9943790910101,2025-03-15,281.7344090143839,310,0,40,0.16710814234711505,1.3334027961775519E-5,0.6800199440534764,300.36389087495354,0.647426972777094,"{""type"":""Point"",""coordinates"":[81.78350503839766,21.19896405343171]}"
1472,90.0,2025-03-15,279.2101228350685,330,0,30,0.16766160668599692,1.53605858841388E-5,1.4953466676126692,300.73115975516185,1.004298614885235,"{""type"":""Point"",""coordinates"":[80.60395217507872,21.53915205069429]}"
1473,18.476654567569057,2025-03-15,284.318155061631,238,0,10,0.3308504034761018,1.3334027961775519E-5,19.284168975009866,302.30492510114397,0.5065858569125471,"{""type"":""Point"",""coordinates"":[80.82194876870852,18.392354904655775]}"
1474,115.21936025629141,2025-03-15,282.6703221003214,239,0,40,0.6541775946047209,1.3334027961775519E-5,1.0882563148446496,301.7704198928106,0.25560234139271387,"{""type"":""Point"",""coordinates"":[82.83195108882938,19.61763521018903]}"
1475,256.98524207194254,2025-03-15,279.521535828,471,0,30,0.2564966313763234,1.00535623268172E-4,4.111412757950884,298.78029596237906,1.5320938826696615,"{""type"":""Point"",""coordinates"":[81.35200592285626,22.397909771831333]}"
1476,227.01325914124044,2025-03-15,279.12498751140777,403,0,40,0.2012541642171272,1.3334027961775519E-5,2.0395854605126824,301.3656463623047,1.0918641235526385,"{""type"":""Point"",""coordinates"":[80.57441651154939,21.238430773255505]}"
1477,32.73325404594381,2025-03-15,281.4435038339524,298,0,40,0.5296182536200088,1.3334027961775519E-5,2.7543377808974676,300.6741122291201,0.8873499518705964,"{""type"":""Point"",""coordinates"":[81.11759172775892,21.028051304463773]}"
1478,199.4630630222266,2025-03-15,282.5527160735357,208,0,10,0.3365742064626823,1.3334027961775519E-5,2.9485040246070784,302.25613185337613,0.30058654845060184,"{""type"":""Point"",""coordinates"":[80.40580458367327,19.397851519956305]}"
1479,132.61031654410368,2025-03-15,277.3332162130447,1109,0,10,0.31231148889498217,6.870674295811341E-5,1.3697231940652697,295.16859581356954,1.535654119101494,"{""type"":""Point"",""coordinates"":[83.64373625196889,23.09143465477635]}"
1480,144.21959840063516,2025-03-15,280.14861102331247,337,0,30,0.3654775904873906,1.5181771949812628E-5,1.7143881981548457,299.3384653727213,1.1047613320765186,"{""type"":""Point"",""coordinates"":[81.94604383578144,22.328368016536455]}"
1481,259.2453521848417,2025-03-15,294.60479359399704,50,0,10,0.549639837143752,2.8563014701887823E-5,2.4836318568701965,300.57911827450704,2.0412030146183655,"{""type"":""Point"",""coordinates"":[83.6977811887828,18.250035787569455]}"
1482,286.12261162448334,2025-03-15,279.2868294942947,357,0,30,0.3414500683994528,1.3334027961775519E-5,8.291571689844595,300.6081012544178,1.1093724345670428,"{""type"":""Point"",""coordinates"":[83.20764663528257,22.332005438558838]}"
1484,295.1292769025984,2025-03-15,283.1249468213036,225,0,10,0.4782466470395813,1.3334027961775519E-5,6.523863924495173,301.1825583321707,0.36080928785359095,"{""type"":""Point"",""coordinates"":[83.33168520639181,20.262893537260158]}"
1486,221.69233813277864,2025-03-15,277.97516073499406,510,0,10,0.5877796901893287,3.0529967979475714E-5,10.44052185628034,299.26954796200704,1.3318658172372382,"{""type"":""Point"",""coordinates"":[80.58495437806758,22.397899773581738]}"
1487,121.35598541186398,2025-03-15,280.80689552852084,408,0,30,0.22732919254658385,8.673714800266907E-5,1.781849087765025,297.42261832101,1.1264071640515738,"{""type"":""Point"",""coordinates"":[81.32673331217335,23.932496872716605]}"
1488,180.0,2025-03-15,281.5150602885655,242,0,40,0.28820619630304606,1.3334027961775519E-5,1.3909630807829783,301.7101578485398,0.5538381805690077,"{""type"":""Point"",""coordinates"":[80.22054144872489,20.553433373649682]}"
1489,314.91963976929975,2025-03-15,286.660940124875,588,0,10,0.516203348180003,3.581988020329163E-5,12.286521182953873,298.2872772216797,0.3237900576807058,"{""type"":""Point"",""coordinates"":[84.1294192108689,19.14114535155916]}"
1490,340.3495099883943,2025-03-15,281.0705499649048,305,0,40,0.1753688989784336,1.3334027961775519E-5,1.4769432300325998,300.71808079310824,0.9902421780543378,"{""type"":""Point"",""coordinates"":[82.57955752842018,21.012177437445075]}"
1491,151.9463437717279,2025-03-15,280.9902335121518,253,0,40,0.23263386396526772,1.3334027961775519E-5,1.0508543877397838,302.0869307745071,0.5078779663151685,"{""type"":""Point"",""coordinates"":[80.33264070971785,20.241546053622105]}"
1492,199.9283875136728,2025-03-15,279.3860668454851,576,0,30,0.2830508474576271,1.500968853989093E-4,10.24824820834168,298.26031130836117,1.0301964139908422,"{""type"":""Point"",""coordinates"":[80.31401789441799,23.161831420092184]}"
1493,7.58327767598679,2025-03-15,281.6671366464524,588,0,40,0.3128895537272501,1.3334027961775519E-5,11.087583397761206,297.9490901402064,0.7151277999787631,"{""type"":""Point"",""coordinates"":[84.073163496833,20.12905395778915]}"
1494,226.4889305108003,2025-03-15,283.738571030753,1031,0,30,0.2069589422407794,2.945487420120685E-4,15.130189162388197,296.4514792306082,0.17757295184899496,"{""type"":""Point"",""coordinates"":[82.84626782834792,18.317255500352832]}"
1495,346.82774897401094,2025-03-15,285.02175090426493,127,0,10,0.2650834403080873,1.3334027961775519E-5,4.278518946127731,302.38704354422435,0.46812678146081704,"{""type"":""Point"",""coordinates"":[80.62900776436709,18.283330611950607]}"
1496,75.64599858983216,2025-03-15,280.47662557874406,403,0,10,0.39167309175019277,1.3334027961775519E-5,16.374567265144318,301.56878298804867,0.5169732594479776,"{""type"":""Point"",""coordinates"":[80.58495889149407,20.231681232409567]}"
1497,60.12157179134011,2025-03-15,278.3121445519584,809,0,10,0.5077911646586345,1.3597058458714173E-4,9.228501118504818,296.38500322614397,1.906362694966099,"{""type"":""Point"",""coordinates"":[84.08906134819802,23.184859323539666]}"
1498,340.0030792553634,2025-03-15,279.05681996118454,572,0,10,0.4508150646430579,3.3597397013096497E-4,1.4801645373661902,297.56983511788513,1.4102401501425956,"{""type"":""Point"",""coordinates"":[82.36219883454135,23.654700917222538]}"
1499,15.027363827056035,2025-03-15,282.88479963938397,177,0,10,0.5166412213740458,1.3334027961775519E-5,1.9199456136303625,301.1476752871559,0.7900088348567266,"{""type"":""Point"",""coordinates"":[83.65759690659313,21.372534270943873]}"
1500,-0.0,2025-03-15,281.59627773648214,155,0,40,0.30396258921978836,1.3334027961775519E-5,0.0,301.7530975341797,0.5844399890122541,"{""type"":""Point"",""coordinates"":[83.554612159623,20.76929828611513]}"
1501,270.0,2025-03-15,283.11037976401195,134,0,40,0.2671232876712329,1.3334027961775519E-5,0.49078962479419347,302.75182451520647,0.47476751522473787,"{""type"":""Point"",""coordinates"":[80.21541021908226,19.11275178210739]}"
1502,289.5860887406623,2025-03-15,284.09176113491964,686,0,10,0.5815712566615093,6.206082506565735E-5,8.243021790800055,297.8501550583613,0.08768425503920299,"{""type"":""Point"",""coordinates"":[82.45500072669479,18.409135698897842]}"
1503,312.65166641981807,2025-03-15,278.84400490352084,487,0,40,0.42894736842105263,8.548545046238587E-5,4.780065927124071,298.2202606201172,1.45426381783969,"{""type"":""Point"",""coordinates"":[80.53617335947362,22.8962560371136]}"
1504,47.61154739021009,2025-03-15,281.2295145761399,364,0,40,0.5652448657187994,3.1186389131931946E-4,2.062787134751545,297.3304901123047,1.1378100375956508,"{""type"":""Point"",""coordinates"":[81.61056719126678,24.11089775235604]}"
1505,131.40236739478246,2025-03-15,284.76397328149704,649,0,30,0.2938729803231483,1.3423434928938605E-5,62.35556290641991,302.40767342703685,0.6099121825084509,"{""type"":""Point"",""coordinates"":[80.77216314261948,18.283874016787806]}"
1506,41.020081108715644,2025-03-15,278.7228239604405,732,0,10,0.5909252038284296,9.639310045628235E-5,9.141475152814829,297.89021155947734,1.2148918881621826,"{""type"":""Point"",""coordinates"":[80.55955775579405,23.126060147056435]}"
1507,-0.0,2025-03-15,279.50143491654165,572,0,30,0.19161406672678089,6.43258015671222E-5,0.9274099368670311,298.4545542399089,1.4965999444225153,"{""type"":""Point"",""coordinates"":[80.32466754370546,22.881276892749614]}"
1508,47.315950186498576,2025-03-15,278.1078918547858,749,0,40,0.3910899806303927,1.4812993212132142E-4,0.6840032159219858,297.46055893670945,1.4446026594055394,"{""type"":""Point"",""coordinates"":[81.00064538509586,22.741398448533385]}"
1509,278.83994031177315,2025-03-15,280.3736389250982,385,0,40,0.22502870264064295,1.3334027961775519E-5,6.013242233489983,300.80399504162017,1.0231298982897599,"{""type"":""Point"",""coordinates"":[80.55174514450098,21.071444224394895]}"
1510,226.5618421968901,2025-03-15,283.87074992770243,175,0,30,0.3668720054757016,1.3334027961775519E-5,1.348688792999839,302.2349497477213,0.3828292175958493,"{""type"":""Point"",""coordinates"":[80.71282913812963,18.75312105030006]}"
1511,133.20778235158508,2025-03-15,281.7306190218244,581,0,10,0.4329321984150279,1.3334027961775519E-5,2.707385636040306,298.7794589088076,0.5675805357093483,"{""type"":""Point"",""coordinates"":[83.96003216012691,20.06292408901047]}"
1512,312.5216401494564,2025-03-15,279.88198620932445,493,0,30,0.38957099523328037,2.587561528244464E-4,0.6861145587725744,297.96974908737906,0.9765494066048258,"{""type"":""Point"",""coordinates"":[80.62871887159525,23.504634092373756]}"
1513,167.99116398782482,2025-03-15,282.60759539831247,309,0,10,0.5207213455869603,1.3334027961775519E-5,2.3692554860084964,300.48658316476,0.33498919084447665,"{""type"":""Point"",""coordinates"":[83.27670436338886,19.912177531719262]}"
1514,64.56016578023547,2025-03-15,286.16753773462204,132,0,10,0.295170789163722,1.4675132469221808E-5,2.1581284509868026,302.48931521461117,0.7012203489726206,"{""type"":""Point"",""coordinates"":[80.73579921479786,17.940733152803602]}"
1515,155.01391659706707,2025-03-15,289.0655160177322,449,0,10,0.5739173718267795,1.5002958015486456E-5,16.88863151663287,299.6605914887928,0.4196397613575734,"{""type"":""Point"",""coordinates"":[83.67957740236926,18.789949205187607]}"
1516,53.96455107914673,2025-03-15,280.16196319035123,361,0,30,0.1684381192577914,1.3334027961775519E-5,5.501131865374845,301.37706865583147,0.7395830467344556,"{""type"":""Point"",""coordinates"":[80.73726100406152,20.71634156925746]}"
1517,115.19851812233625,2025-03-15,279.61737264905656,611,0,30,0.6121005123200781,1.3334027961775519E-5,1.0890973597659044,299.95704796200704,0.862183843201939,"{""type"":""Point"",""coordinates"":[82.14411208340562,19.76916920174311]}"
1518,268.41187796130106,2025-03-15,282.2570908410209,248,0,10,0.428476821192053,1.3334027961775519E-5,16.280238460185032,302.030034383138,0.268359266656536,"{""type"":""Point"",""coordinates"":[80.3873222063159,19.498715103196982]}"
1519,304.78399980503366,2025-03-15,280.75271374838695,314,1,40,0.2206497907115806,1.3334027961775519E-5,2.4372228029061747,299.5892326718285,1.1803456703598467,"{""type"":""Point"",""coordinates"":[82.8146018434806,22.159300452483272]}"
1520,169.69876750801592,2025-03-15,279.81185390835714,490,0,10,0.27472527472527475,1.3564275904087708E-4,2.8257644198656786,298.00513203938806,1.2206030989012302,"{""type"":""Point"",""coordinates"":[80.93855975202655,23.50976044445068]}"
1521,83.06038120511106,2025-03-15,282.5705209005447,785,0,10,0.700162074554295,1.3334027961775519E-5,31.08598799844471,300.3083023797898,0.32784213512795085,"{""type"":""Point"",""coordinates"":[81.24812395529756,18.79569817594673]}"
1522,294.6782988100277,2025-03-15,279.292764436631,529,0,40,0.35380722337244075,1.2586759729771302E-4,5.536238517314694,297.3109704880488,1.472804773212056,"{""type"":""Point"",""coordinates"":[82.57000890292463,23.222644178771688]}"
1523,23.592168752987927,2025-03-15,280.38747937338695,460,0,10,0.5715578071286412,3.1189369364170716E-4,2.528565822811603,297.34878322056363,1.3251543208739838,"{""type"":""Point"",""coordinates"":[83.58464222903706,23.66555143800829]}"
1524,180.0,2025-03-15,279.010799453372,523,0,10,0.3195684523809524,1.3334027961775519E-5,9.646463364773247,300.5244017101469,0.8984225341339069,"{""type"":""Point"",""coordinates"":[82.22513711422992,20.023271492769798]}"
1525,226.82937492976725,2025-03-15,282.91001006535123,185,0,50,0.19311816484395838,1.3334027961775519E-5,0.6777871182691731,301.32350304013204,0.48510241388707986,"{""type"":""Point"",""coordinates"":[83.47927876242127,20.26578769942908]}"
1526,67.32652534162351,2025-03-15,280.30213478633334,336,0,10,0.3268805309734513,1.3334027961775519E-5,4.800881586595879,301.34759739467074,0.39318912789963456,"{""type"":""Point"",""coordinates"":[80.93834872760677,19.95258795448119]}"
1527,103.35367645924553,2025-03-15,285.1522731326875,179,1,40,0.32385548454415025,1.3483039573713995E-5,2.007070819588302,302.3457605271113,0.7102768268168528,"{""type"":""Point"",""coordinates"":[81.49100491832492,18.283102011790742]}"
1528,193.7318621331449,2025-03-15,282.29391538529177,919,0,10,0.41450582487786547,1.4138690666243292E-5,18.001543141876567,297.55739557175417,0.27301333763314467,"{""type"":""Point"",""coordinates"":[83.0508377318338,19.201459934007698]}"
1529,270.0,2025-03-15,280.48831526438397,335,0,40,0.22586015538290788,1.3334027961775519E-5,3.4678599509729207,300.84093003045945,0.9447319451433138,"{""type"":""Point"",""coordinates"":[82.44928867872899,20.78128502758471]}"
1530,-0.0,2025-03-15,279.9220717748006,651,0,40,0.47634984381972334,1.3334027961775519E-5,0.4637353428839794,299.97508530389695,0.8021402018622087,"{""type"":""Point"",""coordinates"":[82.0656972677161,19.692316571194933]}"
1531,312.8363223809507,2025-03-15,281.55858126140777,251,0,40,0.2851851851851852,1.3334027961775519E-5,0.6820403874380624,300.08469281877785,1.0931920431274913,"{""type"":""Point"",""coordinates"":[82.86212664829299,21.999264595017713]}"
1532,119.68031205046196,2025-03-15,285.8495387576875,68,0,80,0.0403899721448468,1.3542644218489386E-5,2.80742059930709,302.9615122477213,0.5110939448996409,"{""type"":""Point"",""coordinates"":[80.61587325074844,18.214485047609333]}"
1533,237.84217592990046,2025-03-15,281.16116101401195,608,0,30,0.3039670273055126,1.3334027961775519E-5,1.7420375328331335,299.5934353783017,0.569950222874607,"{""type"":""Point"",""coordinates"":[81.81573617227485,19.428703595537332]}"
1534,240.87420307075922,2025-03-15,279.1283066613333,713,0,10,0.4220152976388427,1.3334027961775519E-5,5.697823347168055,299.5950397309803,1.0849282265542324,"{""type"":""Point"",""coordinates"":[80.42766513211537,21.776280571417395]}"
1535,47.12658429198945,2025-03-15,281.69912488119945,232,0,40,0.4561933534743202,1.3334027961775519E-5,0.6815646790202607,300.84899248395647,1.179838419300344,"{""type"":""Point"",""coordinates"":[83.35666799108719,21.814465814670637]}"
1536,232.917461862759,2025-03-15,277.52737195151195,948,0,10,0.5540540540540541,2.6730941934971497E-4,17.15754819476845,296.69899713425417,1.3290839313993523,"{""type"":""Point"",""coordinates"":[81.13904904134061,23.055287943775717]}"
1537,255.11607958845013,2025-03-15,280.8252293268839,473,0,10,0.5850663173407565,7.023041169205158E-4,15.833135045144955,297.38574146089104,1.1307797571287637,"{""type"":""Point"",""coordinates"":[83.05640300907746,23.728522171099517]}"
1538,157.19119279249614,2025-03-15,286.5631908689226,164,0,10,0.3926771918038294,1.3334027961775519E-5,2.513810326693124,302.81746346609924,0.8564779851500011,"{""type"":""Point"",""coordinates"":[81.1231280465702,17.982253259342837]}"
1539,151.69177056524018,2025-03-15,278.22243449801493,473,0,40,0.20044493882091213,4.188465280918763E-5,2.106005139068125,300.53802708217074,1.2243788091717802,"{""type"":""Point"",""coordinates"":[80.72159755204416,21.831573253675263]}"
1540,287.1450123316111,2025-03-15,279.765676453,319,0,10,0.45276653171390013,1.3334027961775519E-5,4.70876737867029,300.2214057559059,1.154292007192338,"{""type"":""Point"",""coordinates"":[83.3743182737809,22.256642243420742]}"
1541,40.83957597279915,2025-03-15,280.1757396970476,363,0,10,0.3509116409537167,7.752823038487122E-5,3.0619777720684462,299.5526173909505,1.5013956750497581,"{""type"":""Point"",""coordinates"":[81.3560233118043,22.25391381544119]}"
1542,133.37314517539568,2025-03-15,281.4800842375982,554,0,40,0.26450547181499073,1.3334027961775519E-5,2.0249922026370917,299.4606635684059,0.5161823359500487,"{""type"":""Point"",""coordinates"":[81.74642291637093,19.132264569162384]}"
1543,316.52987460246976,2025-03-15,278.6307945705595,567,0,30,0.21942526175094676,1.3334027961775519E-5,5.0985213146051,298.97584679013204,1.4671125947512058,"{""type"":""Point"",""coordinates"":[84.05676218413905,22.628108276613403]}"
1544,124.84428571943884,2025-03-15,281.55426811036614,217,0,40,0.7542127659574468,1.3334027961775519E-5,2.4335422558097375,300.5687829880488,1.199243590791709,"{""type"":""Point"",""coordinates"":[83.24379916895029,21.84159926433962]}"
1545,140.8294052820602,2025-03-15,280.2659961609613,392,0,30,0.29509166173861623,5.5444709495588995E-5,2.391305813470023,297.593760899135,1.692903021748363,"{""type"":""Point"",""coordinates"":[82.35134585473307,22.992694089318224]}"
1546,232.87585157841684,2025-03-15,281.5905171803066,664,0,40,0.05103876983477834,1.3334027961775519E-5,3.0705390529319643,299.3080873035249,0.6078467437735718,"{""type"":""Point"",""coordinates"":[81.70220930997831,18.880728258244552]}"
1547,12.3426794315167,2025-03-15,279.81296997978575,551,0,10,0.399446858949032,4.9096814827009894E-5,2.3722325685950443,297.2578350248791,1.1128742246906185,"{""type"":""Point"",""coordinates"":[81.85297507573578,23.934694293604448]}"
1548,42.97473642821956,2025-03-15,280.01138655344647,566,0,10,0.5495409939854384,9.582685633091614E-5,20.61243988300344,297.5342835925875,1.24127184555697,"{""type"":""Point"",""coordinates"":[83.40658481045959,23.72661423848686]}"
1549,270.0,2025-03-15,280.8462893622262,281,0,10,0.6284744057351277,1.3334027961775519E-5,1.994566870738536,300.48812938871833,0.9560558431497372,"{""type"":""Point"",""coordinates"":[80.26411410061782,21.62072113707429]}"
1550,9.400213865776559,2025-03-15,285.81639376140777,1096,0,10,0.7364985163204748,1.4883748725935675E-5,22.70476121504859,299.0503794352214,0.07519208307148258,"{""type"":""Point"",""coordinates"":[83.06353948799656,18.646477617271067]}"
1551,290.6653303119048,2025-03-15,286.4995341073899,217,0,10,0.417774302840761,2.3198596672102667E-5,5.241593348695709,300.0303599039713,0.1357946465209518,"{""type"":""Point"",""coordinates"":[83.82122089519581,19.447928492816278]}"
1552,270.0,2025-03-15,280.4602274667649,381,1,30,0.2774798927613941,1.6374634905247376E-4,2.0304590627390664,297.62830679757246,1.1822131709558836,"{""type"":""Point"",""coordinates"":[80.40624181913138,24.049181027764142]}"
1553,203.60954192801879,2025-03-15,280.2613051732381,398,0,40,0.6063114330056907,1.991813103714435E-4,2.5289003908770473,297.9518686930339,1.0442691003455213,"{""type"":""Point"",""coordinates"":[80.25321707804203,23.77380347503064]}"
1554,244.847399762541,2025-03-15,280.9196594329108,358,0,10,0.31950745301360983,1.3334027961775519E-5,1.0909553933450036,302.06177847726,0.48514543163559504,"{""type"":""Point"",""coordinates"":[80.32780604634276,20.097632520446737]}"
1555,22.170344257417668,2025-03-15,280.31210386185415,496,0,10,0.6405857740585774,9.54990307846515E-5,3.9996452199779244,297.72535850888204,1.4350415997688977,"{""type"":""Point"",""coordinates"":[82.64240354570548,23.034302529174987]}"
1556,69.50533674265903,2025-03-15,281.04526978447325,738,0,10,0.6160866202629544,1.3334027961775519E-5,25.895019234208476,300.6414090111142,0.5286436983712748,"{""type"":""Point"",""coordinates"":[81.30150900949505,19.378792104008408]}"
1557,340.4719018922901,2025-03-15,279.4954534712292,645,0,10,0.6354423801481096,1.3334027961775519E-5,1.4758213862454173,299.5520244780041,0.8300978294997453,"{""type"":""Point"",""coordinates"":[81.84320779701487,19.97551220622543]}"
1558,180.0,2025-03-15,285.93456944965186,174,0,40,0.6987509184423218,1.4645330146834112E-5,0.463735342881014,302.14671616327195,0.2905165080013547,"{""type"":""Point"",""coordinates"":[81.89281648669883,18.344286332450398]}"
1559,256.7576972998917,2025-03-15,280.2199000858125,601,0,40,0.3037470103640712,1.3334027961775519E-5,2.0236320232536964,299.67827424548926,0.5182945070338182,"{""type"":""Point"",""coordinates"":[82.3535990871081,19.727624802698667]}"
1560,294.9768621792798,2025-03-15,281.6453965050834,290,0,40,0.3368121442125237,1.3334027961775519E-5,1.098131991452641,300.440928867885,1.059388484071923,"{""type"":""Point"",""coordinates"":[82.79098917246417,21.309153975282303]}"
1561,108.47973653560769,2025-03-15,284.485147249131,252,0,10,0.33157894736842103,1.3334027961775519E-5,8.71063276373183,302.4909486316499,0.4660530296575332,"{""type"":""Point"",""coordinates"":[80.37868744428542,18.754967390652414]}"
1563,12.267118691986283,2025-03-15,278.6958696728661,703,0,40,0.34022278888739765,1.7446748451277472E-5,2.3715510505912074,296.98126438685824,1.313808659930136,"{""type"":""Point"",""coordinates"":[83.35103930095609,23.10105496984293]}"
1564,226.6097772074688,2025-03-15,283.38978127070834,298,0,10,0.4024604569420035,1.3334027961775519E-5,6.052971339925886,302.11439659481954,0.4668382515470746,"{""type"":""Point"",""coordinates"":[80.42905392913711,19.032876310726447]}"
1565,-0.0,2025-03-15,281.996877624875,308,0,40,0.20074091224820562,1.3334027961775519E-5,0.0,300.46673220679867,0.7737170752978548,"{""type"":""Point"",""coordinates"":[81.45803472410645,21.102972142686127]}"
1566,276.0262803120064,2025-03-15,285.7826674779256,185,0,10,0.3618843683083512,1.3334027961775519E-5,4.408549962453552,302.918217976888,0.8226428232844556,"{""type"":""Point"",""coordinates"":[81.11570813191283,18.173988458011195]}"
1567,193.1711926082904,2025-03-15,284.671426546006,174,0,30,0.2549250914238528,1.466023130802796E-5,4.278500518175481,302.5111774262928,0.4118423702603188,"{""type"":""Point"",""coordinates"":[81.79663294154814,18.26847239873182]}"
1569,345.1894925416325,2025-03-15,288.51616473424997,120,0,10,0.34221718174085625,1.6388766006514288E-5,1.9180119363775845,300.4200141543434,0.3387852131993231,"{""type"":""Point"",""coordinates"":[83.74449775115453,19.00125057069762]}"
1570,107.06776239192357,2025-03-15,279.0293657666161,896,0,10,0.6661585365853658,5.663680239109681E-5,3.1568800813796947,297.49197169712613,1.7546274727148712,"{""type"":""Point"",""coordinates"":[83.92121393300835,22.91655307074371]}"
1571,257.0184059699889,2025-03-15,278.7897417431786,594,0,30,0.3051633723275514,2.9210495157627747E-4,2.0635194388856375,297.45522272019156,1.7431654883770122,"{""type"":""Point"",""coordinates"":[81.95418955242884,22.761840652772253]}"
1572,66.66279881303326,2025-03-15,277.9248910177322,758,0,10,0.5641099026903262,1.0998295946507142E-4,9.283150279072533,297.29860650925406,1.6371400918300452,"{""type"":""Point"",""coordinates"":[82.25889372318903,23.536317015125118]}"
1573,133.14586980743348,2025-03-15,282.8884617487589,172,0,40,0.26367408525084873,1.3334027961775519E-5,0.6780994653698275,301.70588538760234,0.4180246653728368,"{""type"":""Point"",""coordinates"":[83.40205119100557,20.399806727736525]}"
1574,24.120542705951227,2025-03-15,281.9340404782976,409,0,10,0.2724889398656398,1.3334027961775519E-5,6.074454329945523,299.8746098109654,0.9980830633968635,"{""type"":""Point"",""coordinates"":[82.77173802224473,21.475338998951635]}"
1575,312.61397372047225,2025-03-15,278.7237598328364,644,0,30,0.16815144766146994,1.2610601587681458E-4,4.102641284036786,298.06541733514706,1.1863791214210015,"{""type"":""Point"",""coordinates"":[80.41535640053736,23.074761092802287]}"
1576,-0.0,2025-03-15,283.7480111349197,188,0,30,-0.052941176470588235,1.3334027961775519E-5,0.0,300.8002166748047,0.9900982831361568,"{""type"":""Point"",""coordinates"":[83.68436195563802,21.701592792040024]}"
1577,226.86083709790748,2025-03-15,279.68130261557445,419,0,30,0.3010780287474333,1.3334027961775519E-5,1.3561783417443958,301.4595068068731,0.707515346182535,"{""type"":""Point"",""coordinates"":[82.22873232623756,20.435451025461965]}"
1578,151.69947324662684,2025-03-15,280.3200674965268,293,0,40,0.5145685997171145,1.3334027961775519E-5,1.0532821128361392,300.7335023425873,1.041935274518902,"{""type"":""Point"",""coordinates"":[81.49717341984609,21.785736548229725]}"
1579,-0.0,2025-03-15,277.8341113953363,485,0,10,0.6381686175729738,1.8600868387608216E-4,9.646463364773247,298.1346428280785,1.4933256134448887,"{""type"":""Point"",""coordinates"":[82.23586843538737,22.561879335636288]}"
1580,28.28619395855973,2025-03-15,280.801559312003,274,0,40,0.4054195575337086,1.3334027961775519E-5,1.0531403226212335,300.76086934407556,0.8813087137693852,"{""type"":""Point"",""coordinates"":[81.56275175176468,21.699396449619243]}"
1581,129.9720457428546,2025-03-15,281.70810576847623,329,0,10,0.5114942528735632,0.0010242586056747882,7.890414611701848,297.48473467145647,1.22447781956444,"{""type"":""Point"",""coordinates"":[84.17941442274301,23.868435348820075]}"
1582,28.230892291611074,2025-03-15,279.302041780381,330,0,10,0.39513570673246384,1.3334027961775519E-5,1.0525942136843602,300.69270760672435,1.0197290108377837,"{""type"":""Point"",""coordinates"":[80.57846467201068,21.363164404153757]}"
1583,284.7351905463116,2025-03-15,278.7143546059018,966,0,10,0.47977544263710953,1.3221549196629212E-4,3.64157458511291,296.2532777332125,1.8350010876553748,"{""type"":""Point"",""coordinates"":[83.82383637893214,22.999608226779486]}"
1584,114.97628149745127,2025-03-15,281.78387655530656,280,0,50,0.09890836916969897,1.3334027961775519E-5,2.1955055288723107,300.6713743663969,0.6886956288962663,"{""type"":""Point"",""coordinates"":[81.63208321498567,21.313365849906976]}"
1585,151.2948164774438,2025-03-15,282.1189130601429,345,0,10,0.4899255763296424,6.214802186050861E-4,3.1691096956733538,297.6071014404297,1.5906942602534486,"{""type"":""Point"",""coordinates"":[83.44815341192877,24.065973660205707]}"
1586,12.257846928908076,2025-03-15,279.43716199057445,550,0,40,0.2872369499863351,2.6161717577366517E-4,2.371467734892553,297.1740541003999,1.8861118726433312,"{""type"":""Point"",""coordinates"":[81.89951010985219,22.995098869545618]}"
1587,237.75457999351715,2025-03-15,289.01685646602084,446,0,10,0.7111547268563951,3.684806032566712E-5,5.200717771451674,299.7305319649833,0.28441555551856357,"{""type"":""Point"",""coordinates"":[83.98124796755188,18.868340958427893]}"
1588,313.5038974073045,2025-03-15,293.643356187003,21,0,10,0.49720074646760865,2.610432310490296E-5,0.6736221152187661,300.6349916003999,1.1732458723255643,"{""type"":""Point"",""coordinates"":[83.85287980250033,18.360048454876544]}"
1589,295.41591411747584,2025-03-15,286.5464032945179,87,0,40,0.25217800800565104,1.4555923179671026E-5,1.08039516810779,303.001934959775,0.6469473007536073,"{""type"":""Point"",""coordinates"":[80.74385186706263,18.129818881620764]}"
1590,235.3659524366959,2025-03-15,278.84400490352084,703,0,40,0.2161854967037963,8.548545046238587E-5,2.446437822868792,298.2202606201172,1.45426381783969,"{""type"":""Point"",""coordinates"":[80.45228807058669,22.930444850332616]}"
1591,252.4892436421511,2025-03-15,285.9794390088036,340,1,30,0.3083599817268159,1.5956632331892706E-5,3.0795756212075633,300.296885899135,0.129435506358039,"{""type"":""Point"",""coordinates"":[83.22444848937299,18.823818789088584]}"
1592,337.91057544312633,2025-03-15,280.2836207889375,308,0,40,0.3067515923566879,1.3334027961775519E-5,3.99735616970723,299.9257107689267,1.2538277940352283,"{""type"":""Point"",""coordinates"":[83.09539984644101,22.481652757995906]}"
1593,144.5173822895077,2025-03-15,281.2012930824643,319,0,30,0.32469535708776803,1.3334027961775519E-5,1.70801734484335,300.58562869117384,0.8600359913435122,"{""type"":""Point"",""coordinates"":[82.84557845114819,20.734335691678424]}"
1594,313.14380751144915,2025-03-15,280.2357866650536,444,0,10,0.4476956839795172,1.3334027961775519E-5,8.74743992453094,301.3120691208613,0.5659981092929929,"{""type"":""Point"",""coordinates"":[81.18453912550672,20.41041345313159]}"
1595,186.7150649283696,2025-03-15,281.5313305173602,487,0,10,0.479707252162342,1.3334027961775519E-5,27.177641187837043,301.74733116513204,0.3272562497265826,"{""type"":""Point"",""coordinates"":[80.76415470902224,19.316849741635693]}"
1596,151.66536162722232,2025-03-15,279.86129819779165,278,0,40,0.39231664726426074,1.3334027961775519E-5,1.0536199880811683,300.83266993931363,1.0771103064072434,"{""type"":""Point"",""coordinates"":[81.66617541112053,21.9882150080767]}"
1597,262.4747816542405,2025-03-15,280.50662581125897,357,0,10,0.3157344485101934,3.6430827812239386E-5,3.5365556780857297,299.41131228492367,1.4114332886459147,"{""type"":""Point"",""coordinates"":[81.61416120741701,22.37642670969943]}"
1598,115.20581580807287,2025-03-15,280.52057089124406,309,0,40,0.3009427121102248,1.3334027961775519E-5,1.0888027112226157,300.6024685814267,0.29643829969423957,"{""type"":""Point"",""coordinates"":[82.61186574718313,19.715653232788203]}"
1599,313.49781460926954,2025-03-15,285.3480739139375,89,0,10,0.23255813953488372,1.3334027961775519E-5,2.692929394276269,303.69446890694746,0.4237066742119286,"{""type"":""Point"",""coordinates"":[80.37338661709795,18.39680073334533]}"
1600,10.28084613859859,2025-03-15,279.02560483841665,544,0,40,0.2393109431156277,1.1987733049778626E-4,2.8255821660052316,297.0523965018136,0.9460334964888897,"{""type"":""Point"",""coordinates"":[83.21978033826531,23.24050804537425]}"
1601,57.80105156323498,2025-03-15,281.77884842100605,657,0,30,0.3102785782901057,1.3334027961775519E-5,1.7400526915830759,299.72773597353984,0.38521153920053297,"{""type"":""Point"",""coordinates"":[81.6314672779883,19.168038202152303]}"
1602,171.7995943888268,2025-03-15,280.92124634697325,926,0,10,0.3692864189411378,2.2572747901961066E-5,25.756026841902166,297.56130763462613,0.5185665372480058,"{""type"":""Point"",""coordinates"":[84.01411408307331,19.79575017850319]}"
1603,47.38095840493681,2025-03-15,279.6748561405,497,0,80,-0.05845181674565561,1.4663981600193665E-4,1.3694965838511064,297.08855837867367,1.8424730344812694,"{""type"":""Point"",""coordinates"":[81.94514706874699,23.050766480941167]}"
1604,248.53336442005752,2025-03-15,279.27784860701786,445,0,30,0.23707957342083674,9.275721712498353E-5,3.7960503756522295,298.3646639869326,1.3964821974610122,"{""type"":""Point"",""coordinates"":[81.17146836655625,23.428506776228694]}"
1605,138.39030554814585,2025-03-15,280.66071923573816,597,0,10,0.3697766097240473,1.339363260655091E-5,3.7162269186549635,299.7373504638672,0.23783048777159893,"{""type"":""Point"",""coordinates"":[83.83953440084852,20.23408947678425]}"
1606,232.66162977709163,2025-03-15,280.5860935846964,520,1,10,0.4510901591043017,4.821543614426105E-4,7.601083695016766,297.57768249511724,1.1552974549156236,"{""type"":""Point"",""coordinates"":[83.24709042341509,23.73390884873569]}"
1607,90.0,2025-03-15,283.094528062003,224,0,40,0.28481764206955046,1.3334027961775519E-5,1.973450109563539,301.00960213797435,0.3772993365309464,"{""type"":""Point"",""coordinates"":[83.17126904738386,20.0158036110106]}"
1608,-0.0,2025-03-15,279.77001866840175,482,0,30,0.4061158100195185,5.720304651646302E-5,1.8543341688414132,297.48113650367367,1.6180235984215208,"{""type"":""Point"",""coordinates"":[82.4828212934636,23.082842112378856]}"
1609,226.90793564345,2025-03-15,281.2907938730149,373,0,10,0.32601402866727663,1.3334027961775519E-5,1.357369082915399,300.64648364839104,0.6796610629152178,"{""type"":""Point"",""coordinates"":[81.8161634863284,20.687214675967287]}"
1610,158.1793571148632,2025-03-15,278.8985238302322,661,1,30,0.2383107088989442,1.3334027961775519E-5,3.9898284842347063,300.10806056431363,0.8788019374913232,"{""type"":""Point"",""coordinates"":[82.44132936825568,20.513231102523388]}"
1611,245.31573718650077,2025-03-15,278.39307716914584,719,0,10,0.46364390378766934,8.092569513706849E-5,2.2197987090430926,296.04352024623324,1.8962180576382583,"{""type"":""Point"",""coordinates"":[84.16544650342719,23.1855615907015]}"
1612,227.12569737234514,2025-03-15,282.3627397900536,219,0,30,0.08511606736458807,1.3334027961775519E-5,1.3629138083234158,300.5846056256975,0.9062154705572305,"{""type"":""Point"",""coordinates"":[83.88030363263046,21.809845252706538]}"
1613,49.66374550496436,2025-03-15,285.4804562614077,630,0,30,0.4952038369304556,2.7609340385481573E-5,6.421132993308589,297.924327305385,0.5127445957680423,"{""type"":""Point"",""coordinates"":[84.22112671319637,19.352112067854495]}"
1614,352.1565608909811,2025-03-15,280.92124634697325,817,1,10,0.736905916585839,2.2572747901961066E-5,23.806945295543475,297.56130763462613,0.5185665372480058,"{""type"":""Point"",""coordinates"":[84.00253777384852,19.777557531535038]}"
1615,353.2337908721109,2025-03-15,281.94459084102084,253,0,10,0.3664968534611927,1.3334027961775519E-5,4.195467678230674,301.6306726364863,0.5333087253635512,"{""type"":""Point"",""coordinates"":[80.21655136791715,20.528268242447645]}"
1616,74.87471655068381,2025-03-15,282.99730196453277,810,0,40,0.20744550575557189,1.3334027961775519E-5,3.5500015469842556,297.6168205624535,0.13331707681332883,"{""type"":""Point"",""coordinates"":[82.76912626867465,18.910209297250425]}"
1617,76.76575758922797,2025-03-15,281.4159624463036,280,0,10,0.3965579060595195,1.3334027961775519E-5,4.044637816861693,302.1200525192988,0.4132895125282008,"{""type"":""Point"",""coordinates"":[80.29736843637191,19.827749971868137]}"
1618,242.02936726845365,2025-03-15,278.3222124463036,371,0,10,0.5533391153512576,4.185485048679993E-5,3.948761645996146,300.45454261416484,1.176979505788421,"{""type"":""Point"",""coordinates"":[80.67633109169115,21.66787948462108]}"
1619,72.92585288508008,2025-03-15,278.93515073685415,611,0,40,0.24010035998690957,8.879350824742005E-5,3.1557370430395566,296.94013250441776,1.7474824852195054,"{""type"":""Point"",""coordinates"":[83.6266333642743,22.86300234187419]}"
1620,205.12471693823508,2025-03-15,284.89495472680954,263,0,10,0.412615307903266,1.3334027961775519E-5,4.599959928672619,301.69470142182854,0.3001849168906301,"{""type"":""Point"",""coordinates"":[82.2004497333016,18.60790518309862]}"
1621,82.95455520176283,2025-03-15,282.99266329265777,631,0,30,0.17888672056500327,1.3334027961775519E-5,11.197754388484011,300.32697913760234,0.5212272583599858,"{""type"":""Point"",""coordinates"":[81.31611371022728,18.64451816091218]}"
1622,332.0998408047787,2025-03-15,280.96319784436906,548,0,40,0.17927495447773548,1.3334027961775519E-5,1.0493603346142713,300.10444495791484,0.3949595494912697,"{""type"":""Point"",""coordinates"":[82.17183419478557,19.208426057301313]}"
1623,270.0,2025-03-15,281.73903606051493,315,0,40,0.2701552861093384,1.3334027961775519E-5,2.4770894265458483,300.7952350434803,0.7721560857089746,"{""type"":""Point"",""coordinates"":[81.66215353780012,20.693310746902974]}"
1624,64.57992915772999,2025-03-15,287.0181469236101,84,0,40,0.2973750449478605,1.4198295311018683E-5,1.0802302832968909,302.8043205624535,0.7301148656859882,"{""type"":""Point"",""coordinates"":[80.78730427728902,18.09806909450686]}"
1626,180.0,2025-03-15,279.5515476862589,586,0,40,0.2962152017516422,1.1785077257542298E-4,1.8543341688414132,297.44227745419454,1.7119569617080375,"{""type"":""Point"",""coordinates"":[82.10018133974849,23.319996457206866]}"
1627,15.235118848187284,2025-03-15,279.9246468771072,563,0,30,0.26039828585833125,1.5301751299290345E-4,1.9218276220530655,298.0747993105934,0.9201339522659815,"{""type"":""Point"",""coordinates"":[80.45467091964112,23.374632608869035]}"
1628,346.0877759909209,2025-03-15,279.2161682219732,518,0,10,0.26924265842349304,1.3334027961775519E-5,18.014589606062856,300.38110860188806,1.0417952120756866,"{""type"":""Point"",""coordinates"":[80.68267594713217,21.30741259101288]}"
1629,312.88935009204215,2025-03-15,281.7363505136399,212,0,10,0.3423620212611038,1.3334027961775519E-5,0.6813606176758736,300.7894628615606,1.196153116963497,"{""type"":""Point"",""coordinates"":[83.31278959884266,21.734197072116594]}"
1630,79.39907965573167,2025-03-15,280.0383582796369,416,0,30,0.2559830354438049,1.3334027961775519E-5,2.519181396133541,301.26825750441776,0.7003206641327628,"{""type"":""Point"",""coordinates"":[80.75538409147963,20.64073199793444]}"
1631,180.0,2025-03-15,281.44598593030656,191,0,10,0.5265451664025357,1.3334027961775519E-5,0.9274099368670311,301.9344823928106,0.6671755486611275,"{""type"":""Point"",""coordinates"":[83.36683202608293,20.805228728886146]}"
1632,270.0,2025-03-15,281.3988202867053,315,0,40,0.2360064585575888,1.3334027961775519E-5,0.49592906077728865,300.87854512532556,0.8415580705206024,"{""type"":""Point"",""coordinates"":[81.40514775508666,20.758898018088573]}"
1633,270.0,2025-03-15,279.6605564753214,473,0,40,0.22002694207453974,2.2215120033308722E-5,2.5301181951153553,297.70220002673926,1.1385043912296173,"{""type"":""Point"",""coordinates"":[81.6399720204893,23.673248233673053]}"
1634,47.101164019801516,2025-03-15,282.29550229935415,310,0,10,0.3419309864064134,1.3334027961775519E-5,17.179052584423797,300.64183916364397,0.8337166740555816,"{""type"":""Point"",""coordinates"":[83.99287143681471,21.686835613668094]}"
1635,143.86348343478545,2025-03-15,281.145553452628,364,0,40,0.4951577631990003,2.8861037925764776E-5,1.7221309630337442,297.471684773763,1.1435882551448993,"{""type"":""Point"",""coordinates"":[81.2922690032213,24.07608177503498]}"
1636,-0.0,2025-03-15,281.92556531088695,197,1,40,0.24434274091024663,1.3334027961775519E-5,0.463735342881014,301.0616912841797,0.9673662663022142,"{""type"":""Point"",""coordinates"":[83.06003905763973,20.952979525737167]}"
1637,176.48572052278905,2025-03-15,281.87339478447325,321,0,10,0.4692018221429986,1.3334027961775519E-5,15.844986284867645,300.9171019054594,0.7079403525580442,"{""type"":""Point"",""coordinates"":[84.22450119491143,21.492000236731243]}"
1638,175.96087313950994,2025-03-15,282.45964617956247,674,0,10,0.24621014113957135,1.485394640354798E-5,13.68093192041851,298.1611553373791,0.3090927759054676,"{""type"":""Point"",""coordinates"":[83.17957004767473,19.246372371805563]}"
1639,139.33152428268517,2025-03-15,279.81296997978575,476,1,10,0.5103626943005182,4.9096814827009894E-5,8.49681205774929,297.2578350248791,1.1128742246906185,"{""type"":""Point"",""coordinates"":[81.91853619640358,23.86603660603889]}"
1640,12.336716818449128,2025-03-15,283.1103623253959,341,0,40,0.33573839171418596,0.0010401134411850421,2.3721786249534396,297.60600862048926,1.355376719358005,"{""type"":""Point"",""coordinates"":[82.76133062874547,23.869496983966627]}"
1641,169.29195435544403,2025-03-15,284.73752471378873,549,0,10,0.3629331683168317,1.5375487045332648E-5,24.763410950481294,299.47704424176897,0.2910158420953953,"{""type"":""Point"",""coordinates"":[83.25582433203189,19.20770410374689]}"
1642,47.354534779527896,2025-03-15,278.8867934544881,640,0,10,0.2996529116853066,1.1937069101719544E-4,3.41861596586767,296.9042554582869,1.7881613776371674,"{""type"":""Point"",""coordinates"":[83.6648415925023,22.925325479422895]}"
1643,-0.0,2025-03-15,286.025442078,317,0,80,-0.19227913882702302,1.6090742782637335E-5,0.0,300.0974985758464,0.17196522553818377,"{""type"":""Point"",""coordinates"":[81.90415203916811,17.981943604770372]}"
1644,216.9359557393428,2025-03-15,283.7724949518839,893,0,40,0.16343300616297649,5.529050747909992E-4,4.05450596296314,296.27033851260234,0.1644251998565264,"{""type"":""Point"",""coordinates"":[82.74740742840527,18.17694293091626]}"
1645,180.0,2025-03-15,280.1473903201875,638,0,10,0.5972958158231317,4.6861640647932745E-5,2.3174627380815918,296.88913036528083,1.0900531545679522,"{""type"":""Point"",""coordinates"":[83.33883910682087,23.55984244070984]}"
1646,-0.0,2025-03-15,284.15977755047027,912,0,30,0.37478005865102637,6.161379022984192E-5,2.7802885155287553,297.16864231654574,0.283970188019263,"{""type"":""Point"",""coordinates"":[82.70056196083638,18.44824624008326]}"
1647,199.4736637874859,2025-03-15,280.30763957613993,597,0,40,0.3029801324503311,1.3334027961775519E-5,1.4753251495667272,300.2299099876767,0.5962537845521514,"{""type"":""Point"",""coordinates"":[82.2090528227012,19.493219764311135]}"
1648,103.31194486159788,2025-03-15,283.270791780381,308,0,10,0.5645161290322581,1.3334027961775519E-5,2.0132435500843635,301.3178238641648,0.2705814198960109,"{""type"":""Point"",""coordinates"":[80.91487299790334,18.83726071804211]}"
1649,25.690948442912312,2025-03-15,284.8580836795626,804,0,30,0.6347620299763345,1.530098123936341E-5,16.509746556436014,299.01135181245354,0.2029004378774679,"{""type"":""Point"",""coordinates"":[83.27060474882909,19.11576237188947]}"
1650,28.37424825794143,2025-03-15,280.11941878000897,289,0,40,0.3582718651211802,1.4883748725935675E-5,1.0540130645056494,299.92316473098026,1.1100008731251025,"{""type"":""Point"",""coordinates"":[81.83180061748187,22.22209301637249]}"
1651,302.3548633166528,2025-03-15,286.2503362837292,80,0,50,0.3768730562623692,1.4108888343855597E-5,1.7325765266782833,302.9911578950428,0.557565668562806,"{""type"":""Point"",""coordinates"":[80.63268902108187,18.144240811465803]}"
1652,321.63099228382214,2025-03-15,284.1912368138631,159,0,10,0.45291800930898674,1.3334027961775519E-5,2.364616374340635,302.4831012544178,0.4154121328149491,"{""type"":""Point"",""coordinates"":[80.66437660112464,18.680659962512795]}"
1654,90.0,2025-03-15,279.3683492115566,466,0,30,0.16649388347501556,1.9855546160130189E-4,1.0101177763420157,297.6491691952659,1.306794288951393,"{""type"":""Point"",""coordinates"":[80.95417170605491,23.349211463339774]}"
1655,39.526653971335385,2025-03-15,285.7900149481637,616,0,30,0.5592269326683291,2.7281514839216925E-5,15.818630205113276,297.81673104422435,0.5379600448198919,"{""type"":""Point"",""coordinates"":[84.34179772379433,19.503110876007288]}"
1656,344.08552925508747,2025-03-15,281.1423331215268,778,0,10,0.6847203874944958,1.3334027961775519E-5,12.343365788095223,300.3499864850725,0.36685586360814937,"{""type"":""Point"",""coordinates"":[81.23142064519692,19.224401697159685]}"
1657,281.4797781823317,2025-03-15,283.6737807591756,917,0,30,0.5002240477968634,1.3334027961775519E-5,6.9559847066233775,296.92796616327195,0.20779049205415853,"{""type"":""Point"",""coordinates"":[82.5239274185372,18.60688460555182]}"
1658,-0.0,2025-03-15,279.30066994258334,561,0,10,0.5474563401670464,6.715702219395325E-5,2.7802885155287553,297.615233648391,1.6887017566818368,"{""type"":""Point"",""coordinates"":[83.7909517339957,22.77417348421339]}"
1659,-0.0,2025-03-15,285.7218764623006,270,0,10,0.28774193548387095,1.3974777893110968E-5,0.0,299.8331059047154,0.37969820255733033,"{""type"":""Point"",""coordinates"":[82.20469461965723,18.419929577416966]}"
1660,336.1764124623067,2025-03-15,285.5086486907232,821,0,30,0.5162479061976549,2.3288003639265753E-5,6.060575867461851,297.91991533551897,0.4881456136634166,"{""type"":""Point"",""coordinates"":[84.18886879470216,19.32491546944149]}"
1661,-0.0,2025-03-15,280.4345229466756,460,0,40,0.30705911698677973,2.0186351938633607E-4,0.463735342881014,297.3323792957125,1.203930914081851,"{""type"":""Point"",""coordinates"":[83.26310673131412,23.660018272192048]}"
1662,301.3572999865735,2025-03-15,280.59070319221127,394,0,30,0.25445473984319317,1.5116976900486634E-4,7.092968946253174,297.77623276483445,1.154597137952201,"{""type"":""Point"",""coordinates"":[80.45814559036569,23.926204375929117]}"
1663,-0.0,2025-03-15,280.5406543640864,333,0,10,0.3379851722634104,1.3334027961775519E-5,0.463735342881014,301.57796151297435,0.5168952814504058,"{""type"":""Point"",""coordinates"":[80.51401308282539,20.212480427715604]}"
1664,213.57297170505694,2025-03-15,280.97610823313397,876,0,10,0.6221610461114935,1.3334027961775519E-5,24.999280088540477,300.0348241896856,0.21749671578201116,"{""type"":""Point"",""coordinates"":[83.06592300386832,19.667093639020703]}"
1665,115.00411631223756,2025-03-15,281.6612772714524,324,0,10,0.32974683544303796,1.3334027961775519E-5,1.0970121610880352,300.30516924176897,0.8171134596384039,"{""type"":""Point"",""coordinates"":[82.23047524359211,21.125754856242317]}"
1666,340.3562573015565,2025-03-15,280.84008702777675,362,0,10,0.3022351797862002,1.3334027961775519E-5,1.4768811642919413,300.53823634556363,0.9348928432173329,"{""type"":""Point"",""coordinates"":[82.298993870075,20.95618439541846]}"
1667,90.0,2025-03-15,289.3866016297113,105,0,10,0.528758429194764,1.841532392887757E-5,0.4898023956902986,301.46400596981954,0.47765703079865085,"{""type"":""Point"",""coordinates"":[83.52476240517025,18.77684657525278]}"
1668,35.511070990128715,2025-03-15,281.722951843625,163,0,30,0.26490683229813666,1.3334027961775519E-5,1.7086220432913368,301.6192445300874,0.6743066008285297,"{""type"":""Point"",""coordinates"":[83.55109427336875,20.8926050685153]}"
1669,162.49732522409138,2025-03-15,286.2345775876727,502,0,10,0.4813627254509018,1.6016236976668097E-5,4.85095372121365,301.0727880568731,0.22030072801456282,"{""type"":""Point"",""coordinates"":[81.75146681805307,17.950942294986287]}"
1670,65.21790761486389,2025-03-15,278.84820760999406,420,0,10,0.36721586149120355,1.3334027961775519E-5,1.1062091356403714,299.0878201439267,1.4129864713665412,"{""type"":""Point"",""coordinates"":[84.20566851052507,22.575734573402304]}"
1671,305.31325926657826,2025-03-15,282.44982242584234,374,0,10,0.2817049377157437,1.3334027961775519E-5,19.292771727054163,300.7474067324684,0.7881791336252786,"{""type"":""Point"",""coordinates"":[83.09367726495503,20.76029279979561]}"
1672,237.6965805316412,2025-03-15,293.387008530753,26,0,40,0.48443033337403835,4.90670125046222E-5,1.73503474643397,300.37792896089104,0.8967523842748589,"{""type"":""Point"",""coordinates"":[84.1466128507858,18.4882588312233]}"
1673,159.53208709807097,2025-03-15,281.2685596375238,273,0,10,0.583810755867677,1.3334027961775519E-5,9.803116185026358,300.25869532993863,0.32233293029754534,"{""type"":""Point"",""coordinates"":[83.66964641801763,20.328775788837355]}"
1674,63.12572273763764,2025-03-15,281.78233614422027,660,0,10,0.5277267719427102,1.3423434928938605E-5,20.607004346434554,300.2968568347749,0.25423970038182137,"{""type"":""Point"",""coordinates"":[83.2955868784369,19.757364969534233]}"
1675,90.0,2025-03-15,282.4519848142351,193,0,30,0.29924614880367095,1.3334027961775519E-5,1.4856641249541056,301.5052831740607,0.48271552582926347,"{""type"":""Point"",""coordinates"":[83.47050021642563,20.571452922521722]}"
1676,226.4556995307368,2025-03-15,286.76027048201786,147,0,10,0.5288916956109884,1.7938486770674444E-5,3.3619023235618104,301.8500271751767,0.3124513955279307,"{""type"":""Point"",""coordinates"":[81.77194340897528,18.11512258115819]}"
1678,312.8714194143515,2025-03-15,282.3627397900536,230,0,40,0.22608968328629664,1.3334027961775519E-5,0.6815902565973763,300.5846056256975,0.9062154705572305,"{""type"":""Point"",""coordinates"":[83.86115698203035,21.824488272839773]}"
1679,90.0,2025-03-15,287.2657287688483,145,0,80,0.35062545989698307,1.5777818397566534E-5,1.4712575942485673,299.77140226818267,0.31527008981847193,"{""type"":""Point"",""coordinates"":[83.44990430357892,19.020448368898993]}"
1680,252.88733388425567,2025-03-15,278.6930271784464,590,0,10,0.695231391870491,7.359432382969544E-5,1.5756194561794077,299.3790508451916,1.465417799519201,"{""type"":""Point"",""coordinates"":[81.74807557828464,22.53507726966173]}"
1681,19.3049093794377,2025-03-15,286.1762512297857,771,0,10,0.6931840502848163,4.911099593201129E-4,4.413616483593968,296.98625764392676,0.11769398879340354,"{""type"":""Point"",""coordinates"":[82.40165697499211,17.901615752727277]}"
1682,-0.0,2025-03-15,283.2460173198155,145,0,40,0.20424028268551236,1.3334027961775519E-5,0.0,301.18619719005767,0.49641307983669924,"{""type"":""Point"",""coordinates"":[84.22111069609757,20.992758707296616]}"
1683,270.0,2025-03-15,278.96079712822325,519,0,10,0.4428450465707028,4.808353586582825E-5,2.023975508614692,297.6030963716053,1.236027505073804,"{""type"":""Point"",""coordinates"":[81.9016219170552,23.633907937640892]}"
1684,238.36243921701674,2025-03-15,278.57957735515777,642,0,10,0.4093836246550138,1.4327215357212708E-4,8.771743154331475,298.6668403262184,1.529268048003523,"{""type"":""Point"",""coordinates"":[80.93198415977362,22.457245422194763]}"
1685,252.94803158470216,2025-03-15,279.41417208172027,515,0,30,0.2916483516483516,1.1567520304112122E-4,6.30031994542044,297.3565782819475,1.2149338566808954,"{""type"":""Point"",""coordinates"":[82.82122661347273,23.049106577520526]}"
1686,85.53158215471142,2025-03-15,280.3875956308274,406,0,40,0.268637195919435,1.3334027961775519E-5,5.9310791139138,300.9313085646857,0.6682577992922597,"{""type"":""Point"",""coordinates"":[81.48503967415581,20.320044405890965]}"
1687,112.9292826448005,2025-03-15,284.34719035738993,370,0,10,0.3231115487410325,1.5330783561751105E-5,24.56291900911936,299.7636188325428,0.14507233448055096,"{""type"":""Point"",""coordinates"":[83.53885208337994,19.57908644982964]}"
1688,321.5569951019908,2025-03-15,281.6773673012143,578,0,30,0.24454261954261955,1.3334027961775519E-5,2.367035864814765,299.4318084716797,0.27434700293669845,"{""type"":""Point"",""coordinates"":[82.42350836014806,19.12433944421797]}"
1689,324.3605842694688,2025-03-15,280.44187041691373,283,0,40,0.4033399377299745,1.3334027961775519E-5,1.7113602448844147,300.6100601922898,0.9186710080133216,"{""type"":""Point"",""coordinates"":[81.28762160297286,21.590750921129725]}"
1690,46.54681364144917,2025-03-15,283.82554322197325,310,0,10,0.6166873192895498,1.3334027961775519E-5,2.022006812058923,301.68252345493863,0.30908981052491663,"{""type"":""Point"",""coordinates"":[80.90445415123777,18.66398300191854]}"
1691,157.02125204794376,2025-03-15,282.5527160735357,198,0,40,0.25099788682789387,1.3334027961775519E-5,2.516956847256585,302.25613185337613,0.30058654845060184,"{""type"":""Point"",""coordinates"":[80.36280736320077,19.383855944347747]}"
1692,6.880018275097303,2025-03-15,278.1400021598452,744,0,30,0.4203334586937445,1.0026740236668275E-4,4.196461371523862,297.0607147216797,1.7063491644657722,"{""type"":""Point"",""coordinates"":[84.30359046372234,22.946850494252207]}"
1693,290.1117016254947,2025-03-15,279.05681996118454,594,1,10,0.25735201312634104,3.3597397013096497E-4,2.695369064314747,297.56983511788513,1.4102401501425956,"{""type"":""Point"",""coordinates"":[82.35860245029913,23.729898662079787]}"
1694,51.62819354902059,2025-03-15,277.49184367770243,643,0,10,0.4950887471997243,2.609019200363605E-4,4.4732390279656284,298.4897163027809,1.6961970765716399,"{""type"":""Point"",""coordinates"":[81.06243280929533,22.518098487788773]}"
1695,106.48170482800798,2025-03-15,283.90347058432445,1258,0,30,0.29567172568858907,1.4645330146834112E-5,15.922818316515386,297.9017791748047,0.040733263340605716,"{""type"":""Point"",""coordinates"":[83.06596746593975,18.777662526866358]}"
1696,218.3887311019772,2025-03-15,282.5020568938482,531,0,10,0.4320120421475163,1.3334027961775519E-5,4.722486564767789,300.8863401867094,0.37504309590207385,"{""type"":""Point"",""coordinates"":[81.90891477746138,18.800093813288747]}"
1697,324.58593251745776,2025-03-15,280.1962416966756,443,0,30,0.1299645390070922,1.3334027961775519E-5,1.7065639748603711,300.45372299920945,0.7395382933426574,"{""type"":""Point"",""coordinates"":[81.73504912842728,20.347297254643834]}"
1698,230.4945152637559,2025-03-15,280.9160205750239,1102,0,10,0.4449760765550239,1.3632051185652472E-5,14.959249337230686,299.52648271833147,0.09193939400175133,"{""type"":""Point"",""coordinates"":[83.17701311984176,19.560915889318398]}"
1699,8.88035266639067,2025-03-15,280.8349542617798,391,0,30,0.2999174917491749,1.3334027961775519E-5,3.282008900106568,297.46416873023617,1.1868014681186552,"{""type"":""Point"",""coordinates"":[80.9922198666708,23.891197847560456]}"
1700,90.0,2025-03-15,284.10600848425,309,0,30,0.16660554944383327,0.0013582830349960773,5.063687680366847,297.5556865873791,1.4394362161400414,"{""type"":""Point"",""coordinates"":[82.87620500510802,24.014910499921264]}"
1701,-0.0,2025-03-15,280.90396467844647,287,0,40,0.4840764331210191,1.3334027961775519E-5,0.0,300.59199959891185,0.8475194752250063,"{""type"":""Point"",""coordinates"":[81.2131608742232,21.413403042831554]}"
1702,33.23453985572978,2025-03-15,280.0338474909464,520,0,10,0.4899638038828562,4.239129228977845E-5,2.769997811817994,297.5991784958613,1.149188473709377,"{""type"":""Point"",""coordinates"":[80.9897328378538,23.696409893550058]}"
1703,165.22978243274568,2025-03-15,292.14031605493454,52,0,40,0.567682119205298,1.8176905349776007E-5,1.917656128370697,301.23865254720056,0.7159154050434342,"{""type"":""Point"",""coordinates"":[83.71603179524826,18.52133571738728]}"
1704,226.53876731759695,2025-03-15,284.1872549965268,364,0,10,0.21184729300894317,1.3334027961775519E-5,1.3481157468265192,302.10687473842074,0.33458685251308323,"{""type"":""Point"",""coordinates"":[81.0371961306067,18.616305622359558]}"
1705,243.86944503180484,2025-03-15,280.4420099258423,379,0,10,0.5215123859191656,1.3334027961775519E-5,11.428611022764056,301.0701780773344,0.4088472649470697,"{""type"":""Point"",""coordinates"":[83.89181550308986,20.525032428362774]}"
1706,320.9200524302676,2025-03-15,278.1305388041905,368,0,40,0.25426642111724984,2.7914094133763E-4,2.3882340080276934,298.68451145717074,1.4731459513384633,"{""type"":""Point"",""coordinates"":[82.08370074432709,22.551836175603555]}"
1707,132.71999170660445,2025-03-15,278.8387558800834,613,0,40,0.19392766780770948,9.591626329807923E-5,3.413809002968828,298.42747788202195,1.360217524007792,"{""type"":""Point"",""coordinates"":[80.65717573157002,22.568842739343904]}"
1708,180.0,2025-03-15,279.2554574239822,571,0,40,0.3745629370629371,6.957101030735657E-5,0.9274099368611016,297.2797146751767,1.7700969480869457,"{""type"":""Point"",""coordinates"":[82.35497490911517,23.299956152897835]}"
1709,213.01309384210978,2025-03-15,280.814981233506,361,0,10,0.40525739320920046,1.9324294761702276E-5,2.763031969779362,298.66442217145647,1.5554219338752473,"{""type"":""Point"",""coordinates"":[82.53708351323898,22.563290838717872]}"
1710,27.815869884894834,2025-03-15,284.03520189012806,325,0,20,0.17846153846153845,1.3334027961775519E-5,5.228746100446932,302.1704966227213,0.4506635292859841,"{""type"":""Point"",""coordinates"":[80.57577354385772,18.61272237032144]}"
1711,-0.0,2025-03-15,281.60491566430954,252,0,40,0.6032739528165624,1.3334027961775519E-5,0.0,300.402354649135,0.7433397920891258,"{""type"":""Point"",""coordinates"":[81.89634799903305,21.816275825876964]}"
1712,27.7816900097386,2025-03-15,288.98569365910123,101,0,40,0.2867247007616975,1.491355104832337E-5,3.141843768285074,300.99022783551897,0.44798182356763033,"{""type"":""Point"",""coordinates"":[83.28751816165574,18.3643109702474]}"
1713,301.4560922812218,2025-03-15,279.0429271970477,633,0,40,0.19636440498837454,1.4610337419895814E-4,1.7767605482401003,296.35345676967074,1.5804364932599406,"{""type"":""Point"",""coordinates"":[84.16340684340827,23.41997181405182]}"
1714,270.0,2025-03-15,282.667764436631,237,0,40,0.1630222991989608,1.3334027961775519E-5,1.4982473675184687,300.0840417771113,0.8674045797857104,"{""type"":""Point"",""coordinates"":[82.6175704253529,21.819099554978344]}"
1715,-0.0,2025-03-15,285.033737046378,159,0,10,0.27998711962646916,1.3334027961775519E-5,1.8543341688295631,303.09646388462613,0.4960571371231818,"{""type"":""Point"",""coordinates"":[80.89248870047086,18.44795606732323]}"
1716,143.0618674002889,2025-03-15,284.3974135716756,171,0,10,0.4563894523326572,1.3334027961775519E-5,5.782293869579249,301.23939659481954,0.6587947996047909,"{""type"":""Point"",""coordinates"":[83.94971048349755,21.40560574371401]}"
1717,289.19846594950985,2025-03-15,282.2387512297858,287,0,10,0.45784148397976393,1.3334027961775519E-5,4.2230580055421205,300.9783230736142,1.03045468341698,"{""type"":""Point"",""coordinates"":[83.74927511021642,21.789782694300182]}"
1718,107.5523973316276,2025-03-15,285.2488946914673,199,0,20,0.3699769053117783,1.3334027961775519E-5,1.537361468370886,302.6531103224981,0.6461297247404043,"{""type"":""Point"",""coordinates"":[81.18005884568753,18.393334023499648]}"
1719,107.33359926337799,2025-03-15,280.518600327628,385,1,10,0.34357905704610575,1.3334027961775519E-5,3.110009783863309,301.0400150844029,0.6126651424836649,"{""type"":""Point"",""coordinates"":[84.06942586918737,20.556348277572194]}"
1720,107.27289301430989,2025-03-15,280.69024862561906,337,0,40,0.4253275109170306,1.3334027961775519E-5,1.5614500778774816,300.9685807001023,0.9358988198121833,"{""type"":""Point"",""coordinates"":[80.43578133178337,21.11828827288394]}"
1721,154.95772956421564,2025-03-15,282.2569164548602,546,0,10,0.6766943291839558,1.4168492988630987E-5,12.589946384756518,299.7418321881975,0.08657449374780544,"{""type"":""Point"",""coordinates"":[83.33977970549033,19.648987187280962]}"
1722,312.5786930134843,2025-03-15,279.1335033689226,563,0,40,0.2920310981535471,1.8040584726719544E-4,1.3705454270578097,297.1772221156529,0.8558230219586885,"{""type"":""Point"",""coordinates"":[83.09688431195367,23.239968685404005]}"
1723,65.32305796657442,2025-03-15,279.5172866185506,506,0,30,0.23913704041324826,8.5276834205672E-5,4.434181307548134,297.7244865780785,1.5511510959990489,"{""type"":""Point"",""coordinates"":[81.55320532006756,23.23063162308121]}"
1724,320.65562994677794,2025-03-15,280.5301446914673,456,0,30,0.280305253889052,1.1883424921421692E-4,4.786103400613203,297.54646737234935,1.1291542184173697,"{""type"":""Point"",""coordinates"":[81.3640595317263,23.81228670813264]}"
1725,194.78642065646676,2025-03-15,283.98428113119945,427,0,10,0.670746150809317,1.3334027961775519E-5,11.359864003053112,302.0563201904297,0.3639370616935889,"{""type"":""Point"",""coordinates"":[80.84217141653241,18.71601180212144]}"
1726,208.48379854949715,2025-03-15,278.9655578704107,583,0,10,0.34411209916464564,3.4241127176670716E-4,1.055104364388217,297.1897430419922,1.8973452314021453,"{""type"":""Point"",""coordinates"":[81.89743166619611,22.852532234187763]}"
1727,2.1357361742319707,2025-03-15,279.0327953611102,437,0,10,0.6479224376731302,3.836797876743958E-5,13.218352431214594,299.4638199579149,1.2053843129005009,"{""type"":""Point"",""coordinates"":[81.93454329911768,22.384959327068707]}"
1728,61.832701455113984,2025-03-15,281.9663135437739,258,0,40,0.27657004830917875,1.3334027961775519E-5,3.923505054009147,301.1097637358166,0.36912218297237614,"{""type"":""Point"",""coordinates"":[83.0414037883323,20.43728767986386]}"
1729,23.451331201570618,2025-03-15,278.2919506345476,787,0,30,0.30525100980957875,1.6464041872410462E-4,2.525865426580614,296.8868749709356,1.4428220390452573,"{""type"":""Point"",""coordinates"":[81.14749068666342,22.768403170425117]}"
1730,119.19541635479226,2025-03-15,280.35271839868454,306,0,50,0.35797021511307225,1.3334027961775519E-5,2.8497703526982363,301.07584562755767,0.9578563550029695,"{""type"":""Point"",""coordinates"":[80.38334485748352,21.362534116995914]}"
1731,61.07094716615749,2025-03-15,277.7741516204107,804,0,30,0.38552529182879375,5.139159365086243E-5,11.353361176629072,296.5748806908017,1.7251950894575132,"{""type"":""Point"",""coordinates"":[84.0563051411801,22.905102778931663]}"
1732,227.4065926148934,2025-03-15,279.2204174314226,540,0,40,0.2583792137544673,2.5467323465733216E-4,0.685179293188209,297.2271139962333,1.0172658164349635,"{""type"":""Point"",""coordinates"":[82.91994770655245,23.170778239272405]}"
1733,337.45392699089217,2025-03-15,278.8958382833572,590,0,10,0.36161879895561355,1.0962533159641907E-4,16.59222142216055,298.15697006952195,1.416087681861559,"{""type"":""Point"",""coordinates"":[80.55925766178241,22.929087718627425]}"
1734,245.1197934017253,2025-03-15,281.0484261739822,217,0,60,0.12980186008896077,1.3334027961775519E-5,3.3031154276239705,300.3597521100725,1.168052651336502,"{""type"":""Point"",""coordinates"":[83.21275290769582,21.947301632391465]}"
1735,245.39078400597543,2025-03-15,280.3028148923601,417,0,40,0.31601731601731603,2.9299902124790833E-4,2.2261383120898506,297.73647853306363,1.0176911611371435,"{""type"":""Point"",""coordinates"":[80.68774707178582,23.643227913023896]}"
1736,119.04401998918338,2025-03-15,279.63874657948816,378,0,40,0.310828025477707,1.7530965013889954E-4,5.712365487604855,299.53841073172435,1.5988149814061359,"{""type"":""Point"",""coordinates"":[81.31778997678998,22.25244242499427]}"
1737,295.0114261406289,2025-03-15,282.8299900690714,179,0,10,0.5674470457079153,1.3334027961775519E-5,1.0967122419523223,300.9793519519625,0.5491203952208447,"{""type"":""Point"",""coordinates"":[84.12320126003456,21.07674185121081]}"
1738,295.28561525540135,2025-03-15,281.84592896416075,829,0,30,0.4682842287694974,1.3334027961775519E-5,7.555945938999408,297.5261746361142,0.1399045206996835,"{""type"":""Point"",""coordinates"":[82.93922592002124,19.12886191617646]}"
1740,195.03161556579562,2025-03-15,279.302041780381,404,0,10,0.4861111111111111,1.3334027961775519E-5,1.91998383954928,300.69270760672435,1.0197290108377837,"{""type"":""Point"",""coordinates"":[80.64449290988082,21.41543879950786]}"
1741,222.39583576409356,2025-03-15,280.8655939102172,344,0,10,0.29077117572692796,1.3334027961775519E-5,4.387072132879494,301.4541880289713,0.48886608833519085,"{""type"":""Point"",""coordinates"":[80.7437892241012,20.143943322031383]}"
1742,208.33182815527775,2025-03-15,278.32810669853575,637,0,10,0.43902439024390244,1.3334027961775519E-5,1.0535921306059561,298.8550669352214,1.231630831556909,"{""type"":""Point"",""coordinates"":[80.50607926760169,21.97264530414638]}"
1743,76.9704241957927,2025-03-15,280.2193478629703,380,0,40,0.3012726054922974,1.3334027961775519E-5,4.106833530431242,299.95965794154574,1.083478926537801,"{""type"":""Point"",""coordinates"":[83.86430258490913,22.233459135840484]}"
1744,346.3931300476568,2025-03-15,279.9246468771072,553,0,10,0.41547077353867695,1.5301751299290345E-4,8.525001133089448,298.0747993105934,0.9201339522659815,"{""type"":""Point"",""coordinates"":[80.46771712187054,23.354356439313264]}"
1745,63.483968566667606,2025-03-15,286.9212812242054,655,0,10,0.46066727884909703,2.6566259101912237E-5,26.081593942171565,298.10180591401604,0.5171683600979681,"{""type"":""Point"",""coordinates"":[84.38517810877414,19.53708636316221]}"
1746,107.57336073670487,2025-03-15,285.9887105396816,149,0,10,0.3858267716535433,1.3334027961775519E-5,1.5355861570462443,302.42121741885234,0.777590522775303,"{""type"":""Point"",""coordinates"":[81.39082358759343,18.17267153161351]}"
1747,113.79159029867395,2025-03-15,286.657510530381,442,0,10,0.6952264381884945,1.7789475158735968E-5,15.689558359326698,299.2384374709357,0.3226512235722983,"{""type"":""Point"",""coordinates"":[83.61916802496717,19.13747438496155]}"
1748,180.0,2025-03-15,280.0870759600685,447,0,30,0.5859519408502772,6.825970812229798E-5,4.166350197281316,298.05165826706656,0.858171774290936,"{""type"":""Point"",""coordinates"":[80.42982949049498,23.548085339526605]}"
1749,138.3188959704701,2025-03-15,280.0383582796369,381,0,40,0.21913236929922136,1.3334027961775519E-5,3.720336377566903,301.26825750441776,0.7003206641327628,"{""type"":""Point"",""coordinates"":[80.81970612131992,20.62015677677251]}"
1750,215.00725302567938,2025-03-15,286.83340803782147,124,0,30,0.30450909933928366,1.4615527824446417E-5,1.6980393109571883,302.7791101364863,0.7842023892205162,"{""type"":""Point"",""coordinates"":[80.76247060596083,17.85323680764246]}"
1751,251.86137644930295,2025-03-15,283.30244286855066,858,0,10,0.5599446968200672,1.3334027961775519E-5,13.169677317044174,297.0616099039714,0.12540508546829715,"{""type"":""Point"",""coordinates"":[82.73942797836926,18.845764781167453]}"
1752,139.86942339034212,2025-03-15,293.36306531088695,21,0,10,0.4036322680557511,1.714872522740052E-5,3.0298634593274416,300.6258479527064,1.08582425986336,"{""type"":""Point"",""coordinates"":[83.84532241839219,18.377642563654387]}"
1753,331.69437122186986,2025-03-15,282.2265209470476,255,0,40,0.2303595206391478,1.3334027961775519E-5,1.0533326108274823,299.9020756312779,0.5999900474938268,"{""type"":""Point"",""coordinates"":[82.23125609553115,21.816340104101183]}"
1754,226.8357266741197,2025-03-15,280.12684181758334,550,0,10,0.547696209666056,1.3334027961775519E-5,9.405186886274054,300.0541810535249,0.277259783311894,"{""type"":""Point"",""coordinates"":[83.84801791964172,20.29925861116429]}"
1755,224.58987272663754,2025-03-15,281.04533953893747,446,0,10,0.5367510809141446,3.1567858858494446E-4,6.484082489579204,297.09867277599517,1.152180908664632,"{""type"":""Point"",""coordinates"":[81.7363437796137,24.08020592785664]}"
1756,301.9177471956001,2025-03-15,281.14537325359527,299,0,40,0.7849315068493151,1.3334027961775519E-5,1.7537337528171368,300.60850815545945,0.721287951651259,"{""type"":""Point"",""coordinates"":[81.95406756097827,20.882679589412444]}"
1757,34.35796902579826,2025-03-15,280.672408921378,447,0,10,0.58044744100521,6.852792902378724E-5,8.915443144327712,297.1078338623047,1.3285527252072555,"{""type"":""Point"",""coordinates"":[82.26366992075327,23.90382667101641]}"
1758,6.889805677334317,2025-03-15,278.7490225746518,781,0,10,0.1902334317145157,6.986903353123353E-5,8.348546507450601,297.7401638939267,1.265806415445089,"{""type"":""Point"",""coordinates"":[80.66156168144326,23.139745093875593]}"
1759,340.5205789021585,2025-03-15,280.2164472398304,671,0,10,0.59085009733939,1.3334027961775519E-5,7.338130995737146,300.3527534121559,0.6514211279101585,"{""type"":""Point"",""coordinates"":[81.2185987184912,19.54506822382084]}"
1760,100.4024658857978,2025-03-15,279.6727635065714,460,1,30,0.30373700477662263,5.845474405674622E-5,2.5666340292255927,297.824218023391,1.413167933829863,"{""type"":""Point"",""coordinates"":[81.25241222563447,23.37970845955809]}"
1761,96.73845992221085,2025-03-15,281.84592896416075,782,0,30,0.4563370710159701,1.3334027961775519E-5,7.854896812100018,297.5261746361142,0.1399045206996835,"{""type"":""Point"",""coordinates"":[82.90739182019038,19.050915102246925]}"
1762,337.01632848384355,2025-03-15,280.3889093399048,524,0,10,0.5443419318395782,1.3334027961775519E-5,2.5170484561325313,300.19814264206656,0.5684243036775902,"{""type"":""Point"",""coordinates"":[81.23463595947305,19.422644488937898]}"
1763,-0.0,2025-03-15,281.31539394741964,292,0,40,0.34691319335631465,1.3334027961775519E-5,0.4637353428839794,300.61346072242367,0.7739312808765251,"{""type"":""Point"",""coordinates"":[81.41846750335318,21.313417735520947]}"
1764,46.91013416192327,2025-03-15,281.67727429526195,324,0,40,0.2471584577668821,1.3334027961775519E-5,1.357424739139417,300.81655665806363,0.8603358805624939,"{""type"":""Point"",""coordinates"":[81.43043305666535,20.698502494156056]}"
1765,295.4180991019011,2025-03-15,286.168020203,179,0,10,0.4662348178137652,1.3334027961775519E-5,1.0803084893396546,303.2402859642392,0.8758673460591598,"{""type"":""Point"",""coordinates"":[81.03566676750215,18.113205459100715]}"
1766,207.83338834848215,2025-03-15,283.34567319779165,632,0,30,0.19514141324585513,1.3334027961775519E-5,3.1433362786566397,301.50750369117367,0.5037679470477932,"{""type"":""Point"",""coordinates"":[81.69545978935048,18.73797952708005]}"
1767,232.31338791498,2025-03-15,278.57766492026195,572,0,10,0.4244415243101183,1.7375992937473939E-4,3.787321483390242,299.62013971237906,1.4679483171872796,"{""type"":""Point"",""coordinates"":[80.793473048164,22.025002795818324]}"
1768,301.3688954865862,2025-03-15,279.93321505047027,418,0,40,0.8140454995054401,1.5665339632420228E-4,1.7811909134986041,297.8744296119326,1.050614809412943,"{""type"":""Point"",""coordinates"":[80.21860344932075,23.86674656042545]}"
1769,180.0,2025-03-15,281.59316203707743,284,0,40,0.5825817361894025,1.3334027961775519E-5,0.9274099368611016,300.4959011986142,0.7179982681224868,"{""type"":""Point"",""coordinates"":[81.98286592477938,21.049919948317697]}"
1770,240.9772650681653,2025-03-15,279.8599728629703,354,1,40,0.2838731368373865,1.3334027961775519E-5,2.865211811418792,299.73725164504276,1.2856170225923134,"{""type"":""Point"",""coordinates"":[82.89625856807399,22.374892669962094]}"
1771,332.26972363727464,2025-03-15,290.8906880787441,99,0,40,0.5127867894198451,1.7167376680760071E-4,1.047720487223744,300.0662602015904,0.4131135912760858,"{""type"":""Point"",""coordinates"":[82.98105407948005,17.984293575409218]}"
1772,121.56199511893696,2025-03-15,278.3215497788929,480,0,10,0.26084683742812337,2.3586026863142706E-5,3.5394495812213127,296.9757537841797,1.7328106925250377,"{""type"":""Point"",""coordinates"":[83.95640491387167,22.86368725487077]}"
1773,90.0,2025-03-15,283.05646537599114,307,0,10,0.4037316395394998,1.3334027961775519E-5,2.4510323006974293,301.57459004720056,0.30287217004697337,"{""type"":""Point"",""coordinates"":[80.89983512925532,19.013202616688496]}"
1774,67.25749567908828,2025-03-15,278.1942304429554,869,0,10,0.6214870152970473,8.280324144749329E-5,5.9761266330291205,296.9608902704148,1.354509769892064,"{""type"":""Point"",""coordinates"":[80.96476300774589,22.749964629648076]}"
1775,90.0,2025-03-15,283.2388500486101,196,0,40,0.2646733111849391,1.3334027961775519E-5,0.9880476568696898,301.1288183303107,0.45443457817728355,"{""type"":""Point"",""coordinates"":[83.45757320305727,20.178935483711758]}"
1776,6.731457192981377,2025-03-15,280.1043808800834,573,0,30,0.35572139303482586,1.3334027961775519E-5,8.345830154585276,300.107665289016,0.3771079555330198,"{""type"":""Point"",""coordinates"":[82.53274497147798,19.715141615311428]}"
1777,90.0,2025-03-15,280.4719287781489,430,0,40,0.24014415201485204,6.139998356857745E-4,1.0116095851700329,297.41259111676897,1.3484198356203907,"{""type"":""Point"",""coordinates"":[82.82000268341393,23.54456097114194]}"
1778,358.2726424179859,2025-03-15,283.043275969369,898,0,30,0.45175292153589314,1.3334027961775519E-5,15.823513389686585,296.9739692324684,0.10275204712112025,"{""type"":""Point"",""coordinates"":[82.55487114325804,18.663337463373445]}"
1779,61.13717567126793,2025-03-15,279.3683492115566,509,0,30,0.24904852521408183,1.9855546160130189E-4,5.744893622216012,297.6491691952659,1.306794288951393,"{""type"":""Point"",""coordinates"":[81.03462495103628,23.271950523036786]}"
1780,107.60359096724076,2025-03-15,285.89397816430954,567,0,30,0.29224164366758665,6.533908052830384E-5,6.110327742231764,299.2995830717541,0.22589887268979064,"{""type"":""Point"",""coordinates"":[82.04792387148888,17.84992702942921]}"
1781,270.0,2025-03-15,280.4728704634167,618,0,10,0.669857210105131,1.3334027961775519E-5,0.4920205671627334,299.82180568150113,0.3072781125758348,"{""type"":""Point"",""coordinates"":[82.41134117267289,19.522446491712156]}"
1782,143.91472180804521,2025-03-15,280.8697849909464,398,0,40,0.23163082437275986,1.1910247011570618E-4,1.721008521948001,297.5374981108166,1.1365397532081751,"{""type"":""Point"",""coordinates"":[81.17315060572152,23.833945489685107]}"
1783,54.72364751570377,2025-03-15,282.5527160735357,202,0,30,0.35743736124326037,1.3334027961775519E-5,2.407562896516013,302.25613185337613,0.30058654845060184,"{""type"":""Point"",""coordinates"":[80.37492984226157,19.39923546020113]}"
1784,260.2425789875963,2025-03-15,283.62063948313397,284,0,10,0.3406090477028692,1.3334027961775519E-5,5.456108225497506,302.1406591506231,0.4405955943129703,"{""type"":""Point"",""coordinates"":[80.50971073342197,18.94954347555677]}"
1785,295.0837377504877,2025-03-15,280.252004578,385,0,10,0.5248999862049938,1.3334027961775519E-5,1.09375509490785,301.3035707019624,0.5836211218153314,"{""type"":""Point"",""coordinates"":[82.14848841173988,20.580574542995276]}"
1786,344.72162467656517,2025-03-15,279.54383400508334,590,0,10,0.41400894187779436,1.1129426165013001E-4,1.9222231152001392,297.6579408191499,1.2889501219081714,"{""type"":""Point"",""coordinates"":[82.1715385888724,23.7656661216775]}"
1787,90.0,2025-03-15,282.1129199890864,211,0,40,0.553437436625431,1.3334027961775519E-5,1.4970768456152264,300.530760992141,1.1765751686256951,"{""type"":""Point"",""coordinates"":[83.11532017742506,21.70649798183582]}"
1788,318.88669575412473,2025-03-15,280.12132540203277,504,0,40,0.3484412470023981,5.715613286056964E-4,3.0746856159780926,297.5912322998047,1.1866527352919347,"{""type"":""Point"",""coordinates"":[82.92198965730068,23.562071263758053]}"
1789,270.0,2025-03-15,283.85540394555954,265,0,10,0.3717794686957683,1.3334027961775519E-5,0.4896219179383411,301.6153615315755,0.2964823747278268,"{""type"":""Point"",""coordinates"":[81.9114962124044,18.715202312672844]}"
1790,160.40762547841365,2025-03-15,279.77004191988993,414,1,10,0.353200135455469,1.3334027961775519E-5,1.4764094914930148,301.3539334251767,0.6391565155848529,"{""type"":""Point"",""coordinates"":[80.6406470613157,20.52766237468425]}"
1791,90.0,2025-03-15,284.7449768157232,640,0,10,0.4058252427184466,2.5076142982527472E-5,4.423612993008528,298.6596149262928,0.5404702379272014,"{""type"":""Point"",""coordinates"":[84.15766358492678,19.67236696248764]}"
1792,313.16150359944754,2025-03-15,281.3210149946667,249,0,10,0.35847935847935847,1.3334027961775519E-5,1.355614576325106,302.24855186825704,0.5033266449369999,"{""type"":""Point"",""coordinates"":[80.2120986731361,20.315072086249927]}"
1793,270.0,2025-03-15,279.82785093216665,260,0,40,0.30344827586206896,1.3334027961775519E-5,2.0016549763837097,300.68931870233445,1.0952805437281574,"{""type"":""Point"",""coordinates"":[83.47774257290617,22.127423230460693]}"
1794,295.34721744753307,2025-03-15,284.4825488953363,345,0,10,0.5473527218493661,1.3334027961775519E-5,2.1654829913129805,302.04088120233445,0.4405940949495664,"{""type"":""Point"",""coordinates"":[80.49418943177261,18.6642171977219]}"
1795,107.20145431545801,2025-03-15,281.3048087074643,238,0,10,0.4511400651465798,1.3334027961775519E-5,1.5677345164616086,300.73581005278083,0.7522882796649889,"{""type"":""Point"",""coordinates"":[84.32025982864276,21.760791728419115]}"
1796,336.6256658958462,2025-03-15,280.92135679154165,354,0,40,0.34052725037563175,1.3334027961775519E-5,2.524397968176969,299.7104310535248,1.2301859715135355,"{""type"":""Point"",""coordinates"":[82.87481456832053,22.259339546426986]}"
1797,270.0,2025-03-15,281.46018096378873,745,0,10,0.48884197828709286,1.3334027961775519E-5,5.909668208450936,297.6836279006231,0.7233669865044522,"{""type"":""Point"",""coordinates"":[84.29764395056475,20.2276658893323]}"
1798,57.309406142280196,2025-03-15,283.86040882837204,1179,0,10,0.531940782802677,4.662846247711627E-4,20.538262722030037,296.8526952834356,0.1221145367000384,"{""type"":""Point"",""coordinates"":[82.56411100969258,18.231392458473646]}"
1799,203.11186448098212,2025-03-15,282.84360381535123,164,0,30,0.24592707525213345,1.3334027961775519E-5,2.51944253344311,301.75231860932854,0.47917475480220445,"{""type"":""Point"",""coordinates"":[83.51213070274535,20.405908231094784]}"
1800,160.43179505792747,2025-03-15,283.1249468213036,166,0,40,0.3218873203611853,1.3334027961775519E-5,1.4761880760198898,301.1825583321707,0.36080928785359095,"{""type"":""Point"",""coordinates"":[83.33234528960874,20.322416425983523]}"
1801,252.8112959237269,2025-03-15,279.65780698685415,314,0,40,0.3439610915968657,9.207176371006653E-5,1.5688617300756071,300.4938260033017,1.305627548375947,"{""type"":""Point"",""coordinates"":[81.3059588781549,21.873641691912802]}"
1802,331.3994018620653,2025-03-15,280.00713734399704,698,0,10,0.49098510582701854,1.3334027961775519E-5,19.77515502765057,300.86831447056363,0.49464265271165053,"{""type"":""Point"",""coordinates"":[81.18840637150974,19.854574280486393]}"
1803,318.58800352644494,2025-03-15,283.22514910925,326,0,10,0.282633371169126,1.3334027961775519E-5,3.704926863953251,302.51616487048926,0.42859205830460345,"{""type"":""Point"",""coordinates"":[80.29210651570914,19.12000741401722]}"
1804,27.92291751248438,2025-03-15,281.10720593588695,544,0,10,0.42889733840304184,1.3334027961775519E-5,2.0984582656912387,300.30559939429867,0.4746821800915073,"{""type"":""Point"",""coordinates"":[81.53637811247371,19.36516570684123]}"
1805,313.30791459421135,2025-03-15,280.59156931014286,611,0,40,0.31658429434376717,1.3334027961775519E-5,2.027434637061006,299.89880879720056,0.6135858859345226,"{""type"":""Point"",""coordinates"":[81.87796373570693,19.504684394327267]}"
1806,79.43276132893195,2025-03-15,280.3736389250982,373,0,40,0.39184952978056425,1.3334027961775519E-5,2.527108992280522,300.80399504162017,1.0231298982897599,"{""type"":""Point"",""coordinates"":[80.63355403000753,21.12932016228724]}"
1807,-0.0,2025-03-15,281.74568017323816,277,0,40,0.3688463265000748,1.3334027961775519E-5,2.3174627380815918,299.90839422316776,1.0779162577545698,"{""type"":""Point"",""coordinates"":[82.91323472964034,21.47033784279978]}"
1808,251.5508494989537,2025-03-15,278.9196071170625,985,0,10,0.5874439461883408,2.488021771469562E-4,5.8412871488442955,296.1729496547154,1.2030025184270352,"{""type"":""Point"",""coordinates"":[83.744677599237,23.44760427734975]}"
1809,350.14937672875203,2025-03-15,278.16391631535123,676,0,10,0.3736097067745197,1.8936864570662237E-5,11.605741350800102,296.3180040631975,1.6805109810587322,"{""type"":""Point"",""coordinates"":[83.40729107524396,22.861229664011365]}"
1810,100.48008338145485,2025-03-15,280.1757396970476,412,0,40,0.23134328358208955,7.752823038487122E-5,2.547860030351377,299.5526173909505,1.5013956750497581,"{""type"":""Point"",""coordinates"":[81.36591621340028,22.347231462270628]}"
1811,129.4084131876327,2025-03-15,280.4052551360358,336,0,10,0.5667707249392994,1.3334027961775519E-5,5.823759317312737,299.42213585263204,1.3263160931337952,"{""type"":""Point"",""coordinates"":[82.81047503857828,22.42734353953175]}"
1812,156.02021554182946,2025-03-15,276.7120527085803,766,0,10,0.40709485857165184,1.8916773004917786E-4,8.564046454509867,298.6637071881975,1.619082212475836,"{""type"":""Point"",""coordinates"":[81.04448149750158,22.223114976778266]}"
1813,54.59650003965062,2025-03-15,284.0685038339524,508,0,30,0.22979340340703153,1.3334027961775519E-5,2.400048814621057,300.9364529564267,0.5675306796278287,"{""type"":""Point"",""coordinates"":[81.39674799649659,18.616966212552157]}"
1814,207.98178021922254,2025-03-15,283.2081697100685,350,0,40,0.2954434100930916,1.4138690666243292E-5,2.0996015391987255,299.8417496454148,0.10975005796019607,"{""type"":""Point"",""coordinates"":[83.64925430929829,19.765158101366602]}"
1815,300.0140741478069,2025-03-15,280.70557716914584,442,0,10,0.3698318371475534,1.3334027961775519E-5,30.908653916122617,301.548827398391,0.7810281328054938,"{""type"":""Point"",""coordinates"":[82.69451677241564,20.483247815820864]}"
1816,294.8842200008105,2025-03-15,282.1213312149047,250,0,40,0.5988200589970502,1.3334027961775519E-5,1.101957536036681,299.8797076997303,0.8183399226163007,"{""type"":""Point"",""coordinates"":[82.54276740707458,21.92131793253602]}"
1817,90.0,2025-03-15,279.58784325917566,548,0,10,0.49828087807458343,2.6327840522810675E-5,2.0122917053614393,297.6541101364863,1.277316654639358,"{""type"":""Point"",""coordinates"":[82.87281421536704,22.861880518190784]}"
1818,321.56879153970897,2025-03-15,283.6331952867054,374,0,30,0.2541069556099266,1.3334027961775519E-5,2.366649560207031,300.92934381394156,0.3093289187123912,"{""type"":""Point"",""coordinates"":[81.28226454302934,19.0544610976284]}"
1820,72.86351917948589,2025-03-15,281.0107355117798,296,0,60,0.05028341561528616,1.3334027961775519E-5,1.5734964211698603,300.06829470679867,1.2528507448186614,"{""type"":""Point"",""coordinates"":[82.64979135156425,22.33027577629093]}"
1821,124.82618086030989,2025-03-15,281.18964408692864,231,0,40,0.1649867374005305,1.3334027961775519E-5,2.434646134566712,300.554436819894,0.7826386357574342,"{""type"":""Point"",""coordinates"":[84.05954796505797,21.937571853348885]}"
1822,46.654589930929916,2025-03-15,282.8321757089524,198,0,10,0.28872300719808053,1.3334027961775519E-5,0.6755935269174232,302.50705028715583,0.3560512622493385,"{""type"":""Point"",""coordinates"":[80.42292600974909,19.291831759895018]}"
1823,188.59674073983837,2025-03-15,281.6773673012143,605,0,10,0.5231497127407908,1.3334027961775519E-5,3.2795181488706584,299.4318084716797,0.27434700293669845,"{""type"":""Point"",""coordinates"":[82.43482672716695,19.09816064135133]}"
1824,245.27854271102797,2025-03-15,278.5050854001726,686,0,30,0.18511495615074663,2.2797035379795716E-4,3.322936463257591,296.9154801141648,1.3266650524913912,"{""type"":""Point"",""coordinates"":[81.10914262343066,22.955685820201595]}"
1825,90.0,2025-03-15,281.5011733373006,524,0,10,0.4173947059590559,1.3334027961775519E-5,1.470703222619779,300.57140459333147,0.1493616896613502,"{""type"":""Point"",""coordinates"":[82.1871817922251,18.95761942949423]}"
1826,122.13584715830301,2025-03-15,279.99815064384825,729,0,10,0.27726628895184136,1.3334027961775519E-5,15.317112154848953,300.20710027785526,0.5451630599767813,"{""type"":""Point"",""coordinates"":[81.13685448017569,19.56609743919365]}"
1827,-0.0,2025-03-15,280.3736389250982,386,0,40,0.20020429009193055,1.3334027961775519E-5,0.0,300.80399504162017,1.0231298982897599,"{""type"":""Point"",""coordinates"":[80.5797906178513,21.095411194701008]}"
1828,270.0,2025-03-15,282.84360381535123,175,0,40,0.30261920752182675,1.3334027961775519E-5,1.4836287553027407,301.75231860932854,0.47917475480220445,"{""type"":""Point"",""coordinates"":[83.45830466416511,20.36189235489527]}"
1829,347.8526017492839,2025-03-15,281.8154637018839,210,0,10,0.416023166023166,1.3334027961775519E-5,2.370480464253982,300.46024504162017,0.7788960769508781,"{""type"":""Point"",""coordinates"":[84.09793777383129,21.694642790481932]}"
1830,144.28535652254126,2025-03-15,280.5656613395328,270,0,40,0.23916493712611403,1.3334027961775519E-5,1.7129732893492013,300.42041524251306,0.9190238206057637,"{""type"":""Point"",""coordinates"":[81.90930946703195,21.987184312542173]}"
1831,227.32082717546797,2025-03-15,279.3769522621518,575,0,10,0.5168814222802153,8.739279909519837E-5,4.777588234838538,297.4793403262184,1.7192851899059725,"{""type"":""Point"",""coordinates"":[82.24091127068202,22.76488997479229]}"
1832,173.7946762663925,2025-03-15,278.7237598328364,645,0,30,0.1662000509035378,1.2610601587681458E-4,4.654519909898655,298.06541733514706,1.1863791214210015,"{""type"":""Point"",""coordinates"":[80.35915377971592,23.11478754184969]}"
1833,164.84078542951474,2025-03-15,280.61689018067864,366,0,10,0.31837634548048244,1.771496935276673E-5,3.83796326335383,298.8427436465309,1.5683030768309754,"{""type"":""Point"",""coordinates"":[82.53096967074156,22.668954909228717]}"
1834,116.65698228725324,2025-03-15,277.8311700820923,948,0,10,0.5170232558139535,1.0861205263523743E-4,12.215306421826579,296.8668321881975,1.8362464289760478,"{""type"":""Point"",""coordinates"":[83.87758490882426,23.02352641319175]}"
1835,169.77210048360334,2025-03-15,278.8897870835804,508,0,30,0.2657183499288762,5.6517593101546026E-5,2.8251106010425975,298.6755886986142,1.3317272755398184,"{""type"":""Point"",""coordinates"":[80.57769730167763,22.52514087453441]}"
1836,180.0,2025-03-15,280.28566110701786,566,0,30,0.21897627965043695,1.3334027961775519E-5,0.4637353428839794,300.4381968180339,0.5675155993958748,"{""type"":""Point"",""coordinates"":[81.54720086721608,19.538403079941844]}"
1837,312.8332998013666,2025-03-15,280.5656613395328,254,0,40,0.3715064758009543,1.3334027961775519E-5,2.0454648238457835,300.42041524251306,0.9190238206057637,"{""type"":""Point"",""coordinates"":[81.92633609801631,22.014649726401608]}"
1838,37.889522267066,2025-03-15,280.3086800802322,814,0,40,0.5027105168052042,1.3721458152815558E-5,8.745697596669448,298.53346397763204,0.13150538572600584,"{""type"":""Point"",""coordinates"":[83.09305670927512,19.547704214918664]}"
1839,114.91192546807952,2025-03-15,283.7480111349197,188,0,40,0.2932642487046632,1.3334027961775519E-5,1.1008103808188379,300.8002166748047,0.9900982831361568,"{""type"":""Point"",""coordinates"":[83.70423617618333,21.73931708116161]}"
1840,183.1926776351609,2025-03-15,281.86737846192864,1167,0,30,0.31556909021697754,1.401948137669251E-5,17.12122717170532,298.06008693150113,0.2599833710465294,"{""type"":""Point"",""coordinates"":[83.05873396959726,19.34375086055427]}"
1841,267.3010080075923,2025-03-15,286.1439432870774,316,0,10,0.48925248636509466,2.0918719009443976E-5,18.971462384468087,299.6765536353702,0.039032560992110936,"{""type"":""Point"",""coordinates"":[83.76134743760029,19.46909072384613]}"
1842,133.0260567200615,2025-03-15,280.6315734954108,318,0,40,0.4317134789716154,1.3334027961775519E-5,2.0380867846616875,300.7245912097748,1.005935976777851,"{""type"":""Point"",""coordinates"":[82.53880294765938,21.03421726835483]}"
1843,127.65111995850636,2025-03-15,279.85956014905656,326,0,10,0.35756296184587544,1.3334027961775519E-5,3.7903527201109437,299.8636757986887,1.1436675677281742,"{""type"":""Point"",""coordinates"":[83.77851276688243,22.205546306274435]}"
1844,133.0710715508735,2025-03-15,280.1800877253214,366,0,40,0.19144144144144143,1.3334027961775519E-5,0.6790457473320245,301.00470188685824,0.7856656170847376,"{""type"":""Point"",""coordinates"":[80.5656478524435,20.798075749292924]}"
1845,357.2508765502383,2025-03-15,283.2228646505447,867,0,40,0.3579771884018139,1.3334027961775519E-5,10.107969734765998,297.23081098284047,0.13509103501672876,"{""type"":""Point"",""coordinates"":[82.6317499404136,18.806595975809785]}"
1846,294.9355371251134,2025-03-15,281.5873491650536,230,0,40,0.6089330024813896,1.3334027961775519E-5,1.0998348172739696,300.6482682001023,1.1815859053078517,"{""type"":""Point"",""coordinates"":[83.25128163035812,21.584423682453107]}"
1847,152.17352649518017,2025-03-15,291.15585386185427,46,0,80,0.1583880037488285,2.3973457054182745E-5,1.0486472984929236,300.45641435895647,0.379937094397884,"{""type"":""Point"",""coordinates"":[83.92645819972078,18.688876024010067]}"
1848,263.3416647335866,2025-03-15,283.2106576192947,157,1,10,0.6536279486413855,1.3334027961775519E-5,3.9931043980912326,301.1329570951916,0.4865865199568912,"{""type"":""Point"",""coordinates"":[84.26779712352118,20.95122186265434]}"
1849,278.86663459311694,2025-03-15,279.88918835776195,386,0,10,0.30370618816032197,1.3334027961775519E-5,3.005935133074775,301.3823641822451,0.734411061400597,"{""type"":""Point"",""coordinates"":[81.00025287905406,20.610325560342265]}"
1850,46.8643504379011,2025-03-15,282.73814669109527,154,0,40,0.4151390985551003,1.3334027961775519E-5,0.6782285392191871,301.6925215948196,0.44514902566682074,"{""type"":""Point"",""coordinates"":[83.47483531177222,20.45376302486309]}"
1851,142.75726507835378,2025-03-15,281.10458433060427,407,0,40,0.23378378378378378,1.3334027961775519E-5,4.070896202000266,300.3392849876767,0.45497926911880493,"{""type"":""Point"",""coordinates"":[81.17590580091995,20.01844783844708]}"
1852,236.10494358729497,2025-03-15,280.1591323216756,477,0,10,0.49852507374631266,1.3334027961775519E-5,4.150582606516236,300.08800034295945,0.3273083965863204,"{""type"":""Point"",""coordinates"":[81.0235048811011,19.849473078235185]}"
1853,107.55950099041512,2025-03-15,290.18715036483036,99,0,40,0.3535992217898833,1.5271178916975714E-5,3.0713109142067503,300.8641117640904,0.489370287087275,"{""type"":""Point"",""coordinates"":[83.28895948412409,18.318892731909617]}"
1855,196.20191665084712,2025-03-15,284.22768933432445,1182,0,30,0.276112338277059,2.9512988729862855E-4,13.735508211204062,297.27053033737906,0.23030158475765872,"{""type"":""Point"",""coordinates"":[82.70920603901504,18.303646039545974]}"
1856,144.8305288187711,2025-03-15,282.37467361631843,853,0,30,0.24065362713542957,1.3334027961775519E-5,5.092304096303631,297.2762269519625,0.22358597901675148,"{""type"":""Point"",""coordinates"":[82.88521404583045,18.89160449725429]}"
1857,121.68080693659091,2025-03-15,280.08286162785123,263,0,10,0.36240786240786244,1.3334027961775519E-5,1.765462710150721,300.38231767926897,0.818965520627266,"{""type"":""Point"",""coordinates"":[84.27026425313194,22.222114031496105]}"
1858,46.764488620063545,2025-03-15,281.0473275411697,970,0,30,0.3818657367044464,2.0993224815413214E-5,6.070203202703683,296.97021411714104,0.6826616406074812,"{""type"":""Point"",""coordinates"":[84.13516006627992,19.909836382840634]}"
1859,308.364558681021,2025-03-15,282.98663534436906,589,0,10,0.534719688678098,1.3334027961775519E-5,29.281553583985282,301.034423101516,0.437669257345079,"{""type"":""Point"",""coordinates"":[83.52602512954532,20.13998501891217]}"
1860,15.038341700568834,2025-03-15,281.30387283506855,274,0,40,0.27370506651570903,1.3334027961775519E-5,1.9200443365768616,300.60254414876306,0.7777608497923109,"{""type"":""Point"",""coordinates"":[81.36790403889155,21.483378765241383]}"
1861,132.96395013334288,2025-03-15,281.95750122978575,239,0,40,0.17848970251716248,1.3334027961775519E-5,0.6804075851635899,300.3597579229446,1.1388522295496146,"{""type"":""Point"",""coordinates"":[83.11504124679702,21.355444593787265]}"
1862,25.82265809500355,2025-03-15,282.4882978257678,785,0,10,0.5391779062299293,1.3334027961775519E-5,12.177782613581055,301.2079431442988,0.17274643065409143,"{""type"":""Point"",""coordinates"":[81.97879081903876,18.710834414282008]}"
1863,162.86275627066195,2025-03-15,283.2689258484613,684,0,10,0.30256581139620126,2.579139871983216E-5,14.711950113143406,297.6765536353701,0.447207845446382,"{""type"":""Point"",""coordinates"":[84.0327685363169,19.689555470652408]}"
1864,171.80089592603215,2025-03-15,283.30244286855066,833,0,30,0.2682634730538922,1.3334027961775519E-5,10.198666773323119,297.0616099039714,0.12540508546829715,"{""type"":""Point"",""coordinates"":[82.67552698025099,18.843264328463263]}"
1865,121.87024730581912,2025-03-15,281.5312840143839,297,0,40,0.3658991910392035,1.3334027961775519E-5,1.7560701760874329,300.617675054641,0.7460033040438784,"{""type"":""Point"",""coordinates"":[81.50769397736705,21.158797601812047]}"
1866,127.59057384739897,2025-03-15,278.97215548015777,416,0,40,0.2555264536406496,1.3334027961775519E-5,3.795538268097898,299.2327234177363,1.2710050817351028,"{""type"":""Point"",""coordinates"":[84.18385548462494,22.510147086059124]}"
1867,19.365441296668585,2025-03-15,283.82907744816373,957,0,40,0.18094615216917376,1.3334027961775519E-5,5.877967568001217,296.9044007800874,0.22208970684683302,"{""type"":""Point"",""coordinates"":[82.8180218982166,18.490628631897074]}"
1868,312.59648654209116,2025-03-15,279.2698965980893,495,0,40,0.5713346482577252,1.0590004129795716E-4,1.3700826106642279,297.53265017554867,1.4313325106204031,"{""type"":""Point"",""coordinates"":[81.43569205882964,23.156538854858784]}"
1869,332.22188168554857,2025-03-15,290.18715036483036,98,0,40,0.2086864406779661,1.5271178916975714E-5,2.095660555839264,300.8641117640904,0.489370287087275,"{""type"":""Point"",""coordinates"":[83.33255266549071,18.338576433893152]}"
1870,215.33491145539796,2025-03-15,280.00713734399704,387,0,10,0.3639794168096055,1.3334027961775519E-5,3.406769951014986,300.86831447056363,0.49464265271165053,"{""type"":""Point"",""coordinates"":[81.17641777123404,19.888996460807014]}"
1871,76.73699739628712,2025-03-15,284.6364563079107,394,1,10,0.5471864009378663,1.5718213752791144E-5,2.020532745619041,298.9743993849981,0.14364470666519882,"{""type"":""Point"",""coordinates"":[83.53562787636216,19.466925120500523]}"
1872,270.0,2025-03-15,280.4052551360358,327,1,30,0.17749100909667864,1.3334027961775519E-5,1.5039383704214304,299.42213585263204,1.3263160931337952,"{""type"":""Point"",""coordinates"":[82.79776255243898,22.354308778027008]}"
1873,312.6842819152063,2025-03-15,279.5707301639376,469,1,30,0.23025210084033612,1.72679345169513E-5,4.777128426467412,298.3211546398344,1.5762517426412148,"{""type"":""Point"",""coordinates"":[83.92558740889456,22.74076148698376]}"
1874,79.64128271539113,2025-03-15,280.672408921378,458,0,40,0.19967712642518415,6.852792902378724E-5,2.577340312504917,297.1078338623047,1.3285527252072555,"{""type"":""Point"",""coordinates"":[82.3308873647321,23.943240401083283]}"
1875,115.09037836086343,2025-03-15,280.1339102699643,439,0,10,0.4813374805598756,1.3334027961775519E-5,1.0934844168611821,301.53201075962613,0.5927334915221412,"{""type"":""Point"",""coordinates"":[80.50887808376433,20.534804645739182]}"
1876,208.64742038834865,2025-03-15,281.0682596933274,391,0,30,0.3398250070561671,0.0010399942318954913,1.0567457217552865,297.22723606654574,1.2299015220851677,"{""type"":""Point"",""coordinates"":[82.95939386770448,23.75695856511356]}"
1877,316.08001211293595,2025-03-15,281.6227611814226,723,0,30,0.4446043165467626,1.3334027961775519E-5,13.885531610236901,298.4115447998047,0.16535144765475965,"{""type"":""Point"",""coordinates"":[82.91997137184761,19.261352743784407]}"
1878,160.45868801243645,2025-03-15,280.66485800061906,409,0,10,0.20938897168405365,1.3334027961775519E-5,2.949927980807223,301.14648946126306,0.8135307163062319,"{""type"":""Point"",""coordinates"":[82.3922203441654,20.089982769978448]}"
1879,274.76335872215975,2025-03-15,278.39165882837204,690,0,10,0.46171494121020934,1.0476755304722474E-4,5.566981159530404,297.4751899355934,1.483192574366844,"{""type"":""Point"",""coordinates"":[82.33227299562289,23.564409830605182]}"
1880,303.84245488670786,2025-03-15,279.0563549314226,573,0,10,0.40939142227496184,1.3334027961775519E-5,4.156243940952273,300.6909637451172,0.7866732001618978,"{""type"":""Point"",""coordinates"":[81.92722744539782,20.16185615345454]}"
1881,142.31926259014278,2025-03-15,280.4757129578363,263,0,30,0.2765030124343033,1.3334027961775519E-5,4.094731705576094,300.18238394601,1.1943765246512141,"{""type"":""Point"",""coordinates"":[83.09764697792143,22.35860203629766]}"
1882,259.48143083342467,2025-03-15,278.21658093588695,573,0,10,0.32486631016042783,1.7863980964705206E-5,2.538654284560513,300.00625392368863,1.1440610427504547,"{""type"":""Point"",""coordinates"":[80.5717220765818,21.817409957828627]}"
1883,323.28910050740166,2025-03-15,279.0429271970477,775,0,10,0.6324110671936759,1.4610337419895814E-4,29.92015925019002,296.35345676967074,1.5804364932599406,"{""type"":""Point"",""coordinates"":[84.19752513602823,23.42564826287165]}"
1884,72.75630527076879,2025-03-15,284.3974135716756,158,0,30,0.22546552591847005,1.3334027961775519E-5,1.5640122511959376,301.23939659481954,0.6587947996047909,"{""type"":""Point"",""coordinates"":[83.89581862284791,21.382907256812224]}"
1885,144.01000390967906,2025-03-15,279.5007489976429,552,0,40,0.5516334960570785,3.1036607460066534E-5,1.7189287810643359,297.1414264497302,0.9732812971508644,"{""type"":""Point"",""coordinates"":[83.35028919453032,23.37576416820529]}"
1886,10.021645143535913,2025-03-15,280.77492473238993,571,0,40,0.1780564263322884,1.3334027961775519E-5,2.8232980518207853,299.9872167678106,0.6401436106546279,"{""type"":""Point"",""coordinates"":[81.99326088944586,19.415663631419587]}"
1887,270.0,2025-03-15,282.3682155155,230,0,40,0.41879194630872485,3.1821178598789857E-4,0.5076779740653207,297.4476485479446,1.4039585108578576,"{""type"":""Point"",""coordinates"":[83.95810190080124,24.015328489808592]}"
1888,304.36558948132006,2025-03-15,278.32393886929464,733,0,10,0.4464316130131153,1.4497088594822571E-4,16.001702251643533,298.27156502859935,1.442635684512308,"{""type"":""Point"",""coordinates"":[80.93928804043698,22.606084620561074]}"
1889,-0.0,2025-03-15,280.52866822197325,491,0,10,0.40399037781236735,3.9343284769444153E-4,1.390963080774087,297.5577559698196,1.3536201094988027,"{""type"":""Point"",""coordinates"":[83.65425045980916,23.721079251056572]}"
1890,256.8847845068258,2025-03-15,281.32549671899704,238,0,40,0.5067587000287604,1.3334027961775519E-5,2.0428762118683825,300.82850792294454,1.1287575866121518,"{""type"":""Point"",""coordinates"":[83.28014421178713,21.2588890446683]}"
1891,308.16943450031414,2025-03-15,280.0380327588036,434,0,10,0.372879017795558,3.795074625401185E-5,4.4932290083978295,297.9607623872303,1.3585880813099145,"{""type"":""Point"",""coordinates"":[81.11049984125103,23.498160862690938]}"
1892,280.36503412479385,2025-03-15,280.59070319221127,375,0,40,0.7928395736540038,1.5116976900486634E-4,2.5757888342626885,297.77623276483445,1.154597137952201,"{""type"":""Point"",""coordinates"":[80.53697002348615,23.86263370148741]}"
1893,46.439321536554736,2025-03-15,294.61521026066373,23,0,40,0.4791799312364701,4.777061148075745E-5,2.0180175471185064,300.3999713716053,1.9380511647701757,"{""type"":""Point"",""coordinates"":[83.46839146989794,18.01449994641227]}"
1894,205.12363861495984,2025-03-15,284.28045277368454,454,0,10,0.41912932952017795,1.3334027961775519E-5,4.599919504956362,301.90281967889695,0.6063776903727012,"{""type"":""Point"",""coordinates"":[81.48476985557721,18.59963135388686]}"
1895,72.87143380287185,2025-03-15,279.68674346378873,494,0,10,0.372829417773238,2.579139871983216E-5,1.574201329566622,299.20409502301897,1.2733926526474177,"{""type"":""Point"",""coordinates"":[80.40813920448495,22.39828834995287]}"
1896,14.66734313732006,2025-03-15,278.0163042431785,895,0,10,0.6868758915834522,2.6388215227513E-4,13.638097966190454,297.3072211855934,1.6946397955761539,"{""type"":""Point"",""coordinates"":[81.37487265163142,22.74649680352952]}"
1897,20.054547710106796,2025-03-15,280.5590521040417,346,0,40,0.46316077786907695,1.564447800674884E-4,1.4807070025617084,297.3546425955636,1.1630863551051767,"{""type"":""Point"",""coordinates"":[80.35280691724532,24.060176963570758]}"
1898,324.5379927957393,2025-03-15,280.84337130047027,272,0,50,0.3132032474006552,1.3334027961775519E-5,1.7075798535430378,301.06531270345056,0.780400592089587,"{""type"":""Point"",""coordinates"":[82.92491687509364,20.618803872716587]}"
1899,188.55381935027944,2025-03-15,286.83192575545536,186,0,40,0.29576039664069614,1.6418568328901983E-5,3.2791485136316125,300.72969491141185,0.17034479528036947,"{""type"":""Point"",""coordinates"":[81.99138787905332,18.23637532618735]}"
1900,199.82172704053852,2025-03-15,278.46365124838695,646,0,40,0.23696481559983043,1.0417150659947083E-4,1.478526981427571,298.5741657075428,1.5305988169846612,"{""type"":""Point"",""coordinates"":[80.82282582102093,22.367080847364676]}"
1901,132.66812123694882,2025-03-15,280.1754374277024,426,0,30,0.3014474512271869,1.3334027961775519E-5,4.778583288068905,298.67746044340583,1.4245257260094484,"{""type"":""Point"",""coordinates"":[82.673013047571,22.81743122472137]}"
1902,227.15808619939367,2025-03-15,280.1213370277768,287,0,10,0.4102502979737783,1.3334027961775519E-5,1.3637440606836204,300.9781893775576,1.1153959226361585,"{""type"":""Point"",""coordinates"":[83.50313293575823,21.971863949190517]}"
1903,270.0,2025-03-15,286.37563274020243,285,0,40,0.2532736429770565,1.4168492988630987E-5,1.4655284419714167,300.70338003976,0.4185709861596567,"{""type"":""Point"",""coordinates"":[82.14838108668577,18.359740355167375]}"
1904,90.0,2025-03-15,280.9196013041905,317,1,40,0.1437637969094923,1.3334027961775519E-5,1.0023703261830246,299.8015013195219,1.1931118368088856,"{""type"":""Point"",""coordinates"":[82.51011477506441,22.301266162379513]}"
1905,226.77696360197018,2025-03-15,281.3714242208572,237,0,40,0.39667072675598863,1.3334027961775519E-5,3.3818607335454955,301.2699141729446,0.15508706822294643,"{""type"":""Point"",""coordinates"":[82.82408325552251,19.97882248528145]}"
1906,332.17786676279894,2025-03-15,284.56135400136316,147,0,10,0.40453547915142646,1.3334027961775519E-5,2.0965087775831,302.2837720598494,0.42837146426805156,"{""type"":""Point"",""coordinates"":[80.62450068056849,18.65786661320694]}"
1907,204.5364853386387,2025-03-15,286.660940124875,696,0,10,0.5444817121865516,3.581988020329163E-5,24.406857277987267,298.2872772216797,0.3237900576807058,"{""type"":""Point"",""coordinates"":[84.0713015146111,19.097112619742315]}"
1908,294.7240487303409,2025-03-15,277.6740888413929,644,0,10,0.3337717855968431,4.089896599808185E-4,8.800376585367427,296.38696216401604,1.8232968565681595,"{""type"":""Point"",""coordinates"":[81.73370094768538,22.939701291673053]}"
1909,180.0,2025-03-15,281.7175284340268,237,0,10,0.5157972079353417,1.3334027961775519E-5,0.4637353428839794,302.02161153157556,0.20438883323725396,"{""type"":""Point"",""coordinates"":[80.60843693847893,19.526124368747563]}"
1910,90.0,2025-03-15,281.333780061631,561,0,10,0.4470046082949309,1.3334027961775519E-5,0.49049372381042333,300.8887467157274,0.37429904317732693,"{""type"":""Point"",""coordinates"":[82.14280852242591,19.013391390786825]}"
1911,227.4116897186861,2025-03-15,279.6249061311994,459,0,30,0.2185084604136202,1.5671300096897767E-4,2.05495323475577,297.3132549467541,1.859686169140566,"{""type"":""Point"",""coordinates"":[82.2205556717663,23.194926993068375]}"
1912,133.20514886998797,2025-03-15,280.24105312710714,367,0,10,0.29615861214374223,1.3334027961775519E-5,2.0312998193783605,301.6614111037481,0.46026426891390476,"{""type"":""Point"",""coordinates"":[80.8257885347505,20.07686987270502]}"
1913,285.5293330440164,2025-03-15,283.6331952867054,494,0,10,0.5448050014885383,1.3334027961775519E-5,8.595568061550612,300.92934381394156,0.3093289187123912,"{""type"":""Point"",""coordinates"":[81.32670879301146,19.130071440798368]}"
1914,270.0,2025-03-15,278.76544393811906,745,0,40,0.2517482517482518,3.2712268038181946E-4,2.0119220700700686,297.77494230724517,1.613699211833636,"{""type"":""Point"",""coordinates"":[81.41049274659278,22.83608573877323]}"
1915,90.0,2025-03-15,281.95371705009825,223,0,40,0.6680658701969648,1.3334027961775519E-5,0.4988402248355395,300.3267117454892,1.1664987334578372,"{""type"":""Point"",""coordinates"":[83.05685853863764,21.624231525956635]}"
1916,208.19497758758888,2025-03-15,281.9100798198155,298,0,50,0.18951965065502183,1.3334027961775519E-5,1.0522403806709522,300.45831516810824,0.8088873326486226,"{""type"":""Point"",""coordinates"":[81.32855738752355,21.141159693430637]}"
1917,263.39082172718656,2025-03-15,278.266897156125,593,0,30,0.35980810234541577,2.7400724128767706E-5,4.022573832751569,299.4164334251767,1.2773151831667506,"{""type"":""Point"",""coordinates"":[80.63752373819614,22.039135786071295]}"
1918,313.03924744255744,2025-03-15,281.56578340984527,311,0,40,0.18128237185211646,1.3334027961775519E-5,0.6794495107847704,300.55209423246833,0.728165618626968,"{""type"":""Point"",""coordinates"":[81.69419699723399,20.964977079161578]}"
1919,160.6307767125024,2025-03-15,288.40350546155656,181,0,40,0.34492428491306787,1.4317504600569464E-5,1.4743777002588832,300.738042195638,0.25682658162910765,"{""type"":""Point"",""coordinates"":[83.15433482235402,18.526543215855778]}"
1920,221.81074101073455,2025-03-15,279.48782698313397,476,0,10,0.3334136642969032,3.243808667221515E-4,13.436206705483137,297.426268804641,1.3730808172530018,"{""type"":""Point"",""coordinates"":[82.38430084016863,23.83061797961341]}"
1921,270.0,2025-03-15,279.3357971282232,550,1,10,0.5047308319738989,7.186578913120911E-5,1.0099276822291463,297.2078733898344,0.996473477935902,"{""type"":""Point"",""coordinates"":[83.23175202436211,23.324262797602646]}"
1922,115.20819291553445,2025-03-15,286.962697937375,113,0,40,0.4561354019746121,2.069520159153626E-5,1.0887067722779378,299.2324676513672,0.413472639943711,"{""type"":""Point"",""coordinates"":[84.3838918124951,19.69892435103608]}"
1923,218.3880867657057,2025-03-15,283.270791780381,339,0,10,0.5257950530035336,1.3334027961775519E-5,9.38158425394916,301.3178238641648,0.2705814198960109,"{""type"":""Point"",""coordinates"":[80.94946567731462,18.796949916945238]}"
1924,-0.0,2025-03-15,282.29760074615484,216,0,80,0.1675,1.3334027961775519E-5,1.3909630807829783,302.28572518484935,0.26489490081382844,"{""type"":""Point"",""coordinates"":[80.59839553796591,19.332931222073103]}"
1925,126.80079056789572,2025-03-15,281.2012930824643,340,0,40,0.39832568187955714,1.3334027961775519E-5,3.093608887307104,300.58562869117384,0.8600359913435122,"{""type"":""Point"",""coordinates"":[82.81657410628101,20.747771827715518]}"
1926,324.0109172029025,2025-03-15,279.6075372695923,510,0,30,0.29450347632165813,3.357355515518634E-4,1.7189088937268955,297.4920356387184,1.1834553765074998,"{""type"":""Point"",""coordinates"":[82.90033978529488,23.3712086823119]}"
1927,227.13513100252285,2025-03-15,280.75341129302984,264,0,40,0.29450984477549746,1.3334027961775519E-5,0.6816742033049052,300.6284521193732,0.9230709402093907,"{""type"":""Point"",""coordinates"":[81.81725046553848,21.857222290675665]}"
1928,313.35210063321824,2025-03-15,282.8321757089524,190,0,10,0.40580242379728243,1.3334027961775519E-5,2.0257792456639243,302.50705028715583,0.3560512622493385,"{""type"":""Point"",""coordinates"":[80.44507745181718,19.252946010842287]}"
1931,58.57616231679545,2025-03-15,280.56385353633334,396,0,40,0.2662639405204461,5.788849993138001E-5,1.7783963163756404,297.66071937197734,1.2879093430139783,"{""type"":""Point"",""coordinates"":[81.23905427310989,23.585484119123464]}"
1932,12.99702843258248,2025-03-15,278.3076977048602,456,1,10,0.30643776824034336,8.256482286839173E-5,6.6333380846423315,300.37279619489397,1.3639429858837322,"{""type"":""Point"",""coordinates"":[80.99866920310868,21.814084067868873]}"
1933,343.1804955260285,2025-03-15,281.8994829541161,605,0,40,0.23201537616694123,1.3334027961775519E-5,3.3873422790006336,300.4309597923642,0.3464085665974775,"{""type"":""Point"",""coordinates"":[81.47227503248322,19.062158810190127]}"
1934,90.0,2025-03-15,281.3714242208572,250,0,40,0.29753972321886213,1.3334027961775519E-5,0.4935838752363242,301.2699141729446,0.15508706822294643,"{""type"":""Point"",""coordinates"":[82.8269261541259,20.028801522687825]}"
1935,137.01569950238596,2025-03-15,281.4283613023304,291,0,10,0.2735150749232714,1.3334027961775519E-5,5.058257339143418,301.3571072533017,0.3383868329130569,"{""type"":""Point"",""coordinates"":[82.74418412977825,20.142476674085458]}"
1936,47.189948212561305,2025-03-15,280.5010803313483,268,0,40,0.7355870811952913,1.3334027961775519E-5,1.364562221723612,300.3238808768137,0.938394607902907,"{""type"":""Point"",""coordinates"":[82.00953788255791,22.129496030460675]}"
1937,270.0,2025-03-15,280.8608331680297,274,0,40,0.4239766081871345,1.3334027961775519E-5,1.0014648919909208,299.8389129638672,0.9408325321284517,"{""type"":""Point"",""coordinates"":[82.19144295188356,22.174840735266876]}"
1938,133.42513435009877,2025-03-15,284.485147249131,116,0,10,0.3346392425726412,1.3334027961775519E-5,0.6745997575141732,302.4909486316499,0.4660530296575332,"{""type"":""Point"",""coordinates"":[80.43202269422277,18.829018433910058]}"
1939,283.3259343993785,2025-03-15,283.98428113119945,310,0,10,0.6876790830945558,1.3334027961775519E-5,6.0138070829638215,302.0563201904297,0.3639370616935889,"{""type"":""Point"",""coordinates"":[80.83432096643794,18.65321309879064]}"
1940,324.61989947369256,2025-03-15,278.84621379488993,638,0,30,0.26258904446082043,1.3334027961775519E-5,1.7058456427168722,300.38887459891185,0.530798478789641,"{""type"":""Point"",""coordinates"":[81.25632323396611,20.152066055560308]}"
1941,-0.0,2025-03-15,286.5464032945179,63,0,60,0.10595405532114392,1.4555923179671026E-5,0.463735342881014,303.001934959775,0.6469473007536073,"{""type"":""Point"",""coordinates"":[80.70046205851209,18.13644681764143]}"
1942,75.8737778516005,2025-03-15,282.44982242584234,313,0,10,0.38821205136648007,1.3334027961775519E-5,13.06946850166634,300.7474067324684,0.7881791336252786,"{""type"":""Point"",""coordinates"":[83.07370801539565,20.809293306258738]}"
1943,45.142878881063226,2025-03-15,279.9831592468988,718,0,10,0.45650086422124064,1.3334027961775519E-5,12.299577717705647,300.0893721807571,0.5982877237754394,"{""type"":""Point"",""coordinates"":[81.08811879932531,19.497464546968555]}"
1944,343.0466704559755,2025-03-15,282.84360381535123,169,0,40,0.2635479388605836,1.3334027961775519E-5,3.389739263873773,301.75231860932854,0.47917475480220445,"{""type"":""Point"",""coordinates"":[83.53671972920138,20.404331965864344]}"
1945,139.8764177436059,2025-03-15,284.42243798573816,884,0,10,0.4168947985921001,2.7836608095554993E-4,6.0422584383683375,297.99861580984935,0.11770965868251945,"{""type"":""Point"",""coordinates"":[82.62818858737444,18.333723077180757]}"
1946,61.19935565716332,2025-03-15,279.97167882465186,633,0,10,0.6773745441917,4.470770279922931E-4,16.82582271639116,297.1681772867838,1.0920817767803914,"{""type"":""Point"",""coordinates"":[83.01046212202449,23.611509940161497]}"
1947,352.42221695731126,2025-03-15,280.91498007093156,329,0,10,0.4528230390299356,1.3334027961775519E-5,3.7373396585328362,301.8671053931827,0.44876898951365524,"{""type"":""Point"",""coordinates"":[80.37471003802212,20.014265584506898]}"
1948,329.9288591424918,2025-03-15,280.4432829448155,746,0,40,0.3565114908662345,1.3334027961775519E-5,5.873923126296231,298.9985809326172,0.1705831836619809,"{""type"":""Point"",""coordinates"":[83.02595168347631,19.601112659493527]}"
1949,57.72314025633573,2025-03-15,283.85540394555954,239,0,40,0.2889094912504346,1.3334027961775519E-5,3.4694311117118124,301.6153615315755,0.2964823747278268,"{""type"":""Point"",""coordinates"":[81.88444557032508,18.66403594982106]}"
1950,64.70858652247041,2025-03-15,287.501022202628,635,0,30,0.506578947368421,3.590928717045472E-5,6.485101482041866,298.7594858805338,0.2758720675977733,"{""type"":""Point"",""coordinates"":[84.030182879665,19.085970260734854]}"
1951,64.99267838633482,2025-03-15,281.6995550337292,295,0,40,0.1878827646544182,1.3334027961775519E-5,1.0968806265568387,300.39834376743863,0.6989916998844611,"{""type"":""Point"",""coordinates"":[81.65343651916332,21.10421384158111]}"
1952,184.31716987723792,2025-03-15,282.0339288711547,616,0,30,0.09554785841007012,1.3334027961775519E-5,6.4830998185248845,299.45991952078685,0.5278255851498936,"{""type"":""Point"",""coordinates"":[81.60598613437209,18.883550624050788]}"
1953,224.05849784645474,2025-03-15,280.8883222398304,620,0,10,0.6628022524014574,1.3307975931553528E-4,16.321947208343175,296.98376973470056,1.3743213927248639,"{""type"":""Point"",""coordinates"":[82.40358593231002,23.910872576198194]}"
1954,226.69473847454117,2025-03-15,280.59008121490484,623,0,10,0.7435616438356164,1.3334027961775519E-5,0.6760955869579538,300.19166128976,0.4562456216241752,"{""type"":""Point"",""coordinates"":[82.31494062078083,19.519737743814943]}"
1955,203.1372207689098,2025-03-15,280.24566273462204,394,0,30,0.15362165030512073,1.3334027961775519E-5,2.5199181090226994,301.2241668701172,0.6907780425276041,"{""type"":""Point"",""coordinates"":[80.67469896495365,20.593007033536836]}"
1956,90.0,2025-03-15,279.0614760716756,605,0,10,0.4680607743832707,2.672200123825519E-4,1.0114302289525972,296.5392768496559,1.1257445347812016,"{""type"":""Point"",""coordinates"":[83.70745329177619,23.521147504202567]}"
1957,270.0,2025-03-15,280.15721988677984,620,0,40,0.33450513791238506,1.3334027961775519E-5,0.9860912924366444,299.8460453578404,0.7725135449876812,"{""type"":""Point"",""coordinates"":[81.70186879511182,19.867392262855017]}"
1958,331.7301826621302,2025-03-15,281.7852425802322,360,0,10,0.3337507827175955,1.3334027961775519E-5,1.0529784407532472,300.40315682547435,1.192957117464155,"{""type"":""Point"",""coordinates"":[83.23485366445632,21.600383818388888]}"
1959,132.8221977244112,2025-03-15,279.8377735047114,324,0,40,0.36276674025018396,6.396817369846985E-5,0.6822217808253676,300.0849078950428,1.3853351026433582,"{""type"":""Point"",""coordinates"":[81.3697667562985,22.06942957342447]}"
1960,133.3281820065723,2025-03-15,280.7543413525536,581,0,10,0.26684799032940465,1.3334027961775519E-5,1.3514296755133246,300.1569468180338,0.4112719773672387,"{""type"":""Point"",""coordinates"":[82.295370900838,19.38948339999369]}"
1961,301.69831638287235,2025-03-15,279.29421765463695,585,1,10,0.3747086247086247,1.3334027961775519E-5,1.7645895639094813,299.87622578938806,1.3139077070709684,"{""type"":""Point"",""coordinates"":[80.24305389131767,22.12593484149109]}"
1962,312.6135019960045,2025-03-15,278.653121812003,776,0,30,0.1774193548387097,1.3728188677220032E-4,0.6849180707628474,297.47727675665,1.2830389631109187,"{""type"":""Point"",""coordinates"":[80.76097195116574,23.076652810441207]}"
1963,85.47814326106858,2025-03-15,285.3405753090268,189,0,10,0.4229864785420341,1.3334027961775519E-5,5.8616191023796915,303.36864580426897,0.4972937276162389,"{""type"":""Point"",""coordinates"":[80.99680026162957,18.372489728623012]}"
1964,294.91674594291385,2025-03-15,280.71200039273214,301,0,40,0.2944927536231884,1.3334027961775519E-5,1.100611057379058,300.2719428652809,1.0115779935620068,"{""type"":""Point"",""coordinates"":[80.34047458892388,21.708674100953846]}"
1965,208.96829837694256,2025-03-15,282.0339288711547,646,0,10,0.15094178811898065,1.3334027961775519E-5,21.23395164245298,299.45991952078685,0.5278255851498936,"{""type"":""Point"",""coordinates"":[81.63495496866226,18.87722126157079]}"
1966,199.48687638151202,2025-03-15,280.7666355768839,610,0,30,0.4304789550072569,1.3334027961775519E-5,4.418534848593735,299.61137971423926,0.6044413655712197,"{""type"":""Point"",""coordinates"":[81.59419986891504,19.611598027772267]}"
1967,90.0,2025-03-15,280.80868008023214,224,0,40,0.31235247836349334,1.3334027961775519E-5,1.0002011795850043,300.7569630940755,0.8378269587718394,"{""type"":""Point"",""coordinates"":[83.95791123547569,21.99536894494956]}"
1968,148.76120581299432,2025-03-15,285.25136516207743,498,0,30,0.6492681579674123,2.9755107597395636E-5,7.549380737807067,298.38226536342074,0.5076998630472159,"{""type"":""Point"",""coordinates"":[84.15111722506722,19.592522927531416]}"
1969,227.1647968300278,2025-03-15,280.27883679526195,295,0,10,0.40995697602950215,1.3334027961775519E-5,2.0453915955586295,300.51050313313806,1.1477404629955925,"{""type"":""Point"",""coordinates"":[81.56810531945388,22.00482568942662]}"
1970,252.45847166591608,2025-03-15,283.7096461795625,1035,0,40,0.2766761095372993,1.3334027961775519E-5,4.60601207479998,296.8215731666201,0.25128828087219235,"{""type"":""Point"",""coordinates"":[82.94224131404455,18.506857252813866]}"
1971,75.94231282293039,2025-03-15,279.4561758949643,543,0,30,0.28896152131926905,2.2691957191511847E-5,5.708674840709701,297.31844002859935,1.0753669304490006,"{""type"":""Point"",""coordinates"":[83.26894378988621,23.34639758879797]}"
1972,313.21698343962385,2025-03-15,278.58265817733036,660,0,40,0.2621542083578576,1.3334027961775519E-5,1.354217461993283,300.16103907993863,0.8980420042445292,"{""type"":""Point"",""coordinates"":[81.97930147562943,20.012000004940944]}"
1973,90.0,2025-03-15,281.964156968253,303,0,30,0.27453682437605265,1.3334027961775519E-5,2.9791753334466473,300.2335139683314,0.6833730297657112,"{""type"":""Point"",""coordinates"":[81.8811236390278,21.07160982904181]}"
1974,-0.0,2025-03-15,281.4055922826131,416,0,40,0.27677651905252315,0.0012362723271408527,1.3909630807829783,297.22985185895647,1.3221021578831604,"{""type"":""Point"",""coordinates"":[83.06157777372574,23.949042524462246]}"
1975,58.59064626959744,2025-03-15,279.7934852327619,475,0,40,0.3813873117748704,3.178166551975892E-5,1.7791320228049554,297.7078675769625,1.1250520982709293,"{""type"":""Point"",""coordinates"":[81.65803531811008,23.66068503169186]}"
1976,238.4466855037828,2025-03-15,278.5639697937738,742,0,30,0.19137466307277629,3.5272287531284974E-4,3.5403205687488613,296.8750515892392,1.4661800923933792,"{""type"":""Point"",""coordinates"":[81.27002915846649,22.909178389496983]}"
1977,294.6466955743989,2025-03-15,278.74734265463695,638,0,40,0.20261158086267794,1.9810842676548646E-4,2.2229672191706595,296.27754066103984,1.5347297818822296,"{""type"":""Point"",""coordinates"":[84.08783227690171,23.415673411837755]}"
1978,84.33398433466874,2025-03-15,280.44220175061906,716,0,10,0.5491788485832882,1.3334027961775519E-5,9.311410885770703,300.6767222086589,0.654241127065714,"{""type"":""Point"",""coordinates"":[81.29572462135198,19.518292692360703]}"
1979,151.48652928353246,2025-03-15,278.7227716445923,700,0,40,0.164578111946533,1.4282511873631165E-4,2.1100862826204385,297.5592382521856,1.2940318055177427,"{""type"":""Point"",""coordinates"":[80.9294277544676,23.019841735713108]}"
1980,339.9561379676136,2025-03-15,280.6239818845476,360,0,40,0.7216194760518656,7.344531221775696E-5,1.4806062709984564,297.5199955531529,1.2503084807057596,"{""type"":""Point"",""coordinates"":[80.59492378828138,23.985458479657417]}"
1981,199.5422089280315,2025-03-15,282.191201936631,216,0,30,0.16984275747162345,1.3334027961775519E-5,1.4759502958121966,300.9668193998791,0.16092332879152582,"{""type"":""Point"",""coordinates"":[82.84878504418484,20.098291608975916]}"
1982,342.89142472509855,2025-03-15,278.0930341538929,616,0,30,0.2988155668358714,7.290887041477845E-5,3.392547322727071,300.1961895170666,1.3216273802480913,"{""type"":""Point"",""coordinates"":[80.80960254700214,21.83835769019116]}"
1983,121.81231908580646,2025-03-15,281.30364613305954,230,0,10,0.3289679715302491,1.3334027961775519E-5,1.7589296220610429,300.60016087123324,1.1738991514998998,"{""type"":""Point"",""coordinates"":[83.30506208881064,21.488618361420315]}"
1984,-0.0,2025-03-15,280.3693432126726,301,0,40,0.33449985418489353,1.3334027961775519E-5,0.0,300.4432714553106,0.9678489834817848,"{""type"":""Point"",""coordinates"":[80.36691150324927,21.56943881767515]}"
1985,65.02786932637251,2025-03-15,281.869924499875,174,0,40,0.3778696051423324,1.3334027961775519E-5,1.0983266599765042,301.43236650739397,0.840004547587824,"{""type"":""Point"",""coordinates"":[83.56345873824468,21.34066637708807]}"
1986,90.0,2025-03-15,279.04484544481545,528,0,10,0.5730337078651685,3.798054857639954E-5,2.0052288466499375,299.57907177153083,1.221539259056056,"{""type"":""Point"",""coordinates"":[81.81611512856597,22.377036568835404]}"
1987,212.5703351918062,2025-03-15,279.03128401438397,813,0,30,0.26379891163513863,1.3334027961775519E-5,2.7493313696133286,299.78539966401604,0.6495521701092505,"{""type"":""Point"",""coordinates"":[81.45363731922282,20.071165776846136]}"
1988,65.00626187489368,2025-03-15,281.71717966170536,296,0,30,0.31660175969998555,1.3334027961775519E-5,1.0974382862182246,300.48866417294454,0.6697472991980575,"{""type"":""Point"",""coordinates"":[81.67564546911466,21.196567966782226]}"
1989,69.30168156020076,2025-03-15,282.01890259697325,590,0,30,0.5865188211263496,1.3334027961775519E-5,2.622294793066045,299.34352838425406,0.3505224537159207,"{""type"":""Point"",""coordinates"":[82.58541123554332,19.16349615238488]}"
1990,226.94930213208434,2025-03-15,280.87580712636316,188,0,10,0.3286198261894241,1.3334027961775519E-5,0.6793041558612428,302.13574146089104,0.8006892422133155,"{""type"":""Point"",""coordinates"":[83.44270151837192,20.905076582451976]}"
1991,90.0,2025-03-15,277.54600801922027,797,0,30,0.24987916868052198,7.922696276096985E-5,4.523254772614021,296.4129980178106,1.8159277957723974,"{""type"":""Point"",""coordinates"":[83.97188426146633,22.956291453172714]}"
1992,227.0846733723772,2025-03-15,281.3055818194435,275,0,40,0.6308122131311116,1.3334027961775519E-5,1.3618642764295004,300.42163594563806,0.6544414860055784,"{""type"":""Point"",""coordinates"":[81.75615008104155,21.603239157716136]}"
1993,115.32196748237484,2025-03-15,286.68707479749406,162,0,40,0.6804095931015899,1.6016236976668097E-5,1.0841367443779184,299.8543577648344,0.17081282600986328,"{""type"":""Point"",""coordinates"":[83.34712349226697,18.85619238821728]}"
1994,114.9112483447976,2025-03-15,282.43308716728575,207,0,60,0.09848042080654588,1.3334027961775519E-5,1.1008383858241608,300.3826897030785,1.1508838322248816,"{""type"":""Point"",""coordinates"":[83.01044595048566,21.744169413958865]}"
1995,46.920726755500915,2025-03-15,282.8395580564226,127,0,40,0.248284625158831,1.3334027961775519E-5,0.6789418013077384,301.624493553525,0.4939475691039055,"{""type"":""Point"",""coordinates"":[83.94148048823126,20.755139457138025]}"
1996,28.273489759006427,2025-03-15,282.04889701661614,260,0,10,0.37988826815642457,1.3334027961775519E-5,2.1053185836179593,300.251714070638,1.0012647480900263,"{""type"":""Point"",""coordinates"":[83.57418564328437,21.62322147138331]}"
1997,-0.0,2025-03-15,284.58885469890777,120,0,10,0.3617929562433298,1.3334027961775519E-5,0.463735342881014,303.11699494861426,0.48743931819083314,"{""type"":""Point"",""coordinates"":[80.21525974971718,18.827221795449706]}"
1998,231.1625488925328,2025-03-15,278.7237598328364,583,0,10,0.3438485804416404,1.2610601587681458E-4,10.242380232483868,298.06541733514706,1.1863791214210015,"{""type"":""Point"",""coordinates"":[80.39187887274072,23.057358427831513]}"
1999,348.13474208140644,2025-03-15,286.36526257651195,242,0,10,0.38389575676578686,1.4585725502058722E-5,20.41410050104645,302.38592165992367,0.669416746543547,"{""type"":""Point"",""coordinates"":[80.63926340671674,17.837838646253193]}"
2000,98.55694192964751,2025-03-15,286.7180167152768,354,0,10,0.7335001563966218,1.6016236976668097E-5,20.845861449252432,299.67864045642676,0.22904852891104716,"{""type"":""Point"",""coordinates"":[83.4208480041638,18.951419191744407]}"
2001,90.0,2025-03-15,280.792776062375,257,0,10,0.4013487809095625,1.3334027961775519E-5,1.4987246928878277,301.13954889206656,1.082237960879228,"{""type"":""Point"",""coordinates"":[83.59164008102802,21.86457361824197]}"
2002,290.1092562120879,2025-03-15,278.8008966445923,524,0,30,0.24213193023482413,8.381652040867493E-5,2.695682802013669,297.81035432361426,1.1817677950526564,"{""type"":""Point"",""coordinates"":[81.98524493041906,23.747334134501624]}"
2003,46.8015453056046,2025-03-15,283.2086231140863,217,0,10,0.4382537017249275,1.3334027961775519E-5,1.3546835983400496,301.2676704043434,0.4764408409536257,"{""type"":""Point"",""coordinates"":[83.34504943944519,20.113445842340834]}"
2004,153.95050293422693,2025-03-15,282.2066118603661,298,0,10,0.3424503559385538,1.3334027961775519E-5,5.659521041866736,300.06652178083147,0.7804265092262965,"{""type"":""Point"",""coordinates"":[82.53228121454227,21.577669943811717]}"
2005,84.76921996455125,2025-03-15,289.01685646602084,1070,0,30,0.3498603351955307,3.684806032566712E-5,28.043419349682782,299.7305319649833,0.28441555551856357,"{""type"":""Point"",""coordinates"":[83.98155565902668,18.914039834413142]}"
2006,180.0,2025-03-15,278.84820760999406,414,0,40,0.2462784588441331,1.3334027961775519E-5,0.4637353428839794,299.0878201439267,1.4129864713665412,"{""type"":""Point"",""coordinates"":[84.24043418523665,22.635569632526142]}"
2007,270.0,2025-03-15,282.15427276066373,316,0,40,0.29299638989169674,1.3334027961775519E-5,0.9876400989628159,300.8990587506975,0.34055884202612435,"{""type"":""Point"",""coordinates"":[83.61012947231482,20.114603339272566]}"
2008,270.0,2025-03-15,283.35764190128873,304,0,10,0.3841695345046187,1.3334027961775519E-5,0.980314566153632,301.9759281703404,0.3839039054094502,"{""type"":""Point"",""coordinates"":[80.55450160120778,18.911077373580973]}"
2009,270.0,2025-03-15,281.46018096378873,584,0,40,0.23628562672387374,1.3334027961775519E-5,1.9763185126291787,297.6836279006231,0.7233669865044522,"{""type"":""Point"",""coordinates"":[84.34187380941243,20.2431411755239]}"
2010,85.23572032613103,2025-03-15,286.6721996579851,574,0,10,0.4808787632221318,3.641592665104554E-5,16.296322555724622,297.4564724876767,0.4911703965954057,"{""type"":""Point"",""coordinates"":[84.32699723018706,19.166190014069606]}"
2011,295.420915354467,2025-03-15,286.2457441148304,103,0,10,0.40385327899221934,1.3691655830427862E-5,1.0801967908733878,303.3907521565755,0.8126746148467362,"{""type"":""Point"",""coordinates"":[80.89870987717435,18.09113467053684]}"
2012,63.67188074039088,2025-03-15,281.2234226862589,289,0,10,0.28216084236227684,1.3334027961775519E-5,17.236117891703806,300.5636444091797,1.1464562059169379,"{""type"":""Point"",""coordinates"":[83.1969523049474,21.335289121984726]}"
2013,133.48301469061195,2025-03-15,292.7319211051577,48,0,40,0.3736439055520102,1.689540548710511E-5,0.6738809206741807,300.7448955717541,0.7855441943685694,"{""type"":""Point"",""coordinates"":[83.75403476856877,18.48635628412561]}"
2014,257.1095877422564,2025-03-15,280.76592640649704,389,0,40,0.7050321199143469,2.644781987228839E-4,2.0778537147287106,297.6361541748047,1.0195300182388574,"{""type"":""Point"",""coordinates"":[80.69629574975387,23.735140489865714]}"
2015,342.9208156119039,2025-03-15,280.74351197197325,280,0,30,0.17953321364452424,1.3334027961775519E-5,3.392013441848995,301.1019628615607,0.7711978693816709,"{""type"":""Point"",""coordinates"":[81.55564570886138,21.576504820767536]}"
2016,57.653462930934666,2025-03-15,284.60060832613993,186,1,10,0.32642140468227426,1.3334027961775519E-5,5.186296212698458,303.0091254824684,0.4270834267129087,"{""type"":""Point"",""coordinates"":[80.35351547473519,18.200798815164184]}"
2017,194.90022706340696,2025-03-15,279.600875718253,650,0,40,0.25165811537980226,1.3334027961775519E-5,1.9188081499559488,299.23780968075704,0.5914654665226476,"{""type"":""Point"",""coordinates"":[81.35151625110403,20.023326526132287]}"
2018,156.47066454954333,2025-03-15,278.807412874131,760,0,40,0.22204934429873305,1.6446160478977845E-4,2.527358470429291,296.1846277146113,1.750593507207382,"{""type"":""Point"",""coordinates"":[84.09033366761095,23.270319243870137]}"
2019,256.62232253431716,2025-03-15,290.8906880787441,93,0,10,0.6295379537953796,1.7167376680760071E-4,2.003538297888739,300.0662602015904,0.4131135912760858,"{""type"":""Point"",""coordinates"":[82.97195539687718,17.957002072890276]}"
2020,180.0,2025-03-15,279.61737264905656,645,0,40,0.6330157095029616,1.3334027961775519E-5,1.8543341688414132,299.95704796200704,0.862183843201939,"{""type"":""Point"",""coordinates"":[82.08010321306585,19.776350664029117]}"
2021,11.501128264157702,2025-03-15,283.1961893808274,245,0,10,0.4063053489195891,1.3334027961775519E-5,12.120357824412734,302.22407967703685,0.41892251674509995,"{""type"":""Point"",""coordinates"":[80.40790890658873,19.068920493786713]}"
2022,25.421516068098853,2025-03-15,280.0248666036697,397,0,10,0.47401869158878507,1.3334027961775519E-5,4.611175147764752,301.0806121826172,0.7329119248089803,"{""type"":""Point"",""coordinates"":[80.49846696005064,20.756730557774706]}"
2023,312.4982315572024,2025-03-15,280.3491144180298,406,0,10,0.3744517543859649,1.0569142504124329E-4,5.474901523737816,297.72073146275113,1.297052509405203,"{""type"":""Point"",""coordinates"":[81.25555439140506,23.613062018801593]}"
2024,350.78047608887164,2025-03-15,277.35217198871425,919,0,40,0.2922173274596182,2.7493881388096497E-4,9.313389954601783,298.1970672607422,1.6903096237646336,"{""type"":""Point"",""coordinates"":[81.18446673944845,22.461771872964718]}"
2025,64.84560157420904,2025-03-15,279.12018026624406,537,0,30,0.2122705433041764,1.3334027961775519E-5,2.180974675301101,300.7757677350725,0.918218950773313,"{""type"":""Point"",""coordinates"":[82.05543197181152,20.084720725412193]}"
2026,270.0,2025-03-15,279.56624843960714,477,0,30,0.3131683470821876,6.24482552566974E-5,1.0106174992720562,297.6957884288969,1.4070450348729338,"{""type"":""Point"",""coordinates"":[81.54285816026254,23.415242159314985]}"
2027,44.74512323197315,2025-03-15,284.671426546006,271,0,10,0.6491338582677165,1.466023130802796E-5,10.964110067758924,302.5111774262928,0.4118423702603188,"{""type"":""Point"",""coordinates"":[81.77363239592968,18.27018450201143]}"
2028,312.605711309089,2025-03-15,279.4700512204851,510,0,40,0.48585365853658535,2.2180127306370423E-4,0.6850193131321796,297.33316403343554,1.1531739888417882,"{""type"":""Point"",""coordinates"":[82.76917809524049,23.11301925625128]}"
2029,47.196034720275115,2025-03-15,279.71258167993454,350,0,40,0.3752310536044362,1.386527936020343E-4,2.046594359622561,299.8363785516648,1.5404671752740184,"{""type"":""Point"",""coordinates"":[81.3317504989325,22.158806145068144]}"
2030,160.52138476475957,2025-03-15,282.44678810664584,282,0,40,0.28710166919575114,1.3334027961775519E-5,1.4753702193627019,301.0271337599981,0.31349192731826375,"{""type"":""Point"",""coordinates"":[82.70899378818619,19.537886408237352]}"
2031,69.25148253868193,2025-03-15,277.579635483878,827,0,10,0.2830788804071247,2.530341069260089E-4,9.086256120272523,296.6990087599981,1.3527274932279907,"{""type"":""Point"",""coordinates"":[81.16209774979563,23.06935844986047]}"
2032,283.00766236498845,2025-03-15,279.01809460776195,580,0,40,0.2874648679033165,1.3334027961775519E-5,2.0594585741878277,298.1191864013672,1.4263515799470736,"{""type"":""Point"",""coordinates"":[83.61141388265146,22.476001755072396]}"
2033,72.59310460096727,2025-03-15,279.75803833916075,580,0,40,0.25113209988355545,1.3334027961775519E-5,4.640371334927645,299.80312892368863,0.8657712054491518,"{""type"":""Point"",""coordinates"":[82.24181930198907,19.857493817220853]}"
2034,312.8583078417774,2025-03-15,280.2293692543393,275,0,40,0.5741983594332588,1.3334027961775519E-5,0.6817583173081451,300.7550564720517,1.0606072443085526,"{""type"":""Point"",""coordinates"":[81.58862247258902,21.889427966875854]}"
2035,313.0790631748863,2025-03-15,280.3768941334316,333,0,40,0.22947459272844967,1.3334027961775519E-5,2.036071235350009,301.1529301234654,0.8105771014645381,"{""type"":""Point"",""coordinates"":[80.67866954369008,20.756398307295143]}"
2036,107.09647598639718,2025-03-15,278.0163042431785,777,0,40,0.2818968761761385,2.6388215227513E-4,1.5770662041337071,297.3072211855934,1.6946397955761539,"{""type"":""Point"",""coordinates"":[81.44670702146979,22.6734295048464]}"
2037,203.57107825360646,2025-03-15,280.4719287781489,424,0,10,0.4997655150851962,6.139998356857745E-4,2.5281600982688133,297.41259111676897,1.3484198356203907,"{""type"":""Point"",""coordinates"":[82.83045177735966,23.534049532888588]}"
2038,331.4805833068931,2025-03-15,279.2695303871518,604,0,40,0.3079306782967979,8.432315988926575E-5,1.0554604977114324,297.3609321230934,1.070722795815028,"{""type"":""Point"",""coordinates"":[83.23543277471217,23.05282470579432]}"
2039,50.96969730701468,2025-03-15,283.53574830009825,1111,0,30,0.4331806413065126,3.142778794327228E-4,20.442166959974116,296.443858555385,0.15456880716257618,"{""type"":""Point"",""coordinates"":[82.48030051316249,18.11596784014581]}"
2040,331.52619727002843,2025-03-15,278.4220020203364,760,0,40,0.27483870967741936,3.573720376053302E-4,1.0550045361109537,297.6236041841053,1.7284978903791037,"{""type"":""Point"",""coordinates"":[81.48494971825859,22.795949683855703]}"
2041,227.19197604693716,2025-03-15,278.1725135530744,604,0,10,0.48552821997105644,1.3334027961775519E-5,2.7276822796806135,299.2782440185547,1.2312709051928885,"{""type"":""Point"",""coordinates"":[80.39523256374669,22.139362040598773]}"
2042,196.96466302278444,2025-03-15,280.05028048015777,495,0,30,0.2651665563644386,1.3334027961775519E-5,3.389943264880089,299.7349206833613,0.6653792924628217,"{""type"":""Point"",""coordinates"":[84.24119806636168,20.512518817184787]}"
2043,35.28469686267476,2025-03-15,280.7534868603661,596,0,30,0.27775073028237585,1.3334027961775519E-5,1.7038344769101421,299.54719398135234,0.6146041743325468,"{""type"":""Point"",""coordinates"":[81.66536204356603,19.592505210419937]}"
2044,28.36732785863854,2025-03-15,280.63933949243454,290,0,40,0.5363046662481691,1.3334027961775519E-5,1.053944331116888,299.9994354248047,0.9627734637911777,"{""type"":""Point"",""coordinates"":[82.06887639289224,22.182006690138394]}"
2045,107.12888839099101,2025-03-15,277.3467950820923,689,0,10,0.6546828486375086,2.5610374613194153E-4,1.5741726207522504,298.4929715111142,1.704941787401712,"{""type"":""Point"",""coordinates"":[81.0515516931282,22.395858720386517]}"
2046,270.0,2025-03-15,279.9404230117797,404,0,10,0.3557833089311859,1.3334027961775519E-5,1.9808502597211122,301.07074773879276,0.649324873824387,"{""type"":""Point"",""coordinates"":[81.7581032678875,20.595721885658463]}"
2048,218.37220907359026,2025-03-15,284.56135400136316,146,0,40,0.3285302593659942,1.3334027961775519E-5,2.3647208654997676,302.2837720598494,0.42837146426805156,"{""type"":""Point"",""coordinates"":[80.58477610887321,18.70034691745349]}"
2049,107.25174905268945,2025-03-15,280.8155973979405,443,0,40,0.26429404900816805,1.3334027961775519E-5,4.680637743604113,299.9457709902809,1.0277798923855344,"{""type"":""Point"",""coordinates"":[80.79451990676293,21.310633540997497]}"
2050,270.0,2025-03-15,283.84537674131843,200,0,30,0.2556926820789153,1.3334027961775519E-5,1.4967940473389112,300.69562566848026,0.9151072620468919,"{""type"":""Point"",""coordinates"":[83.77122574272205,21.679180904152695]}"
2051,115.42161887377911,2025-03-15,286.5464032945179,77,0,40,0.8406183368869936,1.4555923179671026E-5,1.0801688918369927,303.001934959775,0.6469473007536073,"{""type"":""Point"",""coordinates"":[80.68256909498983,18.085164540104806]}"
2052,100.54238368945673,2025-03-15,278.6168727420625,681,0,10,0.6444249341527656,1.7983190254255987E-5,7.559752975338612,300.19213794526604,1.0429540743018517,"{""type"":""Point"",""coordinates"":[80.72962557033449,21.48387001198029]}"
2053,270.0,2025-03-15,280.55649444035123,289,0,10,0.6583641330547967,1.3542644218489386E-5,0.501794145927771,299.3944084530785,1.4560127297557568,"{""type"":""Point"",""coordinates"":[82.69452339029924,22.458789621058447]}"
2054,331.614533397656,2025-03-15,281.0107355117798,295,0,40,0.16273584905660377,1.3334027961775519E-5,1.0541245367680767,300.06829470679867,1.2528507448186614,"{""type"":""Point"",""coordinates"":[82.61233255989502,22.287443966930766]}"
2055,84.30591280992654,2025-03-15,283.82554322197325,393,0,10,0.698069241011984,1.3334027961775519E-5,9.266451870902692,301.68252345493863,0.30908981052491663,"{""type"":""Point"",""coordinates"":[80.93163535457795,18.69492602944713]}"
2056,199.56820494207253,2025-03-15,280.2883408410209,356,0,30,0.23802647412755715,1.3334027961775519E-5,2.9504189585539344,301.57860674176897,0.5894143829514397,"{""type"":""Point"",""coordinates"":[80.66892467237781,20.3225138592208]}"
2057,234.14763470977158,2025-03-15,278.96604033878873,772,0,10,0.26,1.3334027961775519E-5,20.46146546417189,300.4612274169922,0.8323608805874861,"{""type"":""Point"",""coordinates"":[82.51137318408118,20.49215036058212]}"
2058,333.80831686115204,2025-03-15,281.57207875024704,264,0,10,0.6313677060821241,1.3334027961775519E-5,12.214960582282087,301.0004701160249,0.6740420827244639,"{""type"":""Point"",""coordinates"":[84.1849033985054,21.283468194883536]}"
2059,208.12691067690963,2025-03-15,280.01922811780656,390,0,10,0.34225883968417437,1.3334027961775519E-5,1.051571567810215,301.27053033737906,0.6419684910881892,"{""type"":""Point"",""coordinates"":[80.50779386849662,20.71341815192568]}"
2060,36.9544200550723,2025-03-15,284.364297639756,178,1,10,0.3875788774493524,1.3334027961775519E-5,4.055485451963286,303.17450750441776,0.46418515517808495,"{""type"":""Point"",""coordinates"":[80.31071904841272,18.29382490339658]}"
2062,67.29069341242193,2025-03-15,280.48062483469647,499,0,10,0.5307338668482888,7.588093201675861E-4,18.543990325937667,297.58474513462613,1.1492525941971967,"{""type"":""Point"",""coordinates"":[83.02448026424213,23.727468387616646]}"
2063,101.8867394140066,2025-03-15,283.64980847494945,892,0,10,0.41238938053097346,1.3334027961775519E-5,4.49363409453881,297.66653224400113,0.24008796149652745,"{""type"":""Point"",""coordinates"":[82.80469876684289,18.69985827571433]}"
2064,301.86754666935656,2025-03-15,282.3822884786697,158,0,40,0.5887223092414411,1.3334027961775519E-5,1.7562032381827126,301.34079052153083,0.690465255381081,"{""type"":""Point"",""coordinates"":[83.6830980831627,21.173400933954866]}"
2065,221.80209186969887,2025-03-15,281.3553806940714,447,0,10,0.47995764634699745,7.161323945084064E-4,6.810837424621481,297.51685660226013,1.3040885351397653,"{""type"":""Point"",""coordinates"":[82.6557120768826,23.791071315403066]}"
2066,226.97159956289013,2025-03-15,283.2106576192947,144,0,30,0.297304618718678,1.3334027961775519E-5,1.3589834157309717,301.1329570951916,0.4865865199568912,"{""type"":""Point"",""coordinates"":[84.33517027688315,21.02175512428403]}"
2067,126.4340317018829,2025-03-15,279.5398114976429,451,0,40,0.2735302235716257,4.08117692032306E-5,3.120318957272428,297.92151968819763,1.5949171297164704,"{""type"":""Point"",""coordinates"":[83.80331330690377,22.672106384163033]}"
2068,244.95285049985904,2025-03-15,282.7488946914672,112,0,40,0.30850091407678243,1.3334027961775519E-5,1.0952491394930064,301.4813457670666,0.5064625817533749,"{""type"":""Point"",""coordinates"":[84.18317686869514,20.83372324014641]}"
2069,99.48808753485545,2025-03-15,278.2601193473452,742,0,40,0.2372670807453416,1.748626153030841E-4,11.111620305892968,296.8859507242838,1.3379963494365732,"{""type"":""Point"",""coordinates"":[81.17939143450414,23.18943150995591]}"
2070,132.85218182903577,2025-03-15,281.9012849444435,222,0,40,0.7296967850068566,1.3334027961775519E-5,1.3634806943157358,300.09888785226,1.088388136885161,"{""type"":""Point"",""coordinates"":[82.91722100272041,21.920439919837968]}"
2071,180.0,2025-03-15,279.2780346189226,473,0,40,0.2026987386330302,6.545828981785462E-5,0.4637353428839794,298.9258735293434,1.4097802084394304,"{""type"":""Point"",""coordinates"":[80.52361549468503,22.66951403872653]}"
2072,190.2507658981279,2025-03-15,277.50721291133334,800,0,40,0.24480104797773047,3.662531296768634E-4,2.825313943889629,297.01915268670945,1.7600476963026985,"{""type"":""Point"",""coordinates"":[81.55661190304065,22.8375623545545]}"
2073,90.0,2025-03-15,282.23727476029177,272,0,40,0.2774590737372324,1.3334027961775519E-5,0.9963653807070468,300.16532316662017,0.568043026599475,"{""type"":""Point"",""coordinates"":[82.0109548594352,21.443107788298175]}"
2074,218.74397852779964,2025-03-15,280.43372658320834,335,0,30,0.21909966172261255,1.3334027961775519E-5,2.3769689656820945,300.7573583693731,0.9525357749150963,"{""type"":""Point"",""coordinates"":[82.48130705952534,20.82332740518619]}"
2075,187.9306000338679,2025-03-15,280.0983180545625,368,0,10,0.26918633437861034,1.3334027961775519E-5,10.644948021735994,301.8641931442988,0.6729951540934349,"{""type"":""Point"",""coordinates"":[82.18565070990648,20.55717498013088]}"
2076,259.5341085052581,2025-03-15,278.8650591259911,428,0,10,0.3286764705882353,1.3334027961775519E-5,2.5512718611006298,299.1004573277065,1.3521545248134703,"{""type"":""Point"",""coordinates"":[84.09819366455734,22.5389452492549]}"
2077,90.0,2025-03-15,281.55426811036614,217,0,40,0.23506594259115593,1.3334027961775519E-5,1.9969994892373908,300.5687829880488,1.199243590791709,"{""type"":""Point"",""coordinates"":[83.16374161053996,21.796414799150234]}"
2078,86.84291619689637,2025-03-15,277.9994120370774,705,0,10,0.4163750874737579,2.2811936540989564E-4,23.79241520516606,296.7821153913225,1.3254020511489109,"{""type"":""Point"",""coordinates"":[81.07256635791516,23.1775558049477]}"
2079,35.53673838908126,2025-03-15,280.6315734954108,318,0,40,0.21001129092961987,1.3334027961775519E-5,3.4153000708326537,300.7245912097748,1.005935976777851,"{""type"":""Point"",""coordinates"":[82.4852026468024,21.034497379491057]}"
2081,263.43767536177705,2025-03-15,278.6977065404256,659,0,30,0.15566944266495836,1.5245126886753724E-4,4.051072265826695,297.80207098098026,1.324726684624027,"{""type"":""Point"",""coordinates"":[80.80780616058858,23.02954635306672]}"
2082,294.9428388984002,2025-03-15,282.15145933060415,259,0,40,0.25947222507444295,1.3334027961775519E-5,1.099533517374463,300.24512227376306,0.504469820391758,"{""type"":""Point"",""coordinates"":[82.10281440827164,21.5360918659175]}"
2083,114.99876679476482,2025-03-15,282.45872193291075,270,0,30,0.2198485362269696,1.3334027961775519E-5,1.0972317647854275,300.2242133730934,0.6656752450678521,"{""type"":""Point"",""coordinates"":[82.00855195162411,21.162310475200485]}"
2084,-0.0,2025-03-15,282.58472755977084,246,0,40,0.19907318015060824,1.3334027961775519E-5,0.0,300.10768854050406,0.7677014569014888,"{""type"":""Point"",""coordinates"":[82.49963157187996,21.807888010551864]}"
2085,72.42621938762558,2025-03-15,285.9887105396816,166,0,10,0.3147992137040157,1.3334027961775519E-5,1.5355506433377484,302.42121741885234,0.777590522775303,"{""type"":""Point"",""coordinates"":[81.36976140113951,18.16798261356857]}"
2086,275.3800302895269,2025-03-15,280.2199000858125,636,0,40,0.32993394367829415,1.3334027961775519E-5,4.933790167326672,299.67827424548926,0.5182945070338182,"{""type"":""Point"",""coordinates"":[82.40067694324969,19.64999637638861]}"
2087,265.7397006438577,2025-03-15,281.95750122978575,373,0,10,0.3428815004262575,1.3334027961775519E-5,12.29294727955203,300.3597579229446,1.1388522295496146,"{""type"":""Point"",""coordinates"":[83.13636238709408,21.382430034005857]}"
2088,107.32612099316121,2025-03-15,282.4519848142351,179,0,30,0.26045340050377835,1.3334027961775519E-5,1.5568018476077277,301.5052831740607,0.48271552582926347,"{""type"":""Point"",""coordinates"":[83.51711404259527,20.626907177043652]}"
2089,327.26373303501606,2025-03-15,282.9952790850685,164,0,10,0.6442322991249005,1.3334027961775519E-5,5.49618850112084,301.02466910225996,0.47562435212273646,"{""type"":""Point"",""coordinates"":[84.35132138598567,21.04544169912421]}"
2090,151.0296314348975,2025-03-15,283.1968578611101,1205,0,10,0.3638535031847134,5.760316769638507E-4,19.369531606675114,295.5738518124535,0.1395388517247981,"{""type"":""Point"",""coordinates"":[82.58937037633915,18.07345281138995]}"
2091,90.0,2025-03-15,281.92556531088695,185,0,40,0.3138586956521739,1.3334027961775519E-5,2.97707096976883,301.0616912841797,0.9673662663022142,"{""type"":""Point"",""coordinates"":[83.1311598675985,20.96655374726451]}"
2092,208.2315263141355,2025-03-15,281.88593896230066,275,0,40,0.2705656298787078,1.3334027961775519E-5,1.0526004659567838,300.35913013276604,0.6121518884345322,"{""type"":""Point"",""coordinates"":[81.82031392198351,21.366739422249747]}"
2093,-0.0,2025-03-15,280.8846485047113,391,0,40,0.7014399059653247,1.0762857599644349E-4,1.390963080774087,297.5902673630488,1.1620042070774876,"{""type"":""Point"",""coordinates"":[80.72516349327893,23.86285885645386]}"
2094,132.94505312395978,2025-03-15,282.31135400136316,248,0,40,0.23091804431938093,1.3334027961775519E-5,0.6806486374604352,300.2895849318732,0.5768470750993187,"{""type"":""Point"",""coordinates"":[82.22124253168833,21.45198310306625]}"
2095,331.3795360144028,2025-03-15,279.4791251137143,537,0,40,0.24929363181916975,3.237771196751282E-5,2.1122308298732535,297.4076269240606,1.225735030250965,"{""type"":""Point"",""coordinates"":[81.79162525343035,23.610438449379227]}"
2096,295.26229023961633,2025-03-15,281.5492748532976,574,0,40,0.7370689655172413,1.3334027961775519E-5,1.0865284952486984,299.115245274135,0.23573876531642288,"{""type"":""Point"",""coordinates"":[82.5823870916926,19.30250742904059]}"
2097,-0.0,2025-03-15,279.7767325355893,427,0,10,0.5508849557522124,1.3334027961775519E-5,1.8543341688295631,300.83609953380767,0.6381627523857192,"{""type"":""Point"",""coordinates"":[82.01552630421953,20.391643094827113]}"
2098,192.0661985521299,2025-03-15,281.7194815590268,295,0,10,0.34460338101430427,1.3334027961775519E-5,4.731441465611491,301.20404270717074,0.7229058599942932,"{""type"":""Point"",""coordinates"":[83.0733778022819,20.673323273018358]}"
2099,256.7887285192791,2025-03-15,278.85142794109527,572,0,10,0.5279265493496557,1.3334027961775519E-5,2.028296489777075,300.6228543236142,0.8976091911405708,"{""type"":""Point"",""coordinates"":[81.95897599473474,20.111922442449657]}"
2100,160.24030871339372,2025-03-15,279.65780698685415,305,0,40,0.33153638814016173,9.207176371006653E-5,1.4779513034047764,300.4938260033017,1.305627548375947,"{""type"":""Point"",""coordinates"":[81.31942942506761,21.887734358746766]}"
2101,199.9148675719125,2025-03-15,278.6379269645328,978,0,40,0.2589641434262948,1.7641233606724427E-4,2.9568208413230006,297.1429145449684,1.5292238167068564,"{""type"":""Point"",""coordinates"":[81.48550402413531,23.062701136759326]}"
2102,35.470909140872756,2025-03-15,281.93674927666063,220,0,10,0.43492769744160176,1.3334027961775519E-5,5.111222328599251,300.8811376662481,0.5660904903444981,"{""type"":""Point"",""coordinates"":[84.24675295120065,20.668619791961415]}"
2103,227.55370949058386,2025-03-15,280.4189560753959,381,0,50,0.25622328388232335,2.2376822634129212E-4,0.6871004230372241,297.86782618931363,1.061232082793102,"{""type"":""Point"",""coordinates"":[80.37678608045877,23.849775341520587]}"
2104,103.19886925593006,2025-03-15,281.26031117212204,217,0,40,0.5548601603755134,1.3334027961775519E-5,2.0301669178561386,301.5473799932571,0.43515137871466275,"{""type"":""Point"",""coordinates"":[82.82401968815712,20.26410847899042]}"
2105,72.5125915627841,2025-03-15,289.1405020668393,88,0,40,0.44586614173228345,2.0218364433333136E-5,1.5428926231609614,301.197753179641,0.306943699873489,"{""type"":""Point"",""coordinates"":[83.78285102151361,19.06107862591112]}"
2106,116.20977192071797,2025-03-15,277.9334708168393,633,0,10,0.48983050847457626,4.20634667435138E-5,9.365754650412008,300.1945502871559,1.1758813607675485,"{""type"":""Point"",""coordinates"":[80.8378750133967,21.588472900711544]}"
2107,164.7857759546055,2025-03-15,279.5172866185506,467,0,40,0.27232796486090777,8.5276834205672E-5,1.921637031485753,297.7244865780785,1.5511510959990489,"{""type"":""Point"",""coordinates"":[81.61806213954476,23.183417091347227]}"
2108,117.64397235271872,2025-03-15,279.81070295969647,618,0,10,0.3344788087056128,6.405758066563294E-5,3.9915424041095533,296.67472258068267,1.0961820677889664,"{""type"":""Point"",""coordinates"":[83.35926229884181,23.567656602942844]}"
2109,164.9143420283032,2025-03-15,281.22824155716665,260,0,30,0.49450988221201836,1.3334027961775519E-5,1.9204707696248577,300.1891443161738,0.7593439411016105,"{""type"":""Point"",""coordinates"":[82.1714410941529,21.957332422477432]}"
2110,336.6134659627687,2025-03-15,280.57573504675,329,0,30,0.3050868034478572,1.3930074409529425E-5,2.524630064891633,299.7306249709356,1.08802303182139,"{""type"":""Point"",""coordinates"":[81.98316472992215,22.340544078667783]}"
2111,270.0,2025-03-15,287.9519092468988,46,0,60,0.117430441898527,1.3334027961775519E-5,2.921173313423886,302.74454679943267,0.6276406075925837,"{""type"":""Point"",""coordinates"":[81.39811796815351,17.88131822846856]}"
2112,274.76002400324853,2025-03-15,280.44120193663093,443,0,30,0.27233941692344155,2.657596985855548E-4,5.570847752098907,297.5165136428106,1.0166291945545847,"{""type"":""Point"",""coordinates"":[80.57361544569719,23.656797956536145]}"
2113,21.072866642906146,2025-03-15,278.8958382833572,700,0,30,0.3864306784660767,1.0962533159641907E-4,15.050439395788668,298.15697006952195,1.416087681861559,"{""type"":""Point"",""coordinates"":[80.64845585492378,22.9442547038427]}"
2114,90.0,2025-03-15,279.0017313730149,526,0,40,0.19429238086691197,2.7002143068699525E-4,0.503835130725677,296.9306110200428,1.908505932151953,"{""type"":""Point"",""coordinates"":[81.98779884500372,23.014815455695757]}"
2115,245.1105782740362,2025-03-15,281.9012849444435,221,0,40,0.7069261591299371,1.3334027961775519E-5,1.1017419547718794,300.09888785226,1.088388136885161,"{""type"":""Point"",""coordinates"":[82.94035117924301,21.887224148518893]}"
2116,121.88266303125282,2025-03-15,281.3049365906488,167,0,40,0.32776146374519993,1.3334027961775519E-5,1.7554587547687726,301.77037338983445,0.9536705572276563,"{""type"":""Point"",""coordinates"":[83.42425407668166,21.08694382715412]}"
2117,190.32745458821276,2025-03-15,280.7539867673601,475,0,40,0.5030254134731746,4.833166520157306E-4,2.82599940501204,297.3257874988375,1.306768489412949,"{""type"":""Point"",""coordinates"":[83.25698864886398,23.84889503644831]}"
2118,349.88315223629917,2025-03-15,283.423623811631,114,0,10,0.4492963876396344,1.3334027961775519E-5,2.824129856861758,301.392577398391,0.45094558205543384,"{""type"":""Point"",""coordinates"":[84.30430242770535,20.92120240914043]}"
2119,232.59752632258846,2025-03-15,279.56624843960714,451,0,30,0.18686266719639782,6.24482552566974E-5,7.590086693761641,297.6957884288969,1.4070450348729338,"{""type"":""Point"",""coordinates"":[81.51295905612335,23.429045877509758]}"
2120,164.90474832060605,2025-03-15,280.1656078611102,303,0,40,0.31571955719557193,1.3334027961775519E-5,3.836808649382897,300.5345509847005,1.0861980455932876,"{""type"":""Point"",""coordinates"":[83.29609402683693,22.0516299451173]}"
2121,226.6921836301514,2025-03-15,280.30763957613993,632,0,10,0.5012822446824559,1.3334027961775519E-5,0.6760636063492215,300.2299099876767,0.5962537845521514,"{""type"":""Point"",""coordinates"":[82.19736767079723,19.505233115772803]}"
2122,298.8311882790089,2025-03-15,279.65903931572325,439,0,10,0.5036782736635605,2.442126194992511E-4,2.882567765383756,297.9196653820219,0.984552966294747,"{""type"":""Point"",""coordinates"":[80.56762080898837,23.445221432580766]}"
2123,173.63383320324854,2025-03-15,281.7280613581339,953,0,30,0.4378818737270876,1.4049283699080206E-5,17.196041665321893,298.0460895356678,0.20922614535121115,"{""type"":""Point"",""coordinates"":[83.13289407089513,19.357248564579336]}"
2124,197.98805760572887,2025-03-15,283.15326132093156,909,0,40,0.30287539936102237,1.3334027961775519E-5,6.3128420270092205,296.84485371907556,0.2630765029433272,"{""type"":""Point"",""coordinates"":[82.91606949324314,18.620840669730402]}"
2125,226.92472013498255,2025-03-15,281.0763977141607,332,0,40,0.3172348484848485,1.3334027961775519E-5,1.3577941541011587,300.04629298618863,0.877775153973153,"{""type"":""Point"",""coordinates"":[82.8231383095414,20.775564325178365]}"
2127,105.20888304657645,2025-03-15,287.7404311498006,54,0,40,0.1898332009531374,1.3840667442366339E-5,3.5309930902684172,303.07470630464104,0.4630818848275157,"{""type"":""Point"",""coordinates"":[81.45418767220244,17.915201150684254]}"
2128,312.87219586960225,2025-03-15,279.53819551922027,298,0,40,0.5924495924495925,3.228830500034974E-5,0.6815803079146113,300.69652666364397,1.1889265787798273,"{""type"":""Point"",""coordinates"":[81.31304987634233,21.820625709248773]}"
2129,279.35134515430013,2025-03-15,281.37502238863993,644,0,10,0.27954118461386335,1.3334027961775519E-5,11.268534063899178,300.5871923537482,0.6115667906414309,"{""type"":""Point"",""coordinates"":[81.71187024049082,18.757444698784067]}"
2130,65.10563987663163,2025-03-15,281.59027303968156,225,0,30,0.40913107511045654,1.3334027961775519E-5,1.101537373338301,300.65036083403083,0.8420165233957692,"{""type"":""Point"",""coordinates"":[84.02373010570683,21.854710270938124]}"
2131,72.58008682591581,2025-03-15,279.9220717748006,638,0,40,0.21628396671011732,1.3334027961775519E-5,1.5486814890542282,299.97508530389695,0.8021402018622087,"{""type"":""Point"",""coordinates"":[82.11633565965884,19.731477559938448]}"
2132,297.65670227056637,2025-03-15,279.238809358506,533,0,10,0.38523489932885907,2.6185559435276673E-4,3.989855491319232,296.38552638462613,1.1836642539643862,"{""type"":""Point"",""coordinates"":[83.80557230925278,23.496697552339867]}"
2133,216.04320111728052,2025-03-15,278.54338060106545,600,1,10,0.3921795083319584,6.93623940506427E-5,1.720088891328497,297.4820723760696,1.2859156787402994,"{""type"":""Point"",""coordinates"":[82.05010979718894,23.632036514851915]}"
2134,94.03713744979352,2025-03-15,282.3746503648304,460,0,10,0.43445945945945946,1.3334027961775519E-5,19.029054928611263,301.38852001371833,0.2926063754030918,"{""type"":""Point"",""coordinates"":[83.13302309889662,19.772410843250317]}"
2135,144.89649606843207,2025-03-15,294.6437340236845,8,0,30,0.28270367514777694,5.19131342926471E-5,5.088201258896698,300.08738999139695,1.563468881467473,"{""type"":""Point"",""coordinates"":[84.25807960888021,18.477949652461092]}"
2136,164.98116218039974,2025-03-15,280.2084603536697,329,0,40,0.5109379682349415,1.3334027961775519E-5,1.9198689956739772,301.04755437941776,0.9621144385423475,"{""type"":""Point"",""coordinates"":[80.27388754022367,21.28475398822325]}"
2137,350.94594267229456,2025-03-15,277.5848903201875,681,0,10,0.5420289855072464,2.0150589151768372E-4,15.571248785205226,297.7345544724238,1.6507186419836832,"{""type"":""Point"",""coordinates"":[81.838693132557,22.652385424732966]}"
2138,313.22756897817516,2025-03-15,281.020303499131,290,0,30,0.3481361862468039,1.3334027961775519E-5,0.6770702044039562,301.44116719563806,0.5743779883892522,"{""type"":""Point"",""coordinates"":[82.50412443110673,19.95339283944092]}"
2139,199.3723133882028,2025-03-15,284.35067226773214,134,0,40,0.2384410554345195,1.3334027961775519E-5,1.4744056448688327,303.24738348098026,0.5132804928779205,"{""type"":""Point"",""coordinates"":[80.2035755643033,18.55636200542152]}"
2140,180.0,2025-03-15,279.93321505047027,542,0,30,0.2908207034601087,1.5665339632420228E-4,5.087785128130928,297.8744296119326,1.050614809412943,"{""type"":""Point"",""coordinates"":[80.23308541525965,23.901566814335492]}"
2141,53.12593207557374,2025-03-15,278.0941211609613,795,0,10,0.40821602987647226,1.1397647066502259E-4,6.921638002502698,297.1311492919922,1.5236329693583752,"{""type"":""Point"",""coordinates"":[82.10365532030747,23.535862302797906]}"
2142,-0.0,2025-03-15,278.96079712822325,586,1,30,0.3346723575194577,4.808353586582825E-5,2.3174627380815918,297.6030963716053,1.236027505073804,"{""type"":""Point"",""coordinates"":[81.89036688755428,23.5547900731002]}"
2143,46.49030835386119,2025-03-15,284.22768933432445,861,0,40,0.3359948898115618,2.9512988729862855E-4,0.6735503566392087,297.27053033737906,0.23030158475765872,"{""type"":""Point"",""coordinates"":[82.67034281464613,18.325000029523437]}"
2144,180.0,2025-03-15,280.0031904038929,306,0,40,0.4005499541704858,1.3334027961775519E-5,0.9274099368670311,301.1331663585844,0.9962067519292819,"{""type"":""Point"",""coordinates"":[80.428500990586,21.34965622955952]}"
2145,354.8113541529928,2025-03-15,280.01109590984527,501,0,30,0.271461716937355,4.793529431381671E-4,5.5702271209083145,297.42580958775113,1.3068235832819168,"{""type"":""Point"",""coordinates"":[82.76645047004733,23.408666370603953]}"
2146,180.0,2025-03-15,281.9681620370774,264,0,40,0.41562793191261227,1.3334027961775519E-5,1.8543341688295631,300.63923499697734,1.035187802320896,"{""type"":""Point"",""coordinates"":[83.13888618596494,21.144932980896947]}"
2147,119.0049386450593,2025-03-15,278.8650591259911,458,0,10,0.39628804751299185,1.3334027961775519E-5,5.71934545496598,299.1004573277065,1.3521545248134703,"{""type"":""Point"",""coordinates"":[84.1122678986649,22.476652152803016]}"
2148,160.29191026328252,2025-03-15,280.90090710776195,300,0,40,0.6141192597669637,1.3334027961775519E-5,1.4774741123395518,300.50155712309333,0.9181547504838821,"{""type"":""Point"",""coordinates"":[80.27613585297118,21.478914588793355]}"
2149,180.0,2025-03-15,282.3632280713036,138,0,10,0.32440944881889766,1.3334027961775519E-5,1.8543341688414132,301.7058679489863,0.6282210583854931,"{""type"":""Point"",""coordinates"":[83.74508143566256,20.96166198125504]}"
2150,294.86607896226155,2025-03-15,280.627248718625,311,0,10,0.36830419095198447,1.3334027961775519E-5,1.1027101083089061,300.2720765613375,0.7115496796394681,"{""type"":""Point"",""coordinates"":[84.38340700157161,22.038908035768724]}"
2151,16.447785289854327,2025-03-15,278.17912278856545,645,0,10,0.4497471554993679,1.9947933359532044E-4,5.303657315101894,298.5718289329892,1.6237008376222015,"{""type"":""Point"",""coordinates"":[81.03497542551936,22.51174220318285]}"
2152,169.69612880219415,2025-03-15,278.96660418737497,840,1,10,0.5042366353412417,2.422754685440509E-4,2.8257880377022953,296.5522802443732,1.5925461234223268,"{""type"":""Point"",""coordinates"":[82.55892610470985,23.54369702842949]}"
2153,132.4334299161055,2025-03-15,279.8192188172114,444,0,10,0.38261997405966275,3.0261747077986456E-5,4.799854381128717,297.7481449672154,1.1190756529937094,"{""type"":""Point"",""coordinates"":[81.7529499728796,23.908477962099614]}"
2154,180.0,2025-03-15,281.7175284340268,234,0,10,0.4651702786377709,1.3334027961775519E-5,1.390963080774087,302.02161153157556,0.20438883323725396,"{""type"":""Point"",""coordinates"":[80.5728929904604,19.532808375497208]}"
2155,133.34977510122138,2025-03-15,284.8812247230893,475,0,40,0.30667387192650636,1.4943353370711066E-5,3.3739462899432997,299.544932774135,0.29667318963018985,"{""type"":""Point"",""coordinates"":[83.32385671986188,19.26633798530843]}"
2156,193.62861564037672,2025-03-15,283.5506815683274,254,0,10,0.5189333333333334,1.3334027961775519E-5,10.382821859528171,300.9382549467541,0.3091186004417745,"{""type"":""Point"",""coordinates"":[83.16654021495296,20.38277621944848]}"
2157,-0.0,2025-03-15,280.2883408410209,374,0,30,0.23516201475777992,1.3334027961775519E-5,0.4637353428839794,301.57860674176897,0.5894143829514397,"{""type"":""Point"",""coordinates"":[80.69644532873815,20.25474952130058]}"
2158,-0.0,2025-03-15,281.8189223607381,231,0,30,0.2584573748308525,1.3334027961775519E-5,0.463735342881014,301.13992672874804,1.0419746387601065,"{""type"":""Point"",""coordinates"":[83.41859502755527,21.329141746030956]}"
2159,307.3642121106241,2025-03-15,278.48805949801493,700,0,10,0.4868363636363636,1.4792131586460755E-4,3.815089221244289,297.41693333217074,1.516554977322524,"{""type"":""Point"",""coordinates"":[82.41907094658612,23.611372713998925]}"
2160,28.2204054194997,2025-03-15,280.2084603536697,326,0,40,0.2975124378109453,1.3334027961775519E-5,2.104271841052386,301.04755437941776,0.9621144385423475,"{""type"":""Point"",""coordinates"":[80.34462080634005,21.298290857122325]}"
2161,57.63847825113034,2025-03-15,284.3883048012143,296,1,10,0.48944643568299484,1.4287702278181769E-5,3.46135689334478,302.3859623500279,0.4595629949729052,"{""type"":""Point"",""coordinates"":[80.33480973404068,18.099628167354567]}"
2162,166.5881318595343,2025-03-15,280.8155973979405,419,0,10,0.4321162708259482,1.3334027961775519E-5,4.282732474913546,299.9457709902809,1.0277798923855344,"{""type"":""Point"",""coordinates"":[80.75414769347454,21.261819547165526]}"
2163,-0.0,2025-03-15,281.833780061631,347,0,80,-0.17050691244239632,1.3334027961775519E-5,0.0,300.66445704868863,0.8493670789847183,"{""type"":""Point"",""coordinates"":[81.46734221915635,20.58198915871965]}"
2164,180.0,2025-03-15,280.3491957982381,297,0,40,0.2714285714285714,1.3483039573713995E-5,2.3174627380815918,300.70539710635234,0.8760102646017,"{""type"":""Point"",""coordinates"":[81.23233953021698,21.470214122053232]}"
2165,90.0,2025-03-15,279.1117864790417,576,0,40,0.1965909090909091,8.766101999668763E-5,1.0057873783119016,297.22304498581656,1.704436057657047,"{""type"":""Point"",""coordinates"":[83.69823420231427,22.770713738410674]}"
2166,132.9703366454544,2025-03-15,283.6825465701875,153,0,40,0.5425531914893617,1.3334027961775519E-5,1.360460562258655,301.2917821974981,0.6399604576704881,"{""type"":""Point"",""coordinates"":[83.80164252034434,21.322786222308935]}"
2167,47.07973968079582,2025-03-15,281.4712079820179,214,0,40,0.292355144304913,1.3334027961775519E-5,1.3617382118664094,300.7725532168434,1.1090627657844963,"{""type"":""Point"",""coordinates"":[83.425183322673,21.578350037161254]}"
2169,270.0,2025-03-15,280.5352832703364,457,0,10,0.4554396423248882,1.351284189610169E-5,9.944393172139533,299.21599978492367,1.5428079149878517,"{""type"":""Point"",""coordinates"":[82.71519263411156,22.587405932367535]}"
2170,199.43507247478803,2025-03-15,282.62635353633334,522,0,10,0.523061154765972,1.3334027961775519E-5,22.39075747632647,301.64811125255767,0.37271175820068,"{""type"":""Point"",""coordinates"":[80.92056342590199,19.142311831931362]}"
2171,324.2101707835726,2025-03-15,280.89185646602084,297,0,50,0.29054878048780486,1.3632051185652472E-5,1.7145914275376968,299.8188236781529,1.3742601290933372,"{""type"":""Point"",""coordinates"":[82.73986282114323,22.377018912289692]}"
2172,-0.0,2025-03-15,292.7319211051577,33,0,40,0.6413126430933604,1.689540548710511E-5,2.317462738066788,300.7448955717541,0.7855441943685694,"{""type"":""Point"",""coordinates"":[83.7939365706821,18.512431379216906]}"
2173,95.49604446956222,2025-03-15,279.30929043179464,737,0,10,0.7603169362826016,1.3334027961775519E-5,22.905900485380656,298.3999481201172,1.339510395239782,"{""type"":""Point"",""coordinates"":[82.93347986074444,22.525393419036593]}"
2174,-0.0,2025-03-15,288.083553359622,126,0,10,0.3047520661157025,1.9354097084089972E-5,3.704791833671086,300.4417601085844,0.3103904235689729,"{""type"":""Point"",""coordinates"":[83.7308518259833,19.131829599150944]}"
2175,332.2390513022957,2025-03-15,286.83192575545536,178,0,10,0.3931018190408694,1.6418568328901983E-5,1.0480155011629657,300.72969491141185,0.17034479528036947,"{""type"":""Point"",""coordinates"":[82.04955555461584,18.213247660928214]}"
2176,259.57902896481914,2025-03-15,278.65875448499406,712,0,40,0.23432627164211206,9.937333269505189E-5,2.5621325481900326,296.47406223842074,1.8793701575180302,"{""type"":""Point"",""coordinates"":[84.17643108222452,23.137316474451875]}"
2177,133.02808092786861,2025-03-15,281.4435038339524,302,0,40,0.2284108329075115,1.3334027961775519E-5,0.6795913477350958,300.6741122291201,0.8873499518705964,"{""type"":""Point"",""coordinates"":[81.06379129973895,21.023888216208878]}"
2178,212.5113591509502,2025-03-15,284.6066653387887,332,0,40,0.22943722943722944,1.4734737113997198E-5,2.7475290091365454,300.6144024076916,0.09531852831195677,"{""type"":""Point"",""coordinates"":[83.56235905398226,19.71188882983185]}"
2179,12.472192121564806,2025-03-15,283.1047412781489,693,0,10,0.6770951124513129,1.3334027961775519E-5,41.03626386416965,301.3605077834356,0.22549755498367902,"{""type"":""Point"",""coordinates"":[82.05319393857172,18.687961154641595]}"
2180,270.0,2025-03-15,279.27784860701786,476,1,30,0.2907801418439716,9.275721712498353E-5,2.0209543339107356,298.3646639869326,1.3964821974610122,"{""type"":""Point"",""coordinates"":[81.15302302459033,23.437597901914465]}"
2181,216.05049369305684,2025-03-15,280.76592640649704,396,0,40,0.5681450307542895,2.644781987228839E-4,3.4374004579277244,297.6361541748047,1.0195300182388574,"{""type"":""Point"",""coordinates"":[80.67993176875743,23.66742531902742]}"
2182,146.21186819313107,2025-03-15,279.77001866840175,514,0,10,0.6746691289627578,5.720304651646302E-5,14.20910075814671,297.48113650367367,1.6180235984215208,"{""type"":""Point"",""coordinates"":[82.48439328848752,23.12340328554466]}"
2183,125.38976917182356,2025-03-15,283.67238566988993,347,0,30,0.14474283113336367,1.3334027961775519E-5,2.4008574413158903,301.3820037841797,0.2804369800770321,"{""type"":""Point"",""coordinates"":[80.99487674706198,18.702984041326708]}"
2184,133.11033313610614,2025-03-15,282.39247844332743,156,0,40,0.3139805559359167,1.3334027961775519E-5,1.3569068563623183,301.6915392194475,0.4890132517542679,"{""type"":""Point"",""coordinates"":[83.6686213950839,20.589817236013513]}"
2185,256.6445098515521,2025-03-15,290.18715036483036,103,0,40,0.36,1.5271178916975714E-5,2.0068034296243513,300.8641117640904,0.489370287087275,"{""type"":""Point"",""coordinates"":[83.28287359955279,18.2586161107419]}"
2186,289.9240086809507,2025-03-15,284.73752471378873,862,0,30,0.5273914277604315,1.5375487045332648E-5,38.08934043643226,299.47704424176897,0.2910158420953953,"{""type"":""Point"",""coordinates"":[83.25706933718214,19.157888972403665]}"
2187,324.4082524872356,2025-03-15,282.0712416966756,260,0,30,0.24956087015268208,1.3334027961775519E-5,1.710341230957014,300.467296055385,1.099352090788893,"{""type"":""Point"",""coordinates"":[83.02021660245475,21.334279898976455]}"
2188,100.6103125789039,2025-03-15,280.6786403201876,280,0,40,0.3592860440067703,1.3334027961775519E-5,2.5169797722020846,301.04077657063806,0.6448637866380779,"{""type"":""Point"",""coordinates"":[82.92447036246212,20.503133882593513]}"
2189,118.9564855908751,2025-03-15,278.2589567729405,593,0,30,0.1653179190751445,7.89587418594806E-5,2.8711873400525425,297.2683505103701,1.3381174906804156,"{""type"":""Point"",""coordinates"":[80.86240477804928,22.75146630567462]}"
2190,65.25519676598465,2025-03-15,278.7897417431786,573,0,40,0.2594917485066316,2.9210495157627747E-4,1.1077705584232251,297.45522272019156,1.7431654883770122,"{""type"":""Point"",""coordinates"":[82.04130746043236,22.810632025854684]}"
2191,84.727079020921,2025-03-15,278.3633559544881,692,0,10,0.4138226719259132,1.9998597307591126E-4,5.033210656563503,298.20025852748324,1.5355219987680904,"{""type"":""Point"",""coordinates"":[81.00951661834455,22.645327383088915]}"
2192,137.90885277993843,2025-03-15,288.13615403856545,178,0,30,0.47649122807017547,1.3423434928938605E-5,4.366018707759529,300.14245532807854,0.3289473622682476,"{""type"":""Point"",""coordinates"":[83.22497265130428,18.39315325977037]}"
2193,310.1331361952308,2025-03-15,283.7512198402768,923,0,30,0.4015003261578604,1.3334027961775519E-5,5.736510345077814,296.70129903157556,0.24498474770017611,"{""type"":""Point"",""coordinates"":[82.71015631191923,18.47733628843454]}"
2194,82.7205051658641,2025-03-15,279.9353774388631,699,0,10,0.6498120942944995,1.3334027961775519E-5,35.093863413731754,300.2537660144625,0.4225298649545482,"{""type"":""Point"",""coordinates"":[81.09875009002334,19.843237351307366]}"
2195,126.89747118989344,2025-03-15,280.2635547547114,365,0,10,0.14004323804948354,1.3334027961775519E-5,3.086664741667352,301.64761134556363,0.5412285340995924,"{""type"":""Point"",""coordinates"":[80.71024242745536,20.208588326989414]}"
2196,133.32632707748317,2025-03-15,281.16116101401195,568,0,40,0.24012158054711247,1.3334027961775519E-5,2.026744354524592,299.5934353783017,0.569950222874607,"{""type"":""Point"",""coordinates"":[81.75830782336237,19.400646876264744]}"
2197,127.12899031591293,2025-03-15,285.7418959935506,237,1,40,0.4169329073482428,1.6135446266218878E-5,3.0701969615621585,299.03978838239397,0.08046665817839416,"{""type"":""Point"",""coordinates"":[83.24728016145488,18.851145236712927]}"
2198,332.15967601746763,2025-03-15,289.3866016297113,102,0,40,0.427802086839448,1.841532392887757E-5,3.143536809772501,301.46400596981954,0.47765703079865085,"{""type"":""Point"",""coordinates"":[83.49887975311273,18.788241116367722]}"
2199,-0.0,2025-03-15,281.47393421899704,209,0,30,0.26113886113886114,1.3334027961775519E-5,2.7802885155465065,302.01921081542963,0.561344792920191,"{""type"":""Point"",""coordinates"":[83.40613170523815,20.733298523755035]}"
2200,259.4467592419944,2025-03-15,281.32549671899704,246,0,40,0.5547098001902949,1.3334027961775519E-5,2.5304186002931104,300.82850792294454,1.1287575866121518,"{""type"":""Point"",""coordinates"":[83.34074823068688,21.33013126789139]}"
2201,132.43894586715362,2025-03-15,280.8846485047113,386,0,30,0.20258441017090453,1.0762857599644349E-4,0.6871967344725199,297.5902673630488,1.1620042070774876,"{""type"":""Point"",""coordinates"":[80.70542714560156,23.88294904499572]}"
2202,249.77449859004247,2025-03-15,278.52419812338695,705,0,40,0.4890710382513661,2.710645119705646E-4,2.680854619370974,296.9524964832125,1.3995030831784756,"{""type"":""Point"",""coordinates"":[81.19449777598663,22.914651520468993]}"
2203,331.4986860256132,2025-03-15,279.6319048291161,428,0,30,0.2920932258767153,6.840871973423646E-5,3.162979260386663,297.4656917027065,1.8628385703129118,"{""type"":""Point"",""coordinates"":[82.22076338621387,22.95177076597768]}"
2204,79.64792628754584,2025-03-15,281.3627514157976,376,0,10,0.45977011494252873,0.0011349742333450763,2.5789740895698565,297.1016315278553,1.570136684754082,"{""type"":""Point"",""coordinates"":[83.56475023588526,24.027812603755017]}"
2205,242.27382279660264,2025-03-15,282.0339288711547,621,0,30,0.21050843619069187,1.3334027961775519E-5,4.971355102331672,299.45991952078685,0.5278255851498936,"{""type"":""Point"",""coordinates"":[81.58885704480888,18.90316728922563]}"
2206,139.34908557271373,2025-03-15,281.63504378000897,291,0,10,0.31247503661296766,1.3334027961775519E-5,3.05332043133201,300.5644233340309,0.949676064754432,"{""type"":""Point"",""coordinates"":[82.60669635094585,21.298847300293744]}"
2207,249.6966991590411,2025-03-15,280.14861102331247,526,0,10,0.4992726684984645,1.5181771949812628E-5,2.67102739153203,299.3384653727213,1.1047613320765186,"{""type"":""Point"",""coordinates"":[81.86382709365897,22.34102638511807]}"
2208,27.913804771029977,2025-03-15,281.0758513041905,575,0,10,0.40297636416690985,1.3334027961775519E-5,1.049492676008092,299.9325873965309,0.28629875480839717,"{""type"":""Point"",""coordinates"":[82.27542948586441,19.302180832976106]}"
2209,336.9844737072547,2025-03-15,280.4790146691459,601,0,10,0.5223489317079565,1.3334027961775519E-5,2.51764176266988,299.55067007882263,0.6703341343338692,"{""type"":""Point"",""coordinates"":[81.69437180588461,19.672620439359747]}"
2210,226.76790456021456,2025-03-15,281.1978460493542,295,1,40,0.4878263420357876,1.3334027961775519E-5,0.6770133107744155,301.99322727748324,0.4036740278308799,"{""type"":""Point"",""coordinates"":[80.4759044318082,19.928504295356717]}"
2211,115.24193448038535,2025-03-15,283.7477321170625,429,0,10,0.37422512234910277,1.4257899955794073E-5,3.258913712897551,299.85610743931363,0.12435178044319503,"{""type"":""Point"",""coordinates"":[83.27446640379397,19.45235240039834]}"
2212,64.5802107297406,2025-03-15,286.168020203,191,0,10,0.43553332257543975,1.3334027961775519E-5,1.080241450646464,303.2402859642392,0.8758673460591598,"{""type"":""Point"",""coordinates"":[81.04856824748278,18.099324277235148]}"
2213,180.0,2025-03-15,281.7716055824643,216,0,10,0.4776666666666667,1.3334027961775519E-5,1.390963080774087,300.67678033737906,0.9420340282799339,"{""type"":""Point"",""coordinates"":[83.62869150305612,21.482341961675868]}"
2214,270.0,2025-03-15,286.82711269741964,150,0,10,0.6022062510446264,2.8443805412337042E-5,4.898147918165489,299.45876857212613,0.3307956613452073,"{""type"":""Point"",""coordinates"":[83.95213856918082,19.18441495549595]}"
2215,-0.0,2025-03-15,280.3874096189226,274,0,40,0.45623791102514505,1.3810865119978644E-5,0.9274099368611016,300.1117401123047,1.078452203160506,"{""type"":""Point"",""coordinates"":[81.91158486121132,22.153556328838352]}"
2216,165.00338710866316,2025-03-15,280.9723589306786,323,0,40,0.7745562130177515,1.3334027961775519E-5,3.8350387857164434,300.44866580054867,0.9143578455897841,"{""type"":""Point"",""coordinates"":[82.25293581027111,21.055402911729544]}"
2217,308.2706329713076,2025-03-15,278.8363493510655,661,0,10,0.5353755248017416,1.3334027961775519E-5,8.91217260877124,296.9851997012184,1.4017721484437022,"{""type"":""Point"",""coordinates"":[83.31756859640808,23.014430695918314]}"
2218,220.7927308954885,2025-03-15,280.19204480307445,297,0,40,0.23122238586156113,1.4496318534895636E-5,3.059820469584789,300.5013652983166,1.2189891552241565,"{""type"":""Point"",""coordinates"":[81.46008573014683,22.02127277225118]}"
2219,270.0,2025-03-15,282.0612726211548,288,0,40,0.3830001438228103,1.3334027961775519E-5,0.49898035082740777,300.08234441848026,0.651224212754692,"{""type"":""Point"",""coordinates"":[81.86957776639684,21.663789511626437]}"
2220,-0.0,2025-03-15,281.7436572937738,225,0,40,0.3943444730077121,1.3334027961775519E-5,0.9274099368611016,300.2910381498791,0.9392880834893299,"{""type"":""Point"",""coordinates"":[82.92483367791415,20.995082227422444]}"
2221,285.1800107516097,2025-03-15,285.29052066802984,146,0,10,0.3707930933567457,1.3334027961775519E-5,3.5375340543471,302.9840080624535,0.6353208772320312,"{""type"":""Point"",""coordinates"":[80.86391688735394,18.264548580277047]}"
2222,133.12228760533725,2025-03-15,279.7758082889375,409,1,10,0.33958278320570373,1.3334027961775519E-5,0.6783973971696846,301.67055475144156,0.6080361255004788,"{""type"":""Point"",""coordinates"":[82.13384059261226,20.526291371149384]}"
2223,-0.0,2025-03-15,279.9353774388631,461,0,10,0.40264650283553877,1.3334027961775519E-5,1.390963080774087,300.2537660144625,0.4225298649545482,"{""type"":""Point"",""coordinates"":[81.12830309188283,19.84108717623455]}"
2224,222.42365318699112,2025-03-15,279.7231029782977,634,0,10,0.34972489683631364,1.3334027961775519E-5,8.727108135946514,300.88784572056363,0.7176790707204438,"{""type"":""Point"",""coordinates"":[82.15716700695616,20.296529090793]}"
2225,192.0794639162258,2025-03-15,280.48831526438397,367,0,30,0.24731701434945133,1.3334027961775519E-5,2.369877993502621,300.84093003045945,0.9447319451433138,"{""type"":""Point"",""coordinates"":[82.38706218986617,20.84380597111041]}"
2226,34.356821998762605,2025-03-15,280.9010873067947,412,0,40,0.387653675124248,6.676738183060138E-4,4.48480770948171,297.18849327450704,1.4643868532670732,"{""type"":""Point"",""coordinates"":[83.47575153614491,23.897909701567226]}"
2227,160.5035121933525,2025-03-15,281.66650885627377,256,0,10,0.31679220203810365,1.3334027961775519E-5,1.475533016268755,302.1550053187779,0.4130145051495546,"{""type"":""Point"",""coordinates"":[80.31949623957445,19.69673959593659]}"
2228,112.80080485376301,2025-03-15,278.2929388227917,661,0,10,0.5533249686323714,6.840871973423646E-5,5.96176249192902,298.3982565743583,1.4354674990672898,"{""type"":""Point"",""coordinates"":[80.73326132772749,22.35692385705956]}"
2229,182.29606310578146,2025-03-15,278.46210502442864,572,0,10,0.35115736587116453,1.1352943582920716E-4,12.336927186845273,298.57600257510234,1.4787128312601407,"{""type"":""Point"",""coordinates"":[80.74972986650418,22.523087217735263]}"
2230,83.95903155383796,2025-03-15,279.26494984399704,671,0,10,0.5917283247960539,3.589438600926087E-5,12.992345043238215,297.25002833775113,1.3333815598796155,"{""type"":""Point"",""coordinates"":[81.81602475627729,23.484254463818765]}"
2231,188.46309141115015,2025-03-15,280.1562723886399,623,0,10,0.2960268606603246,4.0279077692417786E-4,10.2054056097783,296.88190496535526,1.0683014546283516,"{""type"":""Point"",""coordinates"":[83.10148968076541,23.584964986943632]}"
2232,132.44555655852312,2025-03-15,280.85923462822325,403,0,40,0.3303101228788765,8.575742165604083E-4,1.374022513379222,297.12981233142676,1.4826578375394917,"{""type"":""Point"",""coordinates"":[83.5793115275299,23.853047991569]}"
2233,66.29108929644359,2025-03-15,279.59239473797027,435,0,10,0.5350250721774806,4.673128048935382E-4,13.579909896978581,297.2725532168434,1.3981962586721923,"{""type"":""Point"",""coordinates"":[82.46752154997117,23.807639851683074]}"
2234,-0.0,2025-03-15,280.8632280713036,287,0,40,0.18770851624231782,1.3334027961775519E-5,2.7802885155287553,300.58310009184333,0.9042397235870216,"{""type"":""Point"",""coordinates"":[82.71162601899762,20.808528470283072]}"
2235,21.19054125358193,2025-03-15,278.8958382833572,627,0,40,0.1695906432748538,1.0962533159641907E-4,6.929286609913511,298.15697006952195,1.416087681861559,"{""type"":""Point"",""coordinates"":[80.63153321680599,22.894531963332508]}"
2236,180.0,2025-03-15,285.65696412041075,136,0,30,0.48482220294882916,1.72679345169513E-5,1.390963080774087,299.6220463344029,0.5195979161318993,"{""type"":""Point"",""coordinates"":[84.34598893509109,19.801661605708336]}"
2237,199.94450773617422,2025-03-15,278.807412874131,796,0,10,0.44913877153071174,1.6446160478977845E-4,5.8990743836374655,296.1846277146113,1.750593507207382,"{""type"":""Point"",""coordinates"":[84.08338588939293,23.27881756854758]}"
2238,38.52682448003493,2025-03-15,280.4432829448155,746,0,30,0.38318378198737124,1.3334027961775519E-5,2.369787277608547,298.9985809326172,0.1705831836619809,"{""type"":""Point"",""coordinates"":[82.97085683521286,19.614378449939235]}"
2239,175.9853652158618,2025-03-15,284.60060832613993,149,0,10,0.28275441803778184,1.3334027961775519E-5,6.939165099360014,303.0091254824684,0.4270834267129087,"{""type"":""Point"",""coordinates"":[80.43515190226265,18.214266710910696]}"
2240,256.7458800728949,2025-03-15,280.7534868603661,611,0,40,0.5494871453310244,1.3334027961775519E-5,2.0218615023552493,299.54719398135234,0.6146041743325468,"{""type"":""Point"",""coordinates"":[81.73299831631486,19.578799860179533]}"
2241,-0.0,2025-03-15,280.111629531497,607,0,40,0.26973365617433415,1.3334027961775519E-5,0.9274099368670311,299.8975822812035,0.5084427282169982,"{""type"":""Point"",""coordinates"":[82.30347854330645,19.610810313656508]}"
2242,249.5504117429765,2025-03-15,281.98415906088695,239,1,30,0.1346971307120085,1.3334027961775519E-5,2.6527558865421828,300.4694584437779,1.0759377811570923,"{""type"":""Point"",""coordinates"":[83.03055124189953,21.21824310059592]}"
2243,65.45408970357178,2025-03-15,281.3255897249494,486,0,10,0.4420408772191556,2.579139871983216E-5,3.345163341761787,296.86419895717074,1.319225454632063,"{""type"":""Point"",""coordinates"":[82.32610813130202,24.021860391254904]}"
2244,332.0660699175802,2025-03-15,282.3227007275536,253,0,10,0.3238153098420413,1.3334027961775519E-5,1.049688030590969,302.16400364467074,0.2399817338979891,"{""type"":""Point"",""coordinates"":[80.46309253440135,19.44105545037697]}"
2246,300.15248872742256,2025-03-15,284.3812654131935,1176,0,30,0.5443527138591252,1.0943161650089905E-4,19.519318503220425,297.6173553466797,0.16799241354118533,"{""type"":""Point"",""coordinates"":[82.43410894692867,18.090044722313372]}"
2247,221.23483185814536,2025-03-15,286.95956479935415,488,1,10,0.7671994440583739,4.3277191324619935E-4,7.35931262841614,297.1571967715309,0.22430131672907985,"{""type"":""Point"",""coordinates"":[82.8657032703483,18.058126677587435]}"
2248,340.5146170662896,2025-03-15,281.625772249131,262,0,10,0.3681993681993682,1.3334027961775519E-5,1.4754318435721216,301.7876143682571,0.2601833173006604,"{""type"":""Point"",""coordinates"":[80.50438695031487,19.597938367343495]}"
2249,180.0,2025-03-15,277.90181972866964,445,1,40,0.3376955903271693,1.8404173059849427E-4,3.704791833671086,299.84081377301897,1.5341683388439762,"{""type"":""Point"",""coordinates"":[81.10899559116825,21.962452189574943]}"
2250,6.26455741909466,2025-03-15,281.06618449801493,405,0,10,0.45983662355343774,1.3334027961775519E-5,17.617650524918652,299.95064217703685,0.9171715928243934,"{""type"":""Point"",""coordinates"":[82.82027851412873,20.882459382632966]}"
2251,232.5795568873341,2025-03-15,283.2689258484613,628,0,10,0.438794042862332,2.579139871983216E-5,19.10169545729503,297.6765536353701,0.447207845446382,"{""type"":""Point"",""coordinates"":[84.03957610318346,19.662341164360768]}"
2252,180.0,2025-03-15,281.1825814474197,295,0,10,0.503669370413287,1.3334027961775519E-5,0.9274099368611016,301.7605438232422,0.26549881681116827,"{""type"":""Point"",""coordinates"":[80.60570570867027,19.696151128249085]}"
2253,238.07674039501669,2025-03-15,283.0858959470477,135,0,10,0.49363867684478374,1.3334027961775519E-5,1.7534630889598395,301.4908149355934,0.5086077018788763,"{""type"":""Point"",""coordinates"":[83.81778958879637,20.850599825126828]}"
2254,121.93719133006128,2025-03-15,281.57643259139286,305,0,40,0.735063270863367,1.3334027961775519E-5,1.7527794741406837,300.7161916097005,0.6869071691484588,"{""type"":""Point"",""coordinates"":[81.75848295892347,20.768969646061457]}"
2255,140.33774689762714,2025-03-15,284.0652602513631,384,0,30,0.17554032683183976,1.3334027961775519E-5,8.37357474997958,302.33074006580176,0.44863008588924647,"{""type"":""Point"",""coordinates"":[80.52243933046284,18.617823245953005]}"
2256,160.09330034282888,2025-03-15,278.7227716445923,686,0,40,0.2094057832856689,1.4282511873631165E-4,4.430094193968628,297.5592382521856,1.2940318055177427,"{""type"":""Point"",""coordinates"":[80.91576104577621,23.002866684670117]}"
2257,270.0,2025-03-15,281.5152811777024,270,0,40,0.2995600251414205,1.3334027961775519E-5,0.49496433064952344,301.076182774135,0.5208780748712144,"{""type"":""Point"",""coordinates"":[82.9872901024422,20.461871277468347]}"
2258,14.787768256130189,2025-03-15,282.34756238119945,896,0,40,0.40127758420441345,1.3334027961775519E-5,1.917810989264229,296.6482914515904,0.2898998055328983,"{""type"":""Point"",""coordinates"":[82.92742478354599,18.732289559430864]}"
2259,180.0,2025-03-15,280.51458363305954,384,0,30,0.19417758369723434,1.2673186464695618E-4,0.463735342881014,297.4909835088821,1.2187555100548386,"{""type"":""Point"",""coordinates"":[80.51024260231686,23.986176582630264]}"
2260,43.306678694120606,2025-03-15,280.24566273462204,429,0,10,0.23876871880199668,1.3334027961775519E-5,10.707379026972722,301.2241668701172,0.6907780425276041,"{""type"":""Point"",""coordinates"":[80.7118942443969,20.591737552708775]}"
2261,217.78378324615588,2025-03-15,278.2830685660952,758,0,40,0.2611832611832612,3.8595246477513E-4,4.100414665529946,296.9514617919922,1.5678399361652762,"{""type"":""Point"",""coordinates"":[81.44338742040935,22.86954560669537]}"
2262,270.0,2025-03-15,294.60479359399704,40,0,30,0.43460350154479915,2.8563014701887823E-5,1.951937796793016,300.57911827450704,2.0412030146183655,"{""type"":""Point"",""coordinates"":[83.72804927961562,18.202255180754495]}"
2263,191.89589745749262,2025-03-15,286.6857494626726,181,0,40,0.5619739230896188,1.4481417373701788E-5,2.368268202294167,301.2173018682571,0.2533090244995744,"{""type"":""Point"",""coordinates"":[81.95954236544121,18.303497180695746]}"
2264,148.52942605661872,2025-03-15,283.2255560102917,585,0,10,0.6376091796540504,1.4198295311018683E-5,17.38855603374307,299.8926006498791,0.18899259861136106,"{""type"":""Point"",""coordinates"":[83.54298856849476,19.84149088867062]}"
2265,312.4821148865401,2025-03-15,280.227584702628,535,0,10,0.4326200935241604,1.8296884699253724E-4,2.059105280275225,297.25089445568267,1.2784682410156916,"{""type"":""Point"",""coordinates"":[83.5070558813184,23.6864608337234]}"
2266,345.1683882739087,2025-03-15,281.60690366654165,557,0,40,0.3909677419354839,1.3334027961775519E-5,1.9181987433522942,299.31416756766185,0.27955652805754716,"{""type"":""Point"",""coordinates"":[82.45360414825136,19.24803795502794]}"
2267,168.37525125001594,2025-03-15,285.88360800061906,851,0,10,0.6039957188726365,4.970776243595765E-5,20.812575436973052,299.1548251197451,0.1994087018208011,"{""type"":""Point"",""coordinates"":[82.06608726194759,18.000344846413512]}"
2268,180.0,2025-03-15,285.7814990906488,124,0,10,0.4989885367498314,1.3334027961775519E-5,1.3909630807829783,303.1432749430338,0.7911740622203043,"{""type"":""Point"",""coordinates"":[80.99695383572111,18.221784670920982]}"
2269,344.85525471918766,2025-03-15,278.57957735515777,572,0,40,0.18854515050167225,1.4327215357212708E-4,3.837701595626071,298.6668403262184,1.529268048003523,"{""type"":""Point"",""coordinates"":[80.87226451032559,22.53111170073457]}"
2270,312.64967831282524,2025-03-15,279.0293657666161,608,0,40,0.27503861233218485,5.663680239109681E-5,2.7358431129569962,297.49197169712613,1.7546274727148712,"{""type"":""Point"",""coordinates"":[83.86174318904095,22.90574271018551]}"
2271,245.17500883269366,2025-03-15,279.9951221375238,257,1,40,0.1925498426023085,1.3334027961775519E-5,1.1044188315349552,299.9153871082125,1.1583610110889073,"{""type"":""Point"",""coordinates"":[84.04309203340773,22.302675821420525]}"
2272,270.0,2025-03-15,281.1896208354405,322,0,10,0.34425074837119213,1.3334027961775519E-5,1.9913792257640421,300.7179180326916,0.8243566288061591,"{""type"":""Point"",""coordinates"":[82.51902925083938,21.388825134534617]}"
2273,90.0,2025-03-15,280.75406233469647,654,0,10,0.5244962100203365,1.3334027961775519E-5,9.271007091844108,300.65315101260234,0.23259213615206908,"{""type"":""Point"",""coordinates"":[80.76040425000757,19.594279085698712]}"
2274,281.4182204328421,2025-03-15,281.8531078611101,632,0,30,0.479900391319815,1.3810865119978644E-5,6.992618574621052,299.49551173618863,0.13434409443684706,"{""type"":""Point"",""coordinates"":[83.18105084675102,19.52281900143801]}"
2275,90.0,2025-03-15,279.5355739139375,484,0,30,0.21399652978600348,7.460760279087708E-5,1.5137482204866295,297.61659386044454,1.6010266651372331,"{""type"":""Point"",""coordinates"":[81.70465234395562,23.240567367187882]}"
2276,100.64371453432418,2025-03-15,281.7987749463036,364,0,10,0.42769513878239535,1.3334027961775519E-5,2.5091816602068504,299.9975055512928,0.15750819711725494,"{""type"":""Point"",""coordinates"":[83.70748223897864,20.00282382190463]}"
2277,115.13817335296324,2025-03-15,280.0895522435506,409,0,30,0.20689655172413793,1.3334027961775519E-5,1.091540620877786,301.45063055129276,0.4607998158299435,"{""type"":""Point"",""coordinates"":[80.9134087104164,20.19976166267419]}"
2278,112.85738339433153,2025-03-15,280.44284697941373,462,0,10,0.5305639986491051,2.5105945304915167E-5,7.126247763649069,297.68518575032556,1.1376191009964143,"{""type"":""Point"",""coordinates"":[81.80665357128197,24.029418608093586]}"
2279,-0.0,2025-03-15,279.2765232721964,530,0,40,0.2857479387514723,4.861997766880677E-5,0.463735342881014,297.2456919352213,1.5325477883109593,"{""type"":""Point"",""coordinates"":[81.84730753726699,23.317103285990175]}"
2280,90.0,2025-03-15,280.24105312710714,315,0,10,0.28972503617945006,1.3334027961775519E-5,0.4937883857815359,301.6614111037481,0.46026426891390476,"{""type"":""Point"",""coordinates"":[80.77494961038506,20.09300413859842]}"
2281,199.47657115651702,2025-03-15,282.0457755043393,253,0,10,0.44432586268231944,1.3334027961775519E-5,1.4753516117896464,301.9617389497303,0.2233641862984435,"{""type"":""Point"",""coordinates"":[80.47720993783139,19.51929340757337]}"
2282,127.6539707098313,2025-03-15,278.68263957613993,579,0,10,0.44436363636363635,1.3334027961775519E-5,3.7901090166149722,299.3188934326172,1.2553642908736364,"{""type"":""Point"",""coordinates"":[80.40111230519072,22.191246982751355]}"
2283,100.36024389708534,2025-03-15,281.38223034994945,382,0,10,0.3596673596673597,0.0010160927693405597,2.5769651874358313,297.3923216320219,1.3600706768952568,"{""type"":""Point"",""coordinates"":[83.1860892619474,23.92388793218006]}"
2284,84.19216831770686,2025-03-15,278.89273420969647,622,0,10,0.4183321847002068,1.304571549454181E-4,4.573078767120146,297.59205191475996,1.3309667463467383,"{""type"":""Point"",""coordinates"":[82.23296689884485,23.732640789982845]}"
2285,-0.0,2025-03-15,280.3437316985358,250,1,40,0.23180202711596684,1.3334027961775519E-5,0.0,300.56587073916484,0.7269697996019032,"{""type"":""Point"",""coordinates"":[84.28603104257093,22.04631893405021]}"
2286,86.26869396248875,2025-03-15,281.04533953893747,410,0,10,0.47730138713745274,3.1567858858494446E-4,7.089637358122457,297.09867277599517,1.152180908664632,"{""type"":""Point"",""coordinates"":[81.7222474380492,24.07391643274164]}"
2287,133.45468501741877,2025-03-15,284.2850565683274,203,0,10,0.3300103842159917,1.4704934791609503E-5,5.378256553972617,298.0531986781529,0.049237120124840286,"{""type"":""Point"",""coordinates"":[83.13163977376689,18.65499318658722]}"
2288,102.5682760204003,2025-03-15,284.0045157387143,624,0,10,0.4167573449401523,1.637386484532044E-5,18.50854104783221,299.6677703857422,0.09116922603928383,"{""type"":""Point"",""coordinates"":[83.83303809286386,19.724346006842367]}"
2289,202.96676862992823,2025-03-15,286.27895305270243,252,0,30,0.36343241727425685,1.7610661224409796E-5,2.516734062793602,299.52917407807854,0.32929251319380515,"{""type"":""Point"",""coordinates"":[83.46566221503669,19.289145221593703]}"
2290,188.79283657974565,2025-03-15,279.30552950359527,371,0,10,0.5959498553519769,1.3334027961775519E-5,3.2812313500113897,299.25115022205176,1.2934081583776504,"{""type"":""Point"",""coordinates"":[83.02278681432661,22.547396245459915]}"
2291,320.7389764790496,2025-03-15,279.02248913901195,1004,0,10,0.579136690647482,2.086584488907306E-4,7.149989004147202,296.4280940464564,1.0785694224851807,"{""type"":""Point"",""coordinates"":[83.59694336052803,23.423057461647826]}"
2292,144.07153159559928,2025-03-15,278.6958696728661,686,0,40,0.600720421169299,1.7446748451277472E-5,1.7175909925067725,296.98126438685824,1.313808659930136,"{""type"":""Point"",""coordinates"":[83.37133204966466,23.074112317464607]}"
2293,144.19451445780024,2025-03-15,277.10815343402675,693,0,30,0.26156299840510366,2.0946311159519837E-4,6.8292401253171215,297.88570077078674,1.6349119993399857,"{""type"":""Point"",""coordinates"":[81.26115145408973,22.456893610654777]}"
2294,312.6611267750324,2025-03-15,278.9655578704107,582,0,40,0.48878923766816146,3.4241127176670716E-4,0.6843000969723814,297.1897430419922,1.8973452314021453,"{""type"":""Point"",""coordinates"":[81.85860226988504,22.850860808432966]}"
2295,180.0,2025-03-15,287.1847438358125,81,0,10,0.34500973033083127,1.3795963958784796E-5,0.4637353428839794,302.64796011788513,0.6237002910577166,"{""type"":""Point"",""coordinates"":[81.50835678712774,18.00452418138944]}"
2296,-0.0,2025-03-15,281.4180841445922,323,0,10,0.2860296436455377,1.3334027961775519E-5,0.0,300.52653503417963,0.997717947649185,"{""type"":""Point"",""coordinates"":[80.9488396240536,21.175543769415835]}"
2297,268.64604012041934,2025-03-15,288.5534252439226,203,0,10,0.750771821498737,2.553807897953675E-5,18.908505032371465,299.8385235014416,0.30187901376138493,"{""type"":""Point"",""coordinates"":[83.86690996228145,19.017635580403564]}"
2298,185.64660716598235,2025-03-15,278.7002583912441,718,0,30,0.4516174600932335,5.613016291050599E-5,5.112461851605051,296.42507716587613,1.2646593739859313,"{""type"":""Point"",""coordinates"":[83.54051937636258,23.15290143946594]}"
2299,252.53845587062273,2025-03-15,282.89562320709234,206,0,10,0.5085052479189287,1.3334027961775519E-5,1.5451055534232958,302.65669686453685,0.4257566011619904,"{""type"":""Point"",""coordinates"":[80.28156618919371,19.320344184848267]}"
2300,20.0174891105725,2025-03-15,281.0682596933274,424,0,10,0.45672865719724703,0.0010399942318954913,1.480357938049907,297.22723606654574,1.2299015220851677,"{""type"":""Point"",""coordinates"":[82.98326750786894,23.80084467181808]}"
2301,309.03845691896555,2025-03-15,283.2006769180297,516,0,40,0.27661837033098496,1.3334027961775519E-5,4.409008959905359,300.37749299548926,0.4508019184821026,"{""type"":""Point"",""coordinates"":[81.51625174241975,18.906994639186912]}"
2302,308.4032113114247,2025-03-15,279.6919052941459,503,0,10,0.46027489104927927,1.3334027961775519E-5,8.156410305186268,301.3867529006231,0.6272826835690338,"{""type"":""Point"",""coordinates"":[80.95802349180688,20.478359443901727]}"
2303,152.2798018021095,2025-03-15,287.5274649574643,74,0,40,0.40575515068959644,1.351284189610169E-5,1.0476236547446465,302.92169407435824,0.8657501775862817,"{""type"":""Point"",""coordinates"":[80.86108542874938,17.909377066367536]}"
2305,28.477621127373094,2025-03-15,278.76137492770243,567,0,10,0.34661905310448105,2.0144628687290833E-4,1.0550426644440007,297.3327048165457,1.7192254388091235,"{""type"":""Point"",""coordinates"":[82.13944131554729,22.817632611150753]}"
2306,36.968575384319614,2025-03-15,284.68926625024704,341,0,10,0.2688620258441017,1.3334027961775519E-5,8.072217897407556,301.7723148890904,0.46047889242161333,"{""type"":""Point"",""coordinates"":[80.58250175806067,18.38304007270712]}"
2307,-0.0,2025-03-15,285.2676586423601,188,0,80,-0.12155591572123177,1.3334027961775519E-5,0.0,300.9046449207125,0.777464564938862,"{""type"":""Point"",""coordinates"":[83.8241829082336,21.535333595221704]}"
2308,345.03620158175227,2025-03-15,281.2907938730149,332,0,30,0.19277497043328673,1.3334027961775519E-5,1.9193755594921165,300.64648364839104,0.6796610629152178,"{""type"":""Point"",""coordinates"":[81.77417474024868,20.7114430979219]}"
2309,121.35510881897578,2025-03-15,280.8846485047113,372,0,40,0.4819544697390339,1.0762857599644349E-4,1.7818937986451255,297.5902673630488,1.1620042070774876,"{""type"":""Point"",""coordinates"":[80.67328684599474,23.93702106032419]}"
2310,294.90166911426627,2025-03-15,282.58472755977084,256,0,40,0.5681180811808119,1.3334027961775519E-5,2.2016564562545744,300.10768854050406,0.7677014569014888,"{""type"":""Point"",""coordinates"":[82.45890908207595,21.80698305420921]}"
2311,122.03147902213607,2025-03-15,279.5219950448899,458,0,10,0.5201555869872702,1.3334027961775519E-5,3.4930902801154,301.0884769984654,0.7890531420569473,"{""type"":""Point"",""coordinates"":[82.25791085339274,20.20734560542809]}"
2312,90.0,2025-03-15,279.2729541687739,568,0,40,0.2750225428313796,1.4285492105869935E-4,1.5119729975175664,297.46432567778083,0.9922073309365593,"{""type"":""Point"",""coordinates"":[83.1049229582843,23.08356565301804]}"
2313,270.0,2025-03-15,279.0162868045626,665,0,10,0.23573080199586224,5.580233736424134E-5,0.5044123909801891,297.08767482212613,1.0644075166049805,"{""type"":""Point"",""coordinates"":[83.34035866592286,23.16767564978721]}"
2314,253.02336561574555,2025-03-15,280.68960339682445,409,0,40,0.1881135579729371,1.2682127161411927E-4,1.5878623580773363,297.5898255847749,1.1912933534994823,"{""type"":""Point"",""coordinates"":[81.16788693662279,23.672854656799267]}"
2316,65.08519831136671,2025-03-15,282.620406968253,236,0,40,0.556877591490896,1.3334027961775519E-5,1.1006914413826525,300.14718700590583,0.6752132470627297,"{""type"":""Point"",""coordinates"":[82.35958512168303,21.720970534558614]}"
2317,72.60591602753263,2025-03-15,281.9390744254703,337,0,30,0.4046935674489279,1.3661853508040167E-5,9.227121580235256,300.062260945638,0.3691903030531296,"{""type"":""Point"",""coordinates"":[83.46555763887196,19.98134383602014]}"
2318,90.0,2025-03-15,279.20022351401195,591,0,40,0.21030363364858137,1.1278437776951478E-4,3.5337245023521673,296.8318096342541,1.0165039726755312,"{""type"":""Point"",""coordinates"":[83.49767556579485,23.439920302040615]}"
2319,313.00768208047447,2025-03-15,281.996877624875,300,0,40,0.19597146454049516,1.3334027961775519E-5,2.7174908015272163,300.46673220679867,0.7737170752978548,"{""type"":""Point"",""coordinates"":[81.52148551705345,21.129410755960002]}"
2320,90.0,2025-03-15,280.5533264250983,366,0,10,0.4490358126721763,1.3334027961775519E-5,1.4896515264467012,301.6586674281529,0.826676172241459,"{""type"":""Point"",""coordinates"":[80.32285568500504,20.977081396713228]}"
2321,90.0,2025-03-15,285.25136516207743,689,0,10,0.43610223642172524,2.9755107597395636E-5,18.524310348216037,298.38226536342074,0.5076998630472159,"{""type"":""Point"",""coordinates"":[84.2333274500865,19.595190448327617]}"
2322,46.73380265470861,2025-03-15,280.59799834660123,619,0,10,0.44715447154471544,1.3334027961775519E-5,5.396914367508785,299.8194224039714,0.5665492827912576,"{""type"":""Point"",""coordinates"":[81.16264722452404,19.738972651041394]}"
2323,132.41154847811308,2025-03-15,280.8808701378959,352,0,40,0.3246753246753247,1.7118922905012823E-5,2.0618775049805107,297.66785176595056,1.2691046289561068,"{""type"":""Point"",""coordinates"":[80.80083024271171,24.00665524788303]}"
2324,10.06662814077621,2025-03-15,282.6763733000982,236,0,10,0.3850438657568584,1.3334027961775519E-5,2.823690046616494,300.8755979992094,0.07057791955363092,"{""type"":""Point"",""coordinates"":[82.87679270688324,20.144639295188785]}"
2325,301.74798127659943,2025-03-15,281.8634082703363,230,0,40,0.226158940397351,1.3334027961775519E-5,1.762118502050123,300.09394109816776,1.1466927242808018,"{""type"":""Point"",""coordinates"":[83.04488837950905,21.850972186256943]}"
2326,19.424033565335467,2025-03-15,283.05333223797027,212,0,10,0.3246753246753247,1.3334027961775519E-5,1.4748741582214853,301.8172367640904,0.4305577092878897,"{""type"":""Point"",""coordinates"":[80.48677975685904,19.040981115924282]}"
2327,270.0,2025-03-15,282.1129199890864,220,0,40,0.3174165056582942,1.3334027961775519E-5,1.9954262453753682,300.530760992141,1.1765751686256951,"{""type"":""Point"",""coordinates"":[83.11814537275016,21.683481000197297]}"
2328,147.52832406558022,2025-03-15,280.5125956308274,763,0,10,0.2536155202821869,1.3334027961775519E-5,13.48735063101448,300.22825913202195,0.4088934922774557,"{""type"":""Point"",""coordinates"":[80.9108678106341,19.466385930824593]}"
2329,245.75632189791216,2025-03-15,286.7180167152768,636,0,10,0.45518453427065025,1.6016236976668097E-5,30.597684770314448,299.67864045642676,0.22904852891104716,"{""type"":""Point"",""coordinates"":[83.36385418691947,18.967258957610458]}"
2330,251.3860478635168,2025-03-15,280.14948876698816,304,0,10,0.3802992518703242,1.3334027961775519E-5,5.791719396033179,300.4893907819475,0.8920498780145281,"{""type"":""Point"",""coordinates"":[83.98291495634979,22.147062517952808]}"
2331,133.1440137945563,2025-03-15,280.2548063823155,447,0,40,0.2680115273775216,1.3334027961775519E-5,2.0336093085754605,300.8639606294177,0.6379782057490797,"{""type"":""Point"",""coordinates"":[81.90350525750087,20.40911273341658]}"
2332,151.37790188227208,2025-03-15,280.3028148923601,432,0,10,0.3720455208637292,2.9299902124790833E-4,2.1122636748823886,297.73647853306363,1.0176911611371435,"{""type"":""Point"",""coordinates"":[80.72745232102477,23.619544332970346]}"
2334,157.15291122901112,2025-03-15,285.6359157108125,174,0,10,0.4062402496099844,1.3334027961775519E-5,2.5145165114880403,303.0112064906529,0.6895508989597537,"{""type"":""Point"",""coordinates"":[81.14164037467346,18.30897091627839]}"
2335,201.51681854308896,2025-03-15,279.77350057874406,541,1,10,0.3524027459954233,1.3334027961775519E-5,13.219418889119172,301.13918268112906,0.842883306067204,"{""type"":""Point"",""coordinates"":[82.28393570612954,20.043240414509793]}"
2336,270.0,2025-03-15,279.302041780381,332,0,10,0.4373962138824311,1.3334027961775519E-5,0.4979628891440415,300.69270760672435,1.0197290108377837,"{""type"":""Point"",""coordinates"":[80.58240643238527,21.367861294663054]}"
2337,118.44849516147212,2025-03-15,284.1511919384911,283,0,10,0.29377337018370997,1.3334027961775519E-5,3.888026659940478,302.93086678641185,0.5809234050464257,"{""type"":""Point"",""coordinates"":[81.59741413380888,18.533650810159667]}"
2338,126.29006487895883,2025-03-15,279.211721374875,606,0,40,0.2778024911032028,1.329605500259845E-4,3.1309652130176584,295.98732721237906,1.6108817581008112,"{""type"":""Point"",""coordinates"":[84.3514610735582,23.381885809207755]}"
2339,118.33182741445052,2025-03-15,286.02294254302984,356,0,40,0.4761082325849165,2.674507303623841E-5,3.902657132478815,299.2624330066499,0.3415401797929979,"{""type"":""Point"",""coordinates"":[83.99599576239336,19.346772403695994]}"
2340,242.0250022047357,2025-03-15,281.7987749463036,645,0,10,0.39859068627450983,1.3334027961775519E-5,24.161913074506767,299.9975055512928,0.15750819711725494,"{""type"":""Point"",""coordinates"":[83.660012941827,19.99466437669848]}"
2341,114.91370225455466,2025-03-15,281.86142608097623,207,0,40,0.45442644411716576,1.3334027961775519E-5,1.1007369025625593,300.8331000918434,1.1414264541395294,"{""type"":""Point"",""coordinates"":[83.37652761784196,21.728443875425942]}"
2343,139.79607483981383,2025-03-15,283.2228646505447,865,0,30,0.3523238380809595,1.3334027961775519E-5,3.0331331169718116,297.23081098284047,0.13509103501672876,"{""type"":""Point"",""coordinates"":[82.61756365891702,18.818995905137946]}"
2344,46.90416988031584,2025-03-15,282.15726638975593,297,0,10,0.3058823529411765,1.3334027961775519E-5,18.960325992302224,301.3638443719773,0.5266542833480145,"{""type"":""Point"",""coordinates"":[83.88384564098361,20.666728092435786]}"
2345,199.1041514258878,2025-03-15,279.1035496393839,904,0,10,0.40434056761268783,2.4778889818577454E-4,10.671896195120588,297.45489719935824,1.2128840464101616,"{""type"":""Point"",""coordinates"":[80.94561618858556,23.2720581575749]}"
2346,105.8800811296368,2025-03-15,278.1053923198155,912,0,40,0.20035671819262782,2.666537682571857E-4,6.747915513748554,298.3872934977214,1.6961361518861713,"{""type"":""Point"",""coordinates"":[81.15956650543356,22.397074350367202]}"
2347,180.0,2025-03-15,278.5656904038929,643,0,10,0.4639212827988338,1.3334027961775519E-5,3.242751465064752,300.29675801595056,0.9192252607434755,"{""type"":""Point"",""coordinates"":[82.09719006447604,19.97773538392284]}"
2348,275.9695848499933,2025-03-15,280.1126874742054,611,0,40,0.290420916871849,1.3334027961775519E-5,4.450099109114383,299.5857449486142,0.7149128601486358,"{""type"":""Point"",""coordinates"":[81.5713633829016,19.761784383112975]}"
2349,241.1891156639931,2025-03-15,278.39165882837204,704,0,10,0.43564781675017894,1.0476755304722474E-4,2.884421710330403,297.4751899355934,1.483192574366844,"{""type"":""Point"",""coordinates"":[82.32194240570105,23.555940344664663]}"
2350,164.6937679959434,2025-03-15,281.12367961520243,394,0,10,0.4656728128677913,1.339363260655091E-5,5.750216979502152,297.47974141438806,1.1042517915118395,"{""type"":""Point"",""coordinates"":[81.57880539681527,24.01261708852784]}"
2351,252.92499831569359,2025-03-15,280.5317490441459,363,0,40,0.28254025366555724,2.635764284519837E-5,1.5789894427642202,297.8590661911738,1.4742657863128839,"{""type"":""Point"",""coordinates"":[82.56506757277354,22.855322161414264]}"
2352,252.66705260752167,2025-03-15,280.2133024760655,306,0,10,0.3635125936010892,1.3334027961775519E-5,1.5562078177713126,301.928233555385,0.5655474443145315,"{""type"":""Point"",""coordinates"":[80.4108697126422,20.562698952778398]}"
2353,64.76526538914553,2025-03-15,282.2570908410209,218,0,40,0.2548919949174079,1.3334027961775519E-5,1.0876368359267286,302.030034383138,0.268359266656536,"{""type"":""Point"",""coordinates"":[80.41588965429763,19.505981977888823]}"
2354,46.78008960530361,2025-03-15,279.600875718253,652,0,10,0.6234892648940709,1.3334027961775519E-5,2.7067766350134006,299.23780968075704,0.5914654665226476,"{""type"":""Point"",""coordinates"":[81.42816560671122,19.996213482642883]}"
2355,146.4397165179422,2025-03-15,280.3369364511399,557,0,10,0.575390625,1.3334027961775519E-5,4.443181631864353,300.11498369489397,0.4754408515982877,"{""type"":""Point"",""coordinates"":[80.95459963079288,19.5904512728647]}"
2356,-0.0,2025-03-15,279.72488171713695,512,0,10,0.46131805157593125,1.9709514780430482E-4,0.0,297.4340289887927,1.2616009613437065,"{""type"":""Point"",""coordinates"":[82.72796112059724,23.132267122571704]}"
2357,312.9904005312743,2025-03-15,281.71717966170536,293,0,40,0.162140298162487,1.3334027961775519E-5,0.6800705917890788,300.48866417294454,0.6697472991980575,"{""type"":""Point"",""coordinates"":[81.71793352895553,21.219144358456273]}"
2358,275.24267800967175,2025-03-15,279.66836316244945,459,1,40,0.23300970873786409,5.019950075535462E-5,5.062013511049818,297.7950315929594,1.4523984181172738,"{""type"":""Point"",""coordinates"":[81.43969297346379,23.425292054693056]}"
2359,270.0,2025-03-15,281.0484261739822,233,0,40,0.278436018957346,1.3334027961775519E-5,0.4996509334364415,300.3597521100725,1.168052651336502,"{""type"":""Point"",""coordinates"":[83.17626183217239,21.857763402942783]}"
2360,-0.0,2025-03-15,280.5253374463036,330,0,40,0.4430879712746858,1.3334027961775519E-5,0.9274099368611016,300.8448188418434,0.982003307244581,"{""type"":""Point"",""coordinates"":[82.44701989173396,20.90992157553811]}"
2361,147.68555022431624,2025-03-15,289.3537123998006,102,0,40,0.41808052671562423,1.8042794899031378E-5,2.741549320887231,300.7276487804594,0.5526941651917813,"{""type"":""Point"",""coordinates"":[83.36397270493663,18.45496165169899]}"
2362,47.14503246094654,2025-03-15,281.5954174314226,236,0,10,0.807356608478803,1.3334027961775519E-5,0.6818011513890736,300.1767919631232,1.1662278983666665,"{""type"":""Point"",""coordinates"":[83.0596637703961,21.907018008090937]}"
2364,96.74113801401435,2025-03-15,282.0361900783721,744,0,30,0.2228906370507481,1.3334027961775519E-5,7.851829405306842,297.30197797502785,0.1571977350274273,"{""type"":""Point"",""coordinates"":[82.86799565760023,18.984922807780944]}"
2365,295.0155252325617,2025-03-15,280.5533264250983,348,0,40,0.26754832146490337,1.3334027961775519E-5,2.1922855901086353,301.6586674281529,0.826676172241459,"{""type"":""Point"",""coordinates"":[80.33169789025652,21.0491886670533]}"
2366,218.7857943547199,2025-03-15,281.13117240724114,327,0,40,0.25943886387253207,1.3334027961775519E-5,2.3783608146573347,300.4662729899089,0.8400372606457657,"{""type"":""Point"",""coordinates"":[82.21872057209461,21.046883370197303]}"
2367,259.4696482689341,2025-03-15,285.7418959935506,455,0,30,0.46010362694300516,1.6135446266218878E-5,25.973782181893057,299.03978838239397,0.08046665817839416,"{""type"":""Point"",""coordinates"":[83.17080602216431,18.85572046210789]}"
2368,180.0,2025-03-15,279.29421765463695,340,0,10,0.5653543307086614,1.3334027961775519E-5,2.7802885155287553,299.87622578938806,1.3139077070709684,"{""type"":""Point"",""coordinates"":[80.22469055930286,22.0584429306302]}"
2369,164.9162546491056,2025-03-15,279.0229076657976,577,0,10,0.5479850436227669,1.3334027961775519E-5,5.744196216904475,299.64527457101,1.1299951244667044,"{""type"":""Point"",""coordinates"":[80.34116568664159,21.938450254318187]}"
2370,77.65274356530314,2025-03-15,282.12549904414584,350,1,10,0.3808980213089802,1.3334027961775519E-5,8.60939396095288,300.02075122651604,1.1280043068929642,"{""type"":""Point"",""coordinates"":[82.95350463974016,21.515175227937988]}"
2371,294.6533468196708,2025-03-15,279.65903931572325,585,0,40,0.4060200668896321,2.442126194992511E-4,1.1116208718680043,297.9196653820219,0.984552966294747,"{""type"":""Point"",""coordinates"":[80.60107472954604,23.375275922142638]}"
2372,61.8303762814954,2025-03-15,280.55205340612497,433,0,10,0.3103448275862069,1.3334027961775519E-5,3.923208650471634,301.12572006952195,0.5377741207252779,"{""type"":""Point"",""coordinates"":[81.02283784965503,20.421462499850172]}"
2373,8.88050280683132,2025-03-15,279.8192188172114,474,0,10,0.3539618276460382,3.0261747077986456E-5,3.282010240934344,297.7481449672154,1.1190756529937094,"{""type"":""Point"",""coordinates"":[81.76578111623466,23.892686820329015]}"
2374,13.152295271754529,2025-03-15,277.92020003000897,803,0,10,0.5508702419697185,6.0153476432844855E-5,6.6374768711435586,297.2292240687779,1.6587314133278914,"{""type"":""Point"",""coordinates"":[82.41939340289923,23.502475754488135]}"
2375,182.02865227822855,2025-03-15,283.2081697100685,449,0,10,0.3375739644970414,1.4138690666243292E-5,13.656462359976434,299.8417496454148,0.10975005796019607,"{""type"":""Point"",""coordinates"":[83.57634023376339,19.771885349647317]}"
2376,284.34572130629897,2025-03-15,280.2397394180298,405,0,10,0.46032934131736525,1.3334027961775519E-5,5.597109417782569,301.5459267752511,0.508408039388287,"{""type"":""Point"",""coordinates"":[80.87998959253004,20.32524921218441]}"
2377,-0.0,2025-03-15,279.58784325917566,630,0,10,0.4700434153400868,2.6327840522810675E-5,0.4637353428839794,297.6541101364863,1.277316654639358,"{""type"":""Point"",""coordinates"":[82.93037056639032,22.900514416519016]}"
2378,163.1637106410576,2025-03-15,282.2680713562739,543,0,10,0.45802890079558367,1.3334027961775519E-5,6.751762479271756,300.4107484363374,0.3236937702621595,"{""type"":""Point"",""coordinates"":[81.31751699473278,19.236278332206254]}"
2379,169.95241686279462,2025-03-15,280.17349592844647,640,0,40,0.2612197928653625,1.3334027961775519E-5,2.8235238575870594,299.75279526483445,0.7473807768181923,"{""type"":""Point"",""coordinates"":[81.79275805032961,19.839681373867762]}"
2380,64.54576847164647,2025-03-15,287.6627421152024,122,0,40,0.18681318681318682,1.421319647221253E-5,1.0788773498043653,302.91595676967074,0.8487391421497481,"{""type"":""Point"",""coordinates"":[81.13592591048982,17.82570006255486]}"
2381,192.87986177029197,2025-03-15,278.93206410180954,701,0,10,0.2895737442465479,1.3334027961775519E-5,24.936357542185913,300.70397295270647,0.7955934042359881,"{""type"":""Point"",""coordinates"":[82.3492296939525,20.424220128784892]}"
2382,257.13002072216403,2025-03-15,281.72762539273214,387,0,10,0.493531809321283,7.058803956070392E-4,6.22146121815581,297.50299290248324,1.2783661782946172,"{""type"":""Point"",""coordinates"":[84.05218855676628,23.94745449136515]}"
2383,42.36294481263013,2025-03-15,280.79627541133334,363,0,40,0.5862516212710766,3.297375841526673E-5,3.7603321876755107,297.62812078566776,1.2685492949259487,"{""type"":""Point"",""coordinates"":[80.71536893790706,23.963740874391267]}"
2384,270.0,2025-03-15,281.5492806661697,329,0,40,0.37542606719688365,1.3334027961775519E-5,0.4958016265443944,300.9358484177363,0.8513508901942239,"{""type"":""Point"",""coordinates"":[81.29924234563673,20.71976983147749]}"
2385,187.18564589889235,2025-03-15,287.0183154968988,204,0,10,0.44484240687679083,1.3334027961775519E-5,11.527321393652205,302.6600334530785,0.8005718289587846,"{""type"":""Point"",""coordinates"":[81.2438382049567,17.859391172123313]}"
2386,304.65148701870686,2025-03-15,279.83260586148214,544,0,10,0.4372511428992774,1.3334027961775519E-5,2.4453616778792693,298.75320216587613,1.3435438039001029,"{""type"":""Point"",""coordinates"":[82.83445909928628,22.842820601276753]}"
2387,226.5524404081245,2025-03-15,291.8224507740566,120,0,10,0.5292134831460674,4.639970465092347E-5,5.378958486873054,300.0709453764416,0.2280574314142372,"{""type"":""Point"",""coordinates"":[84.12073153977681,18.69739010870182]}"
2388,208.55761753497583,2025-03-15,279.3557817822411,548,0,40,0.2320279463136606,1.1403607530979798E-4,2.1109697319110925,297.2830628894625,1.810278259781766,"{""type"":""Point"",""coordinates"":[82.34821218941264,23.26579472764976]}"
2389,244.6403995018647,2025-03-15,283.75205108097623,300,0,10,0.22571401279969433,1.3334027961775519E-5,5.397790757151178,301.26693798246833,0.40177934475166566,"{""type"":""Point"",""coordinates"":[81.06300353921291,18.568227952908966]}"
2390,133.28722182613424,2025-03-15,281.32236358097623,352,0,40,0.35121481837863844,1.3334027961775519E-5,2.7034038059775742,299.84002903529574,0.24403507715766656,"{""type"":""Point"",""coordinates"":[82.59505470569344,19.62122567341638]}"
2391,85.50939110153733,2025-03-15,285.60757795969647,696,0,30,0.37986671343388284,2.623843355564759E-5,22.465264238014246,299.7331361316498,0.15115061216150702,"{""type"":""Point"",""coordinates"":[83.91217403223044,19.533954983860973]}"
2392,312.4413953454923,2025-03-15,280.67210665203277,416,0,30,0.3915199603272998,1.4049283699080206E-5,2.0607036697456897,297.66178312755767,1.1003562451112225,"{""type"":""Point"",""coordinates"":[81.5658972362751,23.87253326736169]}"
2393,180.0,2025-03-15,279.6520289920625,491,0,10,0.3603063178047224,1.2831138773350403E-4,4.166350197281316,297.36386181059333,1.8677496524657158,"{""type"":""Point"",""coordinates"":[82.15280437511406,23.136784375853694]}"
2394,6.679974712958151,2025-03-15,284.09176113491964,872,0,30,0.49046855513985393,6.206082506565735E-5,8.344960922640361,297.8501550583613,0.08768425503920299,"{""type"":""Point"",""coordinates"":[82.4981367993873,18.430997666709814]}"
2395,180.0,2025-03-15,280.3854216166905,399,0,10,0.587218045112782,1.9473306373640753E-5,1.8543341688414132,297.75476001557854,1.1202715549464486,"{""type"":""Point"",""coordinates"":[81.68890148907654,23.976234718924886]}"
2396,245.23358899107185,2025-03-15,278.99740078335714,407,0,40,0.24892207382479756,4.099058313755677E-5,2.2129047954702212,299.06519644601,1.4903584519021675,"{""type"":""Point"",""coordinates"":[84.28933786367371,22.674503027557694]}"
2397,256.99223682109414,2025-03-15,279.0902090980893,514,0,10,0.6430446194225722,6.414698763279603E-5,2.0594429014543145,299.23241533551897,1.351132766591162,"{""type"":""Point"",""coordinates"":[82.20932808879748,22.4754867057004]}"
2398,37.856227656514776,2025-03-15,281.9681620370774,452,0,10,0.3706576728499157,1.3334027961775519E-5,22.296028440708373,300.63923499697734,1.035187802320896,"{""type"":""Point"",""coordinates"":[83.0695781956826,21.12877632165671]}"
2399,27.0302291904865,2025-03-15,281.11970361073816,368,0,10,0.25507336871682795,1.3334027961775519E-5,10.803023864588948,300.8801727294922,0.9270550351455445,"{""type"":""Point"",""coordinates"":[80.80602574539661,21.035053671121855]}"
2400,218.61736403234175,2025-03-15,279.27948202405656,764,0,10,0.47187268689859363,1.3334027961775519E-5,2.3727721729100884,299.81616719563806,0.7841098854120783,"{""type"":""Point"",""coordinates"":[81.71424470196628,20.12847382170271]}"
2401,140.97008866720955,2025-03-15,279.483205749875,328,0,40,0.21185299211083317,1.6403667167708136E-5,2.3865443344389723,299.73410106840583,1.126532564560293,"{""type"":""Point"",""coordinates"":[81.77062879746698,22.30393590158038]}"
2402,70.4536073899813,2025-03-15,282.35944389161614,950,0,40,0.23009982083439978,1.3334027961775519E-5,4.151003977721236,296.93902805873324,0.2683127685611005,"{""type"":""Point"",""coordinates"":[82.92293173872024,18.78275113751326]}"
2403,213.02492471513958,2025-03-15,278.4716788246518,463,0,10,0.6503874571994954,1.3334027961775519E-5,8.239371240250712,297.9345928373791,1.4056176622583156,"{""type"":""Point"",""coordinates"":[82.91129475789886,22.625612157131574]}"
2404,270.0,2025-03-15,281.67534442175,296,0,10,0.42259525712763124,1.3334027961775519E-5,0.9924270908514095,300.6440771193732,0.7074227448422425,"{""type"":""Point"",""coordinates"":[81.8112450059925,20.85626605460646]}"
2405,347.80180216565293,2025-03-15,277.75151629674997,613,0,10,0.5374617737003058,1.694010897068665E-5,2.3709333528668455,299.3758886428106,1.3317418208689351,"{""type"":""Point"",""coordinates"":[80.57170659067428,22.304356909768725]}"
2406,28.512777696922917,2025-03-15,279.40060483841665,585,0,10,0.4179264009772484,7.32366959610431E-5,1.0553940675642772,297.7144593738374,1.193579313235873,"{""type"":""Point"",""coordinates"":[83.06766962939224,23.01581391417832]}"
2407,252.9797523194618,2025-03-15,279.27353545597623,484,0,40,0.3478141325268078,8.962797327427552E-5,1.5839155094494533,297.64409455798926,1.3861092384814058,"{""type"":""Point"",""coordinates"":[81.28221892793646,23.31319857967999]}"
2408,337.9010817935883,2025-03-15,285.6244817915417,1089,0,10,0.6427373875933546,5.487625519791095E-4,21.02517687731642,296.40735371907556,0.09414026344761925,"{""type"":""Point"",""coordinates"":[82.50640311742202,17.90829877307932]}"
2409,-0.0,2025-03-15,279.77916231609527,319,0,40,0.20726691042047532,6.399797602085755E-5,0.4637353428839794,300.32593282063806,1.310265276843307,"{""type"":""Point"",""coordinates"":[81.37150726200075,22.04670499430953]}"
2410,196.81213152136417,2025-03-15,282.99228545597623,354,0,10,0.3329118725502592,1.3334027961775519E-5,3.387210853693235,301.4239029657273,0.31749574138211767,"{""type"":""Point"",""coordinates"":[81.20702695436401,18.984169014144175]}"
2411,238.63339937278744,2025-03-15,280.34655675433936,492,0,10,0.4388888888888889,6.927298708347962E-5,8.838624936613312,297.20818147205176,1.2784135215984633,"{""type"":""Point"",""coordinates"":[82.17104054130782,23.878338031327207]}"
2412,132.74111461209955,2025-03-15,278.6930271784464,409,0,10,0.51193444959031,7.359432382969544E-5,0.683265749941475,299.3790508451916,1.465417799519201,"{""type"":""Point"",""coordinates"":[81.67380802437823,22.466608319979674]}"
2413,-0.0,2025-03-15,286.2838068008423,170,0,40,0.2479530356866986,1.694010897068665E-5,0.9274099368670311,301.7804877871559,0.2562112482288263,"{""type"":""Point"",""coordinates"":[81.8829937323713,18.18510418797125]}"
2414,190.21042505421738,2025-03-15,279.483205749875,325,0,40,0.19894970712987275,1.6403667167708136E-5,2.8249555292076414,299.73410106840583,1.126532564560293,"{""type"":""Point"",""coordinates"":[81.80156429630395,22.28200760432421]}"
2415,90.0,2025-03-15,282.5836405527024,372,0,30,0.3640843142622502,6.941084782638995E-4,1.0139927606306713,297.76063682919454,1.34545865536085,"{""type"":""Point"",""coordinates"":[82.65207939625147,23.851806991003524]}"
2416,244.8997286153788,2025-03-15,279.6919052941459,432,0,10,0.32592141334145597,1.3334027961775519E-5,3.276067359429102,301.3867529006231,0.6272826835690338,"{""type"":""Point"",""coordinates"":[81.01970464930062,20.46607829642957]}"
2417,139.2606900183711,2025-03-15,281.3048087074643,242,0,40,0.2833623343595235,1.3334027961775519E-5,3.0573665285798683,300.73581005278083,0.7522882796649889,"{""type"":""Point"",""coordinates"":[84.30589992478913,21.752011262691656]}"
2418,54.90016857697898,2025-03-15,280.6757571356637,415,0,40,0.25536799459824444,1.3334027961775519E-5,2.4180929217141025,300.4441608247303,0.6528989735384694,"{""type"":""Point"",""coordinates"":[81.76653751154613,20.433678850634674]}"
2419,213.30922370605236,2025-03-15,280.83371030716665,389,0,50,0.30503067484662577,3.753351374058411E-5,2.7723643372164273,297.34297616141185,1.2723996516935554,"{""type"":""Point"",""coordinates"":[80.6951331488963,24.063633311644185]}"
2420,-0.0,2025-03-15,282.1214997881935,179,0,40,0.24804740102343117,1.3334027961775519E-5,0.463735342881014,301.6563887823196,0.4698476732446932,"{""type"":""Point"",""coordinates"":[83.37957419216903,20.561445683555263]}"
2421,41.03302430092431,2025-03-15,279.9748642785209,522,0,10,0.4134936539746159,1.641039769211261E-4,3.0709404551948416,298.27464585077195,0.9881084147020802,"{""type"":""Point"",""coordinates"":[80.219811592703,23.18655806880231]}"
2422,261.6902203141354,2025-03-15,284.49593593960714,504,0,40,0.25280103026400513,6.04813019791095E-5,6.3908710251265,297.84062194824213,0.16359972879905646,"{""type"":""Point"",""coordinates"":[82.37090939846405,18.308235564924868]}"
2423,53.24911963527293,2025-03-15,281.7436572937738,257,0,40,0.3267820475212672,1.3334027961775519E-5,3.097209399085249,300.2910381498791,0.9392880834893299,"{""type"":""Point"",""coordinates"":[82.94260641931542,21.020827095448062]}"
2424,194.75893410655203,2025-03-15,284.28108056386316,227,0,10,0.475204454497999,1.3334027961775519E-5,1.917556675357884,302.62279619489397,0.7131410521646707,"{""type"":""Point"",""coordinates"":[81.49479102903945,18.38337353055098]}"
2425,152.1572553500846,2025-03-15,284.7878467468989,127,0,10,0.3507410021171489,1.3334027961775519E-5,1.0488045173354887,302.8459232875279,0.47216220543443166,"{""type"":""Point"",""coordinates"":[80.28045988867115,18.804946109728125]}"
2426,19.65346564598694,2025-03-15,281.0705499649048,298,0,40,0.5598556903902919,1.3334027961775519E-5,1.4769706098338473,300.71808079310824,0.9902421780543378,"{""type"":""Point"",""coordinates"":[82.63973766977075,21.036692669795126]}"
2427,-0.0,2025-03-15,282.3632280713036,147,0,40,0.5064620355411955,1.3334027961775519E-5,2.7802885155465065,301.7058679489863,0.6282210583854931,"{""type"":""Point"",""coordinates"":[83.73030851120089,21.04220814438231]}"
2428,331.5985890128637,2025-03-15,279.53276629675,510,0,40,0.2117039586919105,1.3334027961775519E-5,3.1599983393610493,299.08788408551897,1.2357019197149608,"{""type"":""Point"",""coordinates"":[83.42789187638994,22.380465259998935]}"
2430,31.741086771030293,2025-03-15,278.6930271784464,525,0,10,0.5338594237474766,7.359432382969544E-5,3.811498657123169,299.3790508451916,1.465417799519201,"{""type"":""Point"",""coordinates"":[81.71411145850364,22.521428124267842]}"
2431,224.20866832113768,2025-03-15,277.6651660828363,781,0,10,0.4767888307155323,2.3035453958897278E-4,12.10872058401815,297.0023592994326,1.2943622227646072,"{""type"":""Point"",""coordinates"":[81.03199108436546,23.10317926752202]}"
2432,151.7570379627026,2025-03-15,282.23727476029177,275,0,40,0.26479069304961717,1.3334027961775519E-5,1.052713271560562,300.16532316662017,0.568043026599475,"{""type"":""Point"",""coordinates"":[82.04396150602932,21.43699902483761]}"
2433,28.406487760293395,2025-03-15,280.50662581125897,373,0,10,0.3116413593637021,3.6430827812239386E-5,1.0543335880483333,299.41131228492367,1.4114332886459147,"{""type"":""Point"",""coordinates"":[81.56435940236364,22.409657506596115]}"
2434,171.81054952357113,2025-03-15,293.2283926918393,151,0,10,0.4878985785631963,4.1005484298750616E-5,19.78873249297634,299.76190984816776,0.91171694215109,"{""type"":""Point"",""coordinates"":[84.20913097255418,18.642585456692807]}"
2435,69.76993085089694,2025-03-15,279.50143491654165,570,0,30,0.20620064346300088,6.43258015671222E-5,5.348871426779184,298.4545542399089,1.4965999444225153,"{""type"":""Point"",""coordinates"":[80.26796668653947,22.881285441455223]}"
2436,270.0,2025-03-15,281.833780061631,339,0,40,0.5636655948553054,1.3334027961775519E-5,0.49552411401577123,300.66445704868863,0.8493670789847183,"{""type"":""Point"",""coordinates"":[81.49486268100601,20.63513302458639]}"
2437,256.869466318498,2025-03-15,281.9681620370774,233,0,10,0.2731829573934837,1.3334027961775519E-5,2.0405367520794453,300.63923499697734,1.035187802320896,"{""type"":""Point"",""coordinates"":[83.10996782259217,21.08047222690625]}"
2438,14.812115865325804,2025-03-15,287.35996123722623,938,0,30,0.5414792154039949,4.3374768928572394E-5,3.8317631246054122,298.42251368931363,0.2636716741842989,"{""type"":""Point"",""coordinates"":[84.09977683457181,19.020499096965747]}"
2439,241.84305655745783,2025-03-15,280.783248765128,435,0,10,0.32632202636646424,1.3334027961775519E-5,7.813159543854395,300.6998865036738,0.7843892300091038,"{""type"":""Point"",""coordinates"":[81.47326081778668,20.5033749564827]}"
2440,28.047541358407013,2025-03-15,280.7450000672113,367,0,10,0.28939730237322864,1.3334027961775519E-5,3.1495612041896455,300.86901201520647,0.43397165159152734,"{""type"":""Point"",""coordinates"":[81.01100214508838,20.201830120573174]}"
2441,-0.0,2025-03-15,292.9737249556042,46,0,40,0.6256281407035176,1.8370620445296026E-5,0.4637353428839794,300.82488650367367,0.9825837348904817,"{""type"":""Point"",""coordinates"":[83.70631343113679,18.44464066067757]}"
2442,324.87360132551004,2025-03-15,291.18733056386316,51,0,40,0.40132022093493197,1.8042794899031378E-5,1.7005182740021603,301.1503550211589,0.586227437052292,"{""type"":""Point"",""coordinates"":[83.73963198583604,18.622248072416472]}"
2443,272.8009301660768,2025-03-15,290.38292789459234,352,0,10,0.5046406788650225,1.265828530350177E-4,26.4229207938628,299.4248679024833,0.4897845248014029,"{""type"":""Point"",""coordinates"":[84.18362794557753,18.93748772931882]}"
2444,-0.0,2025-03-15,280.10729894183936,312,0,10,0.3949235377581586,6.471323175816224E-5,0.4637353428839794,298.2770465669178,1.3062295213361037,"{""type"":""Point"",""coordinates"":[83.98595891955931,23.741606870479274]}"
2445,287.2628333106766,2025-03-15,283.2016883577619,141,0,40,0.48551331435270473,1.3334027961775519E-5,1.562331831107295,301.1501166934059,0.5427585361523605,"{""type"":""Point"",""coordinates"":[83.92262401820618,21.2100134083075]}"
2446,65.17961421565411,2025-03-15,277.9838044756935,809,0,10,0.7137907137907138,5.5504314140364386E-5,16.13104531165858,298.437499273391,1.433924148417951,"{""type"":""Point"",""coordinates"":[80.7045309537186,22.332352225665733]}"
2447,180.0,2025-03-15,278.283737046378,675,0,30,0.2655038759689923,2.411131779709308E-4,3.2427514650854445,295.7378794352214,1.4783365382224571,"{""type"":""Point"",""coordinates"":[84.04831065885912,23.43446426331569]}"
2448,294.80137865610516,2025-03-15,279.93887678782147,424,1,10,0.5221480582524272,1.3334027961775519E-5,1.105403463341321,299.423833211263,1.283511520571094,"{""type"":""Point"",""coordinates"":[83.34641236879469,22.45412593699954]}"
2449,342.2295303628531,2025-03-15,279.9246468771072,459,0,30,0.4079844206426485,1.5301751299290345E-4,8.221773552203484,298.0747993105934,0.9201339522659815,"{""type"":""Point"",""coordinates"":[80.52173550084805,23.408635177548263]}"
2450,180.0,2025-03-15,280.1757396970476,364,0,40,0.28248737709274513,7.752823038487122E-5,0.9274099368670311,299.5526173909505,1.5013956750497581,"{""type"":""Point"",""coordinates"":[81.38896676899303,22.254203523451412]}"
2451,28.025576627477058,2025-03-15,279.3340474537441,665,0,40,0.27788831410001325,1.3334027961775519E-5,2.1004544302692274,299.91230628603984,0.7165926586535444,"{""type"":""Point"",""coordinates"":[81.5822134923885,20.057352749557037]}"
2452,180.0,2025-03-15,281.3735401062738,282,0,40,0.5407685098406748,1.3334027961775519E-5,3.242751465064752,300.5521523611886,0.8163181730625302,"{""type"":""Point"",""coordinates"":[81.5161425557576,21.58174013118322]}"
2453,172.21089402580347,2025-03-15,281.5500305266608,397,0,10,0.4175979852038407,9.131257454910724E-4,3.7391945104928723,297.2958453950428,1.5605082586795498,"{""type"":""Point"",""coordinates"":[83.53966009854413,23.962204443004055]}"
2454,353.1288889507619,2025-03-15,280.1754374277024,517,0,10,0.49384993849938497,1.3334027961775519E-5,4.196382988466592,298.67746044340583,1.4245257260094484,"{""type"":""Point"",""coordinates"":[82.71005815647231,22.76955432012471]}"
2455,39.10066122666146,2025-03-15,279.2715532666161,506,0,10,0.3891087757608844,1.3334027961775519E-5,2.3889347203442863,298.43930126371833,1.3692990990726672,"{""type"":""Point"",""coordinates"":[82.91708891377036,22.653609178747068]}"
2456,295.16609755033085,2025-03-15,281.99452922457743,254,0,40,0.3197414221780209,1.3334027961775519E-5,3.2680717655001428,301.18440682547435,0.20941684805032493,"{""type"":""Point"",""coordinates"":[82.87441192951681,20.00100664729563]}"
2457,151.49898198586126,2025-03-15,278.8826953797113,668,0,40,0.261377366089408,4.426883860020325E-5,1.0552764548518443,297.07311357770647,1.2735780075778047,"{""type"":""Point"",""coordinates"":[81.03605185980634,22.9501274362658]}"
2458,58.424445228298254,2025-03-15,278.1942304429554,691,0,30,0.3705220061412487,8.280324144749329E-5,1.770733083157139,296.9608902704148,1.354509769892064,"{""type"":""Point"",""coordinates"":[80.9665063760743,22.791148153894405]}"
2459,301.6180281239532,2025-03-15,278.5914065497262,413,0,10,0.31918052256532065,1.3334027961775519E-5,1.7686017830099805,299.2997748965309,1.480592091057561,"{""type"":""Point"",""coordinates"":[83.98793469097836,22.563636819618438]}"
2460,312.6081916423226,2025-03-15,277.6651660828363,958,0,10,0.4021669853409815,2.3035453958897278E-4,0.6849870758215763,297.0023592994326,1.2943622227646072,"{""type"":""Point"",""coordinates"":[80.95986938452475,23.101646328449487]}"
2461,114.97943248990116,2025-03-15,281.57668254488993,243,1,40,0.22710416900775368,1.3334027961775519E-5,1.0980262731178039,300.50171988351,1.1211899318834184,"{""type"":""Point"",""coordinates"":[83.12056280883829,21.292457139108553]}"
2462,208.69078690298494,2025-03-15,280.4027149109614,366,0,10,0.28750306899091577,1.6106414003758118E-4,2.1136467538365187,297.76074727376306,1.1327171837502048,"{""type"":""Point"",""coordinates"":[80.29974129663975,23.989641115016166]}"
2463,87.47670331103505,2025-03-15,277.4086149760655,747,0,10,0.44381811349116873,1.557891289749591E-4,10.417216722949385,298.8300308954148,1.638234364728029,"{""type"":""Point"",""coordinates"":[80.93720379691163,22.265736533129708]}"
2464,320.60809853093525,2025-03-15,283.34567319779165,624,0,10,0.3893413344763538,1.3334027961775519E-5,5.384690383561572,301.50750369117367,0.5037679470477932,"{""type"":""Point"",""coordinates"":[81.67679017848154,18.709940924464995]}"
2465,90.0,2025-03-15,282.23727476029177,281,0,40,0.281638288080994,1.3334027961775519E-5,1.4941040118488156,300.16532316662017,0.568043026599475,"{""type"":""Point"",""coordinates"":[81.97322183660991,21.41785834785662]}"
2466,-0.0,2025-03-15,282.0536345073155,273,0,40,0.7378510922871154,1.3334027961775519E-5,0.0,300.6039334251767,0.6764282621775529,"{""type"":""Point"",""coordinates"":[81.60442660833624,21.444968835883603]}"
2467,54.47410341855089,2025-03-15,287.81712618328277,80,0,30,0.4590932777488275,1.4242998794600226E-5,2.3928707296346055,302.78848048618863,0.6964728569816626,"{""type"":""Point"",""coordinates"":[81.34686463648053,17.83044244811307]}"
2468,312.4459235490127,2025-03-15,280.69906675247927,367,0,10,0.8007518796992481,1.2294696970371888E-4,0.6871052341374025,297.64605930873324,1.1654075752811281,"{""type"":""Point"",""coordinates"":[80.63915584499483,23.851505575643863]}"
2469,312.4298718004727,2025-03-15,279.7619620277768,559,0,40,0.2369584438549956,7.439898653416321E-5,2.061156649956792,297.10021318708147,1.241175849717124,"{""type"":""Point"",""coordinates"":[82.08317072616833,23.924376089238578]}"
2470,28.56233469552027,2025-03-15,279.1037705285209,498,0,40,0.19681408509746384,5.79481045761554E-5,2.1110642477282813,297.4438294910249,1.4681521321440376,"{""type"":""Point"",""coordinates"":[81.70274419354622,23.292090311817997]}"
2471,180.0,2025-03-15,284.99700550805954,162,0,10,0.45234758234057465,1.3334027961775519E-5,0.463735342881014,302.9654010591053,0.41281012131254174,"{""type"":""Point"",""coordinates"":[80.89293023953125,18.5245343303031]}"
2472,121.7264887125605,2025-03-15,278.01742031460714,617,0,10,0.19412124923453766,1.3334027961775519E-5,1.7631868459405766,298.94575355166484,1.1943352044313005,"{""type"":""Point"",""coordinates"":[80.41062967254695,21.97025255322573]}"
2473,121.7032614102709,2025-03-15,280.14948876698816,248,0,50,0.14516129032258066,1.3334027961775519E-5,3.525346581433218,300.4893907819475,0.8920498780145281,"{""type"":""Point"",""coordinates"":[84.04662560471438,22.098595385118514]}"
2474,35.58302954926212,2025-03-15,279.98270003000897,335,0,10,0.32982673267326734,1.3334027961775519E-5,1.7101551242841682,300.89375741141174,1.0423356247460862,"{""type"":""Point"",""coordinates"":[80.54289280333609,21.28724615554145]}"
2475,180.0,2025-03-15,277.44134725843156,1125,0,40,0.20775862068965517,4.34858075813338E-4,2.317462738066788,296.3101857503256,1.7833208105094043,"{""type"":""Point"",""coordinates"":[81.59632956586923,22.867793896423226]}"
2476,315.73169952951883,2025-03-15,279.3564677011399,510,0,10,0.5935496405673207,5.934881372837708E-5,6.448807001926411,299.01780991327195,1.3629229384972465,"{""type"":""Point"",""coordinates"":[80.52686408974424,22.588572608722224]}"
2477,312.8910062464931,2025-03-15,282.7137616929554,229,0,40,0.7701256398324802,1.3334027961775519E-5,2.043248011184602,300.2153894333613,0.7679088510889448,"{""type"":""Point"",""coordinates"":[82.54147009192518,21.72626035444121]}"
2478,180.0,2025-03-15,280.5712126323155,494,0,10,0.4445880452342488,3.795151631393878E-4,7.378860558780502,297.40517389206656,1.3803097812076435,"{""type"":""Point"",""coordinates"":[83.48064729317176,23.76769872354936]}"
2479,109.15065081725079,2025-03-15,280.2164472398304,712,0,10,0.638716938660664,1.3334027961775519E-5,9.798742095272589,300.3527534121559,0.6514211279101585,"{""type"":""Point"",""coordinates"":[81.23212651815975,19.508037640638435]}"
2480,160.5991447421367,2025-03-15,283.8469578425089,567,0,30,0.3661547726588377,1.3334027961775519E-5,2.9473768758358996,298.13430568150113,0.29239770446741875,"{""type"":""Point"",""coordinates"":[82.51917939106502,18.82580914309164]}"
2481,110.37189955866671,2025-03-15,278.22243449801493,447,0,30,0.3071467539552646,4.188465280918763E-5,2.6624259389425404,300.53802708217074,1.2243788091717802,"{""type"":""Point"",""coordinates"":[80.69086602750077,21.821658164412785]}"
2482,227.17544475787918,2025-03-15,280.0701488767352,292,1,10,0.4056142158125161,1.3334027961775519E-5,0.6821914952383495,300.45909990583147,1.0128898407541531,"{""type"":""Point"",""coordinates"":[83.77854633167937,22.057900756665262]}"
2483,245.21773181232078,2025-03-15,278.7716578983125,384,0,10,0.48209521134672095,1.3334027961775519E-5,3.315312753936889,298.4369935535249,1.3556426065205889,"{""type"":""Point"",""coordinates"":[83.03006251157232,22.575553861398]}"
2484,335.92526445043205,2025-03-15,280.92750681014286,627,0,10,0.5863826688512652,1.3334027961775519E-5,9.56089092007266,300.8590545654297,0.2808620583985963,"{""type"":""Point"",""coordinates"":[80.81090042772419,19.54335269869383]}"
2485,204.9233047090056,2025-03-15,279.306197983878,546,0,40,0.27456117369662036,4.58781640091388E-5,3.5749280861652295,297.5169379824684,1.6016417961445597,"{""type"":""Point"",""coordinates"":[83.71940230055968,22.736276879129488]}"
2486,313.4024447392446,2025-03-15,282.12940529414584,687,0,40,0.21605805243445692,1.3334027961775519E-5,2.0238979023398564,299.16804359072734,0.4811427036116887,"{""type"":""Point"",""coordinates"":[81.63825276372269,18.96175471808932]}"
2487,72.49779479968913,2025-03-15,284.0969229652768,126,0,40,0.2502996883241429,1.3334027961775519E-5,1.5416296120568926,302.3650650751023,0.4785693167184318,"{""type"":""Point"",""coordinates"":[80.36502988834464,18.91084460398036]}"
2488,312.99083084814714,2025-03-15,282.47751494816373,266,0,10,0.2524150825802431,1.3334027961775519E-5,0.6800651132603404,300.17665245419454,0.7054392393884701,"{""type"":""Point"",""coordinates"":[82.05290871770455,21.21666211700396]}"
2489,49.24485515975159,2025-03-15,282.78655628930954,323,0,10,0.4935897435897436,1.3334027961775519E-5,23.457795631766146,301.2812841506232,0.5528356542673408,"{""type"":""Point"",""coordinates"":[84.36516262884653,20.661708526323693]}"
2490,27.00038122206365,2025-03-15,281.30625029972623,687,0,10,0.3848817080207732,1.3334027961775519E-5,11.801172708586453,297.9381503150576,0.7499226488670928,"{""type"":""Point"",""coordinates"":[84.2311118810522,20.17796065545386]}"
2491,90.0,2025-03-15,281.5334522156489,247,0,30,0.3056451612903226,1.3334027961775519E-5,0.985811869914295,301.39639064243863,0.33779572437216226,"{""type"":""Point"",""coordinates"":[82.69247285428358,19.822850509779883]}"
2492,72.42979155667491,2025-03-15,283.6167913618542,1082,0,40,0.43388581952117866,2.587263505020587E-4,3.0695016835052416,297.11541966029574,0.1265547235352338,"{""type"":""Point"",""coordinates"":[82.54946536725586,18.206005996660934]}"
2493,61.61248370671761,2025-03-15,278.8825674965268,679,0,40,0.24805227444081426,1.475636879959552E-4,9.661552178690377,296.7952176048642,1.2398906127790583,"{""type"":""Point"",""coordinates"":[83.56452705713187,23.261963029823026]}"
2494,139.2512518826701,2025-03-15,282.58917440686906,244,0,40,0.5423263668988811,1.3334027961775519E-5,3.057799599420257,300.02066984630767,0.67492028516014,"{""type"":""Point"",""coordinates"":[82.41690135822648,21.80015469023351]}"
2495,287.4859774948631,2025-03-15,281.79285162971127,930,0,40,0.3844545137678634,1.4108888343855597E-5,3.083794819966217,297.1894989013672,0.2567016045499856,"{""type"":""Point"",""coordinates"":[83.0652972543806,19.075680519830605]}"
2496,158.05171027796646,2025-03-15,282.12549904414584,292,0,10,0.34354888139748696,1.3334027961775519E-5,7.948352634204066,300.02075122651604,1.1280043068929642,"{""type"":""Point"",""coordinates"":[83.03293151470756,21.475333423209293]}"
2497,287.20364611826096,2025-03-15,281.3155508949643,224,0,40,0.19841094681085852,1.3334027961775519E-5,1.5675409161038458,300.7280673072451,0.7356584751013514,"{""type"":""Point"",""coordinates"":[84.27076605604356,21.741806024125896]}"
2498,290.3849368218787,2025-03-15,281.86142608097623,213,0,40,0.190138346931536,1.3334027961775519E-5,2.6607979096823873,300.8331000918434,1.1414264541395294,"{""type"":""Point"",""coordinates"":[83.44118223132031,21.721461418539924]}"
2499,197.1685462852671,2025-03-15,279.3607576006935,341,0,30,0.2639292133278031,1.3334027961775519E-5,3.39363997192646,299.61792500813806,1.2239536175112107,"{""type"":""Point"",""coordinates"":[84.13949177668314,22.363210604736068]}"
2500,114.89478550621082,2025-03-15,278.0073931103661,433,1,40,0.20795918367346938,1.4458345575718567E-4,2.2022258543547317,299.9780498686291,1.472602871561269,"{""type"":""Point"",""coordinates"":[81.0220237579138,21.85191755633575]}"
2501,290.13104519102774,2025-03-15,280.12132540203277,421,0,40,0.23940200696293262,5.715613286056964E-4,5.3739353946532,297.5912322998047,1.1866527352919347,"{""type"":""Point"",""coordinates"":[82.8864465676587,23.59353348531895]}"
2502,35.025482510027445,2025-03-15,290.8906880787441,85,0,10,0.4500659920809503,1.7167376680760071E-4,3.3938557196454915,300.0662602015904,0.4131135912760858,"{""type"":""Point"",""coordinates"":[82.95831028911986,17.973803374003328]}"
2503,65.0781875017537,2025-03-15,282.00674788157147,205,0,40,0.43784926748225345,1.3334027961775519E-5,1.1004016448386111,300.87259855724517,1.1171697270836214,"{""type"":""Point"",""coordinates"":[83.47868193981797,21.674615739840686]}"
2504,227.21910971787239,2025-03-15,280.6964800244286,335,0,10,0.49876583840710875,1.3334027961775519E-5,0.6827530566268962,300.0027196974981,1.1953566365244672,"{""type"":""Point"",""coordinates"":[82.95133207571615,22.27281252582605]}"
2505,-0.0,2025-03-15,277.9448059172857,767,0,30,0.390847711927982,1.9771329597517706E-5,6.922303189771408,299.7677227201916,1.2105441542839146,"{""type"":""Point"",""coordinates"":[80.61128593606618,21.92893552209296]}"
2506,208.67489132551347,2025-03-15,280.59070319221127,374,0,40,0.59501015375689,1.5116976900486634E-4,1.0570226401997165,297.77623276483445,1.154597137952201,"{""type"":""Point"",""coordinates"":[80.52017268756383,23.90443715546189]}"
2507,352.49923585725264,2025-03-15,284.40845802852084,491,0,10,0.3691837063274835,1.3423434928938605E-5,3.736676694445897,302.04614185151604,0.5386124847551754,"{""type"":""Point"",""coordinates"":[80.65217630255002,18.310194944504804]}"
2508,270.0,2025-03-15,281.14202503930954,238,0,10,0.37705918242830994,1.3334027961775519E-5,1.481071861301249,302.4442538306826,0.4774458818148999,"{""type"":""Point"",""coordinates"":[80.21291027852779,20.09324816861065]}"
2509,-0.0,2025-03-15,279.5707301639376,386,0,40,0.2319760064597993,1.72679345169513E-5,2.317462738066788,298.3211546398344,1.5762517426412148,"{""type"":""Point"",""coordinates"":[83.88370125687159,22.671216330789626]}"
2510,-0.0,2025-03-15,281.67534442175,291,0,40,0.22155807929866508,1.3334027961775519E-5,0.4637353428839794,300.6440771193732,0.7074227448422425,"{""type"":""Point"",""coordinates"":[81.77960860319895,20.916774326823393]}"
2511,180.0,2025-03-15,285.58173974355066,608,0,10,0.40771953480532613,1.6016236976668097E-5,8.742673412295344,298.9514501662481,0.14485685852102853,"{""type"":""Point"",""coordinates"":[83.2500937735384,18.993107182618463]}"
2512,151.61348560642278,2025-03-15,280.74620333172027,315,0,10,0.36274818783485663,1.3334027961775519E-5,2.1075567553291457,299.79256112234935,1.2601075262559394,"{""type"":""Point"",""coordinates"":[82.7988828977131,22.29401790317619]}"
2513,90.0,2025-03-15,280.4795785177322,618,0,40,0.3145621433887373,1.3334027961775519E-5,1.966635278292571,299.1501864478701,0.18844807988425916,"{""type"":""Point"",""coordinates"":[82.54275798372737,19.46290851977474]}"
2514,245.03077813843387,2025-03-15,281.51667626698816,310,0,10,0.4318101310662416,1.3334027961775519E-5,1.0984463753215479,300.5469091506232,0.8895081404113897,"{""type"":""Point"",""coordinates"":[82.5831367769268,21.360524848062617]}"
2515,101.98393528059896,2025-03-15,281.74416882651195,415,0,10,0.4800280308339173,1.3334027961775519E-5,11.028926352055345,299.6962534586589,0.8942342850851115,"{""type"":""Point"",""coordinates"":[82.90788404753377,20.9395341144244]}"
2516,192.22713568252928,2025-03-15,279.1164600281489,782,0,10,0.44508670520231214,7.731961412815735E-5,2.371192249478823,298.6605624244327,1.3242868402493273,"{""type"":""Point"",""coordinates"":[80.57664964029371,22.64370343165834]}"
2517,180.0,2025-03-15,281.5091020947411,299,0,40,0.30045501247614853,1.3334027961775519E-5,0.463735342881014,300.52016412644156,1.010767838827348,"{""type"":""Point"",""coordinates"":[82.72429784327856,21.300469746130272]}"
2518,277.8804952731347,2025-03-15,277.77254726773214,933,0,10,0.6074766355140186,3.002409855881183E-4,10.042927165370793,297.23371741885234,1.6557589612340948,"{""type"":""Point"",""coordinates"":[81.26121889130097,22.666715150034882]}"
2519,47.27851245822594,2025-03-15,278.5914065497262,380,0,40,0.3181364866790141,1.3334027961775519E-5,0.6835191406690166,299.2997748965309,1.480592091057561,"{""type"":""Point"",""coordinates"":[83.95300631036632,22.56202758979958]}"
2520,32.959476571593775,2025-03-15,279.6268766948155,546,0,10,0.5164763458401305,5.526589556126282E-5,19.64238053235261,297.52076285226,1.3222859062295726,"{""type"":""Point"",""coordinates"":[81.52356320612874,23.50685308896114]}"
2521,215.86358770312015,2025-03-15,284.7878467468989,221,0,10,0.22794117647058823,1.3334027961775519E-5,10.744669855001657,302.8459232875279,0.47216220543443166,"{""type"":""Point"",""coordinates"":[80.28898457887543,18.832325817145858]}"
2522,167.9970473853829,2025-03-15,281.4159624463036,288,0,30,0.3481079451228705,1.3334027961775519E-5,4.730333214006948,302.1200525192988,0.4132895125282008,"{""type"":""Point"",""coordinates"":[80.28216619450664,19.83297368411912]}"
2523,35.21087011041988,2025-03-15,286.64230987003873,776,0,40,0.3946403385049365,1.5549110575108216E-4,5.094885710396614,296.8348148890904,0.46897060937997004,"{""type"":""Point"",""coordinates"":[84.28280798355475,19.14673441915078]}"
2524,11.974596681539605,2025-03-15,280.52873216356545,640,0,30,0.5583356761315715,1.3334027961775519E-5,2.368955115316073,300.15880112420945,0.5757725444598449,"{""type"":""Point"",""coordinates"":[82.20687418679643,19.442150284245514]}"
2525,35.6095595257434,2025-03-15,282.09573132651195,256,0,40,0.746730673729515,1.3334027961775519E-5,1.710721721797912,300.249272664388,1.1133516075948953,"{""type"":""Point"",""coordinates"":[83.02327163335178,21.43081782434531]}"
2526,35.72977217783176,2025-03-15,280.08619240352084,272,1,10,0.3981011260763966,1.3334027961775519E-5,3.4235383131683395,300.76052638462613,1.0899890789761757,"{""type"":""Point"",""coordinates"":[83.3983537765162,22.066711318349228]}"
2527,132.84269598283922,2025-03-15,280.79782163529165,231,0,30,0.21366405570060923,1.3334027961775519E-5,1.3637239932416427,300.33180963425417,1.120059380814783,"{""type"":""Point"",""coordinates"":[83.1813981913828,21.967887824184505]}"
2528,232.53316628664894,2025-03-15,279.8126967748006,489,0,10,0.4960178400764575,1.519744317093341E-4,3.806193548639322,297.55562264578674,1.755699650093743,"{""type"":""Point"",""coordinates"":[81.75273912968254,23.119713523482616]}"
2529,55.41780735282928,2025-03-15,278.3121445519584,777,0,10,0.30304149735254277,1.3597058458714173E-4,4.890366212378937,296.38500322614397,1.906362694966099,"{""type"":""Point"",""coordinates"":[84.0922725902156,23.19177651918173]}"
2530,208.332670952928,2025-03-15,278.4504037130447,572,0,40,0.33351439435089625,8.563446207432435E-5,1.053600484777189,299.9152010963076,1.3597991221877943,"{""type"":""Point"",""coordinates"":[80.66027634556859,21.97684579598958]}"
2531,282.98113475419257,2025-03-15,279.5056201843988,502,0,30,0.2,5.419301195530579E-5,4.1218423889029605,298.80779665992367,1.5026810951961425,"{""type"":""Point"",""coordinates"":[80.35089905372276,22.76724918078102]}"
2532,135.74864761651025,2025-03-15,278.73123518625897,620,0,10,0.40366056572379366,7.478641672520325E-5,6.4469640231842265,299.38616580054867,1.3802681957401841,"{""type"":""Point"",""coordinates"":[81.8425832384435,22.506790946226957]}"
2533,347.98726701386516,2025-03-15,281.49270398276195,337,0,40,0.2551336146272855,1.3334027961775519E-5,2.3692897313113748,301.3824571881975,0.44250564717638985,"{""type"":""Point"",""coordinates"":[80.55420564221801,19.965188107671178]}"
2534,261.28466106817194,2025-03-15,278.7237598328364,621,0,10,0.6006006006006006,1.2610601587681458E-4,6.0978957672061345,298.06541733514706,1.1863791214210015,"{""type"":""Point"",""coordinates"":[80.35648849227513,23.106822594643397]}"
2535,270.0,2025-03-15,278.2067571821667,584,0,10,0.593325572370974,1.3334027961775519E-5,0.999396972002899,299.086895897275,1.1453685764115522,"{""type"":""Point"",""coordinates"":[80.35458438721594,21.881733648039074]}"
2536,270.0,2025-03-15,282.8395580564226,136,0,40,0.27278981768145855,1.3334027961775519E-5,0.9918713224553535,301.624493553525,0.4939475691039055,"{""type"":""Point"",""coordinates"":[83.86101003839534,20.771924313195843]}"
2537,133.0717031088911,2025-03-15,280.7960661479405,388,0,10,0.25436646554461734,1.3334027961775519E-5,2.7142459187162435,300.93851652599517,0.8366991344290501,"{""type"":""Point"",""coordinates"":[80.92850300781777,20.7942268647245]}"
2538,208.7024668023403,2025-03-15,281.10606661297027,354,0,40,0.6414637619251032,2.3526422218367316E-5,2.113882415895833,297.56310962495354,1.235292839756432,"{""type"":""Point"",""coordinates"":[81.05745050829469,24.051921202338736]}"
2539,132.52669238663907,2025-03-15,279.57757191430954,503,0,30,0.31091018685955396,6.280588312534974E-5,4.791369433541489,297.44986906505767,1.2951407894001377,"{""type"":""Point"",""coordinates"":[81.59697622584187,23.481642398889612]}"
2540,180.0,2025-03-15,292.9737249556042,37,0,40,0.32114818449460253,1.8370620445296026E-5,1.390963080774087,300.82488650367367,0.9825837348904817,"{""type"":""Point"",""coordinates"":[83.733797753655,18.37383094218584]}"
2541,32.39901523688638,2025-03-15,282.7565560567947,329,0,30,0.29102076630593743,1.3334027961775519E-5,2.744110227351783,301.6179773239863,0.3394581405640025,"{""type"":""Point"",""coordinates"":[80.7241840459132,19.006484449152158]}"
2542,132.93971477590853,2025-03-15,280.90090710776195,297,0,40,0.33870101986044016,1.3334027961775519E-5,1.3612414416270602,300.50155712309333,0.9181547504838821,"{""type"":""Point"",""coordinates"":[80.27795866478223,21.47938969139391]}"
2543,99.72209141945501,2025-03-15,283.5791181382679,1032,0,10,0.7540413959812661,1.4704934791609503E-5,16.044127856616424,299.68459865025113,0.11979389882097263,"{""type"":""Point"",""coordinates"":[83.42360288136965,19.555636103645018]}"
2544,93.61977066308283,2025-03-15,284.09176113491964,948,0,10,0.5456790123456791,6.206082506565735E-5,21.036722744799995,297.8501550583613,0.08768425503920299,"{""type"":""Point"",""coordinates"":[82.50771067071399,18.39265539296844]}"
2546,172.27381495909518,2025-03-15,278.80862776438397,651,0,30,0.24516608824987604,4.9096814827009894E-5,3.738636737883076,296.85918244861415,1.7234479183335727,"{""type"":""Point"",""coordinates"":[83.54707204838353,22.876079366403747]}"
2547,287.44688300470875,2025-03-15,280.8801319031488,637,0,10,0.2922447787352125,1.3334027961775519E-5,7.6872320953357125,299.51946658179867,0.5703843751944275,"{""type"":""Point"",""coordinates"":[81.777221686969,19.46585920145691]}"
2548,84.6367829134724,2025-03-15,282.15427276066373,294,0,10,0.6640281442392261,1.3334027961775519E-5,4.949135265345184,300.8990587506975,0.34055884202612435,"{""type"":""Point"",""coordinates"":[83.57209546074812,20.148935042016287]}"
2549,28.59594057550098,2025-03-15,279.81185390835714,509,0,30,0.2715008431703204,1.3564275904087708E-4,4.217754778748107,298.00513203938806,1.2206030989012302,"{""type"":""Point"",""coordinates"":[80.86861515604971,23.476826575741917]}"
2550,244.5589798875119,2025-03-15,287.8803876695179,87,0,10,0.3108265424912689,1.3334027961775519E-5,1.0794001402187996,302.8454873221262,0.947479857863498,"{""type"":""Point"",""coordinates"":[80.98734451107175,17.93142565581139]}"
2551,27.906490839181895,2025-03-15,281.598916780381,556,0,40,0.1990532544378698,1.3334027961775519E-5,1.0494217304092373,299.97956702822734,0.6573734980918269,"{""type"":""Point"",""coordinates"":[81.92789235382048,19.251812452111515]}"
2552,144.73157483553598,2025-03-15,282.2570908410209,209,0,10,0.2878289473684211,1.3334027961775519E-5,1.7034924039703865,302.030034383138,0.268359266656536,"{""type"":""Point"",""coordinates"":[80.40059608572447,19.4960351396752]}"
2553,58.38981155312475,2025-03-15,279.6272777829851,391,0,40,0.19783974429626364,1.3334027961775519E-5,3.5346232522705874,298.67658269973026,1.4937714426543023,"{""type"":""Point"",""coordinates"":[83.90306895651638,22.6055293682046]}"
2554,244.92572888780296,2025-03-15,282.39247844332743,144,0,40,0.2686084142394822,1.3334027961775519E-5,1.0941412218718647,301.6915392194475,0.4890132517542679,"{""type"":""Point"",""coordinates"":[83.67895109892194,20.646685106048828]}"
2555,119.17444129507447,2025-03-15,284.72909604935415,149,0,30,0.2901892192717443,1.3334027961775519E-5,2.8516357204063025,301.03396388462613,0.733686071031486,"{""type"":""Point"",""coordinates"":[83.94840506169324,21.488497177824005]}"
2556,46.953220950569836,2025-03-15,281.54156698499406,295,0,40,0.22397975324264474,1.3334027961775519E-5,0.679353892396988,300.63627043224517,0.714812593548003,"{""type"":""Point"",""coordinates"":[81.93133870394122,20.926085285960177]}"
2557,214.57792717077874,2025-03-15,278.5914065497262,501,0,10,0.43889369057908384,1.3334027961775519E-5,6.171645711880586,299.2997748965309,1.480592091057561,"{""type"":""Point"",""coordinates"":[84.00736809430897,22.598424880194848]}"
2558,48.77390093367828,2025-03-15,285.7416692915417,487,1,30,0.37946287519747235,1.3334027961775519E-5,16.423163357144855,298.6480414980934,0.2101411293264621,"{""type"":""Point"",""coordinates"":[82.33677322486476,18.33038936468741]}"
2559,46.63340389705222,2025-03-15,281.3990004857381,563,0,30,0.4485996438400518,1.3334027961775519E-5,0.6753290282448795,299.56806800478984,0.18274069469397655,"{""type"":""Point"",""coordinates"":[82.44966293745614,19.169861385250858]}"
2560,234.95424103337785,2025-03-15,281.0708812986101,207,0,10,0.2560407891819996,1.3334027961775519E-5,2.421341557228446,302.0394744873047,0.6382487562114658,"{""type"":""Point"",""coordinates"":[83.33975718664654,20.740253362815288]}"
2561,180.0,2025-03-15,285.6359157108125,165,0,10,0.4240261064654293,1.3334027961775519E-5,0.463735342881014,303.0112064906529,0.6895508989597537,"{""type"":""Point"",""coordinates"":[81.14846746380825,18.28539792897666]}"
2562,90.0,2025-03-15,279.682412874131,513,0,30,0.30803177405119153,1.7357341484114386E-5,1.505249596128014,298.80165245419454,1.5592827935659233,"{""type"":""Point"",""coordinates"":[80.22428392068102,22.47555578705493]}"
2563,75.0879695541563,2025-03-15,281.3029020854405,294,0,40,0.2741706161137441,1.3334027961775519E-5,3.599463494712499,300.5775313604446,1.0246273799095311,"{""type"":""Point"",""coordinates"":[82.71188863303048,21.24155978430245]}"
2564,47.109435327293376,2025-03-15,279.9778811591012,306,0,40,0.3707698029007066,1.3334027961775519E-5,1.3624974935434886,300.0561864943731,1.0198697075862493,"{""type"":""Point"",""coordinates"":[80.40501741282553,21.72790709625452]}"
2565,90.0,2025-03-15,280.2326593399048,402,0,40,0.5168382966880044,1.4106678171543763E-4,2.0296788256659366,297.83439636230474,1.0800509033121082,"{""type"":""Point"",""coordinates"":[80.20412679207978,24.000085226366732]}"
2566,144.54874124046924,2025-03-15,280.57746728261316,292,0,40,0.3082993890020367,1.3334027961775519E-5,1.7073518768786258,300.98150852748324,0.8497939108299672,"{""type"":""Point"",""coordinates"":[82.6086583558474,20.558491398636548]}"
2567,110.21107015833921,2025-03-15,277.8430864697411,836,0,40,0.19269994632313472,3.109400193253009E-4,5.353660944002082,296.43721444266185,1.6060236403354458,"{""type"":""Point"",""coordinates"":[81.54298547137337,23.019786624481974]}"
2568,287.18467093580915,2025-03-15,281.67520491282147,257,0,40,0.7690443213296398,1.3334027961775519E-5,1.5692186425875816,300.1972009567988,0.6783446405294354,"{""type"":""Point"",""coordinates"":[82.13595224918299,21.90941871758132]}"
2569,87.05417138291901,2025-03-15,289.07578736259825,454,0,10,0.3254579695257661,2.1239864035038636E-4,32.209916257280234,298.63000996907556,0.2952070567475638,"{""type"":""Point"",""coordinates"":[82.61821556573662,17.823042473813537]}"
2570,121.69680133621752,2025-03-15,280.27003029414584,250,0,40,0.3201956271576525,1.3334027961775519E-5,1.7646650743413606,300.5681784493582,0.7791576110725336,"{""type"":""Point"",""coordinates"":[84.18884316786314,22.13397079466207]}"
2571,226.84681883995168,2025-03-15,282.8884617487589,164,0,40,0.25974517471931374,1.3334027961775519E-5,0.6780071719774078,301.70588538760234,0.4180246653728368,"{""type"":""Point"",""coordinates"":[83.37073329760251,20.359536891264515]}"
2572,238.5496959865502,2025-03-15,279.52427950359527,577,0,30,0.4809371967281298,2.93378750839679E-5,1.7770538330250347,297.1884409586588,1.0245041121375318,"{""type"":""Point"",""coordinates"":[83.23672824993668,23.44886291272701]}"
2573,83.2891890471121,2025-03-15,280.59799834660123,654,0,10,0.4257197696737044,1.3334027961775519E-5,3.962120648970721,299.8194224039714,0.5665492827912576,"{""type"":""Point"",""coordinates"":[81.17096274034941,19.72628735771708]}"
2574,227.18814653661937,2025-03-15,279.8377735047114,331,0,40,0.3498964803312629,6.396817369846985E-5,1.3645159203882486,300.0849078950428,1.3853351026433582,"{""type"":""Point"",""coordinates"":[81.39756908337932,22.120731030079344]}"
2575,-0.0,2025-03-15,279.9785903294881,645,0,10,0.5561286819600924,1.3334027961775519E-5,1.390963080774087,299.7123783656529,0.7314216039088243,"{""type"":""Point"",""coordinates"":[81.59731131969912,19.871710471600235]}"
2576,287.1160349793281,2025-03-15,279.4912623905001,449,0,40,0.5654008438818565,3.7444106773421026E-5,1.575318764233807,299.3784637451172,1.3322450721747199,"{""type"":""Point"",""coordinates"":[80.38943876712158,22.505636688762664]}"
2577,137.72521205706923,2025-03-15,278.39165882837204,718,0,10,0.34752128192288434,1.0476755304722474E-4,3.755082834785535,297.4751899355934,1.483192574366844,"{""type"":""Point"",""coordinates"":[82.28500950748118,23.56122473059761]}"
2578,340.23127225974525,2025-03-15,278.01742031460714,643,0,10,0.5415108451757666,1.3334027961775519E-5,4.426262524470922,298.94575355166484,1.1943352044313005,"{""type"":""Point"",""coordinates"":[80.37942778904498,21.957796871719633]}"
2579,137.02939217534447,2025-03-15,281.3450802848452,914,0,10,0.47472677595628415,1.3334027961775519E-5,5.057136938795086,297.45050848098026,0.7214777691684928,"{""type"":""Point"",""coordinates"":[84.15550210035987,20.067555438241662]}"
2580,-0.0,2025-03-15,280.67210665203277,388,0,30,0.21765082072052866,1.4049283699080206E-5,0.0,297.66178312755767,1.1003562451112225,"{""type"":""Point"",""coordinates"":[81.5736017314328,23.8957582767036]}"
2581,270.0,2025-03-15,280.5966032573155,312,0,40,0.2438692098092643,1.3334027961775519E-5,0.9960849781305345,300.6776115780785,0.9331020881601307,"{""type"":""Point"",""coordinates"":[80.33800410342126,21.402357262316293]}"
2582,83.88731697207808,2025-03-15,290.6809131531489,339,0,10,0.6234140715109573,2.6364373369602845E-4,24.515893485159157,298.71647062755767,0.6635561289163098,"{""type"":""Point"",""coordinates"":[84.30568795567325,18.917523555677004]}"
2583,81.07691554868819,2025-03-15,280.38674113863993,626,0,40,0.6751473336208136,1.3334027961775519E-5,2.987105575654446,299.756358555385,0.6277495179864504,"{""type"":""Point"",""coordinates"":[81.76112875386238,19.601200145369432]}"
2584,151.69761894847363,2025-03-15,280.90274397532147,255,0,40,0.21982921484168366,1.3334027961775519E-5,1.0533004644853399,300.6686539422898,0.8460515154967577,"{""type"":""Point"",""coordinates"":[81.77578709674212,21.79654612830455]}"
2585,28.376051933176264,2025-03-15,280.63933949243454,290,0,40,0.19426447158789167,1.3334027961775519E-5,1.0540309825933933,299.9994354248047,0.9627734637911777,"{""type"":""Point"",""coordinates"":[82.06953392084998,22.232677449635442]}"
2586,324.1853516308365,2025-03-15,279.45340315500897,462,0,40,0.18889356331510307,4.7874919609114386E-5,1.715126901768662,299.1672704787481,1.2929210134499967,"{""type"":""Point"",""coordinates"":[80.51195734975808,22.502839082610098]}"
2587,98.91804080260162,2025-03-15,280.1043808800834,565,1,30,0.2107592781750085,1.3334027961775519E-5,2.9887782366183,300.107665289016,0.3771079555330198,"{""type"":""Point"",""coordinates"":[82.5493071360189,19.693383593314174]}"
2588,70.66273620461743,2025-03-15,279.5458161944435,441,0,10,0.21379781420765026,1.3334027961775519E-5,4.193997795288914,300.43740626743863,0.8874944039259888,"{""type"":""Point"",""coordinates"":[82.41598249998901,20.64213042040621]}"
2589,283.63006407988394,2025-03-15,278.6401707331339,793,0,10,0.4592895315938384,6.781267328648255E-5,9.744566385950371,297.3636816115606,1.3090253259932632,"{""type"":""Point"",""coordinates"":[80.86658385624935,22.86473824692671]}"
2590,287.03281817270226,2025-03-15,278.63940924689877,648,0,30,0.2675,7.380294008640931E-5,4.738718996922897,297.45808846609935,1.2020420535716791,"{""type"":""Point"",""coordinates"":[80.69888743390648,23.209075501331235]}"
2591,256.8420977879401,2025-03-15,281.4455209005447,322,0,30,0.1563903634136382,1.3334027961775519E-5,2.036370579440805,300.6457744780041,0.6838545360808336,"{""type"":""Point"",""coordinates"":[81.94610412963209,20.75702114167318]}"
2592,152.6196230772247,2025-03-15,281.7306190218244,828,0,10,0.5074109113844213,1.3334027961775519E-5,18.636961375884187,298.7794589088076,0.5675805357093483,"{""type"":""Point"",""coordinates"":[84.04587420026441,20.06362636087334]}"
2593,-0.0,2025-03-15,278.6186049779256,727,0,40,0.26090225563909775,1.3260292215733216E-4,1.8543341688414132,297.2737506684803,1.2750852552071301,"{""type"":""Point"",""coordinates"":[80.98224851933293,23.029643130810616]}"
2594,124.97554794897567,2025-03-15,281.2957580657232,232,0,40,0.3238668635692378,1.3334027961775519E-5,2.4255760518005545,301.0963243756975,1.0525717304353535,"{""type"":""Point"",""coordinates"":[83.23677125450794,21.130605020664596]}"
2595,-0.0,2025-03-15,285.6463963190714,265,0,80,-0.0743295019157088,0.0010831181923904865,0.0,297.69115556989397,1.5267375237553795,"{""type"":""Point"",""coordinates"":[82.86687644664951,24.100389545838677]}"
2596,-0.0,2025-03-15,281.97278908320834,223,0,30,0.29213483146067415,1.3334027961775519E-5,0.463735342881014,302.22020830426897,0.38102511515971715,"{""type"":""Point"",""coordinates"":[80.29373325042245,19.59926655098486]}"
2597,58.071805710311125,2025-03-15,280.3768941334316,372,0,10,0.3849813115868162,1.3334027961775519E-5,1.7532208764566088,301.1529301234654,0.8105771014645381,"{""type"":""Point"",""coordinates"":[80.73906488465478,20.821545182214667]}"
2598,3.9019111709977823,2025-03-15,279.67814041319343,639,0,10,0.35178463399879006,1.4163302584080384E-4,7.395814842238746,296.40695263090583,1.1478064486398922,"{""type"":""Point"",""coordinates"":[83.5214757859846,23.604992929287427]}"
2599,133.23500925492445,2025-03-15,280.0765081587292,638,0,10,0.6189391474129515,1.3334027961775519E-5,0.6769766939843221,299.78706795828685,0.7907009403786529,"{""type"":""Point"",""coordinates"":[81.81631715985404,19.912952573742352]}"
2600,237.65833898457828,2025-03-15,285.8116620835804,90,0,30,0.23606917375789185,1.4287702278181769E-5,1.733206594718263,302.66022527785526,0.5966400326237429,"{""type"":""Point"",""coordinates"":[80.68740863776733,18.233254669157024]}"
2601,167.94157755652586,2025-03-15,281.73042138417566,412,0,20,0.2644709180098108,1.3334027961775519E-5,2.369692125666973,300.77020481654574,0.824451358725561,"{""type"":""Point"",""coordinates"":[81.57051948455722,20.572255118674107]}"
2602,270.0,2025-03-15,280.2973682312738,437,0,10,0.4315569487983281,2.1464871569065735E-4,1.5183931593959805,297.59496997651604,1.0512316687990595,"{""type"":""Point"",""coordinates"":[80.75754741010203,23.646202900699663]}"
2603,270.0,2025-03-15,278.15317412785123,669,0,10,0.3954026790143873,1.3334027961775519E-5,2.513032154875942,296.9080047607422,1.359277169283698,"{""type"":""Point"",""coordinates"":[83.12828722475803,22.766538848310287]}"
2604,110.34102910495949,2025-03-15,280.10340431758334,222,1,40,0.20503826530612246,1.3334027961775519E-5,2.666289389049064,300.45572844005767,0.9540608876923004,"{""type"":""Point"",""coordinates"":[83.94228182539369,22.05717087394577]}"
2605,263.25198558062465,2025-03-15,282.5325628462292,584,0,40,0.10567783891945973,1.3334027961775519E-5,3.9404454474571025,299.86452447800406,0.5759316684683424,"{""type"":""Point"",""coordinates"":[81.63094027863065,18.811670006122196]}"
2606,46.81456552387002,2025-03-15,279.2242016111102,487,0,10,0.5420875420875421,1.3334027961775519E-5,2.708508853660628,301.0610576811291,0.8209629146273271,"{""type"":""Point"",""coordinates"":[82.0914828736139,20.185140531266075]}"
2607,280.9410569762699,2025-03-15,281.45522839682445,842,0,10,0.5964478089969428,1.3334027961775519E-5,16.62096915836147,297.1144837878999,0.6978100523007615,"{""type"":""Point"",""coordinates"":[84.27161986415986,20.12468018031643]}"
2608,-0.0,2025-03-15,280.1800877253214,371,0,40,0.23526473526473526,1.3334027961775519E-5,0.0,301.00470188685824,0.7856656170847376,"{""type"":""Point"",""coordinates"":[80.56992820566764,20.801979784926854]}"
2609,-0.0,2025-03-15,282.6763733000982,248,0,10,0.32796281951975215,1.3334027961775519E-5,1.390963080774087,300.8755979992094,0.07057791955363092,"{""type"":""Point"",""coordinates"":[82.91306657469484,20.077947284706717]}"
2610,90.0,2025-03-15,281.48458921341665,295,0,40,0.6912197996464349,1.3334027961775519E-5,0.496808984665111,300.61175755092074,0.7649844058460797,"{""type"":""Point"",""coordinates"":[81.58780211092913,21.024515354345212]}"
2611,28.210045800937515,2025-03-15,283.2453081494286,141,0,40,0.36868528396611233,1.3334027961775519E-5,1.0523887539777543,301.22114998953685,0.5893668831413147,"{""type"":""Point"",""coordinates"":[83.81523394465061,21.234659336983608]}"
2612,237.87395185229434,2025-03-15,279.99964455195834,657,0,40,0.2397698903723,1.3334027961775519E-5,1.7435748956776764,300.23490324474517,0.6563802250750459,"{""type"":""Point"",""coordinates"":[81.89346526600316,19.626708985942773]}"
2613,229.81663472276617,2025-03-15,280.518600327628,277,0,10,0.312433011789925,1.3334027961775519E-5,24.897459108093784,301.0400150844029,0.6126651424836649,"{""type"":""Point"",""coordinates"":[84.09870110642292,20.630191871470252]}"
2614,180.0,2025-03-15,281.8902637390863,199,0,30,0.28376275289642056,1.3334027961775519E-5,0.4637353428839794,300.97164989653083,1.1559960327850518,"{""type"":""Point"",""coordinates"":[83.51186191833173,21.772719956952635]}"
2615,190.95920193477295,2025-03-15,277.98936739422027,871,0,10,0.6293877551020408,1.3334027961775519E-5,12.998392469163226,295.33838980538496,1.5496057774041319,"{""type"":""Point"",""coordinates"":[83.26425162633048,22.753511388732505]}"
2616,107.4478937175578,2025-03-15,280.4981680824643,524,0,10,0.375609756097561,1.3334027961775519E-5,1.5462761597461474,300.6799657912482,0.6142002851856215,"{""type"":""Point"",""coordinates"":[81.44673732030647,19.45610986492986]}"
2617,107.3811943201147,2025-03-15,283.33688994816373,191,0,40,0.31309904153354634,1.3334027961775519E-5,1.552022907477616,301.24833097912017,0.30440157209342406,"{""type"":""Point"",""coordinates"":[83.06679995652645,20.105582235050438]}"
2618,259.43442661940014,2025-03-15,281.71717966170536,296,0,60,0.2154499383646076,1.3334027961775519E-5,2.527502265198117,300.48866417294454,0.6697472991980575,"{""type"":""Point"",""coordinates"":[81.71414576787903,21.154157287169575]}"
2619,97.71482355428867,2025-03-15,292.9312444868542,22,0,40,0.4432863274064991,2.667056723026917E-5,3.4503567403461703,300.7732972644625,0.8467166834103631,"{""type"":""Point"",""coordinates"":[83.91977929039622,18.50767368731497]}"
2620,204.35372403194282,2025-03-15,283.5923598607381,467,0,30,0.1350262697022767,1.3334027961775519E-5,3.5587071832202533,300.14165896461134,0.39147492871274664,"{""type"":""Point"",""coordinates"":[81.33090042429836,18.7708288570051]}"
2621,190.28739768108028,2025-03-15,279.47668370746436,523,0,30,0.3147208121827411,2.398316781082599E-4,2.8256406952438895,297.30028642926897,1.0740421899881418,"{""type"":""Point"",""coordinates"":[82.93986712071897,23.327467833042704]}"
2622,328.69913255699385,2025-03-15,280.55134423573816,414,0,10,0.3787878787878788,1.3334027961775519E-5,3.793632733085431,301.75616673060824,0.3962648811807902,"{""type"":""Point"",""coordinates"":[81.09529246271256,19.981333397902958]}"
2623,218.78662954321072,2025-03-15,281.9100798198155,296,0,40,0.21837991473235432,1.3334027961775519E-5,2.37838864357485,300.45831516810824,0.8088873326486226,"{""type"":""Point"",""coordinates"":[81.34642932781156,21.05115320594576]}"
2624,199.95341349095239,2025-03-15,278.93583084288093,607,0,30,0.2616977225672878,1.1981772585301087E-4,2.95754107370504,297.0762118384951,1.5003238087154505,"{""type"":""Point"",""coordinates"":[82.58217752441091,23.343312140636243]}"
2625,90.0,2025-03-15,282.2850856326876,256,0,10,0.33183856502242154,1.3334027961775519E-5,1.9801733763671703,301.6062353224981,0.3896289562499341,"{""type"":""Point"",""coordinates"":[83.18700585667203,20.54424939047397]}"
2626,215.5932882725868,2025-03-15,282.0712416966756,253,0,40,0.23209283713485393,1.3334027961775519E-5,1.7103741306441205,300.467296055385,1.099352090788893,"{""type"":""Point"",""coordinates"":[83.01779698179298,21.34271286457865]}"
2627,21.69084822426391,2025-03-15,280.3086800802322,764,0,30,0.323725834797891,1.3721458152815558E-5,7.934249000521877,298.53346397763204,0.13150538572600584,"{""type"":""Point"",""coordinates"":[83.05029484625877,19.478097098954784]}"
2628,-0.0,2025-03-15,289.0051319031489,135,0,40,0.40106651698007295,1.3334027961775519E-5,0.0,299.50823611304867,0.3844292406237156,"{""type"":""Point"",""coordinates"":[83.22927095204652,18.29250147611389]}"
2629,271.55807014049094,2025-03-15,285.6443734396072,1133,0,10,0.6283185840707964,1.1102604074864075E-4,16.57709120674883,298.66431172688806,0.23184233928847972,"{""type"":""Point"",""coordinates"":[82.12352105958243,17.823003726100254]}"
2630,90.0,2025-03-15,279.68636562710714,368,0,40,0.366123238463664,1.3334027961775519E-5,0.496808984665111,301.47585260300406,0.9503414384377884,"{""type"":""Point"",""coordinates"":[80.55903178482511,21.024757812861736]}"
2631,-0.0,2025-03-15,280.6841625486101,578,0,40,0.15427302996670367,1.3334027961775519E-5,0.9274099368611016,300.17750113351013,0.6006826544911624,"{""type"":""Point"",""coordinates"":[82.06225985090693,19.178794025535048]}"
2632,37.04851451420647,2025-03-15,281.3685817264375,718,0,40,0.08792122258456422,1.3334027961775519E-5,4.060490825825929,299.9581349690755,0.6426655958577104,"{""type"":""Point"",""coordinates"":[81.80032619593368,18.875816438998882]}"
2633,340.64250202473863,2025-03-15,284.68926625024704,384,0,10,0.3747211895910781,1.3334027961775519E-5,1.4742717137337888,301.7723148890904,0.46047889242161333,"{""type"":""Point"",""coordinates"":[80.63215983407582,18.414332798727443]}"
2634,90.0,2025-03-15,286.76925718216665,143,0,10,0.42790697674418604,1.3334027961775519E-5,1.9500207062681374,303.1730717250279,0.9025372885092391,"{""type"":""Point"",""coordinates"":[81.03215997820686,18.02924494795756]}"
2635,-0.0,2025-03-15,281.1034391948155,337,0,40,0.3295561850802644,1.3334027961775519E-5,1.3909630807829783,300.4996679396857,1.0184033748375287,"{""type"":""Point"",""coordinates"":[80.91658871052708,21.258110359030688]}"
2636,283.01345132358927,2025-03-15,279.57366566430954,369,0,40,0.6266732771442737,3.7384502128645636E-5,4.111817045421309,300.0453222365606,1.3065798474385695,"{""type"":""Point"",""coordinates"":[81.65696108701492,22.412948110106548]}"
2637,27.91211498902329,2025-03-15,286.02294254302984,545,0,10,0.5987983978638184,2.674507303623841E-5,4.190884680626581,299.2624330066499,0.3415401797929979,"{""type"":""Point"",""coordinates"":[84.02756072658156,19.29092468736531]}"
2638,151.7359576663452,2025-03-15,280.6944280806042,261,0,30,0.20467502850627137,1.3334027961775519E-5,1.052921387584123,301.0789322626023,0.7207374458356386,"{""type"":""Point"",""coordinates"":[81.66348851932126,21.565588505649817]}"
2639,335.55238580261346,2025-03-15,280.3460742859613,769,0,40,0.26894937079309333,1.3334027961775519E-5,3.561346784273999,298.57196262904574,0.14318146493017916,"{""type"":""Point"",""coordinates"":[83.0216959724433,19.490099784951703]}"
2640,67.55957089158436,2025-03-15,282.26413604191373,215,0,10,0.18985334918747523,1.3334027961775519E-5,4.847899408178513,300.73263622465583,1.0660724777448691,"{""type"":""Point"",""coordinates"":[83.59458340335921,21.683158804883757]}"
2641,28.215896732633674,2025-03-15,281.64483265649704,313,0,30,0.23205592310572962,1.3334027961775519E-5,3.1545031497181384,300.5519082205637,0.81128893181367,"{""type"":""Point"",""coordinates"":[82.28133945821799,21.270546054452478]}"
2642,336.37280561819546,2025-03-15,280.3034717468988,394,0,40,0.5631336405529954,1.8484639330296204E-4,2.529240665743109,297.93565659295945,1.0695578874434077,"{""type"":""Point"",""coordinates"":[80.25324392433787,23.882494396091445]}"
2643,76.7319626403628,2025-03-15,280.7376351583572,583,0,10,0.3230511716881875,1.3334027961775519E-5,4.034553304411799,300.05548313685824,0.45202514757548384,"{""type"":""Point"",""coordinates"":[81.58408962194314,19.402944632735434]}"
2644,114.80557258446166,2025-03-15,279.7631885437739,512,0,20,0.33823079277624735,1.7416946128889776E-5,1.105228436386114,298.9657905215309,1.3155641460306773,"{""type"":""Point"",""coordinates"":[80.29952836722788,22.426441874271504]}"
2645,127.26484397636608,2025-03-15,290.8906880787441,96,0,10,0.497937860874347,1.7167376680760071E-4,3.0606383984835692,300.0662602015904,0.4131135912760858,"{""type"":""Point"",""coordinates"":[82.97651747708137,18.00430055632407]}"
2646,289.58334214403527,2025-03-15,284.09176113491964,862,0,30,0.3471085468938682,6.206082506565735E-5,8.244117238751278,297.8501550583613,0.08768425503920299,"{""type"":""Point"",""coordinates"":[82.50681567139696,18.435033574979162]}"
2647,313.0440227818843,2025-03-15,281.2392104466756,319,0,30,0.18333775537277794,1.3334027961775519E-5,1.3585867676449095,300.8550204322451,0.8605707392152666,"{""type"":""Point"",""coordinates"":[81.11740243122404,20.94039570142905]}"
2648,150.60218530349917,2025-03-15,280.5125956308274,577,0,10,0.2778370686588403,1.3334027961775519E-5,16.5564219974763,300.22825913202195,0.4088934922774557,"{""type"":""Point"",""coordinates"":[80.91694952558683,19.455285561108113]}"
2649,225.2347605933643,2025-03-15,280.9160205750239,1033,0,10,0.6006711409395973,1.3632051185652472E-5,34.59093610477531,299.52648271833147,0.09193939400175133,"{""type"":""Point"",""coordinates"":[83.17288955280311,19.56747816782732]}"
2650,28.074054958416497,2025-03-15,280.42916347866964,392,0,10,0.37214443625644805,1.3334027961775519E-5,4.197163211917576,301.53526596795945,0.5778735600670442,"{""type"":""Point"",""coordinates"":[80.54936191608287,20.374075668413496]}"
2651,208.4629588961203,2025-03-15,279.8628095445179,406,0,30,0.2618659987476519,2.3288003639265753E-5,2.109077899392599,298.2821095784506,1.5796373752156498,"{""type"":""Point"",""coordinates"":[82.36894464937821,22.73394741904498]}"
2652,114.71062499128774,2025-03-15,278.0363528387887,732,0,30,0.2106929300035174,3.027741829910724E-4,2.217581213458179,296.81048220679867,1.4190030121077748,"{""type"":""Point"",""coordinates"":[81.28414490884258,23.023518320070146]}"
2653,180.0,2025-03-15,283.7572884786697,950,0,40,0.1850440581090736,6.0406796173140265E-5,1.390963080774087,296.4458407447451,0.23749412336191425,"{""type"":""Point"",""coordinates"":[82.85169704151987,18.354506777772098]}"
2654,211.78265665554213,2025-03-15,277.78141771044045,798,0,30,0.23644933228593873,2.6236223383335755E-4,3.813206041105062,297.2995946974981,1.7621008333062695,"{""type"":""Point"",""coordinates"":[81.47609436775835,22.744338600092078]}"
2655,98.70347110368178,2025-03-15,279.5725030899047,480,0,40,0.40138626339004413,6.998824282078431E-5,3.061735461323662,297.75521923246833,1.4572098347932356,"{""type"":""Point"",""coordinates"":[81.41055614846171,23.29168577402189]}"
2656,50.72178882634139,2025-03-15,279.87478987375897,392,0,10,0.25431804645622397,1.3334027961775519E-5,5.1139820961053095,301.6507386707124,0.692115060822324,"{""type"":""Point"",""coordinates"":[80.39253773550843,20.821627891301876]}"
2657,207.98211110611575,2025-03-15,281.5334522156489,255,0,40,0.42921276254609586,1.3334027961775519E-5,1.0501565414872414,301.39639064243863,0.33779572437216226,"{""type"":""Point"",""coordinates"":[82.73970079493924,19.768213101504404]}"
2658,216.061166035623,2025-03-15,280.64233312152675,401,0,30,0.32945285215366704,1.6908096475987122E-4,1.7204812964043315,297.6176169259207,1.1980829815405845,"{""type"":""Point"",""coordinates"":[81.30268169772044,23.718906204094825]}"
2659,207.91888113988674,2025-03-15,286.2648103350685,253,0,40,0.4602343211578222,1.6165248588606573E-5,2.09837999502885,300.7636478969029,0.30096666906587194,"{""type"":""Point"",""coordinates"":[83.42935312879364,19.337309151696914]}"
2660,316.37353395265325,2025-03-15,287.5263895761399,1004,0,10,0.7164366373902133,5.070393006363361E-4,31.123998381719645,297.5516175769624,0.19195594414767672,"{""type"":""Point"",""coordinates"":[82.39033361734391,17.82532354911763]}"
2661,351.2400812918703,2025-03-15,280.5656613395328,264,0,30,0.0872639398550076,1.3334027961775519E-5,3.280940957827332,300.42041524251306,0.9190238206057637,"{""type"":""Point"",""coordinates"":[81.86349185442751,22.01478379677765]}"
2662,235.58862508605853,2025-03-15,284.94531745002377,279,0,30,0.46966430551278104,0.0011726443688431232,2.4602821562245376,297.7030022030785,1.4411270824873532,"{""type"":""Point"",""coordinates"":[82.81198733858818,24.028274112623528]}"
2663,313.4119590611628,2025-03-15,281.5486645017351,552,0,40,0.18723308608676106,1.3334027961775519E-5,0.6747636967597894,300.5357775006975,0.34469459633988453,"{""type"":""Point"",""coordinates"":[82.04501554474525,18.906750025110345]}"
2664,143.27727472542736,2025-03-15,286.5823442822411,924,0,10,0.7573127005095301,2.7625011606602357E-4,17.382000301933182,298.8162660144624,0.12957197317958052,"{""type"":""Point"",""coordinates"":[82.29603074332455,17.95164029746107]}"
2665,238.1238762643808,2025-03-15,280.9105448495774,295,0,40,0.174496644295302,1.3334027961775519E-5,1.755780723742928,301.1322130475725,0.790083426237672,"{""type"":""Point"",""coordinates"":[81.44807816434724,21.124223877762162]}"
2666,46.83039861792771,2025-03-15,282.38494496118454,211,1,40,0.3064516129032258,1.3334027961775519E-5,1.3554103960947645,301.33783758254276,0.20803363633779606,"{""type"":""Point"",""coordinates"":[83.00193068704624,20.271358746081273]}"
2667,227.0502682770822,2025-03-15,282.0536345073155,265,0,40,0.3883809255872837,1.3334027961775519E-5,0.6805889339481631,300.6039334251767,0.6764282621775529,"{""type"":""Point"",""coordinates"":[81.63457071828816,21.428134057763465]}"
2668,199.87720106042323,2025-03-15,278.76137492770243,579,0,10,0.5318315377081293,2.0144628687290833E-4,7.356173523003313,297.3327048165457,1.7192254388091235,"{""type"":""Point"",""coordinates"":[82.13702451399678,22.784217994271874]}"
2669,90.0,2025-03-15,278.79896095820834,655,0,10,0.39241549876339654,1.5602754755406067E-4,2.020911896713898,296.8677796863374,1.5624585092806897,"{""type"":""Point"",""coordinates"":[82.63433965711808,23.435218983846735]}"
2671,180.0,2025-03-15,279.81251076289584,430,1,40,0.6476372575798962,6.218003435520814E-5,0.4637353428839794,297.7701757521857,1.5017274001683478,"{""type"":""Point"",""coordinates"":[81.47923967536792,23.33860589343963]}"
2672,65.15302252975884,2025-03-15,280.0316909154256,266,0,10,0.25766037735849057,1.3334027961775519E-5,3.3072426678712907,300.3863866896856,0.8793103565895298,"{""type"":""Point"",""coordinates"":[84.17504782339358,22.161909817863982]}"
2673,290.3251394871433,2025-03-15,279.22863101959234,572,0,10,0.606582472254114,1.3334027961775519E-5,5.325041341608892,299.7262246268137,1.3342060883310634,"{""type"":""Point"",""coordinates"":[80.24754823007189,22.17645382057537]}"
2674,-0.0,2025-03-15,285.7218764623006,264,0,10,0.3416418314819832,1.3974777893110968E-5,0.463735342881014,299.8331059047154,0.37969820255733033,"{""type"":""Point"",""coordinates"":[82.16843781109361,18.416014802922174]}"
2675,19.869527692967274,2025-03-15,279.306197983878,560,0,40,0.25307006982903923,4.58781640091388E-5,1.4789720493423826,297.5169379824684,1.6016417961445597,"{""type"":""Point"",""coordinates"":[83.65791220397183,22.72735933482871]}"
2676,227.1113125642738,2025-03-15,282.5909008298601,216,0,40,0.21706864564007422,1.3334027961775519E-5,2.04333695655065,300.2935667492094,1.088615481056587,"{""type"":""Point"",""coordinates"":[82.90234659952768,21.73747824616706]}"
2677,289.48073365561356,2025-03-15,282.3227007275536,230,0,10,0.5272058823529412,1.3334027961775519E-5,4.164401479300201,302.16400364467074,0.2399817338979891,"{""type"":""Point"",""coordinates"":[80.5245469578453,19.385305350413]}"
2678,164.7990462058085,2025-03-15,279.8036577588036,424,0,40,0.2199644161438337,1.215760628738849E-4,3.838719657644429,297.50259762718554,1.4460137498926544,"{""type"":""Point"",""coordinates"":[82.648296578215,23.060186115320132]}"
2679,270.0,2025-03-15,282.47289371490484,316,0,10,0.41031634720274274,1.3334027961775519E-5,0.4907006600651737,301.2154068719773,0.3577417319106885,"{""type"":""Point"",""coordinates"":[81.08937270002875,19.0832052709475]}"
2680,274.3804898489018,2025-03-15,278.7002583912441,961,0,10,0.580089342693044,5.613016291050599E-5,6.049020088974244,296.42507716587613,1.2646593739859313,"{""type"":""Point"",""coordinates"":[83.51973194376829,23.185018429548865]}"
2681,199.50338331869636,2025-03-15,285.65696412041075,372,0,10,0.38210818307905686,1.72679345169513E-5,8.786012573831126,299.6220463344029,0.5195979161318993,"{""type"":""Point"",""coordinates"":[84.29089330759291,19.758111241404354]}"
2682,227.57971151001968,2025-03-15,282.6140941892352,259,0,40,0.3170249567580924,0.0013426964203873126,0.6874415638051575,297.50520760672435,1.2349670141053195,"{""type"":""Point"",""coordinates"":[84.20072750580334,23.967163928759557]}"
2683,338.9685366384472,2025-03-15,283.53574830009825,1259,0,30,0.5629116703259585,3.142778794327228E-4,24.271604077853077,296.443858555385,0.15456880716257618,"{""type"":""Point"",""coordinates"":[82.49966567794564,18.14020737543781]}"
2684,58.50965872454896,2025-03-15,279.3284670966012,548,0,40,0.2804232804232804,2.855186383285968E-4,1.7750275402827165,297.24347723098026,1.1193963372839724,"{""type"":""Point"",""coordinates"":[82.79446171945055,23.24072284491443]}"
2685,138.12784843620045,2025-03-15,282.9134745370774,192,0,30,0.15901639344262294,1.3334027961775519E-5,3.7314039655246796,300.7180052257719,0.7926495823160314,"{""type"":""Point"",""coordinates"":[83.95529157135725,21.61528647932245]}"
2686,320.6944436876142,2025-03-15,281.8768766948155,941,0,10,0.6877956480605487,1.339363260655091E-5,22.192906601807607,299.59065101260234,0.28821581610755487,"{""type"":""Point"",""coordinates"":[83.59772012973141,20.01037826657726]}"
2687,7.572904574561376,2025-03-15,279.75803833916075,637,0,40,0.22125,1.3334027961775519E-5,3.737297458886018,299.80312892368863,0.8657712054491518,"{""type"":""Point"",""coordinates"":[82.21118185139655,19.910806489692163]}"
2688,109.69142845455035,2025-03-15,278.7143546059018,881,0,10,0.4991514237224213,1.3221549196629212E-4,9.544715111886656,296.2532777332125,1.8350010876553748,"{""type"":""Point"",""coordinates"":[83.77922030033834,23.034358237944218]}"
2689,222.83435806462538,2025-03-15,277.3467950820923,697,0,10,0.4819047619047619,2.5610374613194153E-4,4.417951230769227,298.4929715111142,1.704941787401712,"{""type"":""Point"",""coordinates"":[81.07455764341756,22.40407531392231]}"
2690,-0.0,2025-03-15,280.2680248532976,378,0,80,-0.15482695810564662,1.7983190254255987E-5,0.0,300.27068147205176,1.1167655697602787,"{""type"":""Point"",""coordinates"":[80.927287037534,21.533768188915346]}"
2691,194.80607046737367,2025-03-15,283.07506075359527,354,0,10,0.47666411629686306,1.3334027961775519E-5,1.9179726995369535,301.20926847912017,0.27032978918521633,"{""type"":""Point"",""coordinates"":[80.9830963828841,18.949584065371614]}"
2692,227.37460229371763,2025-03-15,279.1644976025536,526,0,40,0.26037543097944066,1.800184170761554E-4,0.6847635644777117,297.0476822626023,1.890544533535268,"{""type"":""Point"",""coordinates"":[82.05453080459469,23.020271981298993]}"
2693,324.439126635973,2025-03-15,281.4180841445922,324,0,40,0.29473684210526313,1.3334027961775519E-5,1.7096825053963478,300.52653503417963,0.997717947649185,"{""type"":""Point"",""coordinates"":[80.93230916285923,21.166790085548243]}"
2694,172.50600600149252,2025-03-15,292.1773673012143,59,0,30,0.3811937857726901,1.612054510502503E-5,3.7366187514600044,300.75284758068267,0.8239377089105657,"{""type"":""Point"",""coordinates"":[83.43939352851378,18.151100023314783]}"
2695,349.7694405346762,2025-03-15,279.40689436594647,604,0,10,0.3964625850340136,1.3334027961775519E-5,2.825134230476449,297.89582679385234,1.5069632154558104,"{""type"":""Point"",""coordinates"":[83.55057881365227,22.561771534475252]}"
2696,301.9352045405785,2025-03-15,281.03607382093156,336,0,40,0.23745318352059924,1.3334027961775519E-5,1.752876924851146,300.86578587123324,0.8315036543417961,"{""type"":""Point"",""coordinates"":[81.07028617906929,20.779991208773847]}"
2697,47.45686626514846,2025-03-15,279.6998224258422,454,0,30,0.21636011616650533,1.0545300646214173E-4,2.0567166449279344,298.38763645717074,1.344352093258515,"{""type"":""Point"",""coordinates"":[80.98148903524898,23.405432223129008]}"
2698,312.6026385051737,2025-03-15,279.8414530527024,497,0,40,0.27550453619700055,7.115053339390442E-5,1.369922699197063,297.3284032912481,1.716164003447329,"{""type"":""Point"",""coordinates"":[82.40686002481164,23.127383337082254]}"
2699,160.27379191618058,2025-03-15,281.4712079820179,206,0,40,0.33807733619763697,1.3334027961775519E-5,1.4776414921898962,300.7725532168434,1.1090627657844963,"{""type"":""Point"",""coordinates"":[83.43593304481638,21.6234214441544]}"
2700,235.36002163758684,2025-03-15,278.1400021598452,778,0,10,0.37855227882037534,1.0026740236668275E-4,2.4460717165644144,297.0607147216797,1.7063491644657722,"{""type"":""Point"",""coordinates"":[84.28118009415562,22.900983821580986]}"
2701,180.0,2025-03-15,281.579147202628,317,0,40,0.3083961248654467,1.3334027961775519E-5,1.390963080774087,300.66339329310824,0.8181919818969189,"{""type"":""Point"",""coordinates"":[81.37551165808222,20.965246521987513]}"
2702,226.9026019748278,2025-03-15,282.00467849913093,332,0,40,0.20568636161705908,1.3334027961775519E-5,0.6787122549130541,300.8391803559803,0.8770064192341068,"{""type"":""Point"",""coordinates"":[81.54508610128309,20.658711964298334]}"
2703,215.66973729224776,2025-03-15,281.55426811036614,218,0,40,0.16629167518920024,1.3334027961775519E-5,1.7120096839767798,300.5687829880488,1.199243590791709,"{""type"":""Point"",""coordinates"":[83.17823680090271,21.751547431436283]}"
2704,232.01493096275345,2025-03-15,280.76564157576786,386,0,10,0.3347613219094247,1.3334027961775519E-5,7.491994681202124,301.1899464925131,0.6035911492810179,"{""type"":""Point"",""coordinates"":[80.83649869400848,20.439908758458596]}"
2705,294.85034089687423,2025-03-15,281.56738776252377,285,0,40,0.25332009432791364,1.3334027961775519E-5,3.306824392757175,299.8644721621559,1.0814895480696758,"{""type"":""Point"",""coordinates"":[82.74664670936693,22.14071587301922]}"
2706,184.62822446958663,2025-03-15,279.2586138134911,551,0,10,0.38936738936738935,6.334232492832825E-5,12.366414370800756,297.87178475516185,1.090434227314439,"{""type"":""Point"",""coordinates"":[81.94538435709771,23.79208725259425]}"
2707,190.19111403893058,2025-03-15,280.3802830378214,266,0,10,0.2512403002162575,1.3334027961775519E-5,2.8247844842975205,300.5707070486886,0.7423031869628234,"{""type"":""Point"",""coordinates"":[84.2246201418691,22.009902465196394]}"
2708,295.1133836762257,2025-03-15,282.04728685106545,250,0,10,0.38077858880778587,1.3334027961775519E-5,1.0925478451692092,301.6573246547154,0.5147690837407481,"{""type"":""Point"",""coordinates"":[80.21867429612331,20.373895194048902]}"
2709,-0.0,2025-03-15,281.8487191427322,168,0,40,0.292813550878067,1.3334027961775519E-5,1.390963080774087,301.50177219935824,0.9630185840882799,"{""type"":""Point"",""coordinates"":[83.32494508930658,20.97755029290055]}"
2710,47.290263148117845,2025-03-15,276.8363202867054,874,0,10,0.5964976286026997,1.4777230425266907E-4,2.7327396188587443,297.7126283191499,1.6828143460946543,"{""type"":""Point"",""coordinates"":[81.60465282159534,22.618408810630456]}"
2711,312.93535147291453,2025-03-15,281.62680694035123,210,0,10,0.43974290305302627,1.3334027961775519E-5,0.6807724879055245,300.707524617513,1.027079940714783,"{""type"":""Point"",""coordinates"":[83.47761897843624,21.502073473287457]}"
2712,46.903542635046364,2025-03-15,279.93417417435415,386,0,10,0.3969035890218156,1.3334027961775519E-5,4.0656977055329016,301.74286106654574,0.6055395547365144,"{""type"":""Point"",""coordinates"":[80.41871578512621,20.663507970501737]}"
2713,46.9096105835119,2025-03-15,282.00467849913093,323,0,40,0.314264207753105,1.3334027961775519E-5,0.6788009909483274,300.8391803559803,0.8770064192341068,"{""type"":""Point"",""coordinates"":[81.4887407799562,20.695793374454375]}"
2714,19.585617076020693,2025-03-15,282.73814669109527,144,0,80,0.10314622810153737,1.3334027961775519E-5,1.4763475539721795,301.6925215948196,0.44514902566682074,"{""type"":""Point"",""coordinates"":[83.54666337389854,20.470045879512682]}"
2715,2.894336307686807,2025-03-15,280.3369364511399,597,0,10,0.5853563038371182,1.3334027961775519E-5,9.658552605574481,300.11498369489397,0.4754408515982877,"{""type"":""Point"",""coordinates"":[81.01943042229156,19.63368533942101]}"
2716,252.4039553847966,2025-03-15,287.8803876695179,94,0,10,0.4165346848273678,1.3334027961775519E-5,1.5336699881112041,302.8454873221262,0.947479857863498,"{""type"":""Point"",""coordinates"":[80.99421936632949,17.93044230681853]}"
2717,47.12458899749263,2025-03-15,280.90274397532147,258,0,40,0.6992787707745375,1.3334027961775519E-5,1.362885421918179,300.6686539422898,0.8460515154967577,"{""type"":""Point"",""coordinates"":[81.82995752358745,21.80431918607221]}"
2718,180.0,2025-03-15,281.32143933432445,295,0,30,0.0960960960960961,1.3334027961775519E-5,1.3909630807829783,300.5980798630488,0.5947927712113358,"{""type"":""Point"",""coordinates"":[81.80888437305177,21.47158192631547]}"
2720,-0.0,2025-03-15,280.8462893622262,294,0,40,0.41671278361925845,1.3334027961775519E-5,0.9274099368611016,300.48812938871833,0.9560558431497372,"{""type"":""Point"",""coordinates"":[80.31745105308907,21.60765874485012]}"
2721,132.8928823867424,2025-03-15,282.29550229935415,204,0,30,0.3967419863373621,1.3334027961775519E-5,2.043176053990187,300.64183916364397,0.8337166740555816,"{""type"":""Point"",""coordinates"":[83.99845678746864,21.71632495874966]}"
2722,90.0,2025-03-15,282.0433806010655,368,0,40,0.29154407061532556,8.186225811996906E-4,0.5078954170620266,297.3017745245071,1.6017410224887014,"{""type"":""Point"",""coordinates"":[83.52492863306452,24.06992280899266]}"
2723,151.81903349171532,2025-03-15,283.02362264905656,174,0,10,0.5592536560766516,1.3334027961775519E-5,2.1034960065045265,301.2781161353702,0.5139657022665471,"{""type"":""Point"",""coordinates"":[83.96479724349068,21.05410020376928]}"
2724,107.37817741644945,2025-03-15,283.2931364604405,192,0,10,0.4289985052316891,1.3334027961775519E-5,1.5522839000568152,301.34398760114397,0.43154558040277846,"{""type"":""Point"",""coordinates"":[83.16652289930957,20.134249224422533]}"
2725,-0.0,2025-03-15,281.26625774020243,309,0,40,0.19295558958652373,1.3334027961775519E-5,0.0,300.8168705531529,0.9238381445890255,"{""type"":""Point"",""coordinates"":[80.92117542298654,20.973380994617212]}"
2726,219.3311673616967,2025-03-15,281.0878897621518,393,0,10,0.43482428115015975,0.0010363285462418048,2.396781386325676,297.3198118663969,1.261739750232089,"{""type"":""Point"",""coordinates"":[82.91168042523424,23.750778448467262]}"
2727,90.0,2025-03-15,281.7469066892352,283,0,40,0.48054204308547604,1.3334027961775519E-5,0.49727934176914684,300.60267784481954,0.7080016079440071,"{""type"":""Point"",""coordinates"":[81.6033030714225,21.165396499166594]}"
2728,233.10842519943358,2025-03-15,280.7636361349197,390,0,10,0.376040999359385,1.3334027961775519E-5,3.087087110540037,301.142339070638,0.5061614452827955,"{""type"":""Point"",""coordinates"":[80.75288214089203,20.242141950254993]}"
2729,208.18221314021736,2025-03-15,281.996877624875,305,0,40,0.20190578928443007,1.3334027961775519E-5,1.052114781676407,300.46673220679867,0.7737170752978548,"{""type"":""Point"",""coordinates"":[81.52503510390598,21.062240066373604]}"
2730,47.18139730869319,2025-03-15,281.56738776252377,257,0,40,0.2990726429675425,1.3334027961775519E-5,1.3643425116454286,299.8644721621559,1.0814895480696758,"{""type"":""Point"",""coordinates"":[82.7314146679198,22.087564232109766]}"
2731,-0.0,2025-03-15,295.1039739790417,0,0,80,-0.2684563758389262,3.3003560737654425E-5,0.0,300.3657103038969,2.373209031643027,"{""type"":""Point"",""coordinates"":[83.83666419002738,18.16474937569885]}"
2732,215.1301014543062,2025-03-15,284.3709650039673,267,0,10,0.5434163701067616,1.3334027961775519E-5,3.3982000474431593,301.88125392368863,0.26261466070301115,"{""type"":""Point"",""coordinates"":[82.00895460456057,18.646220867204704]}"
2733,265.8713310325182,2025-03-15,281.9190607070923,255,0,10,0.23987712929349345,1.3334027961775519E-5,12.671712521029935,301.33691333589104,0.28404891475115696,"{""type"":""Point"",""coordinates"":[82.76155302158897,20.21739962247273]}"
2734,53.48354405454062,2025-03-15,279.1350960958572,591,0,30,0.42493122918778053,1.959328572311847E-4,27.333258380205702,297.7744307745071,1.371342337195382,"{""type"":""Point"",""coordinates"":[82.3191525506672,23.685583805931802]}"
2735,90.0,2025-03-15,279.0017313730149,524,0,40,0.23889143380668804,2.7002143068699525E-4,1.0076338507058293,296.9306110200428,1.908505932151953,"{""type"":""Point"",""coordinates"":[81.97581425731506,23.019785691654953]}"
2736,72.69862592438908,2025-03-15,283.3746154875983,104,0,40,0.721180404128507,1.3334027961775519E-5,1.5589593038513874,301.46301778157556,0.4584107075072055,"{""type"":""Point"",""coordinates"":[84.19113417112563,20.856260465723796]}"
2737,151.94200390843451,2025-03-15,281.0337893622262,245,0,10,0.36336731338375533,1.3334027961775519E-5,5.240411577226663,302.1774604434059,0.5213592239912196,"{""type"":""Point"",""coordinates"":[80.31514122184781,20.27005675597858]}"
2738,19.499180325151368,2025-03-15,280.4840311777024,563,0,40,0.28684586417348396,1.3334027961775519E-5,2.9491604257693904,299.70910571870354,0.6586592068062141,"{""type"":""Point"",""coordinates"":[81.30168502785921,19.72133579340593]}"
2739,107.35523913394805,2025-03-15,280.2357866650536,417,0,40,0.3853459972862958,1.3334027961775519E-5,1.554271307609696,301.3120691208613,0.5659981092929929,"{""type"":""Point"",""coordinates"":[81.2368337038206,20.35271801658065]}"
2740,303.13311124865703,2025-03-15,283.2016883577619,130,0,80,0.4503778337531486,1.3334027961775519E-5,5.917945618183815,301.1501166934059,0.5427585361523605,"{""type"":""Point"",""coordinates"":[83.89822655611904,21.179832819618266]}"
2741,353.34311851682907,2025-03-15,286.73131656646734,145,0,10,0.42101784534038333,1.5122167305037237E-5,4.194529082054382,302.4120505196708,0.7336409123447035,"{""type"":""Point"",""coordinates"":[80.74319810599854,17.8195143038]}"
2742,226.97799500789438,2025-03-15,281.1603937149048,330,0,40,0.33005780346820807,1.3334027961775519E-5,1.3591458907169947,300.64703587123324,0.9912585711043682,"{""type"":""Point"",""coordinates"":[80.71681577773786,21.055516776244673]}"
2743,298.45067851018035,2025-03-15,284.05889515649704,162,1,30,0.3621241202815099,1.3334027961775519E-5,3.8877540586237047,303.17432149251306,0.5314515513896019,"{""type"":""Point"",""coordinates"":[80.22817057006259,18.518529844588283]}"
2744,72.58259265669267,2025-03-15,281.88824667249406,259,0,10,0.6255135981216983,1.3334027961775519E-5,1.5488972842474336,301.62408665248324,0.3142847780833689,"{""type"":""Point"",""coordinates"":[82.76188312490851,19.75510914078346]}"
2745,232.14606822234242,2025-03-15,281.3029020854405,290,0,40,0.441050799177085,1.3334027961775519E-5,3.773115750932642,300.5775313604446,1.0246273799095311,"{""type"":""Point"",""coordinates"":[82.65708776160697,21.152273654426086]}"
2746,46.42770801852058,2025-03-15,287.7404311498006,92,0,10,0.3398550724637681,1.3840667442366339E-5,0.6727764967042581,303.07470630464104,0.4630818848275157,"{""type"":""Point"",""coordinates"":[81.54158536334613,17.942632758174522]}"
2747,-0.0,2025-03-15,281.41301532018747,372,1,40,0.2429524853073015,1.3334027961775519E-5,0.463735342881014,300.7570270356678,0.8326775722077221,"{""type"":""Point"",""coordinates"":[81.4382754948768,20.621829541064002]}"
2748,-0.0,2025-03-15,279.9836475281488,307,0,40,0.2622991967871486,1.3334027961775519E-5,0.4637353428839794,299.75108628045945,1.2293568865039497,"{""type"":""Point"",""coordinates"":[83.93554175781506,22.28425324393084]}"
2749,64.66231193169556,2025-03-15,288.68783047085714,104,0,10,0.442643391521197,1.8683544830366827E-5,2.166242868101838,301.3366459437779,0.4472617487289828,"{""type"":""Point"",""coordinates"":[83.43142700043622,18.73655083191294]}"
2750,76.77430642782389,2025-03-15,280.84290627070834,315,0,10,0.40487116131309564,1.3334027961775519E-5,2.026125884593212,301.6192735944475,0.310342075354557,"{""type"":""Point"",""coordinates"":[80.67911247185928,19.93413955295035]}"
2751,-0.0,2025-03-15,280.2357866650536,429,0,10,0.27722063037249284,1.3334027961775519E-5,0.9274099368670311,301.3120691208613,0.5659981092929929,"{""type"":""Point"",""coordinates"":[81.22378493533127,20.443238498610526]}"
2752,55.28927479646963,2025-03-15,279.6338405155,425,0,30,0.34949267192784667,1.3334027961775519E-5,4.874593135956455,299.76746114095056,1.1481249225819843,"{""type"":""Point"",""coordinates"":[84.35231129460011,22.539720506789262]}"
2753,334.46193959102015,2025-03-15,284.490280015128,345,1,10,0.25103638876093964,2.0218364433333136E-5,5.635315832952468,301.885503133138,0.46840686342470655,"{""type"":""Point"",""coordinates"":[80.2361388101771,17.945650544430464]}"
2754,139.89800513640824,2025-03-15,281.9681620370774,462,1,10,0.3298187808896211,1.3334027961775519E-5,30.649787167499497,300.63923499697734,1.035187802320896,"{""type"":""Point"",""coordinates"":[83.13355752300762,21.092786624049342]}"
2755,180.0,2025-03-15,279.4791251137143,554,0,10,0.3834757834757835,3.237771196751282E-5,2.3174627380815918,297.4076269240606,1.225735030250965,"{""type"":""Point"",""coordinates"":[81.80338793292327,23.586894516073382]}"
2756,121.79365639624288,2025-03-15,280.44187041691373,290,0,40,0.8263198163733741,1.3334027961775519E-5,1.7598532145052301,300.6100601922898,0.9186710080133216,"{""type"":""Point"",""coordinates"":[81.33908279470957,21.594648634696956]}"
2757,132.8492826464922,2025-03-15,282.25357405344647,267,0,40,0.22538094155105753,1.3334027961775519E-5,1.3635550411997908,299.8250725155785,0.7257477205988222,"{""type"":""Point"",""coordinates"":[82.37364827665066,21.93470401425272]}"
2758,27.937584787723615,2025-03-15,285.28815482911614,435,1,40,0.4208008058423571,1.670169039158509E-5,3.146356471924967,299.136235555013,0.13716278013014702,"{""type"":""Point"",""coordinates"":[83.58264524966094,19.46604615463951]}"
2759,-0.0,2025-03-15,281.78394049689877,348,0,80,-0.08297872340425531,1.4079086021467901E-5,0.0,298.6607426234654,1.5694032831990845,"{""type"":""Point"",""coordinates"":[82.63792397349106,22.661077280034384]}"
2760,342.3714744857434,2025-03-15,280.64071714310415,309,0,10,0.33713355048859933,1.3334027961775519E-5,12.914828323005095,301.3221253894625,0.9187547563800611,"{""type"":""Point"",""coordinates"":[80.2102491916819,21.18287986939029]}"
2761,312.74740808904596,2025-03-15,280.74245402926493,340,0,40,0.3108030702256845,5.878256960301087E-5,1.3661749007201887,299.84112185523617,1.1847573922731058,"{""type"":""Point"",""coordinates"":[82.06076346774329,22.43558043748595]}"
2762,144.6320025695422,2025-03-15,283.2086231140863,223,0,40,0.39412328329607155,1.3334027961775519E-5,1.7055899776128531,301.2676704043434,0.4764408409536257,"{""type"":""Point"",""coordinates"":[83.27560522115817,20.082621525255988]}"
2763,132.75882670120149,2025-03-15,280.89185646602084,283,0,30,0.33667409057164066,1.3632051185652472E-5,1.3658805380457582,299.8188236781529,1.3742601290933372,"{""type"":""Point"",""coordinates"":[82.72767852592358,22.380164322989962]}"
2764,331.35350543356685,2025-03-15,280.40351127442864,436,0,40,0.30994866780738206,6.097381035843341E-4,1.056736395850376,297.4400394984654,1.4490534128401975,"{""type"":""Point"",""coordinates"":[83.74755114581305,23.751586642673214]}"
2765,107.37777097033029,2025-03-15,282.98663534436906,608,0,10,0.5963394342762063,1.3334027961775519E-5,20.776541827763282,301.034423101516,0.437669257345079,"{""type"":""Point"",""coordinates"":[83.54073011987491,20.137731328193762]}"
2766,47.109435327293376,2025-03-15,282.00674788157147,207,0,10,0.3903359758399396,1.3334027961775519E-5,0.6813450704999844,300.87259855724517,1.1171697270836214,"{""type"":""Point"",""coordinates"":[83.47066029518966,21.727737817496404]}"
2767,64.68074804416675,2025-03-15,282.70049671899704,734,0,30,0.34535040431266845,1.3334027961775519E-5,2.1677146560010847,297.54854256766185,0.15367061514636557,"{""type"":""Point"",""coordinates"":[82.74560202167984,18.87719152291723]}"
2768,282.9685949290396,2025-03-15,278.52419812338695,706,0,40,0.1735960591133005,2.710645119705646E-4,2.0655505557250686,296.9524964832125,1.3995030831784756,"{""type"":""Point"",""coordinates"":[81.20211257350265,22.903403385702656]}"
2769,331.52952256528783,2025-03-15,278.4220020203364,748,0,40,0.3238192320761128,3.573720376053302E-4,1.0549713376804633,297.6236041841053,1.7284978903791037,"{""type"":""Point"",""coordinates"":[81.46443558491579,22.777544072950015]}"
2770,65.04653173162299,2025-03-15,279.2101228350685,334,0,40,0.20455933238347243,1.53605858841388E-5,1.0990952345297433,300.73115975516185,1.004298614885235,"{""type"":""Point"",""coordinates"":[80.55511552062991,21.465535795799678]}"
2771,351.7605542553557,2025-03-15,279.43716199057445,550,0,30,0.29008790542588664,2.6161717577366517E-4,6.993790424421944,297.1740541003999,1.8861118726433312,"{""type"":""Point"",""coordinates"":[81.88506521451589,22.959490577900464]}"
2772,235.0577819053971,2025-03-15,279.98270003000897,322,0,40,0.43040362127499054,1.3334027961775519E-5,2.4275926689807323,300.89375741141174,1.0423356247460862,"{""type"":""Point"",""coordinates"":[80.46882119140278,21.313327482022252]}"
2773,170.03978037983632,2025-03-15,284.15977755047027,898,0,40,0.2749309604173059,6.161379022984192E-5,2.822765752835644,297.16864231654574,0.283970188019263,"{""type"":""Point"",""coordinates"":[82.74412194979224,18.36581581808101]}"
2774,234.79152499015686,2025-03-15,280.1591323216756,695,0,10,0.5096592904812083,1.3334027961775519E-5,24.856745391642413,300.08800034295945,0.3273083965863204,"{""type"":""Point"",""coordinates"":[80.96611504809944,19.804221683511514]}"
2775,132.79719190212586,2025-03-15,279.85494472866964,308,0,40,0.29848320693391117,1.3602248863264776E-5,0.6825432521140563,299.67329842703685,1.2754440037020471,"{""type"":""Point"",""coordinates"":[81.63765500118372,22.192263211568086]}"
2776,90.0,2025-03-15,281.66521839868454,304,0,40,0.18166791885800151,1.3334027961775519E-5,0.9964868437114011,300.22566659109935,0.5530670937794308,"{""type"":""Point"",""coordinates"":[81.8756700928941,21.461320236001345]}"
2777,270.0,2025-03-15,290.7625956308274,84,0,40,0.45100105374077976,1.9979945854231573E-5,1.9553601785299652,301.1279754638672,0.6914006687394842,"{""type"":""Point"",""coordinates"":[83.51016208665878,18.504509953945668]}"
2778,240.889617497074,2025-03-15,281.7639209656489,221,1,10,0.2814765985497693,1.3334027961775519E-5,2.857350144508987,300.5237797328404,0.890634259764318,"{""type"":""Point"",""coordinates"":[83.92037430104442,21.86704870881421]}"
2779,79.47108502040732,2025-03-15,281.86142608097623,200,0,30,0.3851536355339215,1.3334027961775519E-5,2.5361911017850933,300.8331000918434,1.1414264541395294,"{""type"":""Point"",""coordinates"":[83.41603540836417,21.673308924117404]}"
2780,29.89985727671848,2025-03-15,280.33423927852084,311,1,10,0.37370165745856354,1.3334027961775519E-5,7.972369297036888,300.8894616989863,0.9478987129856346,"{""type"":""Point"",""coordinates"":[83.75868003468817,21.951275927536315]}"
2781,47.59005353270178,2025-03-15,281.12367961520243,436,0,10,0.44966887417218543,1.339363260655091E-5,0.6875773824124431,297.47974141438806,1.1042517915118395,"{""type"":""Point"",""coordinates"":[81.61795299942904,24.014410414832373]}"
2782,133.1590397673902,2025-03-15,280.560836655753,366,0,40,0.22648464163822526,1.3334027961775519E-5,2.033040974187952,300.94566635858445,0.4800245436958733,"{""type"":""Point"",""coordinates"":[81.04234757837523,20.328524994333467]}"
2783,27.75808757238074,2025-03-15,285.8116620835804,62,0,80,0.10416084892488132,1.4287702278181769E-5,1.0479879624426307,302.66022527785526,0.5966400326237429,"{""type"":""Point"",""coordinates"":[80.6541217193501,18.19138742143089]}"
2784,329.50614821958254,2025-03-15,282.4464277085804,375,0,10,0.7267732267732268,1.3334027961775519E-5,25.596676064801468,301.108153570266,0.5813603771405058,"{""type"":""Point"",""coordinates"":[83.97139698225553,21.206794417510036]}"
2785,207.96003644853988,2025-03-15,282.2069025039672,296,0,40,0.37587318645889306,1.3334027961775519E-5,1.0499417441148897,301.3418949672154,0.29911608306462023,"{""type"":""Point"",""coordinates"":[82.66645895245047,19.618447085140172]}"
2786,312.6537704930499,2025-03-15,278.93515073685415,631,0,40,0.3302013422818792,8.879350824742005E-5,1.3685956491310565,296.94013250441776,1.7474824852195054,"{""type"":""Point"",""coordinates"":[83.61201997671266,22.885632358952787]}"
2787,205.73129028922864,2025-03-15,279.9368480954851,563,0,10,0.5450236966824644,4.817294283299134E-5,9.186716880241502,298.93747020903083,1.53714738863916,"{""type"":""Point"",""coordinates"":[80.33079382727026,22.750202958233164]}"
2788,71.05106721112989,2025-03-15,282.45964617956247,503,0,30,0.3168521874191043,1.485394640354798E-5,5.693649138557969,298.1611553373791,0.3090927759054676,"{""type"":""Point"",""coordinates"":[83.24600701177455,19.23753830168423]}"
2789,138.3008250262173,2025-03-15,278.6596671059018,609,0,10,0.6074313408723748,1.3334027961775519E-5,13.999939853876915,299.2591719854446,1.1889035569551154,"{""type"":""Point"",""coordinates"":[80.3276161525776,21.99682582963423]}"
2790,211.24967840417682,2025-03-15,280.4345229466756,519,1,10,0.4434427623745535,2.0186351938633607E-4,4.870254105665506,297.3323792957125,1.203930914081851,"{""type"":""Point"",""coordinates"":[83.25082603407746,23.718116367642608]}"
2791,219.2592549030633,2025-03-15,278.283737046378,688,0,40,0.290519877675841,2.411131779709308E-4,2.3943237330673526,295.7378794352214,1.4783365382224571,"{""type"":""Point"",""coordinates"":[84.03015689442435,23.414706300316194]}"
2792,132.79673994712013,2025-03-15,281.1001897993542,286,0,10,0.2699937356441846,1.3334027961775519E-5,2.0468728472444675,299.9058074951172,1.1216791292783608,"{""type"":""Point"",""coordinates"":[82.59383471667354,22.19506486787884]}"
2793,157.446885295644,2025-03-15,285.2935433614822,233,0,10,0.49855741488747835,1.91752831497638E-5,11.396672376781737,299.8740866524832,0.04217835934052923,"{""type"":""Point"",""coordinates"":[83.76295829947463,19.57204205041321]}"
2794,43.30392652259582,2025-03-15,282.3227007275536,268,0,10,0.47344632768361583,1.3334027961775519E-5,5.716236291026636,302.16400364467074,0.2399817338979891,"{""type"":""Point"",""coordinates"":[80.54188298153156,19.415096415529494]}"
2795,47.19423037075413,2025-03-15,278.9176772435506,540,0,40,0.2890381386423603,1.3334027961775519E-5,0.6824329293008919,299.4213685535249,1.2868625842679338,"{""type"":""Point"",""coordinates"":[80.47937843742086,22.149868718453604]}"
2796,144.69687706164993,2025-03-15,280.2673679987589,630,0,10,0.648307896483079,1.3334027961775519E-5,1.704222172166209,299.9075804210844,0.7070251799107116,"{""type"":""Point"",""coordinates"":[82.1924079367775,19.702077045905305]}"
2797,164.95759900263,2025-03-15,281.7716055824643,235,0,10,0.538996138996139,1.3334027961775519E-5,5.7430882450905605,300.67678033737906,0.9420340282799339,"{""type"":""Point"",""coordinates"":[83.59259059488684,21.524646093540234]}"
2798,-0.0,2025-03-15,287.5274649574643,45,0,80,-0.32955974842767294,1.351284189610169E-5,0.0,302.92169407435824,0.8657501775862817,"{""type"":""Point"",""coordinates"":[80.88674230570955,17.887032134540696]}"
2799,32.401267060508964,2025-03-15,283.05333223797027,236,0,10,0.4482758620689655,1.3334027961775519E-5,2.7441785665500866,301.8172367640904,0.4305577092878897,"{""type"":""Point"",""coordinates"":[80.46981639004528,19.02019388219709]}"
2800,207.01144484377335,2025-03-15,283.043275969369,895,0,10,0.716520412056467,1.3334027961775519E-5,14.759869720898683,296.9739692324684,0.10275204712112025,"{""type"":""Point"",""coordinates"":[82.62342488642963,18.737616965198146]}"
2801,11.648425289626978,2025-03-15,282.6763733000982,287,0,10,0.43934669636228657,1.3334027961775519E-5,14.369371031678897,300.8755979992094,0.07057791955363092,"{""type"":""Point"",""coordinates"":[82.8980298397503,20.13780201629101]}"
2802,132.88846652539087,2025-03-15,279.6414786293393,356,0,40,0.3932291666666667,3.6490432457014776E-5,0.681371928362485,300.8244447254,1.1775758909034408,"{""type"":""Point"",""coordinates"":[81.07618081952162,21.738710272590296]}"
2803,249.6016535142296,2025-03-15,278.2921947751726,351,0,30,0.3525572924571255,3.76229207077472E-5,5.30684512304811,300.2840568905784,1.129096050305237,"{""type"":""Point"",""coordinates"":[80.6617941696286,21.61871970210227]}"
2804,-0.0,2025-03-15,280.68960339682445,377,0,30,0.3559411146161935,1.2682127161411927E-4,1.390963080774087,297.5898255847749,1.1912933534994823,"{""type"":""Point"",""coordinates"":[81.180383846593,23.749592872639536]}"
2805,162.79707394974656,2025-03-15,278.8280195054554,519,0,10,0.2848673946957878,1.05035773948714E-4,10.089145286738598,298.5743517194475,1.359076391974722,"{""type"":""Point"",""coordinates"":[80.7324669694776,22.65730443161195]}"
2806,208.1505046160284,2025-03-15,281.67534442175,296,0,40,0.7352297592997812,1.3334027961775519E-5,1.0518031331495439,300.6440771193732,0.7074227448422425,"{""type"":""Point"",""coordinates"":[81.78625262821895,20.863306722851554]}"
2807,252.58961375811808,2025-03-15,281.82866473425,307,0,10,0.44191176470588234,1.3334027961775519E-5,3.0967412965588523,302.1763269333613,0.4435316473902684,"{""type"":""Point"",""coordinates"":[80.21837516117542,19.823409781031476]}"
2808,69.6017973679059,2025-03-15,282.0780834470476,228,0,40,0.3101434556303161,1.3334027961775519E-5,2.659143522594254,300.21325029645647,1.139843477616813,"{""type"":""Point"",""coordinates"":[82.98340236713496,21.619096006255912]}"
2809,151.3973603695544,2025-03-15,278.4143057777768,736,1,10,0.45701958181214736,6.852792902378724E-5,5.267186029871709,297.2693735758464,1.4313359180730911,"{""type"":""Point"",""coordinates"":[82.0254646217997,23.51362376989621]}"
2810,351.4006680885327,2025-03-15,283.6331952867054,370,0,10,0.38792841977555353,1.3334027961775519E-5,3.2795405252570364,300.92934381394156,0.3093289187123912,"{""type"":""Point"",""coordinates"":[81.2849378127539,19.14831973938401]}"
2811,108.5480044511345,2025-03-15,278.1078918547858,678,0,30,0.1724918280110636,1.4812993212132142E-4,5.811447940846009,297.46055893670945,1.4446026594055394,"{""type"":""Point"",""coordinates"":[81.02195340377483,22.675732473262876]}"
2812,207.34261755573493,2025-03-15,289.9173982256935,247,0,10,0.6431761786600496,1.732753916172669E-5,24.059966967068455,300.3138711111887,0.5135719791601131,"{""type"":""Point"",""coordinates"":[83.67930828192088,18.695865756235563]}"
2813,188.54599878044772,2025-03-15,286.88767119816373,102,0,40,0.23456149455111572,1.637386484532044E-5,3.2790813703074244,302.171874273391,0.4613265734011715,"{""type"":""Point"",""coordinates"":[81.65266322974087,18.073956785139163]}"
2814,72.73625040768155,2025-03-15,281.97684065500897,293,0,40,0.11137071651090343,1.3334027961775519E-5,1.5622514739789344,300.27740696498324,0.6541106859177807,"{""type"":""Point"",""coordinates"":[81.90299997529964,21.201250413808673]}"
2815,90.0,2025-03-15,281.59316203707743,294,0,40,0.5745889993911102,1.3334027961775519E-5,1.9855297683489221,300.4959011986142,0.7179982681224868,"{""type"":""Point"",""coordinates"":[82.0371771400715,20.95235976069041]}"
2816,270.0,2025-03-15,279.6414786293393,326,0,30,0.2699845587361919,3.6490432457014776E-5,1.9955877223877343,300.8244447254,1.1775758909034408,"{""type"":""Point"",""coordinates"":[81.11067243295834,21.694884721068284]}"
2817,90.0,2025-03-15,283.5984575634911,132,0,40,0.3133874239350913,1.3334027961775519E-5,0.49766143382516026,301.10167221795945,0.5855422233568005,"{""type"":""Point"",""coordinates"":[83.92219776087909,21.278572100356808]}"
2818,309.44478188000755,2025-03-15,282.3027335121518,758,0,30,0.5148203344924657,1.3334027961775519E-5,18.981597094399596,298.55115836007246,0.19403698153903046,"{""type"":""Point"",""coordinates"":[82.82616696035939,19.160865725417572]}"
2819,72.94591175148668,2025-03-15,279.373836562747,511,0,40,0.18078965596859847,2.7192877931980775E-4,1.5808671766469564,297.29811822800406,1.8157016015532423,"{""type"":""Point"",""coordinates"":[81.79401816023295,23.031520241564753]}"
2820,116.82362596209111,2025-03-15,281.7306190218244,600,0,10,0.5736306985897015,1.3334027961775519E-5,14.096338489332986,298.7794589088076,0.5675805357093483,"{""type"":""Point"",""coordinates"":[83.96195413434997,20.10385150724238]}"
2821,287.43815852430964,2025-03-15,280.4432829448155,707,0,10,0.4621212121212121,1.3334027961775519E-5,4.632344976646415,298.9985809326172,0.1705831836619809,"{""type"":""Point"",""coordinates"":[82.9702103319234,19.551840365623324]}"
2822,180.0,2025-03-15,280.92124634697325,893,0,30,0.27124824684431975,2.2572747901961066E-5,0.4637353428839794,297.56130763462613,0.5185665372480058,"{""type"":""Point"",""coordinates"":[84.01090478544684,19.81578791405066]}"
2823,237.99344064394677,2025-03-15,280.3248340515864,447,0,40,0.2902186421173763,1.3334027961775519E-5,1.7493851125191189,300.5830652146113,0.6833602979447069,"{""type"":""Point"",""coordinates"":[81.68936887857083,20.35729490175104]}"
2824,-0.0,2025-03-15,282.04728685106545,235,0,40,0.45503048780487804,1.3334027961775519E-5,0.4637353428839794,301.6573246547154,0.5147690837407481,"{""type"":""Point"",""coordinates"":[80.23835629102393,20.413555775847666]}"
2825,19.484698836809923,2025-03-15,281.97278908320834,229,0,10,0.44521604938271603,1.3334027961775519E-5,2.9488970615210857,302.22020830426897,0.38102511515971715,"{""type"":""Point"",""coordinates"":[80.33340826607406,19.592077374921494]}"
2826,151.63768708393627,2025-03-15,280.55825574057445,277,0,10,0.4288334556126192,1.3334027961775519E-5,1.053894537930523,299.8423599969774,1.152179314907702,"{""type"":""Point"",""coordinates"":[82.98991704968323,22.152121201854833]}"
2827,288.23523527426664,2025-03-15,278.2241202309018,664,0,10,0.47506019951840384,1.0825442476658509E-4,7.369087382079916,297.61919802711117,1.3735204817850941,"{""type"":""Point"",""coordinates"":[80.94278765622578,22.70492160437328]}"
2828,86.73021087585865,2025-03-15,281.5679748625983,318,0,10,0.5653939886271324,1.3334027961775519E-5,15.844402898624292,301.71011134556363,0.19972719117187296,"{""type"":""Point"",""coordinates"":[80.74335020698855,19.497212325481325]}"
2829,151.50105298074868,2025-03-15,279.9825082052322,425,0,40,0.262351438954916,2.0546189979597784E-5,2.1097960750093336,297.74520946684333,1.7574596293511058,"{""type"":""Point"",""coordinates"":[82.27318246146585,22.938157254590223]}"
2830,332.1552792021293,2025-03-15,277.52737195151195,977,0,10,0.49795918367346936,2.6730941934971497E-4,17.76445745558339,296.69899713425417,1.3290839313993523,"{""type"":""Point"",""coordinates"":[81.06103944942952,23.14710468427345]}"
2831,324.9319743110676,2025-03-15,285.6359157108125,158,0,30,0.3331275084902748,1.3334027961775519E-5,1.6993019354104006,303.0112064906529,0.6895508989597537,"{""type"":""Point"",""coordinates"":[81.08691762120282,18.250745893823517]}"
2832,180.0,2025-03-15,281.88593896230066,283,0,40,0.10498378059569448,1.3334027961775519E-5,2.7802885155465065,300.35913013276604,0.6121518884345322,"{""type"":""Point"",""coordinates"":[81.76647783430163,21.443189250284195]}"
2833,11.442630610097698,2025-03-15,281.86569272904165,404,0,10,0.6047197640117994,1.3334027961775519E-5,9.838300474300977,300.6131003243583,0.27434841682252675,"{""type"":""Point"",""coordinates"":[83.22361864345666,19.772132136413816]}"
2834,57.91590355893897,2025-03-15,282.0407706215268,381,0,30,0.3686109440769693,1.3334027961775519E-5,3.4879845165359997,300.4456721714564,0.3044389368488401,"{""type"":""Point"",""coordinates"":[83.38611811127582,19.886723679441026]}"
2835,248.56490791334392,2025-03-15,279.82007912227084,545,0,30,0.25835491429276114,6.772326631931946E-5,3.8013573241508483,296.81728326706656,1.498331121226839,"{""type"":""Point"",""coordinates"":[84.36452558043386,23.64141311710868]}"
2836,144.9750256836689,2025-03-15,286.98389748164584,131,0,10,0.3954266592303402,1.440691156773255E-5,1.698407100874651,302.0382421584356,0.34740326347349254,"{""type"":""Point"",""coordinates"":[81.66703829671225,17.969979847842108]}"
2837,160.34077415911796,2025-03-15,281.2957580657232,225,0,40,0.26766226306720275,1.3334027961775519E-5,1.477023625473976,301.0963243756975,1.0525717304353535,"{""type"":""Point"",""coordinates"":[83.1858228331915,21.083717687086356]}"
2838,270.0,2025-03-15,279.3769522621518,500,0,40,0.217152281473337,8.739279909519837E-5,1.5087146118548547,297.4793403262184,1.7192851899059725,"{""type"":""Point"",""coordinates"":[82.20263511690995,22.792054414723065]}"
2839,121.79887182210962,2025-03-15,282.17425160180954,287,1,30,0.305780173704702,1.3334027961775519E-5,1.7595949934177217,300.0657312302363,0.9223220256965844,"{""type"":""Point"",""coordinates"":[82.7055234089053,21.56527621915082]}"
2840,331.5695538384304,2025-03-15,279.6203023365566,449,0,40,0.6076975945017182,2.0307771400496222E-5,2.1084302127244627,298.96209934779574,1.42724974738573,"{""type"":""Point"",""coordinates"":[80.32477893824498,22.54827138963148]}"
2841,-0.0,2025-03-15,281.3365760530744,197,0,10,0.3142358586592991,1.3334027961775519E-5,1.8543341688295631,301.78851536342074,0.7351456822090827,"{""type"":""Point"",""coordinates"":[83.45431683286427,20.901795804219738]}"
2842,125.59905544437497,2025-03-15,280.31210386185415,420,0,30,0.29176995537927614,9.54990307846515E-5,5.559134506575344,297.72535850888204,1.4350415997688977,"{""type"":""Point"",""coordinates"":[82.57828237189561,23.008049411217844]}"
2843,12.28876329944463,2025-03-15,283.49798207055954,897,0,10,0.667989417989418,2.1812788681074835E-5,17.90376564259012,298.6912543887184,0.24786561417640118,"{""type"":""Point"",""coordinates"":[83.94693115152504,19.6630176680297]}"
2844,17.169577941069292,2025-03-15,277.97516073499406,621,0,10,0.6113049546406141,3.0529967979475714E-5,6.763671676171361,299.26954796200704,1.3318658172372382,"{""type"":""Point"",""coordinates"":[80.56968170572564,22.371749206383736]}"
2845,119.9057743300425,2025-03-15,279.7441688265119,610,0,10,0.5782848151062155,1.3334027961775519E-5,10.124835372758659,300.24820890880767,0.276372928354371,"{""type"":""Point"",""coordinates"":[80.86400190812732,19.750714329939537]}"
2846,46.820685829986495,2025-03-15,282.96420347122915,201,0,40,0.3628467357803306,1.3334027961775519E-5,0.6776775825983261,301.3301355271113,0.106279202536014,"{""type"":""Point"",""coordinates"":[82.98114788999793,20.21768819645077]}"
2847,107.57194290931346,2025-03-15,287.22178926922027,613,0,30,0.46890636168691924,1.561390562443421E-5,25.76064907262581,299.2977520170666,0.193879736792387,"{""type"":""Point"",""coordinates"":[82.21004381596238,18.187648857595917]}"
2848,227.01412075539298,2025-03-15,281.1600507554554,344,0,40,0.22018828451882846,1.3334027961775519E-5,0.6801281616745471,300.4078826904297,1.0277415600677888,"{""type"":""Point"",""coordinates"":[80.83125671883595,21.242554402010608]}"
2849,290.5442681387134,2025-03-15,280.6786403201876,276,0,30,0.3082091732398481,1.3334027961775519E-5,2.6410719223311117,301.04077657063806,0.6448637866380779,"{""type"":""Point"",""coordinates"":[82.86991331771362,20.460109272638203]}"
2850,180.0,2025-03-15,281.1804364976429,289,0,40,0.1546699875466999,1.3334027961775519E-5,0.9274099368670311,300.6722114199684,0.770377811972257,"{""type"":""Point"",""coordinates"":[81.40949624083541,21.40265658959391]}"
2851,47.27724715972525,2025-03-15,279.4126839864822,688,0,10,0.5845594599272979,2.5821201042219855E-5,2.049730790849276,298.1722811744326,1.543964139936759,"{""type"":""Point"",""coordinates"":[82.4055978029845,22.55528652318239]}"
2852,55.22491504182371,2025-03-15,281.1801342282976,306,0,10,0.6376914855717848,1.3334027961775519E-5,2.437768241370089,299.7215336390904,0.9895378070373896,"{""type"":""Point"",""coordinates"":[82.39408186929386,22.206001270025393]}"
2853,13.897032923539946,2025-03-15,283.07506075359527,554,0,10,0.47907239819004527,1.3334027961775519E-5,21.39939146085696,301.20926847912017,0.27032978918521633,"{""type"":""Point"",""coordinates"":[81.00903898547786,18.926799436036983]}"
2854,192.26333481888898,2025-03-15,278.653121812003,664,0,30,0.2090245520902455,1.3728188677220032E-4,2.3715170406665793,297.47727675665,1.2830389631109187,"{""type"":""Point"",""coordinates"":[80.80009337588722,23.05765994225148]}"
2855,210.55781855594012,2025-03-15,283.2081697100685,512,0,10,0.6640056767784283,1.4138690666243292E-5,9.6027797350373,299.8417496454148,0.10975005796019607,"{""type"":""Point"",""coordinates"":[83.60323361584568,19.784369421734016]}"
2856,284.3480801287692,2025-03-15,278.966348421006,655,0,10,0.46684894053315107,1.5062562660261847E-5,9.274923902863728,296.9156370617094,1.3383110703343715,"{""type"":""Point"",""coordinates"":[83.08535477562592,22.94982448664329]}"
2857,352.4900127098311,2025-03-15,283.84100546155656,561,0,10,0.6175656984785616,1.3334027961775519E-5,7.441990752987797,301.2509583972749,0.6230314998149987,"{""type"":""Point"",""coordinates"":[81.3282674019984,18.52330573351177]}"
2858,50.467595694732246,2025-03-15,281.04526978447325,843,0,10,0.6685522091423329,1.3334027961775519E-5,28.1053288888986,300.6414090111142,0.5286436983712748,"{""type"":""Point"",""coordinates"":[81.29159271395135,19.407106657837286]}"
2859,160.28349662729318,2025-03-15,282.02843570709234,281,0,40,0.22357463164638053,1.3334027961775519E-5,1.4775518156197114,300.0898255847749,0.5138845799854713,"{""type"":""Point"",""coordinates"":[82.00910082436411,21.546794108201414]}"
2860,183.5518797127455,2025-03-15,284.61006005605066,300,0,30,0.23154362416107382,1.3334027961775519E-5,7.849367963817653,302.7489471435547,0.34608301687207316,"{""type"":""Point"",""coordinates"":[81.78658703200497,18.61669380258525]}"
2861,53.17135558492027,2025-03-15,280.2133024760655,361,0,10,0.3537477148080439,1.3334027961775519E-5,3.0916041672316243,301.928233555385,0.5655474443145315,"{""type"":""Point"",""coordinates"":[80.43053448055304,20.594105412746185]}"
2863,300.384385653288,2025-03-15,278.98621681758334,553,0,10,0.3758368837492392,1.3334027961775519E-5,4.574543851241918,300.4759862990606,0.7769586006015574,"{""type"":""Point"",""coordinates"":[82.25505885804692,20.26027989743682]}"
2864,-0.0,2025-03-15,280.6943350746518,255,0,30,0.10161812297734628,1.3334027961775519E-5,0.4637353428839794,301.74579656691776,0.7532680732756544,"{""type"":""Point"",""coordinates"":[80.26916220577571,20.888118621675805]}"
2866,96.61798682580795,2025-03-15,280.22010353633334,270,0,40,0.24284666177549524,1.3334027961775519E-5,4.017261027060905,300.9510490780785,0.9783929553983817,"{""type"":""Point"",""coordinates"":[81.57216860703201,21.847241255255653]}"
2867,250.65203545655277,2025-03-15,281.0633652550834,370,0,40,0.22992791449167288,1.3334027961775519E-5,4.191774953794299,301.13944426037017,0.7941455966722878,"{""type"":""Point"",""coordinates"":[81.2752750489548,20.55113376217277]}"
2868,47.03161065145941,2025-03-15,281.32549671899704,246,0,10,0.37922363664937925,1.3334027961775519E-5,2.0402860823813502,300.82850792294454,1.1287575866121518,"{""type"":""Point"",""coordinates"":[83.31525517162845,21.332895920263322]}"
2869,244.80856779715384,2025-03-15,281.35360195523214,314,0,10,0.44860152560842714,1.3334027961775519E-5,3.265006009104671,301.87950424920945,0.3379037789217316,"{""type"":""Point"",""coordinates"":[80.48264040799391,19.81979470793222]}"
2870,180.0,2025-03-15,280.84290627070834,294,0,40,0.4998392799742848,1.3334027961775519E-5,2.3174627380815918,301.6192735944475,0.310342075354557,"{""type"":""Point"",""coordinates"":[80.69361699503601,19.87712868778906]}"
2871,132.42188704546345,2025-03-15,282.4687491371518,244,0,30,0.29278113316077076,7.800583760300128E-4,0.687420577256973,297.4387548537482,1.3205782227224947,"{""type"":""Point"",""coordinates"":[84.14452243117238,23.960740651648354]}"
2872,203.19338916518515,2025-03-15,281.0705499649048,310,0,40,0.3134122514653488,1.3334027961775519E-5,2.5209739837869476,300.71808079310824,0.9902421780543378,"{""type"":""Point"",""coordinates"":[82.57214026323133,21.002231191016357]}"
2873,313.41423805218193,2025-03-15,284.0969229652768,119,0,40,0.3050030138637734,1.3334027961775519E-5,2.0234579203496823,302.3650650751023,0.4785693167184318,"{""type"":""Point"",""coordinates"":[80.3569256793899,18.892744781123064]}"
2874,245.00271623363057,2025-03-15,281.7080011367797,268,0,40,0.25546793631900017,1.3334027961775519E-5,4.381148510574791,300.4841533842541,1.0375848770380143,"{""type"":""Point"",""coordinates"":[82.8212968768512,21.172315055715416]}"
2875,345.0444591008293,2025-03-15,279.8666111628214,383,0,10,0.48669050456893126,1.3334027961775519E-5,3.834305656842044,301.6209825788225,0.598044039196173,"{""type"":""Point"",""coordinates"":[80.50386886548208,20.62281800086073]}"
2876,326.8329511828819,2025-03-15,278.283737046378,1041,0,10,0.33581049698095683,2.411131779709308E-4,5.522874647940342,295.7378794352214,1.4783365382224571,"{""type"":""Point"",""coordinates"":[84.01494968543845,23.357623331700566]}"
2877,270.0,2025-03-15,279.8365993045625,306,0,40,0.24007606370335155,1.3334027961775519E-5,2.503641359561623,300.39431544712613,1.145512674286138,"{""type"":""Point"",""coordinates"":[83.46757328856334,22.248215276895532]}"
2878,10.25113468685678,2025-03-15,277.1650091352917,873,0,40,0.26284139313455274,3.3490108652500794E-4,2.825317227321753,296.69739278157556,1.7299426756431466,"{""type"":""Point"",""coordinates"":[81.7094124082627,22.842806407974148]}"
2879,339.96265623205613,2025-03-15,280.8846485047113,364,0,40,0.742905788876277,1.0762857599644349E-4,1.4805448567289294,297.5902673630488,1.1620042070774876,"{""type"":""Point"",""coordinates"":[80.70983669515411,23.939438703534258]}"
2880,229.4487048928408,2025-03-15,280.0387128648304,635,0,30,0.2965125453684709,1.3334027961775519E-5,7.096620714008682,300.28124346051897,0.47046413444311674,"{""type"":""Point"",""coordinates"":[81.07394158495107,19.74701221745071]}"
2881,180.0,2025-03-15,285.3157427197411,82,0,10,0.5176830966304651,1.3334027961775519E-5,0.4637353428839794,302.91588701520647,0.43800693010349323,"{""type"":""Point"",""coordinates"":[80.38248507228599,18.493935127615526]}"
2882,294.67359322543064,2025-03-15,279.5515476862589,527,1,30,0.29812072892938496,1.1785077257542298E-4,2.2206975921907333,297.44227745419454,1.7119569617080375,"{""type"":""Point"",""coordinates"":[82.14812057530214,23.251585439982293]}"
2883,67.884293368014,2025-03-15,283.84100546155656,719,0,30,0.6477905921990411,1.3334027961775519E-5,10.950866411378916,301.2509583972749,0.6230314998149987,"{""type"":""Point"",""coordinates"":[81.27689273302745,18.520066492864697]}"
2884,245.1623538936736,2025-03-15,279.7897301174345,325,0,40,0.2690274841437632,2.1291248039290167E-5,2.206964927798091,299.5856403169178,1.3551104007544728,"{""type"":""Point"",""coordinates"":[81.50995864874216,22.221668545726086]}"
2885,332.3072751259304,2025-03-15,277.73548439570834,954,0,10,0.569351413167783,1.5420960588841126E-4,14.846926329852765,296.04859488351,1.8955505594833069,"{""type"":""Point"",""coordinates"":[83.85187259057831,23.102186063103368]}"
2886,58.32479377907587,2025-03-15,292.4776137669881,128,0,10,0.6149318463444857,3.838287992863343E-5,23.34448968670472,300.4459104992094,0.5157185671211516,"{""type"":""Point"",""coordinates"":[84.01190208899666,18.637607163003015]}"
2887,199.542978062971,2025-03-15,283.2931364604405,201,0,50,0.3017241379310345,1.3334027961775519E-5,1.4759573254723604,301.34398760114397,0.43154558040277846,"{""type"":""Point"",""coordinates"":[83.20883593743258,20.10431365403494]}"
2888,28.749643552484045,2025-03-15,280.1591323216756,499,0,10,0.5171272546748303,1.3334027961775519E-5,15.970541244836435,300.08800034295945,0.3273083965863204,"{""type"":""Point"",""coordinates"":[80.96094639048407,19.814185796838903]}"
2889,180.0,2025-03-15,282.0393057777768,189,0,40,0.8465585269618588,1.3334027961775519E-5,0.9274099368611016,301.187010992141,0.9879105402528009,"{""type"":""Point"",""coordinates"":[83.50732321835937,21.371301706067914]}"
2890,19.62116233625295,2025-03-15,279.87478987375897,395,0,10,0.3472041612483745,1.3334027961775519E-5,1.4766736436825367,301.6507386707124,0.692115060822324,"{""type"":""Point"",""coordinates"":[80.37695392054559,20.769381415385546]}"
2891,235.18092843649094,2025-03-15,282.51711223238993,492,1,10,0.6586201971146979,1.4451615051314093E-5,25.73214761972343,299.72124880836117,0.05817521686828241,"{""type"":""Point"",""coordinates"":[83.68772331790099,19.782521603534242]}"
2892,51.706337969640046,2025-03-15,283.64980847494945,859,0,40,0.10173440331348693,1.3334027961775519E-5,3.73643457685451,297.66653224400113,0.24008796149652745,"{""type"":""Point"",""coordinates"":[82.78215359882026,18.650663055850288]}"
2893,312.5521094808801,2025-03-15,279.6998224258422,449,0,30,0.28465744612415567,1.0545300646214173E-4,5.469324998235211,298.38763645717074,1.344352093258515,"{""type"":""Point"",""coordinates"":[81.03196356079997,23.363515667778444]}"
2894,344.85862272886425,2025-03-15,278.8897870835804,554,0,40,0.2042360060514372,5.6517593101546026E-5,1.920974855843253,298.6755886986142,1.3317272755398184,"{""type"":""Point"",""coordinates"":[80.58426821629679,22.49836688605955]}"
2895,160.66838413071193,2025-03-15,284.4119690032232,1184,0,30,0.30533404217614746,5.720304651646302E-5,14.430558466708794,297.33455330984935,0.15403135215047783,"{""type"":""Point"",""coordinates"":[82.41303155591997,18.16336842541496]}"
2896,283.05800993764024,2025-03-15,280.1960673105149,285,0,10,0.25505481120584655,1.3334027961775519E-5,2.0516617973418168,300.60266621907556,1.1305795616196623,"{""type"":""Point"",""coordinates"":[81.48150041303957,21.91463404171871]}"
2897,140.7923691232925,2025-03-15,288.51616473424997,194,0,10,0.503711558854719,1.6388766006514288E-5,20.08222040096515,300.4200141543434,0.3387852131993231,"{""type"":""Point"",""coordinates"":[83.69897350661245,18.98416617093685]}"
2898,144.99728331394323,2025-03-15,286.73131656646734,140,0,10,0.5901754385964912,1.5122167305037237E-5,1.6979452148794711,302.4120505196708,0.7336409123447035,"{""type"":""Point"",""coordinates"":[80.74486332097253,17.823740487559107]}"
2899,64.631747550121,2025-03-15,284.3692095166161,155,0,10,0.5042134831460674,1.3334027961775519E-5,1.0822897745142301,303.33971514020647,0.4879968545166041,"{""type"":""Point"",""coordinates"":[80.25424386400248,18.502511345008266]}"
2900,270.0,2025-03-15,286.168020203,123,0,30,0.24426859071337134,1.3334027961775519E-5,2.4373197066111443,303.2402859642392,0.8758673460591598,"{""type"":""Point"",""coordinates"":[80.96065791240233,18.053362467907455]}"
2901,9.256569641952142,2025-03-15,278.0363528387887,722,0,30,0.27489481065918653,3.027741829910724E-4,9.314352257258005,296.81048220679867,1.4190030121077748,"{""type"":""Point"",""coordinates"":[81.34557483853271,23.02005357134962]}"
2902,46.60385108362875,2025-03-15,283.5415379206339,147,0,10,0.3396472893533638,1.3334027961775519E-5,0.6749605736530697,302.7342173258463,0.4730659182485387,"{""type"":""Point"",""coordinates"":[80.2295956364166,18.99866634854602]}"
2903,331.29010972140065,2025-03-15,283.18273258209234,220,0,40,0.505578231292517,6.812040726700275E-4,1.0573760065847204,297.6813608805338,1.3632284996078226,"{""type"":""Point"",""coordinates"":[83.97054265930203,24.09191262157379]}"
2904,28.51604602983539,2025-03-15,278.6186049779256,717,0,40,0.2906574394463668,1.3260292215733216E-4,1.05542676786435,297.2737506684803,1.2750852552071301,"{""type"":""Point"",""coordinates"":[80.98599008736593,23.033943073789647]}"
2905,194.83829971379862,2025-03-15,281.91481149764286,514,0,40,0.23447037701974865,1.3334027961775519E-5,1.9182580047262205,300.1813260033017,0.3750234356066823,"{""type"":""Point"",""coordinates"":[81.53576513027289,19.325123226519647]}"
2906,23.525664790428475,2025-03-15,279.4337556475685,539,0,30,0.27339449541284405,7.553147478489564E-5,2.5272880675349336,297.3704012916201,1.7428745258462037,"{""type"":""Point"",""coordinates"":[82.43009309453949,23.24664002395954]}"
2907,207.76125008688882,2025-03-15,285.84103452591665,190,0,40,0.2772577455504285,1.7044417099043585E-5,1.0480184023112156,302.2578292120071,0.3689065543655386,"{""type"":""Point"",""coordinates"":[81.75127990287686,18.214294803405508]}"
2908,143.8725770192287,2025-03-15,281.5500305266608,363,0,10,0.5667958392820722,9.131257454910724E-4,3.440758189950267,297.2958453950428,1.5605082586795498,"{""type"":""Point"",""coordinates"":[83.53474404114569,24.03275352476437]}"
2909,295.2892592718017,2025-03-15,281.6773673012143,576,0,40,0.3512757777001049,1.3334027961775519E-5,2.1701137818161604,299.4318084716797,0.27434700293669845,"{""type"":""Point"",""coordinates"":[82.40502277262067,19.10264869992508]}"
2910,313.4507494094388,2025-03-15,282.93646444593156,548,0,30,0.1116302352744869,1.3334027961775519E-5,2.6952601151601057,299.7295554024833,0.43860851454111366,"{""type"":""Point"",""coordinates"":[81.28311372993461,18.678510349138467]}"
2911,203.18714321822083,2025-03-15,281.39748913901195,315,0,30,0.30295602018745493,1.3334027961775519E-5,2.520856406821397,300.47098722912017,0.7541573417657256,"{""type"":""Point"",""coordinates"":[82.14941118518749,20.956818432492287]}"
2912,340.32613465887187,2025-03-15,281.7469066892352,289,0,50,0.263806429931668,1.3334027961775519E-5,1.477158448724579,300.60267784481954,0.7080016079440071,"{""type"":""Point"",""coordinates"":[81.63927092178811,21.203440938510383]}"
2913,331.68097295234537,2025-03-15,278.2067571821667,638,0,10,0.6102260096331975,1.3334027961775519E-5,5.253150899719859,299.086895897275,1.1453685764115522,"{""type"":""Point"",""coordinates"":[80.37825389668987,21.895913171276682]}"
2914,112.28140303512959,2025-03-15,278.2919506345476,780,0,40,0.41588447653429605,1.6464041872410462E-4,4.880560908457693,296.8868749709356,1.4428220390452573,"{""type"":""Point"",""coordinates"":[81.14525767273928,22.78913827585604]}"
2915,19.59665052996809,2025-03-15,280.0983180545625,356,0,40,0.5657703488372093,1.3334027961775519E-5,2.9509391664162408,301.8641931442988,0.6729951540934349,"{""type"":""Point"",""coordinates"":[82.19370530236336,20.563549178743468]}"
2916,-0.0,2025-03-15,281.1001897993542,279,0,40,0.21002039032915817,1.3334027961775519E-5,0.4637353428839794,299.9058074951172,1.1216791292783608,"{""type"":""Point"",""coordinates"":[82.61448117359986,22.222444055718523]}"
2917,152.25661032248453,2025-03-15,286.95956479935415,380,1,10,0.6372869060573086,4.3277191324619935E-4,8.32463109676183,297.1571967715309,0.22430131672907985,"{""type"":""Point"",""coordinates"":[82.89772514315224,18.082443384879895]}"
2918,306.4534698410601,2025-03-15,282.4518162409464,1011,0,10,0.4766420793818054,1.732753916172669E-5,8.522020450353573,297.83802940731954,0.6361434205598292,"{""type"":""Point"",""coordinates"":[84.17882035756608,19.919313481460737]}"
2919,156.35523384033476,2025-03-15,281.12367961520243,371,0,40,0.30612244897959184,1.339363260655091E-5,2.529579714591754,297.47974141438806,1.1042517915118395,"{""type"":""Point"",""coordinates"":[81.55532082459571,23.990369489302857]}"
2920,261.1003799158635,2025-03-15,279.4273731140863,658,0,50,0.5020337013364323,1.3334027961775519E-5,2.994903359557216,299.48815264020647,0.8635417006990255,"{""type"":""Point"",""coordinates"":[81.92628145910307,20.026310668534578]}"
2921,294.7295829162094,2025-03-15,278.80862776438397,929,0,10,0.3536688220410458,4.9096814827009894E-5,5.525543881982143,296.85918244861415,1.7234479183335727,"{""type"":""Point"",""coordinates"":[83.54518896575352,22.90592304826273]}"
2922,115.4177468250146,2025-03-15,287.20651885441373,470,0,10,0.40264998159735,1.9383899406477667E-5,8.57891319304477,299.4848974318732,0.18404349602307685,"{""type"":""Point"",""coordinates"":[82.06396747426972,18.11570992535761]}"
2923,283.145397469303,2025-03-15,281.75537023090186,315,1,40,0.16031272668654792,1.3334027961775519E-5,2.038271943567967,300.74370393298926,0.7581725457206672,"{""type"":""Point"",""coordinates"":[81.6952092378366,20.904832357795673]}"
2924,159.9784096363136,2025-03-15,279.54383400508334,532,0,10,0.5281342546890424,1.1129426165013001E-4,22.46493387463453,297.6579408191499,1.2889501219081714,"{""type"":""Point"",""coordinates"":[82.24428286785309,23.828740905818936]}"
2925,221.85904448693302,2025-03-15,280.2680248532976,593,0,10,0.3480422622747048,1.7983190254255987E-5,27.548038720107126,300.27068147205176,1.1167655697602787,"{""type"":""Point"",""coordinates"":[80.85450691429604,21.549096623020763]}"
2926,280.54995630093765,2025-03-15,281.1804364976429,278,0,40,0.2821917808219178,1.3334027961775519E-5,2.531196440677817,300.6722114199684,0.770377811972257,"{""type"":""Point"",""coordinates"":[81.37072650121773,21.377017649357715]}"
2927,132.96395013334288,2025-03-15,282.2230739139375,178,0,40,0.38390882803197823,1.3334027961775519E-5,0.6804075851635899,301.10900224958147,0.8861173005891485,"{""type"":""Point"",""coordinates"":[83.62117692433813,21.35534116549878]}"
2928,28.173764461423776,2025-03-15,281.9654474258422,175,0,40,0.297804208600183,1.3334027961775519E-5,1.0520316939587568,301.30805242629276,0.9844061310534022,"{""type"":""Point"",""coordinates"":[83.16210750522313,21.009198684748146]}"
2929,14.764312378868748,2025-03-15,291.40993449801493,114,0,40,0.5797273266152935,2.096342249302552E-5,1.9176040691761473,301.0794031052363,0.7418920322045951,"{""type"":""Point"",""coordinates"":[83.48539121778113,18.449101677294053]}"
2930,107.079336210251,2025-03-15,278.4220020203364,785,0,30,0.21790875602153584,3.573720376053302E-4,1.5786008470691435,297.6236041841053,1.7284978903791037,"{""type"":""Point"",""coordinates"":[81.53042429264565,22.818939446807068]}"
2931,120.43180842990368,2025-03-15,281.5529950913929,821,0,10,0.7362780123416693,1.3334027961775519E-5,4.568124241736671,299.2145291283017,0.3588874458719022,"{""type"":""Point"",""coordinates"":[83.89424351018994,19.963816437453545]}"
2932,-0.0,2025-03-15,279.2242016111102,494,0,10,0.44843342036553524,1.3334027961775519E-5,2.7802885155465065,301.0610576811291,0.8209629146273271,"{""type"":""Point"",""coordinates"":[82.0815449130323,20.179907380154773]}"
2933,28.00554689102615,2025-03-15,281.6759431475685,256,0,40,0.31323155216284987,1.3334027961775519E-5,1.0503848501278528,301.20665268670945,0.27108805915236767,"{""type"":""Point"",""coordinates"":[82.65892857350113,19.924392649346842]}"
2934,340.28621194890604,2025-03-15,282.15145933060415,264,0,40,0.17585108988488857,1.3334027961775519E-5,1.4775267341599725,300.24512227376306,0.504469820391758,"{""type"":""Point"",""coordinates"":[82.14259686956184,21.524605592201375]}"
2935,160.04597118053002,2025-03-15,279.4892162595477,641,0,40,0.19400811401227505,1.0268139048008607E-4,1.4797620077539415,297.28034246535526,1.1055011975142441,"{""type"":""Point"",""coordinates"":[83.49948239934561,23.348017529261558]}"
2936,233.21600640627207,2025-03-15,280.43372658320834,340,0,40,0.6588936170212766,1.3334027961775519E-5,3.0948194218854015,300.7573583693731,0.9525357749150963,"{""type"":""Point"",""coordinates"":[82.50673416718479,20.840365933671674]}"
2937,90.0,2025-03-15,280.5656613395328,259,0,40,0.4704109589041096,1.3334027961775519E-5,2.4996110485504497,300.42041524251306,0.9190238206057637,"{""type"":""Point"",""coordinates"":[81.89321384545973,22.02048958617706]}"
2938,321.1751590756497,2025-03-15,281.7834405899048,289,0,50,0.08514013749338974,1.3334027961775519E-5,2.3796631035933,300.57189868745354,0.7313266326194133,"{""type"":""Point"",""coordinates"":[81.51792521491927,21.253720224845214]}"
2939,72.69970797915863,2025-03-15,281.2392104466756,331,0,40,0.21693363844393593,1.3334027961775519E-5,1.559053781317467,300.8550204322451,0.8605707392152666,"{""type"":""Point"",""coordinates"":[81.11763589245977,20.866325299101558]}"
2940,58.418201951403994,2025-03-15,278.96578457241964,655,0,30,0.3402138771449888,1.3334027961775519E-5,1.7704194145321983,297.85954284667963,1.3406377034036518,"{""type"":""Point"",""coordinates"":[82.97423468421697,22.757101800700244]}"
2941,208.68475298115527,2025-03-15,281.0881397156489,415,0,10,0.3974946532233425,1.401948137669251E-5,4.221313889262641,297.5579652332125,1.148238991029156,"{""type"":""Point"",""coordinates"":[81.1926865019833,23.957901123312396]}"
2942,208.5922919117338,2025-03-15,279.88198620932445,433,0,40,0.7229521492295214,2.587561528244464E-4,2.111665019491412,297.96974908737906,0.9765494066048258,"{""type"":""Point"",""coordinates"":[80.55671500560959,23.457409710032916]}"
2943,331.72172940573813,2025-03-15,281.86142608097623,196,0,40,0.7836386607706886,1.3334027961775519E-5,1.053061983704409,300.8331000918434,1.1414264541395294,"{""type"":""Point"",""coordinates"":[83.40083760853281,21.65154835000671]}"
2944,197.56584643206062,2025-03-15,284.0685038339524,472,0,40,0.20490901396529834,1.3334027961775519E-5,4.85263581819643,300.9364529564267,0.5675306796278287,"{""type"":""Point"",""coordinates"":[81.44553968248434,18.616166278511074]}"
2945,283.2553541577514,2025-03-15,280.111629531497,612,0,40,0.34223143708695086,1.3334027961775519E-5,2.0216767668051188,299.8975822812035,0.5084427282169982,"{""type"":""Point"",""coordinates"":[82.3457645874237,19.563777934234693]}"
2946,41.1193609222213,2025-03-15,279.28973011743454,462,1,10,0.30842133766585433,1.3334027961775519E-5,15.60736375440002,299.54206121535526,1.361954823796928,"{""type"":""Point"",""coordinates"":[80.22325076026466,22.29468884717211]}"
2947,180.0,2025-03-15,279.6799598421369,540,0,40,0.21041889396442803,1.5471624536900208E-4,1.390963080774087,297.3598160516648,1.0602896422779935,"{""type"":""Point"",""coordinates"":[82.99388560332756,23.416359381741575]}"
2948,196.98364805082957,2025-03-15,281.9086847305298,925,0,30,0.513478402078597,1.3483039573713995E-5,23.753070405094824,297.57284037272126,0.23450100146551617,"{""type"":""Point"",""coordinates"":[82.99618581757186,19.182397558604077]}"
2949,207.7749314534591,2025-03-15,285.93456944965186,169,0,40,0.25328862522568996,1.4645330146834112E-5,1.0481501455110454,302.14671616327195,0.2905165080013547,"{""type"":""Point"",""coordinates"":[81.87631629478396,18.315403661470665]}"
2950,248.19982170783447,2025-03-15,281.92556531088695,191,0,40,0.32435264182008683,1.3334027961775519E-5,3.7408951473314715,301.0616912841797,0.9673662663022142,"{""type"":""Point"",""coordinates"":[83.08967596033384,21.04864325062238]}"
2951,137.8346684698653,2025-03-15,278.6958696728661,704,0,40,0.41855203619909503,1.7446748451277472E-5,3.7485978133287636,296.98126438685824,1.313808659930136,"{""type"":""Point"",""coordinates"":[83.41756590379431,23.051193328495653]}"
2952,195.38899997802542,2025-03-15,284.82352034250897,702,0,10,0.40086741016109045,2.8443805412337042E-5,12.770963350751911,298.87489464169454,0.38227668651594654,"{""type"":""Point"",""coordinates"":[83.98746780415526,19.61964514259116]}"
2953,90.0,2025-03-15,281.5631618045625,232,0,30,0.22298336362365442,1.3334027961775519E-5,0.4979062471458695,301.15294756208147,1.075927405567642,"{""type"":""Point"",""coordinates"":[83.40409179523276,21.350771509547606]}"
2954,17.753811243606172,2025-03-15,280.77941808246436,351,0,30,0.24341478895588703,1.3334027961775519E-5,4.8576825088161675,301.3605600992839,0.6068343849491485,"{""type"":""Point"",""coordinates"":[82.81990457946588,20.44846146485724]}"
2955,287.31019182208536,2025-03-15,280.7960661479405,385,0,40,0.22791788856304984,1.3334027961775519E-5,1.558189847036318,300.93851652599517,0.8366991344290501,"{""type"":""Point"",""coordinates"":[80.90651243805993,20.775302067589045]}"
2956,227.0714213667601,2025-03-15,284.72909604935415,157,0,10,0.48473908762717427,1.3334027961775519E-5,2.0418083464686885,301.03396388462613,0.733686071031486,"{""type"":""Point"",""coordinates"":[83.89085782736475,21.536055421299743]}"
2957,257.0541581218496,2025-03-15,278.6958696728661,755,0,30,0.2396999139097282,1.7446748451277472E-5,6.185899226667007,296.98126438685824,1.313808659930136,"{""type"":""Point"",""coordinates"":[83.37514331086837,23.148086691278415]}"
2958,198.4206208511654,2025-03-15,282.1420134135655,328,0,10,0.45831309697264044,1.3334027961775519E-5,21.001531475693017,300.2569340297154,0.8779735480941573,"{""type"":""Point"",""coordinates"":[83.017323517142,20.91462161567109]}"
2959,19.409063871501807,2025-03-15,284.40737102145243,96,0,40,0.20978260869565218,1.3334027961775519E-5,1.474738399345639,302.6495005289713,0.47752672549322184,"{""type"":""Point"",""coordinates"":[80.30254020877285,18.90172586279107]}"
2960,270.0,2025-03-15,280.5301446914673,478,0,10,0.3871745419479267,1.1883424921421692E-4,1.5198219480571529,297.54646737234935,1.1291542184173697,"{""type"":""Point"",""coordinates"":[81.4457333571634,23.76881491816853]}"
2961,180.0,2025-03-15,280.6497968492054,295,0,10,0.3971099812683971,1.3334027961775519E-5,1.390963080774087,300.67181614467074,0.7253856045037116,"{""type"":""Point"",""coordinates"":[84.3952128814295,21.915786787054813]}"
2962,152.0013730627327,2025-03-15,280.2406752904256,593,0,40,0.25482887156895967,1.3334027961775519E-5,2.099929385077483,300.7940492175874,0.7860100161201425,"{""type"":""Point"",""coordinates"":[82.27009510947003,19.878652380857787]}"
2963,8.269291911231411,2025-03-15,278.96660418737497,654,0,10,0.28322663252240715,2.422754685440509E-4,6.994313726393868,296.5522802443732,1.5925461234223268,"{""type"":""Point"",""coordinates"":[82.59683172504185,23.449822825710797]}"
2964,242.12750764299813,2025-03-15,293.27007679712204,168,0,10,0.42136498516320475,1.3738619490055726E-4,18.20838811444497,299.7458837599981,1.151779744879881,"{""type"":""Point"",""coordinates"":[84.39268947577513,18.84834303749905]}"
2965,72.92552417302538,2025-03-15,278.6401707331339,688,0,40,0.19605787376808556,6.781267328648255E-5,1.5790366001691585,297.3636816115606,1.3090253259932632,"{""type"":""Point"",""coordinates"":[80.93478650985038,22.860186655478017]}"
2966,264.12191434599544,2025-03-15,277.1400137855893,667,0,10,0.6136834830684175,2.68382302955672E-4,4.518837443377719,299.1421879359654,1.614406047022338,"{""type"":""Point"",""coordinates"":[80.93584103718004,22.091430059383217]}"
2967,102.92636308964433,2025-03-15,279.2780927476429,490,0,30,0.24489795918367346,5.9259406761213995E-5,4.138948737600844,297.47409711565285,1.3813968626226203,"{""type"":""Point"",""coordinates"":[81.65049744804853,23.35558728337426]}"
2968,169.03159498655899,2025-03-15,280.12684181758334,597,0,10,0.5269207501512402,1.3334027961775519E-5,5.1819461887598735,300.0541810535249,0.277259783311894,"{""type"":""Point"",""coordinates"":[83.83891176891252,20.259412891387406]}"
2969,19.63694973021549,2025-03-15,280.37254610515777,406,0,10,0.32122730118973075,1.3334027961775519E-5,1.4768187045456858,300.978514898391,0.8271541421307632,"{""type"":""Point"",""coordinates"":[80.47957989705861,20.900751085548215]}"
2970,133.04614316959083,2025-03-15,281.14537325359527,294,0,40,0.4379571410239959,1.3334027961775519E-5,0.679361963785405,300.60850815545945,0.721287951651259,"{""type"":""Point"",""coordinates"":[81.97651258510015,20.929515756919265]}"
2971,180.0,2025-03-15,280.33423927852084,320,0,10,0.3370473537604457,1.3334027961775519E-5,3.242751465064752,300.8894616989863,0.9478987129856346,"{""type"":""Point"",""coordinates"":[83.82710562089942,22.04942035190423]}"
2972,76.65472194133842,2025-03-15,283.5930225281488,357,0,10,0.3708542713567839,1.3334027961775519E-5,2.0083099408300633,301.6031254359654,0.4809316623738916,"{""type"":""Point"",""coordinates"":[80.6629484154956,18.39605627631885]}"
2973,-0.0,2025-03-15,294.6437340236845,0,0,80,-0.09043020193151888,5.19131342926471E-5,0.0,300.08738999139695,1.563468881467473,"{""type"":""Point"",""coordinates"":[84.25450670847495,18.458421290927053]}"
2974,219.85986751143957,2025-03-15,280.1591323216756,710,0,10,0.6034974339479187,1.3334027961775519E-5,8.397295877555344,300.08800034295945,0.3273083965863204,"{""type"":""Point"",""coordinates"":[81.00727153084544,19.772811801278024]}"
2975,16.912653450870703,2025-03-15,281.10458433060427,407,0,30,0.27494510856306414,1.3334027961775519E-5,3.389008391241052,300.3392849876767,0.45497926911880493,"{""type"":""Point"",""coordinates"":[81.18381134581311,20.006503901473227]}"
2976,22.984657607430595,2025-03-15,281.0200012297857,608,0,10,0.6337006556005021,1.3334027961775519E-5,2.517066806587794,299.82452610560824,0.20677076531462726,"{""type"":""Point"",""coordinates"":[82.38737385087457,19.431044761344907]}"
2977,107.47404844340899,2025-03-15,283.0293541408721,216,0,10,0.509493670886076,1.3334027961775519E-5,1.5440348628022715,302.5151999337333,0.3409927323575567,"{""type"":""Point"",""coordinates"":[80.51374140248721,19.19568399113155]}"
2978,236.12890576568876,2025-03-15,283.6198779968989,978,0,30,0.48681840510889146,1.3334027961775519E-5,13.868196096948134,296.9119400751023,0.2003136152394826,"{""type"":""Point"",""coordinates"":[82.6790434772428,18.62456043555188]}"
2979,312.9103867055188,2025-03-15,280.44187041691373,284,0,40,0.39465875370919884,1.3334027961775519E-5,1.3619905337004932,300.6100601922898,0.9186710080133216,"{""type"":""Point"",""coordinates"":[81.2951035089887,21.62846872811706]}"
2980,90.0,2025-03-15,281.59627773648214,148,0,40,0.23783864690914533,1.3334027961775519E-5,1.4882074495289719,301.7530975341797,0.5844399890122541,"{""type"":""Point"",""coordinates"":[83.55869122043183,20.831353663954665]}"
2981,133.06527715728703,2025-03-15,281.44598593030656,213,0,30,0.2607702846704217,1.3334027961775519E-5,2.714571113369942,301.9344823928106,0.6671755486611275,"{""type"":""Point"",""coordinates"":[83.35501419030606,20.82922539411936]}"
2982,195.19411660308901,2025-03-15,283.6167913618542,1170,0,30,0.3720112517580872,2.587263505020587E-4,14.574169376889321,297.11541966029574,0.1265547235352338,"{""type"":""Point"",""coordinates"":[82.50570323709675,18.154756778952304]}"
2983,151.52619727125685,2025-03-15,279.6789251509167,543,0,10,0.5772613065326633,2.9010049537703253E-5,1.0550045360986884,297.95501926967074,1.6907063230614088,"{""type"":""Point"",""coordinates"":[82.29489914375483,22.795965611272955]}"
2984,223.942865507769,2025-03-15,285.76719942547027,618,0,10,0.45286119826684595,3.1096212104841925E-5,7.048904291160918,298.95534479050417,0.33106219342514626,"{""type"":""Point"",""coordinates"":[84.02662453491227,19.391856599318867]}"
2985,68.20712955205407,2025-03-15,281.7681527364822,260,0,30,0.2785320005967477,1.3334027961775519E-5,3.742085082551781,300.4902685256231,0.9823811605234679,"{""type"":""Point"",""coordinates"":[82.78410298873396,21.10356459106061]}"
2986,312.723557833286,2025-03-15,278.41782256535123,637,0,40,0.2518248175182482,1.139466683426349E-4,0.6834924000021562,298.37864975702206,1.3905134743188716,"{""type"":""Point"",""coordinates"":[80.82014523599614,22.551702761781044]}"
2987,245.28865784073992,2025-03-15,280.3904090608869,480,0,40,0.35970305069017516,4.2599908546492316E-5,1.1091758437560495,297.752440679641,1.5984011589179017,"{""type"":""Point"",""coordinates"":[82.49552285896574,23.018466975213478]}"
2988,108.53411943441971,2025-03-15,281.2533822286697,582,0,10,0.3658376963350785,1.339363260655091E-5,7.255559191616297,299.3510095505488,0.375519095041534,"{""type"":""Point"",""coordinates"":[83.91222330488117,20.162481059031652]}"
2989,340.0145498051671,2025-03-15,280.6154602141608,420,0,40,0.6877999494821925,1.0473775072483704E-4,1.4800567865560836,298.0878550211589,0.9570163420357857,"{""type"":""Point"",""coordinates"":[80.21938708512918,23.57301585728275]}"
2990,278.75466133755407,2025-03-15,278.46210502442864,592,0,40,0.22687439143135346,1.1352943582920716E-4,3.044004717244937,298.57600257510234,1.4787128312601407,"{""type"":""Point"",""coordinates"":[80.7920603430841,22.48377071873041]}"
2991,244.92492545684536,2025-03-15,281.2074837911697,346,0,40,0.19093198992443325,1.3334027961775519E-5,3.2791393979601144,300.58140854608445,0.7325277929267994,"{""type"":""Point"",""coordinates"":[81.68776469666092,20.64101564149967]}"
2992,192.22387730558265,2025-03-15,276.46844105493454,961,0,30,0.3315156375300722,2.5360035105137513E-4,9.404687393567992,297.3268163771856,1.7184342904050633,"{""type"":""Point"",""coordinates"":[81.29217560413323,22.60556795627874]}"
2993,222.18881962960106,2025-03-15,287.5217799686251,821,0,10,0.6374012291483757,3.672885103611634E-5,24.645778790934237,298.7347462972005,0.26649761938562305,"{""type"":""Point"",""coordinates"":[84.04422813549033,18.97386510062081]}"
2994,18.611598272796023,2025-03-15,279.3080755415417,422,0,10,0.5330739299610895,1.3334027961775519E-5,9.217042165161374,301.0083988734654,0.7084928677625307,"{""type"":""Point"",""coordinates"":[82.08770833756581,20.327592993825427]}"
2995,215.6595663862512,2025-03-15,281.8154637018839,210,0,10,0.337239846433623,1.3334027961775519E-5,1.7117917312159623,300.46024504162017,0.7788960769508781,"{""type"":""Point"",""coordinates"":[84.10047021121741,21.697675948103548]}"
2996,244.6081158819505,2025-03-15,286.7774707703363,225,0,40,0.2545152354570637,1.4481417373701788E-5,2.1619291377237095,300.23712376185824,0.3107618398716941,"{""type"":""Point"",""coordinates"":[82.05150568706988,18.31894573547788]}"
2997,176.87811823771543,2025-03-15,277.92020003000897,736,0,10,0.4095650995800027,6.0153476432844855E-5,9.20857775471643,297.2292240687779,1.6587314133278914,"{""type"":""Point"",""coordinates"":[82.43868790528977,23.545943885726725]}"
2998,-0.0,2025-03-15,281.78764910925,246,0,40,0.27334035827186515,1.3334027961775519E-5,0.9274099368670311,299.9499736967541,0.6762571972564582,"{""type"":""Point"",""coordinates"":[82.29537234289558,21.923658079691236]}"
2999,100.55449016115203,2025-03-15,282.6129955564226,168,0,10,0.8194370685077005,1.3334027961775519E-5,2.5301228384498415,301.3934435163225,0.7363887593080453,"{""type"":""Point"",""coordinates"":[83.73934176596853,21.31170077243628]}"
