tree
version=v4
num_class=1
num_tree_per_iteration=1
label_index=0
max_feature_idx=9
objective=binary sigmoid:1
feature_names=temp_mean_k wind_speed precip_total_m dewpoint_k ndvi landcover slope_deg aspect_deg elevation_m region
feature_infos=[262.25829605829148:312.61208025614422] [0.0023778562204089999:6.5493489542576375] [8.9964723102298194e-06:0.4887164135192279] [255.36441957382928:297.41505459376742] [-1:1] [10:90] [0:57.70783255904928] [0:358.74979603634108] [-58:4187] -1:1:0
tree_sizes=2595 5286 4681 5105 5944 5189 4218 4857 4461 4990 4781 4359 4898 4258 4303 4565 5314 4458 5242 4695 3603 4874 4781

Tree=0
num_leaves=24
num_cat=0
split_feature=0 3 3 6 6 3 0 6 3 0 8 0 0 2 8 7 3 2 3 3 3 8 8
split_gain=286800 131350 57203.9 44018.4 39431.6 43786.7 80781.8 67188.9 64338.1 43461.6 37090 26980.4 30035.2 25817.3 19379.1 19113.4 17279 17254.2 15024.1 13444 40304.1 16738.2 7935.68
threshold=292.09146297545664 273.92617380051394 277.41326954251252 15.340753901169689 1.0000000180025095e-35 284.09715868177875 297.75084370658516 9.2267882670567278 286.06796341850651 304.45634648913432 196.50000000000003 279.18875885009771 271.87499684379219 0.0097533810394914017 359.50000000000006 156.11565349569531 271.3724787802924 0.028134419686256951 283.78313194002425 283.46990206128083 283.887923081716 359.50000000000006 318.50000000000006
decision_type=2 2 2 2 2 2 2 2 2 2 2 2 2 2 2 2 2 2 2 2 2 2 2
left_child=2 -2 3 11 10 9 8 -8 -7 13 -3 12 15 -6 -12 -1 -13 -18 -11 -4 21 22 -21
right_child=1 4 19 -5 5 6 7 -9 -10 18 14 16 -14 -15 -16 -17 17 -19 -20 20 -22 -23 -24
leaf_value=-5.2627122697334681 -5.2727095088221292 -5.2596065312411016 -5.2742359903054261 -5.2718214581222309 0.96488966657198549 -0.64588722937808374 -0.87085460958721139 2.5973572726122454 -4.3999366047548367 -5.2692655602163398 3.4042766215540841 -5.2592469578127687 -5.2713503067635585 -5.261535128398263 -5.2495202587143037 0.45089139141492485 0.9814305437898625 -5.257459720193923 0.28333270312175518 -5.2406327595865276 -5.2724189559776118 -5.2563770653586532 2.4388498210561149
leaf_weight=1.8787864935584346 10.783063557930289 1.4104204555042112 25.834644871763885 7.9675449882633975 145.46183126140386 25.60293169785291 39.596916424110532 24.293927399907261 20.755873564630747 4.4281879961490622 18.776545929722491 1.3678417247720087 6.9775894987396896 1.6765375225804735 0.66529266769066353 5.9957633572630584 15.843015344813468 1.1815597778186191 1.1756086028181014 0.36724155256524627 9.6760165588930231 1.0857576336711643 3.1170055251568556
leaf_count=353 2026 265 4854 1497 9212 2407 3927 682 3530 832 200 257 1311 315 125 387 943 222 36 69 1818 204 31
internal_value=-0.584083 0.141282 -3.2298 -1.93267 0.346696 0.156707 -0.659607 0.498482 -2.29981 0.729072 2.5605 -1.14341 -2.85249 0.894027 3.11471 -0.833768 0.137117 0.559577 -3.74941 -4.5878 -3.38318 0.228049 1.7278
internal_weight=375.92 294.627 81.2928 41.2121 283.844 262.992 110.25 63.8908 46.3588 152.742 20.8523 33.2446 14.8521 147.138 19.4418 7.87455 18.3924 17.0246 5.6038 40.0807 14.246 4.57 3.48425
internal_count=35503 23557 11946 4970 21531 20941 10546 4609 5937 10395 590 3473 2051 9527 325 740 1422 1165 868 6976 2122 304 100
is_linear=0
shrinkage=1


Tree=1
num_leaves=49
num_cat=3
split_feature=3 4 0 6 4 6 6 2 6 4 9 9 4 6 0 3 3 3 9 4 6 3 2 2 7 0 3 4 4 4 4 4 0 7 0 7 7 4 7 3 7 3 6 3 3 6 4 2
split_gain=2317.96 1358.29 2486.68 7638.34 2110.3 8868.44 1336.79 770.666 712.424 1260.43 1326.55 758.797 985.921 1176.85 802.072 1041.98 698.286 661.63 614.84 745.019 574.207 530.432 650.378 540.36 519.345 454.371 346.421 338.794 317.549 254.397 364.458 237.378 232.371 226.284 222.421 216.615 435.54 216.35 216.84 194.639 109.02 59.8402 47.6941 21.097 9.49005 7.14358 4.02092 3.95406
threshold=284.49503719239016 0.42412921802882569 292.23851385570714 24.666672874611759 0.42117868745459713 0.67347471527535685 5.6196067584879694 0.010651800832336602 3.2350278037286926 0.35772789184006865 0 1 0.38372443297718678 2.4315766382497617 293.21590080715367 280.5478296734039 281.62402479989197 290.20509188515808 2 0.25649347423870911 17.81658146261865 275.01305677777248 1.371828804153097e-05 0.00096647855211880011 354.40319069502374 300.28942049117319 283.09485769271856 0.54997195267532117 0.18548774201705862 0.76057419050665109 0.76662439707812358 0.46968358496627055 295.67803317024601 267.8712462962846 292.0090866997129 315.809708101637 127.60358433872744 0.072093993575119059 343.0374702238862 265.86348129454126 248.81169630574223 286.13534255254837 0.49348473052438563 273.92617380051394 284.09715868177875 5.8236941823363262 -0.038150373302566896 0.031141373012911054
decision_type=2 2 2 2 2 2 2 2 2 2 1 1 2 2 2 2 2 2 1 2 2 2 2 2 2 2 2 2 2 2 2 2 2 2 2 2 2 2 2 2 2 2 2 2 2 2 2 2
left_child=8 4 3 -3 6 -6 7 17 11 18 20 12 37 26 31 43 -17 -2 19 28 34 23 -23 -20 29 32 -14 -22 -10 33 -31 39 -12 -4 -11 36 -8 42 -39 -13 -15 -37 -1 -16 -21 -7 -9 -33
right_child=1 2 24 -5 5 45 35 46 9 10 25 14 13 40 15 16 -18 -19 21 44 27 22 -24 -25 -26 -27 -28 -29 -30 30 -32 47 -34 -35 -36 41 -38 38 -40 -41 -42 -43 -44 -45 -46 -47 -48 -49
leaf_value=-0.54812623039782948 0.061026537788730684 -0.062327898427297461 -0.070556828622459725 2.7238598695539018 3.0890250222873701 -0.065347483059324141 -0.031247777722435123 -0.15950537944385507 -0.16767156995023569 0.0069962966201882974 -0.0097297441685419202 -0.12268991978443698 -0.18111151598983133 -0.024054978568408564 -0.042360386468189348 0.020640304192472678 -0.094849073715961879 0.13667454533506601 0.016229324697944327 -0.17783162200218852 0.040443888804759458 -0.047632752496264009 -0.17824361177702361 -0.13703326419399009 0.14248775416911785 -0.17907432317455019 -0.063784295182242073 -0.16048347223882545 0.025793886667188817 0.11990303708101316 -0.075991796853420959 -0.16875982579749382 0.033979809734813175 -0.0055591621227210246 -0.16902706813957863 -0.16630462607291482 -0.22087289334913476 0.028762836211578824 -0.16344437735606046 0.03099176129633659 0.053993522643491443 0.023856517363669213 -0.16045181200851505 -0.17947047632945426 -0.10627668200184198 -0.18260237199476093 -0.068203971340677419 -0.02740599656545958
leaf_weight=0.56815598532557388 1464.3003274118528 9.1424464811570925 429.17182373534888 2.8530347431078544 2.4648709679022422 6.286268047988413 73.449720800854266 1.1105166068300594 22.505298692733049 19.848856598138809 468.64515142142773 21.163030446507037 133.4143003448844 61.806848031934351 3.3155861468985668 276.28040453931317 247.86721510766074 360.58790990617126 144.33128790417686 61.74219675315544 84.019009306095541 139.60346748679876 303.89639518549666 94.953471858520061 41.39006685744971 29.216765923425555 120.54535067779943 27.404587824363261 271.09737807046622 55.449685183353722 40.771811407990754 16.371759027708325 863.59459849167615 194.91327068395913 177.98992629628628 3.9937039352953425 51.349298721179366 2320.9859710978344 14.269906972069291 421.1749771963805 158.61425576684996 51.408430541865528 8.2271182029508036 164.90520351752639 8.380192226264624 1.8042220743373034 93.331809088587761 0.81848262203857203
leaf_count=50 4106 675 3000 36 3 44 250 32 189 1026 2350 227 1506 268 653 369 1123 270 1288 528 71 363 2045 2393 30 154 599 245 354 44 299 241 662 807 910 34 518 3044 113 1792 122 48 87 1108 59 17 1190 161
internal_value=0.0019725 0.0394396 -0.0172171 0.682423 0.0602151 0.74935 0.0565705 0.0687986 -0.0141849 -0.0339091 -0.00694799 -0.000682103 0.0132908 -0.0524066 -0.0348659 -0.0688393 -0.034003 0.0760103 -0.0769231 -0.0243508 -0.100342 -0.104883 -0.137242 -0.0447267 -0.0286823 0.0142924 -0.125675 -0.00942561 0.0106875 -0.038617 0.0368813 0.0163299 0.0186024 -0.0502856 -0.151369 -0.073474 -0.10988 0.0265969 0.0275515 0.0234976 0.0320809 0.00869431 -0.21417 -0.176931 -0.170164 -0.101184 -0.0701646 -0.163277
internal_weight=9571.34 2883.78 773.692 11.9955 2110.09 10.5554 2099.53 1919.33 6687.56 2717.23 1670.72 3970.33 2818.43 474.381 1151.9 692.368 524.148 1824.89 1046.51 363.725 309.262 682.785 443.5 239.285 761.697 1361.46 253.96 111.424 293.603 720.307 96.2215 459.528 1332.24 624.085 197.839 180.201 124.799 2344.05 2335.26 442.338 220.421 55.4021 8.79527 168.221 70.1224 8.09049 94.4423 17.1902
internal_count=35503 11403 4891 711 6512 64 6448 5598 24100 12637 5418 11463 5789 2495 5674 3253 1492 4376 7219 1130 2252 6089 2408 3681 4180 3166 2105 316 543 4150 343 2421 3012 3807 1936 850 768 3294 3157 2019 390 82 137 1761 587 61 1222 402
cat_boundaries=0 1 2 3
cat_threshold=2 2 2
is_linear=0
shrinkage=0.05


Tree=2
num_leaves=43
num_cat=2
split_feature=8 4 3 1 9 1 8 0 4 0 7 3 0 1 0 3 8 8 1 0 7 3 7 7 7 5 8 3 3 3 4 0 3 3 3 0 3 3 3 3 9 0
split_gain=2092.99 2063.69 1742.42 1303.83 952.153 826.132 1339.83 775.386 1060.52 726.927 622.719 603.892 565.036 493.839 1087.46 441.184 550.85 390.991 382.137 376.334 341.932 332.073 371.319 325.967 303.34 288.265 281.939 270.458 188.162 152.207 131.987 81.9426 70.8928 61.1299 33.7884 32.0795 24.0451 18.8775 7.40031 4.50075 2.83444 0.786368
threshold=320.50000000000006 0.42412921802882569 284.58580655143379 1.6806149693621319 0 0.4416996895189847 564.00000000000011 296.49634781337926 0.14483045977011491 301.59137269428805 231.56532650037761 284.49503719239016 298.55897796721689 0.86653846666955736 300.38899221874425 274.38369453521005 696.00000000000011 1198.5000000000002 0.38660572233966456 300.28942049117319 267.8712462962846 283.14511753263929 250.77113148736854 9.5800545181462802 28.200180182591932 35.000000000000007 62.000000000000007 290.20509188515808 284.09715868177875 283.83216278893616 -0.083269961977186238 291.55765497116823 284.09715868177875 292.40743830090486 284.39377723421381 301.32337474823004 284.09715868177875 273.92617380051394 271.3724787802924 284.09715868177875 1 271.87499684379219
decision_type=2 2 2 2 1 2 2 2 2 2 2 2 2 2 2 2 2 2 2 2 2 2 2 2 2 2 2 2 2 2 2 2 2 2 2 2 2 2 2 2 1 2
left_child=1 2 4 5 18 6 32 15 37 10 -6 19 -10 14 25 20 -17 -13 39 -8 -7 22 24 30 -3 -4 -26 -25 -20 -23 -15 -31 -2 -33 38 -16 -11 -9 41 -1 -34 -5
right_child=3 21 13 34 9 7 11 8 12 36 -12 17 -14 23 35 16 -18 -19 28 -21 -22 29 -24 27 26 -27 -28 -29 -30 31 -32 33 40 -35 -36 -37 -38 -39 -40 -41 -42 -43
leaf_value=-0.17463167556232739 -0.16677811898622349 -0.18285691979845511 -0.061911854670128323 -0.11075112427955221 0.0057194149242566954 0.01232752399048747 0.027500944503631865 -0.043825888739915275 0.037397987950076046 -0.16475430587353701 -0.15953989721801329 0.091281140507086189 -0.017951948169870367 -0.48133928406474324 -0.021440043487265931 -0.057946124905849827 -0.15657711169601973 0.3024206552942742 0.040731007927544582 -0.15700009891155706 -0.12714707137314393 -0.17109254623520231 -0.16166058061395011 0.085580613632820685 -0.1632765494146956 0.10189758945784909 0.017548006469707854 0.13755993265126873 -0.083722904666351503 0.047565818264167538 -0.027601059512698117 -0.081701337477415439 -0.085672216122398781 -0.015840765253987608 -0.079353412297640494 -0.084358847271271298 -0.064229171655024092 -0.16009687010517004 -0.16458130898714135 -0.087949903713778366 -0.13576889818392388 -0.029230454694682786
leaf_weight=19.796063143294308 68.252849983982742 21.590253021102399 28.975949181709439 8.5392892705276573 456.84838005620986 282.08104584878311 869.48302030400373 4.1884134579449883 622.04423034237698 98.849225364159793 64.617922804318368 160.58140461472794 1777.190000071656 1.1901538744568814 25.009247975889593 761.82879898278043 173.91466480540112 25.135934753809124 1373.442018575035 28.046023460105062 51.531003359239548 40.112540754489601 39.540823874995112 697.61648684926331 22.337268063798547 316.50209605740383 383.45158869726583 395.45957602467388 30.580196720082313 14.287658013403414 33.90854825405404 277.81666424078867 55.960963769350201 40.87434789352119 15.502890442498027 122.60584234446287 7.4203849425539365 114.76191192935221 149.22269173711538 3.6588797383010379 4.7576061375439158 0.93345839064568359
leaf_count=142 614 255 286 95 1293 2558 1742 843 849 795 572 505 3840 69 72 6234 1978 16 1123 243 837 260 370 1541 223 710 794 217 211 122 171 2393 531 100 180 617 38 694 1128 18 30 194
internal_value=0.00160717 0.0264771 0.0426327 -0.020102 0.0120517 -0.0154077 0.0205099 -0.0269057 -0.0108369 -0.0392449 -0.0148825 0.0386669 -0.00359461 0.0813803 0.0395667 -0.0587629 -0.0763566 0.12062 0.0346188 0.0216459 -0.00935933 -0.0442087 -0.0160639 0.0996258 -0.00240853 0.0880745 0.00739325 0.104445 0.0379879 -0.0793497 -0.0496718 -0.0680429 -0.131515 -0.073308 -0.154377 -0.0738411 -0.158116 -0.156245 -0.161403 -0.163436 -0.090756 -0.105088
internal_weight=9690.45 4516.49 3676.48 5173.96 2055.21 4999.76 1212.22 3787.54 2518.18 627.736 521.466 1083.25 2399.23 1621.27 493.093 1269.36 935.743 185.717 1427.48 897.529 333.612 840.011 466.92 1128.17 427.379 345.478 405.789 1093.08 1404.02 373.091 35.0987 332.979 128.971 318.691 174.198 147.615 106.27 118.95 158.695 23.4549 60.7186 9.47275
internal_count=35503 12392 7875 23111 4192 21514 3681 17833 6226 2698 1865 2506 4689 3683 1685 11607 8212 521 1494 1985 3395 4517 1642 1998 1272 996 1017 1758 1334 2875 240 2615 1175 2493 1597 689 833 1537 1417 160 561 289
cat_boundaries=0 1 2
cat_threshold=2 2
is_linear=0
shrinkage=0.05


Tree=3
num_leaves=47
num_cat=0
split_feature=8 4 3 1 8 1 8 2 6 2 1 5 6 7 3 2 6 2 8 6 1 3 7 2 7 8 2 3 7 8 3 2 6 2 3 3 1 3 3 6 3 3 6 3 2 2
split_gain=1874.79 1852.86 1484.65 1110.27 789.262 738.971 1194.88 841.877 704.894 642.001 739.191 619.855 597.962 516.084 493.724 492.104 486.251 454.361 446.489 422.929 369.63 332.196 317.848 297.89 254.847 252.635 203.893 179.434 167.609 126.728 125.579 79.0616 67.2268 66.083 44.2542 35.2876 21.427 21.2785 20.3436 17.2479 10.1373 8.80589 7.15394 3.99442 3.71407 0.228956
threshold=320.50000000000006 0.42412921802882569 284.58580655143379 1.6806149693621319 153.50000000000003 0.4416996895189847 564.00000000000011 1.804337763111619e-05 4.8516032439719146 1.4112841446589643e-05 0.54061120437669563 35.000000000000007 9.6662565763867097 354.40319069502374 284.49503719239016 0.010651800832336602 1.7102022514702702 1.4618803540145111e-05 73.500000000000014 23.335305630044775 0.38660572233966456 283.14511753263929 128.82371792188249 0.0010934136000937003 324.52482741136072 638.50000000000011 1.2010003867857224e-05 284.09715868177875 50.857519503556539 62.000000000000007 288.77910641261519 0.0023847505587362007 1.0000000180025095e-35 0.0075554781416719502 284.58580655143379 284.09715868177875 0.29580582886905726 284.39377723421381 284.09715868177875 15.125594514686322 284.09715868177875 285.99255337033964 1.0000000180025095e-35 271.3724787802924 0.028134419686256951 0.0017295647423249503
decision_type=2 2 2 2 2 2 2 2 2 2 2 2 2 2 2 2 2 2 2 2 2 2 2 2 2 2 2 2 2 2 2 2 2 2 2 2 2 2 2 2 2 2 2 2 2 2
left_child=1 2 4 5 11 6 34 9 20 10 -7 38 15 19 25 17 26 -4 -13 -9 -6 23 -16 29 -11 -8 28 32 -3 -18 -15 35 -28 -33 -2 -23 -17 43 -1 -36 -30 -14 -29 45 -25 -5
right_child=3 16 12 37 8 7 14 13 -10 24 -12 18 41 30 22 36 21 -19 -20 -21 -22 31 -24 44 -26 -27 27 42 40 -31 -32 33 -34 -35 39 -37 -38 -39 -40 -41 -42 -43 -44 -45 -46 -47
leaf_value=-0.15535622875885699 -0.14642941221359493 0.047863514736271887 -0.0652573030224705 -0.02243244041573032 -0.14906088782587276 0.03979508374255758 -0.16127518913441974 -0.053347612873596045 -0.15342366291150708 0.028313804461634458 -0.15348043770772596 0.015174539475701687 -0.24662806521887184 0.019434606154640377 -0.10307737726976694 -0.0049988240702491899 -0.14309530832878842 0.087086893330599352 -0.15122235463062789 0.0095222819215274312 0.036347905436445629 -0.14963180414213711 0.12734448195991241 -0.15664639929462568 -0.15391669178835876 0.024663832337467308 -0.46565619797511099 -0.12127905728636178 -0.15204026734345077 0.035682946156986702 0.13922380294987699 -0.0036080098432515529 -0.15291097014332924 -0.10025186816742376 -0.073567051604041256 -0.078077822021588791 -0.080297447423315377 -0.077933300481757437 -0.070045195796783213 -0.17219091884747745 -0.061601815713543798 -0.49062223580350967 -0.06893282376509173 -0.14766073993306564 -0.029596762426014691 -0.10248787916595366
leaf_weight=105.39136061724275 80.040501418057829 40.69799016485922 50.156255997251719 0.5831146240234365 26.861824704101309 84.83880916563794 18.15950253047049 2197.4100771439262 51.811603792477399 1005.4250662343111 117.48767996975221 246.26616693800315 2.7320827865041784 45.662624557735398 15.92577655892819 12.102541142143307 9.7520750784315151 1549.6077926959842 47.68423352506943 304.25920181768015 1550.2534519582987 22.886496428167447 180.07501262705773 22.677499170415107 19.060583371436223 870.82474188529886 1.3943238356150676 7.7589028519578269 13.899854311719539 303.05558137735352 42.04396478831768 65.108789437683299 111.75229483889416 23.866878955624998 46.122917046770453 83.133345956914127 46.331675579305738 15.017509886529295 8.9919209708459658 4.9575806865468612 5.512162532657384 3.1871620342135429 124.19907514704391 157.8184420496691 0.9590978529304256 8.962461900431661
leaf_count=849 680 48 399 122 188 80 135 14226 348 1259 795 742 38 101 196 56 49 2456 466 1244 1548 120 325 316 119 1850 69 50 87 271 9 229 807 377 407 775 658 180 51 88 45 76 1070 1128 204 167
internal_value=0.0015133 0.0250121 0.0402021 -0.0189359 0.0115737 -0.0145353 0.0193981 -0.0253513 0.0271582 0.00876153 -0.0725139 -0.0505406 0.0752328 -0.0415139 0.0366454 0.0770785 -0.0421666 0.0822885 -0.0120121 -0.0456988 0.0331406 -0.0132401 0.108382 0.0168452 0.0248451 0.0207715 -0.0924131 -0.112617 -0.00969868 0.0298739 0.0773784 -0.0650849 -0.158841 -0.030003 -0.122877 -0.094201 -0.0649616 -0.139959 -0.149027 -0.0848122 -0.128803 -0.406765 -0.0724946 -0.145246 -0.152418 -0.0994552
internal_weight=9752.71 4538.03 3701.38 5214.68 2037.26 5032.29 1216.11 3816.19 1628.93 1226.81 202.326 408.334 1664.12 2589.38 1084.99 1658.2 836.654 1599.76 293.95 2501.67 1577.12 531.44 196.001 336.444 1024.49 888.984 305.215 245.105 60.11 312.808 87.7066 194.996 113.147 88.9757 131.121 106.02 58.4342 182.382 114.383 51.0805 19.412 5.91924 131.958 167.364 23.6366 9.54558
internal_count=35503 12392 7875 23111 4192 21514 3681 17833 2084 2253 875 2108 3683 15580 2506 3569 4517 2855 1208 15470 1736 2341 521 840 1378 1985 2176 1996 180 320 110 1501 876 606 1175 895 714 1597 900 495 132 114 1120 1417 520 289
is_linear=0
shrinkage=0.05


Tree=4
num_leaves=55
num_cat=2
split_feature=3 4 6 2 6 4 9 2 9 4 6 0 3 3 0 2 0 3 6 7 2 4 4 0 3 4 4 6 3 7 7 7 6 5 7 7 3 3 0 4 4 7 2 6 0 2 6 5 3 3 3 4 0 2
split_gain=1543.23 929.291 1080.68 594.075 569.401 942.727 878.822 596.191 568.731 781.641 902.564 598.345 671.23 554.909 707.049 552.882 499.552 486.914 402.163 385.409 341.662 335.044 281.376 268.15 247.43 222.239 302.502 220.3 217.103 204.739 204.652 383.648 465.227 188.337 184.282 481.02 177.189 171.403 155.268 110.369 106.613 100.755 83.6807 64.7384 27.033 26.5669 20.097 13.2429 8.3553 4.51527 26.4932 7.3741 4.15437 3.96727
threshold=284.49503719239016 0.42412921802882569 5.6196067584879694 0.010651800832336602 3.2350278037286926 0.40662717660457087 0 0.0028762312989343004 1 0.38372443297718678 2.4315766382497617 293.21590080715367 280.5478296734039 290.20509188515808 298.86293770018079 2.4033192515204863e-05 292.23851385570714 278.66996712911697 17.81658146261865 354.40319069502374 0.0027854721630546503 0.12680291245982703 0.54997195267532117 300.28942049117319 283.09485769271856 0.76057419050665109 0.76662439707812358 26.255384957563443 286.51996862320675 338.42674497944068 315.809708101637 127.60358433872744 9.3905234160893141 70.000000000000014 179.29066480977997 324.87176374328419 284.09715868177875 291.01655374254506 292.0090866997129 0.40662717660457087 0.30861077686957389 248.81169630574223 0.00093266421903945014 9.4660518172206984 279.18875885009771 0.022237613971185451 0.6879954081193439 25.000000000000004 273.92617380051394 288.3680928548178 288.46461293810893 0.066562544351405059 271.87499684379219 0.028134419686256951
decision_type=2 2 2 2 2 2 1 2 1 2 2 2 2 2 2 2 2 2 2 2 2 2 2 2 2 2 2 2 2 2 2 2 2 2 2 2 2 2 2 2 2 2 2 2 2 2 2 2 2 2 2 2 2 2
left_child=4 2 3 13 8 7 18 17 9 33 24 34 48 14 -2 -14 28 21 38 25 -19 -6 -20 29 -11 27 -27 -18 -3 -8 31 42 -33 36 39 -36 -1 -15 -7 -10 43 -12 -4 -32 52 -30 -35 -42 -13 51 -51 -5 -9 -46
right_child=1 16 30 49 5 6 23 44 11 10 41 12 15 37 -16 -17 19 20 22 -21 -22 -23 -24 -25 -26 26 -28 -29 45 -31 40 32 -34 46 35 -37 -38 -39 -40 -41 47 -43 -44 -45 53 -47 -48 -49 -50 50 -52 -53 -54 -55
leaf_value=0.027776885598674667 0.075552277343978139 -0.067922231590108295 -0.16331060434683209 -0.18425160104128133 -0.13203242133273987 0.012997791204633997 0.023067793712238022 -0.10842465556251638 0.044500660944771703 -0.14851290644180906 -0.022099816803017775 -0.041449011963468202 -0.0053753482366057422 0.12710257612015011 0.0057833436143905235 -0.14104237171874232 -0.041711311105297071 -0.094749667918801461 0.043499292072494755 0.11466275574580097 0.056927860727024007 -0.0026702950202104666 -0.13588143719372964 -0.14484295504530975 -0.052958424199725102 0.10906761683899009 -0.07226338362769584 -0.29556328941630261 -0.031098063586202138 -0.15628110318804009 -0.056338136492206141 -0.066175900996637879 -0.36587012520639717 -0.40797100181825557 -0.13585443859168983 0.043999517734566167 -0.075118695328383722 0.043505552581901641 -0.14157149324484883 -0.12556423383533163 -0.0087799739716668546 0.053001123040032544 -0.0097132865131701503 -0.45570301176347999 -0.14787530971413365 0.21370671605827563 -0.1503817865009732 0.045614248251534865 -0.138309389576143 0.02884032042327991 -0.071418884722019446 -0.073380238363356581 -0.043144616859190389 -0.032241055471655213
leaf_weight=2236.2704236763529 960.62990926601924 8.843906549504025 9.8030257411301118 1.3866684783715744 54.691559953615069 17.905852819560096 1146.147053366527 55.74847651948221 291.49690135102719 148.23350468138233 62.175825285725296 2.9302452765405169 448.65896543674171 363.99036834901199 584.04758794279769 89.726754849078134 601.74985062796623 446.39247264829464 80.781116005731747 45.778179693035781 40.123403383651748 538.83331106905825 29.402155278017744 24.523249179590493 126.34881204436533 57.054527825675905 37.834411658346653 8.1933049559593183 0.98682879796251555 15.636785776820032 2.7678260356187812 27.920591258443892 24.181588388280943 0.65485324501059849 61.584796087816358 92.183002826292068 42.144253660924733 74.773962559178472 161.34154478693381 9.3761149279307556 15.470522503834216 155.25320208654739 64.884454359300435 1.3131126901134846 156.81034173094667 33.055486824829131 9.3534715697169286 37.420016916003078 188.96809467230923 7.6465829638764253 36.565041368594393 45.41751260496676 3.7580437427386633 1.1762619200162578
leaf_count=2846 2390 519 96 63 1252 926 2445 730 1032 1506 268 653 980 121 1751 512 3692 1838 62 30 13 1458 245 115 599 44 299 115 103 153 18 203 324 48 1030 127 308 151 758 232 30 122 160 23 1449 89 92 13 1108 21 354 794 886 307
internal_value=0.0014318 0.0309279 0.0472812 0.0575792 -0.0119266 -0.0293039 -0.0019618 -0.0603847 0.000227573 0.0125902 -0.0445504 -0.0287704 -0.0567918 0.0633152 0.0491861 -0.0281046 -0.0156063 -0.0451279 -0.0800032 -0.0251315 -0.0821848 -0.0147001 -0.00472047 0.0170999 -0.104738 -0.0342929 0.0367145 -0.0453688 0.149359 0.0205834 -0.0687859 -0.104044 -0.20752 0.0248847 0.0162422 -0.0282074 0.0258553 0.112933 -0.12611 0.0389848 0.00981579 0.0315009 -0.030892 -0.221645 -0.135847 0.206118 -0.186322 0.029677 -0.136968 -0.0670294 -0.0538382 -0.0786835 -0.104779 -0.14715
internal_weight=9790.35 3051.72 2258.22 2074.46 6738.63 2773.27 1475.74 1297.53 3965.36 2780.43 492.011 1184.92 730.284 1983.44 1544.68 538.386 793.496 1080.04 289.431 750.61 486.516 593.525 110.183 1186.31 274.582 704.832 94.8889 609.943 42.8862 1161.78 183.761 126.79 52.1022 2288.42 454.641 153.768 2278.41 438.764 179.247 300.873 56.9715 217.429 74.6875 4.08094 217.493 34.0423 10.0083 52.8905 191.898 91.0158 44.2116 46.8042 59.5065 157.987
internal_count=35503 11403 6512 5645 24100 12637 4704 7933 11463 5789 2495 5674 3253 4413 4141 1492 4891 4561 1991 4180 1851 2710 307 2713 2105 4150 343 3807 711 2598 867 783 527 3294 2421 1157 3154 272 1684 1264 84 390 256 41 3372 192 140 43 1761 1232 375 857 1616 1756
cat_boundaries=0 1 2
cat_threshold=2 2
is_linear=0
shrinkage=0.05


Tree=5
num_leaves=48
num_cat=0
split_feature=4 3 8 4 2 2 1 3 8 4 4 4 0 8 2 1 0 4 4 0 5 4 4 4 1 2 3 4 4 3 3 4 8 8 3 4 1 3 3 3 3 0 0 3 0 8 3
split_gain=1378.78 867.71 1526.54 1575.55 2280.82 9773 1449.18 802.565 864.281 660.714 553.517 483.864 474.317 455.961 619.986 467.38 407.814 389.088 363.945 328.816 305.784 212.368 280.402 158.733 130.832 249.121 42.6655 42.2186 52.1813 25.108 23.6057 20.3228 25.4673 180.056 9.91459 9.48193 9.25626 8.29286 6.70066 4.88356 4.32632 3.55191 2.4647 2.35086 0.313578 0.241928 0.0796389
threshold=0.1359698678328182 284.49503719239016 284.50000000000006 0.42412921802882569 0.034270156433127107 0.035508655185651605 1.63831506676525 284.76876849219917 660.50000000000011 0.39500084413495268 0.074362251367158475 0.76057419050665109 299.62080378759487 153.50000000000003 1.0258209888647231e-05 1.5338467775040765 296.71006150472743 0.27635357421657186 0.78900446640786981 298.55897796721689 35.000000000000007 0.62008486190175005 0.62496813704567 0.26740911415460827 1.6579095868143385 0.00083343488437565016 281.55601256234314 0.48030906669719436 0.4658607623830176 284.09715868177875 284.09715868177875 -0.01167432932567865 265.50000000000006 225.50000000000003 271.57946000780379 -0.083269961977186238 1.6806149693621319 293.73904123760411 284.09715868177875 284.09715868177875 284.72604992276155 293.90766638801216 271.87499684379219 273.92617380051394 304.45634648913432 341.50000000000006 287.75919986906513
decision_type=2 2 2 2 2 2 2 2 2 2 2 2 2 2 2 2 2 2 2 2 2 2 2 2 2 2 2 2 2 2 2 2 2 2 2 2 2 2 2 2 2 2 2 2 2 2 2
left_child=10 6 3 4 9 -6 13 16 11 -3 12 -9 20 15 38 18 -4 -16 -2 -10 35 30 -23 -18 25 -22 -17 28 -5 34 44 32 33 -14 42 41 -26 -29 -15 -24 43 -1 -12 -33 -8 -34 -37
right_child=1 2 7 27 5 -7 21 8 19 -11 29 -13 31 14 17 26 23 -19 -20 -21 24 22 39 -25 36 -27 -28 37 -30 -31 -32 40 45 -35 -36 46 -38 -39 -40 -41 -42 -43 -44 -45 -46 -47 -48
leaf_value=-0.074430680537214675 -0.13362981522040543 0.065066930718791771 -0.075247520191434658 -0.074433620660603758 3.4580587889841663 -0.067772617646779734 -0.13700846228739769 -0.076551858844659718 0.086417238719446107 0.16523231290190821 -0.10326943130851506 0.06859250155949724 -0.096020242252865498 -0.14888928323988004 0.024651328451666499 -0.12047431947783419 -0.089534448987945728 -0.0015445265317513327 0.027535987444333818 -0.011893601234329121 0.031772697299518905 0.064190628093107632 -0.13785069751620529 0.10798110928800718 0.078792745227753924 -0.12359083346455382 0.047854223585941796 -0.078532062264702773 0.014212299961111369 -0.082053128484024962 -0.071812774467316931 -0.03170617164006715 -0.076185073728369426 -0.75366870249051243 -0.13305608045094838 -0.10749802463580241 0.049005028991255313 -0.14276581567610297 -0.075276256465033803 -0.058149346452308306 -0.076156876990620764 -0.32479298534045314 -0.05230868044820574 -0.13026004010571443 -0.068791012244489483 -0.14352023639988754 -0.04549791693587301
leaf_weight=0.70780379744246491 157.45255509624258 1164.0089092503767 39.812967105070129 34.432536971289665 2.1285230850335193 7.706613554386422 206.41980132111348 587.73127124342136 165.05445211310871 191.77341806748882 20.819152232725177 63.208458095556125 4.006230939878149 60.876830842578784 2477.7860163357109 3.4571613573934874 10.31454887986183 3310.7589182620868 44.753702986752614 174.53985803574324 90.580595293315127 36.463765191147104 32.491113929077983 203.54806742072105 44.099704722873867 35.496606806525961 83.410114334663376 126.90400160290301 31.227455319603905 37.75606400007382 17.371445309137926 1.1269820276647795 2.7930616566445678 1.0145652294158933 196.57910268940032 46.594267540145665 80.49909974867478 5.8325465917587271 5.2372745079919687 3.3733498896472147 7.5686395326629272 0.47424208000302315 5.0799557305872431 56.892472078790888 1.9892632425762702 4.8167734418530017 1.3514011036604632
leaf_count=16 1599 2261 362 333 15 145 1222 4503 603 229 196 257 34 302 4213 26 53 10237 81 309 396 6 255 105 6 1010 59 1382 101 304 111 273 19 24 1631 778 220 38 29 30 49 7 1085 373 82 36 26
internal_value=0.00487201 0.00977813 0.0329694 0.0658419 0.0849701 0.825185 -0.000332739 -0.00835838 -0.0286876 0.0792946 -0.0661751 -0.0624083 -0.0274613 0.00489421 0.00792352 -0.0563496 0.0709022 0.0096689 -0.0979549 0.0359309 0.00120019 -0.1079 -0.0329591 0.098245 0.023623 -0.0122453 0.0404467 -0.0656804 -0.0324098 -0.122232 -0.131759 -0.136691 -0.198248 -0.28604 -0.128829 -0.112197 0.0598607 -0.0819172 -0.143742 -0.131394 -0.123351 -0.244538 -0.0946432 -0.128718 -0.136547 -0.125643 -0.106341
internal_weight=9888.32 9250.06 2808.22 1564.01 1365.62 9.83514 6441.84 1244.21 990.534 1355.78 638.257 650.94 378.022 6143.73 5854.66 289.074 253.676 5788.54 202.206 339.594 299.804 298.109 72.3282 213.863 250.676 126.077 86.8673 198.397 65.66 260.234 225.781 78.2187 12.6306 5.0208 222.478 49.1277 124.599 132.737 66.1141 35.8645 65.5881 1.18205 25.8991 58.0195 208.409 7.60984 47.9457
internal_count=35431 28948 10696 4504 2650 160 18252 6192 5672 2490 6483 4760 3267 16546 14781 1765 520 14450 1680 912 2459 1706 291 158 1632 1406 85 1854 434 3216 1415 808 113 58 2912 827 226 1420 331 285 695 23 1281 646 1304 55 804
is_linear=0
shrinkage=0.05


Tree=6
num_leaves=39
num_cat=2
split_feature=4 1 7 0 4 6 7 8 7 8 1 6 0 7 9 1 0 0 0 0 6 6 4 1 8 5 7 6 6 4 8 9 8 0 0 0 1 1
split_gain=1232.78 775.276 2654.08 16359.8 930.52 1270.16 894.779 625.177 602.425 597.361 5485.42 539.966 539.886 491.703 487.362 464.061 582.73 523.125 433.808 378.496 310.635 293.267 249.785 211.185 194.108 162.369 127.08 119.059 90.3847 61.5941 42.8034 18.3934 15.8496 3.92584 2.34014 2.21738 0.00296501 0.00176749
threshold=0.1359698678328182 0.2617163166327528 336.33822899894881 292.40569137391594 0.31281732420074615 5.9396177735422873 154.20054146328877 361.50000000000006 47.175277197437367 148.50000000000003 0.25458150088110482 1.5197985596756671 299.62080378759487 320.62583035164215 0 1.2884927966691733 300.80974528903056 306.07607389631733 299.91546985081271 303.62492599941442 33.084873646400759 23.685326930179148 0.074362251367158475 0.10441349772590722 318.50000000000006 25.000000000000004 199.97902202345611 1.0000000180025095e-35 24.04714216856371 -0.29259453276173564 233.50000000000003 1 225.50000000000003 279.18875885009771 304.45634648913432 271.87499684379219 0.061201073973741811 0.10441349772590722
decision_type=2 2 2 2 2 2 2 2 2 2 2 2 2 2 1 2 2 2 2 2 2 2 2 2 2 2 2 2 2 2 2 1 2 2 2 2 2 2
left_child=11 2 6 -4 5 7 21 14 18 10 -8 12 22 20 -3 16 -10 -17 30 -9 -7 31 26 -11 -20 -15 29 32 -23 -1 -6 -2 -14 35 -35 -13 -24 -28
right_child=1 4 3 -5 8 13 9 19 15 23 -12 33 27 25 -16 17 -18 -19 24 -21 -22 28 36 -25 -26 -27 37 -29 -30 -31 -32 -33 -34 34 -36 -37 -38 -39
leaf_value=-0.16985444474904973 -0.10560029037026096 0.055564634309858363 5.2406192050171949 -0.11771089673586317 -0.078174235608805431 -0.095082575108613385 0.075566911972814857 -0.015157217507790425 0.0094180644251532289 -0.11360550839681814 1.8019891482821728 -0.09897559051593692 -0.0099859395400814528 -0.16488945596939256 0.00034862085477172303 -0.073143999829923909 -0.047863879843384555 0.099499336669839344 -0.097851385687995784 0.043718090229637518 0.052135148322506153 0.065842133473068068 0 0.057598446915201107 0.015791054123840333 0.043082007421635066 0 -0.1139712525423765 -0.13764500217510375 0.049973756280694406 -0.13770855255248987 -0.15884072586300235 -0.46970045972615515 -0.11590650387722108 -0.062265434347810247 -0.041881145617725518 -0.11257958556727188 -0.10656862653810142
leaf_weight=2.7501530365552744 68.336673873243853 2045.9139418103732 1.2556869506370256 7.4332343938294798 41.185752584366128 355.92031610000413 57.40837171417661 922.42091262317263 2668.2459383216919 18.05543647124432 4.5080665971618137 59.526043885620311 0.24841773672960643 9.6077119929250312 496.849675149424 401.11118167685345 532.09331272379495 48.799103930825368 52.631060254410841 387.12676801136695 39.474925568560138 36.718290854245424 0.0054778172634567515 651.78229579236358 127.81854657968506 131.29135682294145 0.0066707008518268598 85.211312457220629 5.9043613029643884 203.96362318319734 152.34824218542781 26.171658108942211 2.3205701309489086 233.68486510845833 4.3264781439211211 3.1192380103748283 31.603984515648335 13.997645718976854
leaf_count=98 575 2582 16 55 366 2193 162 3011 10113 137 9 716 64 89 1504 2590 1724 32 311 334 72 8 1 721 184 123 2 591 68 512 1721 248 56 2728 199 809 514 193
internal_value=0.00440496 0.00903307 0.0537406 0.899133 0.00436595 0.0202889 0.0447686 0.030327 -0.0129978 0.0667362 0.214774 -0.0626446 -0.0194212 -0.0517686 0.0447797 -0.00679937 -0.000110146 -0.0543176 -0.0733942 0.00225365 -0.0803249 -0.0722346 0.0177627 0.0528949 -0.0175058 0.0283324 0.0366626 -0.12586 0.0362687 0.0466222 -0.125299 -0.121155 -0.435745 -0.11141 -0.115085 -0.0965661 -0.112569 -0.106543
internal_weight=9931.18 9290.41 877.574 8.68892 8412.84 4388.61 868.885 3852.31 4024.23 731.754 61.9164 640.764 340.108 536.294 2542.76 3650.25 3200.34 449.91 373.984 1309.55 395.395 137.131 252.328 669.838 180.45 140.899 220.718 87.7803 42.6227 206.714 193.534 94.5083 2.56899 300.657 238.011 62.6453 31.6095 14.0043
internal_count=35431 28948 1999 71 26949 9908 1928 7431 17041 1029 171 6483 2031 2477 4086 14459 11837 2622 2582 3345 2265 899 1320 858 495 212 805 711 76 610 2087 823 120 4452 2927 1525 515 195
cat_boundaries=0 1 2
cat_threshold=2 2
is_linear=0
shrinkage=0.05


Tree=7
num_leaves=45
num_cat=0
split_feature=4 3 1 0 3 5 4 4 3 2 6 0 4 3 1 4 2 2 2 3 5 2 4 4 4 4 4 1 3 2 6 3 4 3 3 3 3 0 0 3 3 0 0 1
split_gain=1098.81 725.077 1181.28 796.48 832.472 649.421 660.542 520.875 514.81 493.093 480.553 479.419 410.219 401.073 397.503 631.424 458.625 1170.53 509.034 412.454 341.042 332.185 317.097 296.921 227.44 188.987 244.78 133.22 123.573 122.475 64.7182 59.2671 17.2942 14.027 7.99366 7.119 8.22306 6.60229 3.44317 2.53715 2.53249 0.369953 0.0285501 0.00449867
threshold=0.1359698678328182 284.49503719239016 1.63831506676525 298.86293770018079 290.20509188515808 35.000000000000007 0.42412921802882569 0.42412921802882569 284.96962647210989 0.0043045490681556508 1.5197985596756671 299.62080378759487 0.60712671120541117 288.3680928548178 1.066258609683594 0.57998615573382706 0.0026255763239255007 0.0077576183621505508 1.0258209888647231e-05 275.38331842422491 35.000000000000007 1.6944245135874784e-05 0.26960973838979585 0.509834219086024 0.074362251367158475 0.62008486190175005 0.62496813704567 0.7287538020171449 283.78313194002425 0.010311533413460651 1.0000000180025095e-35 283.5744619596573 0.48030906669719436 284.09715868177875 284.09715868177875 284.09715868177875 271.3724787802924 292.40569137391594 271.87499684379219 284.09715868177875 284.09715868177875 279.18875885009771 270.12063369296851 0.061201073973741811
decision_type=2 2 2 2 2 2 2 2 2 2 2 2 2 2 2 2 2 2 2 2 2 2 2 2 2 2 2 2 2 2 2 2 2 2 2 2 2 2 2 2 2 2 2 2
left_child=10 2 14 5 8 9 13 20 22 12 11 24 -3 -7 16 19 18 -18 -2 -16 -6 -10 -5 -11 29 33 -27 -9 -17 31 -13 -1 -8 42 -32 36 38 -31 -12 -28 43 -38 -4 -26
right_child=1 3 25 4 7 6 32 27 21 23 35 30 -14 -15 15 28 17 -19 -20 -21 -22 -23 -24 -25 40 26 39 -29 -30 37 34 -33 -34 -35 -36 -37 41 -39 -40 -41 -42 -43 -44 -45
leaf_value=0.050321483821666325 -0.1291444714595035 -0.084264421409501078 0 0.085687418914409147 0.088712932128764771 0.080204467729040788 -0.032488697610232625 -0.21071914716206497 0.032421706746652346 0.10059683854534987 -0.094457443097701835 -0.3186031752948208 0.026314068989360964 0.20762889170492704 -0.1412707435874952 -0.13960146861611969 -0.14774277968547131 0.0044485608088968218 0.0037650386753383495 0.028022172013571309 -0.081664268818480545 -0.06094307043077677 -0.065090214585999409 -0.10624510042331969 0 0.064366128779655099 -0.12112364643483341 -0.03477389905851562 -0.0035302058818449757 -0.10820956029263505 -0.11441149571518239 -0.064810275002352494 -0.084300820971698234 -0.070042157668726637 -0.065453207672186237 -0.08091363579989938 -0.017206231453841637 -0.25817737108647393 -0.045344825498130036 -0.055635645766986069 -0.073698208382087946 -0.11432510814947534 -0.12253077744603265 -0.11796726379826013
leaf_weight=195.25694161455613 73.199417187832296 161.39296622760594 0.026251100469379618 137.26439552381635 387.07491942122579 843.13737248303369 26.402481391560286 12.41965254023671 112.76926780911162 152.01943440618925 59.283772434107959 3.4932293202145948 173.56497338064946 66.482550080865622 36.083386659389362 70.725240151630715 192.79526813910343 364.4882510623429 3198.4802078817738 2182.3626811918803 31.365114557091147 601.77489881054498 46.239619468804449 19.142761688679457 0.0054778172634603042 36.617249281378463 34.059992371127009 66.984957137610763 21.923328273929656 8.8853384905960375 73.030756497057155 11.399055327870881 46.860540511552244 16.457645820453763 12.69423997402191 35.580096876714379 0.41249490203335781 0.83481706306338388 5.7150097400881341 3.1591424974612883 8.8192132932599616 200.6367885149084 216.54240005533211 22.765287895221263
leaf_count=301 347 1670 8 125 234 1798 301 95 221 605 716 120 979 285 531 827 1655 3652 6579 2864 145 2467 192 717 1 6 255 205 91 285 525 169 657 111 66 344 115 50 1563 30 96 1714 1296 418
internal_value=0.00370142 0.00804592 -0.00127706 0.0288785 0.00173792 0.0543094 0.0779955 0.0535704 -0.0270044 0.00826964 -0.0597122 -0.0186294 -0.0269973 0.0896321 0.0035103 0.0198837 -0.00637241 -0.0482791 0.00077056 0.0252351 0.0758478 -0.0461889 0.0475934 0.0771925 0.0171563 -0.0969342 -0.0269117 -0.0635024 -0.107649 0.0355244 -0.117687 0.0438056 -0.0660434 -0.118995 -0.107641 -0.105514 -0.108628 -0.133579 -0.0905947 -0.116509 -0.107093 -0.114194 -0.122522 -0.117951
internal_weight=9970.63 9331.82 6446.92 2884.9 1395.89 1489 982.883 497.845 898.048 506.12 638.813 337.184 334.958 909.62 6140.06 2311.09 3828.96 557.284 3271.68 2218.45 418.44 714.544 183.504 171.162 247.966 306.863 73.8364 79.4046 92.6486 216.376 89.2182 206.656 73.263 233.026 85.725 301.628 266.048 9.72016 64.9988 37.2191 31.59 201.049 216.569 22.7708
internal_count=35431 28948 18252 10696 3684 7012 3041 679 3005 3971 6483 2031 2649 2083 16546 4313 12233 5307 6926 3395 379 2688 317 1322 1320 1706 291 300 918 805 711 470 958 1415 591 4452 4108 335 2279 285 515 1829 1304 419
is_linear=0
shrinkage=0.05


Tree=8
num_leaves=41
num_cat=0
split_feature=4 3 1 8 4 3 8 7 0 4 2 1 8 4 4 0 0 4 7 8 4 4 4 2 2 3 4 4 7 7 4 3 7 3 3 0 3 3 0 0
split_gain=996.448 648.682 1033.49 958.281 1157.98 703.576 749.45 654.466 539.822 430.179 418.359 379.644 477.423 435.219 378.781 354.198 325.104 300.806 300.541 281.643 261.407 168.317 220.816 162.388 117.069 59.8156 45.0178 52.8284 25.9168 14.9434 12.6053 7.91858 5.33402 2.86377 2.78832 1.266 0.870824 0.675202 0.123476 0.0167994
threshold=0.1359698678328182 284.30185953776049 1.63831506676525 284.50000000000006 0.42412921802882569 284.76876849219917 660.50000000000011 312.35096004380779 296.71006150472743 0.76057419050665109 1.4618803540145111e-05 1.066258609683594 660.50000000000011 0.57998615573382706 0.074362251367158475 300.49721109299435 299.62080378759487 0.39500084413495268 180.51652922518454 240.50000000000003 0.49505832628909552 0.62008486190175005 0.62496813704567 0.0084283404418136528 0.010311533413460651 283.5744619596573 0.48030906669719436 0.4658607623830176 5.0109871023890369 1.0000000180025095e-35 -0.023859188351233098 284.09715868177875 1.0000000180025095e-35 284.09715868177875 271.3724787802924 271.87499684379219 284.67432339986169 284.09715868177875 279.18875885009771 270.12063369296851
decision_type=2 2 2 2 2 2 2 2 2 2 2 2 2 2 2 2 2 2 2 2 2 2 2 2 2 2 2 2 2 2 2 2 2 2 2 2 2 2 2 2
left_child=14 2 7 4 10 8 9 11 -5 -7 -3 12 -2 -13 16 -10 18 -12 24 -9 -8 33 -23 -21 25 -1 27 -6 -28 30 -18 34 -26 39 35 -16 -31 -24 -36 -4
right_child=1 3 21 5 26 6 20 19 15 -11 17 13 -14 -15 31 -17 29 -19 -20 23 -22 22 37 -25 32 -27 28 -29 -30 36 -32 -33 -34 -35 38 -37 -38 -39 -40 -41
leaf_value=0.044485343181315223 -0.033936395382037299 -0.082701524166974336 0 -0.073124931107470356 -0.071984689997054874 -0.072447764250512497 -0.034563316016413111 -0.13706641092904165 0.10463408551377472 0.0633007631922681 0.061801927850628546 0.018274423643152234 0.006594165186973879 -0.098024180281117548 -0.089269797997697992 -0.097737843121984483 -0.23738961201419376 0.1250389591409049 -0.094246387287872102 0.039803282956936178 0.060028138243045676 0.063135374095935323 -0.11318656779170976 -0.12424125149316055 -0.17703174478274275 -0.062035618214274384 -0.15702168164023178 0.016771220533221123 -0.072366219342183999 -0.10566046650236274 -0.10463324513186555 -0.076614248188643236 -0.088214633350765806 -0.069124643010939221 -0.010468197758826018 -0.042846389983726099 -0.076351179994333843 -0.049396808851916073 -0.10847839245217948 -0.11433314318167141
leaf_weight=196.76979099423625 1687.1986785990885 44.845343494787812 0.026251100469379618 64.17039542819839 33.528972698608413 572.33453922206536 102.93742501176894 22.952694086125121 252.46845958661288 64.556861717952415 1214.27477963001 1691.5248551541008 1275.2741165722255 83.956686518504284 20.6375125492923 23.22809237241745 4.3225974040105939 223.14894697186537 63.769560510758311 1249.9241145574488 248.2859908817336 35.502569728530943 34.644426699611358 14.782904813764615 3.1218906469875938 13.655438070069065 9.9226952705066633 32.604676864342764 119.57794594648294 61.746454829117283 5.5385663505876419 34.106797972461209 9.5183353881584463 6.9228766872547558 0.25768679147586127 3.6039032610133281 11.001988157629965 1.8165647403802712 207.79001901776064 220.39115676912479
leaf_count=645 6884 347 8 635 346 4503 402 170 120 257 2168 2911 3734 780 196 128 52 232 964 1233 510 6 255 386 172 194 118 102 1353 621 75 304 484 50 72 1033 60 14 1611 1296
internal_value=0.00351029 0.00763893 -0.00144907 0.0267604 0.0518705 -0.00496991 -0.026318 0.003058 0.0570295 -0.0586413 0.0669626 -0.00553234 -0.0164891 0.0127462 -0.0570269 0.0874196 -0.0241834 0.0716625 0.00102788 0.03466 0.0322811 -0.0920564 -0.025106 0.0378335 0.0284369 0.0374183 -0.0623325 -0.0283544 -0.0794702 -0.111261 -0.171956 -0.102426 -0.116433 -0.113126 -0.106022 -0.0835756 -0.101848 -0.110855 -0.108406 -0.114326
internal_weight=9966.64 9330.8 6324.92 3005.89 1677.9 1327.98 988.115 6025.61 339.867 636.891 1482.27 4737.95 2962.47 1775.48 635.841 275.697 369.445 1437.42 286.835 1287.66 351.223 299.304 71.9636 1264.71 223.065 210.425 195.634 66.1336 129.501 82.6096 9.86116 266.396 12.6402 227.34 232.289 24.2414 72.7484 36.461 208.048 220.417
internal_count=35431 28948 17727 11221 4666 6555 5672 16098 883 4760 2747 14309 10618 3691 6483 248 3267 2400 2459 1789 912 1629 275 1619 1495 839 1919 448 1471 808 127 3216 656 1354 2912 1229 681 269 1683 1304
is_linear=0
shrinkage=0.05


Tree=9
num_leaves=46
num_cat=1
split_feature=8 9 1 0 1 8 0 2 6 3 0 1 2 2 6 6 2 0 3 1 7 0 0 1 3 0 6 8 6 0 1 8 3 6 3 3 3 3 3 6 0 3 1 3 2
split_gain=712.786 995.454 652.609 522.524 503.699 532.367 478.694 784.609 750.542 511.251 517.538 465.25 412.873 403.228 401.734 373.69 548.967 524.364 346.023 331.972 289.349 279.489 336.993 242.715 172.258 112.441 91.9797 68.4363 50.963 102.493 49.2501 23.3357 12.4674 11.8329 10.4356 9.56164 8.47664 8.07998 5.87906 5.40924 11.5606 7.24013 2.40111 1.93955 1.29773
threshold=336.50000000000006 0 1.6806149693621319 295.74173800150555 0.27046936239713409 660.50000000000011 296.27624066670739 0.0077576183621505508 13.99680925856881 275.38331842422491 298.55897796721689 0.82004438932258827 0.0021766486123624006 0.00040078197409160009 5.9396177735422873 5.1115619717404437 0.0037723050190265504 292.60731790179307 290.20509188515808 0.4416996895189847 231.56532650037761 299.53440550395425 302.47213200160439 1.181820182536464 277.00300355184646 301.75743309656781 4.5499235388848538 227.50000000000003 9.2267882670567278 298.25866778691619 0.95146073967510381 242.50000000000003 284.09715868177875 9.6662565763867097 284.09715868177875 273.92617380051394 277.41326954251252 284.04064530418037 284.09715868177875 8.1378054221530736 297.75084370658516 284.09715868177875 1.2227321493939567 284.39377723421381 0.019787263176029402
decision_type=2 1 2 2 2 2 2 2 2 2 2 2 2 2 2 2 2 2 2 2 2 2 2 2 2 2 2 2 2 2 2 2 2 2 2 2 2 2 2 2 2 2 2 2 2
left_child=1 14 4 11 5 39 7 8 -6 35 -11 36 26 37 15 16 18 -18 -1 -9 21 34 -23 28 -15 30 -7 42 38 -30 -17 -27 -22 -29 -5 -8 -3 -13 -16 41 -41 -2 -25 -4 -14
right_child=2 3 43 20 6 12 9 19 -10 10 -12 13 44 24 23 25 17 -19 -20 -21 32 22 -24 27 -26 31 -28 33 29 -31 -32 -33 -34 -35 -36 -37 -38 -39 -40 40 -42 -43 -44 -45 -46
leaf_value=0.030329142219543932 -0.11633099487513771 -0.13112974105238276 -0.10022540263911917 -0.12716143895954635 -0.090142526857642125 0.077105913702641193 -0.043608707975395677 0.083524910312033504 -0.00037189297703781325 0.03763906046621053 -0.0097544156320566802 -0.12152755348333887 -0.13831405151491674 -0.12909617465972353 -0.122190720990058 -0.091278007106416384 0.057726674058818851 -0.078994893640993158 0.086144134639755884 -0.008446246618547237 -0.11382370720549506 0.0045392896478527092 -0.10806701045847961 0.052516314363446483 0.077781255436019048 0.14272982683726854 0.038305166885081454 -0.065671377329552569 -0.10362876318280941 -0.30344170407701188 0.059138100389145389 0.096326990122827721 -0.075949505552125124 -0.21653438173264489 -0.087083804972991286 -0.13136275513075268 -0.049405001076818889 -0.072761911968155596 -0.06375246606010973 -0.1014822533739685 -0.1947655426255753 -0.068958172294036987 0.025800313943819167 -0.07234356798376701 -0.080212102154228845
leaf_weight=2567.3907812674297 18.904816258815117 40.86978360475041 181.70738413080107 54.970548237091862 675.96849197370466 273.47644868679345 4.0792910119052967 138.36934496241156 355.2103195770178 791.86737329338212 2109.1410035727313 17.546607296681032 26.281820687232543 10.014739861711858 8.1967916707508284 5.5056545892730346 104.99065381189575 208.81465208774898 311.26074771559797 333.81231140822638 134.59273261250928 372.19571660191286 80.350985420751385 14.519714355468748 257.31294561596587 85.028355836868286 351.81342828273773 3.845504321390762 16.156260572490286 11.305573016870765 60.593910848256201 49.024019038304687 32.36089653801173 2.3827383797615767 32.975392736494541 72.749634985695593 4.5356987345730877 25.850426254561171 15.397042425349353 15.772050901316108 5.5597983358893535 21.6659405764658 27.55767237721011 14.327602220466359 4.0523047123569986
leaf_count=4884 137 260 1373 267 5910 110 1203 598 1554 951 4309 91 256 73 53 65 739 1718 215 4401 674 606 671 1 648 14 367 25 229 91 31 16 186 29 234 339 918 304 148 167 35 218 23 172 118
internal_value=0.00333354 0.0178958 -0.00896298 -0.0244441 -0.00558028 0.0332978 -0.0118095 -0.0348041 -0.0592392 -0.000195184 0.00318477 0.0249181 0.0465555 0.0468155 0.0307947 0.0337009 0.0295332 -0.0332166 0.0363799 0.0185545 -0.0493003 -0.0314596 -0.0155405 -0.0680586 0.0697859 0.099913 0.0553311 0.0122545 -0.143525 -0.190022 0.0459431 0.126218 -0.106761 -0.135933 -0.112768 -0.12708 -0.123702 -0.0937527 -0.0863766 -0.106285 -0.129928 -0.0923018 0.0356451 -0.0984023 -0.132141
internal_weight=9950.31 4555.55 5394.76 1063.58 5198.72 717.527 4481.2 1503.36 1031.18 2977.84 2901.01 356.13 655.624 310.725 3491.97 3392.61 3192.46 313.805 2878.65 472.182 707.446 540.493 452.547 99.3613 267.328 200.152 625.29 48.3056 51.0557 27.4618 66.0996 134.052 166.954 6.22824 87.9459 76.8289 45.4055 43.397 23.5938 61.9026 21.3318 40.5708 42.0774 196.035 30.3341
internal_count=35431 13213 22218 4932 20673 1408 19265 12463 7464 6802 5260 2294 851 1116 8281 7682 7556 2457 5099 4999 2638 1778 1277 599 721 126 477 78 521 320 96 30 860 54 501 1542 1178 395 201 557 202 355 24 1545 374
cat_boundaries=0 1
cat_threshold=2
is_linear=0
shrinkage=0.05


Tree=10
num_leaves=44
num_cat=1
split_feature=2 8 7 8 3 4 0 0 2 0 4 8 4 1 4 3 0 4 1 7 3 4 3 2 2 7 3 7 3 0 1 3 9 8 3 3 4 4 7 3 3 3 8
split_gain=676.522 622.136 692.653 645.997 552.3 730.315 689.267 617.03 469.262 5172 506.734 462.519 452.874 307.431 287.751 313.007 278.858 270.131 232.804 222.865 177.551 162.948 167.395 118.753 98.4488 84.0341 84.3681 45.6663 39.147 20.209 12.4472 10.2336 9.97768 8.6666 6.96681 6.74474 5.04171 3.81716 3.60184 3.34153 3.10776 2.1859 0.603662
threshold=1.4112841446589643e-05 294.50000000000006 312.35096004380779 318.50000000000006 290.20509188515808 0.41261776859051552 299.62080378759487 304.06762229828615 3.1292506028179907e-05 292.23851385570714 0.57998615573382706 504.50000000000006 0.21313075811003288 1.6019330763971411 0.50187528402254444 283.42099325997492 299.53440550395425 0.066562544351405059 1.4284477097430981 84.731158561850307 280.69071088518422 0.13920307683071756 289.17655404408782 0.00041854137968040005 0.0038855762925322506 7.1600327414557867 284.09715868177875 1.0000000180025095e-35 284.09715868177875 304.86708661488132 1.5685065441661699 284.09715868177875 0 196.50000000000003 284.39377723421381 284.09715868177875 -0.023859188351233098 0.1359698678328182 64.591566080476497 284.09715868177875 284.09715868177875 284.15062259492424 135.50000000000003
decision_type=2 2 2 2 2 2 2 2 2 2 2 2 2 2 2 2 2 2 2 2 2 2 2 2 2 2 2 2 2 2 2 2 1 2 2 2 2 2 2 2 2 2 2
left_child=11 4 3 25 5 6 17 -8 9 -5 -10 12 36 16 28 -16 31 -2 21 29 -18 -4 -23 -21 -25 27 -27 -3 -7 33 32 -14 39 -6 37 -15 38 -34 -1 -13 -38 -20 -42
right_child=1 2 18 8 19 14 7 -9 10 -11 -12 30 13 35 15 -17 20 -19 41 23 -22 22 -24 24 -26 26 -28 -29 -30 -31 -32 -33 34 -35 -36 -37 40 -39 -40 -41 42 -43 -44
leaf_value=-0.22789390253692324 -0.14238523644764084 -0.60972594288318527 -0.09444781775131722 1.5116977510560583 -0.070592033193937115 -0.1279984742919314 -0.099577841246144924 0.018615062137000555 -0.012793347227001959 0.0097759280323410497 -0.07436903522363747 -0.11257534963667282 -0.13054815957383667 -0.1061273781981555 0.011598236444022164 -0.084348763704052712 -0.11038175527032677 0.042354290241157 -0.10690416762970126 -0.078909617223657955 0.041143105625544622 0.036007791753988987 -0.206375469674177 0.098756889421829253 0.050438545918202286 -0.15452558533614066 -0.075343399874008399 -0.12693895103696526 -0.072181130995011736 0.0094068779487466291 -0.095053108054447083 -0.077025414165570169 -0.090314654790910609 -0.14949864783887984 -0.24139776767826526 -0.063488208643743688 -0.11320329489841713 -0.1386141634832174 -0.067703492547117966 -0.064246068369840925 -0.062772215130696904 -0.060496038120594668 -0.098971011717940469
leaf_weight=1.8834714975673699 19.520613799570128 0.89384267886634838 24.50153782137204 5.2619531167438245 10.66321567294654 70.17915806081146 182.09563869901467 278.92741165461484 2783.3045809715986 1106.5720141351339 379.32889868540224 14.065515694906937 18.490991406142712 54.144720765179954 281.8963790666312 121.10109554394148 20.084825483267196 1793.7069918164052 27.983973207767121 11.351193088106809 319.64465531450696 1185.1429736965802 6.670623328536748 306.01630946947262 164.3761595976539 65.221591035020538 73.621800913941115 1.3355524342041463 62.836131025105715 4.6348270270973435 46.121852510317694 25.80208075849805 9.0322175271576253 7.0850184438750139 2.0309999659657469 15.516688789939506 95.870686706970446 78.094777466263622 1.2140169017948208 9.3523645554669184 9.2824403522536176 5.9768258817493907 6.7755017373710862
leaf_count=26 455 23 365 231 84 525 822 772 13610 1952 3483 74 117 293 857 1325 118 3184 222 74 302 1957 60 124 358 472 650 10 629 8 248 347 221 54 17 123 559 384 10 64 65 78 80
internal_value=0.00175945 0.0055175 -0.00454749 -0.0138511 0.0227228 0.0140694 0.026445 -0.0281154 -0.0103682 0.0175649 -0.020191 -0.0446005 -0.0234792 -0.000961688 -0.0384056 -0.0172903 0.0165904 0.040324 0.0282979 0.0708897 0.0320212 0.0319204 0.034561 0.0780758 0.0819544 -0.118936 -0.112996 -0.398574 -0.102037 -0.0818807 -0.119948 -0.100689 -0.129638 -0.105598 -0.138038 -0.0972211 -0.111861 -0.134208 -0.184635 -0.0952297 -0.10899 -0.0998781 -0.0808753
internal_weight=9707.61 8980.21 5665.82 4415.54 3314.39 2810.26 2274.25 461.023 4274.47 1111.83 3162.63 727.408 568.71 453.684 536.013 402.997 384.023 1813.23 1250.28 504.127 339.729 1216.32 1191.81 481.744 470.392 141.073 138.843 2.2294 133.015 22.3831 158.698 44.2931 112.576 17.7482 89.158 69.6614 115.026 87.127 3.09749 23.4179 111.929 33.9608 16.0579
internal_count=35432 32384 23113 20431 9271 8569 5233 1594 19276 2183 17093 3048 2040 1300 3336 2182 884 3639 2682 702 420 2382 2017 556 482 1155 1122 33 1154 146 1008 464 760 138 622 416 740 605 36 138 704 300 145
cat_boundaries=0 1
cat_threshold=2
is_linear=0
shrinkage=0.05


Tree=11
num_leaves=40
num_cat=1
split_feature=2 8 3 6 1 3 2 2 6 8 1 1 8 1 3 3 1 3 7 3 1 6 6 7 7 3 6 6 6 2 3 9 3 6 1 3 6 3 1
split_gain=613.693 566.758 488.425 568.842 475.682 424.974 5929.16 2440.26 406.351 392.402 532.725 365.697 680.326 331.379 320.98 290.723 246.689 240.467 225.981 217.823 191.627 183.002 231.608 167.881 131.013 55.3804 22.7468 14.7322 14.086 8.76714 7.36021 7.28695 24.9927 4.07385 3.62545 0.279091 0.0117185 0.00937504 0.00841508
threshold=1.4112841446589643e-05 336.50000000000006 290.20509188515808 3.5218981594179666 1.6806149693621319 273.2159852981568 3.1292506028179907e-05 2.9149652966964371e-05 7.6995626247447744 206.50000000000003 2.134126390535076 1.084047791535651 638.50000000000011 1.6019330763971411 275.54001583371854 288.46461293810893 0.95146073967510381 280.69071088518422 84.731158561850307 283.78313194002425 0.4416996895189847 0.9516431783233571 4.3851256147154389 171.68362707396463 50.119906936665579 292.40743830090486 9.2267882670567278 1.0000000180025095e-35 10.058720366228455 0.0019812098428530502 284.09715868177875 0 284.34878810246784 1.0000000180025095e-35 1.6579095868143385 284.09715868177875 1.0000000180025095e-35 280.5478296734039 0.11979895712178582
decision_type=2 2 2 2 2 2 2 2 2 2 2 2 2 2 2 2 2 2 2 2 2 2 2 2 2 2 2 2 2 2 2 1 2 2 2 2 2 2 2
left_child=8 2 3 9 5 6 7 -3 13 10 -2 12 -7 17 -13 -11 28 36 26 24 -8 25 -23 -18 -19 -20 29 -21 -5 -4 33 35 34 -15 -33 -10 -1 -35 -38
right_child=1 4 18 16 -6 11 20 -9 31 15 -12 14 -14 30 -16 -17 23 19 21 27 -22 22 -24 -25 -26 -27 -28 -29 -30 -31 -32 32 -34 37 -36 -37 38 -39 -40
leaf_value=0 -0.043570319912472455 -0.078606769248592681 -0.018526192166012211 -0.097523625344780374 -0.093506304002007948 -0.045887222834502896 0.063037336620452786 2.3605018032366396 -0.095315978461849957 0.031379756192379357 0.047572507220042221 -0.12234863397283008 0.0027888823445320538 -0.22671152321596058 0.016499951927994645 -0.074045428989425871 0.0090236650478662649 -0.12463318066834042 0.096556463026984868 -0.2708878594979342 -0.0057263836985118714 -0.0093663907108201324 0.081322768985318442 -0.10109200448949446 0.029128816090181021 0.1647440557306119 -0.23890586940687566 -0.079630195671892889 -0.14025772779412859 -0.088063986284485959 -0.063344191362262922 -0.12376566755904467 -0.23378137797857909 -0.08916380054560559 -0.089816736396322691 -0.061817192721985208 0 -0.10368858909926548 -0.10715319581437482
leaf_weight=0.039956114953382804 484.43090619216673 1.3479269908275444 7.17435767408461 85.131199901225045 150.11883015616331 1255.1150378510938 176.59190027834848 3.3626787958201021 8.7135971046518552 2372.5450463252491 238.99612489948049 42.366449013235979 1675.4780219383538 0.47983963857404788 1431.7130621498218 66.757446740753949 145.0928171586711 13.945255930768324 144.58799166418612 0.65045432548504223 236.33096311974805 110.55433705542237 192.4399965070188 44.905256011057645 338.42869006516412 39.495796632952988 1.7658028090372671 53.408872136380523 31.23608526296448 14.836538504809139 21.128936538822018 97.216609255643561 5.2085675522685042 47.468613803503104 17.248965276987292 7.4773821239359668 0.028609249158761396 63.178715063957497 50.044369380921125
leaf_count=18 3289 247 27 836 1267 6817 636 10 45 4653 356 285 4654 33 3328 455 472 92 57 27 3626 410 99 365 424 23 17 514 339 116 173 528 39 245 86 71 11 327 415
internal_value=0.00166609 0.00524986 0.0193109 0.0125826 -0.00600447 -0.00327008 0.0449015 1.72103 -0.0425731 0.0188874 -0.0134408 -0.00784323 -0.0180607 -0.0245267 0.0124658 0.0284779 -0.0524126 -0.00429194 0.0649342 0.00848497 0.0237099 0.0723033 0.0482554 -0.0171725 0.0228615 0.11162 -0.0841995 -0.0844845 -0.109588 -0.0665355 -0.0940599 -0.120368 -0.125091 -0.0995453 -0.119106 -0.0824603 -0.107076 -0.0979315 -0.107121
internal_weight=9677.04 8952.37 3979.95 3469.09 4972.42 4822.31 417.633 4.71061 724.667 3162.73 723.427 4404.67 2930.59 588.802 1474.08 2439.3 306.365 456.546 510.855 406.433 412.923 487.078 302.994 189.998 352.374 184.084 23.7767 54.0593 116.367 22.0109 132.256 135.865 119.674 111.127 114.466 16.191 50.1129 110.647 50.073
internal_count=35432 32384 11514 10765 20870 19603 4519 257 3048 8753 3645 15084 11471 2279 3613 5108 2012 1501 749 1057 4262 589 509 837 516 80 160 541 1175 143 778 769 653 605 614 116 444 572 426
cat_boundaries=0 1
cat_threshold=2
is_linear=0
shrinkage=0.05


Tree=12
num_leaves=45
num_cat=1
split_feature=2 8 7 8 3 0 2 3 2 0 0 8 1 5 1 7 3 3 8 2 2 7 2 1 3 3 2 7 3 0 7 0 8 1 3 7 9 3 1 3 7 3 3 5
split_gain=555.327 528.043 619.011 581.073 441.414 611.013 508.595 422.916 387.221 831.847 438.585 366.641 271.492 206.312 203.995 183.194 182.535 230.164 170.258 153.18 102.611 102.451 82.256 67.6436 66.0628 57.3999 35.1431 34.9683 24.722 18.7833 11.8915 8.12957 7.0509 6.68704 4.38881 3.89539 3.85336 3.20039 2.48438 1.9501 1.78192 2.97534 1.31583 0.0604884
threshold=1.4112841446589643e-05 294.50000000000006 312.35096004380779 318.50000000000006 290.20509188515808 297.06914306822284 0.00089627086659400013 285.45005995886669 3.1292506028179907e-05 286.59076163882315 300.80974528903056 504.50000000000006 1.6019330763971411 55.000000000000007 1.3547783609322874 84.731158561850307 283.78313194002425 280.69071088518422 206.50000000000003 0.018723165751682154 0.00041854137968040005 50.119906936665579 0.0038855762925322506 0.77497630100660475 284.54383064451679 284.09715868177875 0.026309742695747856 7.1600327414557867 284.62571203140993 304.86708661488132 32.865342118169757 297.86611418497 196.50000000000003 1.5685065441661699 284.09715868177875 7.1600327414557867 0 284.39377723421381 1.6806149693621319 284.09715868177875 1.0000000180025095e-35 284.09715868177875 284.54383064451679 70.000000000000014
decision_type=2 2 2 2 2 2 2 2 2 2 2 2 2 2 2 2 2 2 2 2 2 2 2 2 2 2 2 2 2 2 2 2 2 2 2 2 1 2 2 2 2 2 2 2
left_child=11 4 3 25 5 13 7 -7 9 -5 -10 12 16 18 19 29 17 -1 -2 23 -17 -19 -22 -4 38 35 -8 -27 -26 32 -15 -21 -6 36 43 -3 39 -38 -16 -13 42 -42 -18 -14
right_child=1 2 14 8 15 6 26 -9 10 -11 -12 33 34 30 24 20 40 21 -20 31 22 -23 -24 -25 28 27 -28 -29 -30 -31 -32 -33 -34 -35 -36 -37 37 -39 -40 -41 41 -43 -44 -45
leaf_value=-0.10100872652298692 0.00034344289764839638 -0.25424696603934599 0.018367203870571995 0.29344731166788246 -0.06772369091580703 -0.033187544893861338 -0.087594435326430048 0.04870931941881939 -0.0092239615840268279 0.0087446261501963295 -0.055218754640531269 -0.10310495078324824 -0.095655348462813039 -0.21062938462015313 -0.12227456546674825 -0.076858409933807548 -0.073550144733370418 -0.11407688596391474 0.03833516784544426 -0.10391035342385768 0.089002565907136552 0.026344663461804776 0.044871831410335856 0.043158598519793111 0.051124348950205768 -0.28793842716293 0.010961058947094291 -0.073774385196023987 -0.064686720810267148 0.010026512076258248 -0.10289628283761226 -0.22947007882909887 -0.14141755766034789 -0.087360171136872722 -0.067553812724114412 -0.14140733625447557 -0.11656365634770582 -0.19256846861474186 -0.084684752302458838 -0.061861312667187952 -0.10857498678258104 -0.074686310791131347 -0.17886200769440405 -0.14095857350277141
leaf_weight=42.917915230733342 367.6011177705368 1.2450465097790573 453.08033857983537 25.768094309605658 10.054256208939483 368.72595894930419 228.53487331268843 274.57347519637551 2519.4887584528187 1107.9902779614204 652.26599298673682 14.213414086145351 84.749299655377399 3.6464853719226111 19.364588722935878 11.164465318433939 2.1423332077683876 13.006468973122535 1496.1700306673883 13.355170712107791 308.75203713774681 339.10451358079445 163.9616965460591 708.42511121591087 12.012107678921895 1.5500925639644254 9.2146659763529879 71.376888705883175 6.7855684773530802 4.648870473727583 16.821214831667021 1.6279443576931942 6.8771973191760472 45.317967102571856 21.569028659374453 67.793221567175351 91.077735638595186 2.4120250865817061 16.319816186791286 8.7331613269634527 13.587109237909315 37.820367747102864 1.4636487065581603 2.4632564238272598
leaf_count=293 2530 15 955 12 84 1156 1243 535 14564 2171 2529 74 456 211 176 74 18 86 2654 384 124 442 358 947 3 18 26 650 82 8 214 14 54 248 177 472 605 17 121 64 56 464 33 15
internal_value=0.00148527 0.00488665 -0.00433039 -0.0130163 0.0208884 0.0130271 -0.0213326 0.00177064 -0.00972653 0.0153463 -0.0186915 -0.0407252 -0.0214809 0.0290973 0.0270403 0.0638313 -0.00429855 0.00761108 0.0308466 0.0314312 0.0702084 0.0209891 0.0737699 0.0335043 -0.0671114 -0.11237 -0.0837387 -0.0803243 0.00846702 -0.0772821 -0.126893 -0.124845 -0.101141 -0.106908 -0.0921756 -0.145328 -0.114067 -0.119592 -0.106629 -0.0892754 -0.089205 -0.0846991 -0.134089 -0.0977881
internal_weight=9669.77 8949.2 5678.45 4447.48 3270.75 2765.29 881.049 643.299 4305.51 1133.76 3171.75 720.578 558.824 1884.24 1230.97 505.459 450.042 395.029 1863.77 1176.49 483.878 352.111 472.714 1161.51 54.4821 141.965 237.75 72.927 18.7977 21.5803 20.4677 14.9831 16.9315 161.754 108.782 69.0383 116.436 93.4898 35.6844 22.9466 55.0135 51.4075 3.60598 87.2126
internal_count=35432 32384 23113 20431 9271 8569 2960 1691 19276 2183 17093 3048 2040 5609 2682 702 1392 821 5184 2300 556 528 482 1902 382 1155 1269 668 85 146 425 398 138 1008 648 487 760 622 297 138 571 520 51 471
cat_boundaries=0 1
cat_threshold=2
is_linear=0
shrinkage=0.05


Tree=13
num_leaves=39
num_cat=0
split_feature=4 4 0 3 1 3 6 8 8 1 3 8 6 6 6 0 8 4 1 8 4 7 3 3 7 3 6 4 6 6 1 3 0 3 3 3 0 3
split_gain=585.347 596.695 584.752 615.282 859.171 518.258 452.376 419.982 557.478 376.625 706.046 568.197 356.682 323.093 400.108 278.59 266.177 237.484 202.308 161.958 148.731 140.788 134.723 133.173 95.7141 90.9819 66.4245 66.0541 45.6425 16.1792 5.29894 5.19508 3.76497 1.11143 1.06032 1.09636 0.991381 0.516365
threshold=0.12680291245982703 0.57998615573382706 293.00319730667843 290.20509188515808 1.63831506676525 275.54001583371854 20.34515073487422 1298.5000000000002 791.50000000000011 1.0262186172697692 275.54001583371854 614.50000000000011 1.5197985596756671 3.0713520419927813 1.7102022514702702 299.62080378759487 292.50000000000006 0.4658607623830176 0.91716432858916985 556.00000000000011 0.074362251367158475 84.731158561850307 277.00300355184646 283.5744619596573 199.97902202345611 283.83216278893616 1.0000000180025095e-35 0.46968358496627055 24.04714216856371 1.0000000180025095e-35 1.0407078420612728 284.09715868177875 298.66531521933422 284.09715868177875 284.09715868177875 271.3724787802924 288.37132145109643 283.99232666833069
decision_type=2 2 2 2 2 2 2 2 2 2 2 2 2 2 2 2 2 2 2 2 2 2 2 2 2 2 2 2 2 2 2 2 2 2 2 2 2 2
left_child=12 2 6 4 5 -4 9 8 13 10 -2 -11 15 14 -3 20 21 28 22 -18 23 -5 -10 24 -1 -15 -25 -19 -8 -17 36 -6 -20 -31 35 -14 -9 -22
right_child=1 7 3 16 31 -7 17 30 18 11 -12 -13 34 25 -16 29 19 27 32 -21 37 -23 -24 26 -26 -27 -28 -29 -30 33 -32 -33 -34 -35 -36 -37 -38 -39
leaf_value=0.05027875578806007 0.044045179700494069 -0.073787080224557142 -0.13472990857194506 -0.074037531979656748 -0.094632293566699444 0.0034833454788358734 0.068676487553056428 -0.083667977205335017 -0.15187499670469484 0.058411935925299502 -0.059593209740629094 -0.11621405002176366 -0.081405382753293232 -0.12192056518141188 0.018771922940753697 -0.18567530677168032 -0.010541622327036287 0.23465234269933433 -0.11270129082606739 -0.24934177225179222 -0.098978089526620197 0.070706138095813095 0.041145090797256645 -0.39593233661096044 -0.091973954248048675 -0.06289425071973892 -0.070766134816923051 0.13480947992430797 -0.096785632139964106 -0.090612776974328249 -0.10835105385984961 -0.075812923984863945 -0.19533444356210572 -0.059342174450963139 -0.074831344316349233 -0.094550210106289681 -0.15858877377514752 -0.064758704471305203
leaf_weight=178.31266813160619 369.7289471460972 206.09476255514892 68.205449087312445 16.997947621159256 200.02501022210345 5283.9130476666614 112.07230446464382 2.5289920533541581 8.7844544257968646 800.81542053981684 294.99616936780512 48.982625934877433 60.245627032942139 122.98574722954072 268.0046348645119 4.5995228978572404 65.264124935027212 30.796389211900532 15.855146769899877 7.4823951674625269 20.149299473152499 470.43934387061745 354.86561797070317 1.7394746950012612 12.186380207771434 144.58271101024002 6.5102015041047707 43.636170126032084 3.8806185583816832 60.082855998072773 13.529660705011336 67.248624759260565 2.8429771987721315 8.1969886198639852 30.580458229989745 177.2438211129047 53.086995521909557 6.8281983134802422
leaf_count=393 860 1721 836 100 985 12039 158 107 78 1676 3883 613 2190 1406 860 106 139 10 213 67 369 443 413 145 158 1405 94 136 298 452 115 446 20 51 325 1691 353 78
internal_value=0.00140638 0.00448559 0.00947325 0.00231916 -0.00266315 0.00170865 0.0353926 -0.0284592 -0.0210613 0.0262359 -0.00195087 0.0482781 -0.0478715 -0.0463359 -0.021489 -0.0102306 0.0522651 0.107949 0.027949 -0.0367063 0.0172283 0.0655777 0.0362666 0.0322506 0.0409356 -0.0902207 -0.158608 0.177476 0.0627042 -0.0948841 -0.147631 -0.0900662 -0.130286 -0.0873901 -0.0896844 -0.0914147 -0.156047 -0.0918349
internal_weight=9644.32 9077.65 7884.48 6179.58 5619.39 5352.12 1704.91 1193.16 1124.02 1514.52 664.725 849.798 566.675 741.668 474.099 298.606 560.184 190.385 382.348 72.7465 225.726 487.437 363.65 198.749 190.499 267.568 8.24968 74.4326 115.953 72.8794 69.1456 267.274 18.6981 68.2798 268.07 237.489 55.616 26.9775
internal_count=35432 29380 22689 15055 14306 12875 7634 6691 6116 7032 4743 2289 6052 5392 2581 1846 749 602 724 206 1237 543 491 790 551 2811 239 146 456 609 575 1431 233 503 4206 3881 460 447
is_linear=0
shrinkage=0.05


Tree=14
num_leaves=39
num_cat=1
split_feature=4 4 0 9 4 7 4 0 2 6 2 1 6 2 0 1 0 1 2 6 2 1 4 2 4 6 4 7 2 6 1 6 0 2 6 2 2 0
split_gain=537.471 540.28 533.401 765.178 576.116 677.867 525.454 463.935 412.818 393.843 388.02 333.32 326.043 324.171 254.167 251.499 333.84 431.628 222.724 308.007 220.665 201.928 180.935 200.936 165.813 148.933 136.62 88.2111 77.5263 66.8234 43.1612 42.614 39.2637 38.2735 11.2219 7.95374 0.180847 0.0138631
threshold=0.12680291245982703 0.57998615573382706 293.00319730667843 0 0.42695668251433977 313.19941927760811 0.20636217979904123 295.67803317024601 1.9616261424104667e-05 20.34515073487422 0.00012072436014775002 1.0262186172697692 1.5197985596756671 0.0045090198531241013 299.62080378759487 0.49343463039204366 299.62080378759487 0.48793280260274718 1.5336149013833736e-05 2.5028769170286265 1.5686266358727611e-05 0.84344292388284525 0.71234982462533314 0.00096647855211880011 0.4658607623830176 2.377123585776836 0.074362251367158475 199.97902202345611 2.2863944192152989e-05 10.968323534984371 0.32531367546991197 24.04714216856371 294.2572807811556 3.1292506028179907e-05 1.0000000180025095e-35 1.4112841446589643e-05 1.077329501875113e-05 292.36399539311736
decision_type=2 2 2 1 2 2 2 2 2 2 2 2 2 2 2 2 2 2 2 2 2 2 2 2 2 2 2 2 2 2 2 2 2 2 2 2 2 2
left_child=12 2 9 4 20 -6 13 -8 18 10 36 -12 14 -5 26 16 17 -10 19 21 -4 -3 29 -24 31 37 27 28 -1 -17 -18 -11 -27 -26 -16 -21 -2 -20
right_child=1 8 3 6 5 -7 7 -9 15 24 11 -13 -14 -15 34 22 30 -19 25 35 -22 -23 23 -25 33 32 -28 -29 -30 -31 -32 -33 -34 -35 -36 -37 -38 -39
leaf_value=-0.18964535431553203 -0.067096125669167353 0.039056211243987775 0.037694673691631486 -0.10757729625541995 -0.063865764459482291 0.060686127338911655 -0.11563224266523792 -0.004245533619727993 -0.11711328401368637 0.067254128375502875 0.002724812625432782 0.050999694266843046 -0.086540746950563061 0.025496755762914516 -0.16521051692597791 -0.096898091151845958 0.056758229063234335 0.065143413559556093 -0.0016330483553244528 -0.094641367902784157 0.011831770512808587 -0.092311214896653684 -0.10634004262180662 -0.0079918147944312793 0.19649960133539868 -0.084564522250725971 -0.088352310896747666 -0.086702850850696844 0.045372853964786894 -0.16964189655971182 -0.023506093540237152 -0.093687434584797294 0.051916979344055349 0.12261850799626579 -0.084322603490891546 -0.13345223132223419 -0.1178380958592134 -0.10399846753356271
leaf_weight=3.0876879710704079 2.9290010576369232 130.5545897266129 1164.3333802479319 266.26688048685901 447.1804039288545 144.02642740053125 101.16886610502843 1163.2272730759578 112.16734962735791 108.81374752800912 637.95765772287268 813.89349396864418 264.08191163814627 54.966938301920891 4.9624389001692171 143.0573715698556 106.73428682272788 45.231500845402479 0.11886043497361498 38.792565353680402 2830.9983480699593 37.153086809266824 85.017398981377482 132.79658131604083 34.923886422067881 4.9271245424170038 26.687533059099223 14.176558669540098 177.19332285877317 42.364663333399221 19.466143980622292 3.8264362745685494 240.75659448280931 45.549022245337255 67.28832887369208 33.377405231818557 44.011744752177037 16.494062511366792
leaf_count=53 42 139 1223 1653 2385 217 703 2470 1424 158 4380 1938 4206 105 106 1734 35 27 12 227 6299 248 706 1082 3 50 447 188 549 602 46 298 104 143 503 169 672 86
internal_value=0.00133733 0.00427304 0.0090234 0.00220379 0.0125558 -0.0334891 -0.0277314 -0.0132041 -0.0271321 0.0338908 0.0252074 0.0297989 -0.0462889 -0.084787 -0.0099561 -0.0523106 -0.0161691 -0.0646663 0.00731285 -0.0274652 0.0193739 0.00973614 -0.0776653 -0.0465577 0.10102 0.0391291 0.0166594 0.0312866 0.0408066 -0.113957 0.0442943 0.0613528 0.0489934 0.155759 -0.0910443 -0.113454 -0.115518 -0.103627
internal_weight=9610.56 9053.08 7864.07 6172.17 4586.54 591.207 1585.63 1264.4 1189.01 1691.9 1498.79 1451.85 557.478 321.234 293.396 686.835 283.599 157.399 502.174 239.878 3995.33 167.708 403.236 217.814 193.113 262.297 221.145 194.458 180.281 185.422 126.2 112.64 245.684 80.4729 72.2508 72.17 46.9407 16.6129
internal_count=35432 29380 22689 15055 10124 2602 4931 3173 6691 7634 7032 6318 6052 1758 1846 5656 1532 1451 1035 783 7522 387 4124 1788 602 252 1237 790 602 2336 81 456 154 146 609 396 714 98
cat_boundaries=0 1
cat_threshold=2
is_linear=0
shrinkage=0.05


Tree=15
num_leaves=42
num_cat=0
split_feature=6 4 3 1 3 4 4 6 3 7 2 8 4 2 8 3 8 2 4 8 1 1 5 1 3 5 2 7 8 8 2 6 4 4 3 3 3 1 3 3 3
split_gain=815.355 606.305 552.645 717.847 680.071 400.608 528.517 520.865 749.15 417.398 309.824 293.056 753.004 383.942 252.569 420.59 280.908 229.404 200.555 177.73 176.065 300.009 161.699 130.98 126.222 98.463 182.874 89.0965 72.8244 49.6104 30.5986 21.1482 18.4505 10.5952 4.93396 3.53093 3.10524 1.20046 0.207281 0.112259 0.0189706
threshold=3.2350278037286926 0.15890962981433224 271.57946000780379 1.1187954419706818 291.48566182454431 0.12973366781979676 0.34820665063086892 2.5822718631408521 290.70837758836302 193.86113549820743 1.4107680623709486e-05 742.50000000000011 0.42695668251433977 0.00057217048607500012 371.50000000000006 283.83216278893616 135.50000000000003 0.00083343488437565016 0.074362251367158475 1198.5000000000002 0.13590095314658321 1.1127366191093959 45.000000000000007 1.136676868679882 283.83216278893616 45.000000000000007 0.00080709725308380012 241.65819264923104 45.500000000000007 2357.5000000000005 0.0094455397742478023 1.0000000180025095e-35 0.066562544351405059 0.1359698678328182 282.46498228254774 284.09715868177875 284.15062259492424 1.63831506676525 272.73305388859347 271.3724787802924 261.77323039372766
decision_type=2 2 2 2 2 2 2 2 2 2 2 2 2 2 2 2 2 2 2 2 2 2 2 2 2 2 2 2 2 2 2 2 2 2 2 2 2 2 2 2 2
left_child=5 33 19 11 24 17 10 8 9 -8 22 12 -4 -13 16 -16 -12 18 25 -3 -9 -22 35 -10 -5 32 -27 29 -24 -21 -6 34 -1 39 38 -7 -33 40 -19 -2 -35
right_child=1 2 3 4 30 6 7 20 23 -11 14 13 -14 -15 15 -17 -18 31 -20 27 21 -23 28 -25 -26 26 -28 -29 -30 -31 -32 36 -34 37 -36 -37 -38 -39 -40 -41 -42
leaf_value=0.0068149224854377232 -0.075640303928817279 0.16837049431619505 0.0018812399390020656 -0.11543951068288945 0.013244732991003753 -0.10530999403181461 -0.065623351609999103 0.09171608939938608 -0.067773847096832651 -0.0063063354918543287 -0.011061320780148369 0.030237182563471406 -0.080350389104127729 -0.028040259511907195 0.021485467326006178 -0.077974686380741204 0.044861662633438812 -0.011719131510729414 -0.082514437009009733 0.064731745239494917 -0.051098740449012359 0.053736613876321886 0.05244981481254516 0.097143387651613775 -0.056535275133977408 -0.10994355079312797 0.060602787150795638 -0.089378402839175419 -0.085867666802209086 -0.092722497127979711 0.075165986575985888 -0.089815764398859008 0.056872195862365305 0 -0.22056097570498745 -0.072001365553164748 -0.061665730895670401 -0.082188424498224111 -0.11504620843407545 -0.087261615108956234 -0.1147559895390546
leaf_weight=23.495457760756835 46.249979874701239 38.599797739530914 1000.2687084450154 283.26741405704524 30.473454656079412 54.86698817810975 552.2810022115591 126.30333936680108 12.773380494676529 640.57410451583564 248.53027850599028 900.9311436759308 385.18590632092673 411.16866085503716 979.42734594771173 118.71782054356299 2297.0824936773861 0.28215875115711053 65.816632220899919 131.21340860053897 97.272230519680306 225.48003728699405 38.126434355974197 141.14284090464935 136.86524189717602 33.427509066677885 28.806806237436831 10.482721539796328 12.125705289887263 4.749905989971011 59.932994949631393 96.153914176509716 91.421817833965179 0.030577725730835392 3.675051602331223 16.738909702049568 17.945761500042863 11.026402830728328 4.4293062291108072 134.06877073016949 54.920820586266927
leaf_count=56 1826 86 2686 1944 34 315 4217 24 94 2769 1088 996 3439 1879 1756 896 3144 77 657 441 653 198 15 67 991 606 4 288 80 162 18 1231 31 5 98 211 226 70 132 1409 489
internal_value=0.00271185 -0.0159142 -0.0104075 -0.0152591 -0.0695959 0.0141505 0.0174842 -0.00483254 -0.0203842 -0.0337897 0.0281276 -0.00496242 -0.020998 0.0119674 0.030753 0.0106979 0.0393988 -0.0365221 -0.00831646 0.0734907 0.0417685 0.0220953 -0.0501407 0.0832495 -0.0963524 0.0193766 -0.0310681 0.0479607 0.0184585 0.0588748 0.0545367 -0.09217 0.0467549 -0.091584 -0.169596 -0.0981462 -0.0857203 -0.110018 -0.111536 -0.0845259 -0.114721
internal_weight=9566.33 3639.44 3393.14 3208.09 510.539 5926.9 5561.44 1795.83 1346.77 1192.86 3765.62 2697.55 1385.45 1312.1 3643.76 1098.15 2545.61 365.454 242.968 185.046 449.056 322.752 121.858 153.916 420.133 177.152 62.2343 146.446 50.2521 135.963 90.4064 122.486 114.917 246.297 8.38652 71.6059 114.1 65.9778 4.71146 180.319 54.9514
internal_count=35408 16763 12964 11987 2987 18645 15527 8022 7147 6986 7505 9000 6125 2875 6884 2652 4232 3118 1354 977 875 851 621 161 2935 697 610 891 95 603 52 1764 87 3799 307 526 1457 564 209 3235 494
is_linear=0
shrinkage=0.05


Tree=16
num_leaves=49
num_cat=1
split_feature=6 4 8 0 7 8 5 6 9 4 3 6 7 0 6 8 4 7 7 0 8 5 8 7 7 8 8 0 0 4 3 8 6 8 3 4 7 8 7 6 3 4 3 3 3 4 6 3
split_gain=740.381 566.241 423.708 656.526 434.387 495.828 429.72 389.606 387.992 520.95 467.133 548.504 518.229 390.048 380.879 350.099 307.809 260.529 348.461 260.386 242.804 243.719 222.602 314.875 204.155 190.615 170.923 163.702 301.714 187.473 151.81 147.762 134.707 131.858 94.1838 83.9081 64.9948 57.3056 45.2873 27.0361 15.6953 14.9886 14.583 5.59929 5.1291 2.44798 0.260125 0.0162789
threshold=3.2350278037286926 0.18044011681310998 1055.0000000000002 298.45169071924118 207.99268240690978 1736.5000000000002 25.000000000000004 7.6995626247447744 0 0.34820665063086892 290.70837758836302 2.9705161329866381 227.02772393596408 295.74173800150555 3.7366164392062573 687.50000000000011 0.42695668251433977 231.56532650037761 126.69354330459269 295.74173800150555 654.00000000000011 70.000000000000014 1335.5000000000002 240.8234350474556 343.0374702238862 2317.0000000000005 13.500000000000002 291.01026939210442 281.02336992536283 0.12973366781979676 270.92876886186144 135.50000000000003 0.75492807673561801 2357.5000000000005 283.83216278893616 0.53013732204425634 168.17304300865592 660.50000000000011 313.19941927760811 0.6879954081193439 286.78966831025627 0.1359698678328182 284.09715868177875 277.41326954251252 284.09715868177875 0.1359698678328182 8.564888721349762 271.3724787802924
decision_type=2 2 2 2 2 2 2 2 1 2 2 2 2 2 2 2 2 2 2 2 2 2 2 2 2 2 2 2 2 2 2 2 2 2 2 2 2 2 2 2 2 2 2 2 2 2 2 2
left_child=8 25 3 6 5 40 34 14 9 20 11 12 -11 27 -5 -9 -7 18 26 -8 21 24 30 -24 -1 41 -15 28 29 -10 -6 38 -20 -27 -3 36 -29 -13 -12 -23 -4 -2 -22 -30 45 -19 -43 -35
right_child=1 2 4 7 22 16 19 15 13 10 31 37 -14 17 -16 -17 -18 44 32 -21 42 39 23 -25 -26 33 -28 35 43 -31 -32 -33 -34 47 -36 -37 -38 -39 -40 -41 -42 46 -44 -45 -46 -47 -48 -49
leaf_value=0.034751025888267666 -0.081889617153139416 -0.11606984918587065 -0.12993286222073497 -0.092387868124612652 0.14834114706684967 -0.12344362501464051 -0.0078088113248814088 -0.063268478921380808 -0.082943321306711101 -0.06858987422861694 0.071240567372842345 0.040872748424800126 0.0045023626679270628 0.0092979953381916291 0.036201051453706889 0.011536535250897786 0.031152496702668411 -0.079412592005555338 -0.090913735376799046 -0.11074431698422958 -0.15783999380697963 -0.21681352428249481 0.041620746073278952 -0.07038632752608201 -0.11679975977348658 0.059734215234012192 -0.094809544579029528 -0.001355678652519627 -0.12323374108344527 0.042955897927276637 0.048535649622057558 -0.070485514260483217 0.018405035968075807 -0.071860865199994572 -0.064107540718427669 -0.087027138236782972 0.064140794857196634 0.10285162390163938 0.13339831244511868 -0.086319971451403632 -0.28807274496638952 -0.09927649947517854 -0.064030869896850529 -0.041827825786664483 -0.066294100061428357 -0.10052315078648229 -0.1145053505706233 -0.098940120397372211
leaf_weight=3168.0753475386882 157.93148485879647 228.41128637292422 84.416789811220951 62.54963499493897 41.322350338799879 38.035856463829987 392.65782549895812 337.49219253775664 35.708027398097329 493.26081094105029 99.515933269169182 172.96041496866383 476.21068206906784 51.765126938116737 664.60250444407575 290.72044404782355 195.19498810335062 34.946831295674201 30.098726689582691 72.384675109060481 15.413691021851266 4.8894221906666671 170.58188779524062 98.586788859742228 21.88915254897438 38.884556498844177 162.65734415422776 45.167592978104949 45.511426911805756 160.75396773463581 457.14953026722651 15.398648221045731 355.33837944146944 12.080695144017229 145.817096147337 10.612301519722676 228.85713688464602 47.869702395284548 43.581439327448606 23.427589565049857 1.5291758449748147 71.373001620639116 7.2835450578713781 3.1018694884842253 24.761210977565497 97.254494786495343 56.244796636281535 12.237321521155534
leaf_count=5279 2741 2248 688 326 21 556 2352 992 708 4081 86 288 1854 119 991 325 336 315 198 443 157 129 173 682 162 32 1260 229 278 368 306 96 734 427 1959 71 231 23 9 217 28 498 66 1026 158 503 483 156
internal_value=0.00259346 -0.0151577 -0.00871272 -0.0213557 0.016811 -0.0321689 -0.0560943 0.000164332 0.0135608 0.0203628 -0.00574447 -0.0164939 -0.0326975 -0.0107004 0.0250771 -0.0286611 0.00570905 -0.0337264 -0.018673 -0.0239434 0.0312287 0.0323872 0.0371905 0.000523608 0.0336914 -0.075686 -0.0696898 0.0221891 -0.00774599 0.0198952 0.0569597 0.07475 0.00974867 0.00279916 -0.0959488 0.0479495 0.053344 0.0545326 0.0906046 -0.112396 -0.134454 -0.0930496 -0.129981 -0.11862 -0.0909815 -0.0953006 -0.106448 -0.0874079
internal_weight=9506.52 3630.2 3281.45 2194.64 1086.82 319.177 839.271 1355.36 5876.31 4589.78 1348.8 1190.3 969.471 1286.53 727.152 628.213 233.231 756.822 599.86 465.043 3240.98 3218.28 767.641 269.169 3189.96 348.752 214.422 529.712 245.075 196.462 498.472 158.496 385.437 63.2026 374.228 284.637 274.025 220.83 143.097 28.317 85.946 285.549 22.6972 48.6133 156.963 132.201 127.618 24.318
internal_count=35408 16763 12426 9636 2790 1608 7002 2634 18645 12447 6437 6246 5935 6198 1317 1317 892 3287 2311 2795 6010 5787 1182 855 5441 4337 1379 2911 2380 1076 327 191 932 615 4207 531 460 311 95 346 716 3722 223 1304 976 818 981 583
cat_boundaries=0 1
cat_threshold=2
is_linear=0
shrinkage=0.05


Tree=17
num_leaves=41
num_cat=0
split_feature=8 4 6 3 0 3 4 5 6 6 4 6 8 6 2 8 7 8 4 3 7 2 8 4 0 6 3 8 3 6 6 0 2 6 6 4 6 3 3 0
split_gain=678.896 542.93 533.917 491.005 608.656 480.142 487.64 422.133 407.051 532.559 403.25 328.174 327.308 455.738 399.678 310.394 278.593 229.587 179.766 171.639 132.736 109.879 121.993 86.3067 85.519 56.731 53.7643 27.0219 21.1699 41.7899 18.3066 15.5176 13.4911 7.57144 3.01885 3.02346 2.19702 0.897768 0.629461 0.420446
threshold=336.50000000000006 0.14207946895851606 5.9396177735422873 273.66541587738766 295.67803317024601 290.20509188515808 0.30677402607273252 55.000000000000007 1.5613755779150575 24.04714216856371 0.34064506409297896 0.67653942077560758 582.50000000000011 3.0713520419927813 0.021037404457587155 153.50000000000003 179.29066480977997 62.000000000000007 -0.18495164297248043 292.40743830090486 87.211403689581928 3.1292506028179907e-05 1901.5000000000002 0.21040419017437087 305.38910579681402 0.9516431783233571 289.60222314652947 2106.5000000000005 286.13534255254837 9.2267882670567278 1.0000000180025095e-35 304.86708661488132 0.0050519896947385 0.46373534288249674 1.0000000180025095e-35 0.1359698678328182 14.514009161934579 272.73305388859347 271.3724787802924 297.86611418497
decision_type=2 2 2 2 2 2 2 2 2 2 2 2 2 2 2 2 2 2 2 2 2 2 2 2 2 2 2 2 2 2 2 2 2 2 2 2 2 2 2 2
left_child=2 18 5 16 12 6 7 15 10 -10 -6 26 14 -14 -5 -1 36 -13 27 24 31 -18 -23 -22 28 -25 -8 -2 39 -30 -9 33 -21 -7 37 -36 38 -20 -3 -4
right_child=1 3 19 4 8 20 11 30 9 -11 -12 17 13 -15 -16 -17 21 -19 34 32 23 22 -24 25 -26 -27 -28 -29 29 -31 -32 -33 -34 -35 35 -37 -38 -39 -40 -41
leaf_value=-0.0063256924191785018 -0.086735037003735596 -0.075518398928887426 -0.087639245132216118 -0.10095152407954421 0.039588194732881221 -0.17936399726948477 -0.11763871659430719 -0.16436454836519743 -0.022607604173261606 0.037131612267343871 -0.097535414110926977 -0.085145042124167181 0.024636202132277095 -0.054332973935574881 0.036283068269939572 0.042028801120801998 0.13424427358376329 0.0025085113488680397 -0.013288284283889749 0.039275615528988353 -0.075413990366512251 -0.096618328980097257 0.056013797271911775 0.089790980973218595 0.01976387685490618 0.056271794883541074 0.018948147813884941 0.058447277725985347 -0.059554799918675461 -0.21034782541321537 -0.086413181590918001 0.015054470912793751 -0.017691499552635933 -0.065085196747808202 -0.080250788811121465 -0.1048660159999189 -0.03492575040410905 -0.15076538669946687 -0.12816263050780954 -0.10303215497648387
leaf_weight=410.88587063341402 3.1393429037707419 3.925864475197165 63.464942075661384 328.00623050838476 794.26030878699385 1.4839505957788848 74.46323001984274 9.682452560431555 1795.0449635753757 470.38982418132946 57.003713233978488 78.499610118102282 305.73006494250149 452.44291932915803 62.948381199676078 1719.0848508657073 43.373779585701413 1372.6983684183215 0.31557311397045795 29.905826963484287 9.7649134863167983 13.226515829097478 297.64682697074022 235.90455923229456 15.29487310152035 284.1456264667213 7.7606149520725003 28.006888911128044 8.2032617316581327 12.183492411742916 51.412695568462368 5.3320699222385874 15.289146505296229 14.595658832695333 284.30864459893201 20.291608835861553 1.4563537699868891 2.5750743549288018 18.005354271444958 46.938110151328146
leaf_count=1652 97 392 650 4188 762 34 762 279 4435 329 352 635 841 3190 974 2503 64 4849 99 12 69 461 411 67 23 382 19 4 133 241 517 8 28 107 4745 184 391 65 217 237
internal_value=0.0024787 -0.0102107 0.016632 -0.00574842 -0.0105888 0.0202916 0.0138394 0.0289725 0.000879445 -0.0101958 0.0303482 -0.00778318 -0.0416844 -0.0224871 -0.0788242 0.0326992 0.0488573 -0.00225718 -0.0712851 -0.0649845 0.0638266 0.059941 0.0493591 0.0687712 -0.0912618 0.071558 -0.10465 0.0425166 -0.104309 -0.152789 -0.100082 -0.0570725 0.0199119 -0.0810244 -0.0828788 -0.0820761 -0.116557 -0.141404 -0.120855 -0.0946637
internal_weight=9449.09 4982.1 4466.99 4643.46 4265.83 4275.71 3724.49 2191.07 3116.7 2265.43 851.264 1533.42 1149.13 758.173 390.955 2129.97 377.635 1451.2 338.637 191.28 551.227 354.247 310.873 529.815 146.085 520.05 82.2238 31.1462 130.79 20.3868 61.0951 21.4117 45.195 16.0796 307.491 304.6 23.3876 2.89065 21.9312 110.403
internal_count=35408 22201 13207 17007 15071 11883 11216 4951 5878 4764 1114 6265 9193 4031 5162 4155 1936 5484 5194 1324 667 936 872 518 1284 449 781 101 1261 374 796 149 40 141 5093 4929 1000 164 609 887
is_linear=0
shrinkage=0.05


Tree=18
num_leaves=48
num_cat=1
split_feature=6 4 1 3 0 3 9 4 3 6 1 0 3 5 2 2 6 1 0 0 0 4 2 2 2 0 3 3 5 2 2 0 2 1 6 4 3 1 1 3 3 6 0 3 0 4 0
split_gain=612.854 504.073 381.726 324.495 537.323 517.948 323.202 440.221 381.247 483.532 369.972 340.121 297.111 248.796 288.832 283.517 272.162 216.81 799.014 373.501 260.739 173.744 159.906 153.003 212.881 265.823 150.561 234.459 144.295 121.612 98.8915 95.2779 78.4762 40.0511 24.1041 10.8572 8.45421 5.28342 2.88108 2.01276 0.837214 0.631344 3.27669 1.73721 0.601952 0.492437 0.263413
threshold=3.2350278037286926 0.18044011681310998 1.5051913065210247 270.92876886186144 295.47851894015361 276.26077879042862 0 0.34820665063086892 290.70837758836302 2.9705161329866381 0.70997741421620109 295.74173800150555 278.05851130258475 35.000000000000007 2.4033192515204863e-05 0.0045090198531241013 1.3909630807785329 0.86653846666955736 300.49721109299435 305.76890720639921 300.28942049117319 0.4658607623830176 0.0037723050190265504 0.00020941447974105002 0.0021766486123624006 281.02336992536283 291.01655374254506 288.3680928548178 15.000000000000002 0.00089627086659400013 0.00032432786590060004 291.01026939210442 0.0046452867344441507 1.3946115515669451 0.9516431783233571 0.1359698678328182 284.09715868177875 1.63831506676525 1.63831506676525 286.18714241754441 284.15062259492424 9.0145130439343077 298.98345720200314 284.44269570850196 296.6325035549346 0.1529349221594106 271.87499684379219
decision_type=2 2 2 2 2 2 1 2 2 2 2 2 2 2 2 2 2 2 2 2 2 2 2 2 2 2 2 2 2 2 2 2 2 2 2 2 2 2 2 2 2 2 2 2 2 2 2
left_child=6 28 3 21 12 -6 7 17 9 10 -9 23 -5 15 16 36 -15 18 20 -20 -1 46 34 40 31 -26 27 -19 30 -11 -2 -25 -17 -23 -10 -30 -13 41 -37 -39 -8 43 -43 -4 -32 -16 -3
right_child=1 2 37 4 5 -7 11 8 22 29 -12 13 -14 14 45 32 -18 26 19 -21 -22 33 -24 24 25 -27 -28 -29 35 -31 44 -33 -34 -35 -36 38 -38 39 -40 -41 -42 42 -44 -45 -46 -47 -48
leaf_value=0.023874230504914759 0.043648338782015128 -0.092817096816888503 -0.10648228590653562 -0.01273283845352413 -0.13420082049757773 0.0088742057048033108 -0.10607036041244569 -0.0018734522810840194 0.1005599665510296 0.061681519722641659 -0.064035797941810357 -0.097121650654235184 -0.075343812149677239 -0.051691035246182793 -0.079719217363383874 0.070056976001701396 0.039158408999343725 0.032455725548952374 -0.097548761928359096 0.052434847176887046 0.109665397437573 0.066991847141139607 -0.070098685039489836 -0.09884556924282896 0.020753817839511225 -0.10875834180299387 -0.090842088455108785 0.079877601869906445 -0.077428576555951742 -0.090518695612386596 -0.078452733401182195 0.065365781085640853 -0.083822871728186213 0.1268389735394182 0.055456687511258311 -0.10370093801554299 -0.06384032282798259 -0.079117200441652241 -0.078104534319881971 -0.12464520718550927 -0.07337240166168435 -0.10371972477124987 -0.18686415395943418 -0.060189547010734146 -0.11911287322567493 -0.09547643888897428 -0.039179531379589468
leaf_weight=687.71113072987646 40.089777428773232 13.504450573003849 10.816135521861726 379.8213913285872 64.658303942531347 2163.594734450453 15.331775249680506 523.48320281517226 92.478937768377364 204.70675192156341 440.82809493417153 197.26468723715516 378.52734001900535 120.69881058626925 52.892473080806667 39.557077184319496 257.20245619735215 1812.1441263802553 202.2686446437001 51.804047855199315 101.31698760617292 84.35688901366666 18.299765591975302 8.7109770113602263 189.55506173102185 49.550158029480372 21.979991340078413 304.62513365049381 155.73064136307221 13.562307811807839 15.666893654328307 244.21943530556746 9.9696574535919336 44.200307439314201 47.896478065289557 97.603521535987966 26.615680992952548 105.15733985754196 24.523238702851813 4.1030542864464215 11.593898094084578 12.587355945375746 2.4721461243461809 6.5424424773082128 4.5795734705170608 42.085526817128994 1.6376375316176552
leaf_count=1777 40 141 78 1725 355 3809 96 2201 14 139 3734 1165 4613 668 588 2 356 2653 1079 61 18 166 137 199 998 1307 101 321 2894 172 417 191 60 2 40 796 191 855 157 88 120 139 16 59 33 257 380
internal_value=0.00236601 -0.0137993 -0.00778568 -0.00414391 -0.00768123 0.00469111 0.0124494 0.0186982 -0.00532278 -0.0150986 -0.0303142 -0.00988384 -0.0440205 -0.0314958 -0.00950822 -0.06942 0.0100986 0.0288247 0.0101227 -0.0669054 0.0349593 0.0691117 0.0673222 0.0211857 0.0275753 -0.00623527 0.0379391 0.0392998 -0.0718681 0.0520163 -0.00167175 0.0595067 0.0384531 0.0880188 0.0854575 -0.0870628 -0.0933384 -0.0879157 -0.0989413 -0.0814325 -0.0937676 -0.108046 -0.123256 -0.0914882 -0.0905397 -0.0872172 -0.0887736
internal_weight=9398.53 3610.17 3271.98 3130.3 2986.6 2228.25 5788.35 4523.11 1341.26 1182.58 964.311 1265.25 758.349 746.286 472.879 273.407 377.901 3181.85 1043.1 254.073 789.028 143.699 158.675 518.961 492.036 239.105 2138.75 2116.77 338.194 218.269 60.3362 252.93 49.5267 128.557 140.375 277.857 223.88 141.678 122.127 109.26 26.9257 32.4181 15.0595 17.3586 20.2465 94.978 15.1421
internal_count=35408 16763 12426 11191 10502 4164 18645 12447 6437 6246 5935 6198 6338 3287 1869 1418 1024 6010 2935 1140 1795 689 191 2911 2695 2305 3075 2974 4337 311 490 390 62 168 54 3847 1356 1235 953 943 216 292 155 137 450 845 521
cat_boundaries=0 1
cat_threshold=2
is_linear=0
shrinkage=0.05


Tree=19
num_leaves=43
num_cat=2
split_feature=6 1 3 3 4 0 9 3 3 6 4 4 6 3 1 3 9 4 0 1 0 2 0 1 1 3 1 6 1 2 4 6 0 6 5 0 6 3 3 4 3 6
split_gain=557.493 466.504 437.517 438.074 337.474 327.055 428.823 563.776 364.552 302.489 295.097 365.503 391.651 509.536 281.155 244.621 242.026 472.147 310.496 183.475 728.065 180.483 215.272 138.111 272.021 136.523 99.0912 99.0628 94.6834 120.996 84.7824 38.3393 32.4823 18.2129 11.5403 11.4263 9.25511 6.37852 1.85518 1.63167 1.01397 0.189882
threshold=3.2350278037286926 1.1187954419706818 291.48566182454431 270.92876886186144 0.15890962981433224 304.06762229828615 0 288.77910641261519 283.99232666833069 5.9396177735422873 0.12973366781979676 0.34820665063086892 2.5822718631408521 290.70837758836302 0.70997741421620109 270.74853579203295 1 0.22782490103860023 300.91309526988442 0.86653846666955736 300.49721109299435 0.00083343488437565016 299.62080378759487 0.13590095314658321 1.1127366191093959 291.01655374254506 1.136676868679882 3.9941152577011549 1.4184231912390615 0.0012851302936578003 0.074362251367158475 1.4220826859979172 302.37988288061973 9.6662565763867097 25.000000000000004 296.42348972956347 1.0000000180025095e-35 284.09715868177875 282.46498228254774 0.13301362179835566 284.15062259492424 1.0000000180025095e-35
decision_type=2 2 2 2 2 2 1 2 2 2 2 2 2 2 2 2 1 2 2 2 2 2 2 2 2 2 2 2 2 2 2 2 2 2 2 2 2 2 2 2 2 2
left_child=10 4 3 15 39 6 7 -6 -8 27 21 16 13 14 -13 -3 19 18 -18 20 -12 22 30 -14 -25 -21 -15 -7 35 -30 31 -1 34 -11 -4 -5 38 -19 -23 -2 -38 -24
right_child=1 2 32 28 5 9 8 -9 -10 33 11 12 23 26 -16 -17 17 37 -20 25 -22 36 41 24 -26 -27 -28 -29 29 -31 -32 -33 -34 -35 -36 -37 40 -39 -40 -41 -42 -43
leaf_value=0.04477001715932185 -0.076556413578226956 -0.070576655874106595 -0.022076652504563476 -0.094024731761959079 -0.058503638514619295 -0.084009796363962053 0.013525425155200136 0.02235066079465842 -0.14695169759521243 -0.080416355100264958 0.035787833439356195 -0.0025251950694774976 0.081966100144234999 -0.066618865949546413 -0.051464841137931573 0.11741146513351691 0.031599445946920456 -0.10803729030233489 -0.08923148373623345 0.039361554258515834 -0.063366133642860964 -0.090520168545440594 -0.10929898009528437 -0.0508237615525736 0.050839409687503959 -0.089062549221645498 0.080195326886984705 0.079421422630905916 -0.086616608301779252 -0.014750892820534834 -0.083379661846340214 -0.0769567940483568 0.072273399089511955 -0.20595693781392002 0.037626547614332984 -0.12047264713088496 -0.081216150260673789 -0.072423560458647437 -0.16535710413589205 -0.093296176534010913 -0.060096354832686272 -0.074937817934563389
leaf_weight=132.69886914204108 89.084348404896446 27.342999098822474 14.98734622448683 85.395398041175213 659.24962886580033 9.2945495791500417 1566.5652345004492 319.81316704791971 35.70508958119899 5.8986519527388728 772.53009809087962 554.25856046882109 123.9526787402574 12.100244040833784 623.88352836418198 45.344908349681646 402.95994584972505 84.169917556107976 60.733076755772345 2025.7720829081372 242.92890674760565 4.8293066392943711 3.2527151712856712 94.713189207832329 212.47718280891422 20.429140819236636 140.94942685309798 201.74195391999092 197.9055383662926 83.689124441996682 15.27446564362617 6.3261849947157307 59.046257860958576 8.6884550068061781 16.393948685377836 125.27453130687354 91.010929892479908 21.383114203345031 4.465641877046437 43.627030140720308 16.415280323475599 69.914602855336852
leaf_count=243 2122 782 28 983 4631 62 3903 645 304 46 1589 2447 24 94 4539 29 891 685 367 2658 1062 209 70 653 198 90 67 69 1366 574 267 136 13 82 12 680 1231 163 98 432 226 638
internal_value=0.00225988 -0.0131766 -0.0513063 -0.0676504 -0.00466685 -0.000974617 -0.00602623 -0.0320894 0.0099015 0.0566837 0.0119335 0.0147995 -0.00388072 -0.0172979 -0.0284562 0.0466286 0.0238671 -0.00605914 0.0156835 0.0294329 0.0120427 -0.0329178 -0.00690521 0.0375066 0.0194466 0.0380555 0.0683764 0.0720183 -0.0845653 -0.0653401 0.0265681 0.0389392 0.0505607 -0.15987 0.0090571 -0.110024 -0.0833231 -0.101245 -0.133591 -0.0824264 -0.0783286 -0.0772647
internal_weight=9332.48 3595.05 655.38 564.952 2939.67 2806.96 2581.33 979.063 1602.27 225.624 5737.43 5393.24 1762.33 1331.19 1178.14 72.6879 3630.91 569.246 463.693 3061.66 1015.46 344.188 227.467 431.143 307.19 2046.2 153.05 211.037 492.265 281.595 154.3 139.025 90.4276 14.5871 31.3813 210.67 116.721 105.553 9.29495 132.711 107.426 73.1673
internal_count=35408 16763 4467 4414 12296 9742 9483 5276 4207 259 18645 15527 8022 7147 6986 811 7505 2106 1258 5399 2651 3118 1354 875 851 2748 161 131 3603 1940 646 379 53 128 40 1663 1764 848 307 2554 1457 708
cat_boundaries=0 1 2
cat_threshold=2 2
is_linear=0
shrinkage=0.05


Tree=20
num_leaves=33
num_cat=0
split_feature=0 5 1 1 0 1 1 2 3 1 4 3 4 0 4 1 2 4 2 4 6 1 6 4 3 6 6 3 4 4 2 4
split_gain=575.227 507.191 417.531 410.355 317.349 704.819 498.816 481.864 404.899 317.169 246.897 221.4 181.922 148.159 139.924 169.057 125.478 116.102 51.1005 42.3958 59.4776 79.4435 24.487 11.9885 9.48003 8.61295 6.86204 1.54484 1.31217 0.169896 0.000208037 2.87809e-05
threshold=305.11026677631202 15.000000000000002 0.2617163166327528 0.34632662799267716 292.80752910886503 1.4520286434215064 1.0262186172697692 4.5501302395223327e-05 274.38369453521005 0.10441349772590722 0.85517274246777575 284.91869374683932 0.22782490103860023 290.32072787057791 0.66345115914180319 0.24586010106606904 0.00010068051613030002 0.3044042607472765 0.026309742695747856 0.21831027418312912 1.3909630807785329 1.4927250715287623 1.0000000180025095e-35 0.21592524118079806 284.15062259492424 1.0000000180025095e-35 0.92740993686406659 283.99232666833069 0.16154921928651753 0.34820665063086892 0.00026776414295065005 -0.18495164297248043
decision_type=2 2 2 2 2 2 2 2 2 2 2 2 2 2 2 2 2 2 2 2 2 2 2 2 2 2 2 2 2 2 2 2
left_child=2 16 9 10 6 7 8 -6 -5 27 18 -8 -7 30 17 -16 29 -15 24 23 26 -22 28 -18 -4 -20 -21 -1 -3 -2 -11 -32
right_child=1 22 3 4 5 12 11 -9 -10 13 -12 -13 -14 14 15 -17 19 -19 25 20 21 -23 -24 -25 -26 -27 -28 -29 -30 -31 31 -33
leaf_value=-0.10619043370292575 -0.10624857811325471 -0.043443424773630307 -0.11540894037120514 0.029951194991786525 0.017375634468909062 -0.030546718188088351 0.033899312435804074 -0.011840240450751625 -0.050297418400982064 0 0.05281800394631081 0.10127997886255008 -0.085493384070949752 0.0047463056695953134 -0.11013024553300926 0.048989332255520011 0.094461060392591681 0.056734120400417233 0.047264095586468394 0.07477349778522252 -0.090140303034835584 0.056289770537017114 -0.076060117866484325 0.13472631404404037 -0.084990992376357044 -0.058023779227353148 0.094245370135936563 -0.074381772575116425 -0.39225370925089853 -0.052974999248200483 0 -0.10067558277816331
leaf_weight=30.072725571168121 7.0842287998530065 0.21070171403698523 101.11461905395845 292.13175358809531 2565.9843267546676 337.92588177285506 776.22026544142864 3135.0408779466234 339.06486759439576 0.015668038860897293 31.783195486059412 144.5547589691123 273.22138488426572 127.17512433449156 31.294538695772644 34.659061432699673 48.806783778709359 700.88055515347514 6.3841537050902826 97.257607946521603 10.594313674722796 55.948028683662415 54.847455267852638 43.230374872684479 47.944642747810576 2.202405319781974 138.20296847308055 13.124653443985151 0.22596855246229097 2.3121527255279943 0.0013201141264350671 17.77983277768362
leaf_count=233 49 9 812 2017 4563 1558 3998 10679 5436 7 14 622 1623 428 268 29 22 753 2 20 63 22 696 2 496 183 21 168 17 35 1 408
internal_value=0.0055548 0.0601415 0.00277148 -0.000935485 0.000817765 -0.00416233 0.0210708 0.00130908 -0.0131544 0.0340218 -0.0735585 0.0445322 -0.0551693 0.0403131 0.0431791 -0.0266971 0.079613 0.0487634 -0.0991555 0.0839545 0.0745917 0.0324034 -0.0813022 0.114054 -0.105975 0.0180013 0.0863991 -0.0976021 -0.342318 -0.0969837 -0.100629 -0.100672
internal_weight=9467.3 458.721 9008.58 8053.57 7864.14 6312.17 1551.97 5701.03 631.197 955.003 189.429 920.775 611.147 911.806 894.009 65.9536 403.436 828.056 157.646 394.04 302.003 66.5423 55.2841 92.0372 149.059 8.58656 235.461 43.1974 0.43667 9.39638 17.7968 17.7812
internal_count=35254 956 34298 32003 30496 18423 12073 15242 7453 2295 1507 4620 3181 1894 1478 297 234 1181 1493 150 126 85 722 24 1308 185 41 401 26 84 416 409
is_linear=0
shrinkage=0.05


Tree=21
num_leaves=45
num_cat=0
split_feature=7 0 1 5 1 5 7 3 2 0 1 2 1 2 2 7 1 3 3 3 4 4 2 3 7 2 4 7 4 5 1 3 3 2 5 0 3 2 7 7 2 3 7 4
split_gain=767.367 667.362 545.807 418.411 386.604 377.089 299.579 295.583 294.387 480.31 379.565 281.511 210.474 199.039 170.895 165.422 128.565 126.116 180.291 175.394 110.895 63.1105 61.5282 48.1456 44.7624 43.9372 40.6205 33.0867 24.3993 16.1584 12.3668 11.4542 9.01225 7.71096 6.84691 14.5666 5.4216 3.97238 2.77472 0.667687 0.490313 0.445582 0.132436 0.0353101
threshold=312.35096004380779 304.75670358112887 0.2617163166327528 35.000000000000007 0.34632662799267716 45.000000000000007 103.60004713272583 285.24661032358813 3.1292506028179907e-05 302.28391118276699 1.63831506676525 0.0080050727639501516 0.10441349772590722 1.4996349543494604e-05 0.00010068051613030002 280.41607418874935 0.79526762770607173 288.77910641261519 286.13534255254837 286.06796341850651 0.27167097143222568 0.29797689676344347 1.4618803540145111e-05 285.30178973788315 345.1446560869386 0.026309742695747856 0.21040419017437087 346.5076829608808 0.49505832628909552 25.000000000000004 3.7034810949599315 283.62677490143557 283.5744619596573 0.027251513462063604 15.000000000000002 297.86611418497 284.15062259492424 1.6944245135874784e-05 7.1600327414557867 1.0000000180025095e-35 0.021581019755416205 284.04064530418037 26.439556029203299 0.21313075811003288
decision_type=2 2 2 2 2 2 2 2 2 2 2 2 2 2 2 2 2 2 2 2 2 2 2 2 2 2 2 2 2 2 2 2 2 2 2 2 2 2 2 2 2 2 2 2
left_child=1 2 6 14 25 11 13 20 10 -10 -6 17 41 22 -3 -14 -16 18 19 -2 43 -19 -1 -9 34 36 -18 -26 -23 -20 37 32 39 -27 35 -13 -4 -22 -15 -5 -29 -8 -33 -7
right_child=5 3 4 31 8 7 12 23 9 -11 -12 24 15 38 16 -17 26 21 29 -21 30 28 -24 -25 27 33 -28 40 -30 -31 -32 42 -34 -35 -36 -37 -38 -39 -40 -41 -42 -43 -44 -45
leaf_value=-0.084442882572620129 0.025162738049203437 -0.093018768338742328 -0.10715310080382551 -0.12927988090511133 0.011683731345861505 -0.072932842593811414 -0.10109226309673483 0.22664578169337377 -0.0099823948270224613 -0.061079226836087776 -0.05761001629688868 -0.092729102695937898 0.053914972681775843 -0.13460244361208462 -0.087961989137358879 -0.10731428277209504 -0.082052486981900735 -0.085228525037401956 -0.15894549183521972 0.12556133400108441 0.065314752735434647 0.050288850654306189 0.065523297408616676 0.14052394280350922 0.028329877010593387 0.046924120287039572 0.079402923039338449 -0.11576853688218113 0.090700803588636761 -0.070953870410858863 0.088951279757830001 -0.099447073442501033 0.043432725796353239 -0.057400469526190226 -0.084755974029389336 -0.19962991294461216 -0.081199288259459892 0.038477499361673689 -0.095577084991889549 -0.027992587066208736 -0.048519097305969802 -0.06687333276518001 -0.07193075595687623 -0.12426249377572546
leaf_weight=8.0027770693413895 1203.3227911114809 15.452275348477995 90.140926746593323 0.41604386984545161 2152.9790058815852 11.755763639113864 19.051979815005328 31.585730372287799 3317.4013549069059 533.58354847502778 217.08153076385497 11.589710238098634 666.9213306454476 9.9053372801572532 11.551351931702809 15.828001167741602 3.5183448074967592 5.8233725959435096 7.7841233145445612 44.706877370364964 36.08676278591156 61.09483140334487 34.820416136179119 43.686481551500037 13.985908779432068 6.1145985582843405 444.90468793874606 4.8612491161911739 110.43869540188462 20.569143506232649 45.91099579166621 5.1959384490037328 3.6712962196907029 1.9177502927486783 24.912826418643817 5.5795543843414626 41.886423365562223 29.596809818176553 51.75874375080457 0.85453638830222189 1.7528699899557976 6.9658457116456693 52.184635343262926 1.3329666703939427
leaf_count=63 1884 236 728 54 4394 244 144 2 19156 2234 1165 239 938 153 107 158 30 32 122 13 2 57 2 48 31 5 154 85 34 223 2 34 4 163 438 40 451 28 513 362 93 95 287 7
internal_value=0.00529793 -0.00143147 -0.0054603 0.0522649 -0.0103926 0.0355293 0.0330959 0.100001 -0.00853827 -0.0170706 0.00532397 0.0269946 0.0447518 -0.045758 0.0682412 0.0500941 0.0737645 0.0314782 0.0259625 0.0288121 0.0523585 0.0709606 0.0367312 0.177985 -0.0763381 -0.0923992 0.078035 -0.0151463 0.0765244 -0.0976202 0.0685673 -0.0691037 0.00272475 0.0195262 -0.105646 -0.132418 -0.0992942 0.0536796 -0.102959 -0.0911244 -0.103312 -0.0935529 -0.0753464 -0.0829082
internal_weight=9428.49 7712.11 7174.36 537.749 6361.11 1716.38 813.254 199.956 6221.05 3850.98 2370.06 1516.42 708.767 104.487 475.427 682.749 459.974 1453.74 1276.38 1248.03 124.683 177.357 42.8232 75.2722 62.6821 140.06 448.423 20.6 171.534 28.3533 111.595 62.3225 4.94188 8.03235 42.0821 17.1693 132.027 65.6836 61.6641 1.27058 6.61412 26.0178 57.3806 13.0887
internal_count=35254 31630 30362 1268 28296 3624 2066 333 26949 21390 5559 3291 1335 731 527 1096 291 2365 2242 1897 283 123 65 50 926 1347 184 209 91 345 32 741 420 168 717 279 1179 30 666 416 178 239 321 251
is_linear=0
shrinkage=0.05


Tree=22
num_leaves=44
num_cat=0
split_feature=7 0 1 1 2 2 7 2 0 1 2 2 0 1 1 2 3 7 1 3 3 4 6 4 7 2 4 2 6 6 3 0 6 6 6 3 3 6 6 6 6 6 3
split_gain=696.297 610.151 497.202 355.302 307.559 286.092 274.8 266.287 530.831 396.928 252.244 236.831 234.733 232.978 192.841 182.591 158.192 151.439 145.412 107.468 194.938 101.951 83.176 79.4815 64.4217 57.561 50.3207 39.4884 31.2735 21.7513 20.3472 16.6524 11.9935 7.35237 5.41838 3.49046 1.99393 1.92908 1.71551 0.948346 0.935808 0.610973 0.0732295
threshold=312.35096004380779 304.75670358112887 0.2617163166327528 0.34632662799267716 0.0080050727639501516 0.0043045490681556508 103.60004713272583 5.2978362084843418e-05 302.28391118276699 1.63831506676525 0.00010068051613030002 0.0025549119301615003 301.59137269428805 0.79526762770607173 0.10441349772590722 1.4996349543494604e-05 284.91869374683932 280.41607418874935 1.0407078420612728 286.06796341850651 284.62571203140993 0.29797689676344347 30.756097573753802 0.21040419017437087 340.20536315402865 1.4618803540145111e-05 0.21831027418312912 0.026309742695747856 15.125594514686322 1.0000000180025095e-35 283.62677490143557 297.86611418497 10.585551269127398 1.0000000180025095e-35 1.0000000180025095e-35 284.76876849219917 283.5744619596573 7.0739712596185846 10.413220257909698 0.47606312132835465 7.479353981457554 4.6409089408419986 284.04064530418037
decision_type=2 2 2 2 2 2 2 2 2 2 2 2 2 2 2 2 2 2 2 2 2 2 2 2 2 2 2 2 2 2 2 2 2 2 2 2 2 2 2 2 2 2 2
left_child=1 2 6 27 5 11 15 9 -9 -5 30 19 16 38 42 25 24 -16 -18 20 -2 -21 28 -15 -7 -1 -25 34 40 -17 36 -30 -14 -29 -4 -13 -3 -32 39 -12 -6 -37 -8
right_child=4 10 3 7 22 12 14 8 -10 -11 13 35 32 23 17 29 18 -19 -20 21 -22 -23 -24 26 -26 -27 -28 33 31 -31 37 -33 -34 -35 -36 41 -38 -39 -40 -41 -42 -43 -44
leaf_value=-0.082517487142139134 0.029238193061579459 -0.027791573356856294 -0.22531165133933687 0.010395107978951997 -0.079389224944979186 0.051458279984833891 -0.0964471317785007 -0.009350396807820396 -0.06562935381806087 -0.05761532001918164 -0.12360053610866935 -0.11842007711163112 -0.085570863672824196 -0.078896946567173401 0.051932570598514832 -0.28061064828846621 0.081215765414995006 -0.10297226861283529 0.16855428000543174 -0.074431902250920168 -0.080662520275056049 0.078154760443235563 0.042061115123155274 0.097213190693676232 -0.099562339563267724 0.064445531326391969 0.060423120462276908 0.046725656090983086 -0.05417527324966076 -0.093188017687569721 -0.078832084214809209 -0.27870868794697889 -0.2202783370841509 -0.056581069244657126 -0.094025365489753945 -0.066227635142449157 0.043125506201759561 -0.14794694671684169 -0.13349511021280602 -0.066638836302906845 -0.10784304676855219 -0.11878048576177108 -0.065600184889462593
leaf_weight=7.7969241206883444 1051.6544860248105 0.84362051817879447 0.61434544005896796 2344.1343870202982 35.344993063947186 116.8082520167809 18.996268777409572 3155.8421165913169 482.75331309153989 235.63515230387566 1.3593723883386761 19.618208160100039 13.779783420264719 8.5336759417550621 658.00871905533131 1.2662415449158277 129.40297211240977 15.694975086720659 77.303986724466085 11.335263261571525 41.464058215264231 158.70974245585967 12.12043465633178 135.50006147287786 7.037437053048051 33.670137395616621 318.61083479353692 5.8480772119946769 1.5023836353211653 59.464037405559793 33.072920857230201 3.2638272696058266 1.8569591417908657 1.8618504248443057 129.81844340241514 12.528686704579739 3.5211622931528836 1.5283518686192099 1.8232488127541717 24.970622834342066 10.826747189275919 1.6501859633717675 6.7608996955677858
leaf_count=63 1459 416 24 5015 605 113 144 18485 2144 1305 9 153 74 122 938 47 46 158 14 106 256 228 30 11 64 2 250 2 205 619 184 28 13 166 1155 85 3 11 27 235 130 15 95
internal_value=0.00504622 -0.00136668 -0.00520063 -0.00988158 0.0339367 0.0381035 0.0318923 -0.00811497 -0.0168266 0.00417116 0.0503844 0.0272992 0.0784687 0.0601217 0.0430863 -0.0445103 0.0874646 0.0482427 0.114231 0.0308114 0.0250299 0.0677656 -0.0740088 0.0686394 0.0424706 0.0360395 0.0715066 -0.0890514 -0.101865 -0.099437 -0.0713433 -0.220745 -0.108208 0.0192428 -0.09554 -0.10236 0.0269433 -0.0840913 -0.0784307 -0.0720146 -0.0872523 -0.0765222 -0.089944
internal_weight=9394.14 7687.93 7158.17 6356.51 1706.21 1643.15 801.658 6218.36 3638.6 2579.77 529.764 1296.96 346.189 490.798 699.461 102.197 330.553 673.704 206.707 1263.16 1093.12 170.045 63.0584 462.645 123.846 41.4671 454.111 138.143 50.938 60.7303 38.9661 4.76621 15.6367 7.70993 130.433 33.7971 4.36478 34.6013 28.1532 26.33 46.1717 14.1789 25.7572
internal_count=35254 31630 30362 28296 3624 2626 2066 26949 20629 6320 1268 2302 324 654 1335 731 237 1096 60 2049 1715 334 998 383 177 65 261 1347 968 666 614 233 87 168 1179 253 419 195 271 244 735 100 239
is_linear=0
shrinkage=0.05


end of trees

feature_importances:
dewpoint_k=211
ndvi=135
temp_mean_k=116
slope_deg=113
precip_total_m=105
wind_speed=94
aspect_deg=77
elevation_m=74
landcover=23
region=18

parameters:
[boosting: gbdt]
[objective: binary]
[metric: auc,average_precision]
[tree_learner: serial]
[device_type: cpu]
[data_sample_strategy: bagging]
[data: ]
[valid: ]
[num_iterations: 2000]
[learning_rate: 0.05]
[num_leaves: 63]
[num_threads: 0]
[seed: 0]
[deterministic: 0]
[force_col_wise: 0]
[force_row_wise: 0]
[histogram_pool_size: -1]
[max_depth: 6]
[min_data_in_leaf: 10]
[min_sum_hessian_in_leaf: 0.001]
[bagging_fraction: 0.8]
[pos_bagging_fraction: 1]
[neg_bagging_fraction: 1]
[bagging_freq: 5]
[bagging_seed: 3]
[bagging_by_query: 0]
[feature_fraction: 0.8]
[feature_fraction_bynode: 1]
[feature_fraction_seed: 2]
[extra_trees: 0]
[extra_seed: 6]
[early_stopping_round: 0]
[early_stopping_min_delta: 0]
[first_metric_only: 0]
[max_delta_step: 0]
[lambda_l1: 0.1]
[lambda_l2: 0.5]
[linear_lambda: 0]
[min_gain_to_split: 0]
[drop_rate: 0.1]
[max_drop: 50]
[skip_drop: 0.5]
[xgboost_dart_mode: 0]
[uniform_drop: 0]
[drop_seed: 4]
[top_rate: 0.2]
[other_rate: 0.1]
[min_data_per_group: 100]
[max_cat_threshold: 32]
[cat_l2: 10]
[cat_smooth: 10]
[max_cat_to_onehot: 4]
[top_k: 20]
[monotone_constraints: ]
[monotone_constraints_method: basic]
[monotone_penalty: 0]
[feature_contri: ]
[forcedsplits_filename: ]
[refit_decay_rate: 0.9]
[cegb_tradeoff: 1]
[cegb_penalty_split: 0]
[cegb_penalty_feature_lazy: ]
[cegb_penalty_feature_coupled: ]
[path_smooth: 0]
[interaction_constraints: ]
[verbosity: -1]
[saved_feature_importance_type: 0]
[use_quantized_grad: 0]
[num_grad_quant_bins: 4]
[quant_train_renew_leaf: 0]
[stochastic_rounding: 1]
[linear_tree: 0]
[max_bin: 255]
[max_bin_by_feature: ]
[min_data_in_bin: 3]
[bin_construct_sample_cnt: 200000]
[data_random_seed: 1]
[is_enable_sparse: 1]
[enable_bundle: 1]
[use_missing: 1]
[zero_as_missing: 0]
[feature_pre_filter: 1]
[pre_partition: 0]
[two_round: 0]
[header: 0]
[label_column: ]
[weight_column: ]
[group_column: ]
[ignore_column: ]
[categorical_feature: 9]
[forcedbins_filename: ]
[precise_float_parser: 0]
[parser_config_file: ]
[objective_seed: 5]
[num_class: 1]
[is_unbalance: 1]
[scale_pos_weight: 1]
[sigmoid: 1]
[boost_from_average: 1]
[reg_sqrt: 0]
[alpha: 0.9]
[fair_c: 1]
[poisson_max_delta_step: 0.7]
[tweedie_variance_power: 1.5]
[lambdarank_truncation_level: 30]
[lambdarank_norm: 1]
[label_gain: ]
[lambdarank_position_bias_regularization: 0]
[eval_at: ]
[multi_error_top_k: 1]
[auc_mu_weights: ]
[num_machines: 1]
[local_listen_port: 12400]
[time_out: 120]
[machine_list_filename: ]
[machines: ]
[gpu_platform_id: -1]
[gpu_device_id: -1]
[gpu_device_id_list: ]
[gpu_use_dp: 0]
[num_gpu: 1]

end of parameters

pandas_categorical:[]
